beta,diag,seed
1.487937999239917,0.14094277082930926,0
1.8700005738151653,0.11017722730915815,1
1.666155894508034,0.11789835802644519,2
1.626130175999058,0.12286851008842942,3
1.8283173531770582,0.10339371722576712,4
1.8146872661325273,0.10106062058765143,5
1.7453509481903855,0.12251799651104073,6
1.8462066323682915,0.11316288093876985,7
1.5134928556117662,0.1388334897973923,8
1.2852590478709178,0.17186150897985913,9
1.5922619260788693,0.10102741049781383,10
1.780544515510989,0.11142189300428133,11
1.9776389248493773,0.10133558906533201,12
1.9389312466236142,0.10106007841649017,13
1.9000882210968681,0.1085440336357115,14
1.6389316056487302,0.12856084545262014,15
1.5625677435392384,0.13655067824822448,16
1.7438427356194843,0.11500918311442891,17
2.0369342720676853,0.1146198876182449,18
1.7701180305855642,0.10052828926658114,19
1.6263511213752881,0.12888574312256043,20
1.430592479197929,0.159021089383065,21
1.6872514804850458,0.12085626416592612,22
1.9996640688060325,0.10800435179137893,23
1.7861806570627532,0.10141576425126493,24
1.960882435799604,0.11209886295474744,25
1.780432583897722,0.10198381891127432,26
1.465527595845889,0.1320452892373151,27
1.5485824099155876,0.13597088587611506,28
1.662025218580148,0.11886859031896933,29
1.765099824106888,0.11716847981536212,30
1.5398870834112233,0.12181771839647954,31
1.5055535035013423,0.1562353136739616,32
1.3055047198158836,0.17071426736623294,33
1.9430378599508416,0.10819540098195615,34
1.8737727351708098,0.10077430153381135,35
1.734812825132083,0.11840218583051443,36
1.7142558759058435,0.12920026899872988,37
1.5874026224833955,0.1406731238793683,38
1.7590658852314718,0.10541308896839857,39
1.8692598296872034,0.1119479149502715,40
1.629485960258557,0.12351240266864855,41
1.3279794318051295,0.1411648877090715,42
1.5829422615503668,0.1447485134914011,43
1.8197290966836954,0.12126810542617318,44
1.6264249855847246,0.11575052116151671,45
1.673647288151103,0.1145552338757606,46
1.4968798957936889,0.13571023087006046,47
1.7381156789551322,0.12311039449048775,48
1.4463329750801444,0.16035886771884195,49
1.9087992839163133,0.10627663708784907,50
1.7094882702570238,0.1192894197786312,51
1.6903305682591314,0.11900867323044557,52
1.918492453218636,0.10377534756733155,53
1.9038935044102718,0.10556060105515888,54
1.9258650049734565,0.10162729636264653,55
1.6037124276607817,0.1057791762646241,56
1.7782139131601096,0.10218488967675246,57
1.502868864390746,0.12242275852066958,58
2.0081687517008264,0.10494985098656577,59
1.8169998413523525,0.12025513407952652,60
1.7673056300417995,0.11919894791680018,61
1.7968026295115866,0.10366941383863304,62
1.6302632359286218,0.11342320510560935,63
1.4768223945722438,0.1318179413268395,64
1.6188807618550407,0.14333656971216618,65
1.8875504823599873,0.10021543083839977,66
1.5899080174660385,0.11862139229842844,67
1.9992424932680057,0.10857576234805746,68
1.1977440531962245,0.18835537693348237,69
1.9103524988705551,0.10389856243830273,70
1.7966440832092707,0.10660202237908593,71
1.925599966387258,0.10911977362584441,72
1.7830283709740706,0.11004340257992183,73
1.677978853962532,0.12254139980549165,74
1.8958036525700865,0.1100176825723617,75
1.4545299005908068,0.12996709787169775,76
1.6593225014183235,0.11654309412669929,77
1.6328726016263757,0.1184612193893248,78
1.8259494118183286,0.11271890109278812,79
1.7679220052678173,0.12070400507688556,80
1.426661420431922,0.1546214535521818,81
1.4368788337470333,0.14912139475417924,82
1.496098443045282,0.1501738048285986,83
1.8971328601151813,0.11418056973210908,84
1.9706794672969317,0.10202745498587638,85
2.003345060994042,0.10274226460621094,86
1.6943888421866182,0.10907261292538131,87
1.6409868304869928,0.12805088640611703,88
1.7654818887631585,0.10294709088152693,89
1.432881465503502,0.13031030757119375,90
1.7202037969337627,0.11800953652971022,91
1.535794881912837,0.13781388682938608,92
1.8007292586730077,0.10410348304794559,93
1.3669508962007673,0.1573964599206326,94
1.6895319715705066,0.10735727071533722,95
1.6019624629505795,0.11729850083259585,96
1.4483149175133698,0.14965502857837273,97
2.005464489883248,0.10067783718601062,98
1.7709638608018896,0.10207016051951952,99
1.7890100620200735,0.10801277439453236,100
1.7958485531749768,0.10411050295823245,101
1.8032736370702185,0.11696467731279582,102
1.751932038189624,0.11307423825012544,103
1.8628635254022041,0.11481834576000655,104
1.9574910332719233,0.1076743642642626,105
1.8383093246672795,0.10426493062175346,106
1.4804453090394958,0.13831591692320133,107
1.7104719250528682,0.11298921734083847,108
1.58368783883197,0.11490256603904252,109
1.6338192771595839,0.11863811740723004,110
1.8847751693447874,0.10934201642836262,111
1.7521568529471014,0.11606837228430296,112
1.6361435575363779,0.11500796873692726,113
1.7113749896992314,0.11457697900476055,114
1.8781210202044742,0.10873766503547218,115
1.8311766556402007,0.10330088759185987,116
1.5539873472639494,0.12050683939923244,117
1.8040039501045544,0.11141577395087164,118
1.7255630756859117,0.10770481926078822,119
1.4211971952155642,0.16960265310754927,120
1.7120858143688416,0.10853133919753516,121
1.6430601116428758,0.11251735867312818,122
1.8335660372644846,0.11353772357080692,123
1.4246264887129723,0.13294755098170372,124
1.7380495905400788,0.11000454665677938,125
1.4658825033071705,0.12363827345548435,126
1.5682807703940127,0.11040562859104457,127
1.5410919832102183,0.12258764702673049,128
1.8142921950022082,0.10193815333862076,129
1.7257269230092636,0.10157632915401471,130
1.5227747739262083,0.1409883834482681,131
1.6844074052309055,0.10158989623327203,132
1.7553959770849992,0.11667171619015579,133
1.6814206850677995,0.1156175859887866,134
1.6165094558126665,0.10939516411974808,135
1.6391419870430533,0.12303039962885426,136
1.7269164434291546,0.1157173800910844,137
1.6026808191035649,0.1286481821908413,138
1.5351784475215524,0.11085052399665761,139
1.5254973944258206,0.12302592033699876,140
1.6999663037977681,0.1153849806640232,141
1.7578726472716537,0.10580026222279915,142
1.6934938624216962,0.11671290022302996,143
1.8659503137109066,0.1110508483751888,144
1.5843990804852082,0.10260603221610223,145
1.7839019740318056,0.1190661340781651,146
1.4798214578224556,0.14281901032558103,147
1.8043323343605233,0.10031815209772726,148
1.7956263649975703,0.11216873305277894,149
1.5157184753020443,0.13098508971023756,150
1.781256636606696,0.10643230513594956,151
1.7191077521158968,0.11181990047454753,152
1.66207542690311,0.10947524382656257,153
1.7926597013492025,0.10061147324683026,154
1.6988836527865023,0.12209242173560418,155
1.7907523921594313,0.10722290150359952,156
1.3833134816628152,0.13550688742279515,157
1.6813122976184982,0.10629240658559788,158
1.9196554944504334,0.10036688945115693,159
1.4660044013414064,0.1452045418248762,160
1.6763999660872482,0.1102997425050402,161
1.9308365177267717,0.10722683917388723,162
1.3527520080613311,0.14475758075170972,163
1.9239609499346348,0.11457153125875845,164
1.8262739165345854,0.1042230200994119,165
1.395546885374153,0.1217553027590488,166
1.9698996942983154,0.10022503796435404,167
1.8859935056468093,0.10476538908799259,168
1.6946339489134752,0.11397467282328845,169
1.8536404398997066,0.10494073993653634,170
1.6995929573059936,0.10581992949631198,171
1.8824683044518755,0.10977808369831847,172
1.6727765401590151,0.11246015162304174,173
1.941054468100469,0.11015352413712232,174
1.6874975565389205,0.10820898773927554,175
1.8710579115286408,0.10379303948137666,176
1.7204633762240429,0.120506838789836,177
1.9439039373963836,0.10478137568494443,178
1.8434553411122034,0.11204017649649244,179
1.6999315770190524,0.10176111810325432,180
1.5311330814395143,0.1398232024121002,181
1.724352500045725,0.10378567313831695,182
1.850403905990822,0.11708687282202669,183
1.744279838554362,0.10563950402504638,184
1.8212806419585887,0.11755270081893711,185
1.635820253650737,0.13008469670059447,186
1.6913673317353835,0.11130899358392611,187
1.2730293448952248,0.17577804511590736,188
1.7854566824101759,0.10410476036566128,189
1.6673481269746775,0.11734860974346276,190
1.5431279163647431,0.1276484085694395,191
1.8473909032325089,0.10358079895766205,192
1.7172527857969155,0.10439660943411219,193
1.6608990925569125,0.12130616931608385,194
1.6963131687370172,0.10613351682233241,195
1.4892160618400814,0.15258356104927775,196
1.9011465729358388,0.1048497656695017,197
1.5330103667650723,0.15153850845128752,198
1.4678564486096093,0.14980699002192144,199
2.037547904100809,0.10009697099763061,200
1.8516075493392705,0.10985580574812767,201
1.7098913270328424,0.11748777532109278,202
1.7777162972610532,0.11271399706451761,203
1.870092420829229,0.1131201203536254,204
1.6000495855430763,0.12114400004327124,205
1.629919981934595,0.10230846839077559,206
1.4959894491594614,0.1159577409240926,207
1.6706788259274565,0.11412363427326119,208
1.5440400369613518,0.12287948472855785,209
1.6493076755822245,0.11366677394198847,210
1.7170445164734383,0.10786051374128182,211
1.6140191115305487,0.10875307111943212,212
1.6687769254649463,0.11282056296249318,213
1.738701161554223,0.10858326235127858,214
1.7137988777782356,0.1123564684314797,215
1.5686512511062525,0.14014219367074907,216
1.7989855074145027,0.10731145700568476,217
1.592273386748775,0.10408622945822951,218
1.7307592026088567,0.11265950531511969,219
1.7548871135891484,0.10675514028961304,220
1.72347778126071,0.11251958716193616,221
1.6698030684097016,0.11968658570944476,222
2.011438272163984,0.10159304978028891,223
1.7433137266815437,0.11269001379687194,224
1.6166852635599824,0.11703137556655083,225
1.6210488176304152,0.11205840845180025,226
1.9277152021833672,0.10334611312058829,227
1.7708974948644067,0.12392805640936232,228
1.9126996874280173,0.11214667815774067,229
1.5547479213193187,0.13418939797260035,230
1.941792430875724,0.10590925162664255,231
1.787481154145812,0.11815110748925794,232
1.8582428099173158,0.10040491821695831,233
1.8152223881748306,0.11185553700330024,234
1.702156548718907,0.10894560494308354,235
1.6279283468339298,0.12857293111016677,236
1.3680133314692964,0.14173934445367928,237
1.5673000889932445,0.12511219721718372,238
1.8066866695195625,0.11523960661078231,239
1.7570741535078251,0.10625029635952346,240
1.7479810481679197,0.11253966029469341,241
1.7837839875917183,0.10668809603750311,242
1.7450169405459475,0.11279622566788579,243
1.7520654089778958,0.10098442744752922,244
1.7134952931933989,0.11056684527624694,245
1.695653380195174,0.1157002449203845,246
1.740796815404613,0.11402844954271327,247
1.89261491596065,0.11833111070715172,248
1.6171198351013731,0.12801257058282178,249
1.9556839496724,0.1028938544252667,250
1.6598165029651164,0.11311269419567749,251
2.076489921856154,0.10421314930617502,252
1.8411683059768789,0.10001609750751642,253
1.5088080008214422,0.12178866994906384,254
2.0681802700620233,0.10253921030127361,255
1.657175770454145,0.12294534249248631,256
1.6888797883909894,0.11882299413007207,257
1.7410299187425204,0.10872134336504541,258
1.3312657619613033,0.16858328476021767,259
1.4974281494881463,0.155578971524514,260
1.8928404007362702,0.10698699160341087,261
1.6078478204934412,0.10864683385225984,262
1.834978550580174,0.11097656237286019,263
1.4475248136181385,0.15438256093995714,264
1.6604930995814282,0.11657538075880709,265
1.7569181552505242,0.11750775728750522,266
1.6878449968165374,0.12183513872041449,267
1.4556463964738935,0.12450521433926197,268
1.92872160306328,0.10479392156152922,269
1.5427360843499227,0.11046276460228135,270
1.7354474124464583,0.11895067874584588,271
1.6520200695550353,0.1223747472418613,272
1.5013164069986202,0.14409894135049242,273
1.643867292314724,0.11948453594978033,274
1.4121467152190517,0.13417263816335212,275
1.74988464618081,0.10844786407428478,276
1.9086293008004653,0.11220842135121467,277
1.852821892634845,0.10188323229377005,278
1.3917828958648064,0.1570820232868712,279
1.5621177561665256,0.1310127289227385,280
1.655937346790305,0.11404337506578208,281
1.8501659927054601,0.10828079911742985,282
1.8382020639138237,0.10634372650733473,283
1.7698107784934263,0.10573636590905995,284
1.8395548757832132,0.10138693728628656,285
2.0107518205038697,0.10222694446273821,286
1.4566369613734165,0.14486927343933076,287
1.7061390849704068,0.1107121503527968,288
1.8990925422676574,0.11104905805152859,289
1.659694549491672,0.1307362955504313,290
1.5698449090737407,0.11505477411040002,291
1.5297706479186863,0.12501121807263116,292
1.8962660005278247,0.10980333066876219,293
1.577950113846686,0.12044760172932295,294
1.9224833129880627,0.1006077360783751,295
1.2046883965119763,0.1791005813812801,296
1.5545767090236275,0.12344590536399955,297
1.593469759572825,0.13342630916574294,298
1.8046350070511175,0.10796456219961972,299
1.8203030105221722,0.11759766606160375,300
1.8516251190225608,0.11114459345545519,301
1.8832875623738248,0.1089160112751128,302
1.612263722319908,0.10020582571167028,303
1.6361003005149355,0.11496351072900089,304
1.4819540514813339,0.13279344711549182,305
1.510988917607941,0.12279176928819642,306
1.5683847874250505,0.12825634507773548,307
1.6461703734318045,0.11506461516936321,308
1.6205082719993724,0.12051455419906146,309
1.484694149002255,0.13578441141792896,310
1.6094985329584388,0.11379093384812296,311
1.4949311763886333,0.12280916921535237,312
1.831721748628619,0.10859615136865958,313
1.41648569156446,0.1559262394403712,314
1.874117374633655,0.1057142273709938,315
1.698325230033914,0.10798369143458085,316
1.842490921977538,0.10056955165453665,317
1.7660595583834522,0.10004512594609608,318
1.733968948220598,0.11261563461651233,319
1.9315264983044367,0.11063189661119373,320
1.7889381782435156,0.11443704244287206,321
1.9672618409741498,0.10705203324073555,322
1.6206159161612732,0.13283434459896049,323
1.6352800461800059,0.1199552742182091,324
1.7608444550432583,0.10663279562572459,325
1.6732177572028746,0.10802367654352293,326
1.9246056638575733,0.10473846445537517,327
1.8226643976813484,0.11009704953128376,328
1.9342328659736818,0.10909762653446389,329
1.830289601403406,0.11096190879326899,330
1.8641103011567066,0.10641296286279125,331
1.6903696584530579,0.10661203622997764,332
2.0487822500300883,0.10308725623711827,333
1.4771499572930664,0.15016920286950708,334
1.5775423060714784,0.1278969031934973,335
1.7263097326927845,0.11151531937224861,336
1.835122532802035,0.10306040459914742,337
1.6549897705878416,0.12121144283889577,338
1.8851371691687588,0.11356963860838462,339
1.761935651832272,0.10780751576950756,340
1.7711416966436129,0.102803269801065,341
1.6006703532130935,0.10872151473085225,342
1.7003454107323603,0.10186747879315584,343
1.7496446035933064,0.10572652497419309,344
1.8242122489438466,0.1077852386979673,345
1.4370452786085566,0.16512451868289843,346
1.7845514316917568,0.10279146361665899,347
1.6569073146649977,0.11394961844318735,348
1.2817778607967998,0.18665453095190193,349
1.7453777606376357,0.11433280023636916,350
1.693876738197109,0.1204155340391926,351
1.8812536911576705,0.10045896609681408,352
1.346425742969517,0.15651028896236732,353
1.6754887777817045,0.11077908775762263,354
1.49527950458601,0.1518600400006786,355
1.7681876189973922,0.12209884506493189,356
1.8263260392668934,0.10936039629165359,357
1.9342000113908424,0.11089311702490859,358
1.5815703878354412,0.11557118893288013,359
1.8751856770980846,0.10015672675195934,360
1.3256756953676883,0.18246504538916922,361
1.804676260728598,0.10117563692887337,362
1.8061956803985504,0.11148929925871204,363
1.4392215276893907,0.13619905146379166,364
1.6525433075928708,0.12389507425416826,365
1.7428405061400651,0.11309268305232831,366
1.7875165596787554,0.10558572108273229,367
1.8610408643377336,0.10953421747103607,368
1.6046724670019832,0.11148816045047709,369
1.5512395839572355,0.161007035521673,370
1.6290162716390415,0.1198289005521438,371
1.9758622078245427,0.10409687579321662,372
1.4104244370620402,0.16096896525442547,373
1.6279422870462983,0.10526772625075136,374
1.54296258719262,0.13868461633166274,375
1.4938418172421641,0.15136420378679297,376
1.5869195361399995,0.12181985392620659,377
1.427004061040893,0.13185245561639594,378
1.6089351359691568,0.11888388499858882,379
1.5597418104441008,0.11041718473734831,380
1.976000436083821,0.10159316525061599,381
1.7570769995378102,0.11342723460145797,382
1.658834049230098,0.11854000788834133,383
1.9234258536232656,0.1018396441488498,384
1.643084203299808,0.11965019950456143,385
1.8453652618473178,0.1075649619567742,386
1.6051154369921319,0.12649727428798113,387
1.6613123879643512,0.11877442851200233,388
1.6183982797841616,0.11904337699677553,389
1.51767332642293,0.11728390473473194,390
1.7892371721690061,0.11925812258359753,391
1.8326820306919207,0.1142410885568905,392
1.6522187671748094,0.123884531157732,393
1.9048722675761602,0.10793083069088873,394
1.1454493228963232,0.1927078886649157,395
1.6485050378131576,0.11042411514717568,396
1.9474595880109091,0.10809642345713241,397
1.4898563085008532,0.156056284246225,398
1.577068764566982,0.11306856514679665,399
1.4178958164005249,0.14782626629094536,400
1.6589636812787643,0.11903935630444223,401
1.6410653032657272,0.12548174734578293,402
1.8429429434350908,0.11003154314184926,403
1.6613063148135492,0.12373463935088266,404
1.5476872887588071,0.13784521621468143,405
1.4689015892383632,0.1275385484434768,406
1.8610198835267224,0.12501224410049003,407
1.5137398561607074,0.14208807703031712,408
1.6749585422909066,0.10432512038053916,409
1.8113808372305558,0.10624963490857962,410
1.369832535141062,0.1652409473218529,411
1.7448956252990344,0.11620563670392185,412
1.6518367174822361,0.10555846120057905,413
1.4796366066350304,0.12995912166497797,414
1.8519845915963582,0.10934163404701804,415
1.6892015804834655,0.1222143077948741,416
1.874314769711374,0.10424119352906086,417
1.8185236489318426,0.10419172743086329,418
1.4251758941252233,0.15220931266192958,419
1.591302869311887,0.11497763048632813,420
1.7148296301283217,0.10261287093422124,421
1.4435666845359052,0.1413975726184982,422
1.770164042197564,0.10884716958852789,423
1.639084742661216,0.10372996677499319,424
2.05811500920138,0.10626526370993017,425
1.9841005229455018,0.10117574013052864,426
1.7527389043443815,0.11038460159077997,427
1.6800388337714678,0.12127224531447768,428
1.8909671338602116,0.10510847769776585,429
1.7444932174908105,0.12032174865210463,430
1.9531781672976198,0.10223093428565859,431
1.607486120103117,0.10615425729121475,432
1.7939991995085447,0.1036043123837658,433
1.7998162533655682,0.1031005485855183,434
1.6820692728911948,0.11668092547314886,435
1.705897104374546,0.11250812174016278,436
1.404813695515605,0.17257949335538592,437
1.8309175041907928,0.11190474139475197,438
1.6961222765266846,0.1139594400491466,439
1.8152631763356317,0.10638195574487908,440
1.6645457115267062,0.10288685196701061,441
1.5538459237933187,0.11964942993610769,442
1.6113080474943162,0.10426559428970959,443
1.6033064648338502,0.11584121190968093,444
1.580978699094321,0.11633553884314438,445
1.6522524556251572,0.10928351907470872,446
1.698052372778006,0.1296735731137204,447
1.9657039396485851,0.10020546704569516,448
1.8890224176308705,0.1046619760785261,449
1.7108351216466282,0.10830174708137057,450
1.4248017884449713,0.1605274469744412,451
1.6357645865118584,0.12708072255268876,452
1.9401073495592303,0.10790580833143149,453
1.6653610979146243,0.12210273223060837,454
1.1458374133249574,0.17833302667239684,455
1.7299475763463534,0.10644093916552853,456
1.513554693098601,0.12293391368240768,457
1.6401359707969747,0.12051349197248107,458
1.5853633554472806,0.12613580991309672,459
1.8416079113641228,0.11264026494792402,460
1.4950313228244152,0.13661030371864824,461
1.6492533724007863,0.13424558313840057,462
1.39947893659209,0.13165277888193785,463
1.9244211495629826,0.10151452318999223,464
1.890730765404692,0.11473032369161948,465
1.5696018528688984,0.13785075406502978,466
1.74229033640711,0.11906626142510071,467
1.4174797662528933,0.13690036586892718,468
1.5344421537927915,0.14299286674923972,469
1.722592165632781,0.10933789498527707,470
1.473142292441916,0.14709449629214583,471
1.5154294970218447,0.13925764254431255,472
1.6347657521874752,0.11577771885674108,473
1.9655773621603043,0.10255792289747744,474
1.7314063053606443,0.1126681165325514,475
1.8525610074745538,0.10235737909312848,476
1.788989664636207,0.11120586515201332,477
1.8141437097778976,0.10005511188779107,478
1.7454685578462994,0.10712778528257637,479
1.7371534049341415,0.1029998097844222,480
1.9378256157651175,0.10483559227122885,481
1.882887434453274,0.10504068144807421,482
1.6832249656725076,0.10338486027921016,483
1.569795764150502,0.1134365444630544,484
1.6059480215406876,0.12146411355011694,485
1.3578391167198265,0.12818159116092998,486
1.57682409354964,0.11713712616686628,487
1.9489832117389436,0.10691102783232269,488
1.6019909322897485,0.12885867085822567,489
1.675090513612954,0.13923384811635658,490
1.8843735744082664,0.10056177189430156,491
1.738742247411964,0.11034661376492554,492
1.9692238860850395,0.10332062326593466,493
1.6253511208480433,0.11480656145933073,494
1.3771328651292356,0.17119841851490775,495
1.5462590847081519,0.1469451989955783,496
1.7403768402089672,0.1128912771177824,497
1.754939173263316,0.11104321971854936,498
1.9665109069393851,0.10181204501677589,499
1.7890825144568498,0.11443242123914509,500
1.6596204278084474,0.11689392223829767,501
1.7870387811954864,0.10130903245320311,502
1.760432862791919,0.11676256483684813,503
1.542081443703638,0.12193816126984793,504
1.7419043795627402,0.10446857696012823,505
1.8772514394689028,0.11324578988195128,506
2.0325768728916134,0.10486696810231876,507
1.5344465225111357,0.13124326423052818,508
1.680394460725701,0.10473874754051772,509
1.5094814437829107,0.12757917871346863,510
1.5508187487300278,0.13783934820607102,511
1.7622157032776506,0.10650824925398376,512
1.506030793185241,0.13985358135430637,513
1.5758158675809408,0.11329464365832198,514
1.7635253369508002,0.11599897815435294,515
1.580131908821313,0.12245590104576776,516
1.668488707218653,0.10149347814266362,517
1.8729184533284158,0.10716000724375187,518
1.716793563039924,0.10879929441917327,519
1.8375240082074284,0.1033640078167227,520
1.9903576559366631,0.10630572602868786,521
1.53880531847317,0.14550723838632879,522
1.4493866389656787,0.13367614242571044,523
1.7023865795106603,0.11506376877481041,524
1.7079330237604846,0.12177284709174635,525
1.7212432948259673,0.10981632207670018,526
1.602849927268755,0.11509148877935152,527
1.7116853748132892,0.11459202580373916,528
1.4254805982515435,0.14460275257918412,529
1.8287447169580977,0.10556857376607023,530
1.4396224234257025,0.11975107246471384,531
1.6573594212753824,0.11021794557956117,532
1.8075949957612965,0.11493092906584385,533
1.2521127665260692,0.18378608349998082,534
1.8031840091785198,0.10289082774792924,535
1.3962835006338015,0.12947409465994392,536
1.821507202287254,0.10625269955495678,537
1.9310928147970496,0.10621731000084794,538
1.746512429579524,0.121603393576771,539
1.8079357512153684,0.11329774062292758,540
1.654589371134007,0.1184237307114639,541
1.498144436166727,0.15090152198355689,542
1.9373950395267696,0.10267088591384313,543
1.7275526408388469,0.1131183374644811,544
1.9424375813182997,0.10516627826018986,545
1.4517505936492439,0.1390920831226958,546
1.9733945029178341,0.10244053111667381,547
1.9746609042084502,0.10735624090173486,548
1.7934983142221288,0.10356536651767095,549
1.4522943178639516,0.12041561210845891,550
1.6706247909244811,0.11031394902932178,551
1.6401007295308032,0.1240416108935798,552
1.485250310651767,0.1297880684834566,553
1.610931709340497,0.13006297250361118,554
1.5428206060802727,0.14207762144740949,555
1.8459688168016775,0.11243575774834344,556
1.7941182477769249,0.10875081836396458,557
1.7049355738183984,0.12387732600142037,558
1.794443847663158,0.10800382180386649,559
1.7265507719216755,0.12996439482524796,560
1.9970624613471897,0.11169255709204508,561
1.5859015019661384,0.10672484765549249,562
1.8037305288080212,0.11963149695566117,563
1.553211576640742,0.13780141358361297,564
1.741381711615317,0.12980083780281157,565
1.4232469736452638,0.15139044929132,566
1.8715834229484338,0.11130259452210851,567
1.6661919150442643,0.12051647906791814,568
1.7743284323537605,0.10836283076345295,569
1.7655288182418458,0.11146511596795301,570
1.421862419832247,0.15801215782408848,571
2.033676646391094,0.10543754745467188,572
1.6428737046752497,0.12461051255090672,573
1.8412478545815856,0.11111961303368588,574
1.7854142825250772,0.10801527598245017,575
1.9939444662035886,0.10608610816313654,576
1.3942268140613236,0.13140415343320577,577
1.588608095691452,0.12388778031750247,578
1.6858565807158539,0.12486221750355568,579
1.6665493318892988,0.1157385087917678,580
1.7598048251875607,0.1018527179348005,581
1.6574038903798012,0.10474942542631421,582
1.890206122865556,0.11305132482838873,583
2.027619831191257,0.10565462675798183,584
1.7519128328749756,0.11114215178726876,585
1.7663751423119116,0.10977653215211766,586
1.6003044858229896,0.12694690399447717,587
1.5311669558605399,0.13402035900759962,588
1.8085818772414632,0.10101301562095766,589
1.6888613728521016,0.1306393335224966,590
1.1822496034987722,0.18842605567718784,591
1.4414849565905314,0.15875259690365817,592
1.553503252243895,0.12342157501597543,593
1.3752834173319866,0.13510747334584966,594
2.017617918251214,0.10382821536949426,595
1.5109149910426394,0.13234702578131013,596
1.6277917992651625,0.12296835020474971,597
1.7950925638970459,0.11461706856329902,598
1.7776416912029347,0.11840430368616592,599
1.497948509779804,0.1425250157666091,600
1.642703990015211,0.11811472839895779,601
1.5127012133812334,0.12381413422844,602
1.8475474057694083,0.10136161910872718,603
1.8536021672474488,0.11151923484966335,604
1.5062005076977854,0.11903407274914848,605
1.7475732251433913,0.10802976171682074,606
1.7661029418881309,0.11322880698605045,607
1.707315627450676,0.11067115541244092,608
1.4058010056740406,0.16683786175436213,609
1.8074738572696785,0.10503760582855595,610
2.001630869720189,0.10279347924758861,611
1.4734373915114127,0.1276581342414916,612
1.7428078683110941,0.1188196252272855,613
1.7290045563245937,0.11742610577044106,614
1.75421778973138,0.10328090947046102,615
1.3788715778163207,0.13931842033325173,616
1.3360403749341607,0.13288496015135937,617
1.7668037626452604,0.12198499933951498,618
1.600725950271169,0.1055196878491803,619
1.8526353962224429,0.1079394449463184,620
1.7548503732798681,0.1140592975842146,621
1.7033384995233731,0.1128619296386161,622
1.7870783715064413,0.10889288212571313,623
1.8422569600244767,0.1093813955104178,624
1.5333197635107103,0.1165918424564169,625
1.6883755211879434,0.10789678793419044,626
1.6894600098315815,0.1065940674628504,627
2.0759638045021607,0.10762557772016478,628
1.7830128676279473,0.11311082135217759,629
1.676889507463247,0.10775430483896141,630
1.766413739345763,0.115212654960169,631
1.7306933962576407,0.10793767277358902,632
1.829570849896023,0.10157007926797514,633
1.5416611921006322,0.14089897579003346,634
1.5281582409435441,0.1232779414761481,635
1.8270375580667213,0.10348557847139829,636
1.384259292723902,0.15694777624143974,637
1.604808943693205,0.13942594064878613,638
1.8212134644763531,0.11578055211297106,639
1.782830884174769,0.11028292603688053,640
1.8599299057735517,0.10389035291864337,641
1.8271289889848872,0.10222117630467711,642
1.4561792079094276,0.15112498986952963,643
1.8012325067142148,0.10895329969302985,644
1.7625324548456085,0.110857665020246,645
1.8357410327498924,0.11238411853427072,646
1.429561580859305,0.13081328549066193,647
1.5029417294882024,0.13841140288319453,648
1.6819379507038494,0.12262464534008546,649
1.6216856568572038,0.1510838336548162,650
1.627533686351724,0.12395048954529216,651
1.2006257699703322,0.18197880614525488,652
1.7663438870986352,0.12398235457781942,653
1.9159747273802956,0.10331367514377308,654
1.426406412523673,0.1329618670882795,655
1.491731527893208,0.14733655179496263,656
1.7079746093084824,0.11809850882659192,657
1.8160968707874365,0.11018367779838309,658
1.9145243797257427,0.11007547541454749,659
1.6621413223100225,0.10678190511599112,660
1.641702262903595,0.12751087472377892,661
1.741901329250164,0.11238706947923283,662
1.4556698275893383,0.155988830250993,663
1.8295603728780483,0.10513461009401667,664
1.5374674911223385,0.12825394750514657,665
1.5434330035526365,0.12927988255697018,666
1.6214655020628894,0.11092503442334985,667
1.7765507008481565,0.1040913475745819,668
1.7251610020600643,0.12278679091829765,669
1.4605103461904487,0.1262191932529861,670
1.9978564327479587,0.1019980479226845,671
1.7590819815993557,0.1158917804253364,672
1.7550237073574209,0.11195326426776606,673
1.5726793163720483,0.11527700127580083,674
1.5762752448172588,0.1155799409768239,675
1.591082952083873,0.1163662565473822,676
1.9382039290484232,0.10725273584409226,677
1.3494405077526381,0.16996007053000312,678
1.7849182577806637,0.1116963149793772,679
1.6626978114453022,0.11259656229864536,680
1.2481675841820408,0.17502025147675765,681
1.8708575513191192,0.10685577053677273,682
1.5680291504118213,0.11793253298493607,683
1.8579218199165037,0.1160710931684326,684
1.85867842048517,0.10512470229176085,685
1.9318497411541224,0.10265705580722513,686
1.5172217079214698,0.12873275761911845,687
1.6994478303406775,0.10931654737121027,688
1.2997686802631698,0.16722529637318645,689
1.3096765159506814,0.16840413345955657,690
1.4055562628092115,0.1576613820334958,691
1.7625746359547658,0.10930307167752237,692
1.9626880404063058,0.10452788370634482,693
1.4874518578169682,0.12277169515558127,694
1.3523295982475947,0.1633233372985649,695
1.5765880556188006,0.14674995076562705,696
1.7144939194224527,0.1153273469501907,697
1.53214358078413,0.14858823701344423,698
1.3428478532146162,0.13715342416835205,699
1.5834459944176977,0.11783594220635034,700
1.7753048492922026,0.10653877528987983,701
1.823825305297504,0.11077207954054548,702
1.7048704374324282,0.10883911285851312,703
1.6750202271773984,0.12526600745968866,704
1.5768558698425497,0.14387989337895601,705
1.5775992185203513,0.1181471505524129,706
1.54808906545263,0.11371216381093723,707
1.9235849981458242,0.11540693817008676,708
1.9312248832400936,0.10003547281648982,709
1.6072969436650377,0.1049239732586971,710
1.5775228117286821,0.11076804330532902,711
1.841630905967651,0.10352968535611015,712
1.536809514602745,0.11342218620658726,713
1.4479790550426455,0.13468274798583144,714
1.464355939298366,0.1248685994688729,715
1.7649339000226492,0.11077137322617892,716
1.4856680247228347,0.15400240600780404,717
1.677880207258155,0.12455450054179046,718
1.8505987727478468,0.11593209718699855,719
1.5232333295671008,0.16056715950042433,720
1.6082833598931565,0.11257107707804162,721
1.9288443648546931,0.10461235807860897,722
1.5365760739725793,0.12806048219855937,723
1.8997212612194434,0.10480135789203344,724
1.6718717806691648,0.12907199667800204,725
1.6761177818819042,0.10343524862008263,726
1.6482341553968847,0.12437045289566216,727
2.0284612247722875,0.10204014004941298,728
1.5615468370945922,0.12682456130513478,729
1.7080098030915032,0.10668806201288943,730
1.8043975103639223,0.10239990829928629,731
1.8151257142798785,0.10917440661685361,732
1.7615219489862064,0.11236836791725975,733
1.683177831232743,0.1255295065600647,734
1.5419217597702612,0.13119675893507116,735
1.5075560301519482,0.15152898452389035,736
1.730878822551804,0.10301908073911276,737
1.585248775079908,0.11839734375718379,738
1.8228537435162526,0.11639861410126981,739
1.4979681514445873,0.11658906277603306,740
1.6469996975483956,0.11964908524369004,741
2.006957717338332,0.1043332630468985,742
1.5348802184224757,0.11982047645382372,743
1.8302188452032437,0.10530950718192829,744
1.7233691996908527,0.12527250688825192,745
1.9170056708338217,0.10197087974409723,746
1.3067436245553021,0.1749891165358874,747
1.7474014481645028,0.11215102328527733,748
1.3100542530620265,0.17354562001687823,749
1.764750812320458,0.11168433354359834,750
1.8132070937186955,0.10909580188702442,751
1.833322826504177,0.10489733779838314,752
1.7828993085621503,0.12273209429945113,753
1.7812258579909739,0.10777115129267843,754
1.44652944819906,0.15729209591899113,755
1.7041906238724227,0.10569030253403984,756
2.0948093288177736,0.10513940860640394,757
1.6538145573818661,0.10504716470085171,758
1.3028254707805964,0.17704825538478078,759
1.6414304512928821,0.1022635792135972,760
1.5371697714038912,0.1187011002844162,761
1.4186309324543032,0.13576132725499693,762
1.4244511759722824,0.13194678724999118,763
1.4079215418487834,0.13141396381200637,764
1.641997521053323,0.11393689359963885,765
1.6910968563812134,0.10502294371378273,766
1.6106093372880612,0.10859847829669059,767
1.9325662231972058,0.11277334135503486,768
1.3895116823822768,0.15567784525430978,769
1.8708245332238223,0.11344467413423809,770
1.5976755314412003,0.12108053419481002,771
1.7863610602068907,0.11087090247818544,772
1.7454635973774097,0.11498723989642762,773
1.6295114127880173,0.12870476968802466,774
1.704034736615692,0.11314995262672256,775
1.5762212921591134,0.11333793656037887,776
1.8313402857133922,0.10279959842706546,777
1.2723377204171695,0.15867245393216,778
1.7360870815205696,0.11148453820939908,779
1.6427158347505126,0.11298220851918779,780
1.5979735417528398,0.11300991792488682,781
1.9791270439865678,0.1040025312814136,782
1.6258784699490882,0.11283185799660131,783
1.6280750897857954,0.11080060243011665,784
2.015934468222658,0.10489596469593977,785
1.76924169501149,0.1204703441290598,786
1.7679203351835289,0.1126806798794985,787
1.566268503732506,0.11633909488838151,788
1.830093441635401,0.11226857648191768,789
1.5732738649694673,0.1282183098131308,790
1.7640690699868438,0.10358444659966091,791
1.5609286707805055,0.11969440378744027,792
1.8952023839073344,0.11141471655343761,793
1.5460886249016565,0.14276430580196572,794
1.5378678774357504,0.11958009421027828,795
1.5535945800328013,0.12377410964561614,796
1.525983595525571,0.13486671245654225,797
1.4641364387221387,0.1613028338632043,798
1.7740425631972738,0.10663583828977641,799
1.6043880161166044,0.12079721433671589,800
1.5184946314339256,0.14926359777222925,801
1.3568279119292512,0.17381883111624274,802
1.6512494177845138,0.11586270575519383,803
1.655959451384693,0.1347283390051533,804
1.8953686782226635,0.10825719611948724,805
1.7821365664620406,0.11072585119811108,806
1.6980557430300438,0.11819828095625616,807
1.7404422711441865,0.10983495839273057,808
1.3657764268425643,0.16760895762516498,809
1.0750676445990623,0.1956664850448992,810
1.4483434755349394,0.14871633471320583,811
1.8289826951658883,0.10161935048542331,812
1.6091376034531186,0.11174021662004022,813
1.8877392059304496,0.1115981781273801,814
1.8242197224036076,0.11051363790165193,815
1.8858152748905985,0.10314280225212585,816
1.890163768820406,0.11339689337250095,817
1.3840196778408462,0.12991194158640304,818
1.9739678194607038,0.1018541056300516,819
1.9189367088244176,0.1031536330362531,820
1.6276577340848333,0.1423586894000077,821
1.4665773997742217,0.15983364899922015,822
1.8773596353703994,0.11811321191237896,823
1.592132127683442,0.14360937463207984,824
1.7899830183234753,0.10361171467926117,825
1.423879589553533,0.16539045911129285,826
1.8185752566584683,0.11751229352951444,827
1.7018611512586512,0.11431196303805242,828
1.6863676337622697,0.11772222760480511,829
1.6004333638204078,0.12583349959278428,830
1.5754377226292942,0.12520926681932973,831
2.0734251393414143,0.10002488354686308,832
1.8985105697286173,0.10012885526991794,833
1.735850067307288,0.11672960572541076,834
1.595713136902559,0.12220275015966701,835
1.7402621811556795,0.11618030987950467,836
1.7393708345317493,0.10463502286582188,837
1.6021689135507449,0.1292163377554031,838
1.8973753108623626,0.10356292614098322,839
1.532140667969424,0.11903616120443114,840
1.9027948287832745,0.10519778976921962,841
1.806825274471548,0.1010567913845895,842
1.5436564454744404,0.12527489754854826,843
1.5234939551170352,0.13033740700768595,844
1.628681954497314,0.11759808902557456,845
1.5751264704089718,0.13240315676588274,846
1.8189513042777345,0.10607157484943819,847
1.6099496664723725,0.13557490183071547,848
1.8458167360741335,0.119126363026153,849
1.445290563468382,0.13675405651976125,850
1.4711528192233494,0.14007440084764822,851
1.546600974619644,0.15041899214588167,852
1.9394046883772251,0.11006020900432674,853
1.6837941057576704,0.12469193010583574,854
1.649907222967827,0.11249975247243396,855
1.5732562322588746,0.14979814421746784,856
1.749071262612803,0.10768027081812738,857
1.8809639809443335,0.11252343772863711,858
1.6527371460033713,0.10784741709374523,859
1.7755829457447685,0.11139424294759745,860
1.3641632984428782,0.16356470549219487,861
1.6345328937792907,0.13397943929400744,862
1.9126994092793896,0.10652493026755011,863
1.7806075915999175,0.10848529348163735,864
1.744474277141098,0.1155112543421957,865
1.8003944252136193,0.11177702176541726,866
1.6254159707022553,0.11513543014320494,867
1.5469798850796488,0.12828719330881605,868
1.6708152378567391,0.11444517638892665,869
1.730433353348996,0.10140813343340607,870
1.8039324295874326,0.10504514346128636,871
1.8888155045468653,0.10162011728089775,872
1.925005346102305,0.10916653504463765,873
1.623895378972776,0.11228749920528736,874
1.5116833840441284,0.14087952255267333,875
1.8909703600181114,0.11469880174858645,876
1.8808183733848312,0.11263093112203003,877
1.5370965534092913,0.1503084296334286,878
1.744417736220455,0.1198671017136439,879
1.8205566735760887,0.1080241198577441,880
1.5826765148244646,0.12342607568639169,881
2.1096768746384766,0.10179171684004402,882
1.1943169472286563,0.18362674634201745,883
1.3890346274462564,0.16128449047074944,884
1.7170888395575123,0.1163708976344937,885
1.9701021463257742,0.10464364721898661,886
1.8321048383457903,0.11968220265732224,887
1.5444505409128317,0.15336764670743477,888
1.936699293392708,0.10709319648717314,889
1.6231011412586553,0.11916244011054562,890
1.62154454037814,0.1194491465889613,891
1.1858438714135606,0.18748444259391123,892
1.562254383344271,0.11785668014247239,893
1.9361630612184786,0.10443359478212698,894
1.5458234762044676,0.14021193494675294,895
1.6272530697713143,0.115660568663983,896
1.704642230639895,0.12656578820156478,897
1.297875732663286,0.14597583033247255,898
1.7596171268800114,0.1063153374141686,899
1.7994507247080642,0.1015883071371632,900
1.7111091410587074,0.1042184346255236,901
1.677460366284172,0.12599090866621068,902
1.2511604930795208,0.18650781766017885,903
1.6528305937379617,0.11834304132805887,904
1.8542959269122714,0.1100750214691659,905
1.1311925989110336,0.19552316548220938,906
1.743708630096153,0.11334414369298422,907
1.8183673428852045,0.11385957646017725,908
1.7664516799608188,0.1177914224590021,909
1.7414344515871807,0.10947253784904412,910
1.8218065402217052,0.11201058830331426,911
1.566567586609377,0.13973437713195572,912
1.5043466858533248,0.1257064118183018,913
1.5351805313921545,0.12970373742030786,914
1.6675918840753667,0.126453934024157,915
1.9792778926471184,0.10161977013391665,916
1.721173211267901,0.12639831551683028,917
1.7983270399332143,0.11106612815963092,918
1.498607851375042,0.11243725679607096,919
1.5655868356837739,0.1124082229196671,920
1.7390400674176687,0.12020715908517374,921
1.4496226714263936,0.1314729818180301,922
1.8900130015700394,0.10867703099610847,923
1.582804618784965,0.1072906608571323,924
1.5828967717303393,0.13811848211067154,925
1.75696528867303,0.10325560891296039,926
1.7786800168610293,0.11234826681136832,927
1.6977276687443787,0.10939416787924759,928
1.7097476705679973,0.10535204795439258,929
1.5527733018068333,0.1212468079144449,930
1.7669850793511592,0.10072736254609307,931
1.4407359797760269,0.16757089294565983,932
1.8313162147109225,0.1090424986920096,933
1.7875317070837846,0.11071663366924525,934
1.6866485498046537,0.11571788491495733,935
1.6525206545981592,0.1264890088408584,936
1.7117174411721507,0.12040407381698182,937
1.8107550407840658,0.11790433730408303,938
1.9855970410262795,0.10016410831329811,939
1.2557835990170667,0.19024587783481664,940
1.3568891672829726,0.1641228201716648,941
1.720407514214105,0.11579617933891352,942
1.8805729842291934,0.10168922008997339,943
1.8531489493084967,0.11209783916925703,944
1.6300718588942553,0.12179898899541827,945
1.8136555369390417,0.11380698810713297,946
1.5085851614726742,0.1278318076591952,947
1.4453996578401207,0.15169067985000567,948
1.848544454453478,0.1166612668584667,949
1.582056636697827,0.14304594046778812,950
1.8525846412759424,0.10986085619224074,951
1.8914747254974724,0.11517183741629358,952
1.4172085335806104,0.1378250783811183,953
1.6601197693874026,0.11071536748104932,954
1.5186380009918143,0.12522972248367353,955
1.5638253019672694,0.10740130292728127,956
1.7329322537946674,0.11318689002105277,957
1.7886617519186447,0.11198976679863089,958
1.8556345262971863,0.11616640935632742,959
1.819901846531925,0.10445394955534784,960
1.8631282680990882,0.10553443882472995,961
1.6033905326000393,0.12538152706036185,962
1.6564238978007901,0.11374273426782983,963
1.6451264842747233,0.11491142149341049,964
1.8955045610514625,0.10411384529497769,965
1.5391143303531143,0.1473808427622314,966
1.7116403358961951,0.1029058728291296,967
1.7465291123596425,0.11800884857370157,968
1.515778692618465,0.14770510069306234,969
1.2413770862625955,0.1855946170711167,970
1.7236371962269,0.10746675049385856,971
1.7387288444771432,0.11288758795793766,972
1.4767244286378292,0.12379245776080379,973
1.5575571037285187,0.11793762736524113,974
1.9081943706998274,0.10016763997992482,975
1.3859935891992565,0.13930518478143597,976
1.6275831389437179,0.11984784979989617,977
1.6890826154626934,0.10894793922959006,978
1.7842027082501009,0.11152317645945684,979
1.6450860304899177,0.11535620321515175,980
1.6352564700024992,0.11598853410832122,981
1.7779505684934447,0.11959401788523744,982
1.810037485360786,0.10060477879055102,983
1.8541728652155083,0.11595061574704865,984
1.4496823270512045,0.12194901978887235,985
1.694500615417971,0.11021338857748991,986
1.9327933966026725,0.10218909277269356,987
1.451932728862992,0.12888066898799377,988
1.6621171579564644,0.10920814622104649,989
1.8700523307265857,0.10362511160919038,990
1.801975229630445,0.11583894219115345,991
1.9355330147680916,0.1048431335273586,992
1.6876275820792326,0.13114215443854518,993
1.5627436429905295,0.1330277250039915,994
1.8567552334574802,0.1189741896128338,995
1.5258830874768006,0.132737591274226,996
1.4254244975061947,0.13381303271047656,997
1.9678598385980073,0.10027761617534328,998
1.8322302416328724,0.11166556257077243,999
1.7947268606874318,0.1106294673444753,1000
1.7144952948708139,0.11023743260083402,1001
1.9950532288723497,0.10853543799172358,1002
1.7032080967179615,0.1139094576477972,1003
1.399113650392878,0.1686801443277402,1004
1.5266489353556163,0.12355807348157871,1005
1.7499113792774683,0.11336060053760896,1006
1.754796687942537,0.10671464002595549,1007
1.8450454918550725,0.1208235435670779,1008
2.0036820001720894,0.10292217791043194,1009
1.642096791872792,0.12058472961735599,1010
1.7223800275166365,0.10462609475589946,1011
1.5892248952657468,0.11989696644554185,1012
1.7223502870590857,0.11914632064257734,1013
1.7786706491250335,0.10930823151160926,1014
1.9292130848888638,0.11053661197907749,1015
1.5476899379309035,0.12910946394455364,1016
1.6415619026970731,0.10536111629065305,1017
1.64965792418746,0.1318047372880874,1018
1.5585129482692721,0.1415518751909675,1019
1.822787010910644,0.1056484501397928,1020
1.757343018731591,0.1168200145402316,1021
1.7941871926788022,0.11385547687670633,1022
1.8713076265588624,0.11104057421495583,1023
1.8814349463486506,0.1031558214170441,1024
1.9175171314167276,0.10580536161289464,1025
1.6638399757818696,0.12592094438953336,1026
1.742022306188511,0.1234740268059035,1027
1.6723029195024857,0.11231861888482797,1028
1.4488803856532027,0.13704980519514484,1029
1.6354730982210905,0.11693952260106337,1030
1.6792481423666232,0.12355392141927656,1031
1.7732886851791227,0.10284534786986384,1032
1.831940130671439,0.10373414663881635,1033
1.4454758569694859,0.15745661057541677,1034
1.497822471143913,0.1317297108780424,1035
1.753011983506591,0.11775158226956368,1036
1.57929491349418,0.1094945842626368,1037
1.7627689730510767,0.11037103517565372,1038
1.9367772427165548,0.10715500018465758,1039
1.8962900438980692,0.10665143746645286,1040
1.4596731987992633,0.15444710304378179,1041
1.9736766253855644,0.10596406859192951,1042
1.3842286517824172,0.14441206635393472,1043
1.5925901233657034,0.1263905821739603,1044
1.5618919013100279,0.11614773462687523,1045
1.6075950417910816,0.1194739420798934,1046
1.996639458480296,0.10283211930786307,1047
1.5079803490227994,0.10767981791795415,1048
1.9082616414034783,0.10647388164534688,1049
1.927420081137652,0.10740036000059386,1050
1.6027230974032154,0.12647847277762206,1051
1.5995130460591807,0.12784582251701487,1052
1.7850081185455404,0.11616676122028666,1053
1.8867094906894066,0.10875032579407005,1054
1.753119706429501,0.11928138687026005,1055
1.7802171450160118,0.10585943645378072,1056
1.5880355477181851,0.12758259094457858,1057
1.5364749806809936,0.1426752178686942,1058
1.6086625688038203,0.12682201051198266,1059
1.8013087322700516,0.10252007546829195,1060
1.7998247909217229,0.10658125866412638,1061
2.0362171658084467,0.10654843903392311,1062
1.533655403931538,0.1435662876727847,1063
1.5578786680614394,0.11150194340481667,1064
1.7899646672128349,0.10057443623529119,1065
1.654816236759394,0.11561473765861786,1066
1.8400584074880513,0.10750226886505049,1067
1.4873514444145137,0.14781133904127808,1068
1.9112971696321472,0.10886781105802697,1069
1.7683425008608344,0.110340111317491,1070
1.8433453771898212,0.10818334538903877,1071
1.6738737173502147,0.10373483127546156,1072
1.6925127692732416,0.11307018443128283,1073
1.7612498956277216,0.10643679161827137,1074
1.6236870469537368,0.11687492866575971,1075
1.7760702214209227,0.10549013357672155,1076
1.8012010600944728,0.11002110602513938,1077
1.693886144009607,0.10938754664794803,1078
1.7859133484679217,0.1038863494874003,1079
1.9075268010488164,0.1065914325225437,1080
1.2884748611123882,0.14571897193848662,1081
1.59740042545283,0.11982437384640238,1082
1.6603221963314303,0.13251325203151726,1083
1.4890353429166416,0.15555581627532677,1084
1.4575282769567937,0.15935127873974295,1085
1.9673441256631543,0.10476519902496768,1086
1.5904815351462271,0.1384572479844219,1087
1.7441713729620412,0.10790900815907513,1088
1.6666781237626425,0.12484966994127915,1089
1.6938409673293784,0.11197993194591063,1090
1.6370061398876001,0.11672787728975492,1091
1.5688405019446223,0.12650536142272073,1092
1.738688845778816,0.11579237934726454,1093
1.351239047207159,0.13774373463362993,1094
1.7507488695066782,0.10280348413320986,1095
1.8414026913145294,0.11104258120141992,1096
2.127701229256921,0.10913048379856234,1097
1.920520141930653,0.10765486981191266,1098
1.66698798111113,0.12250742909321484,1099
1.686034366931573,0.10924755247956602,1100
1.5836291621145389,0.14561692108586738,1101
1.662738558794404,0.129991058492389,1102
1.9162303651979018,0.11081303712573916,1103
1.7054233497325044,0.11727697605089467,1104
1.7248964867202903,0.10781457880308218,1105
1.7111791432682293,0.10962371144775751,1106
1.9951865482799112,0.10447712909535775,1107
1.736761349911024,0.11984923227664396,1108
1.8607291416804244,0.109004019774837,1109
1.8387386414601619,0.10198456353679483,1110
1.7308433603299156,0.12464684154166172,1111
1.4601074821594313,0.12458687949835526,1112
1.4348021220298395,0.11922961235813966,1113
1.806386419954604,0.10755037511807386,1114
1.527201202440024,0.12934060890511317,1115
1.695150653681358,0.11168762902037828,1116
1.602799285123344,0.11363270500875393,1117
1.8518899552697157,0.11467015179971764,1118
1.2279730761357024,0.18806750702015587,1119
1.82250045885269,0.11050847577869748,1120
1.3536556249445897,0.16385791474730768,1121
1.6811341518721072,0.11511644702776927,1122
1.863162969810642,0.10388314752029945,1123
1.708821885971303,0.11098850715252966,1124
1.9909182823637233,0.10884892280932985,1125
1.53054284851589,0.14213537217414543,1126
1.9956485087561848,0.10551438857508676,1127
1.5754537747847452,0.11711724648103897,1128
1.7797676223939136,0.10971637314227696,1129
1.404099197310919,0.13228134904289993,1130
1.8316094633228828,0.10537698307288743,1131
1.655493301781311,0.10514236118854363,1132
1.6912633533877188,0.11133356957690951,1133
1.834396150275155,0.11793534851202302,1134
1.8499708525984164,0.10419703734641901,1135
2.0624261172244758,0.10073841845877272,1136
1.4992667937826787,0.15558989058969983,1137
1.927220747733001,0.10436277783766887,1138
1.5610952810139647,0.1216088219122527,1139
1.4657295775011134,0.14597330542549344,1140
1.8383392623551489,0.1162730347505643,1141
1.4826291178322824,0.13304076730811698,1142
1.8947179383481871,0.11898410035984891,1143
1.3337687292168938,0.16330806483177265,1144
1.6898196153324168,0.10921649756449595,1145
1.4425120457362852,0.1569593765351001,1146
1.589482069268941,0.12472934092896241,1147
1.5375675760688363,0.13100331498784493,1148
1.6716027844774595,0.11960452284049461,1149
1.648615573660361,0.10835351595315007,1150
1.471571574614348,0.13419852549520453,1151
1.6756322850467478,0.1213818181881026,1152
1.4838370068171134,0.1187890413090618,1153
1.8944551168547825,0.10797805075075138,1154
1.6837982833320835,0.1135719375685408,1155
1.737628019294057,0.1160544866828101,1156
1.9733505662673891,0.10663330843598612,1157
1.8502445639768414,0.11034938787429256,1158
1.7921386478108818,0.10981638618039449,1159
1.680601394532503,0.10437958961055702,1160
1.7150484710002576,0.10131193228213098,1161
1.8778227148221278,0.10811036426052494,1162
1.65882029605786,0.12123744012563445,1163
1.4679501223005946,0.1234558234560208,1164
1.4867351646451428,0.12882453198485058,1165
1.6798453265582893,0.12176253081238134,1166
1.696973499580927,0.11878477371349891,1167
2.0150391842500044,0.10106390066115324,1168
1.5934411496171816,0.10627615684662572,1169
1.6606533640439936,0.11223567095541308,1170
1.3054382743379391,0.18350081041045035,1171
1.6824334586995198,0.10853319125810353,1172
1.805061153744402,0.10136069963245913,1173
1.5230622345446483,0.15478068700181596,1174
1.9850140035969628,0.10285739638447831,1175
1.5063885777497825,0.16136093082846048,1176
1.6440486196449275,0.11169660478331048,1177
1.7783095166943583,0.11089597203135307,1178
1.6074932890557585,0.12943428858149844,1179
1.9783063850588511,0.10783566948165926,1180
1.805481748803482,0.1168017313065618,1181
1.6260901067974756,0.12677329927932293,1182
1.6494099822755672,0.11347483280343869,1183
1.6006344177811438,0.11712550288587587,1184
1.3390151527495062,0.16651336547319887,1185
1.4591202027961054,0.14780602368914492,1186
1.9394117379906262,0.10469652211160832,1187
1.6275989314448447,0.12029726798492651,1188
1.7447446340199992,0.11839755099280458,1189
1.8516667202624304,0.1011817028341596,1190
1.843811974433147,0.10711824515414585,1191
1.7229934576504136,0.1262335892298899,1192
1.6792108401145913,0.10702971109716322,1193
1.4758512394441372,0.1171863669255079,1194
1.8454861002128418,0.10950625429334908,1195
1.4450052353198157,0.11741662449568814,1196
1.6167726074926243,0.128308420044479,1197
1.7325377353196556,0.11252236342030363,1198
1.704400516634461,0.10957737952454721,1199
1.6102719617736707,0.10427654453910644,1200
1.7353020806984807,0.12914250954637485,1201
1.5737732165827867,0.11722757353838971,1202
1.955476196280876,0.10456373225113773,1203
1.6883527619916578,0.10553119987148366,1204
1.8449536138184268,0.10254861286515031,1205
1.6563785353974054,0.13185680939173516,1206
1.7630339103123422,0.12256126313974593,1207
1.7816454276414975,0.10077347007838271,1208
1.4374707732913223,0.1553819770688234,1209
2.0946796882504795,0.10135402991299532,1210
1.5069083000442787,0.12073630198038811,1211
1.7804631332441612,0.10980947606295381,1212
1.704643110009083,0.11936720437832628,1213
1.733125108993092,0.11283924722594936,1214
1.5986763804435047,0.13177928619046522,1215
1.5746664721261923,0.11428226661940334,1216
1.7876736488096563,0.1104304721357079,1217
1.7233922701288857,0.1161093727032216,1218
1.7304740437880883,0.11277896724264365,1219
1.8728189226465919,0.11877523121265199,1220
1.878998901833815,0.10565149340787724,1221
1.3644542576597216,0.16213764709683862,1222
2.00962507814685,0.1085276052380074,1223
1.748578382176677,0.11958890242255121,1224
1.799455572302608,0.10144539616025548,1225
1.643129744921307,0.1203525921830132,1226
1.7905340505657406,0.10555549082380619,1227
1.8851313974476587,0.10961673739019279,1228
1.6962335868455134,0.1305244266732992,1229
1.8759824352816399,0.11353160931645831,1230
1.5149095527152718,0.13178114912316866,1231
1.9098739704536218,0.10389097968378094,1232
1.9147499683611546,0.10919270617445233,1233
1.7708467160687227,0.1131265932774787,1234
1.6094434682049243,0.1067855444936773,1235
1.6288603237770596,0.12438716270335062,1236
1.6493955606002637,0.11290534942546386,1237
1.9105141373115158,0.11376555046492855,1238
1.8006003631606045,0.11477488094704841,1239
1.787444597044924,0.11300109997893769,1240
1.9365947572133781,0.106536765950687,1241
1.7343304941939546,0.10416971939986794,1242
1.4270274931191407,0.15825934013628848,1243
1.2663310528886316,0.1711971237489088,1244
1.5363542125233656,0.15130685645326092,1245
1.5593232593058273,0.14501584114531954,1246
1.7860282079443885,0.1093926397822663,1247
1.5685543118883847,0.13569134836536906,1248
1.790056253525544,0.1061696044220193,1249
1.8239943904034137,0.10436315698786773,1250
1.9180233202754158,0.1062086432170268,1251
1.5743573274934253,0.12678995986816227,1252
1.6510257045604853,0.10561121431102054,1253
1.682649518893627,0.11804893498002814,1254
1.4791986873323637,0.12024613378900664,1255
1.8315116605921364,0.11248314815442181,1256
1.7175513005451386,0.1044021767698522,1257
1.6795259501413715,0.10524260270336966,1258
1.67473579009707,0.10919178447271889,1259
1.7278469622557806,0.11424580462248625,1260
1.9129478696304365,0.10655614617874137,1261
1.8742881213882072,0.11160035456178885,1262
1.9847889023803518,0.10718292274705538,1263
1.6183716418076004,0.13078939265435646,1264
1.998260950186676,0.10725494806607949,1265
1.7195323838027319,0.10475135239798777,1266
1.6418620377741804,0.11682091301255919,1267
1.669043736572228,0.1208604084946558,1268
1.7722296273596274,0.1000884730925795,1269
1.7605218961431868,0.11182737156863626,1270
1.7189454445786594,0.1089669259630776,1271
1.6214419638712294,0.11272961517464439,1272
1.5661207718562835,0.14324168006452734,1273
1.6774687674205098,0.11020740837150482,1274
1.7899317185731598,0.11359034052033028,1275
1.841923813275922,0.1076918754872995,1276
1.7515039492037705,0.10642277578630954,1277
1.6649697152872982,0.11012923339529719,1278
1.9955478321377909,0.10424052468525842,1279
1.9793253088628353,0.10704873378203976,1280
1.8678858586662448,0.11063187376297334,1281
1.9296707535403825,0.10014522523232394,1282
1.7542592649526763,0.10114890951180158,1283
1.7737002582390522,0.12545662447051814,1284
1.3936709515015104,0.1559830688436398,1285
1.4616983437486772,0.1470110252342162,1286
1.5965192994700494,0.13029501816298958,1287
1.8795065813055933,0.10835736749892634,1288
1.7633274057666588,0.11853041234977087,1289
1.5177779276704804,0.13532714890629957,1290
1.862729577724025,0.11401053542341304,1291
1.847224078021988,0.11830093378982003,1292
1.7300708374885247,0.10782300151445717,1293
1.8368952912880474,0.11510637566188826,1294
1.5229487484969682,0.12311204513456192,1295
1.8643753622130734,0.1241560388355818,1296
2.0029485667678366,0.1029507873760317,1297
1.8131614048548375,0.10322460988189985,1298
1.6937718969908648,0.11440808200216299,1299
1.8925736854577107,0.10600701111320711,1300
1.4124954635483133,0.13327725519588077,1301
1.6829256014337388,0.1284549621967396,1302
1.588125709809137,0.11003766848510363,1303
1.8376993061831637,0.10349238370672008,1304
1.9629948676060587,0.10407234705210985,1305
1.7343922334134383,0.11249675771726106,1306
1.6588472528976919,0.1070498019179683,1307
1.4345782308916253,0.15531639320088333,1308
1.8436049843355533,0.10117630145721696,1309
1.6069250775853976,0.11380720908660391,1310
1.9095497609590406,0.10571480945034548,1311
1.4847860680648428,0.14439748511244674,1312
1.5367509757108546,0.12384245722451259,1313
1.3931105451546355,0.1558468810604421,1314
1.7078466721003474,0.11328465575005207,1315
1.7986987654679008,0.10046044038013686,1316
1.7722999582086718,0.11002751717430757,1317
1.2892841471730387,0.17753870938653388,1318
1.647105078647877,0.11336704962530776,1319
1.661858313689618,0.10925765171077588,1320
1.7734211611470638,0.10716864610034035,1321
1.7589513905111607,0.11143602321068188,1322
1.9510510323932306,0.11232448370412591,1323
1.8275080276955282,0.11382306900709757,1324
1.8787198663185705,0.11377202422907792,1325
1.6672702246296933,0.13246887984736033,1326
1.830196611433571,0.10166650053164424,1327
1.8646513440420016,0.10651635819890355,1328
1.8311908914592474,0.1033327853818291,1329
1.9691670936634482,0.10010031391188827,1330
1.7994394781853342,0.1111545176456833,1331
1.5704477173658447,0.10334553610892383,1332
1.7672253435681404,0.10510684663912319,1333
1.9876176337946978,0.103595999096632,1334
1.770528308631341,0.11305806640638019,1335
1.7786532697657622,0.10403420300922904,1336
1.8787962782143797,0.10628341588321413,1337
1.8075001562913835,0.11902193790467312,1338
1.8913205988616166,0.10556291501231141,1339
1.6244171193922416,0.11456298899613111,1340
1.9577328923241883,0.10190560339178228,1341
1.4475209119706727,0.15548145951399003,1342
1.6280227560461114,0.12350432046206421,1343
1.8108122222584497,0.11667089190908257,1344
1.2977805648505527,0.14352185416046404,1345
1.6252373607411197,0.11835010723037531,1346
1.7227584724336402,0.11776343984069955,1347
1.8310258369094008,0.10866508647267069,1348
1.4876540630557338,0.11935145665151435,1349
1.5541989010102413,0.14107176070403402,1350
1.5662301666698852,0.11955802862508713,1351
1.9389764143644381,0.11100645041000204,1352
1.6177288361174877,0.10643425511364554,1353
1.6920591057781766,0.11635239850092989,1354
1.930106331329542,0.10915444986154092,1355
1.7740533147594326,0.11768590221923571,1356
1.7813600101867126,0.11199658748891059,1357
2.0213246019427946,0.10551126110389349,1358
1.480548095064281,0.1185695747121513,1359
1.868956579022757,0.10730626839444,1360
1.7961242203603747,0.11276509771903255,1361
1.453112189498977,0.12123565553093182,1362
1.8102836466752754,0.10489320544930388,1363
1.8899070719486915,0.10659922280461392,1364
1.7126577203674738,0.12826350045841173,1365
1.9003161150200112,0.10481060879954472,1366
1.4154609796360302,0.15341023434886517,1367
1.833523815012912,0.10957296429573819,1368
1.3936488216188783,0.1472029659409881,1369
1.783082610699399,0.1055333056934465,1370
1.7934659548921434,0.11486751346034745,1371
1.829945021313285,0.1043223060676628,1372
1.8180527582263775,0.10510361248582212,1373
1.2632367577309085,0.17838127313574328,1374
1.8436339793063654,0.10079826203316787,1375
1.6749847206086526,0.1154400605913268,1376
1.6092913857254367,0.10722525770413262,1377
1.5571092379019735,0.11878492995086302,1378
1.806941002394784,0.10866640062588667,1379
1.9348970860651291,0.11153596130804959,1380
1.9851444773108915,0.11209517224540058,1381
1.7808684172700775,0.1064042620501649,1382
1.5812273641461845,0.11134099146938212,1383
1.8383797258675159,0.11358500376314098,1384
1.8730728019205043,0.11149440026206685,1385
1.5885189482062565,0.10959276377884775,1386
1.6502430585410046,0.12100477088062435,1387
1.5903138333557647,0.1317817491036293,1388
1.395075017877963,0.1277518129065008,1389
1.7242781701276106,0.1264992135200302,1390
1.7510946524684294,0.11719160392451228,1391
1.8427657907015274,0.10235785692813865,1392
1.5697776664573773,0.1255526769856997,1393
1.6167613372410519,0.12470606396847987,1394
1.5071930690403226,0.11768092625043303,1395
1.6971089832252644,0.12067714517871983,1396
1.9735157898852151,0.10945869467469137,1397
1.3080097879200288,0.1748413440599128,1398
1.4311197614326003,0.1497272465728578,1399
1.7462886585010131,0.11405109097960724,1400
1.4097000964311275,0.14148019159350758,1401
1.745201348590108,0.10296194122997038,1402
1.9604523378579013,0.11019997067525274,1403
1.771468106433469,0.11468021555842713,1404
1.3953236215827653,0.15459320336909319,1405
1.5043425019745864,0.1542984028277769,1406
1.5661154684093401,0.13752637882140611,1407
1.6221806885389887,0.12976127165643103,1408
1.633058495499171,0.1192825638936158,1409
1.606712897657195,0.12831217972221498,1410
1.640318934120679,0.11254931843556513,1411
1.7057617062853625,0.11008997338974427,1412
1.9205976572116097,0.11362523280133016,1413
1.5442409431648663,0.14425506333337015,1414
1.695322738536941,0.1060023440492697,1415
1.7915109388481907,0.11084735726718253,1416
1.7133929763912876,0.12371993738079572,1417
1.6544559843657134,0.12232620187219378,1418
1.5294003579372348,0.12936424158190465,1419
1.7221685883990019,0.12248530525956763,1420
1.63650249034958,0.11305280701155503,1421
1.9079185032098942,0.11726586023417253,1422
1.6517740281953068,0.12203933869224265,1423
1.6702697135917166,0.1051157185139703,1424
1.4807041050392513,0.14376097013760725,1425
1.8228438856202833,0.10289410663687314,1426
1.7521760311577443,0.11417222502475449,1427
1.5808917787560937,0.12451425664534839,1428
1.7185991809561607,0.12006102986865966,1429
1.5486265072659615,0.1259876811911017,1430
1.4447810994737926,0.1570361692652098,1431
1.8581801236954179,0.10986738508140538,1432
1.498717699772787,0.13286823721520757,1433
1.7431335317543069,0.10669469941862719,1434
1.8486668923675074,0.11511491449257247,1435
1.696779231722978,0.11935525231924737,1436
1.6369201498976917,0.12267971981759342,1437
1.7714592029186014,0.11565341390111232,1438
1.7960720372486447,0.11354201064182788,1439
1.8173400931337969,0.10888638651914267,1440
1.7360328432472458,0.10797587259033783,1441
1.5045089847563637,0.11600126799097674,1442
2.0043539279104,0.10296395050055883,1443
2.080165003860371,0.10085554398201538,1444
1.9160931196672828,0.10949123723736708,1445
1.5627639519822583,0.13796031817699764,1446
1.9090408404743413,0.11630075779280832,1447
1.7219820249414521,0.11024838591924813,1448
1.714848963933774,0.10427622367273205,1449
1.526409979116552,0.12343571018698202,1450
1.762646080578761,0.1089755147152673,1451
1.9434395325697844,0.10368053798902326,1452
1.8417042415565101,0.10501065959926678,1453
1.6424298994973847,0.1286478738583315,1454
1.8352409839732542,0.10016152512424725,1455
1.73803756871908,0.1102397685768754,1456
1.7291207801451285,0.11416804159670675,1457
1.748409908817694,0.11286222854737778,1458
2.0379739950951667,0.10115186772853592,1459
1.7339053238087148,0.11171820954263842,1460
1.5465698271661013,0.10613735592815658,1461
1.563270640322939,0.10867310074382903,1462
2.004627301195123,0.10067611059247379,1463
1.4879353311215586,0.12723175297235165,1464
1.2372015865955595,0.1728439736913575,1465
1.8151345671181507,0.11783160026019568,1466
1.341117867541382,0.17736456771342993,1467
1.945247763486047,0.10186648670529153,1468
1.488728651316265,0.15884677773014344,1469
1.9793561304256035,0.1037680228920097,1470
1.8839181497310877,0.10460023678475772,1471
1.4722919871157303,0.13698588410326334,1472
1.400558012484726,0.14486604821737914,1473
1.7187882337034546,0.118897262634069,1474
1.7101732130075453,0.11437593284211485,1475
1.4677533999841847,0.12957571375900048,1476
1.584281642934164,0.1117641630236004,1477
1.9491603445238634,0.10378569542871675,1478
1.659087819823094,0.12405378525741985,1479
1.6427862683619487,0.12147108981153408,1480
1.7047096499666368,0.10991817816525142,1481
1.7282146586230727,0.11269476360305748,1482
1.951057875727297,0.10716149219349502,1483
1.5971927176083645,0.11061861804441488,1484
1.5876418096254472,0.1152501165642862,1485
1.5583194565441663,0.11673376264031249,1486
1.538010920830965,0.1165912561083166,1487
1.7097951736214694,0.11656276164383776,1488
1.909112048241231,0.10437916515328395,1489
1.6852541382932973,0.11335556658826217,1490
1.5860277629066284,0.14102558831375225,1491
1.5095808114920077,0.14006740992158492,1492
1.9225895108710829,0.10626004868905962,1493
1.6014745182726233,0.11705527860612118,1494
1.7285598284736103,0.11004256708268763,1495
1.5089904892467614,0.14426948181291005,1496
1.5646661560633301,0.12585280964054385,1497
1.8785111762851068,0.10065118040819221,1498
2.0059834343735368,0.10522932460756154,1499
1.5172212014187259,0.12351982525634042,1500
1.7543074861985724,0.1054658020752615,1501
1.7236187397196763,0.10712292715719761,1502
1.809186472713797,0.10495439604844833,1503
1.513661008304511,0.12719636065194473,1504
1.7083202044045658,0.12150921994457832,1505
1.9149252325974893,0.11596296865217902,1506
1.4995983284489751,0.1265445766365596,1507
1.8444572585736658,0.11266150687951972,1508
1.9225816273899488,0.1039537488849096,1509
1.5108698455492975,0.1394232854818661,1510
1.702182985877847,0.10401291039646185,1511
1.7911039051258637,0.10679268002951814,1512
1.9426544389404508,0.1062383419338871,1513
2.002790153093,0.10009497138956146,1514
1.6647414757275474,0.12125567850354338,1515
1.7485632316071544,0.10642047847045133,1516
1.927391260700918,0.10809381273166095,1517
1.6740207383122947,0.11205258485047906,1518
1.9228283999773683,0.11308397913293068,1519
1.7302861323409633,0.10654173791898361,1520
1.5554942136803604,0.12306876367523033,1521
1.6863991784580303,0.13224445088287176,1522
1.8508456831469162,0.10549587882753143,1523
1.8211736816922224,0.11069099641150598,1524
1.64160233120926,0.11388338580644476,1525
1.3627352467252702,0.13135737597085406,1526
1.5835887433956992,0.14863920421399873,1527
1.965166216832811,0.10742078043504336,1528
1.7974984316889722,0.10518857587355078,1529
1.755943190425946,0.11297629089678753,1530
1.6911280251643312,0.11009957164780217,1531
1.9052709752746377,0.10206730410675742,1532
1.7935632235589523,0.11611578401400291,1533
1.7932052125771705,0.11395566056720256,1534
1.522504350131642,0.11810298725179928,1535
1.9407002951727834,0.10728146635347542,1536
1.5184152286754493,0.135561369878064,1537
1.7529254398625125,0.10429500890764859,1538
1.7351461406519315,0.11673649535518074,1539
1.4620586785898089,0.11675192153669642,1540
1.748347550032321,0.11627353999296342,1541
1.7505200334576885,0.11531830177697337,1542
1.576146906829166,0.127497523024435,1543
1.8365323807364071,0.1065610443782296,1544
2.0159340236458845,0.11113108100088946,1545
1.2942745804656939,0.18009074492055588,1546
1.6068399289679116,0.11946590502890798,1547
1.763259611752547,0.10337554588532526,1548
1.8729360856861161,0.10268592329051118,1549
1.7733494619138637,0.1115765339395168,1550
1.7386783285118657,0.12147744273212488,1551
1.391345025597454,0.1355774373783495,1552
1.953217870783395,0.11116974305701068,1553
1.913455806985187,0.10680846301122947,1554
1.8451693226691699,0.1127718932854261,1555
1.534138564328905,0.14013822436928874,1556
1.7307042796585939,0.12209618106785729,1557
1.796899157017085,0.11192956437519588,1558
1.8645160231153837,0.10566856498347768,1559
1.6587179640491168,0.12461446454809626,1560
1.7834371723395306,0.10555029790976114,1561
1.6654744871562501,0.1221676235918945,1562
1.6694589421437824,0.11804913016590805,1563
1.6274790634173848,0.1187052736341569,1564
1.555104949794375,0.12193729332098481,1565
1.524234171908475,0.14400649551780506,1566
1.761475170315416,0.11217872434058852,1567
1.5740326981605266,0.10699151539306635,1568
1.579967669328362,0.11830304648418846,1569
1.576591965761035,0.11396742001948629,1570
1.5922417222036316,0.1234053951834506,1571
1.8866335738637177,0.11293517917003992,1572
1.5494980420377427,0.14878394356593147,1573
1.8245958842180456,0.10690974187420152,1574
1.5276392694442429,0.1277151018681441,1575
1.3643661374886489,0.13530921733887355,1576
1.8568024950234456,0.10766670762475399,1577
1.718759577314773,0.11124955456975691,1578
1.712472294817213,0.12246467791151557,1579
1.648974035133469,0.10258991558090963,1580
1.5556501766665132,0.12825244133777103,1581
1.6886820965672424,0.11444587238803317,1582
1.674602071381228,0.11803660066233185,1583
1.5279396967609677,0.15177892201814025,1584
1.7996384472056912,0.10293376268513607,1585
1.8970317158204055,0.11968403098670796,1586
1.6521189298976509,0.12581205642039653,1587
1.806138229397127,0.1032574506777284,1588
1.9174347882269067,0.1051822834348491,1589
1.6102125514363377,0.11206833181879614,1590
1.4998731560873004,0.13495056277684642,1591
1.8795574228778253,0.10047419840523185,1592
1.3670610054489498,0.1649048501950836,1593
1.8617044761186088,0.11841070096789798,1594
1.8259724249417062,0.10643569570825519,1595
1.4618641777953434,0.12183318343873523,1596
1.834213471412962,0.10452874995794474,1597
1.5906748612088393,0.11970528271424455,1598
1.501466073460924,0.12793460763229914,1599
1.810249828321321,0.11456667478630973,1600
1.9665365964999026,0.10209018058913831,1601
1.5072436294449683,0.11971665162107706,1602
1.5107815860341915,0.12103443752110812,1603
1.6261390451467561,0.11706828111740804,1604
1.9535062546397506,0.10217349431646552,1605
1.9493523699111486,0.10513299187679097,1606
1.8505017543358124,0.1143727576707856,1607
1.5763752850946715,0.10478438076943646,1608
1.6007289449132927,0.13374705876646506,1609
1.6865863989407444,0.12016154652928779,1610
1.7101794250640179,0.10861361036898981,1611
1.5607927227680802,0.12514713733007088,1612
1.6620886052352657,0.1202749951783811,1613
1.800123489176511,0.1081194159622217,1614
1.7022756873908176,0.10983953362369808,1615
1.7577516582506745,0.11896038228299133,1616
1.6909121287958255,0.10150397110236349,1617
1.598381261860797,0.13182428846918146,1618
1.6138544205824314,0.11067041890967436,1619
1.8237259272369326,0.11236388807859414,1620
1.655865280340626,0.1084019346599181,1621
1.8162084699756649,0.10475087013803346,1622
1.769504018024871,0.12640656577724227,1623
1.8321714773510704,0.11741437534177039,1624
1.8318501273397392,0.11951009729864608,1625
1.9818997026786809,0.10452213703848641,1626
1.5962163885558585,0.1386847952486412,1627
1.9056044520555713,0.10992505030434496,1628
1.9121506281260918,0.10905520269361538,1629
1.905892564656429,0.10139228057827095,1630
1.9807055578882788,0.10560002072366925,1631
1.857151713713677,0.10293651983484194,1632
1.781641728272082,0.10932349657343432,1633
1.790525627124366,0.10754764924941095,1634
1.4845204396216665,0.14347758910196556,1635
1.9304253146081245,0.1119173010303928,1636
1.7488642741536853,0.11434532447958111,1637
1.686614814925022,0.11555356916457607,1638
1.7967669160609254,0.10446315007286322,1639
1.7389416023360358,0.10141188612758047,1640
1.832178043423025,0.11516123111669588,1641
1.5497191781860737,0.12912820826063676,1642
1.8048420047901708,0.10034125806259742,1643
1.782897545509669,0.12725665621290844,1644
1.9647189166957864,0.10437732887762657,1645
1.912747620666607,0.10063462106086236,1646
1.6378694879075255,0.11342348859969657,1647
1.832297744550684,0.1109307347930557,1648
1.7311069302088908,0.10838809366994266,1649
1.9415727711582509,0.1087482473664809,1650
1.5808290024680265,0.1107288449036638,1651
1.8101227997411318,0.10972527714530457,1652
1.7429913301519553,0.11214880322563298,1653
1.6909614305279494,0.1120484513778542,1654
1.7546970235466344,0.12611258488195218,1655
1.5273667901245374,0.12274797275987637,1656
1.715134878209521,0.1118185276859905,1657
2.0322530472879645,0.10390556262765548,1658
1.577142223518726,0.1290556386496241,1659
1.371382595164933,0.16161738668325074,1660
1.8302939834929015,0.10196137763801884,1661
1.7601973234304624,0.10763800946582532,1662
1.95402024857756,0.11052092059147034,1663
1.7694489972055776,0.10891161396036275,1664
1.264151335632296,0.17658134223651017,1665
1.7922993534889726,0.11261167700445472,1666
1.674960238696984,0.11698459875373549,1667
1.535704990861864,0.12683671232469548,1668
1.647710775596764,0.11934765019123249,1669
1.9109110663203552,0.10522282181729892,1670
1.433198039140825,0.12264710983336408,1671
1.7079854741954092,0.11840314638165879,1672
1.255760099932966,0.1823757914910581,1673
1.4452900342776562,0.15399630836329758,1674
1.7770194119818772,0.11232434307557744,1675
1.7944283445230862,0.10773137809761264,1676
1.7401866159431614,0.11784041393625114,1677
1.25089123089068,0.17287648809051387,1678
1.5126591522339938,0.12261859194541247,1679
1.7465278477334314,0.10455452003782473,1680
1.8079072009083794,0.11853955638895511,1681
1.489619742052494,0.15631134909190106,1682
1.7556186996259193,0.10474278182077672,1683
1.7304762094701212,0.11115968359586355,1684
1.539877576712354,0.11530249524096181,1685
1.6214775223538676,0.11959142766031615,1686
1.817229456619014,0.11557872492466863,1687
1.6679769773071826,0.1373354411019305,1688
1.6572713794647915,0.11137738588134134,1689
1.4740067633442704,0.14825483249698518,1690
1.8112722361345965,0.11224351491598447,1691
1.721790731186557,0.10959584388362344,1692
1.5138108808973563,0.14274225060828588,1693
1.7961261202474432,0.11676900987250309,1694
1.9856504425884847,0.10071705324414802,1695
1.6203032472270587,0.12284956925367599,1696
1.7809993879572819,0.10549473442647478,1697
1.7013804090528528,0.10533498187246147,1698
1.6322864646963273,0.11711360322487716,1699
1.9458422382610694,0.10219367629146908,1700
1.293055866466689,0.17690922459718664,1701
1.7700636234266909,0.1277654429992111,1702
1.432963414884545,0.15599193836007894,1703
1.5470397698340708,0.12020364059408953,1704
1.6596643382116592,0.11507867952546869,1705
1.9429331685831637,0.1001608016627156,1706
1.6561101988090128,0.10734326857031705,1707
1.7490581558287726,0.10972901153194031,1708
1.5240253269201613,0.12659892606697257,1709
1.980146638391509,0.11036373242743638,1710
1.5955575970054836,0.13161079656506527,1711
1.9425016907794266,0.10113703500665706,1712
1.5950841138232665,0.11618154434915116,1713
1.532682945192123,0.15530246298035283,1714
1.4188750593922863,0.14301075992113393,1715
1.5693176212207882,0.12065813169824517,1716
1.7675152176901048,0.11794539683465298,1717
1.6694674656100317,0.1128089543711368,1718
1.6079184323281508,0.11392372323465959,1719
1.775625354242361,0.10565323419500951,1720
1.6725294409759284,0.1342655319071649,1721
1.4986826952913557,0.15359124654433498,1722
1.725243849812799,0.11479227044339008,1723
1.7301250286933836,0.11186383934690655,1724
1.8241625299444724,0.11365130190958556,1725
1.6427555021690627,0.117002364497596,1726
1.9967056629876283,0.1105666937844775,1727
1.7797335915437074,0.1011150997161117,1728
1.437891246726298,0.13527135154936187,1729
1.7652377536699095,0.11526076742473876,1730
1.7175231698173854,0.10944389414408284,1731
1.628527289956201,0.1268677085511936,1732
1.7268074154231479,0.11924775202499703,1733
1.7867826546924597,0.1077660124475949,1734
1.6262256469487733,0.11292463731816405,1735
1.8308217949822607,0.11268952805854177,1736
1.910970687230754,0.10006441084145039,1737
1.871321483147529,0.11680415696333654,1738
1.7503792451211175,0.10860415898085067,1739
1.6066995875207843,0.11073951027720329,1740
1.9259447650364652,0.11481280405136682,1741
1.6418285927379448,0.11985307640232554,1742
1.6092240744003117,0.1263102201790857,1743
1.8275325314265527,0.10391524961891566,1744
1.5596759419087802,0.12192222535002932,1745
1.6658394078064844,0.11866331583580676,1746
1.6323076425103349,0.11619927624853917,1747
1.7880218306136935,0.12103759707591069,1748
1.6903128801972238,0.10788190320107924,1749
1.855189319451688,0.11339918634307602,1750
1.5838777433865017,0.15632168072852348,1751
1.799008311329031,0.10828900904193549,1752
1.9146531080901608,0.10983039258035047,1753
1.6284346965247998,0.12036909708013808,1754
2.026906626565024,0.10525898396115105,1755
1.8337758449823889,0.10717796997742694,1756
1.934369587290343,0.10414930146691474,1757
1.5680977747973484,0.12994196395979585,1758
1.717121333780533,0.10370184764256585,1759
1.6093968152761735,0.12355179369096345,1760
1.7323590114157894,0.10878092221348283,1761
1.9062435074883919,0.10864346754043043,1762
1.7889065847719166,0.11673499165607927,1763
2.08474158458642,0.10728352312990512,1764
1.706504873898866,0.11987762273885161,1765
1.8961660897733872,0.1084261115424039,1766
1.4240554053915884,0.15847165118642437,1767
1.6206020424928211,0.12172734871711158,1768
1.5411484181072643,0.13258428145833473,1769
1.6626962013523607,0.11506280616275462,1770
1.2188103190425605,0.1843474055586061,1771
1.4846825558122663,0.12695853917401098,1772
1.7482420145291457,0.11902867846144459,1773
1.7883434810170684,0.10101750538220336,1774
1.7141418909174948,0.10692327393363724,1775
1.5166616740082464,0.12672134104037994,1776
2.0047892422440112,0.1074367715762162,1777
1.853833297159734,0.10348095406036821,1778
1.6580929031598128,0.11876257279911909,1779
1.4919455446778536,0.13187260813230367,1780
1.9353697940562824,0.10670320362721882,1781
1.5901002295583286,0.12552295912402534,1782
1.865545016138534,0.11116811092619557,1783
1.7409085034576537,0.10933732456890598,1784
1.761478905813482,0.11177632362424338,1785
1.83515856791878,0.11477080610482099,1786
1.9654916774111155,0.1034648821960808,1787
1.6592657348879454,0.13470444268097753,1788
1.7687685661558856,0.10001642127145827,1789
2.0926190610105575,0.10125491215382587,1790
2.0261897076948485,0.10986786494701865,1791
1.8093887282030867,0.11738923505666725,1792
1.7233176307770912,0.12171786314981607,1793
1.719093461080983,0.10443370281725668,1794
1.768809709741644,0.10520170110221536,1795
1.8366594823841078,0.10747550282905642,1796
1.8214622470751853,0.1134091800335556,1797
1.6898933963067477,0.11600432542066176,1798
1.6966176424698383,0.10168294924443955,1799
1.606349734826,0.10853087486697473,1800
1.798247367254068,0.11249806632704729,1801
1.6968144282816315,0.11488945174745095,1802
1.5582204774536899,0.14063953822208553,1803
1.853844688137846,0.11691038924458834,1804
1.641170077595183,0.10812855796029464,1805
1.4873532492214774,0.13629049666199936,1806
1.8649972328693163,0.12273538195208822,1807
1.7955141243470398,0.1132885658163903,1808
1.4619676355100866,0.13871371651632794,1809
1.5281683436591043,0.12863952378144364,1810
1.7755092585868275,0.11976461383223908,1811
1.7209424201440646,0.13109462579825282,1812
1.897395818072755,0.11118254866347983,1813
1.824116086901888,0.12181386317088307,1814
1.7123829895370397,0.1119438870034309,1815
1.445617887719707,0.13287422131200968,1816
1.7077598657019022,0.11526052461262107,1817
1.5734249331911525,0.10953459615213038,1818
1.6358072828458794,0.1089828286823631,1819
1.871560127679901,0.10701268464320038,1820
1.3415675192759673,0.1428282998543965,1821
1.420434371072388,0.12830744518408016,1822
1.6422431836700908,0.12235339982072638,1823
1.4492389883181849,0.1344333053230574,1824
2.003043542718889,0.10331424651582703,1825
1.6392728358980726,0.12457455489682899,1826
1.5279935236080733,0.11783455142492189,1827
1.7291856637651941,0.10784696504192076,1828
1.7545926566103027,0.104500146268845,1829
1.5916330396444631,0.10671601790847278,1830
1.8434682570759262,0.10739668205458414,1831
1.7672054728171067,0.11407263918591273,1832
1.7756845464166509,0.10969632694009775,1833
1.394496231151453,0.13775610886572962,1834
1.7572143690608308,0.10620515692325987,1835
1.7693151546595889,0.10159659118786435,1836
1.4690450074210788,0.13091836520371278,1837
1.5374317359682677,0.11822437086652288,1838
1.7952705721665325,0.10431912279797856,1839
1.763699071895119,0.10494945996176944,1840
1.8319789969587288,0.11648818706131904,1841
1.5958033653713377,0.12627961084407313,1842
1.900973089659501,0.10695962325910295,1843
1.7882454062139739,0.129970959089093,1844
1.9045198701806958,0.1004108732552794,1845
1.3254042227941778,0.13410334091864887,1846
1.7917009600517428,0.1106610724219707,1847
1.6337524272547255,0.11989879164415732,1848
1.6030608733816045,0.11132302416592485,1849
2.060452513597838,0.10317939135955247,1850
1.6970277661561437,0.10880116100500088,1851
1.636190265540455,0.12727532360902455,1852
1.7037585494060319,0.12657084762972182,1853
1.9043108991186748,0.11074026589402346,1854
1.7365864105148945,0.11455728253925891,1855
1.862391790752395,0.11341717533631715,1856
1.3141726130004954,0.17077567367958402,1857
1.8723275008596156,0.10889275811010438,1858
1.5040026536621949,0.13183274197879746,1859
1.6588804949399731,0.1228379742091683,1860
1.8536871443951164,0.11001432071725681,1861
1.5580144857020863,0.12889285790765462,1862
2.0288698526061912,0.10419228486719634,1863
1.6586296797926976,0.1019684046545286,1864
1.7076213073422137,0.10931329827383093,1865
1.6343061454371617,0.10845016423389944,1866
1.6534379713385459,0.12113214631840859,1867
1.539513078945652,0.13077060320781697,1868
1.4974876268941952,0.13185126886249468,1869
1.7614246079246643,0.11893785862066097,1870
1.7504906361086723,0.11054427039230662,1871
1.582673429313947,0.12127470140487245,1872
1.5360428598167675,0.132853407696411,1873
1.6773743467568507,0.11177149376359054,1874
1.5203995564770132,0.11937857711190236,1875
1.7760700520490027,0.1005143664508638,1876
1.6672397403863006,0.11011404919777391,1877
1.8109619082488762,0.10175927064251754,1878
1.5421060183767543,0.11935910684202175,1879
1.9422963612042967,0.10361264861492628,1880
1.7927490506533876,0.10642639467106646,1881
1.8741191706524816,0.10153785135174939,1882
1.670811330094456,0.11622292115194884,1883
1.6027360675978164,0.11489026506989923,1884
1.8276273401546792,0.11146187683812345,1885
1.490434215565298,0.13927781511403398,1886
1.678195987824996,0.10645239208400256,1887
1.8189005255247799,0.10712802815948455,1888
1.7431705984652406,0.1186604316418588,1889
1.7334493071106485,0.11442923320213995,1890
1.8075582697317532,0.11186928160958251,1891
1.8540556580635303,0.10214775797148878,1892
1.7849607582262803,0.10149529522928093,1893
1.7466405787234578,0.11347685315503112,1894
1.7665424777947252,0.10687119285332834,1895
1.8310722432368092,0.10284744871913974,1896
1.8223181857590953,0.12019958513938366,1897
1.6856012633382893,0.1155990849537158,1898
1.6568247307539954,0.13504267932511543,1899
1.7032990128945782,0.11457187307904328,1900
1.4973844580097435,0.1513637415070649,1901
1.8276533713954874,0.11398684155002278,1902
1.8721186718367062,0.10257203136099896,1903
1.5105202423588704,0.14576279951823953,1904
1.538984266950023,0.12232267071688176,1905
1.5453865997998653,0.11626288371438377,1906
1.7783953855617403,0.10503551141053534,1907
1.8748444031761071,0.11271869811141541,1908
1.8627629502015988,0.10109655436487647,1909
1.6197054704762863,0.11031784533471517,1910
1.5637697774285733,0.1259771081950532,1911
1.785143811247274,0.11122865506035343,1912
1.681182305516356,0.11818698376612408,1913
1.4403174371761114,0.13828715717305634,1914
1.5697905816567297,0.14779558797326983,1915
1.3421130257433025,0.17288881408490384,1916
1.4903738375582598,0.1481838013164367,1917
1.6518604259430036,0.1197478907502317,1918
1.5898825453032366,0.11946242792817495,1919
1.871613387147362,0.10851232866565874,1920
1.5604940631540758,0.12295588540046073,1921
1.7029384267409395,0.1196816307391242,1922
1.546887360065767,0.12921435124460084,1923
2.08312093862364,0.10398493548841606,1924
1.5865461830545122,0.109453492498798,1925
1.6958197995099817,0.11274186789605117,1926
1.6970781676282447,0.13056183355120954,1927
1.5167548095795056,0.10950122755718295,1928
1.6692189882012753,0.11739703976473266,1929
1.716487444891356,0.11643860630169003,1930
1.3546574817521806,0.17508812397242252,1931
1.6886575405276343,0.1205331098765938,1932
1.6633268000848056,0.13011235154547082,1933
1.770707460665621,0.1179510653353164,1934
1.532662313163291,0.12251982966261334,1935
1.6837513567688642,0.11535276063590864,1936
1.1571173607143268,0.1896503900539457,1937
1.8697904755416552,0.10977672619431064,1938
1.8507209893839658,0.10992598176344621,1939
1.7757035157684389,0.11400246311344929,1940
1.9392412054211534,0.10433611884277716,1941
1.5126990416233204,0.11839406169598461,1942
1.4285812536622595,0.11962030837991239,1943
1.4016557703335415,0.15090810460914036,1944
1.624545781654486,0.11066339463523953,1945
1.8363086865924583,0.12181462454681252,1946
1.4307025211950644,0.1370990964283477,1947
1.9953683562792224,0.10226826473004022,1948
1.5768545047634919,0.11959327399748254,1949
1.8314788873792855,0.1098975929946472,1950
1.7097141179273292,0.1345504044896149,1951
1.2738685858329388,0.148048328169046,1952
1.4631506466363804,0.15455664103501382,1953
1.7823509401697637,0.10227717051438796,1954
1.6893500783831819,0.1159700074491347,1955
1.9222744998342076,0.1153386948639932,1956
1.72319048617746,0.11150608051546923,1957
2.1195789598890373,0.1045220050579094,1958
1.7314960559214119,0.11460186955126912,1959
1.608292873544229,0.1201074648939722,1960
1.6605803881803354,0.1397941266338174,1961
1.9644812495332673,0.10519230460811999,1962
1.7552973832051815,0.10818960038769064,1963
1.7291064888430032,0.12230312903103134,1964
1.4916160272165282,0.1258295073265906,1965
1.80379900338335,0.11639353677877624,1966
1.700121443336414,0.12131673988718672,1967
1.7586171195846478,0.11563452490766683,1968
1.7008416284638301,0.11265687120424259,1969
1.774545120505694,0.12077840237370675,1970
1.5358207015602865,0.1451817448104935,1971
1.294137147888848,0.17790724680131736,1972
1.6992389779030734,0.10764975073024052,1973
1.9094951138977247,0.10630048695200135,1974
1.6725485675572318,0.11890699752849862,1975
1.8268791430464062,0.10256667531902054,1976
1.646645961345903,0.11819262622798475,1977
1.7281484637618176,0.10973569726632504,1978
1.8950577521229626,0.10399367819592395,1979
1.9840472312247932,0.101131426731329,1980
1.6688255363866578,0.10902412258732595,1981
1.7343747760137354,0.11249280631037344,1982
1.478474383116936,0.14106583462734434,1983
1.4349562984235609,0.12827614668024312,1984
1.8508694755232151,0.11125169824326521,1985
1.5145499129543099,0.1462308588429398,1986
1.570842743447935,0.10711801646867436,1987
1.8046631569412803,0.10882231945853581,1988
1.7076217705025367,0.11375354068916321,1989
1.720311750807834,0.11598428407219007,1990
1.4870225734120563,0.13395503045641113,1991
1.7427650773671406,0.11438520501847979,1992
1.7958564860913928,0.10114322236499652,1993
1.470295671806064,0.14909381132292343,1994
1.8425523057165152,0.10815571661990547,1995
1.4940046395644162,0.14449609746299308,1996
1.8094182879671983,0.1056295192349637,1997
1.9584531022549003,0.10316176475813546,1998
1.5206813005988653,0.12205550897084996,1999
1.89363928927242,0.10550379976543317,2000
1.8035177010936814,0.10597288288010376,2001
1.3138792093959577,0.1314217779229897,2002
1.9138522091113463,0.10608314447339204,2003
1.688082999742976,0.10669366274750525,2004
1.6443391002936134,0.11128302813655652,2005
1.6175767124400924,0.13219448561476121,2006
1.598658138706203,0.11873347160059858,2007
1.6124835629305523,0.13001100954711264,2008
1.927831190971635,0.10301677356284092,2009
1.6632917862687358,0.11851896638089689,2010
1.897006514010624,0.10423737181871726,2011
1.7822419051113405,0.12109344070714309,2012
1.6007350211338927,0.13857032390601606,2013
1.6735959648207375,0.11932142669774143,2014
1.8561532547573505,0.1091033398937486,2015
1.7032919004152582,0.10203892826380229,2016
1.6391910427385525,0.12059107346657397,2017
1.9355100638087264,0.10524701954340324,2018
1.7066596221998371,0.11089402710245902,2019
1.5124176645463616,0.13244620312007682,2020
1.855858915769133,0.10175468831133014,2021
1.8193353034757922,0.11570922228637576,2022
1.8570122479645155,0.1101590581043498,2023
1.769333643757608,0.11426118953827985,2024
1.6816117071870782,0.11407293534678971,2025
1.9482189770227223,0.10805143318848642,2026
1.8239072692764615,0.1090393290157968,2027
1.823295542833671,0.11300966352514782,2028
1.8158491515162114,0.10101568720736749,2029
1.7586847805154986,0.12529308662487382,2030
1.6047329362168465,0.116683640799052,2031
1.779901975196073,0.10429597658294293,2032
1.7732939317615655,0.1081772969892445,2033
1.71576261713724,0.11461312993437059,2034
2.036278245504404,0.10423089444745857,2035
1.5258480850976102,0.11045704270811002,2036
1.7638019063828088,0.11009528606590596,2037
1.7586432636824227,0.11110593935386671,2038
1.5855704043161418,0.1309411101831055,2039
1.569535437078173,0.1204232965726541,2040
1.5675409790637875,0.13560246821979996,2041
1.9757442401009708,0.10234097121360572,2042
1.7480074750536345,0.12652381460463327,2043
1.456333048566124,0.15861217593470608,2044
1.830811834443412,0.1031524711895792,2045
1.8339387016527113,0.10393735238089676,2046
1.6616004435302048,0.11696805224858914,2047
1.7160548021041064,0.11682150576075079,2048
1.9128977787795145,0.1095139687932662,2049
1.9453812314886973,0.11049679601780556,2050
1.7543531432000603,0.10405134318022362,2051
1.373957279898375,0.1426977715103813,2052
1.9298841436139915,0.1077270388288601,2053
1.6635392287350845,0.11901585384112084,2054
1.7517072002652812,0.10365202505686096,2055
1.5215774110647877,0.12752658765927644,2056
1.5139336125713108,0.13493982044548222,2057
1.9348225329038617,0.1020425628388012,2058
1.6956330832001285,0.11000136893656826,2059
1.8635404682101084,0.1124515904378425,2060
1.4945246765575801,0.1276597583715383,2061
1.4079363554333035,0.13673755340030563,2062
1.878783690479143,0.10971167714152397,2063
1.8178400553240008,0.10050829434635826,2064
1.7715551157156861,0.1021451999085135,2065
1.7039731623503083,0.11047937094273828,2066
1.476605222609672,0.13033747432018578,2067
1.7409196755725453,0.1070744664928738,2068
1.7969913209121533,0.1004328171322504,2069
1.7375881701332732,0.12401552108336442,2070
1.463711926492585,0.1352893464910806,2071
1.6503680455882064,0.11348674724718757,2072
1.4862130017196913,0.12779511227547743,2073
1.425407058534628,0.1618623741976082,2074
1.4078432869742479,0.1413292136194955,2075
1.719773849969007,0.11495602182617308,2076
1.8959734316767518,0.11294717179086838,2077
1.5418281740737512,0.13077659168112918,2078
1.6785557764550185,0.10678486184212409,2079
1.8495236055656707,0.10724149523360889,2080
1.874975019932271,0.10849066133044231,2081
1.8035652698984923,0.10915630664245768,2082
1.7981271215204113,0.1084983373723496,2083
1.2649409202413184,0.17634099066893252,2084
1.6295458428689416,0.11664378882993186,2085
1.7953424008992591,0.11120777529935465,2086
1.4102994773485074,0.12453750987763013,2087
1.8412789843529547,0.10757090152371909,2088
1.6214807091893482,0.11015518968778025,2089
1.9642895517524364,0.10759931443221107,2090
1.7648186740129403,0.11627378966472185,2091
1.5351469921566119,0.1517396877677123,2092
1.6415301470859525,0.11097286514806703,2093
1.7773688591978332,0.10050078719509896,2094
1.78687911762297,0.10544975357509796,2095
2.054545756174952,0.10034656899726567,2096
1.6693968957704366,0.13740467131431117,2097
1.7482639013784658,0.11444907913520376,2098
1.757139457934937,0.10761564558977556,2099
1.5396379406499787,0.11441935319713607,2100
1.6437441168533848,0.11293584334683394,2101
1.6473400050918805,0.12447977207245366,2102
1.641394315020138,0.110844861603553,2103
1.6305003056259897,0.10530804522167506,2104
1.732883249242407,0.1094965342606741,2105
1.7890636042305852,0.11312223277854021,2106
1.4486258165706203,0.12373438628597264,2107
2.012656740427506,0.10148378418538168,2108
1.613832243244625,0.11216788797966337,2109
1.8571848950788687,0.11216158919350258,2110
1.538992249341596,0.1169357950142285,2111
1.6638977169259295,0.11804639287325293,2112
1.7165210178943953,0.11202578990935359,2113
1.6576061700530014,0.11209309192375637,2114
1.784988291024515,0.12423242198100184,2115
1.8003532360583865,0.10449136716915713,2116
1.4950229983994507,0.13018773614066012,2117
1.4992738445286482,0.12844372592107864,2118
1.4469830297535136,0.15456850262917923,2119
1.4573461944879393,0.15370106237649178,2120
1.7654840813637054,0.10549520092292175,2121
1.906901762449769,0.10324596183912171,2122
1.5994724888588603,0.10678669904652949,2123
1.784700458176367,0.1021018456537159,2124
1.1995878316588924,0.18444108870864723,2125
1.8942151752465415,0.10698491845596772,2126
1.6135363568325083,0.11290402300032577,2127
1.4812833427750474,0.15193875378525284,2128
1.9003207854769177,0.11435358237629853,2129
1.4719364309303566,0.11777805877758023,2130
1.5310095576770089,0.1240968497182602,2131
1.7804235885212614,0.10652043487270003,2132
1.3531912054553699,0.13530930208157285,2133
1.3907214459235093,0.1416604923472591,2134
1.4777933024836967,0.14884724667277144,2135
1.3829113294344273,0.15660378823487386,2136
1.8419363570926939,0.11048932334489144,2137
1.5180619536462732,0.15223432061698333,2138
1.4918675897486828,0.11298564353981308,2139
1.4115487905007493,0.13283115913020255,2140
1.855909157942102,0.10355651878393045,2141
1.9321940001960094,0.11348536756698861,2142
1.723961515319088,0.11728253257283654,2143
1.725865915066754,0.10022442758782972,2144
1.5173587441170104,0.1302719282537875,2145
1.7558894642388634,0.12232708973031833,2146
1.4362088218647509,0.15057424601350355,2147
2.049308322355499,0.10558080466161865,2148
2.078670373542894,0.10002580066496829,2149
1.9213034150084727,0.10101505662266902,2150
1.585381242292243,0.12560151850251702,2151
1.8463197974247398,0.10048797190926292,2152
1.562696463094058,0.11772692300747475,2153
1.775229900673717,0.10026584800609478,2154
1.6762627968159247,0.11785353381568447,2155
1.6648001333101798,0.1236808962767846,2156
1.5418982642172723,0.12483014029270331,2157
2.0523342583383677,0.10645409252893934,2158
1.7814064140271344,0.10327598092562076,2159
1.934096538139069,0.10911278260662939,2160
1.6839160346017283,0.11373179471097347,2161
1.6645978190494484,0.10464270771220732,2162
1.7790534312703492,0.10573297106286329,2163
1.7279506366134354,0.10320156583784883,2164
1.9650970795966192,0.10190643173310529,2165
2.029158624920832,0.10050861013175884,2166
1.9342854224000505,0.11383912477173093,2167
1.7425979337042654,0.109069954600936,2168
1.5602449027285574,0.11646080550616794,2169
1.77605838427234,0.10487545424970267,2170
1.8039066341958836,0.11680977858063875,2171
1.5392503886127515,0.13119424481177536,2172
1.6717959240184692,0.1184157074840332,2173
1.8428328782045011,0.10004612956404386,2174
1.8216509809818167,0.11780304680739428,2175
1.7890839566317303,0.11043636983444265,2176
1.5711197448990921,0.11217382993594925,2177
1.8351127375683443,0.10299439499526623,2178
1.81588789209058,0.10350640043228798,2179
1.761589675308499,0.10256326084757135,2180
1.9900864386077886,0.10168658610980348,2181
1.7850234403581338,0.10788569658015126,2182
1.9758501762336762,0.10363912001486993,2183
1.6814173017398752,0.10738859604446889,2184
1.8407777139101282,0.10520438074097883,2185
1.9429982118558082,0.1117358220023364,2186
1.4550073670334434,0.12697454253628426,2187
1.9774217161231458,0.10877721871882325,2188
1.8039479676225123,0.11097208871833798,2189
1.574713374285396,0.12232600439857776,2190
1.5244824203140812,0.1534007191744402,2191
1.7822217625687835,0.10570905415439028,2192
2.0309536103022925,0.10190637654561535,2193
1.539073627244542,0.14737191542988465,2194
1.7554348065954268,0.10356152379686435,2195
1.905765327798684,0.10533469275429647,2196
1.7638259564540386,0.10685219826506726,2197
1.7162114108227622,0.11519529135805016,2198
1.8380319273846424,0.11149827293467619,2199
1.7255325810232172,0.11053993398163887,2200
1.795618554238575,0.10080790864677507,2201
1.8164475912632043,0.11612167234947907,2202
1.9317614743402027,0.10986459723843024,2203
1.5025908515757613,0.12769466346766045,2204
1.6016222419722133,0.12170195048026396,2205
1.5248592875796494,0.12785861227343734,2206
1.5654403950270273,0.10835133594219422,2207
1.6881837819569483,0.1045088954611669,2208
2.07133668853733,0.1024096793712756,2209
1.6962852452217034,0.10923808401986992,2210
1.7945744990649202,0.11091409873916722,2211
1.8192282777883981,0.10972983306323578,2212
1.8726406908749575,0.11562217958869839,2213
1.7083853102772049,0.11379904517138636,2214
1.7461590814666836,0.11135697879375153,2215
1.8199457582026926,0.10188327902664929,2216
1.3260983265471578,0.17822258787280262,2217
1.5885535762195244,0.13945853986497564,2218
1.5206704311362134,0.12916390451194762,2219
1.8520494352656995,0.11387676902930301,2220
1.8662338212745766,0.10209970593172651,2221
2.015391194348368,0.10008975153469236,2222
1.6231966494187808,0.1277452822077895,2223
1.5576103421609713,0.13058366649489586,2224
1.8261986000794594,0.10701981020004891,2225
1.7383454402625,0.1139446092868639,2226
1.507047130782702,0.11243774887443587,2227
1.6987585693381,0.12894079799293326,2228
1.7191661332502737,0.10932168541406762,2229
1.6041390922547545,0.11983034030543685,2230
1.8348727690862068,0.10295083867753747,2231
1.7150416657153513,0.10870635538689977,2232
1.8344940824344735,0.11007267569485304,2233
1.5461856241336105,0.12854506609500932,2234
2.036542132249112,0.10195817255480814,2235
1.6068589947075147,0.11317823234759117,2236
1.963335377245124,0.10036268600092216,2237
1.5426963309182284,0.12978733602163453,2238
1.6728811350846555,0.11268502204512236,2239
1.7367695524833955,0.1134238912062097,2240
1.8102615847788834,0.10500159095347934,2241
1.9729506095484517,0.10444095387356021,2242
1.4445266872575457,0.12137793985380174,2243
1.8975188081485765,0.10364083757747501,2244
1.6440005701508082,0.10926115849546732,2245
1.8262503000300043,0.10352391175298639,2246
2.0101521772321966,0.10106457595559953,2247
1.7121488412891592,0.11756563175989808,2248
1.5099545221588773,0.135497648449417,2249
1.829715236169122,0.1144833870714862,2250
1.8126059498650975,0.10621911857362368,2251
1.3419028257822896,0.1342815977757549,2252
2.0153894601966558,0.10159750830636666,2253
1.8151397713372224,0.10663783692773486,2254
1.773321288639715,0.11019515023814436,2255
1.7290943379703039,0.10667676851680068,2256
1.8198590780628587,0.10480954879009473,2257
1.473147913892671,0.15146534205746817,2258
1.664862276209452,0.11484999459752356,2259
1.62797731106089,0.11822661710566472,2260
1.9289437540902774,0.10553688972264877,2261
1.9834746838003294,0.10812971335384794,2262
1.8012677093996834,0.10893777404514048,2263
1.7969718549808475,0.10358119771091188,2264
1.8525066344662224,0.11727906216278172,2265
1.8212856499445869,0.11557144961598806,2266
1.831265353611236,0.10151779224180875,2267
1.6387444083966043,0.12960686968266988,2268
1.3740379748854297,0.13663946555685033,2269
1.8000571812197985,0.10886153338852968,2270
1.370140596332791,0.17646158673612428,2271
1.5487738107849471,0.1478712059093689,2272
1.534382214748352,0.12943851312213334,2273
1.5883779874538364,0.11985343318456779,2274
1.8269951179948576,0.10724551749491312,2275
1.7537174814242513,0.11814995809222444,2276
1.5708970473729598,0.13633190510162407,2277
1.9553850002799902,0.10780304155867841,2278
1.6993271703483086,0.11002093276320979,2279
1.812372895988109,0.10169723473986865,2280
1.346297630034702,0.17546838812452858,2281
1.5487897513340696,0.14057978463202803,2282
1.6720004376856465,0.10942480625586488,2283
1.6735696755215814,0.11619975324825922,2284
1.8199728738196466,0.11115691151049059,2285
1.7100054271896477,0.11407287109899843,2286
1.333550574599158,0.1740258050245811,2287
1.95281019222262,0.10629506482785459,2288
1.6218984305567066,0.1409831774329648,2289
1.8782476676488633,0.11328972867694027,2290
1.8128901269965743,0.11057431293104013,2291
1.6258737728277821,0.12478993771644459,2292
1.899912832270521,0.10191076173401628,2293
1.6278986868006837,0.14595529633867235,2294
1.4840072622603038,0.16104851202953954,2295
1.6755753939191662,0.11759589585983275,2296
1.5279775862884442,0.11396171511058695,2297
1.6937280290506884,0.11168558750286114,2298
1.6927471014899713,0.12592446144229358,2299
1.4280531541140364,0.16182448448308123,2300
1.4983887443780772,0.12777067411495385,2301
1.7974541557068444,0.10596432793756157,2302
1.9446874452642045,0.10398792218081632,2303
1.741535511033522,0.10993788454255358,2304
1.6349793753574657,0.11407653665944943,2305
1.3602555107573568,0.15250181473082175,2306
1.6716579190977585,0.1238787558194924,2307
1.8208152119291545,0.11109233160600847,2308
1.6900628004059048,0.123355112633446,2309
1.8554255982493748,0.10571167816421032,2310
1.90423119380067,0.10565915471454053,2311
1.625348272623917,0.12642164052661645,2312
1.682206032906546,0.12019920512071741,2313
1.7698549506869468,0.10531964480666985,2314
1.6985068545308069,0.12150472916537569,2315
1.691802666097211,0.10863965683237305,2316
1.4652911648280766,0.15083600670975716,2317
1.658113085960187,0.12276638017803876,2318
1.5754082840380277,0.12212480950836198,2319
2.0382314797623717,0.10705629344163123,2320
1.901170713894561,0.11096551091576669,2321
1.898529366535826,0.10701622419506866,2322
1.9683775215789372,0.10624742883098967,2323
1.622930539518332,0.12246715607549608,2324
1.7135510345987117,0.10595826398909328,2325
1.7066663768625168,0.10535891304202738,2326
1.4101283743380995,0.13357910301555934,2327
1.8781903586836524,0.11206821410721868,2328
1.6362530961899415,0.12558982026643023,2329
1.9501397815653527,0.10910376066777026,2330
1.781303005346545,0.11385552340929139,2331
1.6336334812425433,0.13551733932994667,2332
1.5892402966098909,0.10804132553956411,2333
1.817568502894809,0.10511155624999288,2334
1.90023826429729,0.10302122960077198,2335
1.797748635270066,0.10707001429870165,2336
1.4027943702455066,0.15434961399886798,2337
1.6187721746011436,0.13616691678651852,2338
1.8598790352054877,0.1016002271258582,2339
1.4943421447194263,0.12536326874918646,2340
1.8345442242330412,0.10574363596130507,2341
1.899006257484056,0.10626085794105779,2342
1.4138899475958824,0.13138709456657255,2343
1.7631361034116588,0.10244445674307151,2344
1.5323055600858329,0.13378936384474865,2345
1.717674579294526,0.11914317076758511,2346
1.3407247568282545,0.17377940462534028,2347
1.7194458716638241,0.108822311930317,2348
1.7738499913467867,0.12085891645590241,2349
1.8529925163954786,0.10084601830365052,2350
1.7064478616909622,0.11827537917221015,2351
1.4911239764122768,0.1522028278503386,2352
1.884224772953653,0.10201571878771176,2353
1.728658991064411,0.11422666198484238,2354
1.392644145413184,0.13361558292359016,2355
1.6672267335701383,0.13382924574777655,2356
1.734060412718111,0.11675814371363102,2357
1.6942097322055831,0.10593686563208866,2358
1.2058935424886468,0.18032044897993152,2359
1.6283843802781954,0.12161658097998107,2360
1.9289215923282428,0.10646384857027838,2361
1.8985754093863643,0.1076186842911089,2362
1.7533973105065217,0.11449776456240705,2363
1.6855060343480461,0.10629273412713497,2364
1.6301405749398132,0.12322213762991062,2365
1.7724879180351332,0.11460109894198343,2366
1.3781348107582878,0.1672363347369941,2367
1.6748284474923205,0.1295665553691091,2368
1.9101567989758899,0.10454551473465837,2369
1.7913642143064115,0.11667194735561799,2370
1.4331251579875521,0.13908949841122376,2371
1.446279165914962,0.15045758108422272,2372
1.6060387174148816,0.11364997908040023,2373
1.5338524304314178,0.13226449949708002,2374
1.7941693235621947,0.11996887328163798,2375
1.8424452833731066,0.11125053121686135,2376
1.9659446094053439,0.10669581156437526,2377
1.562996347174261,0.13175932593185274,2378
1.7436086269234585,0.11689297642611718,2379
1.6759726400362753,0.11500656819210563,2380
1.8047303422867864,0.11342666491773243,2381
1.7762926606878309,0.11022016574988018,2382
1.8994008289204045,0.10206395256879892,2383
1.7418126007668122,0.10913562352476218,2384
1.9083408015636611,0.11597590483027673,2385
1.8027688535878414,0.10678318889048581,2386
1.881754389120579,0.11093701273552947,2387
1.6681623484741466,0.11122953117071767,2388
1.706067486337414,0.12332553027416374,2389
1.9391834474499852,0.10299348960123182,2390
1.6851507420133292,0.11542639529842418,2391
1.8763106270730776,0.10281993383538979,2392
1.8927940419180302,0.10793897543709312,2393
1.7242466467831725,0.11533457257619774,2394
1.8380801196832581,0.10590911430227505,2395
1.1745203075786217,0.1900449969687685,2396
1.4647154971870913,0.13099456996165976,2397
1.2221459374698995,0.17617944229549987,2398
1.8170387967601584,0.10475888584155549,2399
1.3728014770212544,0.13595615184770501,2400
1.7249134942850992,0.10967970669182303,2401
1.7828867944941797,0.11593684493579556,2402
1.638814985767326,0.12126449135924657,2403
1.8697149773586679,0.11229678756962426,2404
1.4710999976131733,0.12562651665150995,2405
1.3885687099218544,0.11423734119667822,2406
1.3755611915126007,0.16036824892786586,2407
1.7724595963839462,0.10768909875409863,2408
1.9177441583450692,0.10478821827661194,2409
1.6575068875719452,0.1332525995873577,2410
1.5092031283588647,0.12038976789235441,2411
1.7282706617984247,0.11021070879599598,2412
1.5617794044673392,0.11473660875574099,2413
1.4969472522362501,0.11373432364777959,2414
1.8294689526558043,0.10509677839178835,2415
1.6398280680914497,0.12509401795983127,2416
1.7937290841999354,0.10852870762822149,2417
1.5028277224357587,0.12218029597056124,2418
1.6400006792512618,0.10727265095404669,2419
1.9749993313924767,0.1125585243755389,2420
1.9291193589608275,0.11004775027523163,2421
1.6850214200333455,0.11971946210056911,2422
1.5139355226378226,0.1501947708503877,2423
1.637570387220214,0.12086160223429009,2424
1.7538031640607816,0.11472408040745692,2425
1.4536652225577884,0.1428321896392107,2426
1.9190165463386752,0.10289369691562368,2427
1.793008798348501,0.10996316597709109,2428
1.690816146053624,0.11392348780791055,2429
1.5267664424136569,0.12452912805392552,2430
1.70671123855023,0.12379053174205999,2431
1.7503592901210503,0.10257864925290239,2432
1.7407294185684417,0.11811435732159838,2433
1.5452193593253378,0.13764664245349384,2434
1.685374078296203,0.12327296033420941,2435
1.595720512511386,0.12497574041572153,2436
1.9429943766718023,0.11252431117819271,2437
1.9569866713012056,0.10050006741671683,2438
1.432550526483588,0.1610106989691515,2439
1.8015167963009806,0.1071799310879366,2440
1.8953742617520875,0.10933642671401123,2441
1.9027975901772691,0.10421654837593093,2442
1.3136767487263679,0.14714822506442324,2443
1.7429189848067825,0.11345760085917246,2444
1.7454715623887087,0.12008907458564469,2445
1.5751001556160216,0.1479965165860813,2446
1.823525253909871,0.10426344775514448,2447
1.761207490353384,0.11425813807056817,2448
1.9672238508258213,0.10238490564925795,2449
1.6562722748453813,0.13006403985617238,2450
1.6376474810797985,0.12266997810088254,2451
1.5471784745926795,0.12407415460986955,2452
1.80967104285731,0.11566579280219104,2453
1.25822937836083,0.18018763129400825,2454
1.5813662408399969,0.11965019645626082,2455
1.3413846650584154,0.14405020229679633,2456
1.7377118647594934,0.11503402663714729,2457
1.8862233870695846,0.10312581657825369,2458
1.705372831559169,0.12289302331302013,2459
1.4833079937101554,0.12899196603356197,2460
1.7652869379750074,0.10220430581173219,2461
1.5829568812607013,0.13808994436472835,2462
1.5529858791071138,0.12025037124620969,2463
1.8057647588261,0.11218352091199002,2464
2.0440861986996883,0.10329515671454086,2465
1.721416600789821,0.11946314633547032,2466
1.4670893246293744,0.15262680274852966,2467
1.755879401257207,0.12478764999709693,2468
1.7717427569638584,0.11493855034738683,2469
1.9709352419503354,0.10435898975062866,2470
1.7210454617774555,0.11646419327696066,2471
1.7864496401109569,0.11512456604254287,2472
1.6491975758840849,0.10696798801468906,2473
1.691549435812631,0.11229219217427401,2474
1.767395093598645,0.12435892049497713,2475
1.8865469240711292,0.10439499272473707,2476
1.8193960652203836,0.11385841470972431,2477
2.1220349678886046,0.10096061464410776,2478
1.6041384045139173,0.11478397873399446,2479
1.5516814175431943,0.14287801967017813,2480
1.729292219915025,0.10047859938815387,2481
1.567884015655186,0.1396125364174813,2482
1.949572734243461,0.10045793425511464,2483
1.581693970638692,0.1089481301424109,2484
1.9249472299854684,0.10815390012120386,2485
1.724766351615451,0.11763160692016886,2486
1.648935495745913,0.1292715616624299,2487
1.6275175538091238,0.10983501164074924,2488
1.9387762706232359,0.10788703106530557,2489
1.727722569508256,0.11353536529292729,2490
1.8572699041391265,0.10774002864080762,2491
1.7247691008496355,0.12492271720988062,2492
1.9392939267800078,0.10043631518559738,2493
1.8847007262226727,0.10836930072524024,2494
1.8535774126207423,0.10836995504897645,2495
1.9406127866675054,0.1034214213352372,2496
1.8463656069609753,0.11283202168349513,2497
1.8725779389843362,0.10091233409186981,2498
1.7219816921147246,0.10945074026849923,2499
1.81293296875204,0.10435879757467853,2500
1.6228253618068635,0.10533354646440533,2501
1.6724642927954203,0.12314703391416636,2502
1.6426058528578047,0.13695353428055157,2503
1.9186738222988649,0.10195790964259956,2504
1.6694519368091283,0.11554949396209753,2505
1.591406722694444,0.11221294654746782,2506
1.5340757157997766,0.12151082434375268,2507
1.5200909889345242,0.1397920179717598,2508
1.9912598404559543,0.10624597246308808,2509
1.6946317658005587,0.10946695610057083,2510
1.9816649078165907,0.10384389735070676,2511
1.6324865137663278,0.11970735123828413,2512
1.8482197120510468,0.10844494534983296,2513
1.6713888074069307,0.11467674479283008,2514
1.4288591553773593,0.15089968492938077,2515
1.5333240724307915,0.14093410006925672,2516
1.606066701128884,0.11423296351271259,2517
1.490865739423664,0.12853735352234055,2518
1.7378726156315112,0.10619539126921171,2519
1.4393212328117093,0.13338256436716017,2520
1.6558892939536503,0.11955704673108665,2521
1.3527058168325374,0.16600416129870726,2522
1.8280039086572695,0.11119448935279813,2523
1.1693247986455104,0.1923703040812789,2524
1.7720256970487132,0.10087089544926275,2525
1.7440120026731951,0.11020004436538333,2526
1.5042322240725492,0.11119322664370293,2527
1.55113430469162,0.14782438112660645,2528
1.3695791194040037,0.1561051214431398,2529
1.8599028523421675,0.11378367095241508,2530
1.7099708341414732,0.11509475935169164,2531
1.7610270074936425,0.10172791090424255,2532
1.8168657251695468,0.1029271145525634,2533
1.9135080130511746,0.10776126556886734,2534
1.7504087430834652,0.11148814464908162,2535
1.6711750411956658,0.11044325710821912,2536
1.6211641467482922,0.12224379093126897,2537
1.7204149916545277,0.11401494725575326,2538
1.3984415818995595,0.17329204808136586,2539
1.7561165774580139,0.11825778151658009,2540
1.692861798768358,0.11876437439528495,2541
1.1771843250417284,0.1843589502604963,2542
1.5079194413398178,0.1210907641337209,2543
1.5004795705864917,0.13462117943337296,2544
1.7227798089620658,0.11272902469938734,2545
1.6423249125132668,0.11220574126487581,2546
2.041443889739588,0.1039340174120554,2547
1.7224865409177128,0.11786229272817582,2548
1.8945150702612612,0.10031999197406884,2549
1.7756112510151894,0.11395970456201496,2550
1.5273514322051358,0.15148705932071255,2551
1.7991248860858473,0.1072587760960638,2552
1.9344370549524814,0.10082464236606173,2553
1.9176300333990455,0.10308272309544668,2554
1.7292776874178304,0.11306850924559152,2555
1.6488796311834928,0.12968267115785845,2556
1.543748324152531,0.11943946445410017,2557
1.729032165320598,0.1059322564155275,2558
1.6261421499958506,0.10969156920866235,2559
1.7642502321294429,0.1086145386681838,2560
1.4807856009465732,0.11547436658693642,2561
1.6843088749298982,0.10413848292712295,2562
1.5074952375890467,0.1533222527732602,2563
1.4011186788685652,0.15476851270028003,2564
1.5898020963057555,0.11811910127564255,2565
1.871768145727272,0.10197084630455314,2566
1.7092395238154097,0.11430164537657476,2567
1.8630124218695019,0.11002543404159651,2568
1.3400183888886383,0.1671941539896566,2569
1.7591411591570703,0.11411073941225104,2570
1.8447035089825543,0.12240627633682648,2571
1.6049217957067876,0.10957442702573514,2572
1.8466799525710846,0.11719495364754025,2573
1.7323551958033412,0.13584710886436838,2574
1.9781178395674546,0.10992729503895933,2575
1.9111345906653665,0.10945844277118705,2576
1.8653908166356332,0.11869667461901551,2577
1.4915565308923442,0.15847140749626448,2578
1.7523110932283221,0.1094990817945234,2579
1.660522092210289,0.10982941282466609,2580
1.695188405502141,0.13424409398447432,2581
1.881165559096138,0.10898115176587807,2582
1.5756597719002032,0.1473001816440026,2583
1.6476324478134547,0.12410235463058981,2584
1.5227976751080181,0.12820684632816742,2585
1.3731437358335494,0.17597239125137537,2586
1.405600305661934,0.1398046065802132,2587
1.663193443407755,0.10721689226161232,2588
1.5738206108719253,0.15022936909888276,2589
1.3789125408144558,0.1546739319203068,2590
1.6582880862750442,0.11198225449954637,2591
1.3666351126820402,0.15267966883654266,2592
1.8529610709343056,0.10087910134099605,2593
1.8548301726849,0.11178938320206086,2594
1.5968184323139138,0.14671862277119313,2595
1.7079559164725167,0.10988449878170542,2596
1.534160601240833,0.11883823051924393,2597
1.9890901414614979,0.10605049823842058,2598
1.8166376880981139,0.10216470268494322,2599
1.674068149341787,0.12416679358578085,2600
1.7680096161852132,0.10768505495541131,2601
1.8934164643642153,0.10768582796315196,2602
1.3928755319894717,0.1346782439486818,2603
1.6820044563711392,0.10746784966573827,2604
1.4525538332582975,0.1328436247874137,2605
1.8370874319209605,0.10726554133035443,2606
1.9245124197191654,0.11047719279321896,2607
1.5781473817726843,0.12487362271381189,2608
1.9108504542608868,0.11261917480222676,2609
1.4259152109045714,0.12987971783621333,2610
1.8326029900981753,0.11013254405119244,2611
1.8372815955048851,0.11137892123846917,2612
1.5445707744465458,0.1575833000844997,2613
1.7373463475542654,0.10753817049926365,2614
1.680073140546089,0.11716491334733384,2615
1.792392174039659,0.1139287315023116,2616
1.4052906388376836,0.16072608083406068,2617
1.8656655098888064,0.11151579599551593,2618
1.4106300211515947,0.15522718087785076,2619
1.9322231284499913,0.10513350724951312,2620
1.6852041675003955,0.1171705522608888,2621
1.8914813326792264,0.10931000762498838,2622
1.7420315296516418,0.10457300426450815,2623
1.7621237235936182,0.10321010157153156,2624
1.7177334674204738,0.12096534698956471,2625
2.0564910043041746,0.10259959159017193,2626
1.771572798304732,0.11853626250825325,2627
1.911612811098834,0.11015383923034007,2628
1.7844028963477354,0.11297161185479247,2629
1.8118758827186712,0.12323450591837225,2630
1.843744662559199,0.10354676285891411,2631
1.649453344638973,0.11617959280185486,2632
1.6370084377744913,0.10712496837099844,2633
1.6479670917387843,0.13046896517532827,2634
1.7556082966984197,0.10749139008573762,2635
1.6051360634407421,0.12790499377611841,2636
1.5029992014736575,0.13664937418304704,2637
1.8395824595959656,0.10315158088256579,2638
1.6500229460708866,0.10655382521920964,2639
1.8807099097477533,0.10687921425358789,2640
1.8525617128364547,0.10363924378021962,2641
1.5893775984226175,0.12573897341782492,2642
1.6042332563353732,0.12658849737871056,2643
1.4183376450937004,0.15452349996431622,2644
1.812697338499476,0.1099492571967325,2645
1.5616963007058333,0.12524889097569392,2646
1.5571067041221924,0.11093886426489866,2647
1.479249597567517,0.12527259393866394,2648
1.8552295429903538,0.11797111037695017,2649
1.6733483121062411,0.12277757676018675,2650
1.817541360274556,0.11102425619077057,2651
1.8150880005958223,0.10411440159718265,2652
1.7056474443994678,0.11777132655245079,2653
1.6649823985142995,0.11875804729158201,2654
1.5776786750615615,0.11211418369611144,2655
1.747295454007123,0.10015521566265881,2656
1.6351564033585828,0.11172311267494084,2657
1.433683430922143,0.1352392122929954,2658
1.587046822376947,0.1233404347709425,2659
1.9622513482830906,0.10549453907005425,2660
1.4733835171909395,0.12257750371721532,2661
1.493920924406882,0.15675847776369758,2662
1.4134824586138048,0.12578020326471406,2663
1.7185518053731732,0.12204012338233325,2664
1.7545402711216966,0.10226960293622407,2665
1.8995252632638597,0.1151998077022604,2666
1.4735832084046667,0.13033891910500414,2667
1.6846421471861006,0.11891451265732823,2668
1.8109233662520576,0.10863500958853574,2669
1.6124529925542215,0.12030389373653391,2670
1.7065542617501344,0.11244531959189194,2671
1.5451181586563565,0.12849496386297704,2672
1.7594203541168725,0.10769962730432192,2673
1.421834011477995,0.1528648190349173,2674
1.6711366046258183,0.12120975862021359,2675
1.489672601623709,0.16044703212573014,2676
1.8582889874982151,0.11392665942476961,2677
1.393636761928324,0.17754628379230236,2678
1.6725296371899638,0.10935895562689318,2679
1.537972397850331,0.12745076378646966,2680
1.7664122629685604,0.12241007359143281,2681
2.0202228832720874,0.1026627124245322,2682
1.752561196261936,0.10441356820950581,2683
1.9409562632649604,0.10791140310207338,2684
1.5634129789070979,0.14346796601334938,2685
1.6007933257283735,0.12452271496078322,2686
1.7066678269828257,0.110623274947752,2687
1.3117346397402776,0.1460365715988843,2688
1.8942884730347076,0.1202111923493835,2689
1.4818651722559524,0.1484406794317643,2690
1.6206214913514385,0.10226843740097055,2691
1.6166375767435044,0.11818587481826942,2692
1.8013307502870097,0.11039561394918698,2693
1.9198886440330674,0.10314326747702197,2694
1.9956713513475992,0.10019479495855195,2695
1.414513208778194,0.15452817054231083,2696
1.5297209866880606,0.14077371043558531,2697
1.7421107920166434,0.10882263773429673,2698
1.340270422843762,0.16794958919143055,2699
1.6393416051358,0.10427898525648116,2700
1.9848936739028302,0.10444792390382766,2701
1.7010284305812098,0.11860029573037595,2702
1.9310190029601562,0.10549304650979524,2703
1.8818003218074502,0.1075656866855038,2704
1.4904452017471543,0.1413430338006501,2705
1.8009025800828338,0.11456940081375072,2706
1.4951297221561433,0.13227404900571005,2707
1.7667226495905382,0.11194138585078528,2708
1.665887993468493,0.11449702282672507,2709
1.6537149017480135,0.11915706751735589,2710
1.5867121739560408,0.11253629930252067,2711
1.7238725063647464,0.10877161968278694,2712
1.5325199337560236,0.1482041233156435,2713
1.7056500327077748,0.12179500905247219,2714
1.4127073837598538,0.1348853328229119,2715
1.7385765307741714,0.11322894696109571,2716
1.7557661079191422,0.10981207378721193,2717
1.4478171037250054,0.15218655083815977,2718
1.889696553906182,0.12031659001507254,2719
1.7319503338937994,0.11235056061543361,2720
1.6875779335619951,0.11093867566511931,2721
1.8021138930683014,0.11630509503066228,2722
1.715024840538427,0.10963487395524271,2723
1.8634061620017772,0.1049950007169765,2724
1.6086941231652612,0.1101917737205736,2725
1.7709544253551044,0.11323459728664555,2726
1.7837981958408178,0.12407694317185922,2727
1.9606211210916586,0.10871143795698533,2728
1.7125216456976795,0.10489562381680802,2729
1.6029029817787785,0.13107727117524848,2730
1.6234314484442902,0.11893195563042068,2731
1.595567513549863,0.11004185205186642,2732
1.8648762570658632,0.10004368285643588,2733
1.7413931274959569,0.10186882919522113,2734
1.7019334947206783,0.10192911767947174,2735
1.7494863200555248,0.10944042431793512,2736
1.7858154781443163,0.11506253217011937,2737
1.917623418185845,0.11217209462089052,2738
1.9054478039934117,0.10715269103472026,2739
1.6290269297059925,0.11580505558303901,2740
1.617325420906213,0.1090272991612337,2741
1.7631924982043496,0.11203138534186176,2742
1.4608657261496207,0.1523579407383959,2743
1.642078387911928,0.11445066144670708,2744
1.765370565182426,0.10869454203889398,2745
1.7360168993811498,0.10764197944413986,2746
1.6792759812378222,0.11790730220786477,2747
1.6181611863764231,0.12905594716457064,2748
1.4302972279543111,0.13845558958019136,2749
1.83337957395126,0.10609014122930906,2750
1.400314327339649,0.15852185752077957,2751
1.6229547669728792,0.11771912901073184,2752
1.811754153144389,0.10612442419152399,2753
1.752237625205767,0.12438953688554999,2754
1.7078288873097487,0.12219174343529396,2755
1.4889804633818111,0.12224748945996593,2756
1.5695921257777954,0.1184938770657334,2757
1.65705066764365,0.11503502831741165,2758
1.6933491154346805,0.11748494579686279,2759
1.7917314264324666,0.11038378292786212,2760
1.566046176116207,0.12989617016896232,2761
1.9747472379981632,0.11050790310545776,2762
1.7510069933669203,0.10506080515926308,2763
1.4845007672593111,0.13216510587176686,2764
1.5541745997510399,0.12629899420079393,2765
1.8810242360480514,0.10191935455469124,2766
1.2554098919881547,0.17807089553303485,2767
1.8129284965459997,0.1140439592070727,2768
1.5765820121456495,0.12553945576093495,2769
1.7014090248157414,0.11340925826308759,2770
1.6716807327787406,0.10035432645244113,2771
1.8124526726423726,0.1058600720928656,2772
1.4757654274680625,0.12820684799797272,2773
1.9541772799088488,0.10816681020128564,2774
1.7627528139751842,0.11434910992975617,2775
1.6183562480468243,0.10509459973981569,2776
1.8980531157995542,0.10100708238181783,2777
1.7214358833479482,0.11297740048586795,2778
2.017305281576823,0.1033010368403855,2779
1.6701930277835777,0.10153018923165076,2780
2.02665118558525,0.11021740338358198,2781
1.8178730580729956,0.10476650383610464,2782
1.5357428248779934,0.15008789537489056,2783
1.982972192133411,0.10369790940251773,2784
1.759276783018509,0.10149913348914547,2785
2.003864609326643,0.1008993057301351,2786
1.7100308032122984,0.11270560605852978,2787
1.9269092094024352,0.11159091592646053,2788
1.9973010076222917,0.10283783085402937,2789
1.59264903954536,0.10989593082969865,2790
1.8772299949060642,0.10268889397101565,2791
1.8476580630296637,0.10014809968294032,2792
1.8313336173708443,0.10193410057060245,2793
1.750432687131366,0.10523799803728455,2794
1.7986008598876495,0.10505544271892506,2795
1.7140406672255641,0.11881892055858598,2796
1.569803496219654,0.11443639220690908,2797
1.7272983692915667,0.11523847490244586,2798
1.9168065404237513,0.11413384681509027,2799
1.6447492812128568,0.12117110365161887,2800
1.3303752147388705,0.13357172558873445,2801
1.8625956388847629,0.10109597043965537,2802
1.4955940422930607,0.1545510242448534,2803
1.7242779502024983,0.1282919123886619,2804
1.718781405639406,0.11994615600686104,2805
1.7475113042265251,0.11608456490816245,2806
1.4759073267512268,0.12454140307681287,2807
1.8417963506543535,0.10793959348028367,2808
1.8576669794410063,0.10908993476026366,2809
1.7158380493574479,0.12375540495558035,2810
1.7081540180974162,0.10293465269264702,2811
1.7709090205680917,0.1047852881966102,2812
1.569423630984128,0.12744878497272108,2813
1.5178284030636284,0.1555037180629979,2814
1.3320555163416943,0.13952938766174414,2815
1.6834264621068404,0.12371943787895716,2816
1.8090088718277852,0.10277199062474059,2817
1.360968803897003,0.15907053312820615,2818
1.9333576896158076,0.10217511769579236,2819
1.609107391124004,0.1266763252105145,2820
1.4465906997377558,0.13439477643397485,2821
1.500450967119537,0.16312775403587373,2822
1.691521690582312,0.11233092114749174,2823
1.5065177134900998,0.1286333396619542,2824
1.7919453917620456,0.11699001491069533,2825
1.9486835647180123,0.10332143624607974,2826
1.8984483180057774,0.10151727918979071,2827
1.841969722848119,0.10575377130064718,2828
1.653993393716394,0.107929069419161,2829
1.743538646163458,0.11402067832513894,2830
1.4095633921226822,0.1374560759028189,2831
1.8895457646580045,0.10517393110458341,2832
1.973109730130456,0.10418080110804293,2833
1.6293153583781756,0.12864991934414494,2834
1.7401640285960158,0.10875733503522975,2835
1.460891170435574,0.1501865461549683,2836
1.7245984183560026,0.11207630942059887,2837
1.6635102165717848,0.11005737562902987,2838
1.7724744214870216,0.10012763800233086,2839
1.7764916525714103,0.11145261409509721,2840
1.4099291146839263,0.15265491363646355,2841
1.6700189040215438,0.10140263873547874,2842
1.426234333872952,0.125745413788722,2843
1.5799980406122218,0.12944094470587653,2844
1.972435895325792,0.10317311231837306,2845
1.6799363016453412,0.11965312160566151,2846
1.5970593623515663,0.11159558524404374,2847
1.7802864092681772,0.10993972708552384,2848
1.7695642118456503,0.11808086515703149,2849
1.8979863668923833,0.10261313281428876,2850
1.9055512028322688,0.11327361744861296,2851
1.491830297598623,0.14404153139594345,2852
1.715157550719307,0.10843428097889773,2853
1.680717554498549,0.11139569663648155,2854
1.5832412600710584,0.11362611933517469,2855
1.8648059374389288,0.11574882514649903,2856
1.67361090414947,0.10010552009622878,2857
1.9098024747427726,0.10654430757178132,2858
1.6387716316796608,0.10946208690283565,2859
1.8491065245058351,0.10334275772363485,2860
1.660259974905158,0.11297297211581041,2861
1.8765961884750912,0.11529653305268767,2862
1.8735616276320135,0.11270422065674725,2863
1.4362387873627676,0.14005913909316497,2864
1.8833743897797752,0.11470495715435394,2865
1.728786245471621,0.11193748952608826,2866
1.8920958072141285,0.10680166971801774,2867
1.458162978866131,0.13224723610271075,2868
1.8028800504896274,0.11826937095297686,2869
2.0483940771115297,0.104621322160132,2870
1.8232983654330803,0.10968629585421867,2871
1.7541051379909622,0.10900172816205772,2872
1.5072360722174951,0.1283695098751072,2873
1.92765395995677,0.10046562336633115,2874
1.6741025691337696,0.11480511155713288,2875
1.6046569874989516,0.10659321045461227,2876
1.6750223240687372,0.10541575639290854,2877
1.9514196780397457,0.11208656733346316,2878
1.9585982477960695,0.10394367873569775,2879
1.5358499065893958,0.11668246287982476,2880
1.4077466054078906,0.16427135212959162,2881
1.4198174392207386,0.13734669337900182,2882
1.8501449852427394,0.12663098789649205,2883
1.8246563893399004,0.10056258051039332,2884
1.6307750518168576,0.1294490508241559,2885
1.881613749753259,0.11586871557220464,2886
1.8166738300023664,0.10158263039747961,2887
1.7667634188964079,0.10398336963274997,2888
1.5612689161639681,0.1505522974234524,2889
1.5819382365184205,0.1265214866498244,2890
1.4198399139554314,0.126678014007092,2891
1.9119456981320089,0.10599465504282402,2892
2.031101702057156,0.11274793654167051,2893
1.7325402939564734,0.10987546121060794,2894
1.6808052858594256,0.11136490903584056,2895
1.6260876985578825,0.1259176934729896,2896
1.4793326948237278,0.13105286915090028,2897
1.729490181361379,0.10195827407032095,2898
1.5907373242974612,0.14823060838791344,2899
1.629982984519325,0.13940692393019616,2900
1.8587026681851637,0.10842564569554482,2901
1.81807934562848,0.10013715471816695,2902
1.7020510075823492,0.11230074295514327,2903
1.8636998289907143,0.11918437370454311,2904
1.79695979317872,0.10320575932797152,2905
1.7007102425749525,0.11012127859110657,2906
1.6027144479005369,0.133491774871994,2907
1.81774015569596,0.12209933334016174,2908
1.5289949406578285,0.13812542820293278,2909
1.7879759363954937,0.1108454884154119,2910
1.7025625054296885,0.11705942663784082,2911
1.6119303367125262,0.13410573865925207,2912
1.756482261548368,0.11259306943396004,2913
1.6494885980956224,0.10469474568058829,2914
1.8338824190242333,0.1069689242987679,2915
1.9780651240476788,0.10546369575639228,2916
1.5803404010793676,0.11941988316704331,2917
1.6993946236925834,0.11932107112031733,2918
1.532148884468938,0.1372358883681402,2919
1.5479297806442425,0.11946894960206114,2920
1.4138182224531124,0.16099200788813042,2921
1.286743111906652,0.17496559919444782,2922
1.6841696309127463,0.11816530777894614,2923
1.609838693493939,0.12257221064450725,2924
1.7855059055723732,0.10486601441165425,2925
2.0696571714376715,0.105375191922895,2926
1.7974947470918732,0.1107419346036117,2927
1.6089943589320412,0.1230057951173242,2928
1.757709813580047,0.10868057744642586,2929
1.8318943568379626,0.10083097324677394,2930
1.716683337908363,0.10383180563186821,2931
1.695123718955011,0.11596585578644399,2932
1.6170036948983544,0.10820407268181209,2933
1.6955491448566993,0.1254756533318581,2934
1.7400441903116153,0.11378568539742676,2935
1.5317510796055394,0.14287550789819603,2936
1.9176761077170412,0.1114992456168466,2937
1.943690679397081,0.11065482219355742,2938
1.783869521150245,0.10664627932325588,2939
1.7472648685288668,0.1157430801332367,2940
1.796707699358041,0.12229397934230801,2941
1.6486945292977533,0.12125250981818227,2942
1.815884738459617,0.10190584549239104,2943
1.6432344156789553,0.13089194995027612,2944
1.4468377231246612,0.15096363338886812,2945
1.642950116516692,0.12380260273652603,2946
1.803202261715718,0.10503890699486809,2947
1.5829050871269321,0.12790899254439977,2948
1.6468950702586136,0.12142099177149077,2949
1.2820228484127516,0.1736058072993329,2950
1.598399605526047,0.11429359318029403,2951
1.412679642202685,0.14967644876594027,2952
2.085094693177264,0.10065377284104234,2953
1.9301661556145295,0.1008600321437243,2954
1.9881501728238842,0.10393036259911179,2955
1.768648403112469,0.10243149810715783,2956
1.7369258916975552,0.11261990810065595,2957
1.5918370295008575,0.1275184729485958,2958
1.8998300754794517,0.10727346648888994,2959
1.9381770491038308,0.10807445558615701,2960
1.5777359365277253,0.10949219671514009,2961
2.1254796544401953,0.10230463834872465,2962
1.9740305150111335,0.10336819006900881,2963
1.5501737644077178,0.11850462043023091,2964
1.6300502873258127,0.1268033820726287,2965
1.5307020957161153,0.12177656499874331,2966
1.6452054867059152,0.13419510127326906,2967
1.8197859381910866,0.11305860576998966,2968
1.7800836994963674,0.10599980688325596,2969
1.946379123196989,0.10816950423617118,2970
1.8871361832583515,0.10796141505296138,2971
1.6733251101066189,0.12077292621829902,2972
1.834830341349836,0.10375656400044868,2973
1.9754745453952123,0.11203288548694465,2974
1.5793650403664872,0.12409603032593412,2975
1.6437065325468772,0.12726161351895685,2976
1.4555195087538317,0.13136444017469953,2977
1.8950856491035675,0.10872342543909327,2978
1.494381577117336,0.12352133380138884,2979
1.966864596159058,0.10564130156710981,2980
1.9287916076445821,0.11155750595435655,2981
2.002656502480469,0.1044007200878426,2982
1.7758742140829298,0.10114752002775108,2983
1.681723093130742,0.11681753815143998,2984
1.5404290996727286,0.1457973173082797,2985
1.5947989479968068,0.1096729181664366,2986
1.7411472026912669,0.10863652149200707,2987
1.3785877745236652,0.15260381754152966,2988
1.7964150052993426,0.10424696370154488,2989
2.1005072234277296,0.10324443641588868,2990
1.6597625981766588,0.12040151336471894,2991
1.8665022924437316,0.11101401388147276,2992
1.5276562781287235,0.1317254314434938,2993
1.8024542574977769,0.10686498772842645,2994
1.8072299697004606,0.10573058596420294,2995
1.5015021720061812,0.14590754401112357,2996
1.4403178909416336,0.1359635740050812,2997
1.6881419149559826,0.11905668577846326,2998
1.6073571060309444,0.1239107083987378,2999
1.7929343483448712,0.11760337507430958,3000
1.5055414499078092,0.12225608384683714,3001
1.4545882685933542,0.14092764653274703,3002
1.75872788109624,0.11679428102523745,3003
1.6824237382925862,0.11333887337567783,3004
1.8422315178691604,0.10925388199571082,3005
1.6467776322120082,0.10826063860836593,3006
1.5458187866667545,0.10846370116833762,3007
2.0865585111720395,0.10336957390084572,3008
1.562427127286637,0.15264166098455523,3009
1.5246284071090286,0.14099369024504804,3010
1.872937663686964,0.11547223360799713,3011
1.7055724615503955,0.1325331949901067,3012
1.4401368017555034,0.13009986544226454,3013
1.5220630936285158,0.14954636274734953,3014
1.7853478245593553,0.1236424730249914,3015
1.864723295458065,0.10086689219661897,3016
1.9959883972287666,0.10915794834723451,3017
1.5012736800217692,0.12175061637296122,3018
1.5213634785243382,0.1286267634838259,3019
1.685826822926733,0.1192504913852541,3020
1.8647402297514184,0.10739740303489682,3021
1.9400804712034991,0.10685459742684258,3022
1.434395024879227,0.15213101725382872,3023
1.7928276966728842,0.10156707472114819,3024
2.043211810217086,0.10329006867597995,3025
1.6726929393932486,0.1319726714781771,3026
1.871564581779058,0.10473797500006284,3027
1.799506716683342,0.1046196254730116,3028
1.667305148018564,0.12000236441282172,3029
1.619098066042547,0.14499628520125563,3030
1.9948654236243235,0.1017850794994825,3031
1.557859708354484,0.12029215204438155,3032
1.8434693698145241,0.1071413278032109,3033
1.9803885631200964,0.11292888482069997,3034
1.821786926715362,0.11907143541026438,3035
1.8591423703136147,0.10298356073835721,3036
1.8733996949070972,0.10383743168498244,3037
1.5170162271872236,0.1301167850591237,3038
1.8167999776053758,0.10877423254569447,3039
1.4271717567551712,0.13391824192757235,3040
1.7413618053611473,0.1035399609167452,3041
1.6481192546715786,0.12357292907927403,3042
1.5736264083430493,0.13082055051308125,3043
1.6801778575684494,0.11706443355477159,3044
1.8184927800274158,0.1136858260185494,3045
1.8069423848607935,0.10402841641958675,3046
1.7008896178677444,0.13219299613572247,3047
1.834401093638879,0.11566074987155968,3048
2.0678744567548653,0.10256467043498493,3049
1.2893045892209392,0.1460567743482971,3050
2.0081889583066697,0.10094056497816782,3051
1.6885795222312914,0.11395201006811297,3052
1.7725966098226829,0.11280552297161414,3053
1.4773632884337542,0.13005166736268142,3054
1.6501904217869314,0.12407041533604501,3055
1.6921488148070147,0.1262422500108416,3056
1.647875250369278,0.14811649238581764,3057
1.741890992333539,0.10234357433701585,3058
1.6847388283253466,0.1089861865592064,3059
1.7775578849513716,0.10824007739780786,3060
1.7378894652413472,0.1159808328262214,3061
1.435376872027562,0.13260349405985586,3062
1.6143795790106605,0.1123166206629064,3063
1.9725807458982627,0.10741575055099353,3064
1.6064719108032481,0.11831117640321967,3065
1.7361832080166588,0.11264057264274954,3066
1.6237943064613698,0.10916544600822502,3067
1.681792953967225,0.10978797147053686,3068
1.6131931685360543,0.10030389185611506,3069
1.3076906146970533,0.18076679258629771,3070
2.0867281186681277,0.10337086016904504,3071
1.8293287439304413,0.11219980142741992,3072
1.7338590261720794,0.11288737911843516,3073
1.5006495211135378,0.1493520507410227,3074
1.7858296973026395,0.10650434752919999,3075
1.7065560004592832,0.12785232578791525,3076
1.9447097664663824,0.10192151784022224,3077
1.7464165569539305,0.10725025209121059,3078
1.7159879528689088,0.10844790261029444,3079
1.856329192408355,0.1020650400440783,3080
1.8362392337184332,0.11294167798979554,3081
1.904296639659654,0.11087603471081034,3082
1.1479743612059088,0.18656932250569075,3083
1.5216505230670636,0.13043943731677152,3084
1.7024979898516925,0.12101889846932323,3085
1.7677380652105807,0.10574271426983872,3086
1.754389018455634,0.11430861775402064,3087
1.5428841840961312,0.12831270068594225,3088
2.0184087187600834,0.10752724090010668,3089
1.6103564269231514,0.11565217222370575,3090
1.7869722868755975,0.10937463984170218,3091
1.4121384161585937,0.16094821144988258,3092
1.5647840763207046,0.15247451309373553,3093
1.8842309211612966,0.1133514936943583,3094
1.701292002248237,0.12856433770576287,3095
1.5667336595663062,0.11398742985963733,3096
2.0319139712625085,0.10550083527494887,3097
1.702275917288355,0.10384830568713582,3098
1.846112771471319,0.10522738657397708,3099
1.870861083571948,0.10525962281307644,3100
1.8349362020525617,0.10643606175057867,3101
1.6615826595558425,0.1382725791757592,3102
1.8181711509868637,0.12071756865726088,3103
1.8886463487456195,0.10285115607342266,3104
1.5474940398096373,0.11980740315847738,3105
1.5444899875144606,0.1290489222643332,3106
1.738356133060185,0.12046849296317022,3107
1.4380517439547038,0.13458909522498783,3108
1.6147369626621646,0.10296967380282411,3109
1.776431004308805,0.10435656887643067,3110
1.6429850718088947,0.1364239739646603,3111
1.82697749149816,0.1024776266396288,3112
1.3986437259500957,0.1613923942551973,3113
1.6076276162993943,0.10972108969750462,3114
1.5072624896867493,0.14875762939684978,3115
1.785265016818038,0.11026016859198573,3116
1.5687984667382433,0.12450924732309838,3117
1.7155003112465936,0.10209363623672836,3118
1.6007134546238933,0.11702659767828937,3119
1.548319670571203,0.11246908776015563,3120
1.5700655323422472,0.10467213585851878,3121
1.6646644442387515,0.12340387164489482,3122
1.7688058108953475,0.1079975471577986,3123
1.2876641601026146,0.17960094437676014,3124
1.9083166071278044,0.10585535489597796,3125
1.5719570390473276,0.1464514134479567,3126
1.5423532205712338,0.10722902036471582,3127
1.4751527906068536,0.12711249284555404,3128
1.5953056986869318,0.1223060576837158,3129
1.6978911873172147,0.1031864397758751,3130
1.784733644838278,0.11510554145901504,3131
1.9192189398062693,0.10698431537372623,3132
1.8445007704525593,0.11188532774204381,3133
1.7371311973841324,0.10793183484151309,3134
1.6636904070822314,0.12668457718579595,3135
1.6855527751592565,0.10082472426907134,3136
1.495322684044426,0.11863913461685312,3137
1.7729537635543293,0.11515135015511858,3138
1.5607290603569977,0.13398613164348658,3139
1.741183561795395,0.12463079071427083,3140
1.9474015194926884,0.11350992341758503,3141
1.7030535250300547,0.11875661994427963,3142
1.7263965726552504,0.11979277327654655,3143
1.7609817286448688,0.10829085913463772,3144
1.5167031099562356,0.1437217310038864,3145
1.7320914345662939,0.10486655870589505,3146
1.698976807811674,0.11406477924555823,3147
1.7611827512404574,0.11179889298535242,3148
1.741653873578077,0.11489968086255133,3149
1.7729804581571305,0.11939714965236563,3150
1.9744621386047128,0.10883130003426278,3151
1.5493043763004728,0.12907703454511418,3152
1.6381413233812494,0.11732373454535859,3153
2.0445743156913347,0.10036909653953652,3154
1.70922088051843,0.10490099584613265,3155
2.02020159267461,0.10082595743865833,3156
1.591595467142764,0.12221702772676289,3157
1.9061530001115194,0.1126321968635273,3158
1.687119135869109,0.10906158204730407,3159
1.8363105678672624,0.11274307251580773,3160
1.814016375982349,0.10946251461820564,3161
1.8148479774668345,0.10494077530261486,3162
1.9806920707899744,0.10763196379061304,3163
1.6850877476502897,0.12029273241814246,3164
1.5940453581798526,0.11570736884195236,3165
1.7895771829650908,0.11038719887763224,3166
1.6614627729093003,0.11187791662790461,3167
1.844151717726129,0.1077764202971684,3168
1.797629584699462,0.10815249341188131,3169
1.3476134444178864,0.16326180690101524,3170
1.8454314569222123,0.11392706513072166,3171
1.495396308562705,0.11518431911047078,3172
1.5650846024445861,0.12747645412180558,3173
1.5109802712108897,0.11985895244840263,3174
2.024677515026022,0.10146413644184557,3175
1.8264185912895416,0.11628594379069093,3176
1.4336451354047957,0.15137218664066499,3177
1.790810495510872,0.10849097611589478,3178
1.8072487097387642,0.10409260548378375,3179
1.7178682331332433,0.11594841415210633,3180
1.8077859137620877,0.1020637028585962,3181
1.534070271081562,0.12079468452239493,3182
1.778272942868775,0.10163880369598882,3183
1.6733782375854895,0.10813892982032572,3184
1.9247832716402198,0.10833376477379567,3185
1.5334835194933918,0.12321834155597046,3186
1.5735884557144573,0.14313234372520664,3187
1.7805640710987796,0.1141526224366902,3188
1.2695708629276554,0.1671689830171496,3189
1.8459077969796698,0.11068059344899335,3190
1.9271148780515583,0.10095803273928514,3191
1.833210927318181,0.10902827322161192,3192
1.6189675127084293,0.11768978798378095,3193
1.6582024061004874,0.11895973976684607,3194
1.4643047317337108,0.14217085850000527,3195
1.5577424312010537,0.14993796624619743,3196
1.7820062784115356,0.10757448524405015,3197
1.6387519004522626,0.12429451490983846,3198
1.8152132498194398,0.1131609295868149,3199
1.69356812711931,0.11882726560051587,3200
1.7411916673996104,0.11381709638392198,3201
1.712352539636255,0.13618508086099992,3202
1.6530047469785698,0.12820165846271792,3203
1.4602905762424139,0.16151390147130076,3204
1.9419298435880794,0.10605591759890208,3205
1.4758209462839582,0.12138037056834262,3206
1.7243241060619126,0.11543220394105021,3207
1.6857682738363422,0.11418658287570013,3208
1.9246864867478408,0.10899183318679448,3209
1.7387798458011063,0.10612548428569223,3210
1.636807595884335,0.12439212721690143,3211
1.966640024603973,0.1094041771309065,3212
1.6118557927737391,0.12535223672516346,3213
1.7845430734235248,0.10816542135826579,3214
1.6799002370150375,0.10556716653856485,3215
1.6821157833447729,0.10244024688458593,3216
1.8935429359885623,0.10104222452436906,3217
1.3767489778655244,0.13140103643019782,3218
1.7193897689587387,0.11112601464003359,3219
1.6539045566745323,0.11382920337775608,3220
1.6804942897153108,0.11291062872254046,3221
1.6623645062386623,0.12110824946134349,3222
1.837167571354602,0.10708445409834955,3223
1.9182016940430198,0.10513875929741662,3224
1.9279746159330178,0.10741377045954309,3225
1.8916449668472513,0.1108390005348193,3226
1.4786491808666233,0.13043604005379256,3227
1.696340422474042,0.11861885355418611,3228
1.7882603307596385,0.11212532468345889,3229
1.7001052699307482,0.1144687085026702,3230
1.5689538835255392,0.1301269895889124,3231
1.7755921088212616,0.11319089258327797,3232
1.5644267666018452,0.12712263129973553,3233
1.8274300109349126,0.12025854554894219,3234
1.6102805439189787,0.12784612092831701,3235
1.5163479370495843,0.14633014487753832,3236
1.3537456792353098,0.143205854445034,3237
1.7177770391572924,0.12670096368426859,3238
1.7998868257005927,0.1113453399197414,3239
1.6681678210059716,0.11778533656235783,3240
1.654288875266702,0.11830957948435229,3241
1.8046238383074007,0.10152688603435082,3242
1.1394313814369676,0.1881793735049662,3243
1.6132664175668718,0.12379743511613038,3244
1.8449363878954121,0.10140998255025453,3245
2.054478969008966,0.10324436664773921,3246
1.8919965039731073,0.10802897347457421,3247
1.4370222628781142,0.13056850136623832,3248
1.4753757729029995,0.15511050198713155,3249
1.2407033131371725,0.18586316320891463,3250
1.8656402948247306,0.10841266186239587,3251
1.54417976249615,0.11830172835241075,3252
1.748805116849916,0.11333724543179172,3253
1.8773824475710703,0.1031345042242592,3254
1.7447157349106739,0.1091421694072249,3255
1.4384121295307781,0.1541118166177173,3256
1.7903302370413086,0.11263060164003133,3257
1.730736511685904,0.12046132915935004,3258
1.3708738734524613,0.16683486457444335,3259
1.8640442553821872,0.1176721950670086,3260
1.7104590580312045,0.10391245225043125,3261
1.832675588722567,0.10790416072380142,3262
1.6129864663472842,0.1345762092960969,3263
1.7010736091736787,0.11173389883454746,3264
1.9251024241539636,0.10692017260521731,3265
1.6549175652086432,0.12132250270725559,3266
1.5674929324108753,0.1431460897866153,3267
1.9311543225749521,0.10167251140317925,3268
1.614432247228155,0.14318458468909412,3269
1.5601947103312646,0.11162634240931688,3270
2.0405608765837986,0.10205790687054814,3271
1.5674534597149317,0.12825924522492854,3272
1.5571852964277024,0.13565344775227015,3273
1.7419275437629593,0.11339490139033633,3274
1.482024626110401,0.12140980770652661,3275
1.8151325779388525,0.10668163476520383,3276
1.4173467312479344,0.13412364560791581,3277
1.6694976436591167,0.12495815265307121,3278
1.8625429051638533,0.11166503920063148,3279
1.6651170690254775,0.12121414667916587,3280
1.6690374710326161,0.1173302158404458,3281
1.6914044156351042,0.11832546711256166,3282
1.5040553636980802,0.1424262628881579,3283
1.5733025011138122,0.1185006963174875,3284
1.6238950941466388,0.12837024555655896,3285
1.86226435842116,0.11833983601710063,3286
1.7345681623277658,0.12549141255250357,3287
1.6780875189648286,0.11539284644683337,3288
1.665554354835072,0.11342163589713512,3289
1.8082755986703,0.10312525362718018,3290
1.5585232723816353,0.11362904866167645,3291
1.820193150915991,0.10760241652495849,3292
1.919365285660368,0.10794736699287932,3293
1.7538488192697252,0.1078909150298044,3294
1.542136083911418,0.14031487898392514,3295
1.8428392717626685,0.10092209243684146,3296
1.8144562042999217,0.10959981555638237,3297
1.558296814383119,0.11844012685543984,3298
1.6426458828525472,0.10161889054141177,3299
1.7097716499597324,0.12344675301119926,3300
1.8891814683576633,0.10236067499059405,3301
1.453788172435795,0.14459327954336185,3302
1.816097900835496,0.10291360627667238,3303
1.5662657199002294,0.11804044210662999,3304
1.5192536245118125,0.14205259613944404,3305
1.7863887230800806,0.1044539747043113,3306
1.9258431387962307,0.10577674109448419,3307
2.026886753329842,0.10010437869865951,3308
1.6750879003798897,0.10969274257084416,3309
1.7811391427918037,0.10485954180941637,3310
1.7397637396463144,0.10932784536225068,3311
1.4653917485242183,0.11744783185725413,3312
1.5431550628600585,0.1277136801170042,3313
1.828980734890351,0.10273833318589061,3314
1.5203097253194375,0.12948593642737963,3315
1.5954055976972468,0.11643959346802257,3316
1.3491990597462502,0.1572743065767428,3317
1.5857423652301765,0.12624210719277265,3318
1.8740199651568314,0.11349581765004096,3319
1.8797924197292297,0.10616414459114104,3320
1.7747637625710624,0.11271745136943506,3321
1.5437716068614098,0.1268851660101951,3322
1.6895790375397914,0.11957273889616077,3323
1.8290890628349576,0.10772048771809038,3324
1.8409312361235188,0.10545571217998179,3325
1.8598302049286002,0.10710177728743983,3326
1.6797012626556842,0.1251660369681229,3327
1.7180521142508507,0.10400185398917308,3328
1.6805522660905823,0.12369236280618306,3329
1.6912813586570095,0.11456029814235574,3330
1.333605058691019,0.17398249425434212,3331
1.5248111526866248,0.11800138187239285,3332
1.61916834116277,0.12745475670661374,3333
1.8067678240920015,0.11622996310716371,3334
1.6943896328063857,0.1013105583787637,3335
1.521383757961105,0.1220528329656387,3336
1.802967711139397,0.10543784928462831,3337
1.5349591513014282,0.13645969747478512,3338
1.8383156670288539,0.11234096621768822,3339
1.6264833867212976,0.1429010425127718,3340
1.8106828962442811,0.111932388357971,3341
1.7499464725267224,0.1056964929220835,3342
1.7694344156335238,0.10590647055198883,3343
1.6616604506631163,0.12482941640796803,3344
1.4911712146671332,0.1223729310045414,3345
1.9316234573991413,0.11015342099309207,3346
1.8119312181092102,0.109792734033074,3347
1.6624852092330966,0.10720419710054302,3348
1.9613739291604322,0.1075784802476389,3349
1.5644216448194246,0.13136599167040752,3350
1.7058120120984375,0.1047133637460892,3351
1.8884680059873484,0.10090809446594196,3352
1.7123194856002073,0.12138954413072402,3353
1.5645219323911825,0.13441389099740308,3354
1.8163800200551325,0.1046933225682078,3355
1.7869662565918125,0.10537149743606426,3356
1.6912271452948353,0.12303005529825174,3357
1.735464305806287,0.1119934309272733,3358
1.6536979183725122,0.10626230256798241,3359
1.6182379493555328,0.12240201443927261,3360
1.7605211414038395,0.10889722527702139,3361
1.5827057637253947,0.1361704042918686,3362
1.9594048381671052,0.10938566630748071,3363
1.7325745868261015,0.10563331483099776,3364
1.848167904472423,0.11986336825458611,3365
1.8927834101781271,0.11298985003288264,3366
1.5277228484923475,0.12563034712753102,3367
1.5278931067634502,0.10531678323167258,3368
1.8245143563637989,0.11003835746641877,3369
1.6134261210944547,0.14382792625112117,3370
1.6860978419770976,0.12413428335826347,3371
1.8199724840027567,0.1102709906842907,3372
1.7883302621594475,0.11541200505225302,3373
1.707943933536398,0.12200337509028109,3374
2.009782477083905,0.10680052330537497,3375
1.811028627111047,0.11451473704146604,3376
1.8259248361676375,0.10039836780751893,3377
1.6179902448985777,0.1115010806633562,3378
1.82026081702012,0.11221210530098881,3379
1.6641746074728399,0.12022560358666977,3380
1.6755727801156792,0.10926376224983528,3381
1.8425567227167046,0.11051912187021035,3382
1.94435377078056,0.11009166118579683,3383
1.6877678857856466,0.10455084070605385,3384
1.9152865683796279,0.10656904095764258,3385
1.5652739767485704,0.12290484039792718,3386
1.8037497585109812,0.11823591671912907,3387
1.67346310998857,0.1069872179859892,3388
1.7161386122439342,0.11135706852459437,3389
1.7649671948965708,0.10169854281776766,3390
1.8194803662521244,0.11886642561580953,3391
1.4856587929433742,0.1429238598187752,3392
1.935750879830764,0.10459318063858326,3393
1.1613749980520076,0.18289874622454483,3394
1.8346984757789502,0.10595181489645387,3395
1.9186774687116404,0.10375606131050005,3396
1.8039207399624995,0.10783553543511173,3397
1.3799453379758355,0.13590785788506626,3398
1.8430969251572593,0.11480541211879107,3399
1.4611106609689286,0.130319025522591,3400
1.795375678159602,0.1110124059290799,3401
1.6758392366151924,0.10699840838960412,3402
1.9156772034700356,0.10752785428606011,3403
1.762803295869135,0.11371917393413976,3404
1.7775947962909067,0.11104310566067548,3405
1.5148481840650243,0.14749236051282827,3406
1.7315000860427452,0.1086039682097319,3407
1.743396519398345,0.11140518989468155,3408
1.73688474771662,0.1093032733027568,3409
1.7790957161272458,0.12259479146796125,3410
1.7651318915112544,0.1107098865268369,3411
1.8410666099257718,0.10535521121556266,3412
1.6417649758527746,0.10236466045340632,3413
1.7423204778191255,0.11072749145385857,3414
1.7657877878082697,0.10875691136284268,3415
1.854494181012633,0.10355673333027843,3416
1.4994187247962354,0.12782385181829248,3417
1.9664963743625394,0.10356374925694084,3418
1.9002115148188052,0.10431523834187849,3419
1.6354318847811704,0.12040078780624967,3420
1.7102231659338352,0.10813493529202316,3421
1.9043352816177912,0.1002953917158099,3422
1.8390253834339705,0.11309280440379012,3423
1.6924559091498883,0.11547318831369177,3424
1.6893928632411082,0.12042712697608497,3425
1.552351098362833,0.11419712496966246,3426
1.613440514585872,0.1124758231500811,3427
2.006581264688232,0.10658177288953119,3428
1.5365864420661375,0.1491420769722676,3429
1.8488008342198936,0.1049351150699035,3430
1.503318428385919,0.11939429367799784,3431
1.7383524555295793,0.12172389580459023,3432
1.934988401454704,0.10368732650017927,3433
1.7185938624506136,0.10838097240821623,3434
1.4315217900096933,0.151924367513279,3435
1.645407850296997,0.12518897782997665,3436
1.5452805803957277,0.11841065302141428,3437
1.4975009511846489,0.14707812232336476,3438
1.621000994353604,0.12278477097690284,3439
1.4593114432816594,0.1323191766933985,3440
1.7706310541398698,0.10037849728396986,3441
1.8279767408684295,0.10627189968935713,3442
1.78800833664386,0.10370131521918928,3443
1.7589665149529121,0.10945688356168257,3444
1.4622620209156854,0.12254169609241494,3445
1.5903568259625216,0.10874689792968564,3446
1.7757724494920653,0.11007250642858778,3447
1.7413523482109599,0.11604538314472126,3448
1.9730192501609811,0.10520949253759479,3449
1.556283657815635,0.1286888074325289,3450
1.6652479512353149,0.10994016855184881,3451
1.5671666674200049,0.12224596783536776,3452
1.6101595980592387,0.11733626237433437,3453
1.4869815749512807,0.14653107240977822,3454
1.3652843515612278,0.16640172809447834,3455
1.8311360141143758,0.10286769809875053,3456
1.5881431696893344,0.12525028438909439,3457
1.7574316971987654,0.10873556659788465,3458
1.7409846232335084,0.10769630298573744,3459
1.5455837492098108,0.1312226886202071,3460
1.4007670475432807,0.15493326652558798,3461
1.5929983670667536,0.13980161877709676,3462
1.806405532092636,0.11238976185053282,3463
1.781535248679453,0.10730502002563372,3464
1.6616516212139194,0.1258112817888815,3465
1.933167144319987,0.10645432365626997,3466
1.4012192402105481,0.13091921013911703,3467
1.982203899821942,0.10139297617085706,3468
1.785458611917187,0.10629261937579002,3469
1.516227777298425,0.1587791035062834,3470
1.9201857982708082,0.10484889869227972,3471
1.6744483694452061,0.1104620206122432,3472
1.5285978602505894,0.12372566964359494,3473
1.683090109899369,0.11090423275401369,3474
2.0084336353092542,0.10343588379269243,3475
1.5041727431698066,0.12222150841994348,3476
1.8948095557753932,0.10116449408298843,3477
1.8705017169523985,0.10913131322448029,3478
1.495543305611387,0.11372168181687234,3479
1.9724469824113866,0.11231968684737353,3480
1.515174807161226,0.1514815288200686,3481
1.3926663250171163,0.13514265008009638,3482
1.828027613747735,0.10524451712269192,3483
1.8100943907511962,0.11313355372432758,3484
1.676283555023442,0.10780064832571744,3485
1.8388470039964497,0.11338934493602436,3486
1.5164065967722953,0.12530127122281037,3487
1.7989388587235065,0.1187205649537043,3488
1.9320300993038007,0.10632665109031489,3489
1.8926593913287266,0.10563732088476005,3490
1.7618085591865842,0.1117521167312753,3491
1.7793658257855092,0.11020561299578954,3492
1.7211461490986204,0.1130867990281776,3493
1.5674536477431618,0.12164475178393423,3494
1.8430825889339848,0.10858029422958962,3495
1.7308117132322234,0.12633103437126067,3496
1.9185031235423091,0.11087698498603536,3497
1.6996889483329496,0.12250752484513432,3498
1.7647631120352874,0.10057505229163574,3499
1.4712185965761073,0.12173721087312195,3500
1.55857704622415,0.143646697217674,3501
1.9209265967852849,0.10386781510201187,3502
1.8583157395623102,0.10650824181194876,3503
2.017859977658883,0.10149878102468107,3504
1.414153854901194,0.17167538039799787,3505
1.8267705023563254,0.11453295018199476,3506
1.6237755998268684,0.123671368427655,3507
1.4930530222416583,0.14820077284168826,3508
1.69143429024529,0.10963288822330185,3509
1.7887461970535863,0.10983145669141704,3510
1.7726624201052583,0.11192037691519055,3511
1.6044889692011008,0.11236508296016554,3512
1.5276833161316012,0.1214267539788479,3513
1.66504920145976,0.12215520656279133,3514
1.4426988772638822,0.1565625668698589,3515
1.9100985051442279,0.10417220949160244,3516
1.8434898470332584,0.11190487310432656,3517
1.596293258048632,0.14861706346569584,3518
1.2953221598357365,0.1805916072759479,3519
1.5581476209120748,0.14772034641702647,3520
1.707160900507383,0.11073183758403879,3521
1.8573991745136538,0.10010160641201543,3522
1.3068614030332684,0.13255143758289162,3523
1.8671492152143632,0.11973984684006136,3524
1.6823249179751623,0.1243020031844903,3525
1.565191339959602,0.13018674823768678,3526
1.5366284396538181,0.12833147019913874,3527
1.6997197929638792,0.11965067438120393,3528
1.837891767508635,0.11044897890655282,3529
1.9308740327239828,0.11883736117614528,3530
1.3791878323720586,0.13505184527725764,3531
1.8104923476682784,0.10832030910304233,3532
1.7471616285914804,0.10432943644983593,3533
1.4738689293861187,0.12515256345627646,3534
1.6723201689350695,0.10903075509584315,3535
1.8105886740096264,0.11557792728979986,3536
1.6060854083829743,0.14111788513560025,3537
1.8474004688675658,0.11553114190077288,3538
1.718951690154864,0.11294658334579835,3539
1.6274947946273448,0.12062354228966855,3540
1.767148417545387,0.10611100917614218,3541
1.4491745578925601,0.13999698495227197,3542
1.7092421668749067,0.10796898927443467,3543
1.6505400607095,0.11558931140424665,3544
1.5553199066545749,0.13277258215352084,3545
1.2662809287185288,0.16952862295936538,3546
2.054166901461773,0.10375469272653763,3547
1.5530154812727894,0.12428495375960658,3548
1.7957559154038336,0.1046901209825846,3549
1.3908555712826016,0.14256216777753045,3550
1.752606589061726,0.1113723123262872,3551
1.7531257500577986,0.11466099543654094,3552
1.527011498977218,0.12222152993053985,3553
1.8685584520872374,0.11120611587049559,3554
2.0353568539102977,0.10071676416298142,3555
1.4475246692340562,0.1584157676308459,3556
1.7947417697341743,0.11555223238041774,3557
1.8080462468132776,0.10637431244874457,3558
2.0326209204674726,0.10153723771891451,3559
1.890447436063877,0.11287704679471136,3560
1.8257973840190307,0.11372070181717017,3561
1.5808555336427579,0.11557608238066254,3562
2.007791746948757,0.10411405414397161,3563
1.7569422727215829,0.10906302965124744,3564
1.366943530096846,0.16216403631341897,3565
1.9871671089538558,0.10086143026858257,3566
1.6845550310431994,0.11732317136153489,3567
1.4481534024647684,0.15438417651082575,3568
1.5154515084849316,0.13256214409309092,3569
1.281939542887108,0.180019779556477,3570
1.7469623739017819,0.12175708197855245,3571
1.834117361759603,0.11827315336156374,3572
1.8322025770073207,0.11821994349692838,3573
1.5363501158457387,0.13240268174141773,3574
1.8119715326164103,0.1165063541725895,3575
1.930048354743662,0.11268622488726078,3576
2.127926340711306,0.10053819139735047,3577
1.7639242909052293,0.11026931348198,3578
1.6257066987750883,0.1187118727520934,3579
1.631012762340503,0.13252190256816632,3580
1.62243927225594,0.1317207192994999,3581
1.5294437050178886,0.12477277477634198,3582
1.6880262451128447,0.11385980282968781,3583
1.8389825029397313,0.11503217744179368,3584
1.7076217497860182,0.12390026847919113,3585
1.3459423836608417,0.17129905772002413,3586
1.7661832735154253,0.10428161410499208,3587
1.5403838998527828,0.13520458789860443,3588
2.027359370188615,0.10745258172543236,3589
1.8468708949854729,0.11572049434080328,3590
1.766867243693725,0.10449935505200421,3591
1.323130193719318,0.17725455197951223,3592
1.713098066024036,0.10085152852538812,3593
1.626469319605405,0.11957482979387173,3594
1.9123659520249026,0.10839310107564863,3595
1.5600876446173533,0.11299949795768979,3596
1.5521908541585692,0.13898514184079105,3597
1.6807740068405757,0.1122350606506436,3598
1.6828936437613016,0.11736692402443204,3599
1.4140961727253138,0.15352283544048384,3600
1.6795875850467585,0.12244740598904164,3601
1.55962514453148,0.12209569566195067,3602
1.646236550571867,0.11608269471569782,3603
1.8450482468907927,0.10107866194204397,3604
1.5662652667046104,0.1155106448838807,3605
1.8485905581371607,0.10517779148284014,3606
1.8963851484179672,0.11245405030001,3607
1.6409536984772473,0.11908369399789484,3608
1.8690102190205433,0.10025657357142607,3609
1.9662546085956027,0.11215285178643698,3610
1.6910168920769884,0.12113750536149116,3611
1.939396368326318,0.1025792133668545,3612
1.8451941069702993,0.10536250859863741,3613
1.6474409915822965,0.12006718925645363,3614
1.6757710583274346,0.1187990076883425,3615
1.409871252519665,0.145865279400728,3616
1.5557238907412545,0.1405604690225944,3617
1.6352602678151062,0.13193874109471707,3618
1.9469898368511958,0.10844971367007107,3619
1.5977500745919793,0.11231584325721065,3620
1.7855542093839165,0.10893167006489093,3621
1.7821472446712878,0.11421927758990122,3622
1.7309368994734387,0.12772437166806563,3623
1.772377350463747,0.11745940579277749,3624
1.6237274249817106,0.13091502187857731,3625
1.7961738530045166,0.1076304210735385,3626
1.6808959637937113,0.12376547837375265,3627
1.5571893992205241,0.11390758144056379,3628
1.4765117155629681,0.12677528905832605,3629
1.6183933278499436,0.12073646594478141,3630
1.4651906710276983,0.11766583246426843,3631
1.6684062436516778,0.12034196299381957,3632
1.9795313088034194,0.10328462306925411,3633
1.9637760238302742,0.1001416786612218,3634
1.7877137861903467,0.1140602643047507,3635
1.7814112787831924,0.11583165419741148,3636
1.8369534649853718,0.10470639585068443,3637
1.7550700265814816,0.1246773902585945,3638
1.8838911424405604,0.10164143663623931,3639
1.9886109091169841,0.11105515505642073,3640
1.601097201742227,0.1470703968854191,3641
1.751977292187126,0.10517775342412498,3642
1.6488273429256561,0.13717572316286616,3643
1.6065560041014342,0.1264948005765685,3644
1.594601362241117,0.12904333429114237,3645
1.5568989045212749,0.1419175911216147,3646
1.4859306666085281,0.14664952068080694,3647
1.5655971280618834,0.11180032923216468,3648
1.4066369716859493,0.15469581829195386,3649
1.593683256647119,0.1180332869623647,3650
1.3629297244506307,0.12716104287873364,3651
1.6198571126777026,0.11467265657403965,3652
1.6804379136401753,0.1197781219839032,3653
1.7076616409551915,0.12377981475451204,3654
1.4642976899388036,0.13474895441151682,3655
1.2993047884452156,0.14285839653633572,3656
1.5092573893502867,0.14449977079929485,3657
1.6610038690055522,0.10452227998960083,3658
1.8501691649136554,0.10992153758672081,3659
1.9580732139850343,0.10112961910519601,3660
1.9474523746510846,0.10166339094601644,3661
1.6797235818054437,0.11862079151086155,3662
1.8480122522739189,0.10541955497233259,3663
1.8009509930675645,0.10269297078328032,3664
1.8048192875005054,0.10335433815965078,3665
1.8447772036528658,0.10815795818536637,3666
1.268169437470024,0.1824037764148113,3667
1.6992103630471318,0.10228655259554134,3668
1.7159861892505632,0.13655481931682378,3669
1.5337527723612618,0.11711681361383536,3670
1.9878000177836044,0.1055705599879728,3671
1.7543833192048057,0.11163693173186771,3672
1.679110316527172,0.11233638059634586,3673
1.6809410656930706,0.11478326180846976,3674
1.457750557808667,0.15313646650882792,3675
1.8588897425560782,0.11879773750515328,3676
1.7077690141158957,0.10986182514814949,3677
1.7564951927306998,0.11935656379461998,3678
1.7575592678707959,0.10428231269646666,3679
1.7601748002346238,0.10898054369134688,3680
1.6389148182903996,0.1128480352075561,3681
1.8762266916750334,0.10399648900412461,3682
1.9438918120625366,0.10658786969099548,3683
1.6050742222088408,0.1324675909506628,3684
1.9441254371928915,0.10346275194873351,3685
1.3853789501532803,0.12285072435017584,3686
1.6143575128554148,0.12620819942201428,3687
1.7150129409255057,0.1226555263484688,3688
1.7855816727250635,0.10137393641361443,3689
1.8420842226979517,0.10342001869014554,3690
1.7919226999640028,0.1182397800759445,3691
2.0584190126507314,0.10866505075937828,3692
1.6145657254397832,0.12038723999245045,3693
1.6108206226919994,0.12556222354099797,3694
1.4847121506053136,0.13808768173362593,3695
1.6563103033940028,0.14276926892239883,3696
1.7483502386040988,0.10665350766515544,3697
1.7823222995493198,0.11668928456772015,3698
1.5481184302446798,0.1238865388415917,3699
1.8245207232392018,0.1116500646011149,3700
1.508782872120491,0.11596258703950411,3701
1.605517025744063,0.12253424328008031,3702
1.9244281475176055,0.10508078565513139,3703
1.7357521852058275,0.11371377801169094,3704
1.8053380198775026,0.10526722668583655,3705
1.8941968469106576,0.10016117321962685,3706
1.6906403974661686,0.11153509871745519,3707
1.712215038642357,0.10090657786039525,3708
1.9154097430151518,0.10666896298163553,3709
1.6991395388551533,0.10811763491695785,3710
1.8444631978795274,0.10433056877660957,3711
1.719019904156468,0.11886345081707232,3712
1.738800639607924,0.10874902253032691,3713
1.6012090625926694,0.11946843358385545,3714
1.6963741790820654,0.10477750614619225,3715
2.0531775127987757,0.10413208353962933,3716
1.883077598360032,0.10182362630172649,3717
1.6864684746329361,0.11319440944834772,3718
1.77546170690897,0.10600001146840021,3719
1.6934207812175464,0.11435473883422842,3720
1.7502227210626535,0.11112656286239503,3721
1.4070400534089902,0.16331539633448033,3722
1.5246612323877742,0.12404225065419508,3723
1.65867703723658,0.11879302257089634,3724
1.7549345470469802,0.11224948234590283,3725
1.7540412240516992,0.12206082175125726,3726
1.5894659085153808,0.14097433448382082,3727
1.597434981630256,0.13188975854440632,3728
1.6666627039882627,0.11266563171799536,3729
1.3093046183080503,0.1623816418401369,3730
1.6587188620978905,0.12409499073724546,3731
1.4183243723584684,0.12980458961228442,3732
1.9043515253461119,0.10530065666483984,3733
2.1554009129066842,0.10008239430693981,3734
1.5553365758016653,0.13460210905477016,3735
1.796960284186208,0.1226267529303426,3736
1.6740916059117907,0.12013957005282645,3737
1.8323385087281276,0.11941864794973692,3738
1.5275431543652933,0.16104926180466708,3739
1.7157035516776826,0.11416784564984855,3740
1.6851268489913651,0.11472945396053087,3741
1.7043357920557298,0.11751457769649189,3742
1.6700177277177006,0.1002751411556047,3743
1.747338428783858,0.11911447622233126,3744
1.8440779576692683,0.10262380366274175,3745
1.5277522290259964,0.11755542361983369,3746
1.8322996397519453,0.1172181106781097,3747
1.682105540102382,0.10816955654531803,3748
1.8767753610325277,0.10859370605422958,3749
1.6550914526407634,0.12999809019204392,3750
1.5554447513397087,0.12155519830743833,3751
1.36620319202995,0.1627792798014577,3752
1.4348061807308725,0.16344315886393765,3753
1.822697598598142,0.11929310927990136,3754
1.8956866900155533,0.10864323209579188,3755
1.7277120078250776,0.10776680035776273,3756
1.775097948769984,0.10711221198504636,3757
1.8910076469011032,0.10612717622566915,3758
1.4535109042256025,0.12571278557874363,3759
1.6031157846371396,0.12306773977995791,3760
1.8835467087266669,0.11052276598590345,3761
1.5355512599546892,0.11869194517353618,3762
1.6798447895566628,0.11494716952275486,3763
1.6983106226879126,0.12736232920991286,3764
1.7328185574284656,0.11182625730164983,3765
1.8351757106753035,0.10388048032513511,3766
1.8488742091121535,0.10346142301207888,3767
1.3845822879783027,0.13218710867640993,3768
1.8924368320634313,0.10450535911731536,3769
1.6565839927257453,0.10902002359951034,3770
1.7240338702838303,0.1038422175763094,3771
1.8440935856276885,0.10083200211660732,3772
1.6791674090802904,0.10119636456382261,3773
1.6003638317772622,0.1157065888973597,3774
1.9822596322261432,0.100683467221712,3775
1.821810679241218,0.10017725373187256,3776
1.5758539614327758,0.10754145747039573,3777
1.6864457879959494,0.11833901547088121,3778
1.899631061258847,0.11426355080735151,3779
1.5606867301792031,0.12504778725248158,3780
1.6377021515211265,0.12514906895782352,3781
1.7793442521636664,0.10316148577907994,3782
1.7042735986720177,0.11506860435434943,3783
1.2555075847554753,0.18257693871341926,3784
1.746563783854719,0.11268483445058247,3785
1.538575779007678,0.11953169700700657,3786
1.4682906062866605,0.1357647118507738,3787
1.6997805852278338,0.11172123997728718,3788
2.0108256042237826,0.10018695880749237,3789
1.580491744395749,0.10013614384235167,3790
1.615295784104225,0.12929213269969309,3791
1.6005163455788762,0.12510613541586774,3792
1.5809531783563409,0.11631490373380231,3793
1.4683690197209562,0.13154988881444446,3794
1.6188401440677371,0.12077335670039353,3795
1.9545569235579359,0.10146168767377862,3796
1.6655338844077436,0.1199838521657898,3797
1.975108548391873,0.10302284779422223,3798
1.8219477649694078,0.11403314930972541,3799
1.8317712048942767,0.10332373850882541,3800
1.7901539868449072,0.11742533123166496,3801
1.2845015161461235,0.175373815209734,3802
1.719535343318209,0.12427017397734617,3803
1.5280741874199648,0.14572952678041265,3804
1.7020895144018675,0.10748416296593905,3805
1.572787869994192,0.11904448487222286,3806
1.9705975709062178,0.11034102868815869,3807
1.9699020976594395,0.10007799404758658,3808
1.750044587020488,0.11697151183450914,3809
1.8671251221383027,0.10482965049418042,3810
1.2394273474612274,0.18618067360375656,3811
1.780944361961103,0.10223002941126458,3812
1.4139823655029222,0.127030380146867,3813
1.740517464550945,0.10646399608903585,3814
1.5484397135392358,0.14174633215258017,3815
1.738108829014758,0.1035271270602464,3816
1.7437971130675878,0.10830141603186262,3817
1.745140366965226,0.10697540552424464,3818
1.5841561814174234,0.11374558805718922,3819
1.6925929753284363,0.10183335660980196,3820
1.5110622169654038,0.13202560999257715,3821
1.899939111380448,0.10529828887005291,3822
1.671198128327298,0.12556659570244588,3823
1.4996131892738125,0.15074634547958735,3824
1.7148079001781151,0.10812613309035746,3825
1.7728594848162103,0.11174973329276046,3826
1.5174497899698018,0.12312528450808449,3827
1.8383011577098796,0.1055835665102085,3828
1.9789610514120939,0.10046220153099586,3829
1.8899467729918513,0.11349398637474364,3830
1.825365913547686,0.10362557771253159,3831
1.8151788665044861,0.10618471264046507,3832
1.6532293595657175,0.10424128457575517,3833
1.8214513995490247,0.11579691796937275,3834
1.437288103711838,0.12512838297405302,3835
1.834834830938137,0.1114920750847163,3836
1.7270447465115817,0.12015267578398148,3837
1.6394135592577144,0.1340666359100108,3838
1.914363240879389,0.1030203140262781,3839
1.62483302883133,0.1134766389161539,3840
1.3653179498551344,0.16811755518309984,3841
1.6110644575348243,0.11534752997308075,3842
1.5905253226068172,0.12197880976053932,3843
1.509758032571918,0.13756035574903017,3844
1.6486126635823102,0.11596986312087211,3845
1.835127180918729,0.11152661642281762,3846
1.495344941665718,0.14532664365402545,3847
1.8533881572799398,0.1093748226811724,3848
1.7383241123876116,0.11001656471004172,3849
1.671736523949792,0.11374667407444085,3850
1.8549515237172434,0.10898355833173297,3851
1.7226967216781195,0.1214399578071378,3852
1.4261080984319698,0.1291690123150761,3853
1.5856721981334225,0.14465739356754376,3854
1.5407345406620734,0.12686399901714068,3855
1.5594014647412695,0.12897693300570212,3856
1.4673060345321132,0.15309620119616513,3857
1.5717717846078012,0.13039163320971878,3858
1.823504838471636,0.10758986798722302,3859
1.772536362610042,0.11280133322181192,3860
1.642243575317178,0.10416973733857464,3861
1.6585583769755663,0.1041206765703319,3862
1.994742951611551,0.10672892316983267,3863
1.6796778913877108,0.12727547422810231,3864
1.6356161125229534,0.10237860425357287,3865
1.4784108935036495,0.15194103353565508,3866
1.5305641985956702,0.13733986251985048,3867
1.9455363602329525,0.10403355225662564,3868
1.3760842863794407,0.12822044106120656,3869
1.6896351189112484,0.10665483130963783,3870
1.8231391682786566,0.11292973057796947,3871
1.48378432087683,0.1278958968562677,3872
1.470671562236424,0.16017865085436253,3873
1.514671724799578,0.12907809711297857,3874
1.6062864273188273,0.12827873477234214,3875
1.8101876258768543,0.11641242336810394,3876
1.9425508008871402,0.10340184751013702,3877
1.5410006607392122,0.1426878797612131,3878
1.7125944629701637,0.11955270239995598,3879
1.4811020842984615,0.12431924876939361,3880
1.6006214279385371,0.1308311833563077,3881
1.773925593743882,0.10573005596578433,3882
1.9204355902465151,0.11822091314061303,3883
1.6164857785964195,0.12192303218929647,3884
1.7054136423439306,0.10400404262223298,3885
1.8596913042441814,0.11266273490064545,3886
1.9331977699577478,0.10124177896686153,3887
1.1909942689244752,0.18460660764377632,3888
1.7819988354486667,0.10208630517622407,3889
1.5965061419931506,0.1212890775663179,3890
1.608509817547226,0.12908307725280183,3891
1.8506575982074491,0.10188486344767606,3892
1.8123303649762466,0.11463717660499201,3893
1.6041186287940639,0.1012091068793255,3894
1.6915152457519615,0.11017144179245009,3895
1.4399456780381445,0.16854445541599297,3896
1.414638569005935,0.1371708909367416,3897
1.5715367908742266,0.11541281279887715,3898
2.032984678770798,0.10254821381338024,3899
1.9429069215278978,0.10439138535999275,3900
1.8062546904338894,0.11960764363346466,3901
1.7357717269473874,0.10799423369939025,3902
1.5804379049446104,0.12250471506251635,3903
1.4546424248555117,0.13060380887030051,3904
1.5458079808878153,0.14124283207937413,3905
1.9643733286805223,0.10780764194202314,3906
1.7014207738311742,0.1069492235715489,3907
1.8447552243375291,0.11422913570744044,3908
1.9773248164547066,0.10965192074188229,3909
1.8926753664491847,0.10642656461476338,3910
1.6212654930177306,0.1164475453509043,3911
1.6080179833281563,0.13025366556974582,3912
1.36292825734607,0.1679340271553372,3913
1.8761068576611564,0.10293170227024026,3914
1.7945485545773414,0.11247342950129359,3915
1.756188286481,0.11018076434242594,3916
1.524270369035787,0.11717458372100827,3917
2.0296264565607944,0.10306148652318188,3918
1.4919039086644694,0.12781549255796681,3919
1.5875964194459193,0.11659738036195721,3920
1.7682225228503266,0.10547924708345188,3921
1.5722535002719629,0.1481855080167468,3922
1.7473551046283404,0.10995618452386252,3923
1.6625257407205258,0.11386334157377624,3924
1.8802878399042988,0.10772179697881416,3925
1.5090773678659362,0.11383429519647359,3926
1.5731295818510154,0.1455378943454541,3927
1.3843267915235657,0.1568821662169326,3928
1.717096599579219,0.1339260949715998,3929
1.7757517214725362,0.10904578610784287,3930
1.6509550262853165,0.11836838123274336,3931
1.7652902417175258,0.12491023120620663,3932
1.691890581187297,0.10511171809058682,3933
1.753216838323651,0.11006825885697695,3934
1.5211764174366302,0.12802903551251116,3935
1.7138016772601719,0.11959170290439639,3936
1.8261869240310626,0.11575302695378631,3937
1.8012271195349285,0.10781152714664817,3938
1.8831664376645032,0.11048285779724816,3939
1.7910953926502708,0.10283797515107213,3940
1.6131974903084856,0.12827429474464094,3941
1.6458961374150343,0.11497792912677168,3942
1.4538907813256714,0.16202376696198395,3943
1.5236248407588968,0.14719652320989635,3944
1.7932716999996097,0.10606592558353617,3945
2.1048852911741625,0.10421636441443992,3946
1.5073596708700638,0.12939096110079418,3947
1.816987055002255,0.10303606496248367,3948
1.733479062527243,0.11784454918695543,3949
1.6639109062004516,0.11609133697241963,3950
2.003602000730329,0.10326470056629333,3951
1.647625990014614,0.10702687020306474,3952
1.6980906635587405,0.10385150957678929,3953
1.8841858384030639,0.10584772476070375,3954
1.3817573094919555,0.15750886837276779,3955
1.799399740873545,0.1028755990387611,3956
1.7635235018440267,0.10510987404757914,3957
1.7464655023098652,0.12632028040017965,3958
1.7255167874315878,0.11643896526753328,3959
1.697046086928908,0.1042972131786994,3960
1.5827643756160943,0.11656932589932868,3961
1.4221407645539956,0.1478184114547285,3962
1.5950457838421033,0.11391191513045354,3963
1.5789382074490517,0.1189655837847294,3964
1.726487614861471,0.10763263032914729,3965
1.4655575599641593,0.14192263780464817,3966
1.8867383597044314,0.11668245678904154,3967
1.9636901834229108,0.10139895259448144,3968
1.7056992668727662,0.1152614266471225,3969
1.6463846489645053,0.10784628742945543,3970
1.6685855158611969,0.12083146521246041,3971
1.4311948579359532,0.1272384268588904,3972
1.7833227997073353,0.11005565931725747,3973
1.7486416763582713,0.1273028618841989,3974
1.837483127098813,0.10825013463549972,3975
1.824005566213295,0.11361604354453733,3976
1.8076242995748324,0.11804861894506608,3977
1.510519357469902,0.140886886776904,3978
1.7676790754856389,0.10342623948046727,3979
1.6122839764842878,0.11496975567961201,3980
1.956713841025291,0.10636004089876407,3981
1.4244582505717565,0.1240441039443049,3982
1.848311384197229,0.12016440932694103,3983
1.543054032529442,0.12259857015230721,3984
1.9200282190256133,0.10163511259187014,3985
1.950684814500501,0.10463544670380899,3986
1.7422023625467447,0.11018991525359366,3987
1.6082151878061188,0.11228206031333085,3988
1.522795444489585,0.14484267168572862,3989
1.5650732811950747,0.13643507350071932,3990
1.7744063587980754,0.10973876084031625,3991
1.8557871519765627,0.10933943823070104,3992
1.510329245791998,0.14625489760401106,3993
1.61880143769337,0.12715878266791897,3994
1.9088930949116811,0.11117692982560722,3995
1.8422620021383307,0.11345258129278112,3996
1.5230144774940175,0.1191078632095038,3997
1.6860256437426846,0.11713889713984549,3998
1.9686030739225433,0.11154891825750535,3999
1.5191570662063336,0.11237084345523903,4000
1.4301291455939438,0.14256578388325003,4001
1.6932851868222456,0.11139347868832021,4002
1.7770711295890291,0.10772891212609252,4003
1.4074943673368183,0.1283298624941944,4004
1.7130625173039098,0.10128926301628502,4005
1.9474033005185853,0.10547540680781126,4006
1.592445223969123,0.14414319681102666,4007
1.70286709189872,0.11234541272986066,4008
1.8450630235638557,0.1228103882084245,4009
2.054517862823288,0.10948140221140171,4010
1.8355442212363566,0.10985213904000757,4011
1.786331138316786,0.12694544074991818,4012
1.744540586918364,0.11321754129650603,4013
1.8701924367000113,0.10822835257901683,4014
1.7287060596901473,0.10204489297890912,4015
1.7970373270951838,0.12323719547264987,4016
1.864002662160682,0.1165945258403288,4017
1.6074031565893383,0.13391745434271135,4018
1.5635792072047103,0.1201773238739665,4019
1.734842065254649,0.10472331706947412,4020
2.0143673796293102,0.10557120667002386,4021
1.6486441435121109,0.12297347903834424,4022
1.6293206150118928,0.11633404586583795,4023
1.882869199074263,0.10147593990000171,4024
1.6944060937489689,0.10096601878644325,4025
1.6683111204131449,0.15087213568911878,4026
1.64890203270117,0.1066833517575095,4027
1.7274465360856672,0.1105601774522416,4028
1.6527258210879971,0.11158477247012986,4029
1.6091469744993785,0.11261681786530052,4030
1.7297231753970737,0.12514933232148284,4031
1.794496365755166,0.10396512094798285,4032
1.6705149330679505,0.11108082942091209,4033
1.8226230173407054,0.11173464099092689,4034
1.5511576583546742,0.13763699357390727,4035
1.8988946936244642,0.11069213529718824,4036
1.3952566294145783,0.13647035018709466,4037
1.725826735037892,0.11319533977710929,4038
1.5942859005603975,0.12406239497229106,4039
1.6352027004649514,0.12207895158092064,4040
1.711723746080637,0.13371843406766923,4041
1.9856314304049612,0.10104690925254246,4042
1.7693369913672325,0.11037586678451938,4043
1.8117469661662584,0.10776531182979321,4044
1.799275459693396,0.10423442421611298,4045
1.830174963089289,0.11308324230608514,4046
1.3719464204638605,0.1574927713794023,4047
1.958671458180693,0.10281375581583958,4048
1.7728421406161798,0.12045929805447858,4049
1.7598170456522853,0.10966301444799893,4050
1.2420953341810703,0.181864578466399,4051
1.68684139703287,0.1015902052441318,4052
1.7184670811926297,0.10144619873037382,4053
1.9160860396553658,0.11373614799349517,4054
1.507536314833626,0.1132326304199677,4055
1.9627173002107863,0.10360813173265718,4056
1.7371365993172727,0.11855555557840834,4057
1.758472843937375,0.10910398656713063,4058
1.8158236450627991,0.11632790219173963,4059
1.6321170180405191,0.11235585322654641,4060
1.8127957480137686,0.10541818317923941,4061
1.5889507875890794,0.10656416326193123,4062
1.791985937868344,0.10204270384471059,4063
1.8141565245186195,0.1158860856963993,4064
1.662222739708849,0.10671280798755707,4065
1.8264630954997814,0.12232438748334885,4066
1.5901148033391603,0.11860385765611461,4067
1.383574814778207,0.12598262604131874,4068
1.6450297722695353,0.13860898528676002,4069
1.5682745448931368,0.11043560968758585,4070
1.6908930359284384,0.11543127428769663,4071
1.6726630346739078,0.12135878984635837,4072
1.5661014782875158,0.14461101904696969,4073
1.8371237051229685,0.11992711406519344,4074
1.9220871301905584,0.10476058052175946,4075
1.7311508020034456,0.11295605700020797,4076
1.6154000559081665,0.11387586311995693,4077
2.0231311241661833,0.10187302717373727,4078
1.699477233713466,0.11093664707440272,4079
1.6243264097047003,0.12100212362736618,4080
1.5991900882473558,0.12190679973710537,4081
1.8884491562113168,0.10512907365540068,4082
1.618412997268157,0.11551688023825366,4083
1.7506858024966228,0.11828851645255241,4084
1.5347839364064504,0.1624383738288291,4085
1.8254455910797978,0.10055737099819628,4086
1.9435502855090874,0.10175549424714712,4087
1.6319210262694495,0.10308509394199583,4088
1.7435065023898653,0.10967044791407608,4089
1.5521882202382933,0.14082829298840982,4090
2.063427654320217,0.10805393332048777,4091
1.6166883067796822,0.11886668686667974,4092
1.5463688316169546,0.125827197161682,4093
1.816364228666007,0.10750127330919981,4094
1.7234740402568516,0.1197867569733675,4095
1.9090484571372428,0.10757249215288357,4096
1.9068590258365905,0.10520308607768797,4097
1.4725231216698849,0.12532378425823465,4098
1.6273262142079046,0.10943077187013378,4099
1.84508712108214,0.10859480827768103,4100
1.523469024271757,0.1401811395841801,4101
1.4320705699273504,0.14344042898481743,4102
1.4872779388631006,0.14734607723387855,4103
1.8944453760136664,0.11704990247506225,4104
1.9203892571295196,0.1029306695831596,4105
1.6680212156396639,0.11220986412440362,4106
1.6900626652357873,0.10476971122209473,4107
1.9708165385172016,0.10055683959994144,4108
2.038058580871194,0.10320615058467292,4109
1.7040491339826518,0.10987896175652073,4110
1.6503069575215856,0.10646769993324057,4111
1.7763722207923587,0.11327979513609025,4112
1.599748451916128,0.10592100734875423,4113
1.696209343269798,0.11681033513021617,4114
1.5872357868326765,0.12555078011552612,4115
1.4679067401261008,0.15767919366326666,4116
1.8945074292818416,0.10092085685086472,4117
1.74746739484291,0.11252893943488734,4118
1.758403813997696,0.10769731435836005,4119
1.6676079243358113,0.11969160460421806,4120
1.5173658893218167,0.12607453332471988,4121
1.5093323950985686,0.13191102191702694,4122
1.9675383110994105,0.11104826136862542,4123
1.637125335870544,0.12193612723011336,4124
1.8565419407247696,0.11953549319129876,4125
1.9830237131695236,0.10954406580766239,4126
1.6582236014469034,0.1091188199781723,4127
1.5698239520368091,0.14284055815222743,4128
1.8482166704721852,0.11474738161516773,4129
1.6001690730916343,0.13344883634173033,4130
1.4363437830839125,0.1328248471091798,4131
2.023703691282508,0.11007729164683994,4132
1.9564444328999888,0.10098081320555602,4133
1.2050760673585308,0.18970346078432615,4134
1.4906629893990404,0.14270751184330585,4135
1.3802794038485755,0.17352231949585875,4136
1.5469301143938812,0.13048909745081322,4137
2.1217727443740784,0.1004153511066598,4138
1.6722956641695115,0.13004467983551166,4139
1.8272305222334249,0.10727709689558547,4140
1.5585984523040282,0.12093780993371497,4141
1.6573997056860228,0.107327091322206,4142
1.8263092026239836,0.1066696482151827,4143
1.7530316342900876,0.10830944428744915,4144
1.6665325012968446,0.12078741086735549,4145
1.784347174704622,0.10180637768475996,4146
1.7074578418018869,0.1039394395442188,4147
1.8586923326045757,0.1027350149875155,4148
1.8515358914741717,0.10747591616614388,4149
1.4710337381645644,0.128304432722097,4150
1.3515451180181552,0.17637267357596936,4151
1.9818005264344443,0.10783247829573868,4152
1.6024355125509873,0.10948448449446861,4153
1.6172371479904142,0.114253831867298,4154
1.2316969011402434,0.1857801958485578,4155
1.3023403690007023,0.1627169425396949,4156
1.5958248152676944,0.11925162792352793,4157
1.5040063012631482,0.14940067207167904,4158
1.7655938250255139,0.10932485732627388,4159
1.9217462807710222,0.10218629697475418,4160
1.5368854353230614,0.12175191183733877,4161
1.8550347990547746,0.10984731149456181,4162
1.8882057263714012,0.11486880548570241,4163
1.9930563712438119,0.10592890092536096,4164
1.8121569414393845,0.11054286982623639,4165
2.0221199261703324,0.10749014438847293,4166
1.9396628579025146,0.10615085966849558,4167
1.6765162625700165,0.10924246231090874,4168
1.4868505738666056,0.12998461678072618,4169
1.8914660102150602,0.1079391126637217,4170
1.7673413129303668,0.11034532070241755,4171
1.8158898822616891,0.1123994398882997,4172
1.7231707782786105,0.12176076049631739,4173
1.4921062090487789,0.13926903913061858,4174
1.703844539445261,0.11415257487886785,4175
1.9513559106543488,0.1127651430137685,4176
1.7186229649568259,0.11792879016459154,4177
1.7002952249341763,0.11463964341636439,4178
2.030365299403488,0.10187370574502617,4179
1.5965938137444626,0.13040865421293774,4180
2.0213092993247774,0.10168224034041816,4181
1.5055598243061814,0.14194699939055305,4182
1.852165290122604,0.10659695463249014,4183
1.6676395564577737,0.10548044538056646,4184
1.9021680882750305,0.10921275730078596,4185
1.6035837345257062,0.12454968606410825,4186
1.6386163197817065,0.12185613402823874,4187
1.5957656076157585,0.12098620679331276,4188
1.829588709055285,0.10948519026926098,4189
1.2906699688125718,0.18048393217874928,4190
1.5477130840421902,0.14124286921195944,4191
1.7693973539571881,0.10821439553453091,4192
1.9015188618163101,0.10394474586372963,4193
1.547146688667604,0.14321212138197326,4194
1.7051964707887064,0.11037082888336461,4195
1.6705638587473286,0.12887111377690902,4196
1.940723701100762,0.10950515601702532,4197
1.955441084282583,0.10567457222917293,4198
1.7713377776487107,0.1029268980069465,4199
1.8429613570450047,0.11518307678992637,4200
1.6900700598347445,0.11000166745273494,4201
1.541594013489182,0.12011096512740442,4202
1.9853253339211498,0.10797980740720606,4203
1.3704400954271576,0.14814879454235583,4204
1.7731230663267052,0.10010509396095105,4205
1.9211007391144324,0.10532515893620202,4206
1.892155631936465,0.10798677328934184,4207
1.682372652977043,0.12451327098888437,4208
1.7251895607055656,0.12296287941053581,4209
1.636865312670281,0.10784345698795465,4210
1.713784688267789,0.1199060327594221,4211
1.9346835227087757,0.10805246999368151,4212
1.6848625098732284,0.12098584375105528,4213
1.952572801059327,0.110858735284044,4214
1.7144122562999577,0.10040221999184128,4215
1.6402365821859533,0.10887814550667756,4216
1.519694239496169,0.12423246867197241,4217
1.74722393100464,0.11506233839145592,4218
1.6084313214467445,0.10389777516873627,4219
1.4070039427300356,0.13592899032532885,4220
1.526539566659839,0.12880471792760065,4221
1.6793833529307007,0.11237690014711421,4222
1.66837594336677,0.10943912088785276,4223
1.4192740161960142,0.13665021699535146,4224
1.794153597123483,0.10657545497699777,4225
1.8805451186934519,0.11276260568928151,4226
1.5367669839491571,0.1230677473082882,4227
1.448786511999781,0.15439316442627005,4228
1.7162422298156874,0.10338836212936345,4229
1.8029332723301963,0.11072504335918759,4230
1.6182957411835024,0.12083248457794402,4231
1.85854316066946,0.10245404605108395,4232
1.4447317511629958,0.15665011431750972,4233
1.8734365300763498,0.10494289230875203,4234
1.693826687906426,0.12407775136027148,4235
1.6812077386217008,0.11296653923174814,4236
1.849160392498405,0.10700662517553139,4237
1.4911450214790185,0.12965932201688787,4238
1.7029478622380676,0.11712055699335501,4239
1.6234400162050355,0.12833614372969337,4240
1.7589515453958102,0.10675793428808814,4241
1.8130654197661364,0.11854210625813143,4242
1.6721783023287884,0.11672847547307476,4243
1.440295767911257,0.12241154024964457,4244
1.3603968673868554,0.17922699907196704,4245
1.7022966882180814,0.1175192982037215,4246
1.4989828758187167,0.1260250076820686,4247
1.5415226072629498,0.15642641627078963,4248
1.6707884959701849,0.11883167469692867,4249
2.0695931711314497,0.10235229101790604,4250
1.68042666856055,0.1148024790884688,4251
1.5294537743162115,0.12208864268332816,4252
1.7938350176321907,0.10649199961025993,4253
1.6274489262706064,0.11971260182154245,4254
1.701639990813321,0.10409534242692171,4255
1.9425169392143988,0.10136021918796484,4256
1.9085462439784453,0.11617967823074996,4257
1.7468675806176335,0.12367758527630655,4258
1.780961186449358,0.10646520677315698,4259
1.4046071222858858,0.15230960626839166,4260
1.5264997902184718,0.11454964101797836,4261
1.930071644215401,0.11027463983523875,4262
2.0217917300596144,0.10108953838569706,4263
1.645567072641226,0.12990358865622803,4264
1.6795302149155582,0.11723413804370506,4265
1.303008192548273,0.17393832912639953,4266
1.5541512538341171,0.11972643740320985,4267
1.9091898979263155,0.10749311775622503,4268
1.8676898837785962,0.10803231181140172,4269
1.736187082124138,0.11340529837199029,4270
1.4577150295873547,0.13564711395390314,4271
1.7280214930022195,0.10799958714078615,4272
1.670917444818283,0.1134021284910796,4273
1.7629230653202201,0.10803806791879055,4274
1.8361559725374268,0.10419918072073371,4275
1.4968010524843725,0.13331807857339956,4276
1.6246035092410327,0.12097397179044522,4277
1.4649563959099106,0.13196404617055385,4278
1.6123807590807044,0.12458781639949584,4279
1.4230818532407994,0.12374808618862401,4280
1.4747856670872626,0.11310616578622246,4281
1.3192599125613655,0.13190695421699974,4282
1.8475714458855106,0.10595994053779408,4283
1.7370876672046212,0.10042344315000973,4284
1.735871103665804,0.11359907137765703,4285
1.5404498845204844,0.12526885163589552,4286
1.5537745445840279,0.11643454230247378,4287
1.8413209809321776,0.10369162015002752,4288
1.4821138913841554,0.11666758405247099,4289
1.7849167705454916,0.12446696817433196,4290
1.5397317420194199,0.12386027350849727,4291
1.6789462694776616,0.11816308776380632,4292
1.8601762941678464,0.10885525227241828,4293
1.7275318578293055,0.11912766044131565,4294
1.9033049246263432,0.10202629226695041,4295
1.73704368067329,0.10956653554199831,4296
1.5375259272562847,0.13011923451105428,4297
2.0001371145991915,0.11146392076013076,4298
1.6408243267323388,0.11148768720677031,4299
1.5790525470052594,0.12631368007831795,4300
1.5616957457522966,0.12238142821892511,4301
1.6728003485452474,0.13103703060247393,4302
1.4616324407170478,0.1411950842341476,4303
1.5350350670878545,0.1464361663336362,4304
1.814647231462081,0.11970316453416091,4305
1.7213725404800664,0.10788544454445893,4306
1.7111440426728688,0.10810030584256444,4307
1.8957399432654498,0.10105288949402123,4308
1.8484295704061413,0.10119606034394021,4309
1.8566998678522202,0.11005541955737697,4310
1.747309996603151,0.10540014063045246,4311
1.4641370380579075,0.12524456944964654,4312
1.5153626216630955,0.11589336478882295,4313
1.9405525044880703,0.1093361206824898,4314
1.585098180369369,0.12509156678739577,4315
1.7710615131555163,0.10609507620665239,4316
1.5776091936924026,0.10660524540975219,4317
1.926081396128511,0.11690041881867058,4318
2.024974431841126,0.10122583019765641,4319
1.586081283461957,0.1453951655797887,4320
1.6416504831175698,0.11171970011181649,4321
1.4863890218805393,0.15366159517678693,4322
1.6350263773584262,0.13909243867650622,4323
1.782344940939942,0.10848447254613208,4324
1.6314317780938135,0.12741246581877178,4325
1.8034342016107778,0.10230845812373422,4326
1.8596150606250654,0.10068671118303883,4327
1.4907867099493148,0.15784474267149523,4328
1.4922234242535348,0.11768431158433362,4329
1.6949713515665117,0.12871718058190765,4330
1.9586409845215582,0.10496717688910084,4331
1.5708958847800774,0.1426200837184454,4332
1.5623391990479323,0.10962674539390414,4333
1.2951679596205112,0.1839095566833177,4334
1.7039806380913596,0.11748769751405852,4335
1.680757250258815,0.10202490910698367,4336
1.7887229177217627,0.10376987285965429,4337
1.7176209493417294,0.12128512367290432,4338
1.7612120207220434,0.11326758906258197,4339
1.7679338716376067,0.11669171408609547,4340
2.095822099549896,0.10152229070691049,4341
1.46447358066459,0.12557035725636953,4342
1.8657894201669232,0.11345141428021194,4343
1.7449850607298336,0.1122105851104252,4344
1.8048714353315092,0.11228237550065301,4345
1.8635505991187087,0.1208287443006992,4346
1.5582382648646171,0.11293910590638154,4347
1.808881544737316,0.114283964488963,4348
1.401421785252299,0.15393370629333267,4349
1.745758993336123,0.11227553685120618,4350
1.9688199434797027,0.10064034359592798,4351
1.6895023885663432,0.10757507341651855,4352
1.9331055566781443,0.10448236967006524,4353
1.5209832447706566,0.14225668052497167,4354
1.6422369396892305,0.12330256712085567,4355
1.7337553379586141,0.10431948537088978,4356
1.654920883522521,0.11161028056958042,4357
1.8430017972561896,0.10295961188470401,4358
1.8248541563596694,0.11009819884039236,4359
1.7203616745198838,0.11185481958824163,4360
1.578205797310885,0.12428224738329542,4361
1.943932677410145,0.10765713958087136,4362
1.6710769180473546,0.11337610281525833,4363
1.8130609799995927,0.10839714497359412,4364
1.6638952779083438,0.11997231635819483,4365
1.7397083004125986,0.11845552705857335,4366
1.8839403368558825,0.10494505740698634,4367
1.7141905533984991,0.12905049396889437,4368
1.6614428533586327,0.12329257584847211,4369
1.7510839183868119,0.116088418153133,4370
1.6544919937548919,0.10169937333004078,4371
1.9403386795577087,0.10464777257239931,4372
1.589670922691273,0.1136936723557679,4373
1.78896754162159,0.10951731502282626,4374
1.729410322298895,0.1198473795544775,4375
2.0844819440810167,0.10545548436702674,4376
1.4620679818624656,0.12128097225697708,4377
1.8453499342203854,0.11186832311525767,4378
2.0407928060513503,0.10182234660975752,4379
1.796932127650807,0.1184564068109286,4380
1.4543494946100388,0.14775800390450777,4381
2.0261237795374925,0.10711905371172285,4382
1.8347737955151648,0.10214758651998485,4383
1.5773773190892617,0.14247461518366644,4384
1.4689310108645328,0.1547962982981742,4385
1.6722222070144315,0.11117950250952506,4386
1.7044615141523722,0.10171737272347167,4387
1.9686588333481847,0.10700565705722934,4388
1.5948299648045143,0.1119084552595035,4389
1.816091143093262,0.1144017381956914,4390
1.7221349834009763,0.11188359213352894,4391
1.7970800470488117,0.10058971092329463,4392
1.3469701792216222,0.16511907075468352,4393
1.8475073131032773,0.12207591635460491,4394
1.7716724117314289,0.10308337252771659,4395
1.7601076863850527,0.12249805446309163,4396
1.8148437374852695,0.11173213085982359,4397
1.9622402677084823,0.10110952984557091,4398
1.7322552505043347,0.11301654893094742,4399
1.6461501105778718,0.11484025711037349,4400
1.651454790996406,0.11468826187856815,4401
1.689530008759026,0.11303620606316121,4402
1.6212407557861237,0.1172909001752301,4403
1.7393173186056914,0.10973263659387857,4404
1.3163106868666583,0.17678043673003674,4405
1.8154544648219955,0.11438023088939556,4406
1.8148424875671072,0.10641630293867689,4407
2.1120596097683593,0.10265227406109606,4408
1.8788543454493047,0.11155891192233722,4409
1.3199448000457223,0.14494087807348024,4410
1.6682302272257787,0.12040172120936798,4411
1.7352112930870711,0.11147741740235433,4412
1.6103446403143533,0.12007173569067632,4413
1.8044205843391912,0.10491595257195042,4414
1.7460406994412672,0.10186749554982379,4415
1.8753780560763338,0.11011346467563754,4416
1.6194089972936987,0.12519513888029515,4417
1.6032016674903826,0.10421794246550041,4418
1.6592784785595636,0.1184084948696291,4419
1.9239004767372494,0.11204547077958465,4420
1.9507413382044916,0.1144350881240994,4421
1.454816864962253,0.1548711992192237,4422
1.9441123932740354,0.10992112532510835,4423
1.609377146178107,0.12818343281246286,4424
1.5513804136451985,0.12692908729603947,4425
1.8954657544986353,0.11761997458985698,4426
1.5989449514272427,0.10350344687185538,4427
1.865550542472928,0.10921812661018006,4428
1.8497216264479517,0.1050760636129162,4429
1.6659387187492758,0.10567761328181173,4430
1.596341642630892,0.1371953451462498,4431
1.6711960261815209,0.11564781284882679,4432
1.3806304379097014,0.1704551342300045,4433
1.651486684608139,0.10353369061194771,4434
1.5869320417807757,0.11952436883595892,4435
2.069486058184437,0.10154405229595526,4436
1.8565016407855737,0.107850895705032,4437
1.6549862872351973,0.12065079628237087,4438
1.7722425374685957,0.1034898230552477,4439
1.6212779318335568,0.12153833684242352,4440
1.9151687831626836,0.10549091773137673,4441
1.8652719633932664,0.11815237533877769,4442
1.8195736805750318,0.10850817256517808,4443
1.582577555834461,0.13431322594316264,4444
1.6949776418931617,0.11315985511948923,4445
1.676574659851969,0.10815677771852589,4446
1.9623933790071797,0.10770806187628242,4447
1.5985466829600832,0.11289495191967017,4448
1.4378552097547843,0.14736931582098786,4449
1.773684077632826,0.10608910796217881,4450
1.8415419393552923,0.10915363331689912,4451
1.6660219642620762,0.13013757214678034,4452
1.6077899344942337,0.14046522972101627,4453
1.520925503580415,0.15218231436995683,4454
1.834123288475519,0.11171905228760899,4455
1.6838687872978142,0.11044708694484168,4456
1.8748605912669192,0.10640899692508023,4457
1.6615002992538244,0.11525145638979718,4458
1.549202978373638,0.148174064312935,4459
1.5179048281053127,0.13375012494064661,4460
1.905283347510452,0.10376232099403318,4461
1.44489258732646,0.1705771755177522,4462
1.6944827809443483,0.11308528082015343,4463
1.5687745666223618,0.12941344323995807,4464
1.743003984067982,0.1121144965227129,4465
1.835753135882112,0.1065515005386816,4466
1.6478132842706015,0.1039575320178002,4467
1.8107834711814987,0.10248685514258425,4468
1.9735638522892949,0.10392025424261894,4469
1.8685422573029578,0.10400799667259551,4470
1.769436940297381,0.10492341280100458,4471
1.6857386853841045,0.10774726662275863,4472
1.2568059456673957,0.1503932629881842,4473
1.6537619061131947,0.10963279640710133,4474
1.9059529144116483,0.1102057609324323,4475
1.8596372477219987,0.114507716884256,4476
1.942121057543547,0.10300637179493494,4477
1.6969453915967747,0.10506532875680848,4478
1.4496261777759665,0.15175557416421112,4479
1.9100528232813536,0.10559848010722411,4480
1.789157594143006,0.10280807823502593,4481
1.7024230311708595,0.1170617781451606,4482
1.9370937705326186,0.10568383703699406,4483
1.74298055414053,0.12733040882576888,4484
1.930658176267305,0.1078483436236058,4485
1.5141641708094704,0.110615375972647,4486
1.8430413817472522,0.10322128409925278,4487
1.7556984361314056,0.10319136599830862,4488
1.7450349300219834,0.1187603002264754,4489
1.7093827899436311,0.10974381194428098,4490
1.3866680155304636,0.1736922476858887,4491
1.8647254479141997,0.11076573100425435,4492
1.7931847394735365,0.10242886212562737,4493
1.7146755597012786,0.1011975812466915,4494
1.7064017426332418,0.1034399845026255,4495
1.809030849716913,0.1080969044196293,4496
1.6945040843896801,0.10838540511885592,4497
1.7920336753009263,0.11727127012375431,4498
1.8711857342784206,0.10970789641861918,4499
1.872044073441157,0.1120704029486422,4500
1.6515866236017762,0.12946624214114955,4501
1.577030919539069,0.13030012476537717,4502
1.592264217010875,0.1401836938308245,4503
1.7018380367212698,0.12387103550319586,4504
1.5237150226536385,0.11881551127676636,4505
1.4608713649484268,0.13346255579980615,4506
1.635400943661641,0.13902699720765277,4507
1.8222137129367193,0.11665437592855929,4508
1.8530539693868648,0.1134658481534217,4509
1.5087484266101063,0.13222524342913744,4510
1.6020832803846796,0.11599087412403804,4511
1.6882479961502646,0.11283359581385784,4512
1.5268340815048134,0.11701831455888889,4513
1.6761493475452502,0.12204179861686312,4514
1.744910250786109,0.1175472867437252,4515
1.615871314381912,0.12031184444871064,4516
1.3902046786176308,0.16230875021002053,4517
1.7041036079363754,0.11793860306731743,4518
1.5415595608724881,0.1110997757020222,4519
2.0227794739270233,0.10658229505486344,4520
1.5867525469925938,0.12765007146590215,4521
1.9340994864446388,0.10596339249943452,4522
1.756524424689648,0.10650056169779584,4523
1.6331587970493957,0.11732695696702014,4524
1.948447970928191,0.10718821372666601,4525
1.7980641217765456,0.10517874415719994,4526
1.8350031685533583,0.11848100575129021,4527
1.6272062793692417,0.1044158987078115,4528
1.3804567657563473,0.13404790490083904,4529
1.6660095577839709,0.13019403948732763,4530
1.693372962784468,0.12269637179827035,4531
1.819346464653847,0.102730988707541,4532
1.7853979083193778,0.11262179656405552,4533
2.030519210017409,0.10175381020001077,4534
1.655936124813055,0.13631017375423074,4535
1.556213076469911,0.13150144705178457,4536
1.782951795679177,0.1033512928151807,4537
1.825777216886727,0.11686799738098257,4538
1.804773535594744,0.11961286113293379,4539
1.6847991198646717,0.12539610216323693,4540
2.0090065548628133,0.10091360269710363,4541
1.7548416686187134,0.10227144463028177,4542
1.6688307568945497,0.10793774049283766,4543
1.5747709969268475,0.12124668932386692,4544
1.8589143246850657,0.11659083089320647,4545
1.4615179326234888,0.14139651058185673,4546
1.490092266775317,0.14875565228600976,4547
1.771058424565106,0.11084576250597354,4548
1.8020450306160796,0.10739108748040682,4549
1.9351970983159215,0.10298514565653416,4550
1.8238093620853777,0.1093520025507274,4551
2.0536563992269423,0.10641943610020338,4552
1.6455226618901975,0.10459863861214704,4553
1.865825569396271,0.10453142851491211,4554
1.82569380503124,0.11007108483840293,4555
1.9496355790655857,0.10910478071568805,4556
1.7363037073668082,0.12127312500085487,4557
1.8121167021963243,0.10445647632184132,4558
1.7568431917053904,0.11997656642503458,4559
1.4377734004413985,0.1374194379817358,4560
1.6820836613469001,0.12067956886901189,4561
1.618240806013252,0.11296984980750652,4562
1.5526475315974164,0.14776645951844827,4563
1.5792151796320855,0.1353428986699451,4564
2.0281971964309626,0.11006752760877762,4565
1.691068196263682,0.1161666277923799,4566
1.6155814787836946,0.10224323938442112,4567
1.9618552061915804,0.10017155902560669,4568
1.5617253343524466,0.1373170439271201,4569
1.9134671355268993,0.11000362350992396,4570
1.652420144630447,0.11655047384936422,4571
1.7730726869219382,0.10491694308222162,4572
1.6538093558655447,0.1109732026263045,4573
1.940305149541087,0.10911589926746823,4574
1.6731326969470457,0.11350991459808378,4575
1.6179591217433162,0.12893234081719984,4576
1.5314210991903816,0.13963268948462965,4577
1.4280712541224192,0.1479048525399037,4578
1.5383091978687913,0.14873679526087227,4579
1.6908144959646694,0.1195745297036464,4580
1.9260235011960107,0.11287104244775861,4581
2.0660849722574177,0.10282048847504309,4582
1.72064300067941,0.11197918073763918,4583
1.6273483584319939,0.1155618859002115,4584
1.1855608735031076,0.19034753382023925,4585
1.8053872319386362,0.10743798805057231,4586
1.6335899550982775,0.12376484974507812,4587
1.634496488472094,0.12330171903933462,4588
1.6505245506845547,0.12957047689086668,4589
1.6441906384765166,0.11797128025742781,4590
1.7665333337092453,0.10324516782989505,4591
1.7454529113120905,0.10794828991396525,4592
1.8726425160325681,0.11454624598956066,4593
1.6258614273579899,0.10872148568423057,4594
1.6873858361131393,0.11472868159651685,4595
1.5052109153100173,0.15172251280300036,4596
1.456522060714661,0.12679443627124615,4597
1.89330783267707,0.10237414856535453,4598
1.770105187551811,0.10895964114795077,4599
1.9210303433317735,0.10389580011878351,4600
1.4816896102157662,0.15343911665991677,4601
1.5287430576133394,0.11895548541986622,4602
1.5646621620410945,0.12141949141254409,4603
1.3266362685875752,0.17656327604650865,4604
1.7209051406853957,0.1116074759957628,4605
1.7925882542500546,0.10074413920866562,4606
1.9999211267946608,0.1051770551310071,4607
1.6321588815813919,0.11308770104140858,4608
1.4791163833035366,0.13461111164459924,4609
1.6579071226114421,0.11177725389608503,4610
1.764970270789685,0.11153819053292659,4611
1.6914469771871183,0.11224590301603916,4612
1.2187063712686923,0.1811018253588645,4613
1.670780252614519,0.11775043085078052,4614
1.4633782436485654,0.12398498977848024,4615
1.9261085859429063,0.10672659076136295,4616
1.848863370285513,0.10195957379282503,4617
1.4786822328113285,0.14860869613095884,4618
1.7677104274145825,0.11105093007356953,4619
1.685973978981202,0.12164340554087018,4620
1.621097349391341,0.11482220533482551,4621
1.7987013965312437,0.11409489398841159,4622
1.703502108495444,0.11809599287019991,4623
1.9487256586081934,0.10944467335053537,4624
1.697017464470385,0.11352813196742449,4625
1.5240884399872616,0.12413935292517034,4626
1.7000396325461957,0.11835742118787043,4627
2.0378861855438033,0.10016906436978287,4628
1.3281127691737922,0.13970330511183737,4629
2.0292164294940225,0.1058149553944372,4630
1.5604241348018246,0.112089048853166,4631
1.5540183816041682,0.12137015820521752,4632
1.5525939741137067,0.11268887970611624,4633
1.5415290079790633,0.14379939574464226,4634
1.446219693194231,0.12186625715974161,4635
1.4455947671759874,0.12216970485250643,4636
1.477403777942407,0.1486900851459237,4637
1.9044387442865813,0.10154945005031114,4638
1.5191224664536829,0.1298486184097442,4639
1.8506877688813972,0.10162781590170443,4640
1.7941090190505795,0.11909256395772468,4641
1.8424466368156533,0.103104375703852,4642
1.7995879956026088,0.1064069964886711,4643
1.7104508136434484,0.10869518312508829,4644
1.5485939911543838,0.11400019254546225,4645
1.794974488501117,0.11882915019539471,4646
1.9364987571387906,0.11273096532416466,4647
1.8124455585287518,0.11176844172095012,4648
1.5382069969037955,0.11706790062122888,4649
1.65307062845205,0.10085736475428199,4650
1.6657341969717983,0.11577353906861598,4651
1.6149744705744997,0.11354803883960735,4652
1.8707338444957198,0.10803410522214599,4653
1.8236266972079602,0.11019084066646977,4654
1.7743740187003603,0.1113773937367546,4655
1.7153669431755878,0.1081369295984927,4656
1.7298432619120765,0.10556573369740853,4657
1.683276761328573,0.10648774621856621,4658
1.8063270245747736,0.1160276461869851,4659
1.6424107118834053,0.11368198398249472,4660
1.7397008883789111,0.1101568876583612,4661
1.4205990262608275,0.12218539023863123,4662
1.799239290641167,0.10797005221732985,4663
1.8557317953013115,0.10652111124414834,4664
2.0344095380707485,0.1025992013357501,4665
1.6314425511968556,0.11672991138963877,4666
1.6170540248012795,0.10685709083882323,4667
1.579978278505469,0.11803223200211674,4668
1.7216704770232973,0.11248663996951357,4669
1.4928606997011111,0.13909207600560974,4670
1.5810311859176864,0.11146219871404525,4671
1.3752083082861737,0.14149628283510784,4672
1.544474003340458,0.13117539270743375,4673
1.9205700615659722,0.10482386823340642,4674
1.9073478034467688,0.1022093758373446,4675
1.8911802582484285,0.10476390241137781,4676
1.4715071095813683,0.1153970206002049,4677
1.7538689069981725,0.10814909502815653,4678
1.4972990050681432,0.13297955829327526,4679
1.8581079785256045,0.1112162798006449,4680
1.7525453037365712,0.11552470739339442,4681
1.7284715371611135,0.11278659690008341,4682
1.6011763132018926,0.12295351282945581,4683
1.918576365767694,0.11021153805271242,4684
1.6915581003820832,0.10075818041035196,4685
1.8510874265596782,0.10815809856928067,4686
1.4717254107501563,0.1608615676196858,4687
1.8568616466573153,0.11202231403842039,4688
1.9250285680633177,0.11022089193519534,4689
1.670766183175067,0.12498028352785538,4690
1.5362199481881673,0.13006975305312823,4691
1.8865191338245544,0.10428810403164399,4692
1.7193924549248758,0.127009047969765,4693
1.6801463775144414,0.11249900100824953,4694
1.6042620193670036,0.1194681841921828,4695
1.1829938578329362,0.18331325151561836,4696
1.8569059444691416,0.10522407460387569,4697
1.7919816482755109,0.10983955777694279,4698
1.7785720933420572,0.10698235758131597,4699
1.9775018284511494,0.10255137778649873,4700
1.8246483668697437,0.11099425888740871,4701
1.719477530535069,0.1061023414743443,4702
1.6781399767120604,0.10245722528170143,4703
1.900537535833958,0.10057385950525072,4704
1.647390297773417,0.12703747874712923,4705
1.8778226423741666,0.10325346206123844,4706
1.9153032065728388,0.1063901395027767,4707
1.7465000850284094,0.11799425847516623,4708
1.9729214314296974,0.1026739653856311,4709
1.5141922014537417,0.1406426883504316,4710
1.605719534481425,0.11610003287018869,4711
1.6950149517006783,0.1235776184366724,4712
1.890217029057133,0.10143549806442186,4713
1.7041031262279773,0.11280393407616282,4714
1.9036648190168892,0.10624474596342678,4715
1.7105295741384838,0.10106782590978347,4716
1.8595171590833142,0.105819904406212,4717
1.8564675162689848,0.10437837026888118,4718
1.9003745999376036,0.11441413283595016,4719
1.7593714033241685,0.11264894435993794,4720
1.6730525362994573,0.11483274087176004,4721
1.785704516690894,0.11271543032558913,4722
1.710022908759141,0.1070916567368198,4723
1.911106048966522,0.10161247920702006,4724
1.966266326699892,0.11829868731728913,4725
1.6475224356534155,0.11557191774048149,4726
1.6966170634418065,0.11303112833561693,4727
1.709001373972024,0.11216370000180763,4728
1.8650095373772753,0.10535016183208416,4729
1.6815085351248933,0.11570462968134924,4730
1.801132752044041,0.10680019586955689,4731
1.6611439558788528,0.11030478026859182,4732
1.842183981045083,0.1058294316714015,4733
2.014933185125895,0.11129524645930688,4734
1.4673054235151952,0.13686777808165962,4735
1.1481485482857559,0.19061971299948643,4736
1.772110336236922,0.10993536912291466,4737
1.6137486143743973,0.11467683071487453,4738
1.4299911579884836,0.15298735110303102,4739
1.9072066098929195,0.11497554937468045,4740
1.7634673417953364,0.11202188145850812,4741
1.7223808253695956,0.11093628791246792,4742
1.722959575277102,0.11871001003481323,4743
1.8127940874932977,0.10522290217554785,4744
1.9621935550858651,0.10948162716482562,4745
1.8560571352707607,0.11720583485014234,4746
1.7674167266623766,0.11006903182987038,4747
1.8108126252257004,0.11958882879124881,4748
1.6697116459317323,0.10621518416320665,4749
1.554580421514617,0.14403886463300983,4750
1.880602038587376,0.10069949587773887,4751
1.880372085424255,0.10267308173609638,4752
1.435289131481253,0.12552339396321932,4753
1.888658979821411,0.10005989428001143,4754
1.501410993250723,0.1407242080623805,4755
1.7399361614490185,0.11702685789821456,4756
1.3731426128838433,0.1767657798056326,4757
1.9521678291413678,0.10286797040433507,4758
1.8591873112028827,0.11004403036655813,4759
1.7557976780348388,0.11188412541403678,4760
1.8252321783812824,0.10220732693160367,4761
1.4145841335480864,0.1600244764831784,4762
1.8132007605696008,0.12437701039667161,4763
1.5941054194586284,0.11353463648972098,4764
1.6549011196371337,0.1117195459203713,4765
1.9960949059748747,0.10244529781944152,4766
1.7093359878197518,0.10834724775546055,4767
1.5630226487675731,0.12403582000250002,4768
1.5359762480613575,0.1135559035507589,4769
1.3558442765560814,0.1600165538646821,4770
1.8053357180260001,0.10820726026199544,4771
1.9658627994273903,0.10696010035024647,4772
1.6276462627965165,0.12062769570227286,4773
1.8528004105262197,0.11685176746794539,4774
1.6312697392586675,0.12236402273042173,4775
1.7092932288192695,0.12117357364124325,4776
1.7801033475558998,0.10566932138497798,4777
1.8359221826220233,0.12219612953169634,4778
1.8800015860210044,0.10021318047087943,4779
1.660855483389986,0.11042549206261046,4780
1.807752276447319,0.11458929386318924,4781
1.9133872710302458,0.1041460065091672,4782
1.731829583762012,0.10651487937942286,4783
1.8557288193408112,0.10022675350511143,4784
1.435488770446422,0.14126217841187091,4785
1.6329780240329135,0.12082687599401909,4786
1.4533021998517455,0.1369574293964386,4787
1.2025341383962382,0.1862800761295569,4788
1.3553728592217478,0.14180274102664367,4789
1.8018059203729004,0.11628191668663726,4790
1.7983836855826993,0.10073707471204839,4791
1.6891339280494098,0.10890032671269663,4792
1.8009062363532367,0.1027093542230656,4793
1.8355774634995614,0.10097131628324525,4794
1.65454773829477,0.11294968754449514,4795
1.6758992108839212,0.10980819386266445,4796
1.843754037546724,0.10977975364884082,4797
1.7382145352919027,0.11247715672812234,4798
1.766207549026078,0.11189489209605903,4799
1.9116223566630977,0.11438217626440313,4800
1.7604142374284302,0.10584255754688825,4801
1.4609819100225567,0.13103500246076216,4802
1.9270289426945484,0.10768099818912683,4803
1.4809099028418446,0.12967068743555674,4804
1.6348732044075314,0.12351846839622228,4805
1.7148180733096405,0.11041992983296664,4806
1.6074118982418573,0.12579664227473475,4807
1.9830511290555966,0.10820371014641755,4808
1.8178504258233785,0.11360312791618456,4809
1.7791931195771968,0.10548963361450787,4810
1.7019475427116315,0.10898252664724782,4811
1.8097141467546367,0.10811694905033344,4812
1.2649373935979698,0.17645427760998586,4813
1.7842216499074959,0.10266647616062563,4814
1.622722724426741,0.13031039413121848,4815
1.6945933978516943,0.10103028812217195,4816
1.9312845123665787,0.10233355285229215,4817
1.6645700263045438,0.10668022777166947,4818
1.7041303982114357,0.10351987338794268,4819
1.7442476605209585,0.11905130020407906,4820
1.4979492046189475,0.15308080685068454,4821
1.512605690065405,0.12419117153935308,4822
1.8805311508796687,0.10379496117767079,4823
1.7785746539445866,0.10739343326746383,4824
1.8219283058242064,0.11508894758868507,4825
1.7040308146203251,0.11607104087680481,4826
1.6882766794081288,0.10175811545227777,4827
1.5509788177110382,0.12360111707612706,4828
1.725473808326546,0.10616657423467929,4829
1.7544194124740444,0.1085126405701961,4830
1.8595836650834485,0.11323032652181017,4831
1.7625189765280453,0.10576328987649443,4832
1.9674249956997787,0.10559740267992947,4833
1.7508043199567516,0.10365774631464679,4834
1.8412936678005962,0.11073207602968696,4835
1.6296166743757237,0.13683561223115406,4836
1.7019069062209646,0.11488523691576218,4837
1.701431875664273,0.11823919678122866,4838
1.702571743954278,0.10299686487704864,4839
1.8875574625964426,0.1016862712084552,4840
1.5658178668939327,0.1096072754945853,4841
1.6909939594797834,0.12407272856300905,4842
1.9654912238664572,0.10989204861493752,4843
1.7252159630176507,0.1141353806198416,4844
1.4162677036998703,0.13873908392077283,4845
1.8098552929839433,0.10692435775480749,4846
1.716942838507916,0.12326415801442232,4847
1.5475944760458549,0.12111325765447935,4848
1.813003659249876,0.11747317385751502,4849
1.7910993436966638,0.11378281212675165,4850
2.025921026852242,0.10327895525690578,4851
1.9338384067000545,0.10431855927377874,4852
1.9811385322824742,0.10373244091329714,4853
1.6813126007180315,0.1129275468441455,4854
1.886926175112047,0.1057588705820723,4855
1.6312132693636112,0.10873738355740967,4856
1.565525782093122,0.12067790798439028,4857
1.6341121472374007,0.1290597418900419,4858
1.4375824745053813,0.157297931067705,4859
1.838870473072011,0.11109695049628365,4860
1.7824400044662103,0.12219823630519733,4861
1.7632045008168586,0.1199749122825017,4862
1.5613861955088868,0.125230440623765,4863
1.4938748110424065,0.15490146321161585,4864
1.961975622285568,0.10201406145945421,4865
1.567569945234671,0.13635725902950627,4866
1.7363703489936915,0.11039003815358768,4867
1.7152885199726426,0.10920503578402008,4868
1.8268807688501434,0.10324004380465344,4869
1.8431010286812313,0.10228746972855765,4870
1.7887982490873031,0.10105015286843902,4871
1.728640150070836,0.10680707846675683,4872
1.8336968909810976,0.1142238851242452,4873
1.6674645982542204,0.10957463106578065,4874
1.2746904849092526,0.18408321889739007,4875
1.9084671952552468,0.10126105246333764,4876
1.842944667874446,0.11157943094085677,4877
1.3861068613242091,0.16107703408155183,4878
2.0116148778763456,0.10777305531772546,4879
1.9342471086279225,0.10740328060206333,4880
1.7614929443128757,0.1143287071720597,4881
1.7568077611785826,0.1160879899284851,4882
1.6737990760450543,0.12624201724678,4883
1.4538176663741402,0.14550912617478734,4884
1.805526230320885,0.1247058216349128,4885
1.399417798912602,0.1383057751665041,4886
1.6012764528951808,0.12117982533938644,4887
1.7615879010522248,0.11137851606509022,4888
1.698397572349724,0.10392937746704493,4889
1.51235199445983,0.12624218568916734,4890
1.5210339077918489,0.12853224652748133,4891
1.4714202660309297,0.16716014964338574,4892
1.659847721245835,0.1237517003047248,4893
1.7131602830149404,0.11477614761019705,4894
1.6542599607126636,0.10305005096003457,4895
1.844898533076442,0.10328185881350857,4896
1.5095609500233627,0.15947495255526523,4897
1.547172932386762,0.124526963452859,4898
1.8508640530057276,0.10129713946365852,4899
1.8187130923272492,0.11982842370357462,4900
1.7139264779986851,0.10702683480086557,4901
1.6530167434757894,0.12276975539198387,4902
1.6108325895817204,0.1125099485493448,4903
1.7979986091559326,0.10905080992616938,4904
1.7349126510695514,0.10870398585298631,4905
1.862610476349772,0.10267261481932066,4906
1.8569630224303095,0.10037319301550525,4907
1.5145267099584248,0.126416895783296,4908
1.7533435958196066,0.10452855819354612,4909
1.7563198156997424,0.11078271203893608,4910
1.757057403999824,0.10461242775941144,4911
1.9390030439137742,0.11172243455466284,4912
1.6168482917958351,0.13591136622168049,4913
1.7373249176335608,0.11242433353751087,4914
1.7507158608149522,0.10895827865028479,4915
1.884564595404036,0.1095126543204195,4916
1.4603394878313456,0.15260190428937564,4917
1.5356632406567392,0.12707475612537875,4918
1.4517787510157651,0.15262064709905748,4919
1.7199188598063389,0.10668127321861152,4920
1.4336375745342536,0.11225288256721619,4921
1.4408307676606829,0.13541569597954964,4922
1.8130489108416619,0.10957248775785734,4923
1.7948177351449655,0.10316239972603641,4924
1.7318150421210476,0.1321497458608768,4925
1.9763143412551223,0.10726320883836239,4926
1.8481274675111494,0.10686513073499641,4927
1.829015002531361,0.10726147726393992,4928
1.639829938111508,0.10772345469813235,4929
1.6578722696209318,0.10626919052678592,4930
1.7555724520157414,0.1073219550046406,4931
1.5447233302895678,0.1254727886306302,4932
1.4263105312768405,0.15836328416771928,4933
1.5286911577591846,0.12166513060328012,4934
1.837678506977721,0.10422855680245281,4935
1.5406943426949258,0.13214765321766203,4936
1.8484628659106321,0.10793250105747179,4937
1.6752873325511053,0.11662495483373973,4938
1.6375145876079253,0.12312744648418128,4939
1.7177379797094035,0.10930610659376645,4940
1.658474773830491,0.10496175056057841,4941
1.853579091053825,0.10896407008387952,4942
2.095511646247509,0.10160332381321749,4943
1.5650733337311857,0.1416117187621909,4944
1.7134699608047783,0.10969418808752582,4945
1.6954285517310308,0.10240582866415736,4946
1.4538859832015771,0.14338533756733876,4947
1.9147933033212872,0.10266004614341748,4948
1.7455199765098166,0.10590253811870785,4949
1.7130311007499053,0.11753453519769129,4950
1.5085495181782798,0.14809591937414332,4951
1.5471125554065657,0.140729519721627,4952
1.4309747390117054,0.1423174667213194,4953
2.069147454405688,0.10390446266829376,4954
1.6924986660387284,0.11547765452362667,4955
1.4566850179780015,0.16388399024246628,4956
1.8205547626694987,0.11891594053846441,4957
1.6466953646453204,0.11477876665601708,4958
1.2293913793198972,0.18968988629066966,4959
1.7533498939113454,0.11555275847906436,4960
2.0277798143619634,0.10307907456737644,4961
1.669768521264191,0.12992629133270117,4962
1.471128553443906,0.15598311489237418,4963
1.95867377321862,0.10721321244792001,4964
1.7793728341916604,0.10701123799391025,4965
1.97194109917515,0.1110424395809041,4966
1.7822395601362897,0.11231719301989124,4967
2.03943743946537,0.10422051688197738,4968
1.8193945162494363,0.10603477671687866,4969
1.6547521088078319,0.10321278241819717,4970
1.498241353334972,0.12606968315426686,4971
1.5253189624777337,0.13391513310776723,4972
1.5410139745911748,0.11585778745120254,4973
2.0107017594854977,0.10083423765444659,4974
1.7034966842292354,0.12008006379947009,4975
1.9837061425106266,0.10488123734379148,4976
1.756240906548414,0.1158015287128836,4977
1.892258727394651,0.10367642487084328,4978
1.5108969824861938,0.11830872123609681,4979
1.7755631145681967,0.11596385126383307,4980
1.6345144626384454,0.10974325818891437,4981
1.7949468618267428,0.115868060464351,4982
1.6319070997585297,0.1029794560198913,4983
1.6701277090021194,0.11425851872753869,4984
1.6042825028785883,0.11485250316635635,4985
1.8887509518468353,0.10236433824283392,4986
1.635118795384113,0.1195246379132767,4987
1.766503277264576,0.1034636211985833,4988
1.8172070149729316,0.1146000789819645,4989
1.6075511127591473,0.12573820351925208,4990
1.430485416128984,0.15699931673970635,4991
1.5055323482782736,0.12648087788500736,4992
1.892586682884657,0.10104967385027834,4993
1.93134953389447,0.10317504591563946,4994
1.6364404964870765,0.1116128458694205,4995
1.156422616125881,0.18542993837980087,4996
1.545070994299747,0.13078018038015304,4997
1.888071692012856,0.10898333969674155,4998
1.7976475605449267,0.11369930926102202,4999
1.7412565281232841,0.11930562559464791,5000
1.6655252571178194,0.10143669330567678,5001
1.7495785929201062,0.11049544073806776,5002
1.1973152015495392,0.17661624348354282,5003
1.7699131371351924,0.10392152888725134,5004
1.3301514864336474,0.15900760650849724,5005
1.585362941256282,0.11061499422268044,5006
1.3629376127850095,0.17133355578905998,5007
1.3205636170970072,0.13757817782340792,5008
1.8597000387409743,0.11060793550263064,5009
1.6357043521999388,0.11728115988692198,5010
1.4463696488680764,0.1225759933712982,5011
1.910316576344149,0.1114373025567401,5012
1.3937186812861004,0.16015840846886328,5013
1.6142515269347784,0.1482813527887759,5014
1.5737498299718076,0.13574654855309484,5015
1.948273604367019,0.10068135585446022,5016
1.5922567410525081,0.12636637855374758,5017
1.782931524009895,0.11987376973083705,5018
2.144078341695979,0.10043280511532782,5019
1.617459626047129,0.1328692139201109,5020
1.688161457807259,0.12602357679394594,5021
1.5892787034533398,0.11430387274211068,5022
1.8466567131578755,0.10674200054354718,5023
1.7224910229729953,0.10375104297088533,5024
1.676030594649097,0.1036920293726851,5025
1.7787921747599673,0.10650029264542064,5026
1.7337837150298143,0.11454800520756897,5027
1.6631360174897853,0.14035192035934088,5028
1.800635569210532,0.11856626687013523,5029
1.9233236710259445,0.10744022384600779,5030
1.603165790440671,0.11514958898378362,5031
1.7186642642350773,0.10308400543583522,5032
2.0043778035186546,0.11132732978271147,5033
1.603681871958805,0.12238095142197375,5034
1.644787295815184,0.12338306494170637,5035
1.8422221360056126,0.12174704574411147,5036
1.5512644575193983,0.13620964677323466,5037
1.5415962784786381,0.13492012888952415,5038
1.5718935617842353,0.11746278538619619,5039
1.5078631337261805,0.14657876847920284,5040
1.9555757973079853,0.10047789593858415,5041
1.6502154597310865,0.10721875687826715,5042
1.7885691750603991,0.11384930716226907,5043
1.8563501471554258,0.10642310189527358,5044
1.659640476566346,0.13403073171143481,5045
1.604838801544999,0.1230602704059684,5046
1.760394863030237,0.10649084955002473,5047
1.6086614802615358,0.12515844513453223,5048
1.535431854712845,0.12259701346223831,5049
1.6162150814587954,0.13033055915208525,5050
2.045595901980698,0.10068640325933759,5051
1.591154939077244,0.11054361526166842,5052
1.777857815644298,0.11977125809456093,5053
1.959063896706032,0.10608607398355653,5054
1.6052422007672769,0.11195440109492143,5055
1.4773566760184007,0.12362106353582347,5056
1.8330932507488056,0.11252072337680527,5057
1.9249260817903273,0.10234053379475691,5058
1.7506218436424172,0.11261352195717275,5059
1.4705400995296338,0.1443452810322322,5060
1.6391684814396115,0.10864121244587895,5061
1.8887149808119603,0.10860583923874312,5062
2.0333337077097755,0.10498818852565245,5063
1.9060110482229116,0.10192933120332336,5064
1.615197143697411,0.14388079960318761,5065
1.8969879479070746,0.1039944294981933,5066
1.7205063113209798,0.11755383483735682,5067
1.4950555996105108,0.1148926747697916,5068
1.619051103976181,0.12316292593577492,5069
1.7755061441938036,0.12178263038202308,5070
2.0336823302233977,0.10218587448707503,5071
2.055203662274339,0.10086806743589825,5072
1.6140097900067527,0.11864503410645164,5073
1.4935097291474764,0.1274572837489568,5074
1.6112526789069743,0.13816867274208794,5075
1.8063628746143134,0.11088145994752663,5076
1.738498162309595,0.10424201551065157,5077
1.851431287812776,0.1001151795916392,5078
1.7609323361370945,0.10907612502285721,5079
2.097080191787526,0.1045255232371144,5080
1.6733507649477217,0.115435123124905,5081
1.6688071258343191,0.10871071534342658,5082
1.4592576305625442,0.15691853286019547,5083
1.731884606501028,0.11078184710840466,5084
1.608830655534039,0.12358063612255968,5085
1.7978697893708142,0.10006375732496864,5086
1.6705126036827067,0.10836421329089203,5087
1.6938338167262972,0.11786124755288836,5088
1.6240023296358153,0.12148251805561744,5089
1.692132037562736,0.1077028700610074,5090
1.9250062236629457,0.10775165770818101,5091
1.5884637225251337,0.10318884685493962,5092
1.9222040077722709,0.10766399988535594,5093
1.8795169952532713,0.10324789819953333,5094
1.3526884148609524,0.14775833774978742,5095
1.6081476058577182,0.1197622254621261,5096
1.8127362876666222,0.10542828052007218,5097
1.722084578486615,0.1137993793149225,5098
1.5668713623311266,0.11501049993704332,5099
2.0006972826081535,0.10272534902612884,5100
1.67858028214194,0.10478039224399288,5101
1.61565976578474,0.10608523972562726,5102
1.4470421528227329,0.12548030350803882,5103
1.7273341410357983,0.11835781307337159,5104
1.811136823819538,0.10120036514631443,5105
1.9856601599095929,0.102358121116493,5106
1.7728374949755183,0.10074858251415154,5107
1.5963472781972181,0.14087539064839597,5108
1.4442630655766207,0.13429628109761274,5109
1.7758892062591152,0.11507484190118042,5110
1.7149700063715518,0.11603259039931688,5111
1.5355965100960243,0.12364300661309627,5112
1.8050662482407491,0.10419426810421928,5113
1.5509892019309794,0.12124348587075957,5114
1.8037773875843914,0.10951754958085425,5115
1.5543045711319525,0.1321222743263399,5116
1.638646305876027,0.10592507407733166,5117
1.7526001015773596,0.11408038970189545,5118
1.6614248077367046,0.10787864462476397,5119
1.6127696020324387,0.11574913079294842,5120
1.770095632127723,0.10752383865087671,5121
1.8076643791600187,0.10247565008978482,5122
1.6193575304162682,0.10523240211938573,5123
1.6985628395416217,0.11317854044381571,5124
1.8065842436533799,0.10916247674383084,5125
1.4462432128442744,0.14928358311957332,5126
1.6584060602794188,0.11428618736029375,5127
1.6246849257707225,0.1245974029013655,5128
1.6178348410039958,0.12687835019209093,5129
1.5123366637932094,0.1318619069500446,5130
1.5730989069287074,0.13135333179668607,5131
1.4917367799401131,0.14675778582664648,5132
1.4586818284091734,0.12347087877926807,5133
1.8895931758432645,0.1126040352349969,5134
1.6664081648868194,0.12497636055930902,5135
1.8089859951486733,0.11235060404177719,5136
1.485730877357353,0.13195565647658716,5137
1.6552208651299636,0.12016016177978346,5138
1.7965099438732253,0.10666372415136259,5139
1.5482734230379092,0.14667720807936124,5140
1.7935295978987962,0.10589198075704062,5141
1.6474078901535831,0.1227692974451788,5142
1.6041733357288825,0.11904222810454539,5143
1.8835742149507069,0.1005374456592221,5144
1.601724477557453,0.10776044187428954,5145
1.7270699657730684,0.10853532680985101,5146
1.9669169664054083,0.10680511712424602,5147
1.7647310023281206,0.11246680284374472,5148
1.5390650376651651,0.1478501296598736,5149
1.6300164466890477,0.11329482669815315,5150
1.817245512044919,0.10592317962562883,5151
2.058160482775172,0.10256529664869457,5152
1.6277274126925299,0.11346517521578398,5153
1.7271360417452337,0.10058441944370779,5154
1.7628612730895867,0.11019987030761079,5155
1.4237614123322413,0.15517707189151855,5156
1.763655164594121,0.10160343268938576,5157
1.8821660943395953,0.1026101556787945,5158
1.8264504865557023,0.11197042174876756,5159
1.6043982781751822,0.10479376006454132,5160
1.4670733849918685,0.12001479126205575,5161
1.4664015281560248,0.12731392814127962,5162
1.6838615519174194,0.11789680517043395,5163
1.645702231998467,0.11187793575198117,5164
1.5364758398316225,0.14540371870745447,5165
1.9511470975465606,0.10402959851085254,5166
1.7639339193108203,0.11580865285858144,5167
1.8517639950774993,0.10671084566299327,5168
1.771281205562887,0.11567071939053104,5169
1.6229805950806893,0.11730216794293989,5170
1.8626389371931185,0.11043129399589596,5171
1.641191660661272,0.1328079037388454,5172
1.841523286207247,0.11794593566990003,5173
1.558226936946307,0.11767345009847778,5174
1.588518060246967,0.13204328210018815,5175
1.7210061869647735,0.10656483843998406,5176
1.7115170811334428,0.11244035615529242,5177
1.7994812801184106,0.11031670877588882,5178
1.8850908215969948,0.10478740959198986,5179
1.487046285353473,0.13008600639702822,5180
1.8937032584217437,0.10006498730613189,5181
1.983217047707286,0.10573623230120995,5182
1.8491641353546766,0.11124033590933699,5183
1.8631032509737873,0.10318497358308994,5184
1.7104894105216422,0.11313927510277028,5185
1.6579343989034236,0.11782264291040623,5186
1.654713304730202,0.11885834559623562,5187
1.9031951710857447,0.10508605932367587,5188
1.963767390394032,0.1012304362030963,5189
1.6059528391932352,0.10842883554050023,5190
1.8312785835972236,0.11509016924767684,5191
1.782189765498635,0.11079741675885918,5192
1.5867408679097537,0.118431417077231,5193
1.8431667492220976,0.11121839074187806,5194
1.6790541431424453,0.1203080789977785,5195
1.4350241123953058,0.14770506792804708,5196
1.746597749307463,0.10609556135540628,5197
1.8746060136732623,0.11492013375849872,5198
1.8066096288651146,0.10838099233182825,5199
1.7024193581501716,0.1168596916253552,5200
1.877430775338469,0.10385403965843293,5201
1.5901805575766153,0.1147765407677068,5202
1.4322958490052502,0.15617108694025736,5203
1.7454836897615347,0.11457988638753497,5204
1.6401219866075234,0.11983234911065242,5205
1.7866235506944328,0.1017138244761194,5206
1.6016702115684436,0.11915020795455504,5207
1.4750410293176381,0.12968926282736146,5208
1.8608231633173251,0.10430218979211242,5209
1.9610879410751318,0.10750803189399738,5210
1.8680121495053021,0.11370145860737796,5211
1.8385556527632474,0.10306518135239265,5212
1.7107631841294877,0.12034263302422733,5213
1.3551346775670834,0.16302138795037285,5214
1.8969499368161293,0.10526531014857994,5215
1.4638874834328806,0.12265711908151095,5216
1.915421296211353,0.10307844064748471,5217
1.4740131024549064,0.15666032713054087,5218
1.7796872503891763,0.10217216104638796,5219
1.932485721070625,0.11012254415316443,5220
1.7706556612433755,0.11875753417586755,5221
1.6125061902578932,0.11704741486042425,5222
1.832862063050483,0.1033803899022145,5223
1.4164818648161988,0.14224738191427058,5224
1.5254893771311047,0.11620442386708425,5225
1.8111896364654754,0.1056177093566824,5226
1.6102484348632693,0.10915120132755837,5227
1.7376116317767671,0.12072956248179717,5228
1.654548649662791,0.11732188119875303,5229
1.4449721675515192,0.1408069103864707,5230
1.6443276563012634,0.13247421655339106,5231
1.9043793170448695,0.10176234151836235,5232
1.5349336743329087,0.1188842955385117,5233
1.678563790660617,0.12084532804193014,5234
1.8119968509589062,0.1050654417936541,5235
1.7572517169653215,0.11162503348074196,5236
1.4679499884051972,0.1448423720840809,5237
1.6874349028082665,0.11172653485691707,5238
1.710794315361132,0.11373988772804625,5239
1.440280978003342,0.1206345236563373,5240
1.7417676513469793,0.11440943963201775,5241
1.9889475235925842,0.10438719286148612,5242
1.7466073134029216,0.11041223595766823,5243
1.9658188907061587,0.10846918215906831,5244
1.8813062486906917,0.11185575099858545,5245
1.4680332643886738,0.15774762271189743,5246
1.9649409504541393,0.1097055866013539,5247
1.7882878247162,0.1140201474814519,5248
1.4913299757730842,0.11783202653137442,5249
1.3128703868808396,0.17736340403874196,5250
1.3915635758565037,0.16343497093959408,5251
1.9862090761027502,0.1011651961448288,5252
1.6251136528077066,0.13851469879192058,5253
1.7367481178964395,0.1176178196641818,5254
1.5004296648030035,0.1270654175632889,5255
1.8105975333689823,0.11595109540640369,5256
1.411535226438941,0.1603719207428529,5257
1.7095159235222552,0.12072229805126751,5258
1.8018955008519586,0.10046431815729161,5259
1.8622910028538477,0.10573474854852256,5260
1.8114790814627353,0.11036138916978372,5261
1.523909639735578,0.15136288497848363,5262
1.7387684143564328,0.1104999909651219,5263
1.8560048308687815,0.10094105445842165,5264
1.452842950052478,0.12433811926167015,5265
1.9438906891637673,0.10810185876009415,5266
1.7779491572275234,0.11914108870962016,5267
2.0295333456736806,0.10512291825362984,5268
1.8761207937743078,0.12107085081703943,5269
1.4893528894086625,0.14553268919010862,5270
1.9207583225177367,0.10282671640863958,5271
1.7816257703855078,0.1246784052357546,5272
1.5888676829300137,0.13578187805686465,5273
1.8310991795043434,0.1105697684867486,5274
1.7221689813544798,0.12562751817133216,5275
1.5017088458333798,0.13313469807545047,5276
1.7671325775198956,0.10833996584909593,5277
1.7508468310160088,0.11188223642722989,5278
1.6523613833349493,0.1249735603166603,5279
1.74277682855858,0.12372054731123583,5280
1.4648051183709558,0.12062671533305816,5281
1.94787007639728,0.10496435435523536,5282
1.542661492817397,0.11556598893390353,5283
1.7772445960746897,0.10710252810354084,5284
1.5377586242544103,0.11527647122675776,5285
1.7393839316117559,0.12647401694977858,5286
1.8217091218284103,0.11297324693335678,5287
1.4399679006403179,0.1541922806311178,5288
1.9401911859544168,0.10337540873802326,5289
1.7134571848318634,0.11935175211624958,5290
1.7978229791430915,0.10427248496477726,5291
1.434535472074383,0.13031205861478112,5292
1.8992353167014722,0.10120231416984149,5293
1.7104892980533757,0.11366807993180297,5294
1.361651539737579,0.1582278724978918,5295
1.7431134398143409,0.10382328157053337,5296
1.7816952184141208,0.10311188511572822,5297
1.4786943072728198,0.1375169956550627,5298
1.9825790698252501,0.11160966760438913,5299
1.7735845631086389,0.1089072569426054,5300
1.4177055462321742,0.15696376827247704,5301
1.675279864195617,0.11539414685713273,5302
1.3072240572587241,0.17784135585397537,5303
1.6528160416324624,0.11270450299306858,5304
1.5436660868128986,0.11588363656307248,5305
1.461182158555073,0.15630734395515597,5306
1.6632449797536701,0.12414971861452583,5307
1.7915296794684465,0.11365853774697893,5308
1.9288358731253972,0.10859469586093493,5309
1.87725594371757,0.10550145388548439,5310
1.5468583298566385,0.12440309925896118,5311
1.7347358750181376,0.11965251140712124,5312
1.5684064718816142,0.11597110739301182,5313
1.8836020752878273,0.10115345285691421,5314
1.3198598076934442,0.16546074765887675,5315
1.5699889438396426,0.11698649227010623,5316
1.8566493866351275,0.11022129982835707,5317
1.3089565429338044,0.16760570598699268,5318
1.7115617175205762,0.11267945993551055,5319
1.8113721213896867,0.11105915109703499,5320
1.5665354055415865,0.1289681138520586,5321
1.7784411932921056,0.10767288549956981,5322
1.564602807078478,0.14462463200200096,5323
1.7050939935484515,0.1262108263224768,5324
1.1063540204157536,0.19098398328297211,5325
1.751626230510099,0.10507616800233216,5326
1.473054017459664,0.1466711591675242,5327
1.6567572368521954,0.14352369920321403,5328
1.7360823180633485,0.1053352838709169,5329
1.607828064332599,0.12543519033412778,5330
1.667532935469828,0.11769049339601202,5331
1.6353369529282649,0.12702538278805908,5332
1.7267847674148766,0.11230893075489605,5333
1.751687753968887,0.11857846402012547,5334
1.8494923602582785,0.1049955478574134,5335
1.867096229316002,0.10103763729326554,5336
1.6344553824677475,0.11736726005978076,5337
1.652673306871214,0.1178297443302267,5338
1.6029369755394898,0.12105256348108163,5339
1.4489083681908013,0.14078279146780887,5340
1.4938894779485243,0.14515519923020584,5341
1.757305511848662,0.10885468545637357,5342
1.8026444877272163,0.10365644531209278,5343
1.5675487296141277,0.1154040383900537,5344
1.3276718595311885,0.16027515938956788,5345
1.8501615815837187,0.11181709626253476,5346
1.7464090525585036,0.11241662709320824,5347
1.7047889374108869,0.10919064241628826,5348
1.5067107880009751,0.12244027586482793,5349
1.670272248412135,0.10186986295686395,5350
1.7380235142866933,0.11505300049884967,5351
1.4522528802591712,0.11744048670702575,5352
1.433027479746274,0.15089237222391041,5353
1.9745412700975016,0.10828999191572385,5354
1.649405334366806,0.14318365531036029,5355
1.7336387238299826,0.10498409955532585,5356
1.431250383430994,0.15108984371565173,5357
1.7174009933185974,0.11487910734046695,5358
1.7099426648804303,0.12144557654650626,5359
1.8397148283032418,0.11559107258160715,5360
1.45419593359741,0.13307665392091567,5361
1.7677066330621634,0.1165719230015317,5362
1.780262290383883,0.11563897474470296,5363
1.336825558092194,0.17087070385190442,5364
1.8373340866413115,0.10482757760824195,5365
1.731023365003391,0.11239485282766808,5366
1.891588057636361,0.11310274911313853,5367
1.7449529184777255,0.114745612747767,5368
1.585738334445032,0.12299024130079812,5369
1.642524527294693,0.1056205111335045,5370
1.3923264007615228,0.12972203013589886,5371
1.6082316488127115,0.1299638206388918,5372
1.621327399342224,0.1059281617177616,5373
1.6877744635494225,0.11673093472682522,5374
1.875390197868361,0.10934354549640157,5375
1.8328308028656275,0.10765453568571674,5376
1.2650423195344904,0.1387887800518223,5377
1.7314817217279148,0.1090389084526751,5378
1.9147801638659923,0.10640197401397997,5379
1.5813952962681197,0.12847631392797867,5380
1.699399524006998,0.12209814110627386,5381
1.6807376281188662,0.11125653388266218,5382
1.6407671937739363,0.14595372645646712,5383
1.8312003962720258,0.10820404612399787,5384
1.8089895314901518,0.10490784476330672,5385
1.6932105816343341,0.10347360575054988,5386
1.9464106682177849,0.10976597800986637,5387
1.8768658673708003,0.10414651101258163,5388
1.9904968861076173,0.10315677931250065,5389
1.9334978712753061,0.1082551330331179,5390
1.8053419971578673,0.11721186892915648,5391
1.8966108403817226,0.11133578914683213,5392
1.4750173608034427,0.12019101527796004,5393
1.766928989336428,0.10422848547453495,5394
1.4977939580915185,0.12179543306719516,5395
2.0238898243663193,0.10622282921366555,5396
1.544008802003904,0.12634449944671633,5397
1.7725022903471084,0.10776072504349263,5398
1.4410036057434814,0.12966308496257684,5399
1.780404409680393,0.10464678702305448,5400
1.432939323007397,0.1303617396298962,5401
1.7858280937281574,0.11178695986756372,5402
1.6211542975566,0.1114326844545373,5403
1.3583268830023931,0.15833159534426627,5404
1.5556453221053868,0.12535623351882216,5405
1.8385190919905563,0.10134409748571518,5406
1.6957541398197047,0.10810195709963025,5407
1.5580272549030956,0.1140053436885918,5408
1.8050992339556335,0.11119312331680013,5409
1.8015391015301445,0.11381948884039128,5410
1.6680204718909457,0.1292819009665303,5411
1.6884286245680082,0.1130024454904884,5412
1.4769492707742744,0.1561578891126471,5413
1.5001298827733514,0.13615245576822196,5414
1.7955619762911634,0.10165727451595483,5415
1.8699688388972997,0.10455346295589082,5416
1.5831211687209024,0.1285230161474493,5417
1.6968903790075538,0.1035929752195648,5418
1.6801997638029198,0.12327790936746866,5419
1.835458388663841,0.11851270900696749,5420
1.6294243558238488,0.11433429774070547,5421
1.7527943157049388,0.12471227180061431,5422
1.6716005074099463,0.10891079749007411,5423
1.8548618595899007,0.10732719515245194,5424
1.7294811600568651,0.11509494274585436,5425
1.6299128972950268,0.13476340105776605,5426
1.577236172736595,0.1294540164002356,5427
1.517860514191817,0.12541903627761947,5428
1.625465015334706,0.13278954104165785,5429
1.6762118014670062,0.11363108131206048,5430
1.6988409389617594,0.11100779425250418,5431
1.9117158153058889,0.10746842957335648,5432
1.3416989197557458,0.14792614279307312,5433
1.7554101881739035,0.12068725111621736,5434
1.5427267408133087,0.14043221839903328,5435
1.852389788586239,0.10648171567620394,5436
1.5048946666552556,0.1513993518896796,5437
1.4401684235386414,0.13611001061982725,5438
1.420665453588713,0.12361413849666707,5439
1.8243680218886331,0.11340597622534929,5440
1.6048622432492419,0.13515877415650926,5441
1.6519614779466465,0.12699554466473548,5442
2.0232884253112244,0.10214166081205991,5443
1.6814024071014977,0.12170690227856833,5444
1.2923006976767524,0.18607234791886007,5445
1.3828367782394322,0.1373853214298339,5446
1.6714262656068988,0.11478606819575324,5447
1.8821475612687708,0.10478026869609296,5448
1.856150937733445,0.1026148153990209,5449
1.8304624707646482,0.10428535184682941,5450
1.529610973838002,0.14796674467961368,5451
1.7673396103939993,0.11523472247066063,5452
1.4759361923397054,0.14429136066393583,5453
1.9855248264725365,0.10269611948310033,5454
1.91330809023992,0.10431573755514131,5455
1.8022332717239964,0.10979298275827842,5456
1.751943894337344,0.1191327254508621,5457
1.9205377842797002,0.1031811553983561,5458
1.8012232844086058,0.11601860575242887,5459
1.9637139880650654,0.10109119682033432,5460
1.8676822887082767,0.1158555786581232,5461
1.3448005244220047,0.13400734020448682,5462
1.442360596411496,0.13319524664693932,5463
1.5985712730934325,0.10988998899830833,5464
1.832055849053953,0.10351745233841636,5465
2.03275098520201,0.10012906739581956,5466
1.638023085847228,0.1154351102263211,5467
1.57422682042473,0.11294831893355538,5468
1.7167008455561812,0.11859872938220942,5469
1.5756391464953268,0.13841431081295852,5470
1.6511926345675763,0.11075441546157312,5471
1.6123078428970645,0.10547699941734104,5472
1.6836496856186494,0.10412893427598516,5473
1.7054540478240947,0.10955631579523892,5474
1.437485469818074,0.14342273866782987,5475
1.9127672233651407,0.10969871840601049,5476
1.2288886709229263,0.18986280471271869,5477
1.7683694384604296,0.11225086329271408,5478
1.6460980438944766,0.11654355736967238,5479
1.8719745893608828,0.11460027134630107,5480
1.5682161346848025,0.12258673783715536,5481
2.0140272467897713,0.10124538913239688,5482
1.7710778097594753,0.10912535944550714,5483
1.610891632942322,0.12778876246597937,5484
1.518119650103417,0.10981743160317525,5485
1.5037994662322922,0.14387898914191496,5486
1.758918061315484,0.10231070971946635,5487
1.6303607275035716,0.1257947799976098,5488
1.546259791659012,0.12529434590056163,5489
1.5857236515735578,0.11730846436252718,5490
1.7519106621137497,0.10418069125791976,5491
1.407270730127234,0.12766405653278592,5492
2.0638195994444293,0.10229703970973808,5493
1.6241168323538913,0.1240958773367736,5494
2.0236638821190187,0.10145123320289134,5495
1.7490911069561645,0.11579556773802918,5496
1.9630826739563545,0.10705245667663682,5497
1.7750849958094492,0.10856559336640287,5498
1.8729158335713922,0.11478476036678105,5499
1.7377044541021691,0.10611483409059004,5500
1.780724485188055,0.10312615662177302,5501
1.7441370314233784,0.11040476933937408,5502
1.581240418114169,0.12224923221601901,5503
1.7319410820308865,0.11432581320749509,5504
1.891692206611975,0.10063991402587592,5505
1.5123246145259306,0.13116323798094084,5506
1.517685205189041,0.13811965096724657,5507
1.4230057252934005,0.15844472869528967,5508
1.8743024731309625,0.1017495968973661,5509
1.5595722233967566,0.14493692179319292,5510
1.8793587356466277,0.11186956824999646,5511
2.010387615278033,0.10389625672280256,5512
1.9154416032902395,0.11294014609001003,5513
1.6056288264869314,0.11878441016174902,5514
1.9510871319374077,0.10935637039722458,5515
1.6054563560879511,0.12625417966115285,5516
1.8481310090460603,0.11237975304005318,5517
2.020843605567136,0.10259905832253037,5518
1.855590247231448,0.11155313676818691,5519
1.8163130882790102,0.115739621735686,5520
1.8359075615522826,0.11645870938980281,5521
1.6208336305742792,0.1485523350916294,5522
1.4351939424064677,0.13902724675668157,5523
1.5946314288091528,0.13138622298785804,5524
1.6211457607301458,0.13333915887767725,5525
1.7751759299526781,0.1170819910542223,5526
1.930666501570233,0.10259889256948519,5527
1.9264559105201877,0.1002515306084837,5528
1.9230098646873437,0.10621335305470406,5529
1.7984859929531578,0.11599244722666051,5530
1.6937430129968087,0.10813024054634213,5531
1.5999287177090156,0.11739359028312168,5532
1.7269289301308552,0.10002844330109974,5533
1.6658289900735475,0.11938803612025885,5534
1.6305968500007313,0.11071011806780327,5535
1.8944611605941821,0.10844322821100169,5536
1.4629045125589826,0.15612977454392654,5537
2.055868005330808,0.10190542182300043,5538
1.4585502516739233,0.12330842698791995,5539
1.7853933064871617,0.11699527638537326,5540
1.382789893943922,0.1595417111426506,5541
1.6021168243225867,0.12250785316608803,5542
1.853283532856933,0.10150039448940065,5543
1.6741888649523051,0.12556411894671476,5544
1.5418875240889969,0.12638749227960658,5545
1.8767180334226625,0.1150424523309046,5546
1.4970591930406107,0.12164593566937096,5547
1.704150821866376,0.13468537106980374,5548
1.7645867830530784,0.11218672000369445,5549
1.8903665003863066,0.10636928781423535,5550
1.5769065688335866,0.11620915179648483,5551
1.6138000960964947,0.11707142207846762,5552
1.4468059896037162,0.13284345364839584,5553
1.5798443215593387,0.12743408536804954,5554
1.7426162753510737,0.11691181125383106,5555
1.5667465749318357,0.1378057409941727,5556
1.4510776020561256,0.14800270314378272,5557
1.6370287593161048,0.10675881797362004,5558
1.7066878676663029,0.1046290784978063,5559
1.9853918086744888,0.1004664957410439,5560
1.4724954992839863,0.12724005689835016,5561
1.896254709432261,0.10643667403641494,5562
1.8605365577825268,0.11778601480741402,5563
1.4990896926600468,0.13109738677369923,5564
1.8971578906090847,0.10651398099284803,5565
1.5574792787303349,0.1466568252808285,5566
1.802845070653968,0.1042354397781591,5567
1.9098877908488068,0.10726433415305105,5568
1.566033080434903,0.1325271579484567,5569
1.8482075458338822,0.11226521921186153,5570
1.6509884024417285,0.11725032700046543,5571
1.8633392263240658,0.10071832525309558,5572
1.484150828503741,0.14174316104784074,5573
2.083291002375116,0.10206868305570911,5574
1.9685548894409866,0.10396493755701554,5575
1.9354404194259307,0.11024218624556391,5576
1.8906043995481627,0.10012246833503745,5577
1.8931055265459933,0.10644150985295733,5578
1.7104570621602295,0.10085248746705978,5579
1.6555168686149058,0.1108772832295438,5580
1.6524143407184566,0.1180201608223049,5581
1.818620950234411,0.10492592867390041,5582
1.4586353171516497,0.1259344029130369,5583
1.6174398964079728,0.12202619815698704,5584
1.933353557047708,0.1034297847926522,5585
1.8903643732442106,0.1104754436666766,5586
1.8452859142598037,0.1005006661080483,5587
1.5323598878298892,0.14441133436132136,5588
1.5842846481684112,0.1394764862819115,5589
1.414268506990558,0.15798297331342748,5590
1.5512117217873957,0.14174397411700745,5591
1.7244443155515405,0.11943850245339414,5592
1.3654946578973794,0.15953603711497674,5593
1.6999670113939767,0.11233017476273961,5594
1.694070343763224,0.11656540981025239,5595
1.6456427018812314,0.10894229852333011,5596
1.8151792708368089,0.10860208337887886,5597
1.7282180218462837,0.11546680508394791,5598
1.5393802656260955,0.14312414059870965,5599
1.7330351410682376,0.11421531762783055,5600
1.3948958175181347,0.13760662880116054,5601
1.7366094047482898,0.10166176969682791,5602
1.7886274034134788,0.11380457929809681,5603
1.8375884840637544,0.10579987257730586,5604
1.9370216023676285,0.10820783761150664,5605
1.396963645737193,0.12800547008518134,5606
1.7250907139990976,0.11464420445159317,5607
1.6052151228356903,0.11876793075633642,5608
1.711550147217475,0.12671602012323524,5609
2.0895450288291157,0.10187109341983389,5610
1.7921279028247588,0.11096365133782343,5611
1.8221098590039715,0.10682788402797828,5612
2.070942761502515,0.10172735458823383,5613
1.6168007677902596,0.10861301621830306,5614
1.711318236742719,0.1126063429310274,5615
1.9008330634980006,0.11293116458876452,5616
1.7948591292750624,0.10257429801853438,5617
1.7797538377932247,0.1205249046247402,5618
1.70941364999484,0.11351800959222466,5619
1.4363596194896189,0.1311772983297199,5620
1.7253104244034645,0.11910242358178375,5621
1.8773759622393,0.11120936176564013,5622
1.7067647813779232,0.10588410803439535,5623
1.5346383336434581,0.13512837979254796,5624
1.2171361865260182,0.18411012244774183,5625
1.826163987062964,0.11197117742187211,5626
1.9290335676757784,0.10729693472492866,5627
1.8316853469336962,0.10875058818094104,5628
1.837101022052137,0.10843096399537218,5629
1.432034503880053,0.1209525500945963,5630
1.6976738830638374,0.10537998522569021,5631
1.3976405170739135,0.17133107814969317,5632
1.4489927946991172,0.15159663254423875,5633
1.944779948975213,0.10360220909890393,5634
1.8724761915069066,0.11083587883023412,5635
1.7338959548686539,0.11215852524655257,5636
1.5100764164655276,0.11398993649351873,5637
1.408771439136306,0.13684470511498514,5638
1.703356820137115,0.1029894056351733,5639
1.7187459149483693,0.1299433467901565,5640
1.4637037219163849,0.12880723173275496,5641
1.2639303306030731,0.165852463144357,5642
1.909227285511828,0.11186384224009469,5643
1.5270453945325257,0.12920444068999412,5644
1.7054042420924609,0.12052328896783454,5645
1.562241546318635,0.13346919219583356,5646
2.1078542129941917,0.10034363237555809,5647
1.8509953981201221,0.11063281727019912,5648
1.7643750717290438,0.10464154174743479,5649
1.6603893058726642,0.12337418020020251,5650
1.7450727736043128,0.10320255605423596,5651
1.6400871044511343,0.13671125374621304,5652
1.4646220983282685,0.15373098872903762,5653
1.7741733398850497,0.10597231331755125,5654
1.626084523438668,0.12305878487587021,5655
1.921088328980178,0.10864365077756293,5656
1.69930629134848,0.11994500674973715,5657
1.6469615454142614,0.12051890751459456,5658
1.927015342314324,0.10211270805915892,5659
1.5871388801705852,0.13736297826852395,5660
2.0185966411585867,0.1058202154758365,5661
1.6963184096084531,0.12859112410859427,5662
1.6771026964231646,0.12470697157096086,5663
1.3767108964590815,0.12330110472552154,5664
1.9685315895287345,0.1023875473662844,5665
1.6973426936976632,0.12211923458942293,5666
1.678449274004961,0.1148928104614236,5667
1.3575755281075987,0.13914729077066973,5668
1.8327099311651773,0.11451448767624701,5669
1.690868761302098,0.11457316762113331,5670
1.8885340624632982,0.10451096661065365,5671
1.8787119488790924,0.11306828242939819,5672
2.0435605935128534,0.10443066559645878,5673
1.7509402612362082,0.1090991817777324,5674
1.6779976585315417,0.12420405149852286,5675
1.752231814872593,0.10084644119266302,5676
1.8334156345782775,0.1164139627566508,5677
1.4377462983245843,0.14382897105779124,5678
1.3874924203050043,0.13703656045074875,5679
1.9487699742498175,0.10150572528846628,5680
1.6823593107740102,0.11635566971886037,5681
1.4009817515054095,0.16069816857651784,5682
1.5083526499211701,0.13457467957204935,5683
1.3191773694553335,0.1355479177920213,5684
1.6937743802387761,0.11958197901851278,5685
1.7293729374234892,0.11319820368718478,5686
1.6909513945738812,0.11575497932964719,5687
1.460663330242082,0.13677543571254736,5688
1.6635882173297172,0.1102375895333502,5689
1.9501456586033936,0.10816522754293856,5690
1.8459225924257663,0.10776261079656357,5691
1.5315627748082599,0.13571387999563211,5692
2.0064317233972044,0.10345470050464978,5693
1.5920303424275781,0.11250069400500586,5694
1.5909640148345665,0.11392627673760328,5695
1.893544357345627,0.10516261580919195,5696
1.6970629915385937,0.10234611880285004,5697
1.4747155180008495,0.14806217496603885,5698
1.7034909831910157,0.11190164193471343,5699
1.8197816042987,0.10827519333755806,5700
1.8269953299413286,0.11048321343493576,5701
1.744744015384653,0.10955946708685604,5702
1.7397771916225802,0.10895089376130834,5703
1.2796669672134435,0.1790781102509735,5704
1.6049993179099624,0.11117177954376131,5705
1.4208147937542235,0.16317218776154982,5706
1.7058345924288294,0.1155166434282492,5707
1.5464345477117054,0.1311184707585714,5708
1.697534984753337,0.10371472744728208,5709
1.7423743749129061,0.11215215291145288,5710
1.7077985215391522,0.12648891691096695,5711
1.9556157428689913,0.10639984512995802,5712
1.854796102604244,0.10235686849485316,5713
1.449856350844568,0.1395156074826716,5714
1.509058197053623,0.14495817369628172,5715
1.9253841212711669,0.10727828548641069,5716
1.5078005997712673,0.13551529441335705,5717
1.8680251321781483,0.10635405004394731,5718
1.8316130349500193,0.1249349337939996,5719
1.7271271979451235,0.13088045027963913,5720
1.7010057644733925,0.11215166184379602,5721
1.8331494128618022,0.11641139736876446,5722
1.7448668596877996,0.12711299135549675,5723
1.5135477691653374,0.1254826531375681,5724
1.6762114697434598,0.10858534377809853,5725
1.5686281077850737,0.13601551639670093,5726
1.6220106045249099,0.1361858593696435,5727
1.6371533127722342,0.12127365655979908,5728
1.49422161819178,0.12888111035438618,5729
1.9108583941523254,0.10970337000773012,5730
1.4018685478314563,0.11788048997638911,5731
2.024302791127433,0.10697878538515534,5732
2.0010399028952124,0.10958500655820558,5733
1.6201023891256972,0.12284147866766194,5734
1.8046992950076794,0.10985880523174456,5735
1.7912292198659854,0.11763096725266428,5736
1.8127297502226376,0.10775109127448616,5737
1.68314242158119,0.10646461015267886,5738
1.8108252573008345,0.10132609770535962,5739
1.997525890921756,0.1056485959405857,5740
1.7879259419729319,0.10218865500501931,5741
1.6998491614344582,0.10470305580224272,5742
1.6541582222315168,0.11625334782570984,5743
1.5754197961277951,0.11222214942514609,5744
1.5818669143880906,0.11158042963413486,5745
1.732748299631106,0.11715783921458117,5746
1.56548478767035,0.11705479256694316,5747
1.454574657003557,0.12588604278709653,5748
1.8320692138034391,0.11714719651559367,5749
1.4738493195692057,0.12717649712544904,5750
1.9907384360569962,0.106716827817336,5751
1.743575571910959,0.10913362576323192,5752
1.6884428275365693,0.10529136421650685,5753
1.9299437144565403,0.10982660850831118,5754
1.5466556182201558,0.1153115242960694,5755
1.6687627676760344,0.11994709952110673,5756
1.996923133356401,0.11724859100839209,5757
1.8271588596089277,0.1033465606431756,5758
1.7440024821793947,0.11438176084592408,5759
1.6963926656509487,0.10731375635487538,5760
1.7916857082294126,0.11928887188303494,5761
1.5898976489902095,0.12145053578713533,5762
1.6787727029385946,0.11541385046400962,5763
1.9415450329594053,0.10544903627908303,5764
1.7035102281109755,0.12127518806612025,5765
1.6653104277008401,0.12689703861523424,5766
1.5654648898207573,0.11705040780216042,5767
1.7683575645290908,0.10329212237155246,5768
1.9025727780184483,0.10236617938071016,5769
1.8355198920587534,0.10344689098477491,5770
1.6464641342076287,0.10878312142306251,5771
1.8994902117735688,0.10261866081760711,5772
1.892437542824009,0.11399999794238637,5773
1.8134444771962293,0.1137870349875607,5774
1.567085797023413,0.10385649929651489,5775
1.340024491718632,0.1802748581773354,5776
1.85220456566969,0.11100006728987555,5777
1.715501952097278,0.1135770333729594,5778
1.4637554076606176,0.15270662651452183,5779
1.6755037633446566,0.10260414721216637,5780
1.5292038689273402,0.1421755621903217,5781
1.857716464556405,0.10957050727559833,5782
1.6760987945579622,0.11494207307319126,5783
1.355303957599822,0.16481291103804335,5784
1.8553068827785806,0.10912754744699235,5785
1.8570285979694492,0.1128994309839349,5786
1.4843363810820058,0.1558429988962539,5787
1.8736772985979882,0.11703455070017016,5788
1.773354488871167,0.109049479409683,5789
1.7936829360298736,0.1053325393179946,5790
1.9751166207259938,0.10777135088916398,5791
1.7264980301825978,0.10821120715563236,5792
1.843451960328863,0.11191682572626586,5793
1.904475757964591,0.10572318296453724,5794
1.3239455171802654,0.14143309569324367,5795
1.6068537662739393,0.11236220153933987,5796
1.7853248989633221,0.11305131955570988,5797
1.8152757926508127,0.1009262531941876,5798
1.659509762224818,0.13267872595566316,5799
1.2780714526716435,0.14967115076161178,5800
1.6492523215261006,0.12571632662074178,5801
1.7973314765578556,0.1099835450221224,5802
1.615355477498086,0.11930533909127539,5803
1.536281525614514,0.13662083237956615,5804
1.4808678765627348,0.1556656978777731,5805
1.549323564331915,0.13801216165322538,5806
1.6778950151959906,0.11391823906596871,5807
1.678300491916084,0.10633815284979846,5808
1.73762943774087,0.10994061636767993,5809
1.7016435490022532,0.11908311394058589,5810
1.700140582613826,0.13086434817708445,5811
1.9295452860529476,0.10891722145539287,5812
1.9002573140702272,0.11119289401112514,5813
1.690183771540141,0.10059632302542651,5814
1.6548912184551787,0.14266884660459597,5815
1.5439843217118945,0.13009970669782522,5816
1.7273341749357802,0.1028771986376485,5817
1.7570004962526065,0.11424419060321571,5818
1.4999569326898887,0.1354276036430423,5819
1.8828929582496203,0.10219928870776566,5820
1.9208846126452142,0.11002739291744745,5821
1.7428320240958224,0.12248672130857136,5822
2.0321845119146245,0.10317844010582199,5823
1.528926084782831,0.1447040398996603,5824
1.8678231843044522,0.11957300205890173,5825
1.7338597272518634,0.1087210633873931,5826
1.4331426687730626,0.13232295304068678,5827
1.6418043084596987,0.10647507484754007,5828
1.825323874109939,0.11601522905451757,5829
1.7605895208342834,0.10439065175013156,5830
1.6158600615048089,0.1181488798478492,5831
1.9165129539421006,0.11558121850878628,5832
1.58777720500404,0.14618576034489614,5833
1.5817004993532158,0.11863353425533249,5834
1.5007952214301872,0.13226058729694476,5835
1.9339492151443278,0.10105212132508838,5836
1.7886139084175696,0.10101483402269511,5837
1.6798922046443978,0.10803984633825969,5838
1.5218160154789233,0.11641770853540652,5839
1.6653710707082818,0.11556464024719604,5840
1.9689586662099652,0.10343833029458634,5841
1.4855494764798456,0.1525722404903378,5842
1.6484379446054103,0.1352149658578276,5843
1.8219125452044311,0.11013843407482493,5844
1.9346501498264022,0.10839921527052784,5845
1.5460439322999802,0.11885184987448598,5846
1.8233123404969016,0.10511138635055768,5847
1.745887947587084,0.10844847340188064,5848
1.7656625581206327,0.10207538954088932,5849
2.019689941277616,0.10562869749548597,5850
1.5594549792213899,0.1297782998475066,5851
1.8680259950758078,0.10765086195770349,5852
1.802956862076664,0.10500929820181083,5853
1.7569277956735436,0.11217576675634748,5854
2.082050439341471,0.1017936165801807,5855
1.8053528399348444,0.11381496460941799,5856
1.3139681697380352,0.1829601342727296,5857
1.8349435388881536,0.11307459004778578,5858
1.9617144326695506,0.11227419024107735,5859
1.9963005621178278,0.10240401334615311,5860
1.5276645412401963,0.12561294637425346,5861
1.5059465790885156,0.13104881771864946,5862
1.68372427725727,0.10975014910738344,5863
1.7583831826219019,0.1094154528040085,5864
1.5051893527753704,0.13967029127290886,5865
1.9404780238038788,0.10401273427153529,5866
1.7879431569032953,0.11256689387793099,5867
1.9208905146414752,0.11107547402133502,5868
1.37481073780251,0.13590264731100843,5869
1.3748135334907894,0.13627783662450954,5870
1.67386349148095,0.11947790637632011,5871
1.5823605218990207,0.11888866270357655,5872
1.652232080028769,0.12221188753592309,5873
1.6261120538613925,0.1326913954797876,5874
1.42028116267032,0.14986583824756783,5875
1.555252886149325,0.12624155838016574,5876
1.4843589194482902,0.1489471175325075,5877
1.7391673136513746,0.10499065331183298,5878
1.616015960033283,0.12215440414662837,5879
1.8218191966809207,0.1151286778733562,5880
1.9330916474720146,0.10556947115195212,5881
1.8790426894040613,0.10598762027190937,5882
1.6317805502439309,0.11606566618412884,5883
1.5013704008633448,0.11577019624946118,5884
1.7367344491533234,0.1219913060324633,5885
1.906837236334958,0.10389339221061679,5886
1.6904744539330996,0.11832477868280003,5887
1.7064354218312918,0.10568988696787873,5888
1.503037886067621,0.152113635147773,5889
1.696397426966484,0.11051262250431504,5890
1.6949347697898627,0.11251776283755731,5891
1.9003669432190804,0.10103767361014378,5892
1.2955407118714684,0.14933548234685368,5893
1.4887802489710102,0.15735347906619718,5894
1.6009475674470728,0.10753651818561835,5895
1.738499326782494,0.12505285705944927,5896
1.8724134017250524,0.10540440741699654,5897
1.794585119104302,0.11758624376315792,5898
1.8544786550108476,0.10821460181035404,5899
1.9047626740009553,0.10864427344239244,5900
1.8588359928838074,0.1163934739821778,5901
1.8208448093394787,0.11377782488889446,5902
1.2867376936930728,0.18075205058767102,5903
1.9046618054237383,0.10174838980874294,5904
1.7345983847464432,0.10707307834568863,5905
1.366638231553905,0.12138087990003117,5906
1.5192839748053124,0.12577080214975622,5907
1.5166440859444175,0.11018382022219349,5908
1.6295914874160853,0.11034600288490204,5909
1.688999583763366,0.1236175600794051,5910
1.8847774092280019,0.1173026705515013,5911
1.6546338563846716,0.10105205600020872,5912
1.8484127231842817,0.11467072718362734,5913
2.0334530552526964,0.10342602194358101,5914
1.7597406708759966,0.12352859282928307,5915
1.3203174429568494,0.1358236483511956,5916
1.6710940838349895,0.10583103309253919,5917
1.3743083288567948,0.15889374218159616,5918
1.5541037938847788,0.145956008355574,5919
1.7485013867697712,0.1052080519703811,5920
1.600597312318604,0.11730015448238693,5921
1.7415475568081276,0.10854320868143864,5922
1.9593405366305212,0.10097490012828385,5923
1.8154419949501945,0.10778911476201569,5924
2.000619290606638,0.10496159101614384,5925
1.875573434219952,0.10048617377343813,5926
1.2986276619601151,0.17936723871223853,5927
1.7223500314019218,0.11118486866943286,5928
1.3173292301649917,0.17413226674589258,5929
1.5224701489807098,0.13102848939322245,5930
1.4327427318537984,0.16524810518516975,5931
1.691442302036971,0.11139541133416164,5932
1.5972969647677813,0.11849361067387379,5933
1.7698097051494899,0.10572370288956305,5934
1.7275559228043862,0.11860741954346922,5935
1.7036280994050528,0.1299487854726845,5936
1.6176351283066215,0.12629519674991257,5937
1.7486812416129358,0.1184539155759208,5938
1.1124765280227231,0.19117144272620584,5939
1.6283306984171644,0.119811821678568,5940
1.8141471180501005,0.1115902572107135,5941
1.6961605832943576,0.10534426946863104,5942
1.7144686833786131,0.11818212022825374,5943
1.7626515113880474,0.11419853907971264,5944
1.813566722171381,0.10813082199580298,5945
1.4657374218618482,0.1251862512512559,5946
1.5733697763990577,0.11949186024573863,5947
1.82475379301837,0.10304763284476134,5948
1.8252061590242439,0.1035369618306352,5949
1.530486008298101,0.1415622332925096,5950
1.5303186507096331,0.11941562196599492,5951
1.492906845774407,0.14446394532955037,5952
1.9270914020295133,0.1034020178957488,5953
1.6243110791576698,0.10185421328128601,5954
1.644284088991889,0.13429135054785366,5955
1.863647605261503,0.11921307487984747,5956
1.7966375868874205,0.11330002373401452,5957
1.885158619253161,0.10409180467044968,5958
1.991947422684996,0.10410511209552299,5959
1.7314662791857989,0.10861066264999317,5960
1.8490241929334823,0.10313829137747198,5961
1.7754917211333565,0.10196445166794264,5962
1.5994978583041972,0.12319711002629591,5963
1.7331055470399366,0.11630054289978348,5964
1.7021288971743176,0.10063626814965072,5965
1.7363032523984674,0.10081257838981914,5966
1.992150046710924,0.10240387053745806,5967
1.816296850041674,0.10677489628381134,5968
1.7859252808637258,0.12100755722636629,5969
1.3979454020202418,0.15484415670470453,5970
1.911354258820593,0.10336546644133035,5971
1.8264214734214914,0.1073185539428652,5972
1.9449029063846248,0.10866016625412357,5973
1.7386605135771533,0.10529759869001262,5974
2.0447585092726155,0.1066295850708883,5975
1.319211794712037,0.163382353386623,5976
1.5763867664968219,0.12398492462809982,5977
1.690934231808829,0.11855143187569764,5978
1.661207507074839,0.11678223889159485,5979
1.6248195951949433,0.10194825395140902,5980
1.8219144068408502,0.1048801356940082,5981
1.6541534249713834,0.12483196031799029,5982
1.6225166572375311,0.11994210821151634,5983
1.8680535486819279,0.11504714500692557,5984
1.858565981594993,0.10775338654078569,5985
1.8249934559222032,0.10552436610605886,5986
1.791052287309749,0.11100845878081377,5987
1.8194353954466436,0.10694904280470216,5988
1.8073109065845794,0.11265892171935257,5989
1.7990401018248692,0.12533043344984218,5990
1.4084124106006466,0.15929350750535176,5991
1.6835776234694189,0.11065534725330978,5992
1.7412234501025559,0.11058928717681457,5993
1.5807443133764814,0.12355832952580259,5994
1.658783169072074,0.11026387150624749,5995
1.5730056968406168,0.12074968339622315,5996
1.8127518534052174,0.10222094666344286,5997
1.6891965396066981,0.12082792044595846,5998
1.7769928636851566,0.10078174434461971,5999
1.6713382533156822,0.11389679470403535,6000
1.605716679031036,0.10823166870551487,6001
1.598520908379473,0.1170875981653216,6002
1.8282553089602884,0.11301868451667244,6003
1.815771032111872,0.10067354367359581,6004
1.878587716399775,0.1085377629035447,6005
1.5894636086418255,0.1380198824502508,6006
2.1109799514011094,0.10017679178946338,6007
1.7671446792074814,0.10103258227456696,6008
1.7434046639111371,0.102881171493081,6009
2.039658379676853,0.10606277236680166,6010
1.9743765247634826,0.10422795750305884,6011
1.4433183421698186,0.15599137619736478,6012
1.3801661406745391,0.15407707225507053,6013
1.712129596292222,0.11261640870392964,6014
1.9264940885417925,0.10642731288983982,6015
1.710561046131574,0.10990699578233877,6016
1.3967651205005143,0.16230958771019935,6017
1.5460384789641417,0.14083156774392547,6018
1.7513969445676334,0.11926502292248996,6019
1.8822199047305666,0.11034375328196674,6020
2.0436120362370245,0.11362401824386563,6021
1.532924051293243,0.11651226083683128,6022
1.5950059897671565,0.10957842753550269,6023
1.4972876240966284,0.11973233705357668,6024
1.756165595942389,0.12871660808917293,6025
1.4938525643725558,0.13922043387691516,6026
1.7485941769229767,0.11087070956910654,6027
1.4916436700514157,0.13061331430209203,6028
1.766218528857733,0.10570709780562963,6029
1.9771961642752298,0.10523949466734234,6030
1.6582770605221586,0.11498458316294863,6031
1.476339247624484,0.1354528045639218,6032
1.8816307053765369,0.10841244555965603,6033
1.6813909435473644,0.12747654794042246,6034
1.762789110366257,0.11750860087670051,6035
1.7492962790211497,0.11438581110685468,6036
1.6030937538268863,0.10475111751390354,6037
1.5762958998742014,0.12676994886953669,6038
1.8930680780038487,0.11506141554716477,6039
1.795035016080802,0.12014750304844021,6040
1.6877189017202245,0.11626471373475596,6041
1.4960880706668078,0.13009670603983226,6042
1.7909150064515262,0.10879573179367402,6043
1.8939342644267578,0.1051486774302404,6044
1.6837226989636656,0.10193705267809357,6045
1.7784051024740193,0.11175954665732907,6046
1.822598193431767,0.10841906549888325,6047
1.5782182657192867,0.11266679485314783,6048
1.3351798531807342,0.164451253323353,6049
1.2415023459812566,0.17896906652523725,6050
1.5948053519695045,0.13680948397292542,6051
1.7627701825577131,0.10348126979862837,6052
1.9069928217941359,0.11087128009308447,6053
1.7828626273386683,0.11062860567136856,6054
1.5661136176350425,0.10903165337699532,6055
1.6720004052368032,0.11622224992955794,6056
1.9319006104057215,0.11876658103731225,6057
1.6311758746462557,0.1337485923202955,6058
1.5399145380190211,0.1313110987465907,6059
1.7674298251012992,0.11692856454267214,6060
1.8803122878059069,0.10460766014114546,6061
1.7643578924585628,0.10228558687569352,6062
1.7338049505310735,0.11401562894068631,6063
1.61483976883798,0.1344882169063089,6064
1.7910218822148616,0.10866931657035359,6065
1.8772706672173214,0.1013398651515879,6066
1.9049565674665911,0.10989377577724367,6067
1.4679541281098112,0.15584912089838368,6068
1.7329589496706985,0.12780994116269034,6069
2.003477371052378,0.10537097701490888,6070
1.8359294551812524,0.10708668147136152,6071
1.5797144411105288,0.11740108799901769,6072
1.6310882499990123,0.1038860371877389,6073
1.4006661408573282,0.1613924155560535,6074
1.718030430998593,0.12120207888702661,6075
1.7148790096872124,0.1158706920378744,6076
1.5607924778003204,0.1219071542759963,6077
1.4545010392326472,0.14295015753342172,6078
1.4355732162549177,0.151618153491418,6079
1.5937143757581784,0.1194397415009732,6080
1.7098692936009532,0.11623744400806897,6081
1.8815441966506217,0.1095847194959603,6082
1.6051988799736774,0.1206141542940868,6083
1.954142517927042,0.10614946209865773,6084
1.542293795072084,0.11767213142834675,6085
1.5152269721382776,0.12534222174305612,6086
1.3923301501533745,0.13067123624762406,6087
1.9626061589255435,0.10157085860255897,6088
1.2521638354924098,0.13985579089988795,6089
1.7274804084544715,0.10941530985747983,6090
1.845617807888189,0.11015101591550228,6091
1.7965213716956931,0.11032132107026252,6092
1.4825109317572651,0.15915040771247663,6093
1.469550228056637,0.1369098754396906,6094
1.4366797997385845,0.12330250856625478,6095
1.5570954018126502,0.12547176810086166,6096
2.004583075169273,0.10619461242779672,6097
1.8342276579092607,0.11953000801423627,6098
1.4149538042396579,0.15498106581592042,6099
1.7581504571425044,0.11842444901283315,6100
1.7086926420383226,0.10984110928514813,6101
1.4496094475082206,0.13689828808874968,6102
1.8733213794617158,0.11237692143484178,6103
1.7975294393050414,0.11317869306947596,6104
1.9327131183761705,0.10086279773992038,6105
1.5601334440748806,0.12938227519408962,6106
1.4030681327163923,0.1562414177885703,6107
1.66283633988014,0.1312691526112696,6108
2.0516724866568397,0.10576853623725677,6109
1.8730713562202699,0.11153531856042494,6110
1.7654928706927107,0.11897352721066956,6111
1.6819859767556076,0.10172968129370634,6112
1.4639239890129923,0.1554375633336311,6113
1.7426776750263606,0.10584816311817168,6114
1.3969513922473868,0.12540208268376818,6115
1.4744692132168575,0.13343356223170444,6116
1.932195414733464,0.10316526139205309,6117
1.5321067873324998,0.11948558370461167,6118
1.533811191293555,0.13928106056692113,6119
1.7153236037854314,0.11673485020743857,6120
1.587635355311363,0.10920992220946439,6121
1.5273569256436021,0.1300427013354677,6122
1.9899734729018412,0.1000920986800284,6123
1.9649531824813506,0.11043497437588924,6124
1.8219379984904414,0.11417265739575963,6125
1.7929942579272333,0.1067395092057312,6126
1.7522378454870173,0.10266980518172977,6127
1.6449863398535498,0.11654053567610066,6128
1.9224722464683406,0.10961346352663855,6129
1.447165378709152,0.12524564929136964,6130
1.8636165308346686,0.11993014615303763,6131
1.808559406200598,0.10557731003917707,6132
1.244042830184251,0.1878028840145859,6133
1.7824477783856798,0.10798764836758408,6134
1.6725461258630956,0.12833253114569176,6135
1.6837329350082302,0.12081184746442276,6136
1.6529323263233544,0.10135958397034582,6137
1.2254819875188472,0.14844352881344483,6138
1.7063390437332542,0.11405896762420377,6139
1.6191997001361893,0.12260051463571647,6140
1.7798106519802528,0.11174543982599658,6141
1.6886181235426763,0.12315421158623757,6142
1.6073148363516068,0.11235101914529413,6143
1.7098712298821366,0.12822646215344244,6144
1.7325708952783332,0.10962532228413739,6145
1.7125276947887373,0.12429705920051992,6146
1.4554127016939937,0.12354286552107407,6147
1.6952434840720467,0.12393888437451814,6148
1.5315845735666922,0.12931748660988962,6149
1.7168802342179281,0.10196762774028931,6150
1.447730110364528,0.14136915771221037,6151
1.7650612204316596,0.10828898002842934,6152
1.9422602248674905,0.1087651093718298,6153
1.8501454561327704,0.10185078667149002,6154
1.3721594720851347,0.157655930898157,6155
1.6004508464280194,0.1392620554174042,6156
1.4769855962623133,0.12097290101256782,6157
1.9033660368171232,0.11062980881218852,6158
1.4711318881004571,0.12789566948755796,6159
1.8766656633206626,0.11508682307141048,6160
1.8612916187308677,0.10215875614540709,6161
2.01787850184579,0.11406855595707126,6162
1.4241368547742874,0.1352818145865217,6163
1.7782869699181243,0.10415971784071817,6164
1.663771402809849,0.1300093114503004,6165
1.7540438243670098,0.1126315147925965,6166
1.8872102765086531,0.10014165772088805,6167
1.469595594877636,0.13791070865643942,6168
1.8835520735505342,0.10036691044051703,6169
2.0246727841266483,0.10742015380057343,6170
1.758393207404949,0.11267626090136618,6171
2.037954804815816,0.10088114508323644,6172
1.5673776318020327,0.12011580604099638,6173
1.6509959210199068,0.1194275640031147,6174
1.5259993873633695,0.108881893243941,6175
1.6775669925646888,0.11530128992824867,6176
1.6325736400565132,0.10637238291513672,6177
1.563185352281189,0.11287831826298417,6178
1.5015795811634123,0.11642345425687986,6179
1.6416420920102335,0.10678855392903518,6180
1.6505320585336447,0.10977895926303725,6181
1.8669089212727232,0.10809655007752655,6182
1.6602237947236302,0.12126977239448107,6183
1.8131894027546598,0.10383210886814627,6184
1.5302090580033945,0.14463114347247155,6185
1.481136304978636,0.12538628708995173,6186
1.509655228397861,0.15372433763255897,6187
1.5146780806582403,0.12246963262673748,6188
1.8213702158071505,0.1101803227254091,6189
1.8196584083125495,0.10841561229257292,6190
1.7868465132857547,0.10379601800686394,6191
1.6941054656986982,0.11652240368051006,6192
1.6010627384162195,0.11901897467597598,6193
1.7690348220085235,0.11257740522925806,6194
1.7494982483841905,0.12139845151634235,6195
1.7799876592199857,0.101150517656378,6196
1.9531324422194798,0.10062755834783571,6197
1.9937581093173584,0.10277975512067394,6198
1.6925919985154878,0.11675567729727471,6199
1.7547305931873836,0.10120582184864216,6200
1.6964127859225637,0.10910083485738421,6201
2.0244884989354612,0.10752784595567003,6202
1.7031366683743474,0.11043614924562255,6203
1.661164308452537,0.1170494666832823,6204
1.8189117205721486,0.11705297516319985,6205
1.3737779477360104,0.17312848708615575,6206
1.6398941860786196,0.13922619487585935,6207
1.2489061671767925,0.17245156185974408,6208
1.427938912502223,0.15590868862875312,6209
1.6508558225631964,0.10537329098870969,6210
1.7109677855086693,0.12273286315674163,6211
1.7531719435197217,0.11155367726674925,6212
1.8226385826326195,0.11426279672772313,6213
1.9342117730036166,0.10755320647058869,6214
1.7363188536822363,0.12493098732935934,6215
1.5637552807556168,0.13226464017793937,6216
1.6631887466750745,0.11255795067573497,6217
1.753148667094359,0.10900980117136735,6218
1.4399309968747327,0.15169661316968425,6219
1.7124858976972304,0.12399908309277947,6220
1.8031236054969948,0.10044890836344865,6221
1.4156743115557444,0.12711327166163025,6222
1.6812256075118115,0.11254940326632627,6223
1.8489320804523415,0.10016234665176103,6224
1.582414448191851,0.14379446326525075,6225
1.6865253758624528,0.10778521414622816,6226
1.822687712131895,0.11267185644922807,6227
1.5214546541652216,0.14566703352481056,6228
1.7405924984497174,0.122339994479267,6229
1.531430731996136,0.14967129582526256,6230
1.6632839378548185,0.10848140964068372,6231
1.564703917432708,0.1364940882612409,6232
2.0086828328416377,0.10027282867970547,6233
1.773339533028012,0.1079902871226632,6234
1.4832149994633281,0.15295290875564813,6235
1.6540228664587628,0.115157449276619,6236
1.4423646283595979,0.12008780106770998,6237
1.833420932851334,0.11028328098027117,6238
1.5242512780298159,0.14970952542732235,6239
2.0071597850241383,0.10680805689508836,6240
1.7006031259371772,0.10402334869685285,6241
1.4071348063412248,0.1307501077033353,6242
1.7501181918476938,0.11679310684031231,6243
1.6054063327647816,0.12151184301435916,6244
1.474804022721654,0.15925581011896933,6245
1.4669513141848416,0.15993895198468847,6246
1.5791745820751077,0.12728805609544142,6247
1.4480455087868738,0.13214298808486413,6248
1.303318396043056,0.16248581122531217,6249
1.9254191025195075,0.1051126678574003,6250
1.906235623545978,0.11193607231206502,6251
1.4283988085463915,0.13520464124089063,6252
1.6776710952995977,0.11617804311732269,6253
1.8098758296333854,0.10408496013140084,6254
1.677876440871443,0.11753087218361775,6255
1.6009919262139711,0.1229262668147181,6256
1.4506901788277926,0.15047872858327324,6257
1.9026060109148348,0.10422448626327527,6258
1.9622136792847014,0.10488645045797464,6259
1.7805223509174808,0.11145693400609637,6260
1.6962799859973408,0.11294455966191996,6261
1.7957694626036607,0.10798328056590357,6262
1.9118742288242616,0.10661639356937838,6263
1.8523103740057763,0.11495616412198834,6264
1.8627718665618103,0.10938589606962125,6265
1.7940942458023528,0.1032084981617241,6266
1.6916501201190455,0.11621235478826718,6267
1.9657469013315143,0.10507487054276608,6268
1.7064790956257465,0.1068654976623935,6269
1.9682927668034396,0.10945821391658905,6270
1.9624229806165543,0.10529964012299259,6271
1.5829448014324363,0.12693600832795213,6272
1.645951250880878,0.11123428826905749,6273
1.71896160826562,0.11778907050459339,6274
1.7683073048552604,0.10771443145651763,6275
1.7625076294476845,0.13011943131408202,6276
1.3749290196437762,0.13037001560471978,6277
1.9424190644852717,0.10341003601150539,6278
1.877506834858515,0.10965392457078338,6279
1.5580458562434325,0.1298396756073814,6280
1.6948575143096951,0.11379568284878164,6281
1.6423324477298185,0.10974886236525475,6282
1.6430744485007975,0.11432013332297439,6283
1.6198957054924714,0.12705724854891343,6284
1.6656436699647854,0.12076933650439242,6285
1.6737580666458385,0.11606968346713817,6286
1.5906930500719678,0.14056823039462868,6287
1.9103462783512613,0.1121449517250416,6288
1.8860639703509487,0.10285621601843396,6289
1.7426757761379088,0.12145003654945492,6290
1.6376000556199808,0.12612533161838768,6291
2.066857178996863,0.10112219500386703,6292
1.8306554614342212,0.11365381841248458,6293
1.8476331584841668,0.10557475299972385,6294
1.5675364607644118,0.12206493263846,6295
1.8079661498293602,0.11784940546759881,6296
1.6327343470294449,0.10696867010140498,6297
1.5616018115118515,0.11899190596541742,6298
1.5598750498015181,0.10883598442931655,6299
1.8338686010527965,0.11081572145285004,6300
1.7986029605737663,0.10467683665588604,6301
1.6180887634447139,0.12252906511176258,6302
1.2640558822954844,0.17584671107960018,6303
1.6226688932864177,0.13033240125968718,6304
1.6973249911766894,0.11853217047689905,6305
1.7697087903380861,0.10844091406354614,6306
1.5009750589692146,0.1413979629968769,6307
1.5708808785509505,0.1386175923606228,6308
1.3026682500030886,0.16520783985881052,6309
1.6752247207337525,0.1231677383527011,6310
1.6950290081116401,0.13067299977787084,6311
1.82946818853578,0.1110328699677975,6312
1.4259337590248442,0.13140527073159528,6313
1.7628274190445297,0.1112889797376712,6314
1.7579688616251596,0.12273301558767163,6315
1.7350822301978879,0.11175168080881058,6316
1.8773311748799613,0.10748246910342196,6317
1.5705543236615034,0.11630712345242504,6318
1.5792749851963834,0.11693310519156999,6319
1.908265092589167,0.10878990854448554,6320
1.8778656427479825,0.11207032386384161,6321
1.4712484386543885,0.14500445618622448,6322
1.8810320045919726,0.10651975277386513,6323
1.68141644715186,0.11127677324920143,6324
1.6352845972252192,0.11658708428217343,6325
1.5934445794746048,0.1109944857977528,6326
1.6799018999094217,0.11738566409227552,6327
1.627477937222322,0.11129334048377768,6328
1.469995775610822,0.15234344823387516,6329
1.6279180214722078,0.10832737749362185,6330
1.6204994854397374,0.10063407167382862,6331
1.848753682121656,0.1135837485133464,6332
1.5020249005012225,0.1210480577249009,6333
1.9493979469702931,0.10577904920813071,6334
1.6593549057679142,0.13305484300818626,6335
1.9355877733475098,0.10476337359483394,6336
1.875365169469775,0.10258364991926887,6337
1.905607170649179,0.10735387859162464,6338
1.6144457005118495,0.14392839042569094,6339
1.578718732503772,0.10812034072625934,6340
1.7831239983603806,0.10464378575022228,6341
1.6735538655962667,0.12045898092333397,6342
1.859610906399085,0.1017242606000467,6343
1.508934359296728,0.12845035443435726,6344
1.404185350523535,0.16451682878749738,6345
1.8578487871368998,0.10970259434973487,6346
1.8124238725750166,0.10755003577991569,6347
1.7977563808095378,0.10169669286618657,6348
1.5715258380083537,0.1426043936946169,6349
1.5814304391360883,0.14794710353417237,6350
1.6496116379097856,0.11922745516153646,6351
1.8073137095427645,0.10963645841744218,6352
2.039358311020138,0.10048038786934607,6353
1.4775547844357317,0.12234287732225442,6354
1.9159635827967312,0.10755727565400242,6355
1.8937266595038493,0.10592431569852187,6356
1.915024838646584,0.10493711218037557,6357
1.8309386904299971,0.11477163872885619,6358
1.570096353085992,0.12683991535781922,6359
1.525531772761361,0.14737929886233322,6360
1.9276967612474072,0.10570376161517693,6361
1.8595189332900632,0.11211132847364422,6362
1.497379253175405,0.12131543513518434,6363
1.4859852973655798,0.1511109243567256,6364
1.959124481331108,0.10802151955830519,6365
1.6611115121865507,0.13213771846703934,6366
1.5244104575326909,0.11851278400799098,6367
1.6596410652094225,0.11864833077153632,6368
1.8906441745149207,0.11749440262568116,6369
2.0151233177053682,0.1099944420019291,6370
1.7609531442702173,0.1291805501314124,6371
1.8484842462019937,0.11574410015677408,6372
1.9457375203646845,0.10245878573377357,6373
1.7315644691594725,0.11034865049451464,6374
1.9216898029305807,0.11430947864467524,6375
1.656345655088982,0.11130014529537526,6376
1.7655406530464919,0.11594351308075945,6377
1.898597431958137,0.11552652380358039,6378
1.4736371769906607,0.11813577701037593,6379
1.3932429333497278,0.15949798463608855,6380
1.350094060316483,0.1772258590938256,6381
1.2802353792911783,0.16823360384916689,6382
1.6911099898740318,0.12062960976266815,6383
1.9117043520252521,0.10208914316177783,6384
1.829932276913518,0.10791684676640807,6385
1.7144943567039908,0.126798783853699,6386
1.7487116478749838,0.1033155085657,6387
1.5196134678946143,0.12108062114406981,6388
1.8364957101535744,0.10583211929110682,6389
1.5933941744482827,0.1068372437235756,6390
1.855814558866771,0.12059428328580561,6391
1.9571302993476731,0.1004259134885469,6392
1.6283970565792198,0.1078944219774328,6393
1.651497115948781,0.12095796679330371,6394
1.8811442313144098,0.10681167651193993,6395
1.8008111823278636,0.10247491232606148,6396
1.4761965276540638,0.15990248548223118,6397
1.7240137174865076,0.11662123409577776,6398
1.7174859080360976,0.11267354629108976,6399
1.7745950624991738,0.10185475074403319,6400
1.4992883532984886,0.12503360631537402,6401
1.672375782213912,0.12980597282117332,6402
1.3933252302329455,0.13602552685307312,6403
1.8948373519462671,0.10176910268776759,6404
1.862101813711586,0.10183266970380048,6405
1.716268604434473,0.11860996818756601,6406
1.775944506919421,0.11923466110615558,6407
1.70084632501717,0.11742289765892926,6408
1.7765997982907167,0.10666957661035344,6409
1.465787615826941,0.12315431253043597,6410
1.8928188810576811,0.115699732279437,6411
1.817434274496971,0.10134925873354253,6412
1.3779606473068302,0.15051805230749354,6413
1.7977493585653228,0.10472840115186058,6414
1.6888018834367586,0.10191080115056231,6415
1.6342003955893565,0.12341068207648989,6416
1.5185554373115107,0.13057303187038105,6417
1.414587819937192,0.16227067441448245,6418
1.324393165915483,0.1784502929136003,6419
1.9148358392914346,0.10614242314340125,6420
1.5677702532358677,0.12612274411561028,6421
1.6444331068721838,0.11871309932603627,6422
1.4601285256237924,0.1570162679862032,6423
1.7399481234850551,0.11479117175775495,6424
1.8038498181574052,0.10424635790542852,6425
1.7832988831067134,0.1120022006369403,6426
1.3552738574552519,0.14159747400324543,6427
1.565987898499805,0.12027346783786216,6428
1.8009705576921167,0.10287766559193019,6429
1.67310681863094,0.12461901542315401,6430
1.793483637187501,0.10422414249486028,6431
1.6428823501671748,0.12371484602749673,6432
1.76054739799099,0.11038878263887353,6433
1.791533413353501,0.11351520152520106,6434
1.7358499841141997,0.11572727077685621,6435
1.740548365278342,0.10975306015527894,6436
1.8445681029323997,0.11022119117137118,6437
1.387875107722981,0.12078096126279965,6438
1.8221984519248806,0.10362450109626191,6439
1.7441766202865727,0.11437527810827675,6440
1.7730656223879822,0.10209496164099784,6441
1.775588254297816,0.11509470415146164,6442
1.5447978293191922,0.12373341957698694,6443
1.659395621327147,0.12352564002074255,6444
1.6883280640718812,0.11597628019617125,6445
1.8643190240650651,0.10170681079357304,6446
1.5552229045445878,0.12388006480695879,6447
1.2854965597037908,0.13679368955098423,6448
1.9414537476716371,0.10306629989593968,6449
1.6537244933527004,0.11748336557503546,6450
1.9097767951879032,0.11051313877264365,6451
1.9102244984647383,0.10414789105437915,6452
1.9140045530690537,0.102213345337372,6453
1.6966367569652698,0.1108316196170413,6454
1.5645206162012557,0.118460712869455,6455
1.6641046503921961,0.10853404515957156,6456
1.7740549298486272,0.11132082233562103,6457
1.7902813520742429,0.11556701302035922,6458
1.782627738807475,0.12115178748931671,6459
1.6671991032545694,0.12633546600841852,6460
1.7449491669642254,0.10886119390428507,6461
1.6413726185803201,0.11577051029257995,6462
1.5966284617927518,0.11016861935694655,6463
1.9086717352823805,0.10837977207339439,6464
1.424947348810657,0.12987090812935445,6465
1.305611103501773,0.18152792208138405,6466
1.5828049978760819,0.11686465700994844,6467
1.8065339929408937,0.10863849053346171,6468
1.8321092514585666,0.11294196586017685,6469
1.7302990668123666,0.11693008908359248,6470
1.5240291193163693,0.13028417283568688,6471
1.4336658957832418,0.13320162703889699,6472
1.651064580401,0.12279174734181109,6473
1.6768686942279685,0.11166549382751309,6474
1.7419615789865266,0.11782768404782484,6475
1.9059183810520501,0.10934061589734277,6476
1.3636826301871432,0.14954341555780015,6477
1.5905816073687689,0.11219060957146812,6478
1.6298241889979224,0.13536782055496738,6479
1.9324906426969541,0.10159102210672219,6480
1.5887709022180299,0.11443060321930448,6481
1.9239025511648324,0.10665566945385622,6482
1.9144620621970314,0.11060255997955688,6483
1.7067947524056688,0.11253356209800834,6484
1.5212294636887267,0.11602634364809389,6485
1.958626984271595,0.10775206184163284,6486
1.8068782981478038,0.10879286379007051,6487
1.6264389591470687,0.12669548302193107,6488
1.4943765364894381,0.1343042520085672,6489
1.9341178126589034,0.10207499183096412,6490
1.4928937344829434,0.11988737493314666,6491
1.7955885255741548,0.1077131352379705,6492
1.9457354559391298,0.1110016637249383,6493
1.645638043124704,0.1265140298791825,6494
1.6004923783651581,0.12117536421548124,6495
1.8909136046775052,0.10346975153561494,6496
1.6304915419173982,0.11059997118932845,6497
1.7627221948635945,0.11544755677805074,6498
1.8043419582530555,0.1257320970735209,6499
1.464424726003564,0.13612193924002697,6500
1.5329706764688042,0.12776866446157067,6501
1.5592321588813607,0.13228145798399663,6502
1.779911173044292,0.10481301175966737,6503
1.718934064549962,0.1048902939438974,6504
1.7715289005964479,0.10573531026401264,6505
1.5558771216216303,0.12473568582767794,6506
1.441874369427511,0.1310702566582963,6507
1.8777869124547548,0.10371689181784391,6508
1.673636004617562,0.10672596015450973,6509
1.4616613008654007,0.11521890697894684,6510
1.81120693411925,0.1034461564875963,6511
1.5036351362055596,0.11974520414516963,6512
1.6314640102339104,0.11639158139435339,6513
1.5209499390321821,0.15174202298063477,6514
1.7554229343664391,0.10268380650052637,6515
1.806068688404482,0.10874876814931647,6516
1.5169384239153394,0.12825992250007073,6517
1.7301010713809941,0.11621685127200543,6518
1.7946815139316628,0.10353468719406886,6519
1.9076127002358851,0.10399003726161954,6520
1.9588267029346906,0.11127082811210497,6521
1.6472447773836505,0.11973327078203064,6522
1.774278891241304,0.1088319835584629,6523
1.4132886457406153,0.16111559724919447,6524
1.5857994302818696,0.13885844101018457,6525
1.5744528557451112,0.10273057974465379,6526
1.4547301426881638,0.11922782086864664,6527
1.5586188364686373,0.11886037085904248,6528
1.8681413006732714,0.10499360279764172,6529
1.5449769007585192,0.1281113302883755,6530
1.6631425691132151,0.12000385807747459,6531
1.5392687785887202,0.12681417545554308,6532
1.664379289858436,0.10996237817319228,6533
1.4270585827387277,0.1657483249101211,6534
1.6516833243628235,0.10221440361780938,6535
1.7791348759775387,0.10326336462136665,6536
1.7983140314549446,0.11029859210701726,6537
1.4446661941559558,0.11660763588291201,6538
1.8141020043541127,0.10749100410009305,6539
1.6262591895509348,0.11111350545485281,6540
1.5729582538964992,0.14731343518299794,6541
1.5528638554501224,0.11028299591319346,6542
1.303168211676585,0.16397564024424843,6543
1.7408510064416178,0.12358946720137876,6544
1.75296427263187,0.1225724965972138,6545
1.6801741773033898,0.10408611564405455,6546
1.6689364078324567,0.10667128706511679,6547
1.6257040903617224,0.10559291631164464,6548
1.4179590979646572,0.16076951944324522,6549
1.4729763230067807,0.13110687019876935,6550
1.3700086500291913,0.13800395945701016,6551
1.6690161079136505,0.1243131509304384,6552
1.8440188779560642,0.11207880770689643,6553
1.8568680790313916,0.11002067757944257,6554
1.5562314067115313,0.12327555053995702,6555
1.5876893955763125,0.10771315412211152,6556
2.064704712281691,0.10308069248436194,6557
1.7233918413302858,0.11935105327317878,6558
1.6656082912512469,0.11786706219946427,6559
1.4318522014547201,0.11492733299522445,6560
1.6267732778776505,0.1333094084545111,6561
1.7248489793475368,0.10513174909602765,6562
1.8567148061245125,0.10445739509815954,6563
1.9301177563139182,0.10973101324067355,6564
1.8748289574944081,0.11389426742673564,6565
1.2988036928451943,0.1495062336706581,6566
1.645591256373882,0.11290630419986966,6567
1.5355448510802465,0.1476654201617701,6568
1.5851338944827398,0.11657810487145197,6569
1.7858322139931597,0.11083801397959886,6570
1.401022859525076,0.16777048456020185,6571
1.576880497768237,0.11449202029901678,6572
1.674823044296899,0.11783487685438321,6573
1.7111557467414635,0.10767675702668783,6574
1.5983230111520281,0.13991443626861833,6575
1.4150146045533625,0.16641084479096857,6576
1.615795193415953,0.11873203246526427,6577
1.9988087995484756,0.1067489143324432,6578
1.7030545577383018,0.1149909731445901,6579
1.6259219908672502,0.12058790688039127,6580
1.8719493021591729,0.10917287584273612,6581
1.675991983513633,0.10801218811854814,6582
1.9582824941533163,0.11245797294024676,6583
1.7499374560923373,0.1270409786062058,6584
1.6868316671631267,0.10049968189588124,6585
1.9463475102087868,0.10538084322614114,6586
1.6679871000285877,0.1224115508921099,6587
1.781342573284149,0.11742237229286762,6588
1.6453100425469487,0.12068897713046481,6589
1.6279211415761656,0.11634390969016102,6590
1.848677699044987,0.11170227523556028,6591
1.8644051516043505,0.10885179383535867,6592
1.8229856653102532,0.10456915003376764,6593
1.9351552689483518,0.10303671315570809,6594
1.3157887070207368,0.18143802284639138,6595
1.638583877535358,0.11581068613934607,6596
1.5415587181039436,0.11990085064538976,6597
1.7846824180937961,0.11259288096657533,6598
1.474355906689485,0.11917623651030228,6599
1.8480986408901017,0.11916077339564551,6600
1.6874955077363223,0.11130709477382893,6601
1.9817506251045078,0.102598352137385,6602
1.5370678887362408,0.12440475203868041,6603
1.7127234848689643,0.13136080088041618,6604
1.8869610853906313,0.10575958702856592,6605
1.371130342787802,0.1318216652460578,6606
1.3385876341450929,0.1489547916887215,6607
1.650097313560975,0.10395073588456955,6608
1.9662173807980945,0.10159245355656506,6609
1.5498660165242308,0.13632007136311086,6610
1.5606997959778812,0.11650664141112195,6611
1.6930149279038857,0.10995566820889166,6612
1.7718125308231898,0.11250334021671143,6613
1.645283002374183,0.11160554478568024,6614
1.8734295531045475,0.10299483076615704,6615
1.9587452063066464,0.1098478285216234,6616
1.4243564831406286,0.1274071115664461,6617
1.9226875006174207,0.1088193995435299,6618
1.7446563344137611,0.11684420129504873,6619
1.8673678863311112,0.11397267290803227,6620
1.670569111803642,0.11451602682806594,6621
1.7858731901618778,0.10932029614508201,6622
1.4862446947348247,0.12603066098953752,6623
1.8337742148735923,0.11692917010091593,6624
1.901180475758914,0.11260594850822161,6625
1.5639879095432698,0.10487430393928648,6626
1.7167757955664165,0.1062930891801239,6627
1.538217800825268,0.1261846585153524,6628
1.5578751487692974,0.12297842692125124,6629
1.9026932130321081,0.1054942646494805,6630
1.6678970865729243,0.12227960893345538,6631
1.5648123840155068,0.11154621064786546,6632
1.6562514241607134,0.10986770195073996,6633
1.643423710683103,0.12390272540498393,6634
1.7350938389348232,0.10395611112886105,6635
1.9349000967715662,0.10307836412098648,6636
2.0026412567048855,0.10042421669675781,6637
1.5527837807671243,0.1099888687108157,6638
1.840664544296766,0.11755715909947978,6639
1.5931771914812232,0.12567588761113538,6640
1.706098183737494,0.11435133293405057,6641
1.9147682926393768,0.10900943320378946,6642
1.5132336887706135,0.13223442684524908,6643
1.5717497325919065,0.12977377890939526,6644
1.7273159985592947,0.11597277250189579,6645
1.5787419075643043,0.1339743515051508,6646
1.284920337334704,0.17853145237413637,6647
1.155234156796171,0.18735790475259048,6648
1.4610105465083134,0.13282010420536577,6649
1.6758481225744934,0.10461367420545692,6650
1.790394921536804,0.10077283566377349,6651
1.831767152024608,0.1192701585688258,6652
1.4032218447320652,0.15965745434960713,6653
1.7635808147866232,0.11699107152859904,6654
2.0371296529448375,0.11136993958308511,6655
1.8623921800998386,0.11753196425710188,6656
1.709144008534381,0.11403566701429947,6657
1.8071506463148956,0.10978487281013773,6658
1.7480016583085733,0.11094298163130192,6659
1.7519896782564808,0.11439268367636209,6660
1.7873738087961308,0.11197849384069698,6661
1.555754818618124,0.11800445130184564,6662
1.906057201919991,0.10202230086645936,6663
1.9840095294761761,0.10189139984189904,6664
1.6082345019373738,0.12988077835612397,6665
1.6506397337391072,0.12218226829632288,6666
1.7894609916079847,0.12501809971786793,6667
1.4254958953918815,0.1255742234020253,6668
1.9239175946708662,0.10448033759102027,6669
1.5079038588016116,0.12043733096882547,6670
1.8829910435547221,0.11032481955666745,6671
1.5010560883405106,0.12129733231997214,6672
1.7973335175643514,0.10486404470052793,6673
1.8270421826643477,0.10371070448149407,6674
1.5998803561213182,0.1318716973522487,6675
1.7767168362155599,0.10288595054469842,6676
1.9223754956434467,0.11415190200359077,6677
1.1471666054890937,0.19109075415712584,6678
1.9489736878347022,0.10392957759878235,6679
1.6114640417941766,0.14328693830870012,6680
1.5456400376307513,0.1374763947367749,6681
1.6193804383076231,0.10971425462773883,6682
1.5160351329775958,0.1427630792764405,6683
1.6832601412957093,0.1156394581956154,6684
1.7479835414122784,0.11308875921624478,6685
1.4659408088495591,0.15856091933543512,6686
1.5939500583133588,0.12225657719146418,6687
1.462668665221637,0.11917853276618845,6688
1.7208277065390813,0.12476690016235834,6689
1.502509288868752,0.12252167412936747,6690
1.7557263590098833,0.11643950361068352,6691
1.8277862420511468,0.10345961006913798,6692
1.4617122749148665,0.12663726452773885,6693
1.568498162218325,0.12293024803641728,6694
1.5510655751858167,0.13922293812451267,6695
1.4848416590808755,0.15585125181161175,6696
1.8224197630486125,0.11494773335313646,6697
1.806300136984156,0.11664644575699182,6698
1.381430443608138,0.16028035342200564,6699
1.8522689297884278,0.10342083731914072,6700
1.763967250618404,0.1136710753331966,6701
1.731889247832416,0.12491001548870627,6702
1.3333547817151084,0.13880209780681088,6703
1.7048684810678014,0.10109424321841753,6704
1.5188165449608777,0.13200726297388257,6705
1.9353840095124628,0.10632856390545904,6706
1.642264552934384,0.1214901366932431,6707
1.6228002632309697,0.11391516098183863,6708
2.0744177780911452,0.10115493361627649,6709
1.5546827912349552,0.1189406057563009,6710
1.7234440281864702,0.11047687278967848,6711
1.6617950385110736,0.12844683220849115,6712
1.5535484653193552,0.10961324855982432,6713
1.7747336344938514,0.11834737024281954,6714
1.3612744992362282,0.1448335812051253,6715
1.8802068779096845,0.11119809950064453,6716
1.619996511832273,0.1227582798742344,6717
1.9312689566564196,0.11613092416345867,6718
1.7915231593917758,0.11171203605486119,6719
1.8662117090640797,0.10860406627010792,6720
1.9219191073298947,0.10697955294790736,6721
1.757251952088143,0.11887728461291697,6722
1.5476168587408394,0.13253209838055857,6723
1.8167279128911038,0.11202182155990217,6724
1.7070666403353643,0.10431016234073914,6725
1.4705972273245922,0.1521018945981168,6726
1.5243100247143444,0.11788324792439736,6727
1.4402738873098613,0.12839408629653445,6728
1.4933401944039983,0.14948495912228918,6729
1.6663827097833994,0.12011020860978114,6730
1.7991338248629245,0.11440835868596035,6731
2.0335875883329178,0.10063210974304845,6732
1.754536781938914,0.10425480129027412,6733
1.663891037952561,0.10347503950519472,6734
1.7033738126272135,0.13538189141105386,6735
1.759845952346006,0.10748779624702572,6736
1.4876956619966208,0.1375273774882321,6737
1.9114224831921793,0.10511240050185111,6738
1.6184513332188073,0.12427236452915405,6739
1.7383794649944524,0.11217872789491314,6740
1.4303522009722467,0.1404914589241434,6741
1.92660013794538,0.106639784932778,6742
1.7588609966187532,0.10856285667235402,6743
1.8227700084225822,0.10273531753784738,6744
1.8580539931989382,0.11664482406638488,6745
1.6659466637145783,0.1412643852397574,6746
1.7815222782153943,0.11993061956340745,6747
1.9387189751755922,0.10251604958214938,6748
1.7530949414681767,0.12749786282149222,6749
1.7229180410149567,0.10984568533249403,6750
1.6687405273841607,0.10449113209219792,6751
1.7512747861720142,0.1035175874630882,6752
1.9814388889931458,0.11065248955933484,6753
1.8352332054259732,0.10654598112817083,6754
1.7686014507713823,0.10273681721227462,6755
1.6662314018291562,0.10216730230179492,6756
1.767826514493379,0.1099707549365913,6757
1.82319727104045,0.10755785428309003,6758
1.5295850274556047,0.1498283627334105,6759
1.8453631450220036,0.10990723478044911,6760
1.3304889182256787,0.1620724869237265,6761
1.7298676513944031,0.10727345915992877,6762
1.868005029079366,0.10217814130199022,6763
1.7928960181622153,0.1000705560602152,6764
1.5943696464985257,0.1273359287046556,6765
1.3839198424874137,0.1687083918927803,6766
1.914943584410832,0.10335868168056493,6767
1.5277618026768929,0.15188009016948384,6768
1.7648506033977085,0.10649366148930071,6769
1.5506457040406174,0.1417249644209551,6770
1.8445556744028142,0.11703493979819588,6771
1.8053105154999538,0.10280695828006667,6772
1.8968631293152094,0.11494380226480155,6773
1.7547247942568664,0.11117017404200219,6774
1.658157596434288,0.1260958624002613,6775
2.0385553979257907,0.1023494642355246,6776
1.841017404516604,0.1013803133202293,6777
1.4519851391923417,0.13383267419091488,6778
1.7439413513412716,0.116824244403306,6779
1.6005341174869985,0.1306174008691842,6780
1.5593937677560703,0.12047557161204689,6781
1.661095145355535,0.10983909833460459,6782
1.738610780427205,0.11343946507530987,6783
1.3953510847015853,0.16595885736773636,6784
1.7859922662775678,0.10779864167817092,6785
1.7008009792354282,0.1099864618318232,6786
1.6732056709051333,0.10881289589529876,6787
1.4672436982868602,0.12157881166326169,6788
1.752983750895142,0.10869336849130878,6789
2.009875045222303,0.10308854532045841,6790
1.4962235410589209,0.12297988599372699,6791
1.720300958166019,0.11441395963673556,6792
1.7678777000033108,0.10699353198183438,6793
1.5424517471844332,0.10954488098690861,6794
1.8907613641275214,0.10086518069050801,6795
1.6824035292385373,0.11929566477935444,6796
1.471704148860637,0.1303827616472934,6797
1.6872577309411012,0.1072299492837844,6798
1.8038939097311424,0.10289331067806315,6799
1.7271376061049584,0.11488273524619821,6800
1.8195039821974288,0.11198256187227999,6801
1.8515632970329818,0.11500289104294972,6802
1.9474216243478655,0.10769673063068291,6803
1.734360168356131,0.10967459910166522,6804
1.6954301904881424,0.11816571237402294,6805
1.8329325793375606,0.11121715471038589,6806
2.0352353730159383,0.10278103761834928,6807
1.4427713007662093,0.11932104913202544,6808
2.0692663081152234,0.10800461283490079,6809
1.8125294507848757,0.10338267945828655,6810
1.4594217760898311,0.130518338719907,6811
1.4029321063817934,0.1308293477556047,6812
1.6612431437277775,0.11869303622121445,6813
1.536262241264946,0.1359938901332403,6814
1.829756140214766,0.10590460522905021,6815
1.7625005827390954,0.11498974906049754,6816
1.6637190472392285,0.1360673861107364,6817
1.7184644160039109,0.1217621867337047,6818
1.7853584288888809,0.10482652492231932,6819
1.7380761373280689,0.10563483274095709,6820
1.5876112180701751,0.11943667929558092,6821
1.835769350737969,0.1065919063481959,6822
1.4500137175416592,0.12460795472872287,6823
1.8884968971041802,0.10491398502297236,6824
1.7283207696398328,0.12464225031661672,6825
1.6756203863668147,0.11324466848043095,6826
1.583334881803408,0.12580893625295295,6827
1.5738810349542471,0.11875987897094013,6828
1.6827956206404806,0.11546092382013287,6829
1.7777207514303142,0.11123704544516493,6830
1.8107979499848497,0.11025102855860106,6831
1.743564661807546,0.10877571998683913,6832
1.74900979213293,0.10600819342436683,6833
1.6883221012010432,0.12435561269862977,6834
1.6508905928609847,0.1245021544819425,6835
1.6297963567364782,0.1218786565509552,6836
1.8271574949010594,0.10198393339499227,6837
1.9078932934739474,0.10302651477334224,6838
1.6809108782601192,0.1169503265677863,6839
1.620848929436373,0.11094569773096619,6840
1.626516808045252,0.11325127393962736,6841
1.2749854007972343,0.17545860728093407,6842
2.030404345314909,0.10620845526543415,6843
1.8792868965575458,0.10475867073328056,6844
1.6060264070209256,0.12433052419315778,6845
1.6582836466303514,0.11086763448890896,6846
1.7405190590699,0.1097098293522072,6847
1.770035032704557,0.10696992351989729,6848
1.5369246778042938,0.11499944955603701,6849
2.0161661620198417,0.10242615349424504,6850
1.6380569428309952,0.12275419449620573,6851
1.669794974305311,0.10669493963753612,6852
1.5906947736782993,0.10644032495435163,6853
1.7053934214942286,0.13169659646372847,6854
1.6596594405592096,0.103361188393352,6855
1.9266433704591641,0.10885285105635908,6856
1.815105169044354,0.11964076258425105,6857
1.8829048783779323,0.11472535421818703,6858
1.399628463284986,0.16342314054866924,6859
1.7326890420717054,0.12390047335861877,6860
1.577836173973529,0.1201392158777482,6861
1.6127083690373285,0.10486713503992712,6862
1.7763733090038019,0.11715272174052527,6863
1.8782080626368491,0.10163379143390361,6864
1.5950229001211582,0.10591477582053216,6865
1.492779184230028,0.15024690033673063,6866
1.8030572723861253,0.10556659543775934,6867
1.8849081389035345,0.10830920250485616,6868
1.634221943413367,0.11662391278355447,6869
1.7904526160023886,0.10763283792711589,6870
1.6448552984901816,0.1131127196215638,6871
1.4175269397376957,0.12738688428042683,6872
1.5094506226963438,0.12753834783989607,6873
1.742339326015532,0.1059353898055239,6874
1.629035410710975,0.13057678333692263,6875
1.8207972747313759,0.10380601480098012,6876
1.6596181103293326,0.12719486814999303,6877
1.3870319761803704,0.1651336995117161,6878
1.7748055336221429,0.10050834012176892,6879
1.8180997940494812,0.10372157035079968,6880
1.7941319270852054,0.11914354118517737,6881
1.7931729156687932,0.10699743384842149,6882
1.4651795007392467,0.13297188298062126,6883
1.6481674705029326,0.12548295969344853,6884
1.7657571140615143,0.1172350017510168,6885
1.4112077835974677,0.13094150706167063,6886
1.850962651541492,0.11045066969787792,6887
1.5888931743167578,0.136506212427536,6888
1.254711202765409,0.18361161248278718,6889
1.9251083218232965,0.10525070963518217,6890
1.6279339749998916,0.11721362497125108,6891
1.6623030001355283,0.11509825961855652,6892
1.9236530498909286,0.11163312544531878,6893
1.8532018606759764,0.11557045012119867,6894
1.6558564877666038,0.1139133916242523,6895
1.6032181469767324,0.12121538191055416,6896
1.9358644460548382,0.10243675996921349,6897
1.7764429558052948,0.11685518702838014,6898
1.9095363523076105,0.10879932550653994,6899
1.546160968803743,0.12413403096601121,6900
1.38709167163781,0.154727172383341,6901
1.715533154795101,0.1148582594655032,6902
1.463658212463918,0.13756865042671748,6903
1.7091611122853703,0.11401971489328835,6904
1.7205133191568822,0.12473256927987891,6905
1.840601284336317,0.1112448375852292,6906
1.6560435432375602,0.1283476875356127,6907
1.7648307198078508,0.11184566038229951,6908
1.477395619645755,0.1306846847919322,6909
1.7601804990310055,0.10632779050526717,6910
1.6279454338613366,0.11547560457695673,6911
1.355893529366959,0.17255567564699373,6912
1.6366364312577748,0.11743440105455559,6913
1.4775883476057385,0.12332950623422546,6914
2.0095953078768356,0.10433572253942322,6915
1.6101548557383938,0.1211098521460304,6916
1.7932861992492126,0.10201981479324182,6917
1.4556494923970131,0.12890965540813779,6918
1.9343256009095264,0.10247612774527107,6919
1.8901488196994838,0.11145358008517271,6920
1.6677330004314825,0.1385242946201895,6921
1.4237780269788787,0.12953013476767986,6922
1.857223097185868,0.10378367529377286,6923
1.4274720289176204,0.1568157367111797,6924
1.6418354162023319,0.1315267653206135,6925
1.7225553069581137,0.10731966306183538,6926
1.8617166417208808,0.10533063436799475,6927
1.53115331787427,0.13188962473975124,6928
1.6638354292512558,0.11746179872173246,6929
1.6662325513051035,0.13579718133950133,6930
1.574553731083197,0.14266715632494767,6931
2.1265861575343576,0.10545229360145601,6932
1.5229651402249043,0.1506789955602961,6933
1.4829035821867835,0.12574837217333168,6934
1.4953610885689523,0.11584333694617195,6935
1.6799431551756023,0.10821323044896043,6936
1.926599458914808,0.10170150470278312,6937
1.7534676514064083,0.11350539955576501,6938
1.4584058223331566,0.15909014369504088,6939
1.470812148089123,0.14831206166141125,6940
1.874495288251297,0.10179938773764685,6941
1.6996965758171152,0.12930444726329385,6942
1.5987172601145065,0.13221063615534687,6943
1.612658993284278,0.14439602606965202,6944
1.8574592179374567,0.10423238692355591,6945
1.8859562717094145,0.10364040315878366,6946
1.6954731054553323,0.1185305799528502,6947
1.7573751192390645,0.10271588942714774,6948
1.6185793403733013,0.1187235311478512,6949
1.722338051081033,0.11414564866530293,6950
1.4964558484948305,0.15228973964985643,6951
1.8967815965204724,0.10990178468271311,6952
1.6926665671296963,0.11888140570588585,6953
1.8420035426904546,0.1072909982172077,6954
1.529476424414558,0.11475031341157639,6955
1.7173516571426166,0.11273194689900129,6956
1.219857656638314,0.1826496679676672,6957
1.6997457405617922,0.11779838801820265,6958
1.7539749799129614,0.11314237328805049,6959
1.770754061816862,0.12288718077808733,6960
1.933401954388534,0.11161441196138971,6961
1.7185985318078512,0.10853419924091899,6962
1.3731176424414273,0.15919976671195796,6963
1.8109730422916595,0.11762610129721328,6964
1.662632506539712,0.10734014553537674,6965
1.5848288170760063,0.11839851848982041,6966
1.7535387045877138,0.11164030120118426,6967
1.6117470060070884,0.13029613114744898,6968
1.8531378665761817,0.10342476077260351,6969
1.6871266679352335,0.12302863492123581,6970
2.036720480593015,0.10263322074890302,6971
1.5958560158054576,0.1263827490765667,6972
1.7289707633103015,0.11193725903965027,6973
1.7675860143458073,0.10146485079365926,6974
1.5597688560574072,0.11415693582280968,6975
1.9538925396228275,0.10521276406395608,6976
1.5456520638776217,0.12049626175918488,6977
1.8345160090311923,0.11868121713498941,6978
1.3954110509683986,0.12246567926353874,6979
2.0164276505190224,0.10606079933251387,6980
1.7507852614240575,0.12670963495057566,6981
1.4478663339965894,0.13748754548960462,6982
2.0227304418820093,0.10558263514686876,6983
1.7451767013709212,0.10386808615374667,6984
1.9646370693647015,0.11590437945313249,6985
1.6065527831944342,0.12772072956373806,6986
1.4786510115883733,0.12300968577740506,6987
1.6916793774215226,0.12705521955214727,6988
1.9084607099743374,0.10634718137863297,6989
2.0311898942721456,0.1018165525460667,6990
1.5193492942141382,0.12161212365687586,6991
1.6547676256508792,0.11844591582880669,6992
1.889610774138644,0.10015718816977265,6993
1.5657511682324947,0.12192986894755464,6994
1.694907855366811,0.10006656914599237,6995
1.8592138724080134,0.11542882278876225,6996
1.5965774927266176,0.11690256127630339,6997
1.665885145903662,0.11887194368749,6998
1.5909708969024936,0.1266538696032068,6999
1.7470601585314542,0.12428630534294251,7000
1.4945523912842618,0.13872526136168367,7001
1.4842785521356074,0.15241177228920463,7002
1.4666884640574143,0.1385760111622382,7003
1.6269343317977187,0.12244276772097143,7004
1.7355763923561358,0.1274042913397793,7005
2.0155465150376624,0.10006946230737673,7006
1.7059835546741093,0.10548007373140755,7007
1.542890499051079,0.15215265191009905,7008
1.641895674870435,0.12596792589814026,7009
1.5306179258108905,0.11865198715656022,7010
1.5056630961376178,0.126298064345455,7011
1.675594029374529,0.1062043518149947,7012
1.5630027346421551,0.10533853809547071,7013
1.4145599506593647,0.13773788985584626,7014
1.689507090369552,0.12141738747686391,7015
1.9428944551389369,0.10653735535895714,7016
1.8591694028449197,0.10624394840013104,7017
1.5774840093560392,0.14289482415388202,7018
1.5715526853243558,0.13533964656510886,7019
1.618410827413418,0.11502463992868055,7020
1.942042780624479,0.10853737802651663,7021
1.7135645643951183,0.11110606162813162,7022
1.4716196989901986,0.12633434093599719,7023
1.7441769288058662,0.11969126488716977,7024
1.683353748811633,0.11558172564887485,7025
1.7774109658969317,0.10520108234407999,7026
1.7094042294589165,0.10676407952525603,7027
1.8473369754294136,0.10126717333811584,7028
1.6520216701744708,0.11987828802046155,7029
1.5857758518954272,0.117596380592246,7030
1.6736952672460734,0.12684575717214125,7031
1.8773007571872455,0.10168282309593134,7032
2.024938376897882,0.10329507530254586,7033
1.7921098417018628,0.10066805397136597,7034
1.545518111728056,0.12876417095328693,7035
1.668417649828507,0.11592528657625233,7036
1.9037137255496963,0.10989645856913637,7037
1.6830934760311833,0.11394812073394371,7038
1.7348205302956399,0.11613543866471439,7039
1.80364399049237,0.1023920392730204,7040
1.4284105185623972,0.12804909576945453,7041
1.837439670038143,0.10295660142146756,7042
1.7493553402639819,0.11285593571279198,7043
1.5971947600618974,0.11078219980123044,7044
1.7580602977132427,0.1070480237226312,7045
1.6934251443949875,0.11030209312548209,7046
1.8713686517681203,0.10920643562968371,7047
2.046633276882544,0.10282945343301786,7048
1.7561732153339247,0.11262642657181009,7049
1.6276715657140468,0.11514719481449935,7050
1.7166588736512833,0.10829734748040779,7051
1.527945041271806,0.13164870551648755,7052
1.5291662420001944,0.11167070250861375,7053
1.8194488143110117,0.1112563515289416,7054
1.761291403386975,0.10785669217453722,7055
1.7061743086657577,0.1200585047458158,7056
1.604975227510506,0.12656702706221923,7057
1.7778834764840805,0.12264884044837275,7058
1.5804953270798008,0.14315798041255284,7059
1.7719695314813242,0.11277800819055057,7060
1.5759522650630855,0.11812055645354406,7061
1.7527511536098581,0.10969947139110499,7062
1.6057717618507343,0.11390866523400141,7063
1.8354974236408346,0.11582321633824318,7064
1.7574349097629316,0.11036329940570935,7065
1.588065822650285,0.13542355726352331,7066
1.576855777893766,0.11115637101282387,7067
1.7085041595122503,0.12237480976098901,7068
1.744424404638402,0.11980875972180627,7069
1.520766966688819,0.11709785572289821,7070
1.9584171382028,0.11531073707746425,7071
1.7967382379076429,0.10214637654663343,7072
1.6287835542232794,0.10749670832627427,7073
1.6634305431074117,0.1107672325647407,7074
1.8852128867886264,0.11023878940978026,7075
1.846912406577929,0.10678406818612088,7076
1.7122388783650229,0.11055550334565188,7077
1.8244613469375224,0.1080210073919057,7078
1.736067365233625,0.12354403921205154,7079
1.4765295273316366,0.14740377508503635,7080
1.8581579789873175,0.10364663845457114,7081
1.6781520915819268,0.10073184775340811,7082
2.0292178660436986,0.10375662725494361,7083
1.9343671804261313,0.11202972207734396,7084
1.8181042389481255,0.10390784665303453,7085
1.9333380860950726,0.11079025906198652,7086
1.755447000410083,0.11035940582681204,7087
1.8168545775763205,0.12296007070997601,7088
1.842897186131857,0.105469877546749,7089
1.5164611709419826,0.12444973409338954,7090
1.6943662627097416,0.11481441060884871,7091
1.8622753110362573,0.10192696096908695,7092
1.4057860184735373,0.13424843458813002,7093
1.5600743257962086,0.11793585225444923,7094
1.6552794891310607,0.10105030535725687,7095
1.8133094711581061,0.10964356934958644,7096
1.6386818102367922,0.1219925346190847,7097
1.7907873239678131,0.11577434232946003,7098
1.9935479135325689,0.10804600846532224,7099
1.7730390917514691,0.12224496772517413,7100
1.7822448268939857,0.10953907008035085,7101
1.3440147155858078,0.1330748431771155,7102
1.6927751376064086,0.11087113479423522,7103
1.919465610064217,0.10184856624338193,7104
1.4681284599348143,0.1587081761555987,7105
1.9053261877363687,0.10021635662411113,7106
1.381978449330982,0.17530468244175162,7107
1.4943276303545838,0.142142342610257,7108
1.4074951471521748,0.16805989813608366,7109
1.9131833528028754,0.10730107751562323,7110
1.7434344613245718,0.10618929508386236,7111
1.6873897876536403,0.12426156485294856,7112
1.7478736053786665,0.10580287044513195,7113
1.7798033406272389,0.11070457491636586,7114
1.8685834767932499,0.10162858738834682,7115
1.533975039098346,0.12568007592108527,7116
1.7075307638915787,0.1171925776651999,7117
1.8520035155761854,0.10537842875554318,7118
1.6555592233618903,0.11552774252492164,7119
1.7849925650014,0.11046679927744188,7120
1.8239770325445233,0.10836653596683188,7121
1.6977957394564345,0.11442821428519614,7122
1.824564999803092,0.12004169613454856,7123
1.7659308422946514,0.11198425577639919,7124
1.7036080065234696,0.11453905603237456,7125
1.6947343402567538,0.12301850124998472,7126
1.5007945859311822,0.11303803635467269,7127
1.6663519869475516,0.13169000435139808,7128
1.5991526798243694,0.13905068717461833,7129
1.5035962849132642,0.1443867044437103,7130
1.8899116495565553,0.10601724650632838,7131
1.8618693618330142,0.10968299113817949,7132
1.7615982218770747,0.10976322245796334,7133
1.7917552771375236,0.11257318935886074,7134
1.9537191321066538,0.10327260190608695,7135
1.9233147650000384,0.10595123178843589,7136
1.8972177413242555,0.11138198199158397,7137
1.8356113110055094,0.1066321931931623,7138
1.8700227570844028,0.11836221814286163,7139
1.7767891927773678,0.10491154549492956,7140
1.5554225473751817,0.12167262448494004,7141
1.640641146001415,0.11404506757413496,7142
1.4013114621530944,0.14018169508103134,7143
1.670688275065274,0.11052803702833737,7144
1.5666608154742476,0.12044841053057026,7145
1.3960380968426014,0.15398985170401075,7146
1.789586804378773,0.11870744690158626,7147
1.7054429104553157,0.11700638009915107,7148
1.8012733766405982,0.10247775949843035,7149
1.9499161440333692,0.10583304231288933,7150
1.6974866448978156,0.10674751921011134,7151
1.6037512014388375,0.12425895445973097,7152
1.6551626424914772,0.10890399781469814,7153
1.7728405369026041,0.1100767982490882,7154
1.6165719613949794,0.10615990143487904,7155
1.7102870230291278,0.12442749398437851,7156
1.756641258971437,0.10778129180649818,7157
1.663387521399213,0.12264092490307613,7158
1.586131949434734,0.13641246975780974,7159
1.9288814806370702,0.1026351487235013,7160
1.5104313756496839,0.12576524514171492,7161
1.7461625291676184,0.1120564595254377,7162
1.5401443153494991,0.14196783384599035,7163
1.7529587210410928,0.11947605031308929,7164
1.7614671675348201,0.11563020252291839,7165
1.852258619155113,0.11578303530315065,7166
1.4371920935065652,0.12455479510106847,7167
1.656465195157791,0.11781566493493736,7168
1.3864185995206832,0.1308619243205324,7169
1.9859911758299749,0.10228490197198081,7170
1.8818229858389723,0.10374127190047767,7171
1.6568553840119056,0.1199032213357898,7172
1.655014129468405,0.11759332352569601,7173
1.6153331900837327,0.11503494255254372,7174
1.7660120282121559,0.11551042938950726,7175
1.5328409464127621,0.14881978290325676,7176
1.7236009644925891,0.10415408184558081,7177
1.7277915224542089,0.12033600926413855,7178
1.7210640496583212,0.11751485233178406,7179
1.8671709187790368,0.11920669186854078,7180
1.6145114357444816,0.12800375763394256,7181
1.8302193287095294,0.11731636203210553,7182
1.9257981617347457,0.1139373115608011,7183
1.4553991332857346,0.15112722352431396,7184
1.443177218806142,0.15267750594946938,7185
1.288560788012617,0.1725883159944773,7186
1.9317174428958326,0.10844429208235534,7187
1.6576295866026718,0.11451996900135546,7188
1.8742780339117993,0.11786935595540911,7189
1.8428147421481773,0.12227910204062983,7190
1.781802258270792,0.10004771421521604,7191
1.766029604922678,0.11635240271031559,7192
1.699257289311417,0.13924628398002306,7193
1.6064963190044286,0.11917992457450644,7194
1.4019963836963958,0.13107853288948543,7195
1.628876941596777,0.10430121832682698,7196
1.801877102064034,0.12967001321956861,7197
1.775742666768417,0.10367030334316697,7198
2.043448372248106,0.10879282814664155,7199
1.9376086450499788,0.10288660454024076,7200
1.3734772149760825,0.17031442835861293,7201
1.5646653280359757,0.1225684386622517,7202
1.6821584467553523,0.11602343062819784,7203
1.5265052042558895,0.11099420917304884,7204
1.6641581971287556,0.10760158854772238,7205
1.690545603653233,0.12160701104394483,7206
1.7908521993813946,0.10452099799856965,7207
1.9363276263423153,0.11512283476142102,7208
1.8715006212017573,0.10662972170069435,7209
1.4426346931495717,0.15865299891835916,7210
1.5830158404979071,0.14412095232250596,7211
1.8066920056327587,0.10480216623708698,7212
1.607013789548092,0.11305281653988117,7213
1.7056143217676452,0.11123464766209071,7214
1.749897514176722,0.10406542083223855,7215
1.8389737550049687,0.11875508885309713,7216
1.9337830667374853,0.10714648228863921,7217
1.2704062814481425,0.1688407727996047,7218
1.6009893641939894,0.12084716556353266,7219
1.6927188201374317,0.1172200292433883,7220
1.8142438141129158,0.1071531528890306,7221
1.8699718958949625,0.10839900285348167,7222
1.7247956165038256,0.12488476751419253,7223
1.7609723868453715,0.10056014754228752,7224
2.0259921235939866,0.10670196936345674,7225
1.9198616952370913,0.10573410014630155,7226
1.7057147744824497,0.10271302707722901,7227
2.0104763289014764,0.10257236279132802,7228
1.7092068882560805,0.11648127997117895,7229
1.7734272343839204,0.11260103443344383,7230
2.0917424644553724,0.10317394039487958,7231
1.6452474526757495,0.11761648837411379,7232
1.8117663780721234,0.11598974672739937,7233
1.6820280586550178,0.12035080822615257,7234
1.5439093084670823,0.1490723670750973,7235
2.023940661846474,0.10353523642939429,7236
1.609951443488535,0.10980541385320021,7237
1.7425405779652272,0.1095456108223351,7238
1.6713388476472328,0.11223624876386834,7239
1.844278371773244,0.10568351486503444,7240
1.3436399257802563,0.13327611165639391,7241
1.8886241351326534,0.10944944664945451,7242
1.8086524542524465,0.11198602562057268,7243
1.427461735589022,0.15780146665734585,7244
1.764821148625237,0.10641771441291811,7245
1.517120651011818,0.1505162694523158,7246
1.424890998695777,0.1285476524059432,7247
1.866415697819677,0.10401697882536251,7248
1.82977871920867,0.11488705010352838,7249
1.8659993889658917,0.10857155567790057,7250
1.8681433688771139,0.10470726379032859,7251
1.4089839954900907,0.13888584084056987,7252
1.6879438715582054,0.10553355518668758,7253
1.8529989723459286,0.11299296581746766,7254
1.7840036977800882,0.10782555526318488,7255
1.9367828494392783,0.10505326358530515,7256
1.4442002053959369,0.15501651593603757,7257
1.6972456508895886,0.1054834706694151,7258
1.747757926802876,0.11063969595557145,7259
1.8722830989925656,0.10081932059617987,7260
1.7663985533218682,0.10660611162636599,7261
1.461318246481285,0.15061126817161347,7262
1.7052288474401125,0.10422057977944499,7263
1.723810120049956,0.11175548044071583,7264
2.054782420853682,0.10072418779422611,7265
1.4282064250455488,0.12934157955845665,7266
1.9479319095190715,0.10805811229070664,7267
1.6512160045656934,0.12384263224382802,7268
1.6781506763196539,0.1116913063226998,7269
1.3946345446107387,0.14589601356989307,7270
1.6483490268181817,0.10535057265867884,7271
1.6366520013577572,0.12156988269320712,7272
1.5532937834587972,0.12622240847542524,7273
1.7734219342103898,0.10459974873913776,7274
1.8967506067446829,0.12020925705387475,7275
1.790801077402134,0.10675514227432165,7276
1.8846867783372954,0.1139065402415278,7277
1.356795578944506,0.13113809914955538,7278
1.7189097622060192,0.10108162427843723,7279
1.7938530455023054,0.1068538743931586,7280
1.55550746082067,0.1451953114508101,7281
1.5455442570408946,0.1376743976594187,7282
1.5107042141169158,0.13757977845154684,7283
1.5566622059363482,0.1260871741361061,7284
1.988578097284336,0.10141024685822728,7285
1.892489628694194,0.10491497730053904,7286
1.8389469182496903,0.11796024969821503,7287
1.7422041381409383,0.12714694361947643,7288
1.7345603846718185,0.10647365152489519,7289
1.8909270089751826,0.10195536643914804,7290
1.8071316897565668,0.10342575756128565,7291
1.8815993667002866,0.10378981062112871,7292
1.6675512913029333,0.11178120554854977,7293
1.754887539912458,0.10160388749617763,7294
1.781091191578691,0.11731469701754416,7295
1.7334173947129474,0.11043874114228093,7296
1.6430835487613389,0.11811475023979173,7297
1.5186820648063173,0.12514577419653458,7298
1.7704105889245587,0.1089797220010929,7299
1.7710144829730865,0.11867121441918696,7300
1.9698031965646352,0.1115471062773721,7301
1.5013047731320088,0.15354482869610242,7302
1.7079754469539135,0.11226171626951366,7303
1.5411803458069124,0.12566838339146782,7304
1.8111047703164087,0.10777968662006433,7305
1.7258183120327655,0.11343820692015961,7306
1.7922975325204944,0.11711017615384964,7307
1.6953995126475787,0.11526745680159747,7308
1.7514617978529934,0.11725012304462205,7309
2.126141828083225,0.10017017161158535,7310
1.7236770542023039,0.11900485661443995,7311
1.2993332450723332,0.17074455440291622,7312
1.789407904510923,0.1073879745019574,7313
1.6992473682630782,0.11355920421263845,7314
1.7135183273942125,0.10961349049142874,7315
1.8569946014446823,0.10240692737393149,7316
1.6763549778536082,0.11120711186920458,7317
1.533420146226263,0.11621490537142155,7318
1.8331813301565492,0.12640227095856668,7319
1.9671248692582823,0.10385431321175842,7320
1.4649094255702846,0.12878007140067127,7321
1.876667280762583,0.11712919362485377,7322
1.9644350332908522,0.10621883536495322,7323
1.7925965490836313,0.11485506463037741,7324
1.5097945619149116,0.1451333856402852,7325
1.6804723733710338,0.11738051163139648,7326
1.5810402182949694,0.14688847269906893,7327
1.4237899290243154,0.1335560035255517,7328
1.9415497515086184,0.10105558933259794,7329
1.7112403404258478,0.12241063610931197,7330
1.8033602504186814,0.10754464831414158,7331
1.7130896922537833,0.10447157753762965,7332
1.8750114186009483,0.11180055381509081,7333
1.7346336105777254,0.12162326941063453,7334
1.2310547426587657,0.17384993184524444,7335
1.9920825300294984,0.10455729379659792,7336
1.9373057044797748,0.10559520365028363,7337
1.8314406464450748,0.1060831870891931,7338
1.8371887777177538,0.10601401747079514,7339
1.8303928087548091,0.10652808080762392,7340
1.7934378246167584,0.11486515257146743,7341
1.471593592945562,0.15564770412995177,7342
1.947699092168967,0.10393347426363289,7343
1.514222992375288,0.12410140126752589,7344
1.9089934929236037,0.10924178540275628,7345
1.4767973864968444,0.16402157835731054,7346
1.617450155194343,0.10933255779731385,7347
1.7644325969131913,0.11307444353789077,7348
1.1219960819132921,0.1933084684305947,7349
1.815648036762825,0.10508662577805562,7350
1.8550093202813827,0.10623533989329542,7351
2.0111494955852356,0.10726101984436001,7352
1.5162735301310235,0.1180873874845258,7353
1.8209193667286754,0.1066583905929903,7354
1.4813532151693694,0.13149482866950482,7355
1.726098512685983,0.11029561510642381,7356
1.4735501456429572,0.14928042623075846,7357
1.8262438740714664,0.10582818677087595,7358
1.9075833748805922,0.11178658227863338,7359
1.55815405244734,0.11602566356864666,7360
1.923050493858001,0.11151129050885202,7361
1.6605192449698423,0.10919199379844106,7362
1.4834892843843543,0.12937088125486512,7363
1.3985220166683927,0.14165502455295179,7364
1.7774919460853769,0.12098877828519625,7365
1.6309158259640362,0.1038332756318899,7366
1.8429454451069551,0.10496619868792911,7367
1.8590932476980118,0.12010008902415452,7368
1.8292106257630232,0.1024974928729162,7369
1.9698430333392094,0.10524131299918266,7370
1.942360721767421,0.10880706974293919,7371
1.9186390697037028,0.10008526789080159,7372
1.4709404955292307,0.14587052499908099,7373
1.6591975651099649,0.12123000790955604,7374
1.908283742611349,0.1077447443457253,7375
1.7547603914988705,0.11377002591477832,7376
1.7164044581193578,0.10600115561707153,7377
1.6635439355807269,0.12233792663910131,7378
1.662575733902399,0.10879460769181461,7379
1.781612822484179,0.10753846066181051,7380
1.6245981664578872,0.115773117964518,7381
1.507240898515137,0.12897554778166184,7382
1.6541845337213057,0.12179283159895946,7383
1.5153963481059731,0.12142620309042373,7384
1.9074001441758912,0.127574225368105,7385
1.6115175518383607,0.124406255009771,7386
1.4594473056044606,0.14097700387750037,7387
1.4300006602697746,0.15802962393672676,7388
1.4940227372739325,0.1532002888818017,7389
1.5139446875926963,0.14867594245600355,7390
1.439089768590674,0.15900627026411365,7391
1.8923393838939897,0.10683016171295123,7392
1.7673660973106586,0.10529713347622335,7393
1.8510410461510232,0.11121159000763417,7394
1.6758712127494657,0.11985148129232874,7395
1.5882623602696122,0.13050158934073144,7396
1.630806071595908,0.1086521866999942,7397
1.8914496297302075,0.11040837082938121,7398
1.6267897169166554,0.12503649235938027,7399
1.3966724313267727,0.15183258193097432,7400
1.851536504227788,0.1016680368667859,7401
1.9202595658263377,0.106080359854919,7402
1.6252378652242454,0.10872401892958101,7403
1.561376906456344,0.12813777015813607,7404
1.8856875751126674,0.10154115415858163,7405
1.535590800234982,0.12275978379839314,7406
1.6256589372565615,0.1268005289712326,7407
1.9812134227278653,0.10763155214660436,7408
1.884862573667732,0.10789238337864118,7409
1.7642389976604715,0.12099499145312173,7410
1.648621670566165,0.11764533978141647,7411
1.7880310786539266,0.10652603932644959,7412
1.561840498491954,0.10469510809203639,7413
1.6128635869139374,0.11515624879751503,7414
1.599921250083679,0.12667793963535048,7415
1.1972562575156176,0.1925970750277228,7416
1.8207413675060993,0.12166161231350564,7417
1.6739573308345899,0.11605858435169845,7418
1.776250659647909,0.10626801109345718,7419
1.8220015159569247,0.12146149791125835,7420
1.6365720213818067,0.12368886433454575,7421
1.7958298343451433,0.10659840617281856,7422
1.63808305312205,0.10528764811554904,7423
1.7137345153060624,0.1168419085180071,7424
1.5400059761779377,0.13000578439437527,7425
1.81443698409645,0.10829534365705436,7426
1.9627874353318635,0.10528442564763764,7427
1.9634212363047499,0.11115746874636105,7428
1.7111635906940637,0.10628484123892665,7429
1.7666280854479022,0.1151983951257695,7430
1.9646953356285877,0.10790294904385676,7431
1.7225168076650288,0.11971994877518453,7432
1.6813771716541834,0.11080099936018849,7433
1.5857599186332845,0.10978089430654049,7434
1.7788433732174478,0.1020118545239039,7435
1.4330446212169092,0.15710977115993158,7436
1.921483190624992,0.10126621807124205,7437
1.4542242840021562,0.13283400496932482,7438
1.9764141105831479,0.10423069176686277,7439
1.57082791751817,0.12370689538470803,7440
1.9033488663751357,0.12054543988086547,7441
1.7404198398296145,0.1038636973707819,7442
1.7133073024595864,0.1084980257497218,7443
1.7262129131531334,0.1041686940946627,7444
1.780045153514022,0.10562177800998335,7445
1.9652145108171155,0.10340870133381094,7446
1.5708875245072003,0.11486904509065356,7447
1.728956298760659,0.10858344063953222,7448
1.727310963470923,0.11016346896926946,7449
1.6076807827214952,0.11350524734280994,7450
1.9555750733181418,0.10275253053200237,7451
1.4300983451565406,0.13273387823544894,7452
1.4650913919087825,0.1543255909642691,7453
1.4773394929193544,0.11990375653812199,7454
1.8334512776281788,0.10394778517576542,7455
1.9327356151302564,0.11381209771033293,7456
1.498713315340555,0.1327000284210237,7457
1.7317948361785498,0.11980322742623159,7458
1.4086821794860902,0.15918551202749556,7459
1.6605876024544894,0.11973064935519052,7460
1.9273884474787741,0.11198252155397559,7461
1.6084810849725597,0.11653168745433755,7462
1.8203758854402203,0.1180872307458795,7463
1.7421640996599,0.11231557343305268,7464
1.9712408477252636,0.10240496281684858,7465
1.953121781366839,0.10755038186499409,7466
1.8173782278811665,0.10320736744261164,7467
1.5973693747736495,0.12911271542796118,7468
1.8821193078204685,0.1043898870388886,7469
1.6468097478367092,0.11527799652228102,7470
1.7443885714004617,0.10358006840669329,7471
1.702384636487872,0.11542414272662278,7472
1.778061619122404,0.10342291821674678,7473
1.852681653336954,0.1018867625200514,7474
1.8216356028655585,0.11544354337351223,7475
1.8323826243113364,0.12235942124149116,7476
1.4251800500985332,0.1319296676727058,7477
1.733512045751211,0.11208168667201715,7478
1.5921286622910373,0.12376265551630118,7479
1.6106905063087835,0.10263623760180626,7480
1.6258938255888076,0.10944833844117063,7481
1.9298363742606326,0.10832117223481112,7482
1.6214196605991869,0.11202745384984727,7483
1.791164712302017,0.11147685370751571,7484
1.4743363735710613,0.12994110163856767,7485
1.9504957197885289,0.1056847348964432,7486
1.742838531699987,0.12395266928270755,7487
1.8933345754420143,0.10021991184565737,7488
1.541656330526451,0.12111982904687105,7489
1.8504227800295399,0.12743670662810705,7490
1.6373968669528876,0.11816133249244296,7491
1.5444668099118561,0.11358700879869266,7492
1.690836461755436,0.11991050632105574,7493
1.6519301650009173,0.1098590190845116,7494
1.7012303120821897,0.11353719403805893,7495
1.6008090490617648,0.1452145128237613,7496
1.6852798551654609,0.12440704983954334,7497
1.651613931237089,0.11741874630500859,7498
1.6783850794433055,0.1170652544470063,7499
1.9476438126581457,0.10151371446953866,7500
1.2522343958845745,0.14764647882938267,7501
2.005367024630717,0.10661080493855243,7502
1.9050294111004085,0.10430858165772722,7503
1.7056309516201038,0.11705104765812228,7504
1.9061965792771833,0.10833606330735145,7505
1.362722572912867,0.166599689972391,7506
1.8487648816759898,0.10613497251780896,7507
1.6903427760042247,0.12211242097228785,7508
1.6974564046931597,0.11042542635152675,7509
1.4758639906748932,0.14912682365198826,7510
1.5037170821494694,0.11905914524958355,7511
1.7517128875745285,0.10345952340085791,7512
1.7454279930651588,0.11629901835445823,7513
1.7416466558046353,0.11106274240157347,7514
1.4368947961886385,0.1345258841616723,7515
1.8601933226451357,0.11329287003649777,7516
1.678341545117618,0.10887050486995958,7517
1.901247109530251,0.11109212434511229,7518
1.6045870119425123,0.14244418223596705,7519
1.2643583046858975,0.17528363366006505,7520
1.687581147522525,0.11206449675904086,7521
1.242858400307076,0.1906941224807647,7522
1.649638289802102,0.13259778155913604,7523
1.730634874129735,0.10494032750451898,7524
1.5176479695582605,0.11802139258002034,7525
1.6289767626522418,0.12973348240398674,7526
1.8158675863224012,0.10862060414750867,7527
1.8586027138091152,0.10259170400243432,7528
1.329818755369382,0.18094607722655034,7529
1.7259008262856177,0.12394150191104358,7530
1.759392444806427,0.11046527795396961,7531
1.6362984270875751,0.1276519114134923,7532
1.7986892659710259,0.10273988160383289,7533
1.8521386016716144,0.12151016779897292,7534
1.8038622184217359,0.1020116523126909,7535
1.8646801800266608,0.10735229758417139,7536
1.7514974218504427,0.10872257957871435,7537
1.4817343033747117,0.12377911813004686,7538
1.8384412052367523,0.10968784052766498,7539
1.7379433940974194,0.11239086541260829,7540
2.058890241217488,0.10496403585203384,7541
1.829237572993504,0.10756343684526129,7542
1.8781834303531297,0.11859338178748258,7543
1.4909745356064075,0.12169170212890067,7544
1.6295489986299991,0.1344754167885306,7545
1.6727944949064892,0.11655840499647421,7546
1.8858797872913406,0.10650910094468269,7547
1.8984375140600893,0.10844581154284752,7548
1.9435798932786088,0.11001563268119169,7549
1.589022720534667,0.13452274228750857,7550
1.814277724909093,0.11338019818144172,7551
1.842660011469189,0.12487470573092666,7552
1.6229377729284897,0.1081333386991716,7553
1.4023946796978881,0.16012310803676671,7554
1.6739187050408113,0.11624049783853445,7555
1.8649176532530511,0.10292498276208704,7556
1.424928488831926,0.1350027031095978,7557
1.3297771292133307,0.17832994308518837,7558
1.4701426251192198,0.14667236525862118,7559
1.439204343381098,0.13045631786700415,7560
1.9304120283051827,0.10694000405045458,7561
1.737053505677817,0.1236113014601746,7562
1.4565720030292097,0.1422038306647785,7563
1.7098102645381712,0.10678012299946443,7564
1.7943331698904819,0.10701271835670231,7565
1.7567060483468202,0.10846267155754703,7566
1.7809505967619057,0.10053302077610574,7567
1.700900933099971,0.12213116471782802,7568
1.7442156831430726,0.10720405882357886,7569
1.801574415167134,0.11548175453128838,7570
1.6415639836881877,0.11975445877877137,7571
1.8369556866098058,0.10544625532444492,7572
2.0659441141515034,0.10402408353870583,7573
1.7598097323790207,0.1021462067106044,7574
1.6138175117031892,0.10933739426948852,7575
1.8931864111648735,0.11974060652618383,7576
1.6578070589872183,0.11404851482706924,7577
2.0445897238375976,0.10595300880305045,7578
1.8735704236217192,0.11028056421218009,7579
1.7989837608400978,0.10214414147630405,7580
1.8303203540770834,0.10335827199010585,7581
1.5613254703863773,0.12505173050599303,7582
1.421803243905688,0.15701666326086045,7583
1.7617102890669116,0.10285714162148354,7584
1.8276232325441684,0.11963938950066495,7585
1.5029794858456442,0.14458788620755567,7586
1.722877334705625,0.10770628596753601,7587
1.4974034118680486,0.15239642135834128,7588
1.616756354369943,0.14132935694093013,7589
1.3116843612809377,0.16896897646768608,7590
1.8875846107787233,0.10003353240639815,7591
1.6565266683796989,0.11330928499598006,7592
1.2848725089879804,0.1351590555997727,7593
1.9424514886720676,0.10989555234080567,7594
1.8677465336432817,0.1103679170903512,7595
1.2253267232639093,0.17248626873026157,7596
1.6548379824302217,0.12358971572860153,7597
1.7710686185900673,0.11419223074131452,7598
1.5434503445517334,0.10274615064888515,7599
1.8810308150620914,0.10067510477476152,7600
1.6363779712929238,0.11295740330859802,7601
1.5990904169904847,0.11224141758853638,7602
1.4843593661892487,0.14463539211115234,7603
1.3441103039366953,0.13607410701380457,7604
1.6880609657868308,0.12160417036142407,7605
1.7772413953193757,0.10091155268146904,7606
1.7840014753424642,0.11294103815933246,7607
1.620245715338351,0.11790927655597414,7608
1.6037113341044065,0.13543828925415394,7609
1.6465202978795703,0.120984289220799,7610
1.8184598170617268,0.11177496852066268,7611
2.027437601855556,0.10007388633657814,7612
1.5528396228810348,0.1297143402639235,7613
1.2552822976352918,0.18654786054535463,7614
1.4038817132575176,0.15459650378775308,7615
1.665337769816908,0.11802491161726848,7616
1.7110528833145442,0.12323865125573631,7617
1.380799960387372,0.12994942440569324,7618
1.5747877698535941,0.13676414450016913,7619
1.7898375319626048,0.11452440646536843,7620
1.5161452609378787,0.1461009724639906,7621
1.599105181573129,0.14153641596695704,7622
1.4278831670715417,0.12679264829406253,7623
1.6188335634795972,0.1057673024949986,7624
1.8467761641875835,0.1150501939170752,7625
1.8123260614735615,0.10234454776176455,7626
1.7060958187833801,0.10992804388473713,7627
1.62853888225668,0.12424702079411074,7628
1.6854045698280653,0.13452988474008798,7629
2.020839786454914,0.10060354050058895,7630
1.752954787357971,0.11443008844956153,7631
1.6132547154004175,0.15286325935532602,7632
1.757819063486651,0.11720756307359902,7633
1.4412764451093805,0.12803179340323534,7634
1.6499558370518614,0.11154433025100134,7635
1.6237794821031943,0.12809566877095196,7636
1.8192828744828686,0.10483249685676738,7637
1.699903904568757,0.10811418390326243,7638
1.396892216271913,0.13371698853260372,7639
1.37873996027472,0.16568252199035038,7640
1.9255014536927657,0.10716924168676455,7641
1.5926399893696235,0.1402771993186974,7642
1.7668740134747916,0.11116218257065816,7643
1.8488522570807306,0.10180274674694324,7644
1.7895180769036985,0.10888802854486322,7645
1.716195894017576,0.11421212817455395,7646
1.7239825483036009,0.1101893378591259,7647
1.879740254435132,0.10913043413862929,7648
1.890289062169729,0.10442554454732475,7649
1.9464593027503088,0.10692171416512253,7650
1.9262469875517236,0.10682929372751103,7651
1.5073064351986036,0.11870238402160065,7652
1.7997105225134897,0.1063101509488547,7653
1.334407535799171,0.1670741802150915,7654
1.5328527668922192,0.14744231570737482,7655
1.8812037462084124,0.10786306596272138,7656
1.8323588714822105,0.11121657878169643,7657
1.9118684914431632,0.10572227976464875,7658
1.7322564638617035,0.11526795321534798,7659
1.7461820127671555,0.11101348849828915,7660
1.657182872036656,0.12961486782229648,7661
1.8837604380831443,0.10326042521632099,7662
1.9500916367427605,0.11056342814915858,7663
1.5287513999965152,0.12471694243675824,7664
1.718817689954588,0.1316135557506286,7665
1.4245367966357987,0.1528922240708427,7666
1.5059996999229335,0.15330002082516303,7667
2.0536954386599913,0.10017668122007206,7668
1.9023354089417315,0.11568715938246413,7669
1.3938508454770615,0.1403892815869834,7670
1.8533449230870946,0.10091429071314341,7671
1.7662860833645222,0.1111826480991414,7672
1.563548491181347,0.12612281228287345,7673
1.60205338883334,0.11358434454483123,7674
1.6515385927745696,0.12487364392422225,7675
1.5836391160171492,0.12964777352663698,7676
1.9653682569573556,0.10626440897761538,7677
1.9234723368447608,0.10416112550556425,7678
1.7016337855884325,0.11490160246506938,7679
1.7711202150028442,0.1169268676342809,7680
1.636120520053438,0.10694025048151794,7681
1.6247612796598476,0.12052153558450086,7682
1.79178371756421,0.10335087739798318,7683
1.7788264622592849,0.1105982593475081,7684
1.9283164299574884,0.10335140295744376,7685
1.4206633696518547,0.1536995127626771,7686
1.7655706441544634,0.11746965938881217,7687
1.9966348870406152,0.10270432170547156,7688
1.9308199418026952,0.11167492297068131,7689
1.3890976935405144,0.11885219933233661,7690
1.4603932089371199,0.12907832110143908,7691
1.585095205564857,0.1315339338685765,7692
1.1830586129817684,0.17986998442724145,7693
1.6008829187134823,0.10778012001064458,7694
1.9439678338994348,0.11676242770369454,7695
1.7493524671975844,0.11367531313537459,7696
1.6368599287142325,0.11255805161396551,7697
1.729722123493895,0.10346891195320226,7698
1.7242622810702706,0.11844612708310097,7699
1.746169545743861,0.10764868641220546,7700
1.534753106163078,0.12321704667427578,7701
1.8638805030403716,0.11310315420468825,7702
1.5581435194172775,0.12454779601052228,7703
1.8720232268833839,0.10547384744071225,7704
1.9141068735172657,0.10083474558219484,7705
1.3540442475692258,0.1626589206533438,7706
1.8102846051977346,0.1078689101370459,7707
1.8453764640996226,0.11307742230341601,7708
1.8082464428150886,0.11490186882231608,7709
1.3202473858262738,0.17155214706759866,7710
1.7897869115983034,0.10431160379335105,7711
1.6156972562385201,0.1298664334414355,7712
1.5743342147879904,0.11548446758166336,7713
1.5548515107863532,0.12423221383378516,7714
1.6508450749303452,0.12149521644457469,7715
1.78671550414608,0.11237602330344477,7716
1.6427033811312273,0.12996588538678475,7717
1.8003978384850916,0.10902115074921828,7718
1.528634891117723,0.14230012941792783,7719
1.6923081243123832,0.11620277591714717,7720
1.7569747889484852,0.10914560067685364,7721
1.6069883929086344,0.12273721756794921,7722
1.9598171923283287,0.11098964716662109,7723
1.768136559135723,0.10439347141667396,7724
1.4423810493237301,0.14715381908805084,7725
1.6105497663506632,0.12391034355083723,7726
1.5861020351825577,0.13244548044508364,7727
1.887309505131856,0.10015254561330864,7728
1.5894210994491234,0.1406799671157473,7729
1.6189895877262221,0.13892289972561814,7730
1.9042981434268644,0.10967931327083655,7731
1.4310288808689495,0.13473786246849048,7732
1.5626255019431439,0.14808650837516202,7733
1.666176913249973,0.1193085128601036,7734
1.670925103279816,0.10842352952371212,7735
1.491841448086811,0.14387608207029015,7736
1.5720090919291572,0.1354163126149542,7737
2.0124674451261058,0.1033884950876101,7738
1.8539601976227067,0.10311344436824228,7739
1.7422761291361364,0.11876013260456782,7740
1.9337947922254854,0.11245114945012157,7741
1.8345452742065538,0.10656997415631164,7742
1.8125112427682772,0.12082503443812237,7743
1.8107232366186783,0.10697219393326284,7744
2.0238482356484084,0.10081913125624294,7745
1.8471572929864957,0.1066181034611394,7746
2.0140253578107643,0.10257045777447943,7747
1.9453017490267148,0.10500952089996127,7748
1.9850860941064428,0.10558107834496891,7749
1.8747424630211393,0.10026875620230175,7750
1.5412972194544323,0.152279335624632,7751
1.8058984717025022,0.10813477498978662,7752
1.7668865867998471,0.11415474806570436,7753
1.4773092537791526,0.1537514948462765,7754
1.5662864083816141,0.12775746938258276,7755
1.6504536417198543,0.11269500872403496,7756
1.7040749164037916,0.12043752340257786,7757
1.61588076387645,0.10939402660760118,7758
1.7987533003504317,0.1159836695079096,7759
1.5184977048576704,0.12352713243604498,7760
1.7767664082184593,0.12221612355761093,7761
1.6523110776459429,0.12808127584352944,7762
1.281313777133151,0.17963200462342735,7763
1.7443615391306928,0.1073753075708693,7764
1.9574570939339795,0.10023144312260664,7765
1.649636106484393,0.10654236239431109,7766
1.6488126900601612,0.1166364780658062,7767
1.658491740485502,0.12100384507712529,7768
1.9985058369017223,0.10091705039077228,7769
1.5170805983764433,0.12152261509910448,7770
1.9540888813617205,0.10837308148367746,7771
1.716564522794792,0.1167426371550871,7772
1.6610214593135832,0.11295473139539346,7773
1.9307416406212996,0.10591265418194037,7774
1.3171997957787591,0.13514739315939905,7775
1.5079890119662946,0.12010191260085973,7776
1.5943366028124186,0.10858113588976413,7777
1.4942465856831484,0.14820086203599217,7778
1.6630960922764826,0.12677726976272163,7779
1.7745240291737725,0.10852161350571102,7780
1.287547352431136,0.17385304476972535,7781
1.504729563137385,0.12997795733153633,7782
1.65375399766888,0.12285728668051128,7783
1.785919435672776,0.11518170173713879,7784
1.7210682267254185,0.11688130653814113,7785
1.723442991448084,0.1138307492136657,7786
1.810381855572276,0.1041737253147395,7787
1.5284436274124067,0.1406634671664507,7788
1.5824292351895992,0.12401270415276253,7789
1.6567223437577305,0.10937418686197853,7790
1.6974810386206798,0.10778237239020942,7791
1.6855267264364586,0.10360886602041994,7792
1.8588065223245445,0.10185823651161831,7793
1.4234920285301687,0.12132769914255985,7794
1.9939561865778468,0.10514370065979424,7795
1.6189378240175982,0.12068085338623398,7796
1.6976777675940276,0.12795273414017846,7797
1.8735310496423971,0.11466075353651736,7798
1.5605958639680357,0.1199286729802837,7799
1.5351136334607096,0.12681176332477603,7800
1.908218986298091,0.1107579141744625,7801
1.877738151507275,0.11282896775198567,7802
1.8550227448969487,0.10740996132995856,7803
1.5405404768057565,0.14405118418932586,7804
1.863372545655063,0.10447066399847679,7805
1.6353879630693293,0.12168528490065034,7806
1.5869523401101429,0.12938787481889352,7807
1.650394965626673,0.11498485913863822,7808
1.6752685252044632,0.11170943831265373,7809
1.7688965286313887,0.11094880800019602,7810
1.3768760181151356,0.14542519873862927,7811
1.6679385465900367,0.11963861614963224,7812
1.6186396045101046,0.1252989333708095,7813
1.3567928264645608,0.13740493205828058,7814
1.9151468783743038,0.11590823652984288,7815
1.513846914040092,0.11789034575786747,7816
1.6210400342714884,0.11528474551084746,7817
1.744520824764429,0.11257782157996785,7818
1.4310528831851475,0.12544191321890932,7819
1.6341903654260728,0.11279066331952114,7820
1.8694162231787208,0.11790056344822279,7821
1.5943963566441435,0.1288420855176603,7822
1.7011585992822744,0.10827205715544248,7823
1.413409001799554,0.15313274739779523,7824
1.792489747453842,0.12842184541571916,7825
1.8733481835676637,0.11318610405878984,7826
1.5044099437389191,0.1399701156612579,7827
1.4921986159415925,0.11934901535130894,7828
1.6121487351040833,0.12064532041166232,7829
1.92203154766252,0.10371813703257193,7830
1.9682472630853862,0.10636767183468764,7831
1.8276696980025393,0.10535719046226079,7832
1.7380709058892398,0.11374963833561982,7833
1.7201974082083007,0.10243558528873911,7834
1.7434638040245525,0.10423204775285679,7835
1.9043682900364858,0.1058486188748826,7836
1.5441327867992842,0.11663989375013843,7837
1.6956151215433846,0.11711164140461286,7838
1.5048173150096105,0.114190091260884,7839
1.6397470741726141,0.12652948097367192,7840
1.5256411199372268,0.134339981071985,7841
1.8341738232275953,0.1111314091902238,7842
1.8308262611090182,0.10154981679318661,7843
1.5357407948937292,0.14532940375977604,7844
1.5266313712935002,0.12311779390035704,7845
1.5686106901883632,0.12262144722731881,7846
1.3502768633264053,0.17469463557110523,7847
1.6572670962321623,0.12727786644675013,7848
1.7318040633537408,0.10346203965781003,7849
1.6794975854495926,0.12752458995556543,7850
1.8620585129644138,0.10139106728788926,7851
1.7299119970601249,0.1179808606175005,7852
1.6977174244403612,0.10946236148838925,7853
1.8215064854400098,0.11244781765501388,7854
1.808296605738382,0.10305498419809922,7855
1.9943867573532785,0.10793720415940525,7856
1.9444522986766917,0.10183087826673799,7857
1.7041066496234474,0.10472355177462836,7858
1.659465957350112,0.11694813800237337,7859
2.0445319937545703,0.11215763034911373,7860
1.6658767329349295,0.10434449042066667,7861
1.3086986876520565,0.16859085738418828,7862
1.654178153894519,0.10549205239884546,7863
1.4113309523413768,0.12664353816113955,7864
1.5503985200808488,0.11263473256480555,7865
1.8044364042248022,0.11715891969366637,7866
1.7699006393613714,0.10538131617003245,7867
1.8196803032009665,0.10950822335746235,7868
1.6195970979842866,0.10994353098489423,7869
1.7101057566291775,0.11994586814671719,7870
1.5493079751852858,0.12429727874494842,7871
1.6884391807321748,0.10077896829652426,7872
1.65055213414056,0.12405324147453774,7873
1.3858708267273956,0.1743292861384815,7874
1.4550895761364921,0.1299279196507382,7875
1.7369114440044684,0.11512100742653983,7876
1.4419697018408482,0.1275594531544645,7877
1.312340082757017,0.13887158376402392,7878
1.9844019067714522,0.11625348977823918,7879
1.8010032840026309,0.1080063074256313,7880
1.3477867731565114,0.17030305616891747,7881
2.074235047528175,0.10085494115879917,7882
1.482899268037221,0.11748536087445542,7883
1.9744185283510176,0.10119136682675466,7884
1.8869483963356624,0.1144259248234478,7885
1.724998211062412,0.12064082792915994,7886
1.5566983119521502,0.12705808753205122,7887
1.8472179250929561,0.10412645949580959,7888
1.8717757073166754,0.10622929292730238,7889
1.7230397568122036,0.1024197356825724,7890
1.8009307374293793,0.10233720811377342,7891
1.419789014234127,0.1313503599017549,7892
1.693422631219347,0.11516485678642115,7893
1.7441283258378912,0.1025997316655312,7894
1.946309346056167,0.10360130539957232,7895
1.6636942028058919,0.13707865704346603,7896
1.5202206862159648,0.1273474509626272,7897
1.3910845860176348,0.12433783420407092,7898
1.7172215018128525,0.10984983747623589,7899
1.7050292988752604,0.12272972028910221,7900
1.564008636699803,0.11890484692734794,7901
1.4992277919547585,0.15477697642439453,7902
1.872803075499325,0.10123602834056354,7903
1.8997122418035406,0.1109015882331191,7904
1.500788915094615,0.14666840721736946,7905
1.9527910233364258,0.11157324696922885,7906
1.893772815504888,0.1022734869007821,7907
1.8205815899848237,0.10822828556273785,7908
1.8820622162027163,0.10200531379099248,7909
1.7955804759948386,0.10728858439072238,7910
1.5885794198833276,0.11740180670274895,7911
1.7542054905316333,0.11543333553768009,7912
1.7281893976731564,0.1132189807450581,7913
1.7453627609009157,0.10114822842065482,7914
1.5400974795806939,0.12025172144020933,7915
1.922354049388193,0.10347409248268964,7916
1.493320469937113,0.14276233808278924,7917
1.8433295890645172,0.1172530068017314,7918
1.733712273128096,0.11756656065881847,7919
1.8168722299237607,0.102776985348033,7920
2.0157797634965218,0.1120494853243342,7921
1.7209985751751407,0.10767665131717659,7922
2.056235424848258,0.1038042057768838,7923
1.5308871137964961,0.12476171047801413,7924
1.8316444574437378,0.10252827931157923,7925
1.6662356732665178,0.11808808696993732,7926
1.6705056735970014,0.11201415113778537,7927
1.731189070534705,0.12265740478101397,7928
1.5420711598770103,0.1297752330404822,7929
1.4054205642498734,0.15111168911180103,7930
1.5946897901254629,0.13595805425562182,7931
1.8552037204983103,0.10126628567918716,7932
1.4680001546783832,0.14798807349144863,7933
1.476945589293191,0.13319407882779566,7934
1.8280405769331942,0.10228345858282105,7935
1.5544895125461176,0.1072971831786379,7936
1.9382223599145907,0.10456832948265239,7937
1.9790280646908793,0.10006356977789412,7938
1.5337066936494514,0.11565533217923545,7939
1.5350832048359608,0.12066189599839582,7940
1.7773320585015093,0.11361511648678936,7941
1.7493267253727485,0.11501477356347165,7942
1.724306502723932,0.11196660387607835,7943
1.9563587728831473,0.10693763886032638,7944
1.9207534604274477,0.10555504925417186,7945
1.6195022513301436,0.116364549644901,7946
1.7002129437461335,0.10508307401518881,7947
1.5909777941268504,0.1366581058739342,7948
1.793744031465767,0.11515299297462385,7949
1.7163717662540303,0.1071215656604633,7950
1.416830027396425,0.12761457394206302,7951
1.5102148407089466,0.1520092605564084,7952
1.8297180961609545,0.10591312452250003,7953
1.6032120050460095,0.12378273861891104,7954
1.8505219071922314,0.1021544635539689,7955
1.4930264929969994,0.14311096451394312,7956
1.8214813945005395,0.11742265738639907,7957
1.688035904273713,0.10743875146226248,7958
1.7305077892061844,0.10148186375308045,7959
1.5633440587602234,0.11078977952378427,7960
1.464559188906835,0.1354809638436876,7961
1.661068643754389,0.11534164150743155,7962
1.6008080705988568,0.11704242351334873,7963
1.856630007005179,0.10713208188811202,7964
1.6854544637398727,0.11272887564065605,7965
1.5448870609725043,0.133653059641753,7966
1.8688323584148743,0.10726003483601973,7967
1.5673330607536273,0.1069803500160988,7968
1.6611345277997307,0.11510918137006276,7969
1.9605000689423515,0.10760484758117987,7970
1.4173808501339804,0.15758503027618193,7971
1.7963666597661125,0.11458607465681289,7972
2.022398442416158,0.10776806347438445,7973
1.7495944033378603,0.10582486327403136,7974
1.6602992435736899,0.11826983675282528,7975
1.9886773335590835,0.10038893603884927,7976
1.5392666505864256,0.1338486632528618,7977
1.612750425986327,0.1166063068549787,7978
1.4360826925669865,0.15993923623149572,7979
1.8424973626642245,0.10448401214548837,7980
1.981313010855627,0.10157755945410653,7981
1.9312708934565121,0.11718947112752072,7982
1.7204402576666196,0.11090104074316168,7983
1.8623719470657916,0.11731745720875669,7984
1.7157468578908612,0.10946292910569771,7985
1.6343703029409875,0.1206472086647698,7986
1.665482820562818,0.10905006131341545,7987
1.7253386473978392,0.12566519367392398,7988
1.4694481163284037,0.1523814819140809,7989
1.7527994554150694,0.1204110496429481,7990
1.3687836205438866,0.16697789122624132,7991
1.616581291738181,0.10988671699222792,7992
1.9137532341934598,0.1097288460005202,7993
1.5697305360700518,0.12041556577871715,7994
1.7857213901032505,0.11867057537276123,7995
1.8711627355459364,0.10946686464848426,7996
1.8266204147308789,0.10027097058665607,7997
1.6894071992625894,0.11032035414558349,7998
1.571965452730157,0.12299978380105529,7999
1.4214824945658777,0.16101915913948858,8000
1.7085533428006043,0.11711763131863552,8001
1.9051407723446019,0.10888084156792656,8002
1.7780054140176278,0.109794236775532,8003
1.6284956833569433,0.12972499923396416,8004
1.4339940888615004,0.15185390441485963,8005
1.771117974739658,0.10783952857288617,8006
1.6877977255761978,0.10758391008333766,8007
1.4919107754380867,0.13054293171572418,8008
1.5960774233223685,0.11353126056071222,8009
1.7227512142115748,0.11094670686045847,8010
1.6516916272532975,0.11782433099050274,8011
1.7341478154604661,0.11063145449613555,8012
1.9686453860172886,0.10184813042812234,8013
1.7140412259179105,0.12082220170231947,8014
1.9565252192261429,0.10206537921156837,8015
1.8286294094638118,0.10765177722269083,8016
1.397405992313182,0.13236933563236455,8017
1.4694765786263049,0.128069316552001,8018
1.3763441222036727,0.1550157711513595,8019
1.5658963210319423,0.13598952002787623,8020
1.29778213451653,0.17543977697524593,8021
1.8680903113404612,0.1014807386339432,8022
1.8081846445298773,0.1079203408516049,8023
1.4894400205925336,0.15576014977271058,8024
1.7308695779119996,0.1131003921088526,8025
1.5662289249088084,0.12526571367666903,8026
1.7202207720725013,0.10971334656074222,8027
1.5577877136174971,0.11546613516645504,8028
1.767569162387239,0.10201618426861353,8029
1.6313912838168405,0.11246800599807662,8030
1.684427853575754,0.11675827467079794,8031
1.6856928030400362,0.1244930626463322,8032
1.729694454165757,0.12476789440288297,8033
1.5097702166712694,0.13570155107279624,8034
1.7690093570687815,0.1137249330209607,8035
1.7619574473087747,0.11391655137572981,8036
1.5645030320976279,0.10567837810746669,8037
1.7416345249546865,0.11929465910877099,8038
1.580888987950785,0.11605449557397786,8039
1.55832074973658,0.14322676451007832,8040
1.5532572640862101,0.1190901211925846,8041
1.6374914838924854,0.12748476207543188,8042
1.7421235540814706,0.10141362573575234,8043
1.5757180015239052,0.1319753658867865,8044
1.5491218582002715,0.13750132874652496,8045
1.5838940277447002,0.1321284431608328,8046
1.5381708623655268,0.11946325964544927,8047
1.888309530722053,0.10520888404468065,8048
1.7675641786328717,0.10321964109893013,8049
1.667770369121773,0.1029243613815021,8050
2.0709391129322774,0.10608376096062522,8051
1.481652325256564,0.15593072762112697,8052
1.641873528262863,0.11032365570203752,8053
1.734754164698038,0.11349158560353421,8054
1.604356498511263,0.10597934104418347,8055
1.896471915853649,0.10339755906896937,8056
1.77638913251427,0.12013217544717887,8057
1.587875691313465,0.1167828935274208,8058
1.6450240993584715,0.11979279673435918,8059
1.9143140278317157,0.11023173998757384,8060
1.7295397214551176,0.11250669529320786,8061
1.7110106793384636,0.10625001443338349,8062
1.8844564476764194,0.10393859681744728,8063
1.5677102898568116,0.11947536289869187,8064
1.606325458753021,0.13024722639159195,8065
1.6160562387002695,0.12527353032621713,8066
1.9179313538063785,0.10213746029774272,8067
1.4018033865646236,0.17874307180740245,8068
1.6030820545269646,0.12963138253080045,8069
1.8881943649030268,0.11416771735053897,8070
1.734269905933651,0.11689556204001625,8071
1.6762915954479434,0.10483866800509005,8072
1.4028686545988887,0.1411935780039476,8073
1.999322530696835,0.10149276691906206,8074
2.0067681879559567,0.10522429917993484,8075
1.6529015897169488,0.12451856293459403,8076
1.7229067380716987,0.11968328629528643,8077
1.8265998329864002,0.11448400354700602,8078
1.6498619491866928,0.10115882873396745,8079
1.7247023419246792,0.11938684887823933,8080
1.757696638623264,0.11070143343795058,8081
1.3259506218870158,0.14730615980509862,8082
1.9785041502298832,0.10250768740262524,8083
1.759794882309387,0.10790232857644436,8084
1.6009575559944698,0.11824827373507477,8085
1.6243012461085746,0.11517757676310278,8086
1.5963091363760917,0.13888909011628442,8087
1.2537589631644224,0.18263925402891765,8088
1.9335537129267624,0.10636303549564266,8089
1.8903512784457892,0.11036262713944761,8090
1.5645148275282847,0.1264802060097155,8091
1.6612978335907287,0.1191120029837135,8092
1.8464604033130585,0.10215037076539903,8093
1.71793176561135,0.11979182416776483,8094
1.7245949368995048,0.10268720781249194,8095
1.6677154620422652,0.10831703180548019,8096
1.8193281152746081,0.12502545966951722,8097
1.8850015262419966,0.10784703993058084,8098
1.6286202990464973,0.13042887951324472,8099
1.7668509511825958,0.11704221253204415,8100
1.8789370849334972,0.1053905518363022,8101
1.1854616654783843,0.18568218045233914,8102
1.5156495714776161,0.12210193561569581,8103
1.9769671730163962,0.10179911854641828,8104
1.7121170233169578,0.12046302785857677,8105
1.6284179487909436,0.11996855341172252,8106
1.6956970006012764,0.1174088684276124,8107
1.8024122069020174,0.1077882794054712,8108
1.8348126632904818,0.11138693676393559,8109
1.7625481112603516,0.11164240101351151,8110
1.9758773911863359,0.10496600105153014,8111
1.8836554484663381,0.10948479839039686,8112
1.8987884355679672,0.11200724064036915,8113
1.933544447772186,0.107233664260058,8114
1.4952995874890236,0.1493340370943861,8115
1.7097670493517165,0.11143282044056735,8116
1.8597836727293262,0.10688577601091517,8117
1.353933382437323,0.14558612313229322,8118
1.7173221415646371,0.11579147096351894,8119
1.7510889072135545,0.12637958271295308,8120
1.8927521140596246,0.10214776490895966,8121
1.7189530232552732,0.1069111614037523,8122
1.663499246650582,0.11312656498945417,8123
1.712222804696991,0.10617402654764484,8124
1.4772224454725607,0.14879889602970364,8125
1.7195631151377575,0.10268995030642457,8126
1.7373844608448321,0.11027734526114921,8127
1.9989534089860876,0.10196550750104869,8128
1.8392286403145737,0.10619146874938301,8129
1.7624075465703066,0.1128870233622242,8130
1.5473972143077959,0.13092036765869655,8131
1.5167336921640213,0.14145922179175308,8132
1.3154345429336565,0.1714598748140866,8133
1.6214164007221588,0.12238212218092147,8134
1.746150325599346,0.11806034303953884,8135
1.8795572770047444,0.10837101597233029,8136
1.8213362444283943,0.1172029599723568,8137
1.9210640383592814,0.10687483793087246,8138
1.8386602998775812,0.11833093953459362,8139
1.774775168915827,0.10930506690582979,8140
1.8874404163554181,0.11031629010226722,8141
1.7052845998886572,0.1161106350023816,8142
1.5355788044259644,0.12535821012304876,8143
1.6987280130798768,0.11249552369472374,8144
1.5704725298308873,0.11224317438718691,8145
1.0604946161343645,0.20377400596708145,8146
1.624813449737477,0.14274737614214747,8147
1.813495611718441,0.10060375533753883,8148
1.672163448419527,0.12613093094247363,8149
1.810361719550519,0.10573101946330303,8150
1.9448626991197888,0.11297318602090763,8151
1.8955693782695808,0.1129274943303361,8152
1.7388562746679934,0.11031322086375835,8153
1.5696608280533633,0.120701704827945,8154
1.6139664875331048,0.12651531583086847,8155
1.4710409814307972,0.12040206790440633,8156
1.4214350397421756,0.12036213142375492,8157
1.7330152343145204,0.1120584505582734,8158
1.535910149429406,0.13302067997437514,8159
1.7544390760322714,0.10528527333771932,8160
1.868348876303685,0.11051474033690147,8161
1.629269688073172,0.1275638079748502,8162
1.861790194103111,0.10066128239855546,8163
1.4693775992585771,0.1303093516995658,8164
1.3614634177327634,0.16758287790907417,8165
1.5592037651906174,0.13482115126536154,8166
1.7219503778440675,0.11080019106441416,8167
1.6829826209909153,0.12007995452875632,8168
1.7079226838862862,0.11461900372756754,8169
1.6927501888136158,0.10756154533725591,8170
1.6902227317550078,0.11494304842818073,8171
1.6990265630113774,0.11028990118271018,8172
1.9531621778538153,0.10030249629452863,8173
1.4393291593824196,0.12595867527211035,8174
1.772013780073843,0.11135032166326032,8175
1.6813071753231674,0.1244087114609263,8176
1.7629985310875986,0.10430303421429117,8177
1.8478412090908292,0.10063624962052516,8178
2.0018763759890086,0.10550554830986518,8179
1.566600646741507,0.15460942008373416,8180
1.3531087309714382,0.15577970041116307,8181
1.8511145591425955,0.10134570713604779,8182
1.790596969888386,0.10730859964651887,8183
1.7981602989657115,0.10628394891159022,8184
1.6384956046073444,0.10989284473258956,8185
1.6667551451870497,0.11599362700237531,8186
1.491577902389252,0.1260585150202637,8187
1.9631709066653038,0.11880122419619978,8188
1.5942464098475646,0.12533948828129124,8189
1.8223540508765295,0.11070066462155918,8190
1.5846588000514914,0.11331176051467899,8191
1.591568003626252,0.11534837152296978,8192
1.7419941714756013,0.10255014982163668,8193
1.5073284775328109,0.14733063514294592,8194
1.8314630549671194,0.1135786099428713,8195
1.894454576872144,0.10440635251889747,8196
1.6292184060905752,0.11077053446043425,8197
1.8636957068282782,0.10966926100908819,8198
1.8531225963329407,0.10191263584497727,8199
1.7919023562998515,0.12586546621347183,8200
1.462864208080144,0.1547274764401686,8201
1.4973841149649978,0.12968474047857542,8202
1.8138959289739418,0.10289313194614708,8203
1.7923034431954652,0.11627791263714835,8204
1.6304972663301405,0.11414626336122975,8205
1.6315354346235915,0.11135531069199828,8206
1.8480923726401528,0.11977929134419563,8207
1.371884098138886,0.13907999778638447,8208
1.7188903218381864,0.12363959728041363,8209
1.7257310552553138,0.11247333393564853,8210
1.6994024327364232,0.10805799654912089,8211
1.7550483217962773,0.13111015904331805,8212
1.7039096178526472,0.11269502716425772,8213
1.9548409002751315,0.11180886508663805,8214
1.9455165817897448,0.11341400794468888,8215
1.5232679881029987,0.12239577191878662,8216
1.7786975235962295,0.11008283503430767,8217
1.795702327220758,0.11973658202245037,8218
1.8321685172215925,0.1008507879795425,8219
1.5418307397557403,0.12924054312517544,8220
1.6974451971973545,0.11534395569536217,8221
1.8129268915579615,0.1102257000619461,8222
1.7875210005166853,0.11523792695131183,8223
1.9239823794981639,0.10520413193400484,8224
1.7501190220354532,0.10810980441280314,8225
1.7688312211814607,0.11566598651718299,8226
1.6663535809561205,0.11998346526457526,8227
1.6880061095092476,0.11568420962104546,8228
1.690022800120285,0.11956000363095606,8229
1.6895341454417874,0.11202685686310358,8230
1.870250801471672,0.10262336698012364,8231
1.8825473425332544,0.11280345280601549,8232
1.8609914736504571,0.11274099978263663,8233
1.7997790866128258,0.11499716532555793,8234
1.5515474619527427,0.12018356905458744,8235
1.6391534664270782,0.1275873787598198,8236
1.8392548924475207,0.10588679424322293,8237
1.6735424894588145,0.11026006010928398,8238
1.7566543322939476,0.1029391087457648,8239
1.8458088346621973,0.11327322548515396,8240
1.5183425975167426,0.14194726393961116,8241
1.5106965646577462,0.1244093200272769,8242
1.6617090931659568,0.11292037775829361,8243
1.7975526049872024,0.10570142473265914,8244
1.4817470210967907,0.12284644955547681,8245
1.6828646262835196,0.12087291643630593,8246
1.3926685350671066,0.15957441634617867,8247
1.66708855699289,0.1083451756942638,8248
1.4859253833155492,0.13330041509178958,8249
1.7725772770777195,0.11215110316082504,8250
1.6514906949631312,0.12078490040977988,8251
1.7007407653163267,0.10287157369366655,8252
1.7362879311225712,0.11833186397232867,8253
1.5336017730600848,0.1257533895932394,8254
1.6335258084516835,0.11013710165919126,8255
1.7451229084293944,0.10635424477950137,8256
1.6159198006774862,0.12204057757227735,8257
1.670364514779863,0.11312623254208098,8258
1.7216727643089285,0.10765063385724186,8259
1.456257791215718,0.1509953921896939,8260
1.9037868155784332,0.1097999528531175,8261
1.656171402570727,0.10938267297627662,8262
1.8980665500455505,0.1085833943393578,8263
1.7335351899407858,0.11185238021905347,8264
1.707822484063565,0.11889423039085231,8265
1.900760494234421,0.11288737428372758,8266
1.8759721006009111,0.11595657555854627,8267
1.7317189702554578,0.11140375626257208,8268
1.7774221720461791,0.1125102283590634,8269
1.5224288007732922,0.1255566237554163,8270
1.690512542661843,0.11579795029271546,8271
1.7875429741868736,0.10213845705898725,8272
1.4204996140923705,0.15219454514573091,8273
1.7725021494456863,0.10738255065933863,8274
1.8203263889962975,0.11887641322445544,8275
1.8011885491609354,0.1173256937571965,8276
1.7004150064460524,0.12340488206791028,8277
1.879260736046031,0.10164892326429506,8278
1.53027609489345,0.12986244971210137,8279
1.8109468422671458,0.10884540858832942,8280
1.8753864997098904,0.1089043826038655,8281
1.3998024442636692,0.13305424424811707,8282
1.6919436047662992,0.11297088930793649,8283
1.537792865243721,0.13964581188564248,8284
1.2583377787048027,0.17685010197459422,8285
1.6520276045126074,0.1381545717315432,8286
1.8148713047854688,0.1034025979592409,8287
1.7598529949054424,0.10194819662100542,8288
1.7152986960567767,0.1102598145765973,8289
1.4835282740549218,0.16001395104511418,8290
1.5182530118106636,0.12426763295792302,8291
1.7135447984292242,0.11050430625674115,8292
1.708799547320267,0.11421930792187691,8293
1.875818072369279,0.11173906340481211,8294
1.6233192225482094,0.138255544572718,8295
1.7650006450207638,0.10257175860632496,8296
1.6859960071154236,0.11640937803302953,8297
1.7642640306132846,0.11072030650431666,8298
1.36460070085699,0.1342473634840808,8299
1.6362435956030115,0.10525597156533006,8300
1.674990599791577,0.10856807205789676,8301
1.8832100893444221,0.10928721439429907,8302
1.685903122151275,0.11966729512831577,8303
1.487648596084097,0.12679038045824104,8304
1.4689992512781325,0.1532200837918551,8305
1.8833947717384403,0.10630428254459995,8306
1.6382652832368443,0.12226188885426226,8307
1.7851892291348426,0.10059966508291171,8308
1.9022660935142397,0.10204788320393776,8309
1.661717824635968,0.13490609590675748,8310
1.964504867879558,0.10257136293726646,8311
2.029061299190238,0.10227021949090437,8312
1.6021974836956234,0.12657244637131054,8313
1.5817294196183522,0.14362811521739324,8314
1.990569999635337,0.10798539414748173,8315
1.7176451290797565,0.11813335033989251,8316
1.6833885472022498,0.11863353522364645,8317
1.9192899059794217,0.1009902030747438,8318
1.6870095334348851,0.10846979543594198,8319
1.4709924372707732,0.14550105102896974,8320
1.681824687608486,0.1258831147095956,8321
1.4186836973598305,0.12566298793448893,8322
1.5994855158023444,0.11495416833339597,8323
1.3371103351951075,0.1595624377044063,8324
1.8835218832646732,0.10867029094390206,8325
1.657565499089151,0.12016408695766906,8326
1.553285150737857,0.134032053188358,8327
1.411431771003901,0.1640568353598532,8328
1.7819648166739588,0.1119322913599454,8329
1.2975592191362915,0.14233121050232822,8330
1.6987332158412787,0.12400811125096002,8331
1.7344191050723872,0.12389473667927803,8332
1.7981523060783724,0.10395793181475861,8333
1.8154820393237903,0.11781846514996577,8334
1.6172809435178455,0.1306397975066112,8335
1.8398866165739958,0.11165451670419645,8336
1.7492593624789414,0.10606923885455763,8337
1.6673165751464398,0.11229326177537641,8338
1.739813045027701,0.11517198480130278,8339
1.9174395003324733,0.10431408351752287,8340
1.8581942464243246,0.10967462390092116,8341
1.8599899621838982,0.11333636860175633,8342
1.8438837929427339,0.11443739231396689,8343
1.6585475152070115,0.12693087275729953,8344
1.9655294362170048,0.11202863235982095,8345
1.7039994461499715,0.12087945676104214,8346
1.9522447775528409,0.10285178310292697,8347
1.4080882239875319,0.13493039201575818,8348
1.6655947202849597,0.1042224840360629,8349
1.4677565991339945,0.12908805059572284,8350
1.6322871326616775,0.11418467360247067,8351
1.9859692810949872,0.10126740680477252,8352
1.7196722582294799,0.11759492138075324,8353
1.7645869424708744,0.10430077683598829,8354
1.6827763116914762,0.11117541947197329,8355
1.50350527431751,0.14807230004007618,8356
1.5417506663598584,0.14734413277046135,8357
1.647635002015762,0.10950899661174861,8358
1.370082934041847,0.16055767563923937,8359
1.6300593953635327,0.11919321148941442,8360
1.582298128803758,0.11897671328800605,8361
1.630207512361154,0.1049604513312247,8362
1.8390953192807635,0.10262562824100273,8363
1.8464440396117854,0.1043302091846247,8364
1.6316903568755619,0.12394775692888885,8365
1.7571961299319967,0.12275792732078353,8366
1.8033835657696056,0.11635181562889149,8367
1.830941046664371,0.10185059224569697,8368
1.5267075570099244,0.12552141846295156,8369
1.9867406532421623,0.10992086790273295,8370
1.9853306644819644,0.11362310240993603,8371
1.6093952702317926,0.12624889687993365,8372
1.6995435306935822,0.12962924149725533,8373
1.6075297180230979,0.11878318737513674,8374
1.223784696506155,0.18122039529218342,8375
1.7249717430336946,0.120390154792091,8376
1.682987230603173,0.1109565802989239,8377
1.792852371291844,0.12083012834359455,8378
1.763164183982227,0.1111161981246258,8379
1.8519359565538975,0.10304208678603134,8380
1.5869298573009682,0.11762217167010582,8381
1.9165972204367512,0.11160679786874363,8382
1.614835768180196,0.1203296942395322,8383
2.116459482200088,0.10255399974139152,8384
1.560163822780295,0.12652597133715326,8385
1.8255136296460912,0.10497374607295143,8386
1.6944413416631081,0.1134237849107602,8387
1.988280017474965,0.10680729425962585,8388
1.289104171983937,0.17409483593386513,8389
1.946856183411447,0.10339130468041982,8390
1.7041043524679456,0.1113414347883362,8391
1.8523269982243193,0.10701540399150453,8392
1.809780620123673,0.11173209394826908,8393
1.6373035634289006,0.11168564786417785,8394
1.7284190392765246,0.11986061551114617,8395
2.0780516668063314,0.10152503961045115,8396
1.7996610084375377,0.10976125839262312,8397
1.7379429838756764,0.1155814013432415,8398
1.2050609758915647,0.17699065611658904,8399
1.642959425462516,0.11967945469193454,8400
1.9175424975328366,0.10663602019896469,8401
1.8518176109831312,0.1097381532615827,8402
1.732730500262179,0.10023863810505589,8403
1.9674022425981,0.10466467019789479,8404
1.7431223252515191,0.1250419102139958,8405
1.8938311268436134,0.10349586835693377,8406
1.6901051462126655,0.11451302175991465,8407
1.8402729010238672,0.10311311539271559,8408
1.9682095346358963,0.10301559836239817,8409
1.641507144533581,0.1081659547442501,8410
1.6943956845409975,0.12583673209113497,8411
1.9320005498951356,0.11218928459240296,8412
1.2855764601072077,0.18953391546980955,8413
1.6521529473755525,0.119855483133413,8414
1.6450624929949156,0.12140509677596732,8415
1.7646041079855732,0.11508342143900425,8416
1.775080025442173,0.10394370043658334,8417
1.8121996138113345,0.10330109538943116,8418
1.4152323801805526,0.12791540705482157,8419
1.7144815887513687,0.12651445683043244,8420
1.413277243845435,0.1564902556567772,8421
1.2514525708687805,0.14139091106407833,8422
1.4923938083518835,0.14774070444266654,8423
1.8349578548802459,0.10802213488378302,8424
1.5079289776962126,0.12010691141463503,8425
1.5043800056394558,0.12831675908901266,8426
1.831849201310038,0.11847370865252602,8427
1.620840342724204,0.12912965000672377,8428
1.747435564245258,0.11371932163242904,8429
1.5931406129407328,0.1331264632129298,8430
1.6117495091030414,0.11618209562065854,8431
1.7142109597731872,0.10057244685400274,8432
1.6287594423171778,0.13133619730865562,8433
1.6186861455220092,0.10908716783984171,8434
1.783421640733317,0.10492962320168991,8435
1.8871958564479236,0.10492409918561559,8436
1.9338718702290107,0.10463591752979778,8437
1.9249774782542266,0.1014752038118981,8438
1.6154223660311013,0.11718757987826711,8439
2.019251654242344,0.10809651374907964,8440
1.3076860971871098,0.16708914536703234,8441
1.9676282226820156,0.10532454250482212,8442
1.7969873361353979,0.11182405359312261,8443
1.2800957597902543,0.17688653219690836,8444
1.6584462331160474,0.12175947092699639,8445
1.7590148877532286,0.10978913633762534,8446
1.8237581295770402,0.11807984564345336,8447
1.6814402333863212,0.12064575554726872,8448
1.5370773638726205,0.12284920311972448,8449
1.9130654161950145,0.11318660425672637,8450
1.9394890854131246,0.10960680178543034,8451
1.7566979341393782,0.11319149676052336,8452
1.8461600299936693,0.10300898991706188,8453
1.6781384254897935,0.12495750416084701,8454
1.8407798486607831,0.11423859963523117,8455
1.8025032097167941,0.10746039117745362,8456
1.7221977234895056,0.11563781572871576,8457
1.926223934123745,0.10664015549599126,8458
1.6852046458797119,0.10421757314386691,8459
1.6017945200762855,0.12129015118555889,8460
1.7339638180882404,0.1110474442760275,8461
1.950397043163896,0.10912568521445073,8462
1.8532925728611789,0.10133825123467806,8463
1.7726386592144743,0.10427362693202986,8464
2.0054185604993626,0.10188877528864976,8465
1.8473329424221625,0.10584714367407357,8466
1.7344563761635063,0.12325741315070637,8467
1.6904901404195556,0.12040645834921913,8468
1.8611779028027973,0.12053421536720232,8469
1.808740102884165,0.10605884210922413,8470
1.612419297795974,0.12490710341208389,8471
1.7366048022424678,0.10282389181565113,8472
1.8260748355489154,0.10091337004393831,8473
1.9249556480784362,0.10608161427777048,8474
1.823321403109374,0.11934412975680633,8475
1.6143888779719997,0.10674760193547575,8476
1.702874930262849,0.11518707679933333,8477
1.7844619708806457,0.10477264347058655,8478
1.481242805738927,0.10592888066983171,8479
1.537601295281045,0.13075358660493128,8480
1.7193707430415262,0.10560359157851941,8481
1.4399473335742696,0.13281579454235418,8482
1.2597444534706068,0.1450169492046885,8483
1.44835981312626,0.13903348003566124,8484
2.1070525316138604,0.10604285889949662,8485
1.9057066201369781,0.1097829536653541,8486
1.7991350865801723,0.11163922923879695,8487
2.098742994123641,0.1018061433690599,8488
1.5525898935946758,0.11125896029006978,8489
1.7046738176055791,0.10859307694575218,8490
1.5335686687181618,0.15055522784872724,8491
1.8266432734326503,0.11740883302363622,8492
1.8195057997719315,0.10355302776830266,8493
1.818890721120476,0.10281438535847272,8494
1.4608888986158155,0.157413601389439,8495
1.7629966029119755,0.11688440437229299,8496
1.50744194182967,0.11493906324139486,8497
1.6240238397388342,0.1043364015191667,8498
1.3202569297556084,0.17841367499537972,8499
1.5613882796345748,0.11322440665895148,8500
1.8303303781148847,0.10630744782021662,8501
1.7835534466683363,0.12023446907228487,8502
1.8975931314993975,0.10290030452129371,8503
1.7396208166116471,0.12325428685564026,8504
1.5806169813716537,0.12163639797890613,8505
1.718505111387887,0.1244722951277271,8506
1.7387339398206532,0.11145079432592372,8507
1.524554178392822,0.14021461483292147,8508
1.5500247721299885,0.14570677821215167,8509
1.6446400506354015,0.11729396227816731,8510
1.7174461573412554,0.10162210378205296,8511
1.70900087896838,0.10792145240359281,8512
1.796224460684695,0.1136887766720894,8513
1.520204315535932,0.12867121954792246,8514
1.8328149177990125,0.10750429596199655,8515
1.4198514163236646,0.15237600373747,8516
1.7899308781370393,0.1066309225966403,8517
1.7875609112723219,0.1129474148645973,8518
1.6843780951638454,0.11968481470216273,8519
1.8755898371816233,0.1076394606770029,8520
1.6813839547541296,0.11441891966957854,8521
1.388185830056589,0.15848113997724989,8522
1.7060136618674662,0.1153021930785654,8523
1.812347552091046,0.10076952390362799,8524
2.0019447069587035,0.10400100649594811,8525
1.8721906602334966,0.10026441940321876,8526
1.5878041307412378,0.12403219974449656,8527
1.801830903466898,0.10835281113100324,8528
1.7508320889503957,0.12045386363577337,8529
1.7434773032570512,0.11254122028838483,8530
1.5826008046629172,0.12752189200165887,8531
1.7605306244296515,0.10361583002454994,8532
1.3515435213358253,0.14494310346165518,8533
1.7569871691447685,0.10471953316622254,8534
1.6236858936959655,0.11903279671801179,8535
1.6876619738296637,0.11334090004168665,8536
1.4054822379011238,0.1445156169269428,8537
1.6020495055483428,0.11818796796766508,8538
1.4931658769866587,0.15448687800118438,8539
1.4322372221795463,0.13892053916675404,8540
1.803161075608519,0.10602157592987027,8541
1.4053328380551762,0.13740604840145948,8542
1.7854785938187756,0.1010113315704468,8543
1.6051390837488513,0.1327222312371951,8544
1.512641849512662,0.14024060682742126,8545
1.7690275744650759,0.10813848680265893,8546
1.7807813073287035,0.10208767138804498,8547
1.9308225526895044,0.11019320585176232,8548
1.8252199244647773,0.11349275671630984,8549
1.9126001702218332,0.10944867626674187,8550
1.7491338618630998,0.1051900986668438,8551
1.5211477337850408,0.148773876082093,8552
1.4964194512528828,0.13666813448056908,8553
1.7521975369959017,0.1039253679581247,8554
1.8927750097277847,0.10088906681389381,8555
1.5440743560011703,0.13934869240021586,8556
1.7008604495005308,0.10979246401327751,8557
1.755707087903146,0.11744284673891678,8558
1.8674298586401048,0.11813652679932693,8559
1.5377018235784872,0.12114297403011681,8560
1.530129765448243,0.11786876612374009,8561
1.466516149096452,0.14775402112964364,8562
1.4784982405012612,0.15752712989535286,8563
1.8659783306266178,0.1105457810868789,8564
1.9791780950657065,0.10090955561538277,8565
1.6351923234498162,0.13973648130576577,8566
1.7069977808325532,0.11616589866423277,8567
1.8180856809798402,0.11233871613429411,8568
1.5491692722312531,0.11087353965145379,8569
1.8544519473055014,0.10523539161128014,8570
2.0436998213300055,0.10181339345991858,8571
1.3018089436828197,0.15680711490679847,8572
1.710794827605024,0.12377536004208875,8573
1.8454003952867568,0.11007377110519692,8574
1.3657557309746033,0.17179804676299604,8575
1.958225081145332,0.10443813079940768,8576
1.2457824453794295,0.1761123797235533,8577
1.3308773071870492,0.16048958151089,8578
1.6854382031791566,0.11822955770009752,8579
1.7869343713216566,0.10274171470171652,8580
1.6526370197815383,0.12267641520475805,8581
1.6830288991154114,0.1058913673413556,8582
1.9954581446476745,0.1027552153977298,8583
1.6325000637692995,0.12346200955419737,8584
2.0260384426935754,0.1000063316632106,8585
1.529273049662884,0.1465703026140327,8586
1.7103591920052317,0.10789763576859844,8587
1.9454700930586144,0.10169225209621839,8588
1.6907701216011377,0.11364334590511402,8589
1.5302467511505968,0.13219929011349166,8590
1.497417391972452,0.12821294197179758,8591
1.790736594107259,0.10592176730803089,8592
1.7781981926828738,0.10321433951012195,8593
1.8186851860694733,0.11017823514539267,8594
1.9117982571268954,0.10638771745875425,8595
1.818352817995612,0.11039200254529749,8596
1.4972593011505617,0.1260110730398975,8597
1.7433374696265422,0.10133963512310719,8598
1.85087009093968,0.10186899877881282,8599
1.5977500440768222,0.11588570514776737,8600
1.8993757724542921,0.10787577487002868,8601
1.648506649169216,0.14155942647278152,8602
1.7164265972298325,0.10791947465311201,8603
1.8262412714877472,0.10314146112546427,8604
1.9175548084383747,0.11143196743156188,8605
1.851369089285623,0.11069585955123058,8606
1.7777464960332716,0.10787255736161817,8607
1.7021310278640205,0.10003593368067423,8608
1.6915050876689524,0.13563916582019764,8609
1.5739283976968712,0.1400648084898661,8610
1.949097153854448,0.103964821799426,8611
1.4970223787012968,0.12469494191623737,8612
1.4889074847418695,0.15564024632818402,8613
1.518562331378427,0.12090121147329788,8614
1.6778751561028413,0.10869591960967903,8615
1.7005905517604167,0.11615357750146452,8616
1.7566633702409513,0.10824535975793288,8617
1.8962036332553236,0.10878066289868255,8618
1.447224558600097,0.12922030296580514,8619
1.919479470953681,0.10275221760253911,8620
1.87174435535219,0.10726960472238,8621
1.4985970878700483,0.12184673844879483,8622
1.6978544173206453,0.10250121955917374,8623
1.765941304909911,0.13157012135509702,8624
1.4438165888623387,0.14136571751983307,8625
2.0135359696098294,0.1076830317000048,8626
1.472204795313768,0.14664580068361752,8627
1.6332644306825161,0.11564671298661088,8628
1.9219123755547327,0.10714968011281972,8629
1.3264757877033273,0.1814486866373422,8630
1.923018031957031,0.11177665977828716,8631
1.4682144824982508,0.15294353844694664,8632
1.6405583563008588,0.10891691027550378,8633
1.5552944347298765,0.12324357607644897,8634
1.4289878610557079,0.1651653209132892,8635
1.6556531218629564,0.1263589888418054,8636
1.801813401822486,0.10180367186112099,8637
1.4599936012430124,0.15055000442110136,8638
1.541917870521968,0.12150009043091761,8639
1.576033591785578,0.1334493254260219,8640
1.7668315939247776,0.10717487992706443,8641
1.5209260132634856,0.12722161997252332,8642
2.044756764851734,0.10026613221160893,8643
1.9346597286934326,0.10313117673131818,8644
1.5724010353994249,0.13423994117028087,8645
1.7161727568621368,0.11112652829854759,8646
1.605478839659061,0.1272848256636346,8647
1.947701245836835,0.10143065872689581,8648
1.6444047716421677,0.1428509383509315,8649
1.745568126426335,0.11305169041957648,8650
1.87089270153019,0.10779191913895653,8651
1.588275561356468,0.15014903724598672,8652
1.459940951334225,0.12736682355454435,8653
1.442254645511852,0.12228167368608127,8654
2.084050784999595,0.1066693504769945,8655
1.5673795954636816,0.11676605085707338,8656
1.4896097419012375,0.1229078562467529,8657
1.9061625952271837,0.10744318157891018,8658
1.8587027016737256,0.11612611465399153,8659
1.7340065833089924,0.10983643185632909,8660
1.8145160382684957,0.1115950512499532,8661
1.587444461245106,0.13943917251904275,8662
1.7661767606757892,0.10474678978279432,8663
1.6461978516011944,0.1296715900553512,8664
1.5490582070018755,0.13122254956671642,8665
1.7393275917279671,0.1082451360434803,8666
1.463015969169712,0.14477132186446548,8667
1.6488126043012954,0.12755370203541883,8668
1.3636111934912654,0.18260247454211062,8669
1.7984015767232808,0.11191510016843374,8670
1.328842705703539,0.16307478231454195,8671
1.8140295219732212,0.11093492460260757,8672
1.4685321146999628,0.1352703204472176,8673
2.0873134934685402,0.10336515230284508,8674
1.4400234324168402,0.15440456767761712,8675
1.668356383119763,0.11296352449237936,8676
1.8764727472026388,0.10450987956738951,8677
1.6743159956401956,0.106225412310728,8678
1.7429508946296883,0.12129273484351634,8679
1.7728699585559586,0.10016367829518966,8680
1.4189924912532565,0.1654062677447452,8681
1.561613256003783,0.12086508436259595,8682
1.6560355947380365,0.11429793116404917,8683
1.970356256788343,0.10865241304182127,8684
1.9921483300684775,0.10508433628544885,8685
1.8604399846337119,0.10481968691881281,8686
1.877735179024374,0.1201958302333886,8687
1.8708273148414691,0.11319574828254444,8688
1.5837603740507946,0.12460936045407155,8689
1.191209850232354,0.18679471785606894,8690
1.8972169679198168,0.10046444129076178,8691
1.821663185792412,0.11610169379625807,8692
1.3054833684816203,0.13944162165539312,8693
1.6872404235683782,0.11154115270818475,8694
1.9663931173283187,0.10935700079808579,8695
1.493561978615198,0.11922872154875158,8696
1.7469778594080567,0.11399550949751142,8697
1.665495484541376,0.12774329192959996,8698
1.782576000985801,0.10695296943615284,8699
1.7817787631282327,0.10540551774170318,8700
1.852151701454807,0.10481670928043689,8701
1.5230500742647177,0.1112340780915026,8702
1.657068067590401,0.11874470869987307,8703
1.8689012195036157,0.11217467846973961,8704
1.911583273117276,0.10016763532252156,8705
1.801651182735263,0.1051775174470373,8706
1.804922162117786,0.11339428877551076,8707
1.8647938379647735,0.10812044510133477,8708
2.057294409585459,0.10388702636785152,8709
1.7494978519436963,0.126578748785874,8710
1.7819407127907423,0.10637712826546672,8711
1.3643831553552526,0.16705423477347656,8712
1.711826131699663,0.11639517684610123,8713
1.7220361589192197,0.1034697840551388,8714
1.6568243473474873,0.11949432119117578,8715
1.3204954587261881,0.1645287630942448,8716
1.3316898921342677,0.17185401391661054,8717
1.6495136208453163,0.10902900210334011,8718
1.9731493333416776,0.10418854865678735,8719
1.6468495820197546,0.13147053266134234,8720
1.801545612541569,0.12364872397399221,8721
1.8364567705935264,0.11198057942070405,8722
1.7258164049749098,0.11175291482395311,8723
1.6308045482924247,0.1280194676209899,8724
1.5513109069262165,0.1226773371967715,8725
1.3183368944744194,0.12867745016341608,8726
1.7228469011652139,0.11630593077100321,8727
1.5660076874221214,0.13677876676294562,8728
1.8101473330267774,0.11460862494470091,8729
1.6371304676732785,0.12178434748816894,8730
1.5683500297973587,0.12121299757544682,8731
1.6113497550303957,0.11679549077950915,8732
1.7133207177586274,0.11489009819252313,8733
1.591074532222494,0.12908975114597762,8734
1.829572563456979,0.11540252990867764,8735
1.390304230758886,0.15865992243785845,8736
1.699353459251961,0.12626538338937404,8737
1.6070478341084904,0.12210129844795697,8738
1.484895955895831,0.11781056017860425,8739
1.564246316552879,0.129587427357851,8740
1.6821256289602446,0.12239216992393048,8741
1.839197680863539,0.10702238846023121,8742
1.5620739240286023,0.12832385719390688,8743
1.4292248800065142,0.12790412530837614,8744
1.9069388741266846,0.1029008626910975,8745
1.721503206939994,0.10517136715319307,8746
1.771009029868615,0.10841159622307589,8747
1.875886463009364,0.12452067173225842,8748
1.8918072986453007,0.10997092092776417,8749
1.5685381164588483,0.12744576051761802,8750
1.5567228157719142,0.13912286555678036,8751
1.7443628937810454,0.10833491459649489,8752
1.7158252131869167,0.10650903839251263,8753
1.6103819506343195,0.11573190622958052,8754
1.7445886454242843,0.10802907710725664,8755
1.746474493079337,0.12014213602075195,8756
1.7267637179623423,0.11994881078930923,8757
1.6141491434423985,0.11101131176913087,8758
1.432373284579242,0.16408461708097166,8759
1.750553958709562,0.11258540783797433,8760
1.7476578476340976,0.11165612179153496,8761
1.6948542342407567,0.10794556423815606,8762
1.7488954206866318,0.10763643271071219,8763
1.6306028825153511,0.12417414698617232,8764
1.5590954215907151,0.11423881863442535,8765
1.420580725727688,0.13526717648195144,8766
1.7186235504070164,0.12022295946506063,8767
1.6251122044436532,0.12787278269383548,8768
1.8844759019707098,0.10831428008731268,8769
1.980916220547816,0.10523765887392982,8770
1.8445888935819998,0.10108467915994715,8771
1.6602330503249507,0.11140734519591394,8772
1.8806050259870644,0.10870662814959918,8773
1.9227498894491313,0.10930601716586415,8774
1.9020450341965043,0.10208959632606233,8775
1.9395476576770034,0.10701829688624778,8776
1.6854158043134926,0.11288214423712073,8777
1.7034055275282498,0.11462499303132473,8778
1.4610452209525309,0.15241377985680807,8779
1.7298696005720908,0.11995412014457081,8780
1.6489382659023137,0.11490989601695115,8781
1.6647222800748098,0.10621682228426324,8782
1.7996139030727267,0.10543895332011735,8783
1.8958750563833655,0.10051007118625195,8784
1.6598788377220648,0.11365469915887123,8785
1.696621234891478,0.11420214868857229,8786
1.6091302551161724,0.10169700420997098,8787
1.9645014796089846,0.10638787838268683,8788
1.3750137383267909,0.13724030141344137,8789
1.6503266219771875,0.11160063559196196,8790
1.8449984212435873,0.10589376115812878,8791
1.817159294144455,0.11134516624782542,8792
1.7506847227590108,0.11992710815824849,8793
1.4879883621457985,0.12602937942293008,8794
1.7119219926770988,0.11758158146002493,8795
1.9634463941585685,0.10373693643930043,8796
1.913964833205362,0.10747157368933725,8797
1.6772058122309237,0.12279166520200446,8798
1.838837212883414,0.10467999792758197,8799
1.5666459022254677,0.12666918534582244,8800
1.601143302363568,0.1418486549222103,8801
1.6442836092541693,0.11085378542268233,8802
1.823326380972293,0.11030064694884603,8803
1.5527791302094855,0.12043752164844179,8804
1.6515750079010685,0.12034973384463143,8805
1.6361777422013588,0.10434355586396196,8806
1.4205354117986002,0.15770546410108116,8807
1.475505941531908,0.13275288439053895,8808
1.751071204146215,0.11536938573339284,8809
1.6061126941191468,0.11097082878033399,8810
1.7890815477137656,0.10335918814731417,8811
1.4407973511475316,0.1289381586458982,8812
1.4050285362653072,0.14346596333049327,8813
1.5005204614690197,0.13122680582384574,8814
1.5481777649303916,0.1544637593510365,8815
1.4185436868116552,0.1618445609970931,8816
1.9511444136540188,0.10764540740319614,8817
1.4623530561376568,0.1572973579263407,8818
1.9849627026193013,0.10666137660827257,8819
1.7404862240973273,0.10569413425786585,8820
1.8193266700469137,0.10506338821473754,8821
1.8040981171445065,0.11628129469988856,8822
1.269078451875907,0.17143827041995202,8823
1.4858063340215317,0.13884550456266465,8824
1.865346681540028,0.10069028441477645,8825
1.2130390206880537,0.1886215755941909,8826
1.2745150083891899,0.17291963979747244,8827
1.7922353897028278,0.10571713564549703,8828
1.637971500882976,0.11247831246703134,8829
1.6035459153354088,0.12262566867918112,8830
1.5966377226488684,0.13644127973244657,8831
1.877299205816304,0.10801310462964192,8832
1.6188043753061618,0.111960034168409,8833
1.9043092301872924,0.11266965778196784,8834
1.3902454865248164,0.15861334057669757,8835
1.737207737606226,0.1008760667358566,8836
1.6024222200969982,0.10588555923992482,8837
1.4223454703335923,0.14329676046396786,8838
1.6960311396863619,0.10869150697929883,8839
1.7022862283577407,0.11359078772764661,8840
1.9783170276303335,0.11098808971181659,8841
1.8636872098873773,0.10610236873597914,8842
1.79166353911792,0.10824065852205325,8843
1.7223592718428387,0.12541194622909435,8844
1.6259429739511708,0.12398309798459597,8845
1.7020078378415946,0.11413807051774809,8846
1.6600445022113421,0.12401464329388048,8847
1.6475648613258123,0.11694560205760042,8848
2.0144248543830177,0.10203737291332624,8849
1.734734076902502,0.1213242034711537,8850
1.6083138420802654,0.1438084106288917,8851
1.4900579047632387,0.1266512621906158,8852
1.7682116902920357,0.10270431607118113,8853
1.9291108926352887,0.11027573242580405,8854
1.6992133313716482,0.11259105714909529,8855
1.6550342375075684,0.11558088887547684,8856
1.6542970119007496,0.10455926068277616,8857
1.8615265242701746,0.10626792709610154,8858
1.5810928913320041,0.1110217142187042,8859
1.5520474772187625,0.13153250185762802,8860
1.500703862197783,0.11923419051567449,8861
1.8805594653545277,0.1115843964426274,8862
1.2357925410527884,0.1730668675658235,8863
1.7454786210465134,0.11019090669263579,8864
1.999694864027185,0.1070517197249299,8865
1.8753428957745975,0.10172864677716235,8866
1.5280317150357399,0.10973643539258157,8867
1.436902338155227,0.152196121122038,8868
1.8764038816076447,0.11090325590899028,8869
1.4029639496829331,0.15223505019012612,8870
1.6591114476310493,0.11352897038233012,8871
1.5631482454025014,0.14586137155246076,8872
1.5159014045684127,0.15423892981890036,8873
1.4319617106571965,0.12856489939642599,8874
1.7772518821410803,0.10728419388247062,8875
1.6643350808401645,0.11548131936050454,8876
1.672630977144958,0.10909530262439586,8877
1.6936137672046707,0.10293401277912582,8878
1.9407092263874588,0.1145907626242859,8879
1.5249635513554385,0.11748814440882005,8880
1.618639476014085,0.12075757158932292,8881
1.2931903536011151,0.16104532833816476,8882
1.609569929047535,0.11358352778038787,8883
1.728766764202954,0.11253461294523778,8884
1.7233286771618184,0.11522644683731767,8885
1.5935652046451274,0.10574313141301561,8886
1.7967166914481456,0.10830419702376415,8887
1.8004380907590773,0.12510984911304668,8888
1.6527180351951687,0.11180231533055889,8889
1.4328634319769173,0.12770841690757326,8890
1.6341227952175115,0.11691442335559722,8891
1.804340868993866,0.10766530082657422,8892
1.4653973318392,0.15005006372685958,8893
1.5945469497406521,0.13494036702899032,8894
1.8647912572984124,0.11090394019666278,8895
1.4268287259182195,0.13500216289362274,8896
1.7616363050053105,0.11638526207298157,8897
1.471939857405181,0.1538567309680349,8898
1.9474099971320025,0.1015862522196058,8899
1.261169267659966,0.14556668698340414,8900
1.836620265035097,0.10663937708964573,8901
1.6149821873590018,0.1101009899630893,8902
1.5191409032195287,0.12790591624387912,8903
1.809993415375516,0.11270816094772071,8904
1.538245260059293,0.12780673674924295,8905
1.62602356481263,0.12732588251406285,8906
1.6995172718405358,0.11355765594858537,8907
1.884940004571748,0.10048245652032958,8908
1.6195841037451135,0.12328186038838426,8909
1.8570603250107491,0.10265719689861313,8910
1.8204787147955708,0.10192991665372556,8911
1.5655255229015712,0.13941883059543903,8912
1.5006749217306081,0.15713519481388524,8913
1.6614630055951796,0.11965693189998816,8914
1.5815042599242126,0.1260655026022423,8915
1.580128251343658,0.12187781970764364,8916
1.444443042013403,0.12094703745396226,8917
1.7101665146786347,0.12127354234318426,8918
1.6999235186563622,0.11529401754172337,8919
1.785724527329391,0.12000553936834571,8920
1.442773651585057,0.1300619746152929,8921
1.8304559759219645,0.1052300257015178,8922
1.5657594727450705,0.12716726098896217,8923
1.5910058682700556,0.12052259872699807,8924
1.9623440507347132,0.1025548853388269,8925
1.6801803563489086,0.11403394553306827,8926
1.7851936273572846,0.11398136548486655,8927
1.7730965984713922,0.11017818594228262,8928
1.952280696426411,0.10280278098612071,8929
1.6456306209544682,0.10855831264427371,8930
1.5720900985166757,0.11829318257128699,8931
1.7077799570046708,0.12153685217466093,8932
1.6295825797863392,0.11476864719636207,8933
1.8336277590903973,0.10089646916878126,8934
1.73113431040332,0.1191407783867942,8935
1.7756860719120557,0.10995716476780713,8936
1.856205376288164,0.10004237453690064,8937
1.367624099206482,0.15105380193379064,8938
1.8804983627853897,0.11643961839358745,8939
1.4329399928620854,0.14436651498062264,8940
1.7610504877912168,0.10979707075651425,8941
1.6818663106590885,0.10287320942928382,8942
1.6836937500179447,0.12692745108288617,8943
1.7258700213404605,0.1176577464439809,8944
1.8107733749945882,0.10730349626823284,8945
1.7597634741443102,0.10780161469081005,8946
1.4223910680326128,0.13744347218664274,8947
1.5763246066963505,0.13436288948376648,8948
1.6751747946159816,0.11284368557059309,8949
1.750623956112521,0.10894359832365785,8950
2.058148199111663,0.1020151916511494,8951
1.7634182618621983,0.1051906988015496,8952
1.9266101235079436,0.10519859005272322,8953
1.7169985561617915,0.10550519748407008,8954
1.2756281373839355,0.17823454062409044,8955
1.4466519118529915,0.15928041251335712,8956
1.7610683195473982,0.1136891602352546,8957
1.7694478685385173,0.1282811814594579,8958
1.5045382749059626,0.12453134472373331,8959
1.7996443194947271,0.11297640495556115,8960
1.3957735916023968,0.15630544963295812,8961
1.6473412539721772,0.11927544727464341,8962
1.8616851669748813,0.11638015783162774,8963
1.507769085387919,0.1305164282174849,8964
1.3197742160306416,0.13941310765273204,8965
1.8355382341418311,0.10922537355127568,8966
1.8410595484370296,0.11653274884133909,8967
1.7502738721755422,0.11417034994519351,8968
1.7785797782380572,0.1116470805479894,8969
1.9100089957344208,0.10239527747055373,8970
1.4991612599096518,0.1350471786173667,8971
1.820268448526332,0.10049941108377305,8972
1.8962036006831204,0.10785243024483046,8973
1.7857551947052803,0.11364309306650759,8974
1.7072379652905059,0.11239557096303471,8975
1.474092902784927,0.14550624215557464,8976
1.5438074461171272,0.12506454322778673,8977
1.763498407830712,0.10133233914986114,8978
1.9513450673661275,0.1016307104345697,8979
1.743551080641055,0.11734549278693598,8980
1.7050640596946165,0.1210696041126225,8981
1.7475333500448702,0.1013737772454258,8982
1.8455164356575904,0.1110253710047278,8983
1.7495975749360182,0.10624987670545169,8984
1.62020637693209,0.11836215904002582,8985
1.8456050979831564,0.11868853017003438,8986
1.6477674852136828,0.12173227353790958,8987
1.8410631177553263,0.11560872348334804,8988
1.9651091536184324,0.10359639936009031,8989
1.7001330044552585,0.12028704772383429,8990
2.0006389912450993,0.10217106660598219,8991
1.6505702880389854,0.11288525402365063,8992
1.8432329383322137,0.1024728731648401,8993
1.3727548306266233,0.15240315345404581,8994
1.8436577742427613,0.10692872940375472,8995
1.9661856786183953,0.10835200638251306,8996
1.883991535010042,0.10301329654245081,8997
1.3237661491813377,0.18010496486941263,8998
1.6651341205503183,0.11999914249740423,8999
1.399764193634856,0.15697716154191324,9000
1.8995362551627109,0.10176969091857886,9001
1.5443328091520088,0.11232386078374429,9002
1.9064854407227245,0.11478566871943272,9003
1.598053213712589,0.12478346912568182,9004
1.6636452050709534,0.10779345012555441,9005
1.6491424951260751,0.1251357189559172,9006
2.0526134525977584,0.10334311347548586,9007
1.5432480280451017,0.13958492477280943,9008
1.9338613019695021,0.10302815397433215,9009
1.9812528833462715,0.11412007071616463,9010
1.512373557712481,0.12358857774135167,9011
1.443909470224606,0.13763708788923493,9012
1.5383515980115536,0.13545762653718021,9013
1.8883340325340332,0.11288891190098592,9014
1.5306188970870065,0.11318719800790941,9015
1.5870982374100209,0.13225540119304854,9016
2.0056571893324353,0.10251197320459739,9017
1.9025197740993796,0.1096617453650962,9018
1.828457856909639,0.10634925767340038,9019
1.4711199167197804,0.1204186997839406,9020
1.419463513093472,0.13448691787649147,9021
1.4708578741914753,0.1535552234642929,9022
1.842455443229688,0.12206959934385604,9023
1.8040255874748494,0.1009003941665805,9024
1.752210398377147,0.11674023704607223,9025
1.916355574558649,0.11172175509778526,9026
1.5552530328146894,0.12498146367598886,9027
1.7025571427862367,0.12261714991799227,9028
1.7002353188568458,0.10357984868109658,9029
1.6783354314336827,0.12391217080070842,9030
1.762798632484243,0.10787525990436699,9031
1.5242967548412747,0.12771703878605792,9032
1.9941730860960403,0.10804417486965746,9033
1.6963196206899676,0.10998336177083047,9034
1.8031997509725837,0.10309095742472056,9035
1.4571328569494508,0.1462974257247507,9036
1.623323038333302,0.12398538235121224,9037
1.6365785304302771,0.10099094288902963,9038
1.5159053493244399,0.11559670163592344,9039
1.685917048824915,0.12060875428171197,9040
1.8580688442431021,0.1031927027030954,9041
1.8032998460625789,0.11627957063336906,9042
1.5442962487567047,0.14350889753305632,9043
1.543121737775858,0.14599603516209528,9044
1.839829102718378,0.12598333318278573,9045
1.89593989720561,0.10262153083357622,9046
1.1676324652172958,0.19315768920497364,9047
1.7665814960996915,0.12034107101678385,9048
1.5568270731040863,0.12980553247183874,9049
1.5438841635484701,0.13036150917690892,9050
1.7558302877162397,0.11268169025383612,9051
1.8840565473668422,0.10864768312254561,9052
1.9144593274231159,0.11266597900205838,9053
1.777701536548197,0.10364700466251692,9054
1.7096252597323554,0.11617658463957847,9055
1.7389344451937787,0.12613427209424263,9056
1.8152478731757065,0.11472599022059478,9057
1.482556732426824,0.12221799697864004,9058
1.7422979217877799,0.11561252102690651,9059
1.9370333181807333,0.10427071624023328,9060
1.8168604470700713,0.11777484428490648,9061
1.9584421826784781,0.11028080987130451,9062
1.8524148646698186,0.10967348591074792,9063
1.87961787815002,0.10417558768523674,9064
2.121222475434299,0.10017756011861673,9065
1.4723255276289742,0.12729524552605725,9066
1.5778165909197903,0.14581616229355127,9067
1.7587015073724237,0.11061448340899481,9068
1.5944322323761917,0.12784550039458872,9069
1.724553988644284,0.10412173408168686,9070
1.5912930780555028,0.12323588782714576,9071
1.7638511394976364,0.1004302311159618,9072
1.7310482470798818,0.1184817563966385,9073
1.6536788127001667,0.11373972258353521,9074
1.8335481887394371,0.11064055388545417,9075
1.7713674036788147,0.11509813117953653,9076
1.5788060064430267,0.10934371035223525,9077
1.8966415879210103,0.10547691575145762,9078
1.6496324548055532,0.12789710258628723,9079
1.9829683204746982,0.1090761472344312,9080
1.6546285359305906,0.1300223689024413,9081
1.924959863445668,0.1078834868608424,9082
1.6380351774791841,0.12090148750113423,9083
1.8204921588630545,0.11170948766980147,9084
1.658602277895769,0.11475793747254033,9085
1.7692129082762413,0.11182357077786544,9086
1.8620475555805662,0.10353238656090769,9087
1.903411244020512,0.10321657946591194,9088
1.8033234108414082,0.11609118560280877,9089
1.754111711099921,0.106820871621909,9090
1.7345367961217104,0.11490666282047851,9091
1.6714842923392397,0.11545088591101292,9092
1.1798594695741103,0.18544244477280022,9093
1.7760981353316792,0.11028871890692159,9094
1.9248783700812395,0.10866697986017836,9095
1.7788040375302119,0.10585486105989576,9096
1.948476535441967,0.1126528205854522,9097
1.4375788181168163,0.1587183095294294,9098
1.516226962852221,0.14845012101767946,9099
1.758348171246214,0.1102976329135994,9100
1.6604857157578006,0.12688811943298645,9101
1.7146997853339376,0.12110761232442907,9102
1.4997526091984839,0.1522037030680772,9103
1.70831458068985,0.11979173615340231,9104
1.5894653645439103,0.13062809536358366,9105
1.8225354444173703,0.10831811658901931,9106
1.493627612093629,0.11606801481359418,9107
1.7239027417927815,0.10606353556797711,9108
1.598164897802754,0.12442035751669024,9109
1.5959035339439154,0.12115394090034462,9110
1.5421816041622527,0.11447104020756273,9111
1.9007254517063483,0.10884549681452467,9112
1.74899595390129,0.10397212184723623,9113
1.8521915346506894,0.11424834750822868,9114
1.9707169417266859,0.10521052223329505,9115
1.951516015915843,0.10053863997872613,9116
1.7580581182601223,0.12465230345258922,9117
1.607988802175094,0.10782531280040403,9118
1.7498278802957854,0.11120132246069803,9119
1.4411096138871822,0.16079719157334052,9120
1.2797835710631273,0.1750002074287579,9121
1.8304525310639281,0.11878173085388294,9122
1.5221905991260603,0.1309227576609246,9123
1.825923550569231,0.10780587216603629,9124
1.9576238090351756,0.10090275859851736,9125
1.674993770483874,0.10881780458864669,9126
1.7490314262907596,0.11186961674679849,9127
1.761720370137315,0.10931732636285979,9128
1.601665740546894,0.12084645684772996,9129
1.7431159262969713,0.11810925072489387,9130
1.7863696445466009,0.11147648113269279,9131
1.5038496904100858,0.11514324986459061,9132
1.6982429507718046,0.10645609684769025,9133
1.7052821428869744,0.11549059765920482,9134
1.5024213202456196,0.11689628109877012,9135
1.77633976830174,0.11039895616820049,9136
1.5317075312295099,0.11444944941453011,9137
1.5339531913761109,0.13319023266561597,9138
1.4439930266690726,0.12962139343080417,9139
1.5396990308421803,0.127037589727798,9140
1.4747747701593612,0.11874294885885486,9141
1.5657271396624952,0.14019435401881092,9142
1.5396944462546776,0.11734625309796917,9143
1.9755262963173759,0.10912552875180052,9144
1.6125806351333924,0.11363600289415826,9145
1.705106623129014,0.10741168460396336,9146
1.6701939831870098,0.11710278526314716,9147
1.8427314751005468,0.10046170107402125,9148
1.805882317828962,0.11391955307318047,9149
1.6456774825375882,0.11014218462746071,9150
1.6555194786804637,0.12097879940121997,9151
1.6475339130850848,0.11781244017720116,9152
1.9014005772220106,0.10238986069187023,9153
1.9392120819332574,0.10844801395418391,9154
1.7572555360908737,0.11074656246303465,9155
1.654450181681185,0.12545492121952778,9156
1.7097178638335109,0.10768574176299243,9157
1.4884723221220097,0.13049486638906538,9158
1.8321057193297356,0.10978178505216084,9159
1.3569413759104556,0.18325825415612643,9160
1.6133646847156253,0.12282346829879862,9161
1.7063802347542354,0.116367115371756,9162
1.7449179475472867,0.10221692548946819,9163
1.3129745498912917,0.1818842398632371,9164
1.633145628212128,0.12095734367237364,9165
1.2505013618068415,0.18894887096278148,9166
1.468167655225304,0.13247236354999065,9167
1.934789627483671,0.10542522320437804,9168
1.5579439120826502,0.12357715843317929,9169
1.7077226600624007,0.11378480398552969,9170
1.7218669895296634,0.1025258920332235,9171
1.741290047153352,0.11240532084863097,9172
1.6035075920345094,0.1261553293763602,9173
1.7847861714976914,0.10575282333081247,9174
1.5131468566599595,0.1274362264178147,9175
1.5867535294706037,0.11511912828266806,9176
1.787010200456697,0.1046691117289963,9177
1.4857327579478905,0.13618909092963874,9178
1.6954763253296243,0.1007388393950797,9179
1.6878841995172436,0.11312609103491832,9180
1.9777837292032825,0.10046753086818869,9181
1.5220065483451342,0.15144350007075386,9182
1.4394263535798875,0.12381303678802492,9183
1.4751972125971702,0.143710589714815,9184
2.12499595225101,0.10768338994384144,9185
1.86037019433247,0.1043451484324093,9186
1.9526453795900385,0.10920035874630264,9187
1.4183630697527807,0.14338473360100867,9188
1.856948560535645,0.11216047520572117,9189
1.5629717641235965,0.12712004052145232,9190
1.6314842506604958,0.12177096300628955,9191
1.8081250290587165,0.12248936213539845,9192
1.6011262720791426,0.14191930196292532,9193
1.5421354789841397,0.11360924444450043,9194
1.7263911210308431,0.1236826446610064,9195
1.8530357534374409,0.10730546833498393,9196
2.0143453248050234,0.10139735426227729,9197
1.714471620193243,0.1028807623372439,9198
1.6477982603700292,0.12129793452848697,9199
1.5063755052823327,0.1270095811071164,9200
1.7224897446157887,0.11396317845721896,9201
1.6592163769916433,0.10857495970278809,9202
1.7480137996770042,0.11307456421007957,9203
1.9301875299503,0.10682810247615575,9204
1.8784018833681424,0.11214658956274742,9205
1.6076033414274316,0.12897968217926611,9206
1.6467048044077526,0.12171939527305634,9207
2.0091098696537846,0.10164161378998877,9208
1.608814332997123,0.13934803432235707,9209
1.625902577704158,0.11416328057964312,9210
1.814947244144244,0.11094692638097431,9211
1.59657715262484,0.10279271027684106,9212
1.815979158301387,0.11649864608178002,9213
1.4477603851179068,0.12372075311684107,9214
1.626353676434218,0.12133708513595527,9215
1.5548003739061718,0.1429796019716797,9216
2.06788708659301,0.10336026172068234,9217
1.5061063274697764,0.11772833687942048,9218
1.8359200480234525,0.10520042821320258,9219
1.792349101248447,0.10374125798751459,9220
1.4013631508718358,0.1458928372810619,9221
1.9169197812450505,0.11592553643202351,9222
1.4705957013190412,0.14348973706012974,9223
1.6949500353033213,0.10972829364271709,9224
1.9269745378052179,0.10632275496493272,9225
1.7294531202945156,0.10848297250460168,9226
1.6521448469445659,0.12321073432805964,9227
2.010221281854143,0.10313557544714136,9228
1.7185513920868056,0.12230023539967654,9229
2.0769054903090165,0.10191956284747324,9230
1.6003711063072577,0.1181515683616258,9231
1.9824537315313038,0.10166214873460798,9232
1.5770603953117082,0.14513722733397436,9233
1.4632519123907544,0.16165267212233683,9234
1.893228625456455,0.1076124600204444,9235
1.8667949394282632,0.10194330090125303,9236
1.5606327642546307,0.11872352287894067,9237
1.936422498268485,0.11401454339311007,9238
1.6920630111960577,0.11496704274791433,9239
1.938285951873423,0.10113681266714086,9240
1.5497037811670695,0.14815753712591262,9241
1.7715678290409702,0.10886761524943935,9242
1.9281979240734348,0.10824875480536658,9243
1.8195180128005135,0.1079388083543845,9244
1.4210489654860232,0.11739465547324288,9245
1.52176774785532,0.1212644899383632,9246
1.7709909329087488,0.11770410104443971,9247
1.591174463744915,0.11145139544841909,9248
1.8662762956527224,0.11464116065550937,9249
1.4398435543363313,0.13596165068582555,9250
1.7409297951946048,0.10035421366290413,9251
1.5201057459236642,0.12267998309857332,9252
1.529104948160349,0.1384756577176311,9253
1.5976566607826617,0.13355528682593615,9254
1.8622793551479822,0.1207084379761726,9255
1.6212296554328867,0.11531561838889824,9256
1.7988448378577853,0.11128808102634483,9257
1.239543951731422,0.18278383999181472,9258
1.746002719351668,0.12106391690174832,9259
1.8363525227521071,0.11464517929563575,9260
1.5234197407171064,0.15017708627723503,9261
1.6480200471804312,0.12781671598081368,9262
1.7179315733988612,0.1007625028629435,9263
1.7200712126393385,0.1224078984758925,9264
1.5125822403125182,0.12018373770995616,9265
1.9200983811499046,0.10204304680644348,9266
1.5889911655645905,0.12525915750517236,9267
1.6695542637958092,0.10830888369728206,9268
1.5287778503952791,0.13504427388196685,9269
1.8394781735713037,0.1041598161795493,9270
1.4547855085379175,0.11302666042425685,9271
1.5548719911894016,0.13369877736289298,9272
1.7827221208941797,0.11650958661053726,9273
1.56319845302589,0.11702494169056818,9274
1.7615228061293766,0.11194225495955108,9275
1.588749366084788,0.12301082551093817,9276
1.455267416191688,0.1241134593136595,9277
1.6953940906483504,0.11399407245170788,9278
1.7363194073634045,0.13226059009397825,9279
1.480334121783404,0.12290482291441641,9280
1.6356789751309737,0.10713273404178957,9281
1.8451854187137415,0.10375579391324152,9282
1.598010669185214,0.13922723087173344,9283
1.4538831724235897,0.15701725499374702,9284
1.7700068163113918,0.11366965118531602,9285
1.790649721284113,0.1196603510487751,9286
1.612425804025255,0.1017307994499332,9287
1.510893667431296,0.12105142605245232,9288
1.820595267345009,0.10846465295094343,9289
1.5939109834894996,0.12710970656445628,9290
1.675569462203829,0.12098128094370116,9291
1.7128341697266571,0.11553904364988765,9292
1.5768866793198453,0.12075608523321911,9293
1.8375597251443054,0.1083565471913792,9294
1.8187461404162693,0.10011415683550699,9295
1.749084375554287,0.10640917998215058,9296
1.7341456041275625,0.10824929541772205,9297
1.5345129924050873,0.13374062491178978,9298
1.5656819807259952,0.12433727264735267,9299
1.6401363704784466,0.10832001350525033,9300
1.6626306075314001,0.12301130759387939,9301
1.7590939491854238,0.10126974523070861,9302
1.611859659308773,0.10630855093962333,9303
1.8655966994443474,0.10446272158630583,9304
1.68188951172315,0.10222846677562046,9305
1.8786582009457902,0.10937437038359846,9306
1.838735932589025,0.10163104773475563,9307
1.6554209870154009,0.10448028215284827,9308
1.3457588830356315,0.1845268023582289,9309
1.5158797544951848,0.1487797884614045,9310
1.6105360211871043,0.11158324674768384,9311
2.031202221955658,0.10339460680178754,9312
1.7071635640211185,0.11044724105857781,9313
1.8478651349347452,0.11779290301925097,9314
1.9523438759142113,0.11297223366449245,9315
1.68516438989418,0.12318445733810551,9316
1.582702625488392,0.11373435475222986,9317
1.6980729282302807,0.10609773581329213,9318
1.462265974207428,0.1386044147047227,9319
1.752556070906447,0.1132674837927359,9320
1.7041837746165525,0.1144794814558203,9321
1.698936802311088,0.11586681386843938,9322
1.5308397887656562,0.11636883282235934,9323
1.7393413717031403,0.10662392686956833,9324
1.676045424760966,0.11320379316163187,9325
1.7514807701592026,0.10202050708683312,9326
1.6656405434755348,0.12564110952429486,9327
1.8380015137276826,0.11029782905322029,9328
1.398649116247441,0.14018995582200988,9329
1.7382927677552684,0.11168134143149616,9330
1.843703484409844,0.10414229358179808,9331
1.4495929546099444,0.15703590830525446,9332
1.904352854712823,0.11041111207897787,9333
1.6224900973288616,0.11535357242785907,9334
1.7932314847204622,0.11052457425077776,9335
1.761008980620402,0.12475002729544878,9336
1.9184467853483804,0.10745351537767607,9337
1.7054286661871867,0.11312303863392005,9338
1.6174835592254668,0.12932470977088978,9339
1.8838147243441221,0.10496974797019878,9340
1.6625745781523475,0.10376527259457134,9341
1.4162440604092779,0.12833753473483764,9342
1.7673637561707969,0.11178930240451203,9343
1.8674550947711335,0.10989510139759494,9344
1.641967293954943,0.10931167161031678,9345
1.4844057015373817,0.147876842459347,9346
1.8011991858313847,0.11360155096228024,9347
1.9027801843520238,0.10950375638341832,9348
1.5740761986542389,0.13864113161161074,9349
1.360980263904202,0.1801398171307617,9350
1.3518983536394773,0.16616072070533694,9351
1.5955829792527025,0.1355572048372977,9352
1.8447142522974946,0.10431574460012245,9353
1.5903842502139702,0.12138363117737097,9354
1.8589467395824741,0.11403989762430415,9355
1.5401761935400091,0.14206003164890846,9356
1.6632304560506623,0.11639322872025137,9357
1.7920021735192637,0.11047107454223182,9358
1.8428783725421776,0.10017790702009258,9359
1.8015383051476859,0.10078000845123834,9360
1.772260524272126,0.11614100776079765,9361
1.9215300290445043,0.10955635761998818,9362
1.8540101807556064,0.10168709945806959,9363
1.457799156748369,0.15936411498099762,9364
1.3956129209597061,0.1347740492807396,9365
1.8014382833404574,0.10575866517151561,9366
1.343823531973087,0.1342158884159185,9367
1.4526596755847303,0.1565762981995889,9368
1.529806093549513,0.13287806037345518,9369
1.9903862902072955,0.11457366137258476,9370
1.6310329634420278,0.11004823840290877,9371
1.828105564033953,0.10103485491432176,9372
1.8803634626280414,0.10546653779872685,9373
1.8611721528623562,0.10399423667498843,9374
1.6602746404400304,0.12283178456151254,9375
1.5933803024263722,0.12520789451910924,9376
1.470263712700792,0.1346889088005572,9377
1.6454753277868444,0.10056535463849514,9378
1.5235884559577806,0.1456307749200802,9379
1.799030014522288,0.1083108712954444,9380
1.8377561805171614,0.11217745029198806,9381
1.6306083453167002,0.12046496644740923,9382
1.705721552626745,0.11554898533908442,9383
1.4149561207807395,0.15830198179664762,9384
1.555689798352968,0.12351213338490348,9385
1.4349056842458785,0.15250641121940053,9386
1.863953445614079,0.10869663129172523,9387
1.832717283461103,0.10236706558163897,9388
1.5418498916168004,0.13618081855669334,9389
1.7537916007047423,0.11230685804763535,9390
1.7689766538158629,0.11034460982226041,9391
1.8817902732440706,0.11257127446935915,9392
1.7723840642390662,0.11643603231435631,9393
1.8259549519242089,0.11109344121774546,9394
1.667098056596701,0.11573590585562107,9395
1.4521983186679333,0.15108121705123415,9396
1.7790133945671414,0.10574639148350364,9397
1.685726381464249,0.10506577521346577,9398
1.4179081254430543,0.12545124341087827,9399
1.4550898815774442,0.11768938151157181,9400
1.5929968849256437,0.11144878417985866,9401
1.5064759898619027,0.1227294075861041,9402
1.7061530943956489,0.1061904897575584,9403
2.011688624084555,0.10069375456128954,9404
1.64265714237045,0.13707869218821359,9405
1.5402310319294745,0.14991514051850355,9406
2.1129205254452077,0.10366742707781255,9407
1.7621735158917555,0.10910459608839615,9408
1.8460577039739887,0.10353964739491314,9409
1.5778359315721264,0.11944344343418017,9410
1.9382436689120406,0.10228428223186586,9411
1.342233784097743,0.15985519888200336,9412
1.7749347494131427,0.10902125802085434,9413
1.8222977296492606,0.10752371085939129,9414
1.7617988706373102,0.11066634383227984,9415
1.7211455124192405,0.11623396440537857,9416
1.8640602254683718,0.10994231924506483,9417
1.8039513003866234,0.10852431893824675,9418
1.8663151832950544,0.10384328326036356,9419
1.6115619440987057,0.1510936273889429,9420
1.9391177623199534,0.106322147958661,9421
1.4683764769409522,0.12104308956455612,9422
1.6128174236040809,0.12370745690672143,9423
1.8255018358368993,0.11626651677094775,9424
1.3154297630324625,0.17618768565625814,9425
1.8226170306313465,0.10042214859405832,9426
1.743697331840146,0.12423012168422959,9427
1.7847810636696444,0.11097328245174194,9428
1.7562031334372674,0.10884245602403289,9429
1.5344711377082563,0.1515922870756083,9430
1.458492202221956,0.1584049991597302,9431
1.7727425016078207,0.11839805935735734,9432
1.7684287678650534,0.11555791891974528,9433
1.6385549079048816,0.10979191384480295,9434
1.742478379431947,0.10653832748545547,9435
1.8579923850382567,0.107110090049226,9436
1.513289461594955,0.12754095438221125,9437
1.832977861843228,0.11375672789837492,9438
1.853933333429166,0.10371648300757438,9439
1.4692843415229584,0.13233662943015398,9440
1.7302844721924646,0.10231887070672824,9441
1.4703286984671278,0.1468206486452586,9442
1.850277259742868,0.10697318669380423,9443
1.6641123413522094,0.1123296266257098,9444
2.007715563404914,0.10391982071802755,9445
1.7614277061523949,0.11684810063119043,9446
1.768198396208759,0.1144418450626481,9447
1.6319973220141422,0.10795125657075134,9448
1.5637772863090569,0.11149836511794739,9449
1.4837766540955746,0.11835773366314352,9450
1.580646234828515,0.11413356390482053,9451
1.5923563345242404,0.11855000733891063,9452
1.664234763315068,0.12677724073259583,9453
1.6995577839456084,0.10221577579910003,9454
1.6802739789412735,0.11175828239261407,9455
1.7706649874031455,0.11488457194375391,9456
2.036025667707946,0.10061059608495515,9457
1.8102640888273571,0.11238569838674634,9458
2.021635923172976,0.10202977428756527,9459
1.7247184358689331,0.12185419516732326,9460
1.9179737990019177,0.10305912529837698,9461
1.9703597821213188,0.10464074702111872,9462
2.0264040403561783,0.10425455392019592,9463
1.304059644747385,0.14584725662154757,9464
1.821037091615478,0.10579843135095475,9465
2.005764906837821,0.10017551209620301,9466
1.5378237062791305,0.12011874188738703,9467
1.8246800194805293,0.11253115727118339,9468
1.7796348057517732,0.10544374260457894,9469
1.4463548710925433,0.1338990546210595,9470
1.9763670809149139,0.10715106941815686,9471
1.4021752433901002,0.1532649722414628,9472
1.659128875269896,0.11586311032221559,9473
1.757424835113721,0.11714028731200359,9474
1.495310697548378,0.14668436069578247,9475
1.4614162777770552,0.12410330625133216,9476
1.7413986537182735,0.11945179061061796,9477
1.8389852973083198,0.11476187381250849,9478
1.753934494420424,0.10674681538221713,9479
1.787605307194799,0.11577426305322658,9480
1.502473813141092,0.12075720737858874,9481
1.8798362774430823,0.11044165724776656,9482
1.6799351477491462,0.1025779690036639,9483
1.6913823186791588,0.11359628625930082,9484
1.8305648137415755,0.10387293882795716,9485
1.8368182571439582,0.10224508749967752,9486
1.6346286341220515,0.11658815093373569,9487
1.5532598328536953,0.14385819748390555,9488
1.6783191018281078,0.11330317223408565,9489
1.8305461075964087,0.10063940189276781,9490
1.8529652758742086,0.10515944935813795,9491
1.5080531259571406,0.12089225041334295,9492
1.8730962851698527,0.11190023392524558,9493
1.8096497615153173,0.10488281224058675,9494
1.6820835222888106,0.13122031194940134,9495
1.7190796236660035,0.11000807160388251,9496
1.5602566575073897,0.1302840898885949,9497
1.7105158981624269,0.11100662295644215,9498
1.7299042472082518,0.11459003444875698,9499
1.8165931780194382,0.1075114687883964,9500
1.6738240704315597,0.13210052075929662,9501
1.479534545007214,0.13062403717286367,9502
1.5382997211064773,0.14465853880809826,9503
1.5552143176169448,0.14082821887762223,9504
1.7241118395238613,0.11298118193292184,9505
1.5692708291783166,0.12382469610936364,9506
1.287500083735812,0.13547020416621722,9507
1.668013760606394,0.11054004871149083,9508
1.7807052311441192,0.10474810849292972,9509
1.2426186993324515,0.1580214455043708,9510
1.7020665228149972,0.11000557080644398,9511
1.5667026359529865,0.12709341563526055,9512
1.7411291528291457,0.10838841891091679,9513
1.7491273769364124,0.11340487488919869,9514
1.85000950640485,0.1077288933079784,9515
1.7267047319554951,0.1041497464684364,9516
1.5696495388758727,0.14905139626884295,9517
1.5048357549963132,0.15420053331975447,9518
1.6088266378708307,0.11468787170539024,9519
1.9027338270628804,0.11817385971889907,9520
1.8489548274400125,0.1005163055689426,9521
1.5462170675327571,0.13988611203460996,9522
1.4354237876578446,0.12630856178871142,9523
1.72811388553286,0.10070123458729781,9524
1.5349847680855266,0.12412426040496949,9525
1.794869762198283,0.11253993652783763,9526
1.6274345494033238,0.11791632402462311,9527
1.3881335113749707,0.16878730600758887,9528
1.221850428717958,0.18373012841645425,9529
1.6768622792725196,0.11885684318499795,9530
1.8394692653856595,0.1060538314564877,9531
1.8370204405484272,0.12070491152093069,9532
1.865164511847558,0.10805138200033464,9533
1.947166858009505,0.10839201407899847,9534
1.667346028213263,0.1327541127736172,9535
1.4283012984546322,0.1551524006328255,9536
1.8702618252725562,0.1068154729419411,9537
1.750377171318386,0.1155584528468688,9538
1.5727451620457016,0.11253319365464073,9539
1.5199967087062383,0.12779907437948607,9540
1.642285632618412,0.1273416359918992,9541
1.7641113263580037,0.10662396921933391,9542
1.7591774406379712,0.11907775340839435,9543
1.8147802128784905,0.10842614151894155,9544
1.954467359550901,0.10450119097979692,9545
1.5907466198192792,0.10960834774533376,9546
1.8836476072333648,0.10650244464803227,9547
1.82805677890585,0.11036606756667587,9548
1.736845397644074,0.10188120611321533,9549
1.8752799733278602,0.12427791724013261,9550
1.7474683821546921,0.10995897783643002,9551
1.6081550178694386,0.1123910520301923,9552
1.816317882888912,0.10957232853751267,9553
1.4938719401921097,0.13803447492587276,9554
1.9879206749036038,0.10097771103979325,9555
1.509064654953815,0.12121720202058038,9556
1.614904132274159,0.1244383586364387,9557
1.481983563477817,0.14059184562575872,9558
1.6449926238807966,0.1353757393747646,9559
1.4391468547504773,0.11787105145798557,9560
1.3326952327621546,0.1689212256494653,9561
1.7500267794761541,0.1239788735393215,9562
1.7974411887625343,0.12440683818852472,9563
1.5716119796473849,0.14352813003752962,9564
1.6934508647305138,0.11952919229414671,9565
1.676026268825193,0.13977913970675204,9566
1.6956501506178556,0.12386711069232244,9567
1.5972601473110979,0.1251790343636522,9568
1.6756544962071673,0.1134071780830078,9569
1.8769241243039032,0.11787475760049401,9570
1.5334833567767214,0.11986484275998228,9571
1.4755945513806552,0.13966767233937444,9572
1.600004004581242,0.117101964329455,9573
1.616302015372511,0.13070347966514145,9574
1.936187786660838,0.12046977447516527,9575
1.9524540234086811,0.11192832846142627,9576
1.7600278234069446,0.11478273558192567,9577
1.822441809732496,0.1136460196175817,9578
1.9251541533315404,0.10186757862656103,9579
2.040486265763315,0.1027499456584578,9580
1.8579367092969012,0.10915402608213001,9581
1.5745212716189911,0.12156592605398031,9582
1.6129396914905918,0.12687592475190024,9583
1.6481153896278196,0.1193234595437395,9584
1.5920367731880907,0.1127616524497978,9585
1.678818945901783,0.1287368455266063,9586
1.893516198403891,0.1007094267667396,9587
1.6554267370354452,0.13274708966143378,9588
1.7587624489018743,0.11950357921107838,9589
1.6202537706305677,0.11764856569962467,9590
1.6817950686269287,0.1205896668572959,9591
1.5807904742477532,0.12040851131227391,9592
1.7611177178541197,0.11497892275930165,9593
1.63102116900215,0.11388652031028122,9594
1.7739701164521795,0.11555301884170169,9595
2.0235324923597435,0.10033523063205434,9596
1.872301925815865,0.10847699194037644,9597
1.92300990245894,0.10699515507636533,9598
1.3262212680491594,0.17512997859996993,9599
1.6484772647331924,0.12069100805313085,9600
1.5908135378138057,0.11631913545891868,9601
1.361391791926146,0.12615061629999275,9602
1.3061706721857087,0.17993389960859357,9603
1.6401710653784758,0.12863251843810225,9604
1.6030843089857683,0.1154793729373021,9605
1.5464973151507244,0.1327065352630315,9606
1.7917078756059805,0.11776940158188462,9607
1.7951483249624152,0.11426514932385747,9608
1.351495217870645,0.1346854800841943,9609
1.4711712361111222,0.15661099716362514,9610
1.7929966088508416,0.1057623056598867,9611
1.8335450440056626,0.10797477080129186,9612
1.4663613598631904,0.14169049102901218,9613
1.713173522420432,0.12169737206779278,9614
1.3798202202639513,0.14047916722628767,9615
1.7483836508164186,0.10352600392832408,9616
1.2884388384818433,0.16457395767119878,9617
2.108954364536824,0.10247191493498647,9618
1.8303500626860245,0.11712599815606034,9619
1.4451957267233624,0.15957333329155565,9620
1.5963369535072482,0.12528866275970862,9621
1.6528924432056278,0.10805917474043941,9622
1.6420647229826526,0.11660288997280706,9623
1.9423144499529714,0.11023369735988878,9624
1.7799237112143278,0.10709724072831178,9625
1.6817555850165247,0.13773593020226935,9626
1.7585821675324285,0.1018002107516547,9627
1.4582265080871968,0.15268370399083395,9628
1.6914933122008695,0.1242505251535265,9629
1.5406503022120135,0.1303104386649991,9630
1.684039630360754,0.11342930311696191,9631
1.452694547806145,0.12547737396372924,9632
1.5531711871891616,0.12637910021683682,9633
1.6995910824358726,0.10668771139809667,9634
1.711204323329308,0.10540994432179085,9635
1.516291349989302,0.13565120119494084,9636
1.6902712670689017,0.11930316637881552,9637
1.716485689885202,0.11561802095249621,9638
1.787789649047539,0.10359478119516204,9639
1.663271629612613,0.10222818220540945,9640
1.8436166026972334,0.10391436544098633,9641
1.807207135629203,0.10753388312078684,9642
1.5647456558640422,0.1290986142941585,9643
1.918268088774687,0.11272399177021153,9644
1.6960308278019336,0.11353814690763482,9645
1.627243932530409,0.12306607848945494,9646
1.7328660366666773,0.10934805079922703,9647
1.8664176661059853,0.10843731857949596,9648
1.7619610531462617,0.10415236502503884,9649
1.8683838150891878,0.12255658928064586,9650
1.9115863017116677,0.11051335071344898,9651
1.9032627267121345,0.10290270537079924,9652
1.725704711637967,0.11035156301904869,9653
1.6319882932101804,0.12453131789622918,9654
1.808530548225453,0.10282414705071385,9655
1.756910170062483,0.11316590245341068,9656
1.4254262471713048,0.1553275187303919,9657
1.777994109858589,0.1099890615970121,9658
1.326558083695467,0.1299537339395002,9659
1.7198149914108007,0.10682819792306722,9660
1.6011929278922383,0.10743765649741942,9661
1.3234931417364135,0.1618909478027547,9662
1.880680861116059,0.10730691976917936,9663
1.4449662475702059,0.15377091954091698,9664
1.4728967091488534,0.14904918209894646,9665
1.6224310044925485,0.1213989138263222,9666
1.934711287023382,0.1092294450833781,9667
1.728162771987803,0.11197661210012735,9668
1.5426773550966344,0.12305914375238242,9669
1.7129351562732227,0.1199277179349716,9670
1.6398632661244519,0.1049312035974031,9671
1.50255745595886,0.13397336659103037,9672
1.7088882869065587,0.10753195790170507,9673
1.6280346757514312,0.12268521220023079,9674
1.9359542848031122,0.10147966880428956,9675
2.078020965413196,0.10643192859654031,9676
1.9859151010282234,0.10192233832281261,9677
1.8853653320165693,0.11687458760541945,9678
1.649853490499966,0.12486620829696964,9679
1.6514744402771997,0.13937879247665372,9680
1.6187221805735499,0.1433315839608918,9681
1.937997659945226,0.11882508773667433,9682
1.7761212418598427,0.11485809616995948,9683
1.632865572027224,0.141069997317199,9684
1.7195987493118468,0.10645693962232394,9685
1.4824421939155867,0.15410877115749289,9686
1.9365157018158143,0.1155557711540747,9687
1.8052492369107473,0.10728153909307629,9688
1.6141719926728848,0.1306238189513687,9689
1.967904031757403,0.10622149760196209,9690
1.6681676337715758,0.11385157487178456,9691
1.6131665417604766,0.12480094279159973,9692
1.8486926485291242,0.11055260872506321,9693
1.9762006401165166,0.1027398539761238,9694
1.9768405942782474,0.10255083588205732,9695
1.9043261433911987,0.10628788317021888,9696
1.6927591171887137,0.10853500042678227,9697
1.963910311605998,0.10508435117235757,9698
1.2482072547668304,0.16980844616735702,9699
1.6286097504891295,0.12112715458260187,9700
1.3500156987354734,0.14359584271564985,9701
1.8885450394739012,0.11346528798357379,9702
1.589243322166742,0.13775222649810143,9703
1.6330617511325147,0.14486314718230825,9704
1.8158564915678432,0.10508138986660472,9705
1.5745682121312536,0.12212322680615172,9706
1.731312682264797,0.11767507511550801,9707
1.9465915364944164,0.10035065486211887,9708
1.5637965817241488,0.1264303457179278,9709
1.7087905368030838,0.12440391878769015,9710
1.537510180141187,0.12285038800817843,9711
1.9450956745068981,0.10004665969956553,9712
1.9289861775417938,0.10762322301817567,9713
1.5087168321563411,0.16860753352766747,9714
1.5305289660834316,0.1274899893341093,9715
1.6937739222530377,0.10048274967485538,9716
1.689957561001622,0.11582823956295477,9717
1.7918388881840044,0.10896224908386416,9718
1.3877135095574584,0.17471158805398518,9719
1.7570053721532382,0.10687022167501506,9720
1.544418340302657,0.10453874653850738,9721
1.4621980360064362,0.15012645073176722,9722
1.5202330782069104,0.13415686438963983,9723
1.3641794512484358,0.12834310344747688,9724
1.645763067217529,0.1211830375404822,9725
1.7431709088157417,0.10340326556620473,9726
1.4476981897239356,0.15022620660247812,9727
1.450749809910429,0.12716801014107482,9728
1.802093563805861,0.1241888389003527,9729
1.3717198043564587,0.1413331053311454,9730
1.8831572858417205,0.1167163207316079,9731
1.3714667508632101,0.1534197608760174,9732
1.5267895089350718,0.1222838931604388,9733
1.8183648695037278,0.10328426715897036,9734
1.9506536811259216,0.10713367232244815,9735
1.6423143788994214,0.11163741116419611,9736
1.5089775579199967,0.12909308189108198,9737
1.641204197765027,0.10299468005169646,9738
1.581875259602638,0.10848654528714147,9739
1.882435833684746,0.11289719618687453,9740
1.4204371046006714,0.1588114440594001,9741
1.9798586576980655,0.10595558192571196,9742
1.7030820571752159,0.1086392275717185,9743
1.6991683868691234,0.10837797833135855,9744
1.7940998387170763,0.10683079961131872,9745
1.478304095865875,0.13716514453367606,9746
1.835631585623383,0.10261850012115464,9747
1.72993418397103,0.10644330741681,9748
1.6939049700859115,0.12023766240217054,9749
1.5330393134933193,0.12648104524826653,9750
1.5197035996531634,0.16216111555935694,9751
1.3235746020180355,0.16684915287751012,9752
1.819814677989866,0.10620947936054034,9753
1.7266817250208513,0.11922540968544497,9754
1.8414256687158013,0.1002925365368769,9755
2.001807323829107,0.10128343342656942,9756
1.7829070307373562,0.11521052642958214,9757
1.5228846217498253,0.14476227063589042,9758
1.3683161532965267,0.16733008838638558,9759
1.7541011287567105,0.10890178759047842,9760
1.7158986730400065,0.10833797383999613,9761
1.785677762657342,0.11097914385893053,9762
1.7023853320517799,0.13113617769833877,9763
1.7216453982434348,0.11946328665337415,9764
1.9895503431812218,0.10246325728294703,9765
1.4780826659247652,0.11740454905975418,9766
1.9696937257602827,0.10042832809291252,9767
2.04912910762347,0.1056307325613322,9768
1.5447078650813681,0.12089296797033848,9769
1.4997297900756354,0.12412883461044273,9770
1.8786980200997234,0.10835554291103984,9771
1.8578740990595517,0.10892979576962643,9772
1.8422691702405614,0.10071186589033607,9773
1.7202098974933837,0.11294259303861603,9774
1.9395771722006605,0.1006985173862252,9775
1.4600988287829109,0.14018404889485617,9776
1.606238993673488,0.10789135616727644,9777
1.3219533318643057,0.16666858616310853,9778
1.509008687638554,0.1277459646349883,9779
1.40159965429781,0.1427390891142954,9780
1.6044951568248367,0.11356192069057416,9781
1.646967200179511,0.11292677501256752,9782
1.6803317697420574,0.1172902792677758,9783
1.4870711706386686,0.13524166180934807,9784
1.6834018690017802,0.10493626758962486,9785
1.9261718849051204,0.112025349702377,9786
1.7793739335869545,0.1145357582744517,9787
1.7330014246911465,0.10673685747038947,9788
1.729340524595501,0.1245610735788874,9789
1.9363717949519839,0.10381805641521472,9790
1.8659469604870724,0.11335487223005557,9791
1.0927735631235662,0.19911686450885147,9792
1.846402383235266,0.11030918488776542,9793
1.901079695213898,0.10082944472202848,9794
1.5036209232664017,0.13042302026566663,9795
1.3521576055368156,0.14090724759262876,9796
1.5269627626091482,0.12355260884155182,9797
1.784426787415906,0.11958381382656193,9798
1.7428466551743247,0.11104697237362635,9799
1.5155123257488143,0.13286916084080375,9800
1.9271093723563175,0.10450421301148874,9801
1.7911613421754535,0.11631581623888905,9802
1.7288957356228083,0.11976094697450672,9803
1.6951440627690406,0.11038412959726066,9804
1.4922931056482884,0.15091092743342083,9805
1.6775293989608606,0.12147391829381396,9806
1.902755057171842,0.10681776088116833,9807
1.6637830150067323,0.11044303712260982,9808
1.8704157377246915,0.11292536273597488,9809
1.6018525399905437,0.13308700248182365,9810
1.8039125460643575,0.10964372364868662,9811
1.7045588787374584,0.10739558524285142,9812
1.4871074766303425,0.12727657282316557,9813
1.7131872454949857,0.12246282374087418,9814
1.5134773774232473,0.14208911659492673,9815
1.666655774438989,0.12276382716257103,9816
1.7927000055124542,0.10760986426111231,9817
1.4498335109508564,0.13779840970122686,9818
1.6718409215004832,0.11900781383161513,9819
1.798535923401956,0.1026503913018297,9820
1.7881362317248346,0.1154493121096273,9821
1.6160326294892584,0.10440442515838022,9822
1.6862926372740452,0.11890309288615787,9823
1.9710173064377885,0.10114853451906225,9824
1.626733296412934,0.1142155252987901,9825
1.995439278658616,0.10508599889047235,9826
1.8065724584733824,0.1160590458952443,9827
1.694774319621939,0.12452382499924029,9828
1.5651532008112636,0.11271024666933552,9829
1.6164196377842877,0.12383694621887623,9830
1.6210195475717786,0.13230768100239773,9831
1.530432683415049,0.14296625756714124,9832
1.776907449280648,0.10141165524567905,9833
1.6804146480116953,0.11613338518149217,9834
1.8016881698282776,0.11758524379868049,9835
1.776738850465014,0.11058554563687695,9836
1.7379060753043545,0.11777989132734308,9837
1.5569417486286699,0.11324970337766041,9838
1.8488239833497344,0.10399214836963656,9839
1.7565489410110633,0.12948743532121462,9840
1.8979070610047895,0.10278762724588542,9841
1.8637659842984546,0.11430371018899453,9842
1.570242233439522,0.12258052366976013,9843
1.774641469337244,0.10046318457813065,9844
1.6552180572160045,0.10448747879743632,9845
1.7132557503810688,0.10176324161198332,9846
1.6469211794817675,0.11009015581226386,9847
1.6066555328493355,0.12536508131446775,9848
1.7323419794952684,0.11709082860717131,9849
1.5802307516894951,0.15003523602711039,9850
1.6184979390358407,0.11423447912770773,9851
1.690045523637234,0.12136422573308284,9852
2.0577407769039056,0.1022985199592358,9853
1.7641228433967284,0.10881432003127556,9854
1.8121398046687207,0.10603274233680886,9855
1.376541174263898,0.16271914774225307,9856
1.8269193938405206,0.11013756212069516,9857
1.535940802099699,0.11802316438461126,9858
1.464381806570026,0.13242034425229804,9859
1.4736044126852796,0.13359576870899614,9860
1.83010283660912,0.10032450180470218,9861
1.3909893954844006,0.15746209201238104,9862
1.7051280330616247,0.10785151993397556,9863
1.5438537755421595,0.11254728409963109,9864
1.5546267464406984,0.1104486278043546,9865
1.8887707174412278,0.108125140863923,9866
1.8521664899462966,0.10479880805046311,9867
1.6225748302426435,0.11466361381441571,9868
1.510095761069347,0.12612705592664522,9869
1.579836936246514,0.14586057229396837,9870
1.813293674408961,0.11029145233731233,9871
1.3531213565851437,0.15716529992076822,9872
1.6265346002495218,0.11909145590750667,9873
1.7095827633143101,0.11738734111469823,9874
1.5864861478983618,0.10996552530605307,9875
1.6061808054682694,0.10771031650562529,9876
1.4724396519568543,0.14824741572106204,9877
1.868496450552949,0.10282161166360282,9878
1.4396242335945841,0.15709883174678474,9879
1.494180424492985,0.15469454469827917,9880
1.7759606639328227,0.10897100162554092,9881
1.4315630762600726,0.15449451438783648,9882
1.5591373814907545,0.12572469967560207,9883
1.6619056409823012,0.12788073531124633,9884
1.6469044135674575,0.12309272482079514,9885
1.9605814619938975,0.10796653537818199,9886
1.8429636904380005,0.11066052443563325,9887
1.7133862363957826,0.10932752671236512,9888
1.6387213321688021,0.12246194007946505,9889
1.5737959972762947,0.11429469019761086,9890
1.6097839989837763,0.11686303717078095,9891
1.2685307960517838,0.18204758921331596,9892
1.8229714841381484,0.10543953248483937,9893
1.9126755022833997,0.11230365278894724,9894
1.7132926261113006,0.10909543278784604,9895
1.7229617663704633,0.1280371921083494,9896
1.9806830673413756,0.1084427634786187,9897
1.7306743726167695,0.11925126584420898,9898
1.8367188623062554,0.10323029754044705,9899
1.818363370904144,0.10651753415830982,9900
1.4116083497404566,0.15413899838692938,9901
1.903043911153724,0.10622604775298111,9902
1.7135849032126718,0.10457501677297311,9903
1.545931802920952,0.11110477258659944,9904
1.91870327869608,0.10590524196883953,9905
1.7889592277409336,0.11853767572723309,9906
1.7408155542677821,0.1025191992043659,9907
1.4896333302625868,0.12214875189024793,9908
1.5953717630757704,0.1393372550128178,9909
1.742966217410822,0.12326346944150886,9910
1.874315334549669,0.10340414052830471,9911
1.5557120028984193,0.12340990216804602,9912
1.858000023829591,0.10315675755367117,9913
1.4138267956030452,0.14058517255686526,9914
1.774678286752185,0.11629424232624613,9915
1.5704771084657683,0.14980061615819418,9916
1.6407521126280846,0.12169938592875651,9917
1.5709216290079382,0.13758583671760888,9918
1.4955700621266086,0.15066733035841792,9919
1.920491430517301,0.10512574181287085,9920
1.6429065823750137,0.12790428718973482,9921
1.4720054402925193,0.15264375032046493,9922
1.5139019666261246,0.14181508321115432,9923
1.4991401865953666,0.12247398558091518,9924
1.8437185081169927,0.10230244449717646,9925
1.4830548536995574,0.11542787778423667,9926
1.851908489408079,0.11375472884509835,9927
1.7641070796629799,0.10403280448177511,9928
1.846976913906668,0.10057130738853255,9929
1.8392332054693488,0.10637870200517716,9930
1.5363747863965014,0.1532221758589995,9931
1.733528011940922,0.11095905497286657,9932
1.906677352970855,0.10032320185339628,9933
1.421290397636785,0.15238640773921774,9934
2.069502473003414,0.10260431828296701,9935
1.7289757628197988,0.11561939790153099,9936
1.5861022437140744,0.11822098661930079,9937
1.7002126871437768,0.1265305778447801,9938
1.3814880944821808,0.1406376420163147,9939
1.7945858287300323,0.10220026378441277,9940
1.5046346201500806,0.13633385256436867,9941
1.5175454335396452,0.10752790554715756,9942
2.043537263996865,0.1059630395784832,9943
1.70165574348754,0.12645607005300083,9944
1.8651925609659337,0.11363395550386379,9945
1.502606460959908,0.12588024344117404,9946
1.3420730160700736,0.15821888651623245,9947
1.5357668060397536,0.14135159342533477,9948
1.6304824824375779,0.12759397916276455,9949
1.831124209953049,0.10839540416008431,9950
1.9973323865957089,0.10487572543013336,9951
1.965897723194703,0.10449285647436066,9952
1.7255152603711241,0.1025779205865287,9953
1.7951952513845648,0.11290189554253907,9954
1.5038380438076029,0.1397758944244098,9955
1.4889756953239104,0.15494489922080373,9956
1.8114006165198206,0.104477468048723,9957
1.5146189987136613,0.12221380743379041,9958
1.7562709664887277,0.11054348995137159,9959
1.6874255864230678,0.12470158952799029,9960
1.682075015614592,0.12350069359042777,9961
1.695405014410011,0.11683410769362387,9962
1.7078625858190812,0.12391572689434331,9963
1.6710164256561058,0.11081759650457175,9964
1.6058722492218866,0.11395975296104684,9965
2.002675878864976,0.1049219028698932,9966
1.5415263508887571,0.1291308163770054,9967
1.4539314473826987,0.1268985803060906,9968
1.8900981795478933,0.1028860992577563,9969
1.9386220511943113,0.1119938499959606,9970
1.5918134613740484,0.10902728808409093,9971
1.689662311935356,0.10886282918873896,9972
1.6205413256033243,0.10047241080815716,9973
1.5882070272680004,0.11537184510190138,9974
1.5540250362721455,0.12739426284623087,9975
1.9150069049337994,0.10637381587732656,9976
1.8192589030425454,0.10549850689204897,9977
1.731768446553964,0.1268896353582852,9978
1.7855045269803316,0.10132926545720645,9979
1.7771507755179328,0.1256597142772343,9980
1.4724142405889105,0.16114120008234994,9981
1.6782014238048995,0.12834683211362283,9982
1.8750282964419616,0.11184718531703777,9983
1.54194622553899,0.11543908630423,9984
1.7386628003991944,0.11055678006665773,9985
1.989433756053143,0.10614744203052294,9986
1.6760189736521216,0.1127720025062586,9987
1.3791073973339563,0.16717853443766723,9988
1.748506270968948,0.12226935916751283,9989
1.8849438774116656,0.10888914926680396,9990
2.0343728223571698,0.1016840672319877,9991
1.4486840768762104,0.14322908933265702,9992
1.672777212369106,0.11414370378471662,9993
1.7427386212868963,0.10995091168536468,9994
1.6216776011905085,0.13291924178058115,9995
1.5315674632718925,0.15060419042879927,9996
1.7943630879676427,0.11303862046037379,9997
1.886814766033714,0.11065052605337883,9998
1.7080125694535748,0.11761172893961881,9999
