t,0,1,2,3,4,5,6,7,8,9,10,11,12,13,14,15,16,17,18,19,20,21,22,23,24,25,26,27,28,29,30,31,32,33,34,35,36,37,38,39,40,41,42,43,44,45,46,47,48,49,50,51,52,53,54,55,56,57,58,59,60,61,62,63,64,65,66,67,68,69,70,71,72,73,74,75,76,77,78,79,80,81,82,83,84,85,86,87,88,89,90,91,92,93,94,95,96,97,98,99
0.0,4.926465134373696,4.922492537091086,4.929236446615047,4.926778828719312,4.9268833957205125,4.925785497552414,4.926935679637237,4.928870379579558,4.929916321459333,4.925890054011804,4.929602527243924,4.929341039693361,4.927981416229108,4.926099170259575,4.929811722277866,4.927876837576431,4.927144818078297,4.926778828719312,4.928242867715581,4.927929126764062,4.929497931391451,4.927563108276387,4.927719971678037,4.924321823635718,4.928922674038093,4.9270402483029345,4.928085995991449,4.928713497868445,4.926517416071091,4.92955022917898,4.928504326137456,4.9293933366486415,4.92766768360007,4.927667683600071,4.927144818078297,4.925994611580857,4.927144818078297,4.926987963831379,4.92955022917898,4.929864021729892,4.924896812450301,4.926935679637237,4.929445633881337,4.929184150492015,4.928504326137456,4.929445633881337,4.927197103382101,4.9278245486662176,4.926517416071092,4.9276153957995215,4.929288743015495,4.92730167482196,4.929654825586286,4.926935679637237,4.9268833957205125,4.925680942202689,4.928922674038094,4.929236446615048,4.9265696980459035,4.929131854646397,4.928242867715581,4.928347450252082,4.925576387962628,4.929393336648641,4.928242867715581,4.9270925330519075,4.926831112081205,4.929654825586285,4.928085995991449,4.929027263787414,4.92949793139145,4.929184150492014,4.929079559078199,4.9267265456348355,4.928713497868446,4.929236446615047,4.928818085398437,4.929288743015495,4.929602527243924,4.927929126764062,4.9277199716780355,4.9270402483029345,4.926151450015059,4.927458534062368,4.9276153957995215,4.928661204519575,4.92777226003342,4.9293933366486415,4.927406247371482,4.927929126764062,4.926831112081205,4.926256010358273,4.9270402483029345,4.929654825586285,4.928922674038094,4.927772260033418,4.928399741936458,4.928818085398437,4.929393336648641,4.928974968774045
1.0,4.909904927410133,4.917356468066994,4.924209686089336,4.9204709806639215,4.910274476382314,4.909993574031938,4.914242712329852,4.911137918812064,4.919655238078526,4.923763480292014,4.901756048440956,4.929341039693361,4.917617664878213,4.926099170259575,4.929811722277866,4.919100760704124,4.9144797346498095,4.919948462945449,4.912523539110988,4.924080904812402,4.922721953720256,4.9106639491761594,4.923317284726522,4.908532095550062,4.906632297120285,4.920688732081588,4.913728576090234,4.927744259404632,4.911579640250886,4.9248127253907725,4.9133308572558265,4.924366504308193,4.909624032704035,4.920109113367282,4.913515649006585,4.918268722037775,4.903838475160097,4.9228787461977435,4.92955022917898,4.929864021729892,4.919759740388316,4.911965104043089,4.92070418386721,4.929184150492015,4.9036537315904365,4.929522246749236,4.9142668126725555,4.920097438896248,4.917404755869714,4.918959683342754,4.921909972424342,4.9204709806639215,4.929654825586286,4.920153576558701,4.917408706874291,4.922147069332182,4.928922674038094,4.9191928215050735,4.909009230725541,4.916392091245528,4.917882814045775,4.916729624022432,4.91939789355595,4.926541685110753,4.919586628528044,4.9270925330519075,4.920523233961758,4.929731442815127,4.91236689933699,4.929027263787414,4.92949793139145,4.9285286260532475,4.913905279164755,4.917251991284826,4.9184254558779665,4.920784504612718,4.915186797360829,4.924362719291983,4.929313055122117,4.91748509029681,4.899878400659753,4.921913827270606,4.900347778884008,4.9146645329771745,4.914821209378716,4.9109290930606635,4.910672191559665,4.9293373696100815,4.9144034111909,4.917565424961022,4.907571735082542,4.919904856306766,4.920209718336531,4.92120255208178,4.928999276004139,4.923425632450139,4.92287109939366,4.9232892464218585,4.921693233317003,4.911242333352698
2.0,4.8661610331283836,4.876724512889496,4.888767620013645,4.899571911410711,4.861315667709084,4.868248252587104,4.878460825213338,4.863135074454848,4.883539781883701,4.872944647838131,4.868766487623646,4.89540028800558,4.8849887936716625,4.898413846642562,4.900206496673947,4.879525584123397,4.860042605417221,4.871535060804555,4.871761635603839,4.891415117543246,4.872496491407249,4.883407220560297,4.901019479641751,4.866792257903137,4.879198781502717,4.881522978502414,4.845492761197233,4.902473445361493,4.834802869806004,4.873105711144098,4.868833647719106,4.888923930110648,4.852805849185741,4.877202701480722,4.871233020317107,4.878739874653564,4.872115820854411,4.889117823266166,4.879190238675337,4.906006055103857,4.879118776418458,4.897244613562003,4.875631674895668,4.886053733018609,4.863093434114347,4.881404713319335,4.854659351660225,4.895059187517743,4.8619111239703,4.899050361323377,4.903047329848119,4.8720552599617495,4.905797316646544,4.871649142731894,4.891425231504373,4.895272186467231,4.8851447839313975,4.901397555330192,4.861710748393763,4.878645438405654,4.885164123746294,4.8874274901026595,4.89081355431489,4.897053720224009,4.899676224759436,4.890874832594394,4.899624067946271,4.9017278043233805,4.871605571514635,4.915500169310129,4.897257854250778,4.884183762676171,4.869405777054075,4.8912688814259955,4.8677364110310055,4.87242942016275,4.8728976166127875,4.895827904117453,4.91562077242559,4.886982336950836,4.866894165193945,4.863231375673158,4.861570360204904,4.858257983599501,4.858413843948066,4.862927179315479,4.869800197893707,4.8988091201453585,4.870102129567607,4.88493670282124,4.885836258589859,4.880741911915816,4.871795156911547,4.872845593674208,4.880884035704179,4.883094808936031,4.891320997841139,4.8917379391576326,4.9027087201843695,4.863239023690946
3.0,4.754551934810174,4.776499986530022,4.802831504131348,4.802414235791599,4.751321757650024,4.7388769029863695,4.780164485094583,4.743697883314478,4.777466538507349,4.779456204330537,4.749588836231951,4.7924178507748465,4.69840827047497,4.818929212092407,4.803574926190927,4.815394546625375,4.768708984687696,4.751429506064194,4.733818545890088,4.779319064532419,4.759813469807405,4.779852631110839,4.808396548758975,4.737438388756975,4.788125841819021,4.748750216533183,4.712950826475858,4.792805714243891,4.692886789076228,4.786184643293234,4.777790227248104,4.802986580501917,4.748488150471561,4.780168213904634,4.740386407454016,4.774336280751652,4.749807525928092,4.809479390620038,4.79693606945688,4.82319978231598,4.778872505653152,4.802417160486536,4.720327127859366,4.8179849407986035,4.770940326816077,4.768855974127552,4.706860520563049,4.801906726005276,4.71497645930219,4.811562384592442,4.78963328728892,4.751943980592111,4.822992631338602,4.786279382768649,4.8001426156552585,4.8137698988823185,4.805606949526685,4.801616279581325,4.710413112163456,4.776220682520504,4.794647421325846,4.763152668109921,4.813473296179334,4.8007998530618625,4.812183358216677,4.800411558201003,4.8024659314918265,4.824931809306168,4.733664479071684,4.828830516060378,4.782597800935387,4.781687699671415,4.778357643918992,4.799987552672528,4.742149750274576,4.740110088986025,4.7420311257007635,4.815483466424591,4.840523949441256,4.765492180833492,4.7477369040285105,4.727896421789134,4.767222333694405,4.7608193008337105,4.760973794722371,4.743492239101505,4.722849628652365,4.792798933412229,4.777722653987326,4.698357074080957,4.778709734562065,4.7479785618257395,4.751686739846704,4.740521186637815,4.76834067281785,4.783902774606253,4.782645801171857,4.7830586253750855,4.820305360745555,4.743800707092542
4.0,4.416751773534221,4.493834307133561,4.60095933434087,4.589417768968065,4.451921613816753,4.512275355349695,4.520012808134194,4.406137165099198,4.4814982601389755,4.5678092652137785,4.463143676432478,4.556739770299868,4.409791021147263,4.570498173705751,4.537766043547011,4.58753401908048,4.504101350591548,4.470829763341455,4.415937419273731,4.558631314919853,4.533531475549727,4.539588023689407,4.586084473290997,4.51086758678588,4.572416805847556,4.475726726263411,4.414025015161059,4.569611762009574,4.4212683254101535,4.538508749323388,4.574102579497367,4.601111512241663,4.491171485238992,4.5347346347898885,4.411591605714544,4.501044039465088,4.501308629104742,4.562821385959798,4.515253739522706,4.612566041683687,4.496143638963029,4.627568713005469,4.416214823562211,4.6207053761713075,4.454253631488065,4.4977924135506715,4.4227565994555995,4.518834403166838,4.443036415848819,4.540527288703925,4.561853914818469,4.4713305675890815,4.6123629154096015,4.554348399169817,4.578528816961745,4.6414241044330575,4.61138558758483,4.5584739606337195,4.402031589009378,4.509356409272452,4.579219298309138,4.482182531381001,4.595207477117354,4.513798943953235,4.54113257128523,4.552985989149007,4.589468434999237,4.596089354298925,4.415787986088369,4.613739013445211,4.5418806727686825,4.5081199805488446,4.574659342922788,4.578376938896326,4.414482191082374,4.447239800122881,4.413185038002097,4.55972953753217,4.629694985602681,4.502771264731626,4.4613421350476825,4.48105172002465,4.547208444914953,4.477938740348852,4.478089113979043,4.405938110998487,4.417336696295914,4.519802000070023,4.5011465312044585,4.409741216776794,4.549151316592246,4.4749746739192595,4.471080161959335,4.447639626139872,4.497290209197209,4.47946568232696,4.548148814589558,4.548552558401926,4.567396513340403,4.406236693835702
5.0,3.8892720982389704,3.9975514007817283,4.165604340609655,4.1638190718936,3.882844977923028,4.142415427968107,4.076622639241474,3.855403170914068,3.9258676995373833,4.179021815303384,4.004183686037159,4.147723445093208,3.813059220379632,4.091224918171019,4.0312927358052,4.191844961479685,3.992514242970736,3.977242032182364,3.8508343941390835,4.1171227037673015,4.02063243108072,4.108144783353111,4.1615780801209405,4.141059267816505,4.150196637650522,3.914174683450919,3.916948126851777,4.069647694413245,3.9045073788610263,4.117754845529028,4.130932899478663,4.165750016154354,4.01767596086813,4.041029195025963,3.8956057746493964,4.006440051935003,4.038139223274008,4.125980588134862,4.088519869891602,4.2191398864177305,3.99974565596017,4.2446165469120105,3.9179942698555594,4.2139940619590845,3.926519842997234,4.008170257575998,3.942223544506336,4.056761031644036,3.9060428217993715,4.0105946661120395,4.048358762452369,3.9777178755989233,4.218944524211547,3.99714439711207,4.106256373307485,4.21154377902734,4.21871047611261,4.0809485336245,3.8356390611288522,4.073865961407005,4.159889016473319,3.901818707509739,4.143332564311898,3.970081394379197,4.011167963104605,4.110676313673215,4.16386760224325,4.124778718519086,3.850693581648108,4.166053434497219,4.134466724653931,3.96292155108929,4.131465297003533,4.106111604580196,3.789643574673909,3.961642183069152,3.897115013834839,4.109643432520138,4.168088255067289,4.016907963913726,4.002465346900105,3.9493658417162796,4.150966580907849,4.0300195917778225,4.030163139536599,3.8552153658518824,3.8276199872226844,3.9988155718522833,3.983673831114383,3.813012503306107,4.071870535217154,3.913465548872564,3.977479950332691,3.962022424670187,4.007692730620457,3.9347223635557196,4.12044017682554,4.120826936433619,4.077597635152382,3.855497075160526
6.0,3.1326612608790168,3.290016879444758,3.5187934140270585,3.583014952563533,3.2589677281211076,3.5451535161177268,3.43313655965808,3.168778095994677,3.2083176217386558,3.5768124213246106,3.4257528434544735,3.54186822619671,3.1140719781303274,3.350812652181161,3.33837718094984,3.5948193671146287,3.251702635980654,3.3105788643782135,3.0997518254033958,3.4944501229349916,3.432406301308915,3.421316928757482,3.5351294231402264,3.543885683796712,3.5361820397620356,3.1964564941962235,3.255552315932973,3.351354009043988,3.1920896088393906,3.491703666521345,3.4244663656354843,3.518928816030452,3.3825912804441822,3.3394051942213987,3.1963467377234465,3.3578236638689924,3.425523993570896,3.542790200295967,3.36548072400399,3.600482167868555,3.292033223994937,3.5876931530203504,3.2678914785593194,3.5262689909756313,3.2003250713962905,3.4663034529906716,3.2714147810723873,3.3927350308004525,3.283734160887377,3.3200177575790573,3.3511222664951466,3.3110185513201653,3.6002998580508514,3.3118100613897687,3.3811391757007923,3.545174415937097,3.5695577148509017,3.37705144957192,3.1083958882511893,3.359043910062355,3.4685165387559738,3.2208243683778197,3.431099600257321,3.3268158338277907,3.3205461879215648,3.469565350508171,3.5830604342728973,3.4798345910384914,3.099623516008461,3.4671688000839453,3.493372459465467,3.2325148639252843,3.4249570104109295,3.3810061677705243,3.071420612362736,3.2162153557910442,3.197732368328945,3.3808805795811288,3.500979708695176,3.3051638053637027,3.4241443305042294,3.240855680527596,3.519822029353508,3.356904705003869,3.3570373780593035,3.168605317559666,3.0474940037780294,3.316852272453295,3.3120835236319848,3.114029157566507,3.4311488767206466,3.1958065238868545,3.3107987041996805,3.2165628293599124,3.465854665045857,3.294193863837833,3.435198108323823,3.435555422702661,3.374703588914242,3.168864486978628
7.0,2.54189525010359,2.584334321123381,2.809161344705746,2.891367250628419,2.6158464268350663,2.9194371649794286,2.753175676799351,2.5690593801943353,2.563875935803341,2.8907919347538176,2.723562620955851,2.8976881509674763,2.5458495821504523,2.681011883456459,2.707703034504769,2.89221419933851,2.5936822574771763,2.6205649030262412,2.5317857102148404,2.8692607206111576,2.7909438640407784,2.722389017079886,2.8881598624548026,2.9182696319712353,2.826315824437674,2.560731640654263,2.638712478162786,2.690258126895918,2.6130490836470917,2.7929834174172963,2.7551093252600642,2.8092844379118076,2.6827548077352565,2.694207769422536,2.540812586401767,2.731604533140236,2.794930140923707,2.9279838946804944,2.683040692578478,2.8578755168674004,2.5861554178785937,2.8788630266695776,2.6628498443581914,2.8708952493489326,2.5767697240721925,2.8154515809493303,2.678408473099024,2.716615381617846,2.7058845407574315,2.672229229622736,2.724730119431612,2.620963310484773,2.857710433873695,2.6467161997113,2.710240583787128,2.8139603761487106,2.8609969140556006,2.7128323138065555,2.4923413545688913,2.7029002484887057,2.729793970218281,2.5702987492272813,2.75331870177562,2.659089894945981,2.6727117157340956,2.833459541486028,2.8914087749154707,2.8460674886698563,2.5316674876395204,2.7752869879301127,2.7585871571646177,2.6061867895767166,2.7555569813079512,2.7101193197742073,2.4728690117345047,2.5618496123776047,2.5420720998521062,2.7222224964382495,2.7982520795796315,2.647100764813693,2.722104784441664,2.6300975947095795,2.8143258786018444,2.7033431171049904,2.7034642604090875,2.568900933211507,2.4737275682172584,2.6554456525618115,2.6676000716481134,2.5458101077892605,2.825103779966546,2.560138803225406,2.620764102970149,2.5621656486905984,2.8150409407922177,2.6053811477016056,2.8193667920932026,2.8196959819134286,2.743365989131699,2.5691386055180994
8.0,2.1539264366015343,2.194351719509597,2.307248392797799,2.4108736118391936,2.2320169977266957,2.5000068193287768,2.301284129598661,2.197213540176348,2.161113038427355,2.414409096767264,2.283763718010171,2.392028468878606,2.1764534874285895,2.2266471321730132,2.2947120904722222,2.424640563929146,2.187904645577923,2.2036926257065548,2.1628600262616646,2.3485985594480514,2.3426873435138234,2.271262333027934,2.3648147025997597,2.4989092247775706,2.3732349801272252,2.1644053193127197,2.222816522557241,2.2079788925456607,2.2268879603317338,2.3387683696746078,2.2846951206320636,2.3073621554304005,2.2406432404491547,2.2478474791628966,2.166911493897545,2.3095315191764096,2.3604054834414496,2.4192707953409336,2.2205768391004317,2.3746316405080012,2.196062830954781,2.3730246228963607,2.303406711859125,2.3987940000765113,2.184220133408145,2.3470040443689055,2.278987059472809,2.25780795952196,2.2680897631415955,2.22427325588413,2.2430321558407265,2.2040654567793148,2.3744783086292403,2.224201066222839,2.2084691923523434,2.2983448007317953,2.3583883496496787,2.2552518941757116,2.141098270476813,2.2062726559930774,2.2819700156153306,2.1812537382778245,2.3006229298237972,2.19250208906013,2.224722154361289,2.339896036802519,2.410912221801467,2.3472237010457944,2.1627486348070755,2.29293626272942,2.293136892465741,2.2111738234946827,2.2851102812840045,2.2083574404419086,2.0858336269159174,2.144961379292877,2.168098111162681,2.251606891658331,2.2989201938257953,2.2232976891828273,2.2824023878666626,2.2382680380310305,2.312096755041081,2.2384875682266254,2.238599993365325,2.1970642158904345,2.1078948902310826,2.2017987545068203,2.2210768226726927,2.1764163070879134,2.3425086451024884,2.1638492099846323,2.2038790373009363,2.1452566074022306,2.346622498347659,2.1750756253404897,2.3442267374723853,2.3445327073854223,2.2883766400580368,2.1972882042221555
9.0,1.956584557504323,1.9665153479776,2.021265823367046,2.1250987418936567,2.0084167275547853,2.216192925239707,2.027370968776378,1.9743678480837685,1.9560525279444017,2.083787051423608,2.0042164315329494,2.0595797876241178,1.957647310938254,1.9860921726434566,2.044715781010126,2.116676791185658,1.961397827733003,1.9597932242945653,1.9517546473036336,2.0444651757023515,2.0859970076272036,2.0007529409961284,2.0567381765998887,2.2151444159499944,2.089315164856567,1.9529373369570058,1.9897828085571931,1.9735514949192376,1.9841687674883595,2.0512567403988062,2.0347332849950925,2.0213743841363248,1.9817149470952453,2.009825044679491,1.9450041787120211,2.0514439727418967,2.073227104308343,2.103484806453346,1.977011441373243,2.069657666411709,1.9681629606441862,2.097815283662272,2.0728968354570423,2.114493258742618,1.958952209112482,2.083127984123938,2.0273270317903895,1.9863888240036935,2.0184427349585414,1.977365172460666,1.9738213964887075,1.9601512362454265,2.069511811873472,1.9734591746591332,1.9776931976721557,2.022722133839999,2.064855549032411,1.9717512664335926,1.923980482036027,1.9769264088894654,2.00834449480269,1.9769810707592164,2.048038750396084,1.9627650944385118,1.977796652503561,2.050680141176636,2.1251355945417973,2.07553991159973,1.9516471437084237,2.0408035112668674,2.033311116391789,1.9578538893127275,2.0351321012381596,1.9775855266045432,1.891027864151132,1.9379235802057004,1.9461479308574527,1.977486745398446,2.0308253334022597,1.9875868291543355,2.0029183055442163,1.9997838901123322,2.0190272013783597,2.0080938416966787,2.008202067993398,1.9742238833866526,1.9177557197299122,1.9778855408731248,1.966829063747548,1.9576114531440358,2.054068162913228,1.952400060475583,1.959972226182803,1.9382093464193069,2.082762548719385,1.9371902827707688,2.045068755887993,2.0453595093161634,2.014770473196288,1.9744398324006713
10.0,1.847053472133876,1.8427026632033587,1.880125860872838,1.9424830866290472,1.865464952161377,2.0276418759761152,1.8652888461744064,1.844194252430383,1.832458033718844,1.921692185985042,1.8461531262057895,1.9107865246059061,1.8364766060196063,1.8346191419310043,1.894951758834739,1.9645553120546175,1.845052980010963,1.8331728535535778,1.8306602988126497,1.9103969502339053,1.936255871550751,1.874578720237972,1.9085174201678534,2.026626068788194,1.9256568825332043,1.8153852121674448,1.8675295238445933,1.8447083360444199,1.8733212205118888,1.892232176243039,1.8923839613901845,1.8802320102074541,1.8455635319627461,1.8782992629301634,1.8316604897033517,1.8879438679543397,1.91142387496396,1.9664259712393182,1.8511274751461486,1.908699190804475,1.8443179908534422,1.9419295930841194,1.9367856262150045,1.9438213541657423,1.8583144128821671,1.9444799985603485,1.8910615240208704,1.8229892116823898,1.8741016928443972,1.833852951807561,1.8384219607832435,1.83352386798141,1.9085571189988857,1.8458413421400237,1.8539191723832091,1.8734796114278816,1.9137728557469067,1.8354036290277964,1.8268407907201503,1.8377269399026417,1.8571309273260006,1.8474295283367665,1.919303358604863,1.830955532259459,1.834274418197461,1.8799075671636212,1.9425188454749345,1.9170819001495942,1.830554842486923,1.8781923262079212,1.8889808865327267,1.8257716566422497,1.8927739371484762,1.8538135294419822,1.7665308391833654,1.8043858310463492,1.8327850486007264,1.8405360452472073,1.8939779207103444,1.8479094651209238,1.8448898395569064,1.8643480101375711,1.8740383445322668,1.882140815883641,1.8822469172407486,1.8440533922540012,1.7988464590917037,1.8386804344700114,1.848216176908405,1.8364414424950526,1.908951828099662,1.8148602739169604,1.833348356567149,1.8046655049066718,1.9441224883801749,1.8233245033317707,1.8949296926657413,1.8952132984375964,1.8746088237431666,1.8442646845359536
11.0,1.7101056882715535,1.7022722005564104,1.7422021336940696,1.7877788789647906,1.7244488937606113,1.8178170937315032,1.7160550409435849,1.711611163017443,1.7057892398461167,1.7493774838257454,1.7139663322235605,1.7619378583150087,1.687119433870757,1.687481928135757,1.7391095400026295,1.8078541162519228,1.6930286896360605,1.7052977535286107,1.6832192907159174,1.7515751481063013,1.7739291231617162,1.73422060483229,1.7360196476963827,1.816832646452018,1.7695532625815609,1.6789532006781118,1.7238693442951358,1.6924858545771735,1.7392622321218194,1.7435305073888476,1.7306420234969537,1.7423067092209115,1.6982137726809001,1.723613652633331,1.6998279565731633,1.7294578214857466,1.7760666669005978,1.812904586370864,1.7161422171313168,1.7470094763835613,1.7038586771197841,1.762459677199208,1.7727444441624087,1.767789366691219,1.7204946803963563,1.7747691826664038,1.7564409012295563,1.677412633406228,1.7187199488978182,1.714298641855555,1.6996131261172567,1.7056441053340237,1.7468702821460529,1.6958735287108047,1.7089840039544675,1.7033151726997369,1.7611336856859552,1.6882701034404393,1.6894638911385536,1.6959614765767015,1.705889094374507,1.6874206955448703,1.7824563793617185,1.6957697466729378,1.71471516342162,1.7045322034043036,1.7878139938709068,1.7465385448009259,1.6831158866937208,1.7258545902559266,1.7473935433603651,1.6765793996153031,1.7310231821096498,1.7088802284288662,1.6235983527383786,1.6809705566397675,1.7009356745889885,1.68845761258628,1.7451986523100045,1.7080741051105426,1.7127207549150039,1.7220615620631183,1.7207660994296956,1.720614746965384,1.720718553227526,1.7114725275215028,1.6614993097721877,1.699313717085445,1.7099571455221432,1.687084959417056,1.7561476886587535,1.678436962386832,1.7054709250351863,1.6812466007408933,1.7744199733244055,1.685818720936284,1.7340443579961353,1.73432195499535,1.7228919186509326,1.7116804828709489
12.0,1.6297372872281088,1.5945309494444482,1.639822221052589,1.6948327548713014,1.6269024299007808,1.706726214408968,1.604865301385484,1.6191259831981641,1.586559747274143,1.6545707014222417,1.6087986441977622,1.64439660536094,1.583523593447895,1.598038638731003,1.6318687489029058,1.6845789458686302,1.609131006491589,1.608220798408469,1.5731868089643755,1.6434785894534394,1.6746159638623648,1.6348421861929983,1.6196575765806007,1.7057530277063502,1.6693983261005927,1.5783844945783974,1.650009788563626,1.6018814544619642,1.6504731109305035,1.6182212640214393,1.6271542057701776,1.6399257468166097,1.6005355788756268,1.6172736975530584,1.60167788649879,1.6214154868624615,1.678967843926705,1.715509469591171,1.6289522309545386,1.645350535456509,1.5960960663081705,1.6561097478739195,1.669491335777577,1.6547892078968667,1.603760527152777,1.6681493358878732,1.655418335828634,1.5849043384307482,1.6175102762300477,1.6008760742693144,1.5943106288575428,1.6085637611300074,1.645212690611207,1.5900345394420359,1.60439143236457,1.5911205073004846,1.6616346602802374,1.5732878647761872,1.5948850882392969,1.5796928930747192,1.5963857806267012,1.6014596924714377,1.6711656869165732,1.604403162140162,1.6012865728549865,1.6092923544018223,1.6948676206198796,1.6408792565989179,1.5730848729626985,1.6070434871748718,1.6396379515471342,1.56996853585427,1.6275308162645632,1.6042890238561023,1.5387600353844626,1.587810156707478,1.6027738470442425,1.5773007768187508,1.6283719292753183,1.6008696867117351,1.6075690283877402,1.6284560300296593,1.6051378588318013,1.6214562676302589,1.6215589960152004,1.6189886702199623,1.5772511955636386,1.6011214224651271,1.605554830106395,1.5834895547323962,1.6374904815624096,1.577874403125484,1.608392275198547,1.5880835370565645,1.667804309810244,1.587587713300349,1.6170930715611382,1.6173665265332755,1.6049510235785631,1.6191946418708105
13.0,1.5602305250518436,1.5166095247349565,1.5670939626079647,1.6045047319422387,1.547518743396698,1.6071104392100974,1.529502652503911,1.5415835870708803,1.5149743680879453,1.5756082701019147,1.5304593903981638,1.5679441923352382,1.5079327682909132,1.5168843987336176,1.5712221490903422,1.6026715060305226,1.535640377539199,1.5373336895782417,1.5151075886432788,1.5589937234142632,1.570327616186568,1.5587985366034616,1.5354847752816916,1.6061496592269133,1.5755340881384936,1.5007900500686122,1.5639043391111842,1.5341266568984369,1.5871765667812177,1.549477284453143,1.5484449803226292,1.56719695530485,1.5221592669812034,1.5404721863180033,1.5272427025879776,1.5450679985412197,1.604500162199218,1.6289458331990503,1.5390714922381519,1.5545680562668114,1.5181616301361622,1.5596998169746816,1.5829070715980704,1.5778003150727296,1.5307182142796387,1.592810529666371,1.5683662157209168,1.515222586672872,1.5448195488794672,1.5215140776724678,1.528000983277472,1.5376746865471664,1.5544317892621857,1.514358374673655,1.5156484783892283,1.505495462756523,1.5859037208725286,1.4844638806856671,1.523341446064678,1.5151454778490245,1.5369108038015589,1.5384099919288259,1.588059610040175,1.5298114655569557,1.5219209358784238,1.5323785126057416,1.6045392424299307,1.5552321490976775,1.5150059393862576,1.5238373612013256,1.5675637416209207,1.5021745119650307,1.5488184943812258,1.5155472242111598,1.468947433209104,1.5126973075289012,1.528330070814365,1.4958145533466913,1.5399832805457832,1.5292112729780112,1.5292400223434646,1.5500158645850857,1.5171582562912556,1.5494676658011104,1.54956967884782,1.541447359646926,1.5047904348390395,1.531010105132065,1.5311646500738447,1.5078989651499,1.571493481835775,1.5002847590767652,1.537504183335931,1.512968391126808,1.5924677169928338,1.5034503284152771,1.5283712147803783,1.5286417558792798,1.5304055589174894,1.5416517030401218
14.0,1.5269642958867946,1.4836235294422269,1.535870518229073,1.567293212577004,1.5189802222320976,1.5676213958606433,1.5065816654432949,1.5187527747390677,1.4867105797433702,1.5376990485585407,1.5047587618825413,1.5379401854692838,1.4827414867660318,1.4872752017760458,1.5393362651528646,1.5651365984278645,1.508157639872258,1.5163196070295175,1.4813278715884646,1.545326117871455,1.5348000882755242,1.5548013726027103,1.4997075121502794,1.5666645811147215,1.5318181115977583,1.483442036914838,1.5439678892029665,1.5039074971383348,1.567315601563116,1.5143562887780762,1.506128542903487,1.5359732491797915,1.4918485793704654,1.5046260138701442,1.5015779179229731,1.5181790415291712,1.5753197097695986,1.5852254462852728,1.5102892545080884,1.521940716315259,1.485170143783302,1.5130550728948027,1.555638521307782,1.550399518312044,1.4922293564728666,1.5609576500524385,1.5275807330860403,1.492426071336048,1.5106284150013998,1.4952076304219513,1.5022212324413213,1.5166607554860636,1.5218047968952555,1.4917618008282045,1.497307564879774,1.4788705670674296,1.5502377418686486,1.4562882403038502,1.4998582187823446,1.484377679435158,1.504788846272092,1.525129189548891,1.549526527231465,1.4995371902042496,1.4956138816442104,1.4990384637422691,1.5673275775784572,1.5150887597643377,1.4812266966292802,1.4872159360488815,1.5311736379874032,1.4647175761408362,1.5064997162229832,1.4972062099748331,1.4543721970204901,1.4941658388271413,1.5026642712001363,1.4675131851722254,1.5148719940234487,1.487850798564239,1.5035401007978488,1.5368590091958447,1.4781478456532147,1.5229372823686278,1.523039139160103,1.5186165194296977,1.4701329683976048,1.50265427361518,1.5009004251371791,1.4827077257530996,1.5426622208122274,1.4829364300801677,1.5164901764612597,1.4944371169218238,1.560615837004642,1.48441685514518,1.4930286230482253,1.4932980012385748,1.4984319045748704,1.5188209046858892
15.0,1.5072992873348285,1.4611359211685822,1.5225965673300685,1.5422887024580734,1.4978437388894477,1.53065551374611,1.4884476106400901,1.4946888275662074,1.4729529577275469,1.5095122780733852,1.4876749878871856,1.5294624747504955,1.4740969900599497,1.4748676772682265,1.520566934258994,1.5296210094906644,1.5002207195734119,1.5014863587073202,1.4676231011579033,1.5130864600338143,1.512208441840472,1.5519542884658355,1.4790913908860661,1.5297033386478447,1.5097609345074945,1.469987229754549,1.5158355743547058,1.4764578189258344,1.5537053243477765,1.4798369413581485,1.4942156784777847,1.522699492418666,1.4788352259720623,1.4811528154038283,1.4793240095547657,1.5020293833968494,1.558136151723381,1.562344792578332,1.483063817167411,1.4965967010791452,1.4626804799506734,1.496187602497522,1.535235306288402,1.5178472340410045,1.473574163680759,1.5402298066351714,1.4839751447805698,1.4803584623485568,1.476717659376762,1.4782216133693682,1.4783350420778332,1.5018279666233791,1.496461081432983,1.4749377517173319,1.4774105894692775,1.4575267310447675,1.5248906132960158,1.4422428710748134,1.477561105711555,1.447097801947472,1.4940824953812832,1.5026835978746518,1.5326537973208254,1.4881701707058035,1.4786281882619654,1.4586518877223749,1.5423230184353207,1.49632975934736,1.4675217885348186,1.45967703028787,1.497743271917373,1.4466835649811502,1.494587607320503,1.4773092564156223,1.418230460558279,1.4637732360985831,1.480409353619186,1.44928873674688,1.493363100127458,1.4651681912652152,1.4864560678913756,1.5151947523824676,1.4609224339103843,1.500210106220006,1.5003117895280318,1.494552880335011,1.444572405031177,1.49077790217291,1.4815124216498443,1.474063128266472,1.5141197738860346,1.4694811548919318,1.5016571578083833,1.4640433080750561,1.539888087689928,1.4698618104048735,1.4742964310145543,1.474565874996541,1.477235859777797,1.4947568035003262
16.0,1.5011761703199211,1.4458118991957345,1.5059061555532245,1.5289589028477208,1.482384356391281,1.5184851831012,1.4665046823108534,1.4938684327915799,1.448949800795789,1.4925056263135654,1.4710628338714729,1.5185302102914602,1.4712665409282166,1.4704830191382046,1.504448249492884,1.5204688127859087,1.4829546565963516,1.4888247852803003,1.4706261640897722,1.4910911173174772,1.4849645456918457,1.5409229507787088,1.4580817455555097,1.5175311788586998,1.4882893733909408,1.4570116898958048,1.4970692576952456,1.4653506668112006,1.5375066869837253,1.4649088037296523,1.482977498805783,1.5060091017916892,1.458091221897957,1.4619014102487482,1.4574019651224914,1.4762103560973052,1.5378351683503058,1.5475543046851095,1.4733012331272555,1.4785651894995717,1.4473563905596614,1.489480524381941,1.5111224320873717,1.4966692139660094,1.4647044491397043,1.5239151794760508,1.4687964664524642,1.4622436160395236,1.4726677827859018,1.4689685527166436,1.4730706058515772,1.4891666509015111,1.4784296066208,1.4639860945394703,1.4726207504516238,1.4462268746584745,1.516658781717356,1.435068399427834,1.4755950179095987,1.4321857938748934,1.4907550278443402,1.4934498618001286,1.5266236328194542,1.4818912958827883,1.4693759158814224,1.4581768330652927,1.5289932524049232,1.4940800744419473,1.4705242407656,1.4536279297665082,1.4757049305027277,1.4372213564807426,1.4833500062397753,1.472519122063569,1.4034778178189742,1.4467261470635824,1.4584848685689116,1.42384589635211,1.4858131395787166,1.456965072411573,1.469844169941362,1.5025643682337952,1.4567110516179538,1.4946266571409328,1.4947285860904187,1.4937318520958611,1.4348210356720104,1.4876310650629945,1.4652533037421376,1.4712325442315866,1.4977095262031022,1.4565053992429722,1.4889957131852458,1.4469960869861795,1.523573444654903,1.4659551809968128,1.4550516125838457,1.4553207208562227,1.4668220764225206,1.4939367254809028
17.0,1.5110283671074412,1.438247459649775,1.494375733279197,1.5275687060380092,1.488900808190404,1.5252806246231254,1.4676143956674312,1.4976781118095222,1.4450011246360035,1.4799096234656737,1.4660900466812414,1.4985460711013199,1.4765875265782074,1.457175519804798,1.5032579889755262,1.5020013567066772,1.4814957755226792,1.472665522996707,1.477123021509462,1.48897363935376,1.4830531421335098,1.532283164446193,1.4540442350287606,1.5243200988729382,1.474603536623552,1.4530777901282435,1.4851560809897362,1.476830510229942,1.5416211371573103,1.473439134739637,1.472732401840413,1.4944787622921643,1.446732907481007,1.4523974229630594,1.4594127216790138,1.467977305585694,1.5232388373770414,1.5234134267772885,1.4619843452223213,1.462378305926957,1.4397955182022233,1.4862604464752558,1.4929390961020332,1.4985579714404658,1.4498267696409577,1.5156470021405102,1.4661423655383912,1.4614531379684825,1.4745029743032143,1.458584065404714,1.4712460635632658,1.4730070225313108,1.4622428582009184,1.455140292640764,1.4634632543367223,1.4376076377479128,1.520858531272599,1.4217567042607162,1.473559767245694,1.4332276736989011,1.4896556108304095,1.487593775176239,1.511660818286943,1.4781750744651905,1.458992065700738,1.4488561149529924,1.5276032174207406,1.486204649993693,1.4770204512384015,1.442786576281154,1.4629006041561912,1.4289957196595569,1.4731053506316216,1.4633614948002391,1.396012776479445,1.431719921417802,1.4605009346899651,1.4295645615426424,1.4781615268303792,1.4529001484294464,1.4648686584396415,1.4912247477401868,1.4463264825570485,1.4997784354201034,1.499881000152112,1.4975408486703945,1.4259215366364055,1.4840127772126241,1.4530922158220088,1.4765533346370578,1.5004146980077822,1.4525699606844373,1.4728362678151417,1.4319897772124,1.515304633919205,1.4556004266853235,1.4580155591229194,1.45828617904213,1.4736281348974705,1.4977467457379918
18.0,1.5068676751428853,1.4296161113753139,1.4904692305607514,1.5150598898460683,1.4694644977170488,1.5169477655880677,1.4614610949304097,1.4925710638503786,1.4437690168462969,1.474914947241017,1.4629580111671863,1.4837391738682735,1.4646255849424459,1.4501792009984122,1.5005117279703752,1.494232129394369,1.4715725134931281,1.4653376842405343,1.4805602598548941,1.4968563487111484,1.4709713992877511,1.528649455733075,1.4506080412128004,1.5159864878754674,1.4721528455411834,1.4554755697995647,1.488293054054471,1.4688758553364327,1.5439866628246761,1.4626395122829203,1.4662938271945611,1.4905724981159711,1.4477469850339146,1.4614041992077107,1.442103716120089,1.472536277865004,1.524341223230034,1.5176530334045808,1.4597278104330302,1.4660111863674272,1.4311655385199065,1.4949081672639124,1.500895389803585,1.4983600701656006,1.4564708085612852,1.5255891025954613,1.4713381990774517,1.4761468606541026,1.4740960484512418,1.4837256418916223,1.4771875135916426,1.4656796374000727,1.4658750538402123,1.4565077319662378,1.4647341224281405,1.4422838443441894,1.5260780507375382,1.4108261439052319,1.4754669879048803,1.433008945568008,1.4937037634168457,1.4895691444960928,1.4993941677384621,1.4837944260387514,1.484138370689615,1.4424082176433801,1.5150944205353398,1.4846783434394883,1.4804571657468322,1.4530085984387333,1.462344415791992,1.4260081012980226,1.4666674333614111,1.4646319489023754,1.3982206340890433,1.4341080523120089,1.44318945870959,1.4312050939645757,1.4750063518627226,1.4506052948214667,1.4617327247494853,1.4892949807928106,1.4449297570749802,1.5070514642966943,1.5071546781628944,1.492433534554757,1.4278483009631726,1.4775737427168851,1.4613431057249588,1.4645913904841836,1.4855390129946195,1.4549655357878626,1.46550865583347,1.4343792527751533,1.5252443289061743,1.4511760747339792,1.454962457955744,1.455233906174921,1.4704233001157792,1.4926398308743551
19.0,1.512921807709645,1.43098529581088,1.4793206220524282,1.508955300518718,1.476519720049836,1.5174272571849148,1.4635818214610965,1.4927018790485,1.4557192144817674,1.472174362712372,1.4636014463090705,1.4631531248319565,1.4628046652983901,1.4605656931965556,1.4894637558933252,1.4862637336734998,1.4768206723355524,1.453817378965012,1.4759289154331294,1.494569019644126,1.4730448337597404,1.5325613462583332,1.4548569983664914,1.5164614131475656,1.4763560066579544,1.4534714964297402,1.486803292410196,1.440271758564354,1.5384092906354814,1.4615679712605958,1.464631332600625,1.4794240427207719,1.423815675735194,1.4605294538837317,1.4632539793339276,1.4841050610551407,1.519821614912736,1.5295368639675477,1.459766210399486,1.4744464739475327,1.4325431440319734,1.4884473754836305,1.50382316271533,1.4798187822278723,1.4544599767190052,1.5060822722020242,1.4530270318657514,1.4731522974553801,1.4724437567599615,1.4698664804388786,1.4588765148127805,1.4541598646240201,1.4743093464316908,1.4438595368284577,1.4617294209769303,1.4371576007820852,1.5276601540562302,1.409920145854979,1.469513659648399,1.4301744784479897,1.497922710199361,1.4987850805849705,1.4985521628935576,1.4819714866592113,1.4702794319449368,1.435262957973917,1.508989947132318,1.478567402377547,1.4758254739518704,1.45203742012676,1.458755973409031,1.4234798285915575,1.4650066101020083,1.4616268572688538,1.3924590775470285,1.443640569044769,1.4643521447405663,1.435691192956724,1.469030181186752,1.4408182440018389,1.4623698761639314,1.4910885079621428,1.4381820023123273,1.5080923017020282,1.5081960439422732,1.492563744251961,1.4380264254010493,1.4796481449838368,1.4732972116976304,1.4627703406568997,1.4824930749352794,1.4529595274202394,1.4539886167525053,1.4439137756099476,1.5057380051542422,1.44982454879888,1.4595978870322206,1.4598711208324728,1.4753420126359131,1.4927709488436944
20.0,1.500190354121327,1.4229163277003691,1.4631552447861516,1.5062361702161442,1.474959542047131,1.5142453308674664,1.4526579079959985,1.4902320035239116,1.4538538708672661,1.4591315202371231,1.4670740350101523,1.4659107812431411,1.4667164910609198,1.4638536435585574,1.4921388242147784,1.4752467607340296,1.4771948178470848,1.4582650832945514,1.4750007198029296,1.4882418627586775,1.477069232145467,1.5332184210035544,1.4484366115097558,1.513275848247102,1.475477957615052,1.4521845821077155,1.4949118602455018,1.4391206102915952,1.5381870390626036,1.4599166637369747,1.4680155091359506,1.4632586425031864,1.4200060693329817,1.4624047121101695,1.4684531667260823,1.476024081643453,1.5229670373324284,1.5234733532646656,1.4727526136398457,1.4804861290757945,1.4244779387454651,1.4870230287447261,1.4868814231681964,1.4779762062874708,1.4706664415659711,1.498360954920604,1.4568292612612974,1.4924231573998685,1.4875055938373556,1.4719032621375734,1.4575658100661988,1.458609529594602,1.4803480658833605,1.448661623938924,1.4446478346629026,1.4406273752840228,1.515130073156403,1.4137996072023673,1.465192910311795,1.4456712111342063,1.5185035390827828,1.5080806988001367,1.4984493482254644,1.4888296933173246,1.4723182285781031,1.4285858961983657,1.5062709259699656,1.4774509050909093,1.474896908044452,1.4386144919532609,1.4616852999013608,1.4245386306606986,1.4683929770220374,1.4445454602614987,1.4007914482461785,1.447363892921203,1.4695588515579792,1.4317849670641323,1.458231649751302,1.4477750372710547,1.4658355769569682,1.495156605165008,1.4303028259981316,1.524864949430419,1.5249697241413338,1.490093320850478,1.4481767669649677,1.4808208252345563,1.468960261746459,1.4666819774453843,1.4840529125652635,1.4516704647098162,1.4584373013602283,1.4476386784145174,1.498016052185996,1.4517496298045678,1.4588290807642315,1.4591034805060767,1.4677793477060082,1.4903013472806101
21.0,1.5172828809057763,1.423082162643964,1.4595418796934605,1.51214519359572,1.4726640786223824,1.519461742594882,1.4671479724440168,1.4899619754204858,1.4691518407942645,1.4576487626803725,1.4697787963315792,1.4796508111496194,1.4782647053578026,1.4843989419264336,1.480853194898469,1.464908444942599,1.4687454985995636,1.46599252447437,1.4814584467411873,1.49440214795547,1.4731000916115065,1.5282902607851827,1.4499219677376436,1.518486377730621,1.4847364782978139,1.4463911322017409,1.495945186771999,1.434796328868425,1.5263103005342555,1.4699507805205978,1.4759432899418865,1.4596456011125616,1.4240989550035374,1.4649100680230505,1.4847557006040686,1.4839231854864376,1.5242336407831492,1.5213948739360135,1.487189925581539,1.4741005008237114,1.4246513684620374,1.5009454052506677,1.4886827303164354,1.4732008831611778,1.472744643355209,1.5027160110837343,1.4563568712570822,1.491660220247448,1.4805947733642264,1.4679979276852204,1.4499011676391806,1.4663392341494994,1.4739620274960916,1.4467860362378648,1.437209823388198,1.4408600947251715,1.5199076207567253,1.427988797836691,1.4712247223026529,1.4612073885649626,1.5349886976775495,1.5107414395786911,1.5024722405672468,1.4872066523631011,1.4684142284507482,1.4313278188905934,1.5121801878435963,1.4944523955847449,1.4813539168604,1.4406817905043503,1.4787796460577156,1.4220819543657026,1.4763233159502336,1.4371072028047482,1.4108715354939532,1.4389934996648865,1.4858722418759103,1.434867391972046,1.4668921054681276,1.4493473273703432,1.468534217268313,1.5054305597161461,1.4267669194261117,1.5318529314953295,1.5319584243485844,1.4898226843297706,1.4617933399547924,1.4738173573359428,1.4862132752550008,1.4782299314546061,1.4935938054823945,1.445875598081239,1.4661658741877022,1.4392687240500635,1.5023690916991934,1.4537941560569985,1.4619916557248815,1.4622675878082976,1.4762567304753222,1.4900316234075477
22.0,1.524084344968367,1.4374565639923471,1.4536869675391781,1.532924323657546,1.4650547021431573,1.533308488324633,1.4775724075702745,1.4985100795727873,1.4757240260067521,1.4669176872788763,1.4648639137049468,1.4711850224756513,1.4824830898738661,1.4726346822467624,1.4700138839174792,1.4723609738777335,1.4711130691596612,1.4697843517623377,1.4900076274167628,1.4882173091126107,1.4779487258478086,1.5254425688727449,1.4631400746323995,1.5323249790967826,1.490433973010459,1.4533914817910978,1.4830174165522774,1.433750442415875,1.5228800947480103,1.4617725925755367,1.4858972565624862,1.4537910731209884,1.43513317083734,1.468828423525616,1.4924860754951397,1.4765730836114124,1.5278107209807854,1.5314397691819492,1.4907641000873793,1.4721319191194056,1.439040215588749,1.489739024469555,1.4791109369291502,1.473005099394449,1.4732267594180162,1.4931899467385619,1.447333173682026,1.4784179988971913,1.4907250698438923,1.478134512106671,1.4446415005679918,1.4701331171053027,1.471992978126916,1.4488928113304347,1.4516005313742513,1.4309979084101212,1.551075264993414,1.424932801623661,1.476204651441708,1.4715066169179802,1.5534204247962857,1.5213515034206848,1.4969236037976614,1.4908912527013891,1.4785540344409855,1.4454775378237636,1.5329596866612107,1.4967278908239359,1.4899023296250407,1.4578316683575694,1.481518032048275,1.432224688092593,1.4862802220145879,1.4514969301064105,1.4239981841195084,1.4410871683739157,1.4936099354519337,1.4504447098136346,1.4711974773185188,1.4733357341652566,1.4636154206417074,1.5143097314569163,1.4447076164906507,1.5389006697666705,1.5390068014572647,1.4983697745667597,1.4722315399669217,1.4885208290755574,1.4972575967483244,1.482448093253414,1.507747244616923,1.452872700591328,1.4699587292620229,1.4413640077102043,1.4928426771116745,1.4666566959687686,1.4622082794128928,1.4624856396075339,1.4873368300940946,1.4985802345390498
23.0,1.54143956210119,1.4633748483175169,1.4652817218196867,1.5349568916928815,1.4706244545552114,1.555796922676659,1.4938909665318805,1.5162703774265487,1.4804496853318847,1.4879418328011427,1.4791090846231574,1.490830532339332,1.485590329229542,1.4852032147012109,1.4908602401587259,1.4872799744408773,1.4931403773810297,1.4860306188677708,1.5150391949090387,1.5091379394659779,1.5021339986864353,1.5342813241403577,1.475989620135302,1.5548050780317204,1.4911238488942768,1.4847077373144169,1.49945992095046,1.4366188939520257,1.5395412549852718,1.4750001651313962,1.5020076289504187,1.4653864689716016,1.4501202704132266,1.5018532661589492,1.511803095580766,1.4937910508084833,1.5313002703103606,1.532833766001049,1.5037641279514429,1.4964963181509525,1.464974107978031,1.5043815306984443,1.490659197020273,1.465481806361283,1.4867099232340375,1.506686816939897,1.461155709278976,1.5039192492077957,1.5015383517913885,1.4727842088108323,1.4485162257727886,1.4863819097319564,1.4963559552778136,1.4619825965562714,1.4651630067143853,1.4381618586295977,1.5572359021860471,1.4324035834960696,1.4828295549269679,1.4756100675533514,1.5521655992791024,1.5356276565936813,1.5032538332390675,1.513893933596218,1.4732038552649716,1.484361341064327,1.5349923183395835,1.5110535330074164,1.5149328732602574,1.4654026604010366,1.492974220581348,1.4448342384723445,1.5023930353629515,1.4650587994368383,1.4389192265214834,1.4532922846659513,1.5129359035553263,1.474845008174081,1.488984060684226,1.4978592217106694,1.4778519772716505,1.5348901492098943,1.4592112113275402,1.5604146244985906,1.5605217400433131,1.5161290628221447,1.5028673392711034,1.4946018611879117,1.5061496563641923,1.4855552344029872,1.5210239525656188,1.4841825705453167,1.4862062591102547,1.4535707631687032,1.5063374888900307,1.4823419918826433,1.4776831502614014,1.4779623205335877,1.510919365475322,1.516341037198307
24.0,1.5435248753929305,1.4679232904658392,1.4831603916504985,1.5449106867834999,1.490326121397699,1.5734648363328316,1.5110257974896264,1.5471727929395716,1.4972966360664894,1.4941547784922045,1.4928647852355565,1.4940753432373823,1.4883138582721012,1.4882995642307144,1.5016788305318707,1.5110972995089693,1.4919613613805844,1.4826642008295576,1.5336040913890328,1.525357126598362,1.5182756226377154,1.5429654447004773,1.5153788966429043,1.5724652444030376,1.495360847179115,1.4915755522104623,1.5079647545318036,1.4483832602476887,1.545766113426829,1.494497946532167,1.5157479796845081,1.4832660455325097,1.4620081423926539,1.5241623547552163,1.5280449709665305,1.511094759884754,1.5498732524984495,1.5449251952099483,1.5166298958822355,1.5146685592102846,1.4695288178109165,1.5184147288321685,1.4980654462650882,1.47271313751924,1.5253967263294252,1.5030967039137557,1.4679029940071424,1.531909831397678,1.5127829448892434,1.468480856912248,1.4640706682036932,1.4830161142899398,1.5145269368768959,1.4774617519142723,1.4864114735366267,1.4462789755124303,1.5761684455747775,1.4459822525481363,1.496357318685773,1.4764160548808756,1.5614707635301779,1.5408951160004756,1.506855935964837,1.5178408755400004,1.4689013238698398,1.496203647402698,1.5449463250671516,1.5337853830270596,1.5334969106811185,1.4923541792515256,1.5003492231745448,1.4679272617974148,1.5161360201964793,1.4863062762420483,1.4418994158688814,1.461565888657832,1.52918679418167,1.4968833866660813,1.5117309414784352,1.5039200647606898,1.4915986173296258,1.5433663333213057,1.4816778533466919,1.5722530909763939,1.5723608613562265,1.5470297315842825,1.5173778332405836,1.4942191506722096,1.4997315365589712,1.4882786479511652,1.529286164536476,1.4910477632656203,1.4828401523399057,1.4618459190038409,1.5027469635382504,1.4786642077190357,1.4880802827243835,1.488361022792898,1.5301767849386076,1.5472443260976472
25.0,1.5482811276030275,1.4832558073999005,1.4725487361454386,1.5506360312450445,1.5145720727371312,1.6002209928158324,1.5329740118780244,1.5507344406403238,1.5156431535807573,1.499246885742177,1.5056399504935636,1.4955597282042212,1.4991496563484,1.4949348975997796,1.5095752358846115,1.5169904654303827,1.4934462570882063,1.4888995130535059,1.526911249285358,1.5240248247080086,1.5275495797128864,1.5516266969608374,1.5304860299577383,1.5992104447214743,1.5050196136259895,1.51454574781083,1.5145618367316274,1.4546428775028515,1.5534653956120958,1.4983301415673647,1.5257034808545538,1.4726543197929312,1.4673594187326395,1.5380853131414685,1.5306639416013081,1.5255716768869534,1.5475976254715735,1.5520969260187358,1.5236231128659647,1.5386372974378513,1.4848735272692728,1.5253200687540942,1.4812806630893447,1.4859375982677556,1.5271582174340101,1.518977698188197,1.4831299906833282,1.5368807875186181,1.5111194938885542,1.4750840241487888,1.4622000735582394,1.4892531834949239,1.5384942881157389,1.4819486432020907,1.491962576706289,1.4367726784173913,1.5838799885456494,1.4592627695870617,1.4987120680020276,1.482568430337467,1.5688983992234227,1.5474449325196733,1.528530491449247,1.5355074966331126,1.4755063515459952,1.5014560733139473,1.5506718069663206,1.5419627073278084,1.5268039803129396,1.4980348406404618,1.5033622818476993,1.4826909097976968,1.5260937612087433,1.4918569005370586,1.4573285698801415,1.470705481276872,1.5318092864334234,1.4951938378794432,1.5141836678155836,1.509448098498319,1.5043654845685819,1.551353946622979,1.4921090646217594,1.5746877431755757,1.574795881808825,1.550590794265463,1.5191057732858764,1.488369630502307,1.5080974812139738,1.4991142177621068,1.5363227185722244,1.5140124789652754,1.4890763430241996,1.4709871379408235,1.5186254183795114,1.5000333019099923,1.5120025723373451,1.5122862800586594,1.567856864851605,1.55080626632277
26.0,1.5657190282734448,1.4903380266843171,1.4908570185792034,1.5632865360065098,1.523732188126632,1.5990279272402825,1.5467848498306607,1.5497304622320442,1.509469268139735,1.483995112991688,1.501969396056923,1.5020735852709866,1.5053607628910501,1.5138390816316294,1.5094022604304174,1.5308808215831258,1.5026564833297988,1.4923867452759332,1.5317436190982714,1.5320048167175497,1.5437945098346848,1.5556010143087884,1.5319817874308548,1.5980146015830632,1.5093736938413111,1.5234391290699556,1.5302450289541134,1.4620856236484778,1.5623694509993065,1.5005918216693657,1.5339179834509682,1.4909635356295032,1.4653152423272608,1.540305267915021,1.5379333177444292,1.5433186099651435,1.5563296627649605,1.5598902777151245,1.5347376979646106,1.5333622461537169,1.4919641455232184,1.5227357574349707,1.4859512242738495,1.4817402250803835,1.5417678405241653,1.5293294730009905,1.4857772281956545,1.5328372632293483,1.522373056845303,1.4711611490439405,1.457735542683112,1.49274173736442,1.53321902158382,1.4886861541312564,1.5036086883890543,1.4412566984959558,1.5790327913240467,1.4727747437547258,1.509125903909393,1.4966925558440327,1.5689071365606628,1.5490698525901045,1.530432894409047,1.5310942880814757,1.4715842561799706,1.5116039142678166,1.5633225450252182,1.5482555163398772,1.531635850388186,1.5063679265073049,1.5036599265669535,1.4887601103346204,1.5343104746319804,1.503573232818774,1.457470039010025,1.479423879766406,1.539084196198337,1.5071949070636368,1.5284701141367059,1.5071121112367378,1.5006934017720657,1.564156998691654,1.5019489503143169,1.5725875926470436,1.5726959566604013,1.549586483743255,1.5294477714396362,1.4977661893552905,1.5107375409861377,1.5053251467490258,1.5260501534371138,1.5229029239708682,1.49256423604321,1.479707040027451,1.52897488698943,1.5016307292621718,1.5187335453841841,1.5190187067035987,1.5847239768502166,1.5498024539846296
27.0,1.561899971255385,1.4913761802481014,1.493243791791478,1.5715092819050303,1.5385995008752131,1.5953102063526867,1.5486780964990328,1.5698319567574652,1.506416431480375,1.4973647946631439,1.5032555840872193,1.5012319783695678,1.5172354242660273,1.5028519577029649,1.518705137455379,1.541172372229033,1.5005531419656748,1.5069800512108955,1.5417694574418839,1.5439264660658718,1.5480705775897214,1.556252817755869,1.5265083731237363,1.5946934194739546,1.5264847989161312,1.5249467424355425,1.5289940309629666,1.469946419977951,1.559390711737359,1.5113713200447354,1.5337896833159033,1.4936003575200665,1.4620252536608247,1.5528861095748387,1.557089196094117,1.5434785688742296,1.5696438944307134,1.5651902684879162,1.5369310320725373,1.5305448364922212,1.4930435825543014,1.5209475917624633,1.4813394035581957,1.4821826939387766,1.5476825963475669,1.5231664228186503,1.4758103804734204,1.5388037671701151,1.5257734358620596,1.4735078877561767,1.4483271211275879,1.508411793138818,1.5285715488556064,1.5002064076884019,1.5042753721932698,1.444018410299835,1.5826145033412233,1.4781615220596491,1.4958184041010911,1.496551702239216,1.566549142019885,1.5452512894384356,1.5325655549603898,1.5501381388936528,1.4734490274745529,1.5040174240200237,1.5698308595102701,1.5560338004414846,1.5412632954435073,1.5042850463130248,1.4957795183880904,1.4965305329846565,1.534792523045165,1.5037418434638816,1.458030982346526,1.4853725743348287,1.556948792088931,1.5066540357431342,1.5403204132641928,1.5192288654053954,1.5015836500391537,1.5728460898240524,1.5143585644307895,1.5744959308698447,1.5746046586420808,1.5629234782612793,1.5516322385151107,1.5066977474612546,1.5171114347713397,1.5196624732835031,1.517146408798327,1.524229196424495,1.5078748102509416,1.4814662586395897,1.5235925280507712,1.5020079983418808,1.515275005621936,1.517561673543821,1.589886282127703,1.5703353545080803
28.0,1.5744082344998325,1.5009281021829992,1.5059987865243647,1.584693488210266,1.5495158474554453,1.6099536100940595,1.5604157074997382,1.5707671929396494,1.5232237028627338,1.5124596877238095,1.5088025237032046,1.5220058644808905,1.5144436250475863,1.5116544060697983,1.5209074146670678,1.5527391010615237,1.5141246992756048,1.506362683854817,1.5525426014483361,1.5607617144791017,1.5690198823546697,1.5702729063326106,1.533930314816146,1.6116805705512947,1.5378970956990452,1.534287960596794,1.534293193845167,1.4827038807102995,1.5628762836119188,1.5217908030313656,1.5324738034280534,1.507290011489236,1.4812742361313058,1.5667442224672579,1.5651360022406846,1.5540762551774374,1.5998078278419543,1.5738850483494287,1.561606930253698,1.5366248381504208,1.5006431913455134,1.5280395965127502,1.4904176258503892,1.5035739652025408,1.5529487565039422,1.5369390856698626,1.5031659931669759,1.538351425682302,1.5402500510253065,1.488913633479963,1.451718682305785,1.5069160736590521,1.5327635151331527,1.5061099361777965,1.5136333195898048,1.4543649599177122,1.5897487007306428,1.4838994602927935,1.5120100681681519,1.5126249732431218,1.574735710903943,1.5543943176583819,1.5466201605601815,1.5672882521569944,1.4853088672391221,1.5198347171571778,1.5814756028008048,1.5656171962846739,1.5498566362830595,1.5139424858970925,1.4971491022140622,1.5076540618905299,1.533262518702405,1.5080930716041483,1.4693750456590964,1.493144324713745,1.5631857301002392,1.5121493092915848,1.5505021176862919,1.5431275190623837,1.5063758785988663,1.5908337089574558,1.5262363593407535,1.5886849188651007,1.5906017042242702,1.5621858930362984,1.5505166288015033,1.5187670003808988,1.5211108833667026,1.5199782477010422,1.5341556643472296,1.5343600343462693,1.5070076305859945,1.48613242304938,1.5371176531330901,1.5230906723907325,1.5327983084950108,1.5322790186162498,1.6041070114098264,1.572401011551581
29.0,1.5793659982884898,1.5029437027470565,1.504419314355735,1.6001720851782926,1.558250444638528,1.6248426823327422,1.563689971814552,1.5777673662143488,1.5263317113381685,1.5134153797546255,1.511717360499703,1.5317228378452363,1.5123847318270938,1.5159614952506406,1.5279780586853624,1.5698685725821662,1.522359007161105,1.5198998189069328,1.5599881263901347,1.562087333350318,1.5818897043863853,1.5745796968959904,1.544856657662156,1.6254798374201749,1.56658403728679,1.5486247019059431,1.540897440063113,1.4982304212599584,1.5751041822602503,1.5249861544909347,1.5537690091529175,1.5057838018132528,1.4909323188396697,1.5679003355415417,1.5726539656831078,1.5628435994404521,1.6043222914766386,1.5766290428662335,1.576487948272898,1.547151426481593,1.5040144423581325,1.5477892901199735,1.4948993882578105,1.5070665029135575,1.5592901457219657,1.5359955845059312,1.505347419008292,1.5400767859441402,1.5457375287789334,1.483425866502857,1.464341383567194,1.5142950243883118,1.540303438629927,1.5224934820526184,1.521484508451636,1.4647954007789585,1.5794189901194773,1.5071919949419714,1.5211608732545314,1.5122851711455059,1.5936821335375997,1.568330531599953,1.5494565655349435,1.5832458070231648,1.481816419016214,1.5330464456578408,1.5959257648458058,1.5633336966420561,1.5573641543022483,1.521346376198001,1.514111512587862,1.511962748233728,1.5541812207165517,1.5190466632847415,1.48331865153155,1.4981241027444512,1.5702119373340737,1.512184844113859,1.557987337648111,1.5517124166711571,1.5099287270391926,1.6065912649958605,1.5393422754965231,1.5995029813562764,1.6000026435041155,1.569584528259203,1.5515431169504843,1.5350084797093793,1.5454321845524994,1.5251517019957965,1.5397965031642735,1.5483711244488783,1.5197556535024557,1.4940601983297375,1.5342436241821968,1.5231401351440876,1.539740869667674,1.5375870262963194,1.6177482784416763,1.583439859385404
30.0,1.588198389024072,1.5072486932174562,1.51296677104274,1.6080893684784938,1.5601817413208163,1.6301016208371093,1.5704879629943052,1.5898498242533494,1.519501315696469,1.5237754610124152,1.5341070489843072,1.5404374418892717,1.5284123490653296,1.508248222401039,1.5335517606366933,1.5777044567596856,1.525639026802076,1.5359395257640063,1.5603160023684435,1.5626285304014687,1.6041173052805309,1.574171732414298,1.556497802075667,1.6256534411612629,1.5857041255881572,1.54921383948844,1.5446179541966576,1.512457029425894,1.5847691099997923,1.5324846185184007,1.5600238894496383,1.5108027882861508,1.4982114385799192,1.570169180018363,1.5667691858729762,1.5645811856246088,1.6052294492582218,1.5895976410091028,1.576652653077721,1.5572106067321654,1.5079488903583909,1.5487663119754884,1.5022858987227596,1.517845001297967,1.5711480795661146,1.534669056056635,1.5091749082074524,1.532427987527251,1.5591748179462332,1.4769557104525164,1.4617899653892568,1.5276014758093315,1.5485488647610346,1.5244892181617589,1.5310047099418767,1.4667322516774906,1.5884088982763471,1.503378855554516,1.520565989285525,1.5308864176315928,1.602466859840129,1.575935058306755,1.559622306786723,1.59197914291362,1.4792407231617675,1.535715229539166,1.6042345289591253,1.5785368703683078,1.5544215408841702,1.5164538331082695,1.5218266302465209,1.5180651237503668,1.5609727571523222,1.5328331875379804,1.4800358107364695,1.498032807387853,1.5622715359678692,1.5315964124344983,1.5669319307622747,1.5694178653842945,1.5318340976760523,1.6150604711696928,1.54422267865972,1.609626889077908,1.6106987962437442,1.5788107419996242,1.563764572259554,1.5441957695135837,1.5499061652419577,1.5427203735707555,1.5345147741344507,1.5488193617869588,1.5339440807690605,1.494979153047903,1.528494154946022,1.525471614569986,1.5479554408672427,1.5440790491883258,1.6292783178762327,1.5917119887066002
31.0,1.6034370941543936,1.5154242780304041,1.5239431867598636,1.6183935012528001,1.5702832778835907,1.626207604227,1.5765179904356077,1.5845476492065704,1.5224057968257867,1.5223395630478815,1.5345488357375892,1.529063152367376,1.5336225794122313,1.5167360174263018,1.5435588468923733,1.5761902574886357,1.5238665907096058,1.5415905793937337,1.5740062230163467,1.5701810957872717,1.599225102861956,1.5728037262823054,1.5548952894451429,1.6186310435339712,1.5948386796040144,1.5524053404030207,1.5400686080225272,1.5058064346958107,1.5775831423759712,1.5308930729390404,1.5640892578847971,1.5229483958613934,1.5022489262150498,1.5665352060821789,1.5695083281475746,1.5666714175032435,1.6088609868800006,1.590560433484899,1.576324276426996,1.569665775288876,1.5120118830185032,1.557538554512865,1.4972403515734143,1.5300090205333583,1.5829393133184821,1.5415556575272005,1.506540212321544,1.5306254709533325,1.5631074554469497,1.4686568987662676,1.468723948803252,1.5291940686616576,1.5602890183722347,1.529275545738118,1.537233128437645,1.4706425373322352,1.5859000291709564,1.5113843881595004,1.517864844308485,1.5293673277263025,1.6107708426311735,1.5928228341634982,1.5624490361856422,1.5973341282266955,1.4807452754213015,1.536050393898413,1.615214610720075,1.5869451040702318,1.5682431584093637,1.5214752706426624,1.527280304553699,1.5208933269914633,1.5660791780611032,1.5385744879298286,1.4837441895046322,1.5022085843430848,1.5596760165463932,1.5417674129904346,1.5689165501808808,1.5721028044279781,1.5338829607258486,1.612783519325124,1.5543421085904532,1.6081923803522487,1.6083916821268816,1.571273431318245,1.5726441264643298,1.5460247729627286,1.5530900581808607,1.5521706181767168,1.5382886254456876,1.5526189272603266,1.5379021600345606,1.501088889060831,1.5318917759892043,1.5180882708534813,1.554445690082547,1.5496811766138041,1.6245005450675103,1.5870413905710021
32.0,1.6073306909976737,1.5207143944222619,1.5442817922153735,1.6312442622883931,1.584766051340115,1.64113591301947,1.5904264226552158,1.5942771724261142,1.5334292938213117,1.542824164829287,1.5414976430722542,1.5448422991188162,1.5439401051792556,1.5276947770973768,1.5565103282792732,1.5883861546740723,1.5293245337427293,1.5495574919320052,1.5825854636645365,1.582692153269326,1.618188740536858,1.5827154009508047,1.5697682816710459,1.63711648413797,1.6078704896325047,1.5719552496933724,1.5468769065015608,1.5204632846841613,1.5885207054649233,1.5447407982766712,1.5770588825398795,1.5418577332353167,1.521431938686556,1.5831189668519454,1.5866247497763002,1.5823561589389377,1.6200535834515035,1.6102935331889365,1.58880307158205,1.5863950161202656,1.5201293651190289,1.5687202844845143,1.5138005741254599,1.5419174249844307,1.5944080106281386,1.5502697251753903,1.5208212179650664,1.5480304176507693,1.5753278674908617,1.4747284075669602,1.4811822798722356,1.5344996504993467,1.5752178849456933,1.5521224040485804,1.5464597064016465,1.4845606142715102,1.5976125950874347,1.5168605645682216,1.534908326726338,1.5478183051083354,1.6198627578915858,1.6027461352309216,1.5712545497569383,1.6111091460957878,1.4897011902710646,1.5436982842255667,1.6301202388923284,1.6148128945528253,1.576413282491382,1.531978865712518,1.539452187396639,1.5412547258065805,1.5779284894679173,1.549353393032686,1.4926037294808432,1.5118990793397484,1.5775085917899658,1.5592519057338192,1.5808404095064905,1.5823877764464342,1.5403957114766045,1.626250671295657,1.563621461328047,1.6214401202271957,1.619916982976571,1.581860863833536,1.593925443565918,1.5578350165301251,1.5674004292602444,1.56145706874446,1.5533341844132555,1.571508761971423,1.5415933222003373,1.5144388974104528,1.5353950743170977,1.5277824766060937,1.564001659763151,1.5591416170621086,1.6354783721662822,1.6003060030832392
33.0,1.6159455952751807,1.5299984810809084,1.5492305707849057,1.6465368850053435,1.5970840331447609,1.6501428584323519,1.5916719020632875,1.6017095551601581,1.5467510648934897,1.5622705600255968,1.5549909803894484,1.5558293843280506,1.5573801339093654,1.5421451182597243,1.5620838052712671,1.6000086036115853,1.5332904986959288,1.5615001620778917,1.5935147604157534,1.5909354026155822,1.6337259938624369,1.592036479774184,1.5807262303131497,1.6421345037645863,1.6258918986448456,1.5775707223013555,1.5434411510293016,1.52335180835657,1.5944850023325243,1.5434036414055672,1.587116437010499,1.548617094383655,1.5292919808139664,1.5870823798220137,1.5963989690004128,1.6006699890069425,1.6360239223623358,1.6229585808768363,1.6028828814788176,1.600262762294127,1.5284476917611145,1.5794582694522437,1.522017053199465,1.554935466760181,1.6042463603433799,1.5513667701969547,1.5381923580175152,1.5514572323408897,1.5861315195056132,1.4847622656226205,1.48492780056296,1.5491064068752305,1.5927069257086424,1.564451049328667,1.5520779129460922,1.490964606667528,1.6121803084892803,1.5298251410526325,1.5470219874336582,1.5636121733185695,1.6237651603959522,1.6135124417566529,1.585016404880158,1.6260672409064136,1.5017410519427659,1.5449519539250984,1.6453611544189775,1.629226602943237,1.5854865099329565,1.5479823808280473,1.55312587648141,1.5559699707726597,1.587740635684932,1.5487954702254434,1.5144170999613296,1.5261814844550377,1.5889126873777353,1.567251982100403,1.5931164172010852,1.5911052368051553,1.5533129558446683,1.6361487646045239,1.5750675663155647,1.6450120623561826,1.6415222944507,1.5877368324990107,1.6092525035153347,1.5814310728331051,1.5832862866250568,1.5725676317284043,1.5750583845612067,1.5752224466864733,1.5545055976187034,1.5276431834768813,1.535616786579357,1.5371810946111188,1.5821116323259796,1.575718408000775,1.653121197147124,1.6065813662283188
34.0,1.626074567732628,1.539591309933538,1.5643877342997576,1.6580699062756816,1.6043677330466701,1.6659069262937203,1.6046754091118276,1.617434241717276,1.56414470685351,1.5738234514599132,1.5551989466437512,1.5557036854940378,1.5559419744444214,1.544574997784862,1.578991485081657,1.6109633342662957,1.5430349955192608,1.5732517485850044,1.6031978773887712,1.6011075512436956,1.6478068521877867,1.6043523704984304,1.5963735755140773,1.6583561463098713,1.6371704897418033,1.59252519774379,1.5492116263726121,1.5320920413880814,1.6144317632527212,1.539762594582203,1.60005088380752,1.561451247616515,1.5409159267466195,1.5978703849308498,1.5960250388682222,1.59782688379457,1.6433094618279007,1.6393315538380562,1.611973876499573,1.6117488468796484,1.5391778410540424,1.5951593471905996,1.5279209992511382,1.5673694461902783,1.6063138900261793,1.5736417351020848,1.5421873741894374,1.566202198606704,1.5929097547222801,1.4891451828265465,1.5041347242551475,1.5594991089931594,1.6088501649618392,1.57604255928133,1.5552458742191329,1.5082942870642038,1.6225744979673322,1.5357140378701999,1.5555541532652468,1.5762235777990183,1.631529466126849,1.6304307248960324,1.5969143338923233,1.6360060097490534,1.5083739133405067,1.5513559283859255,1.6557374773387843,1.6444862005808087,1.5923496590625323,1.5477233171869973,1.5651017304363048,1.565240793415791,1.604476382105268,1.5546962212517192,1.5369405197565589,1.537916007948774,1.5905824408283518,1.5685167552794375,1.591849362998416,1.5995489943613581,1.5579585745957079,1.641611340008578,1.5860551086878396,1.6583863396608698,1.6507617584755572,1.600351983288534,1.6169672699396183,1.5930140889435171,1.6039951734493827,1.570604515168477,1.5866300191780447,1.590394933873434,1.5623399573105359,1.5499691319477784,1.5546979430078307,1.5439551144992,1.5917676699605114,1.5795241106249147,1.6632010205764207,1.6266656894067537
35.0,1.6324670744420389,1.5404667605593863,1.5669402070766034,1.6679613705016303,1.6106705306376288,1.6679356639664433,1.6033167932403078,1.6237721538155758,1.578923914438285,1.5755152890417763,1.5631219990978278,1.564707519515554,1.5652233859581117,1.5486103599112235,1.5823607787886538,1.618275448407637,1.5528275555759212,1.5794037604203788,1.6164459051829605,1.5961342315244875,1.6546954747268094,1.600046977160522,1.6055208857651462,1.6625365349685721,1.6415740307924012,1.5939796844464953,1.554080416216093,1.5423338534954718,1.6165902388647744,1.556014711879107,1.6069020607314184,1.5677030661123605,1.5546202747673143,1.610446783187395,1.6038913571668594,1.6154459394654583,1.6530059330798066,1.6439719694919408,1.6197696098809722,1.6215226216496277,1.5391493449500955,1.602539426936278,1.539775885924402,1.5905306586837147,1.6115882955429532,1.5815800159532456,1.5506686412397395,1.5697545841598086,1.5985139569729339,1.4864778871224376,1.5076332797671597,1.5637095368560727,1.6137791190621704,1.5789083229740413,1.5604211392993386,1.5121231230804975,1.623022222084344,1.5390970458508701,1.5586284842113833,1.5864318082847313,1.6427316163681824,1.6401473349794058,1.6196901683601805,1.6398005027723548,1.5051428989335265,1.5596053424595244,1.6594519882278502,1.652177420973585,1.6043588186793614,1.5477876664068877,1.5636483942100126,1.5776039466833558,1.6130909591098732,1.5580415191960029,1.5455179349488501,1.5383427243775059,1.5909625180170799,1.5802460819373854,1.600486581184802,1.6024117130970887,1.5622847938684186,1.6444419366405807,1.590275988687002,1.6664964835136649,1.6630526491705406,1.6000047041130006,1.6235378993703,1.5908019117161492,1.6131574572989735,1.579071952376066,1.5993711887492692,1.5960227547593493,1.563452613915748,1.558011631257313,1.5523254629996455,1.559132366367415,1.5923440294888986,1.5773909360201852,1.6709470428775177,1.630360495471937
36.0,1.639894236672265,1.5530492880097875,1.5780564258890293,1.6786865252806058,1.6239761125102807,1.6772008132751357,1.6081520790996882,1.6297622039942394,1.5852987482569614,1.5913506083629991,1.5687975698813272,1.5717168770375103,1.5768681164583966,1.5565155379121505,1.5924868334587177,1.6237991888516035,1.5644598758109758,1.5884224152061126,1.6301527948506196,1.60227208070945,1.663861391303639,1.6123205726118344,1.621301589653727,1.6759641921203248,1.6537081940877485,1.5960704085929733,1.5601140331671592,1.553266395826641,1.624944202805397,1.5654279882676554,1.6116217326427003,1.5768310260409826,1.5616189020594182,1.621184874476126,1.618802441996813,1.620302873912347,1.6587089872263434,1.65428438415109,1.6393558749660007,1.6291469916318477,1.5508025361780557,1.6097819312707944,1.5496235749623124,1.5941921170814535,1.618979066786201,1.5919402727807175,1.5626708032780137,1.5795429888644692,1.604585644730348,1.499648478982447,1.5198680178450017,1.5690035297043847,1.6211214364633288,1.5913239497125182,1.579661417669181,1.5194286182800019,1.6384542751210234,1.544209964636523,1.564104704529807,1.6040328167177493,1.6593505069048824,1.6502399526011629,1.629702338378877,1.648971463633234,1.5156076661050295,1.5713144530108498,1.6716024700413727,1.662848522126038,1.618265273398939,1.5508660835903414,1.5817931329597428,1.5880951259240967,1.620629201431297,1.5809910471872877,1.5521457951633932,1.5489480914489102,1.6012990403040281,1.5885501574397103,1.6068143914474577,1.6050558134031838,1.5711832896726214,1.6586394554360286,1.6005580139929598,1.6689123814133071,1.6631099860871548,1.6072022594448852,1.6296014691614669,1.5967677111538798,1.6142735420383525,1.5855098248656425,1.6204975671143054,1.5998939957034959,1.5635132807257872,1.5656668232319773,1.5582615923804395,1.5759683146942067,1.6112634227285223,1.5932407913207742,1.6815106467559833,1.6391801594096325
37.0,1.6427521360726505,1.5657944222661233,1.591677518188141,1.6991561692758697,1.632025854375414,1.6898423329921046,1.6208805380287463,1.6445555668033134,1.5973402678832171,1.6036968992007532,1.5753848492701765,1.5814175779414037,1.5835721899080122,1.5609256177627222,1.5942961833027571,1.6501039414240404,1.5729350094456327,1.5949815738498203,1.643899933514556,1.6054860616171736,1.6756674504045974,1.628285811128678,1.6308107322443839,1.6878690163259897,1.661962963542041,1.6118980964074046,1.5669251823194121,1.5617775219520675,1.63610046698724,1.583164349408218,1.6233484158876077,1.592357289323483,1.572111955808461,1.6299350752996946,1.627883030953542,1.6400507521601646,1.6615446067446886,1.6668406138797782,1.6455385871994734,1.6299814987074024,1.565665883814761,1.621172394677422,1.5594183410218379,1.6133230400660723,1.6266478154556925,1.6006851452152833,1.582256643127977,1.584686918820732,1.614647581584403,1.5095814179536655,1.5295760567465906,1.5800938221105605,1.6233239287026862,1.598746025189576,1.5892773712427584,1.521923568453704,1.6479054282314676,1.5547506426888527,1.5702257288089985,1.6077768842567448,1.6690649699478535,1.659520338037421,1.6402698817655899,1.6566446470479654,1.5189091585137504,1.5840224059434673,1.6871796066167746,1.6752367154429648,1.6298904714361684,1.5678660007743204,1.5784028483179593,1.6040526964925443,1.6343995512734038,1.5900213461140802,1.5589396653878846,1.554627327967094,1.6111178329522247,1.6022929831446429,1.6207961558370498,1.6187277691263549,1.5747080221366938,1.6721859404331896,1.6205300744431084,1.6839964969186292,1.6770678014335174,1.619139382583367,1.6434385181109397,1.608209715636368,1.627418818601303,1.5946829039069363,1.628088069401752,1.615064206224086,1.5721527273798301,1.568153587387467,1.5692376190852735,1.588863176467987,1.6232304560139326,1.6090139803441663,1.6853246802674697,1.6562727402478876
38.0,1.6513702327369306,1.5757606152170458,1.6126726285395585,1.7066731000553703,1.6411276565441153,1.7029281339395854,1.6329551818685537,1.6554636763985382,1.6060545103293091,1.6229760143303176,1.5755686738851293,1.5950873549485596,1.5924893218768805,1.573769468703173,1.6070452465532776,1.6712302811788307,1.5840526496852707,1.6047556140023063,1.6541319122741545,1.6161039870777243,1.6801744997373265,1.6370898760381467,1.6387157935235834,1.7052195862300936,1.6779612246066868,1.6200822926791405,1.574444430651028,1.5753459347451624,1.6403347913338209,1.5891118688891805,1.6330617771200924,1.610150057161551,1.5836212747472849,1.643544288455049,1.6399049000478558,1.651873565395962,1.6740193881071874,1.6739340545945303,1.654060707043345,1.6475329155207368,1.5726107116565275,1.6272386239719243,1.572483307651409,1.6204902633490497,1.6313438667706595,1.6155743349540377,1.5923447528152928,1.5999861318726722,1.6208694387304021,1.5148483896070841,1.5452299471917401,1.5892995894332527,1.640934329489271,1.5998381702149336,1.5948175365106518,1.528255632737758,1.6594862330247526,1.564165077947488,1.584529073562063,1.616677155345156,1.6785860891651172,1.676612730463295,1.654743802199299,1.6764532770035014,1.5192927955031876,1.5960242235142263,1.6906724361060015,1.6883930785431789,1.642813530605547,1.5738967330106537,1.5907266924179726,1.6160269009055384,1.6444793844998415,1.5925101802107964,1.5666518725606082,1.5668153369851336,1.619078464122466,1.6118780395836756,1.6316146151566637,1.6371971362667923,1.5719298120515255,1.681614238019004,1.6273958900257253,1.6926333875708068,1.682428702940544,1.6229076555886648,1.6525697571283287,1.6160005133261732,1.638000438946763,1.602196163016018,1.6400371483800358,1.6228805590652502,1.5814293102477461,1.5780545187503399,1.5800094130398357,1.599806241065983,1.634326996446122,1.6186568708509161,1.6914800262875176,1.6670610758239994
39.0,1.6581948525422245,1.5834763626367192,1.6305271203602356,1.7227482560859535,1.6464554801205484,1.713067895481231,1.6402664599897383,1.6667072369356093,1.6206410486411362,1.6409269924247827,1.5845151103414328,1.6047939202191452,1.593113335505528,1.5845398204394305,1.6134097039234112,1.6766509711630375,1.5953811813300676,1.6094064590719526,1.6592587356170425,1.6172916429688917,1.698817877230715,1.6447442001046346,1.6536740408933897,1.7172892800227961,1.6905028184074118,1.6266818376947165,1.590127360602775,1.5886314194715552,1.6496903646935581,1.5930107778923688,1.6408105336793617,1.626129363103971,1.5918742812476614,1.658247926271907,1.6456812368026341,1.6671729025687958,1.6899336429086138,1.6923514088029625,1.663190663381384,1.6536135957095326,1.581106944243894,1.6306007795122026,1.5809885357752425,1.6309261774486699,1.6398932030166988,1.620608690815799,1.607293573807369,1.6124542515233222,1.6232355340594418,1.5305437951685774,1.5613765545463145,1.593482673954611,1.6487389287982008,1.6210599389293607,1.598700967667445,1.5265271149959716,1.6774616088821446,1.5695743961684472,1.5986686663827023,1.625066832572485,1.6859743734605983,1.6824079663618388,1.666859056907,1.6899768362457088,1.5288080086430145,1.6044885246845622,1.7019103936616884,1.697954488225006,1.650513530940611,1.5815687216205856,1.5947389718534748,1.627494686997845,1.649570857014364,1.5961939995712522,1.581145086657865,1.5706210040747817,1.6287850350422235,1.6180927755707144,1.638646320871159,1.6493473441215403,1.5736135270171594,1.6917157036366386,1.6344847754795218,1.6958325612212468,1.6875248853378082,1.628068686839166,1.6632357392807184,1.6197194615075217,1.6457593031407596,1.6093455424790721,1.6490297317672775,1.6329544018976827,1.5826215326762736,1.5842591662497072,1.5837032784970793,1.6065312755267314,1.6404199274071967,1.623810572230435,1.7009971894038638,1.6762854702851449
40.0,1.661367817847532,1.5912583917103624,1.6364606718847348,1.7304413558081166,1.6535575155257949,1.7183287148649165,1.6434234128817404,1.6758675013391577,1.6305935534260525,1.6509814981162452,1.5922093408691929,1.6172678794621755,1.5954748199631252,1.5909521649345146,1.6192653377961777,1.6843746021033725,1.6002579706609634,1.6095357855873402,1.6642684260087075,1.6248295531186139,1.7093245591889514,1.6540372800682823,1.6660630211053982,1.7204596123376121,1.7045854421444382,1.6308363425793353,1.5982813391833883,1.6011408639597193,1.657449543453548,1.6001171705438928,1.6468868201570614,1.6309921080274072,1.6054040595541326,1.6597424438578838,1.6580198295783781,1.6737617320377294,1.7031534598014073,1.7002948659435588,1.667335979609891,1.6576343885025986,1.5940961368527606,1.635195766276891,1.5873117052726882,1.6375136915991726,1.6533810752565037,1.6261283766054655,1.61285004578587,1.6214819939356135,1.6271362880385338,1.5393953831256013,1.5661481808643465,1.596949821950284,1.6562512970732077,1.6358457643165938,1.6049403948093295,1.528959997376232,1.6904863266989845,1.5800288150474675,1.6030186481850344,1.633875149994795,1.698607624828224,1.6892694856329276,1.672631855854816,1.6968905394180611,1.5346953533930308,1.6173147291749679,1.7064182137104618,1.7056261756339515,1.6568040308708345,1.5945976397426451,1.6046501960499413,1.6347518525533444,1.6582039747265225,1.6064790494754502,1.5932830940446714,1.5723674130296807,1.6409976127173733,1.628651827983332,1.6526723813062405,1.6581741384112052,1.5798225727817239,1.6974393500627003,1.6480278418419416,1.7034611198262328,1.6942234981020523,1.6321641911310314,1.6696043951449206,1.6317928477495098,1.6462997602175224,1.614574192207452,1.6649605645562113,1.6379706745761375,1.582859816637126,1.584054487965403,1.590045724194102,1.619658930812709,1.6478918136557033,1.628104954840052,1.6971954846062935,1.6885984849996885
41.0,1.6695335522330872,1.612387777501876,1.6515809141993705,1.7346523547660768,1.6676976470921765,1.7336809216568019,1.647063269276259,1.6857784860722305,1.638723989259051,1.6589238560229471,1.6042145646777297,1.6261040426374969,1.6052543398779786,1.5995524570523423,1.6351231788595568,1.6910973472180157,1.605973310753752,1.6147107726945453,1.673632214637351,1.6321770153078272,1.7211042321225654,1.6626615788320431,1.6787507251425482,1.7333448485259053,1.7087783690594127,1.6400477101301887,1.6065503718096814,1.6082654272160526,1.6602692084136264,1.6058025060326657,1.6564651564696293,1.6428566319167153,1.6126641468604326,1.6733286349977843,1.663998614578015,1.6848422379325505,1.7109828573606067,1.7086851632792182,1.6740283646576226,1.6754008121869588,1.6162272462015586,1.6418570341892424,1.5904968644881783,1.64979509394072,1.6646690517063476,1.6363949039492793,1.6151125664118948,1.6302316086909292,1.6312089316360894,1.5545026613067168,1.582223073928615,1.6084605022886826,1.6687881299606717,1.6443324980811744,1.6069217465222145,1.5295447414103727,1.6957939991933217,1.5897977031693893,1.6056792267048632,1.645899728874704,1.7084398476300013,1.6986795302596989,1.6854196055961073,1.699222983151853,1.5450004306695229,1.6290350531720015,1.7184641411163688,1.7128697505239445,1.6668878552707596,1.603820349509049,1.6058291319007343,1.6451385122896125,1.6681302774006805,1.6112529571057168,1.60134225282684,1.5826156049770985,1.6407331025939156,1.6373501985349874,1.6561379959902396,1.6688014621239036,1.5888699230763306,1.7072193304019387,1.6544344227367809,1.7152700075768494,1.7035132705565643,1.6403975288317671,1.6750273183828117,1.6409417877013899,1.6461935737524798,1.6218910783954443,1.677122586928616,1.6473657844446155,1.594045938973911,1.5989397014913498,1.6004375912074682,1.634808577933831,1.6583464516517752,1.6407443489024116,1.6986992066920492,1.6978880924535116
42.0,1.6843995908347882,1.6157721758106953,1.6607114969658403,1.738352729902381,1.6824709301304883,1.737544767391651,1.6546242410072654,1.6903747653442658,1.6441337026018488,1.6642693284865604,1.6177579264059052,1.6358493643667453,1.6135461419681854,1.6036040273371572,1.6426976255505235,1.7012432026244282,1.616468471261156,1.6175320440605212,1.6829571802960381,1.6410168023671161,1.7286367725228216,1.6722331814636129,1.687393804291837,1.7345823397631353,1.7117803379509708,1.6461268154257223,1.6098200181235955,1.6192817168802411,1.6577295957271576,1.6141620129631704,1.663145023108163,1.6544818688127,1.6239300730342046,1.6821959938576834,1.6660183331075864,1.6934450561440633,1.7185206583428203,1.7179759689683611,1.6836058035382058,1.6861431476849251,1.617263651440902,1.6455708162033489,1.595895796556409,1.655214043717962,1.6639255234916404,1.6442319518211812,1.6188700271511693,1.6336115650039928,1.6413427619402516,1.5617954339012543,1.5919828696800942,1.611649646237051,1.6761969395089826,1.6514395748138009,1.6109732881876409,1.5346465156880262,1.7037063774546197,1.5933061903608423,1.6150241175605857,1.6582238281147574,1.7163890128806736,1.705435884149645,1.6950227623294574,1.7062109864550388,1.5540884270532291,1.6343055268107989,1.7256478132446011,1.7211707235015143,1.67722675725161,1.6088807878339326,1.6118325594484415,1.6493339509318687,1.6750079563448668,1.6214435052798752,1.6022747379825126,1.5893928647601736,1.6467267059149298,1.6484383100799922,1.662406974051715,1.677878553854106,1.596122108817486,1.717958042591635,1.662478922949694,1.7244004863136975,1.7068955630745617,1.6437630148374098,1.680681935675564,1.6483960252694057,1.6557664596550403,1.628718431880075,1.6867130703009974,1.654243689542354,1.595081594428372,1.607297437485464,1.6062674313527845,1.6434694939513563,1.6620412946062526,1.6483351600492726,1.7045204481884968,1.6996390330793634
43.0,1.6931213516272217,1.6278151638277825,1.6689795916335062,1.744331816740835,1.6856927677945452,1.739391463570242,1.6674877893065887,1.6986119403953683,1.648459171346596,1.6647453644179824,1.6271018672629733,1.6453949438374915,1.6250901303567942,1.6124137675436083,1.6479176304602192,1.7127645599671792,1.6194806646359106,1.6248622227960183,1.6859159876836474,1.6491054069657485,1.7345290748754973,1.67556538014907,1.6928549582376418,1.7393384685127333,1.7219756346833548,1.6450856313032085,1.6164998965526036,1.63357878375149,1.6540631924900764,1.6230783265438211,1.6733128659454464,1.6605704582179794,1.6251220858389226,1.689888124745752,1.667013488925623,1.6951128790276362,1.726677038264554,1.7263403055467967,1.6910505100015538,1.6916819993150356,1.6298675935246636,1.648533617695154,1.6044205206126012,1.6620745619203499,1.6707660083964946,1.6520230994633347,1.6229943405411824,1.637347067802184,1.6487051581016048,1.5659061413085371,1.6016763427288434,1.6217815699391545,1.6828132235072293,1.6616969704479423,1.616672599621239,1.5412898542469433,1.7163407078016157,1.5916224514295347,1.617802711003029,1.663874462331519,1.7243492390742334,1.707426081518603,1.702472975070203,1.7189492396787864,1.5541931249708067,1.637047028769464,1.7309601967333064,1.727176805266296,1.6782860063148026,1.6153644649316197,1.6149808672404138,1.6558621768315274,1.6885269025447913,1.626408852095276,1.6118669520359616,1.5950759645214154,1.6511254531882853,1.662885232178414,1.6723099548308114,1.6826444435899002,1.5989553584826877,1.7239306195020205,1.6619231815424225,1.7257485425853296,1.707692924565805,1.6524330724041056,1.6869905857133305,1.6675411066036858,1.6666192044083443,1.6430595109544996,1.692832333074596,1.655710899598228,1.597378648235615,1.6167436880072135,1.612450646178057,1.6512830026277037,1.6677773933481554,1.655687259858503,1.7180295392542528,1.7064581887751538
44.0,1.6950788019489496,1.63502211073895,1.6724068051744914,1.7444579503544762,1.6899721111499884,1.7438300568529865,1.6672764856447324,1.7042968546021176,1.6547577541468892,1.6678199516367052,1.63355909511713,1.6507395830771994,1.6376434373137945,1.6210305755282028,1.6529936269198566,1.7238691348938096,1.6235384338098935,1.6292070482271843,1.6955088991737453,1.6527149363278986,1.744877309562105,1.6788335765415192,1.7063109124625382,1.7459694348694528,1.7327119842372096,1.6490313902346585,1.6190155303791802,1.633521478483243,1.6497347495179968,1.6240188491718641,1.676126176457071,1.6655841529112945,1.6400469385569143,1.6936544893525967,1.668735571704438,1.7011029369644606,1.7282999220658553,1.7329509530638183,1.6970948618366377,1.6985216895769717,1.6301329487625023,1.6568969279442305,1.608715846576037,1.6679713868964285,1.6761498951031424,1.6626172760934532,1.6328981441569188,1.6333195974882182,1.6544810260497753,1.5712933051127635,1.6088324946058454,1.624853742237997,1.688563488975416,1.6728316125780762,1.6264323224593673,1.5496837176362201,1.7253617823655243,1.5956968358711083,1.6250026063862497,1.669645751683624,1.7259094187243418,1.7121200200706956,1.7101946272973567,1.7339909229087778,1.5620043166798159,1.6452255777866414,1.7334878859230136,1.738942796842745,1.6885427999296532,1.6290140823955992,1.6151420965745433,1.6741241737971975,1.694980238593078,1.6397879008243423,1.6196756058326331,1.5960203037456555,1.6545877507847677,1.6706115957272072,1.679788383107596,1.6911022841568462,1.5970152296327087,1.735943211148333,1.663824233227345,1.7276741081313054,1.7083435588940812,1.6595634101502217,1.6940255241132378,1.681289345526873,1.6774476795029165,1.6586269623706498,1.6998231333974947,1.6598597236768147,1.6029042692341977,1.6163047104808785,1.6216712795851391,1.6569909766088713,1.6777405820215872,1.6667487554673326,1.7257164850304438,1.715088523590594
45.0,1.7008296407690136,1.6397466321585783,1.6776843726287225,1.7502979062229092,1.6927996864496386,1.7464471759627966,1.6676106238006088,1.7106108698143607,1.6621990325325273,1.680847584871258,1.6406622301879272,1.6600843530964144,1.6414334593027449,1.6381802262836707,1.6608062803203811,1.7326220613040018,1.6321586753995925,1.635062723860532,1.7074489835250095,1.6587917444213525,1.749883501672685,1.6815927518138258,1.711011847571258,1.7515078863708062,1.738480336415081,1.6576831930243356,1.629678469678804,1.641319084604322,1.6483064138954377,1.6238274036992337,1.6787997865120086,1.6690588780184203,1.647672364349266,1.6992186991744085,1.6762361994487638,1.7063911834855028,1.7358099905793594,1.7397918102206236,1.7056488676174422,1.707419839001099,1.6324949377831675,1.6679410075716121,1.618527020074188,1.6761343750663074,1.6820169652183272,1.667412888375734,1.6358185022469651,1.6441827321340727,1.6575900442020743,1.5770806964855557,1.6123651658481353,1.629695045338336,1.6981133079606292,1.6787425928102555,1.6325653878165278,1.5520662813186539,1.7318512033294233,1.6006297293807437,1.6275875085836138,1.6840434720706183,1.7348632325704039,1.7133570355656111,1.7161172024073301,1.7372600515903032,1.5698459710534818,1.6526099080455117,1.7381723655469086,1.743421704569788,1.6988702463125016,1.645182472288265,1.6158043994523414,1.677912099277422,1.6992716911268626,1.6498271355270038,1.627929667933017,1.6043689296527506,1.6641679561059894,1.6789155918431637,1.6884611166234773,1.6932175486830723,1.60111448081981,1.7379269474433539,1.66470456256753,1.733550993842872,1.7122468956428687,1.6674552734933068,1.7022283313542435,1.6924154956083384,1.6810798173891057,1.6601565493846824,1.7037518138588335,1.6695793156953944,1.6079312242696835,1.6220289517915243,1.6263391648978762,1.66404674009212,1.6808694391604875,1.6708136064661658,1.732147642080177,1.7216011836121472
46.0,1.7077553002693515,1.6458600276956195,1.6844879030559503,1.755986252773002,1.7014230414677305,1.7598929292144496,1.6767359423747017,1.7123930891510708,1.662036367630717,1.6916381240544929,1.6412518446093036,1.6704033698206386,1.6481342411525641,1.6424201663911095,1.665795126187805,1.741687168982847,1.63528976687792,1.637887353772202,1.7161048339285077,1.6658392871911905,1.7535127484527198,1.6869010583998132,1.718250994536678,1.7574089666038004,1.7431316614370813,1.667182943567286,1.6364250751502423,1.6482793213632894,1.647371310385035,1.6311005013229927,1.6875021915855002,1.6797269839034776,1.659471667419478,1.708441943897175,1.6802484535655389,1.716313587243613,1.7463783741713603,1.7452096491406435,1.707731738667442,1.7103335031070293,1.6378543556279497,1.6758351198512484,1.6266408435775743,1.6859054274698677,1.690696111472313,1.6697788306432741,1.6395382892221644,1.6459072700004662,1.6581628953639544,1.5908070078402397,1.6133087560710084,1.6305962190201693,1.7004927995621586,1.6900602194999046,1.6418242901738491,1.5514057867288833,1.7415898613939675,1.6016438263966009,1.6347319083084484,1.6950309505239332,1.748114292384515,1.717279596340431,1.722300463173747,1.7411973473872637,1.5813008007416296,1.6556753627765355,1.7384568567343286,1.7474645500273192,1.7078380301083,1.6490599080674306,1.6216279270111498,1.686294534541496,1.7039260354759835,1.6596066756949046,1.6367083229650303,1.6144383223389862,1.6710754488353687,1.690059787014192,1.6927148121679463,1.7008339777131856,1.6001440311894148,1.7465027863330245,1.6697359081802938,1.7414199629022826,1.720594704292725,1.67216939628367,1.7059421403718202,1.6958665061936544,1.685379122355691,1.6732602709350295,1.7061122753690412,1.6813263776171408,1.6157531347230454,1.630315994242749,1.63083635734662,1.6655216489181681,1.6882662800043118,1.6777648286086515,1.737771032144997,1.7300381251554533
47.0,1.719279431358197,1.6484670786203737,1.6874586085376515,1.7584538144663824,1.7090274942649488,1.7713817641012217,1.682290608911069,1.7209969094229738,1.6662756789169206,1.6965613330658451,1.6468438161347005,1.67527219575227,1.6527042105890983,1.6494081608763955,1.672185664216547,1.7448887076062085,1.6453319965889965,1.6427106136854641,1.7242905768354622,1.6761257044759192,1.7551957756031829,1.6929230918753346,1.7219303026073203,1.7668211663801197,1.7474133292235194,1.6690120091853,1.6403682082958784,1.6547162823281722,1.6538769068182584,1.6325467492767163,1.691976127032198,1.6853027535677045,1.6645368100685451,1.711304115987961,1.6826138272168054,1.721022710872258,1.7499403483967277,1.7540809762561762,1.7134993211114713,1.7157019377961857,1.6468477899274236,1.684885567650079,1.6320334081618897,1.6914101343743833,1.6972301491296664,1.6733957914591806,1.6475516797497807,1.6525166287856572,1.668601689172692,1.5995515806876477,1.6187072588081768,1.6329279631631732,1.7065891934120543,1.6951635015395112,1.6441216711368714,1.5539833404402674,1.7472687608488395,1.6071432939444252,1.6355168314027315,1.695858979337093,1.7581985153087585,1.7195561315314152,1.7257466574141718,1.7417790094228156,1.588697136209036,1.6567990345200474,1.74143297544805,1.7534733295958351,1.7180047582845952,1.6542450663568051,1.61915602411892,1.6939781995389185,1.7137676116697025,1.6643785629729781,1.6431635005630878,1.6218639646823572,1.6761012883645026,1.6961233587189846,1.6978868902409747,1.7062127196171784,1.6047952969212285,1.7502945420277178,1.6739412291167088,1.7506447903130975,1.7281045230836964,1.6807817899661364,1.7092656430219222,1.7004442323216031,1.6893903919418314,1.676658867629602,1.7122078447877218,1.6850303988157653,1.6209766524411433,1.6329882322808968,1.6376352658231874,1.6712981732692305,1.699608764947279,1.6836229890025762,1.744887022058243,1.7382423701620702
48.0,1.7229340774464403,1.659753122858005,1.687786952233981,1.7619079199737977,1.7150503647403603,1.775009116466622,1.6870653584954363,1.7277867035440664,1.6694409753673296,1.6993947572147619,1.6489152878835514,1.6845509034789707,1.652171191386165,1.6540449045825203,1.6785180311950694,1.7483160358023087,1.65198678220351,1.651512274322994,1.7250955016836682,1.683115039458261,1.7545628694681998,1.6972948634830722,1.7253375554103387,1.7701700185856113,1.7500044968945756,1.6731515920557665,1.6398958363464047,1.6538658730602296,1.6563555907511762,1.6345808640445652,1.694668051407143,1.6847854920573533,1.6646535925330002,1.7161058739506163,1.6784297101486387,1.7267201135338832,1.7523854443559512,1.7558072168182879,1.7126618701232157,1.7215887893047168,1.656959682790039,1.690227354794043,1.6358517564017006,1.697549333534958,1.7009260007052005,1.6810985384720896,1.6545918490756362,1.658732060128097,1.6737752093956864,1.6007908392850312,1.6251722411772749,1.6393672973648126,1.7101615212119012,1.6998111851799358,1.6438130933653448,1.5595847567647922,1.7520762905490486,1.6060953554870345,1.63912861094315,1.697182720445459,1.7616321549297578,1.7293937312655316,1.7277280961063752,1.7483608165693059,1.5909473153610614,1.6593034471270762,1.7494324052571555,1.758420463558041,1.7198539651903464,1.6563865893822827,1.6249505124404977,1.6987022355312356,1.7210654693372167,1.6647225455992312,1.651502817647319,1.631933780256277,1.677584778815991,1.7002036277091412,1.7071353048312792,1.7095133778831184,1.6099695430803094,1.7489953979083495,1.6777194817619612,1.7573049790638886,1.7325760416313938,1.688677107086589,1.7103332511830704,1.7034416240077124,1.6946713102713329,1.6809374963131583,1.7216121292007374,1.6909336263802819,1.6316067797377238,1.6379882301766036,1.6479385023040503,1.6760446908889066,1.7050041939279237,1.687458675708238,1.750786583199422,1.7439224657366534
49.0,1.735012345790079,1.6691693266135552,1.6947162488342418,1.764311518922738,1.7145974570667504,1.7813375940990888,1.689551076473874,1.732906981778084,1.6705203381361688,1.7053250478523825,1.6538021292688048,1.6873822616636545,1.6594826908980467,1.6611472959272697,1.6847020540543312,1.7553146581270225,1.6547078636803259,1.6563624188627935,1.729248674718248,1.6871596880075999,1.7553079885975977,1.7062369971681244,1.7315291205248302,1.7760067211839206,1.753215044645135,1.6785169262742639,1.6408905554688353,1.6578727320113018,1.662705402535158,1.6393839174835667,1.6956520177335037,1.690635154782593,1.673546888984274,1.722812908980316,1.6790489400243258,1.7345756215497523,1.7583216056288988,1.7612512396828328,1.7171212827206201,1.7277053297262082,1.6647051601604823,1.6987268297983336,1.6451024930248952,1.7019230672378391,1.7057037268266626,1.6854176497727573,1.6582748058847796,1.6641380986279544,1.680622317108027,1.6103062320620503,1.6265462706863731,1.6429637236802113,1.719540727992479,1.7051444430767082,1.6534973395285995,1.5637622662840878,1.758363999024849,1.6082068948848465,1.6409570511238385,1.699269991850145,1.7658206958181386,1.736583097052894,1.7338996932934476,1.75125088528198,1.600223441233836,1.66571040058556,1.7534639159189567,1.7682744303563265,1.7249981842191688,1.658121012334618,1.627976209057237,1.7051204260685386,1.7271888933934625,1.6691521897738446,1.65508321310659,1.6358628914476785,1.6844421871336097,1.7051400776021468,1.715203050766319,1.715318481763916,1.6144471931015223,1.7559094472467058,1.6800859964433834,1.764195626603303,1.7409273059433095,1.6943550514275283,1.7152857891676123,1.7081820062037614,1.698443330182049,1.692774493823993,1.7294801362091035,1.6965182733559883,1.63597171625986,1.6434868389684885,1.6531724384695718,1.6829702041391161,1.7090922824280097,1.691525966503005,1.7564953258879326,1.7496499688659646
50.0,1.7414823392335084,1.6797870485475057,1.701477305187372,1.763794692698257,1.7219844688525214,1.7843448580301489,1.6943726442596052,1.7378683076527037,1.6697925798698126,1.7052481914973954,1.656527101920539,1.6930622107035216,1.6695138633092814,1.664432050197528,1.6899421253029199,1.7607251896249938,1.658451262511016,1.663854832641809,1.735967215086277,1.695356231829302,1.7617004325290713,1.7053705376867423,1.7375025914710103,1.779870948223097,1.759526023284144,1.6867843563179545,1.6443742713589897,1.6597231619895008,1.6636835631169193,1.6425716562176635,1.6982045543338835,1.6997663872973496,1.677911254375503,1.7278088174811348,1.68054288087503,1.7384409086955732,1.7686937918852133,1.7673908430262084,1.7194560321031933,1.7356952668500467,1.675719779743445,1.7018538382885962,1.653536904295359,1.6976012469870247,1.714196134351763,1.6878769160632294,1.6605810845244717,1.6657095231403003,1.6852293316424103,1.6171661412388805,1.6318573316783154,1.6496924122203032,1.7226182695313839,1.7155320527782596,1.6596151911827393,1.5689347697542553,1.7661456446261132,1.614648404728645,1.6474020254707469,1.7026138490269729,1.7724783964692772,1.7420094708857385,1.7382005766333595,1.7528174796224816,1.6052556818965762,1.6721371342460825,1.7575124069589427,1.770512472721396,1.7313738147570306,1.6665461544193723,1.6356764628596632,1.7042131284557058,1.7282557310511708,1.6769310884652717,1.6634743468043354,1.6466103993703698,1.6908671627118756,1.7104255655934082,1.716081631943536,1.7173216184379383,1.6192529158093198,1.7583710604795122,1.688624193976449,1.7712800490952216,1.7479481652493698,1.7029034081853933,1.716526955328536,1.7157934152235301,1.7039527757552433,1.6983688307350646,1.7341350851330715,1.7040247215324946,1.6445239974145611,1.653230942194179,1.6617732921335062,1.6857067042667426,1.7104218821153572,1.696606805046915,1.7634186908693312,1.7550764251238757
51.0,1.746581434567008,1.6857498752094355,1.7042633803783855,1.766724099088817,1.7282070946383965,1.789974305986121,1.698004995530343,1.740249728693606,1.6775999467522547,1.7034187640217444,1.6555531504283996,1.6962929386494312,1.6697764379810658,1.669630657087011,1.6933924153734146,1.7670257643673843,1.6625409131707107,1.6635630326328652,1.7402355588582477,1.705122672568863,1.7639967707470656,1.7135448624904543,1.7426495941786175,1.790079036635026,1.7614886777855772,1.689477201882825,1.654639753989342,1.6639219628414708,1.6631552363889985,1.6427106935583342,1.7020755219173973,1.7042552883166104,1.6805090909067255,1.7331203148465906,1.6794356344069954,1.7413113561914204,1.7719287397372727,1.7743144969913558,1.7210142087389577,1.7365555678420566,1.679540497450012,1.7065489291320903,1.6628955817473081,1.6998196916048884,1.717391065770091,1.691971381414029,1.6609956660430794,1.6734604748886188,1.6922154674242393,1.6204524351249228,1.6262886927051412,1.651285079423126,1.7215218794565197,1.71813921147639,1.6597720745593914,1.5708112881986365,1.773723471138237,1.618262565918709,1.6530710901028396,1.707185966844797,1.7757284246348937,1.7495132590703304,1.7439449908534248,1.7588595151437747,1.6081920290351117,1.6787351727836877,1.7604592013047295,1.7762000644915468,1.7353631901840263,1.6713912495425987,1.6391614132311891,1.708939231064058,1.7316751154135774,1.6826685871651035,1.6645538900542605,1.6491655706500055,1.6926473033210059,1.7173600272830982,1.7188093854566722,1.7173555997538132,1.6232581458185793,1.7618802047926991,1.6886582757092539,1.7740755614908028,1.7519571410013401,1.7064143027436218,1.723680390483918,1.7260188335742732,1.709450117589406,1.6970863852249274,1.7420978834891885,1.7085171549315108,1.6473538086809547,1.6537220984450893,1.665410712435369,1.690584443398702,1.7147114848866845,1.7019613447590862,1.7645544511084974,1.758593549508231
52.0,1.7488569920239627,1.6911129687224402,1.7086002104599722,1.7686226891915584,1.7351178196968562,1.7929294464494463,1.7012677372168934,1.7423969618999704,1.6748048285757033,1.699689717535906,1.6549509385008765,1.7016511302429425,1.6773935184784152,1.6755242006271642,1.6975294367616065,1.7716587859422084,1.6549435158363275,1.6682562547773088,1.7424614909790155,1.7091071800345576,1.7660877496239802,1.7208614066087864,1.7453599535537485,1.7907789986546951,1.7676587442052274,1.6932964780263857,1.6535223242409802,1.6633560745977822,1.666007214109402,1.6475109425739607,1.7078336084822832,1.7066651085741533,1.686316002137143,1.740774945440533,1.682591664605745,1.7428451020324016,1.7734778754443417,1.7810032285062583,1.7259441463601448,1.7418329169035287,1.6813616899902573,1.7146322854699136,1.6671470520803608,1.7003118913201856,1.7167067996927652,1.6907538788401844,1.6672698960238184,1.6857332556981657,1.6988035201354676,1.6270284171915539,1.6256846942176593,1.6562402801191742,1.7247750800778345,1.7181447445026716,1.6589740884701494,1.5697727352405804,1.773350367806736,1.6236702070272668,1.6539326502461298,1.7090144087483086,1.780234375936696,1.7566409406524595,1.7469267369825436,1.7639030683604537,1.613802255947159,1.6823972855810523,1.7657758737033433,1.774807644586248,1.7374880355363023,1.6763923363426663,1.645749522517981,1.7178989288474353,1.7343333246768018,1.6810762540023496,1.6694600068808145,1.6609477701439272,1.6990401455613462,1.7229025839015317,1.724829547017246,1.7208725143850458,1.625106164559825,1.7623609503699773,1.6980245192577805,1.7791355687282124,1.7560654839068763,1.7151076432303303,1.734296659599378,1.727726838324486,1.7122504237771845,1.7049009969168452,1.7522125845112073,1.7117070474551095,1.65070437651033,1.6680704542342168,1.6691753204284212,1.6968568480946242,1.7162887719166706,1.70555974549468,1.7709003061157895,1.7600968948697533
53.0,1.7509601316431178,1.6910768971843224,1.7134258598373493,1.7754138085084288,1.7424313887550427,1.7965094310834806,1.7013457694961824,1.7488791714050127,1.6758000013512595,1.7012212914970222,1.6592283810153645,1.7092272021004062,1.683196662604138,1.6768054358553206,1.6986727253698188,1.7746365857726016,1.656812025787363,1.670789622059659,1.7450099648359423,1.7161930941539834,1.770750385917537,1.7244190133037112,1.748007346361641,1.7934659995135365,1.7743744834939836,1.695367987448172,1.658021925846261,1.6669525907891263,1.6662135624848988,1.6539312723606998,1.7127672457404242,1.7128134147247196,1.6894967664168248,1.7437740444673968,1.6827309208547327,1.7465838132209572,1.7752717388210466,1.781907998064168,1.7319905259612804,1.7443050843555379,1.6836277966398825,1.7194114637699895,1.666333902248286,1.7006464092948692,1.7249278666544048,1.6960716107479732,1.6727023566035302,1.6885573132557077,1.703089353350394,1.6337383470201126,1.6256790741391696,1.6541421870906245,1.7273300325581085,1.7220593866151315,1.6646190865542778,1.5733877015823958,1.7733874846553004,1.6269137082931293,1.6603226822574326,1.7108983301589877,1.7841081163310337,1.7602447556836334,1.7480368201202565,1.7728913994472357,1.6203070211909731,1.6894710374881383,1.7739386287225032,1.7773715760141862,1.7400569580547076,1.6811461953791556,1.651712462489901,1.7196485394055359,1.7408136723981729,1.6885679437410661,1.6723186328514221,1.6641359024856623,1.7037869122414757,1.7277158402844335,1.7274242699039706,1.724594954551226,1.6252801002754558,1.7694242903894317,1.6991639586234821,1.7813006699351257,1.7596701680362448,1.720315659838999,1.7378490831278564,1.734271098500547,1.71600239805422,1.7115315689872923,1.7588745766796015,1.7146195170268586,1.6511978009952943,1.6706317027485624,1.6762565268589371,1.7004901150421092,1.7224018630078188,1.7077416775130665,1.7687868681002674,1.7674951144281628
54.0,1.7466923851747291,1.6954200099164687,1.7137364168158544,1.7781019353020289,1.744262452167398,1.7960781726766923,1.7047400425125372,1.7527660562127945,1.6807499726428667,1.6997743995220098,1.6614601806053817,1.713670312778376,1.6889568583354868,1.6798479519558183,1.7026613473162036,1.7744758734678199,1.6521701822966968,1.6710061570784878,1.7489859272318704,1.7147640640421742,1.7771239435014312,1.7294460608143922,1.7488594993558717,1.795651265862686,1.7783534645558634,1.6954384189311864,1.654275818079164,1.6698889881445744,1.6668367315244648,1.6568851183260256,1.7173047425545964,1.7167082548456198,1.6920949720293852,1.746566948871247,1.6897705812552926,1.7524916856981518,1.7811249857891807,1.7841711980941353,1.7336420142215803,1.746602706664742,1.6862647914283015,1.7236358559988145,1.6686689056404564,1.7071813958746154,1.732437121376851,1.6998119128352134,1.6758483619739468,1.6901167408213407,1.7081552523979238,1.639028049031095,1.6288389440499755,1.6532497453683954,1.727615853808649,1.7251691824951594,1.6651592184096307,1.5755507314873471,1.7806309225555679,1.6348125749241913,1.659694011772964,1.7165168242196776,1.790747572903883,1.764774268443412,1.7507678460474632,1.7757207297823576,1.6265732815924099,1.693461418054153,1.7766047859966656,1.7810198371766437,1.7451505629904596,1.6872462765596439,1.6483996191110397,1.723176743686223,1.74519554321057,1.6910176992326138,1.6731919041521854,1.671648961553938,1.7097223273098061,1.733878699355405,1.731019291891519,1.729882850652281,1.6314733046805914,1.7711835890407832,1.7026232429933645,1.7833518574568181,1.7646691399970869,1.7276510562362764,1.7390492996059135,1.7360354515485246,1.7195868044025477,1.7129388193413977,1.7624000218093938,1.7120319896235405,1.6505089224262286,1.678047766338944,1.6803607463113615,1.7002626319320475,1.724897914709945,1.7091047541348143,1.7722297966647433,1.772829986688108
55.0,1.7438195022550511,1.696626577277297,1.7141633573797834,1.7818275373796717,1.747930494470767,1.7996004302111395,1.6995278974884906,1.7508180523416565,1.6799577708397415,1.700925124151613,1.6665426073454597,1.7192070922303546,1.6918650460185536,1.6842535924661541,1.711852242265946,1.7737941435437325,1.6488390325716424,1.6750199059212532,1.7517708686932352,1.7204950414305615,1.7765956518725303,1.7348192022373699,1.753649614580074,1.7987530171219488,1.7819432798605095,1.6995834118823752,1.6551135255626777,1.6743794488128354,1.6672434065191948,1.6633335674108993,1.7224955889462175,1.7171810585580989,1.6960529561251358,1.748319117556,1.6905506919697115,1.756152541278232,1.783400813620533,1.783873565892985,1.7390810497499893,1.7499850863261377,1.687182952775881,1.7257030912820437,1.6684960487682987,1.7128390659996904,1.7342694227613722,1.7023801138340258,1.6816560144070318,1.6918821565361668,1.7106707845165319,1.6390681679781824,1.632098236935333,1.658924725687311,1.7301799864693124,1.729787938701487,1.6667531983603132,1.5800505066111878,1.7850488201676227,1.635695769949508,1.6634903897803992,1.7179382544915687,1.796370851745368,1.7711269462844512,1.7493128479895577,1.774359585330135,1.6285773900576939,1.6972021026310862,1.7806377190434093,1.7821144440012409,1.747935315072209,1.6923290493008245,1.6515430364071824,1.724412605061039,1.752092189953351,1.6936251201401118,1.6790365044101017,1.6733097860958757,1.71322377546083,1.7376287102297185,1.7358654186704414,1.7306301308658742,1.6313874266730077,1.7745568079855927,1.7039611083087682,1.7857386606745327,1.7680121033739427,1.725973824862029,1.7425094613622476,1.7393014446773305,1.7195359817716984,1.716573517923702,1.764756258174781,1.7146000588971921,1.6566513592310372,1.681868916450205,1.6831394127556605,1.7011869157263024,1.7275263212958532,1.7129276959624113,1.7763212968116808,1.7697191516260447
56.0,1.7449802813064048,1.70460522526388,1.7174480303062887,1.7837809602332968,1.7484940316621478,1.7991253072059743,1.6978357886804718,1.7513802739302768,1.6822761297439646,1.7018256625994206,1.670494931013254,1.7212628104500196,1.6961714789317026,1.6852661238257323,1.7139509496335228,1.7742334836528848,1.6451913973032386,1.677368405270746,1.7573339496524658,1.7232390608868828,1.779074639485059,1.7363545942177327,1.7580740401607502,1.8001573965810764,1.7858259896864446,1.704200760442283,1.6533565359753266,1.6753536254679566,1.6670973411677763,1.6672291900237477,1.722740542062842,1.7188837852209748,1.702012961426136,1.7534145666125829,1.6928075687684057,1.7644958470700651,1.7899340881014962,1.7871845971894573,1.744387360805375,1.7532600481523775,1.6919046002021414,1.7267269370181855,1.669888640897757,1.7169013626096574,1.736551068504776,1.7036923926147616,1.6856920739732386,1.6953953707556082,1.7140035210664324,1.6455332601428776,1.6319741824171354,1.659967406271725,1.7288251692863352,1.7335432317898152,1.6709549155480958,1.5829108077512095,1.7918290122187113,1.637286573865048,1.666530172844249,1.7232917831545276,1.7988846160947816,1.7760477819088352,1.7524570749522421,1.7786410938680888,1.636092994448202,1.7006186938937184,1.7806248596801992,1.7851093580712212,1.7549080230910648,1.6959489430061387,1.6569540720270617,1.7274272732189322,1.7509574241989627,1.6972230974090976,1.6829821085811696,1.6810412818818847,1.7219052323120239,1.7384868902686994,1.7371502318564704,1.7317361995951304,1.6349404391067985,1.7780475885389337,1.708902087192625,1.7905431378496093,1.773274611151682,1.7257948834434662,1.7469888434583176,1.7429244987183634,1.7199310704441668,1.7234828527369774,1.7683832966068973,1.7191182165136352,1.6560426874242815,1.6868893815061656,1.686673600201759,1.7072700509489571,1.7296271984725082,1.7149435739589005,1.777360428132695,1.7706663272541838
57.0,1.7349124807318994,1.7063414476336525,1.7208725007944194,1.784006489630694,1.7525246558689604,1.7976886958637621,1.6991467793402661,1.7558381204205773,1.6809443516006932,1.6966361396285865,1.6718007019179522,1.7236753188657918,1.6996051019207832,1.6866118697304655,1.7164589028852075,1.7736734251762356,1.6396927453631978,1.6846155592449434,1.761161127872626,1.7260956215774128,1.7832015936157493,1.7388775749143006,1.7616281639653155,1.7988430748002247,1.7919957078836437,1.706310360177696,1.6521080018656429,1.6801712147576409,1.6654948056411198,1.674247516158857,1.7243219357655162,1.7213048730758937,1.7042116808972902,1.7565443036410282,1.6911799425497747,1.764419521370583,1.7926696442548737,1.7904635262266992,1.7478480043472069,1.754178026970461,1.693463342802882,1.7283828560701557,1.6704087609855685,1.7203515398493636,1.7382272030811907,1.7048779826729847,1.6853291306263314,1.6959954439901757,1.7180446441286632,1.6472302013744509,1.6338966421155405,1.6675666772899473,1.727976149814682,1.7373209719990201,1.675232624784399,1.5874871291084351,1.7941627967672986,1.6392940505624618,1.6712221779054786,1.72764680941507,1.7999759837028442,1.781157264202619,1.7567550949300557,1.7799226605406337,1.640828212574992,1.7046039537824986,1.781969908237979,1.789404675807299,1.758551142767228,1.7024796078462525,1.6614997257930304,1.7277823011289124,1.753602283816425,1.7009993306880071,1.6856098887462947,1.6835357898494048,1.721733090556134,1.7413101857109246,1.7388465264160247,1.7390518736266893,1.6358054654261232,1.7827010755751516,1.7106970184658248,1.7907103730486733,1.7743600655402492,1.7303777865760903,1.7515676083881804,1.7441395270694446,1.7222204301831738,1.7277712590734693,1.7740339696686092,1.7208488461196896,1.6608082142918985,1.6862305728525548,1.6855078751286228,1.7092984258582224,1.7311559341102416,1.7163560713689425,1.7811580131119464,1.7732436375749536
58.0,1.732943880755718,1.7114188978118112,1.7250163083507788,1.7874227054704426,1.7599515225346938,1.8020714716524449,1.6986714314193254,1.7606807407040266,1.6850487690595033,1.7006392705906284,1.673202878709198,1.7261902270570313,1.7022864793315977,1.6893585701467657,1.7170518019937495,1.7764132709617138,1.6378781593625173,1.6880153200448307,1.762057016943535,1.7304935560365795,1.7856306492246639,1.7419598696553256,1.7649201056039898,1.8061733706478844,1.7963176293264496,1.710286517609373,1.6534876601620059,1.6841667681583388,1.6668508057352638,1.6757641678345134,1.7273939567834524,1.7227104045802422,1.704361798713256,1.7606439472324262,1.6942829711229581,1.7697589213047755,1.7966259915127551,1.7931810961030137,1.7503376841851015,1.7565062286424387,1.697374043545997,1.7307542770644557,1.6790227459216482,1.7200785443336513,1.7401305295039688,1.706395802629967,1.6892631573406622,1.6937803277250916,1.7249445506506504,1.648969969735857,1.635197403237313,1.6710756397849396,1.7298347716263638,1.7383435153617361,1.6781456215690702,1.588056479738486,1.795158486825845,1.6444061833438817,1.6740119181101893,1.7281693345527902,1.8012704836654319,1.7804668269829156,1.757845726966076,1.7831405772840339,1.6429078219706492,1.7064535299811112,1.789303879315518,1.7951584713907907,1.7590145242113124,1.7063928716709862,1.6619212277064708,1.730601461799944,1.754277926963524,1.7011299115647678,1.6866864366555687,1.6856970830970395,1.7239334687721728,1.7500748509566402,1.7409097895954802,1.7429294915581863,1.6398472367618506,1.7834772232919212,1.714647282269304,1.7943498191410032,1.7794131214160356,1.7341572987779568,1.7567418036754492,1.74620099510228,1.7229038653590287,1.7305678157933189,1.7755156974012765,1.7252768766844508,1.664589936284887,1.6871494499668769,1.6905131616894458,1.713348279163096,1.7313527802929747,1.7215540087332701,1.7850769935206503,1.776308378255272
59.0,1.7277867044804245,1.7132124794060066,1.725412554720745,1.7857083412049104,1.7612968156364617,1.806011006270509,1.697630168405242,1.7662487040986625,1.684366044652858,1.6955250849190882,1.6760212756045008,1.725500924380672,1.7036040384329474,1.6913356863618734,1.7198774066680735,1.7796756032333971,1.630737786672248,1.6888053308809652,1.764608619323165,1.730693947186307,1.7869593468259677,1.7450306638628288,1.7663204468754725,1.8093319584806404,1.7992202486675415,1.709602178207504,1.6491198579866808,1.6840754705021306,1.6678223770547373,1.675860064644083,1.7286392684157261,1.724424600195186,1.7050868372467471,1.7607150544807961,1.6947003952568391,1.7740635738992692,1.7964877753635353,1.7967898132233329,1.7510543868140367,1.757587997188304,1.6993872658247322,1.7316462540395319,1.6819469141062668,1.7213514702501518,1.7402886998361582,1.7033081459243582,1.6919314301830897,1.6928400216685153,1.7324975966192253,1.6567600985194373,1.6402308197482682,1.6693658530315574,1.7355381266086236,1.7385031251509206,1.6771080681632746,1.5907276432421658,1.7990986185842495,1.6459786829355916,1.6764785675112077,1.730069524485961,1.8008120873183207,1.783318218722209,1.7640636176761193,1.787443605428719,1.6510085018421043,1.7062665988437664,1.7897904891711556,1.793286929960075,1.7600190543918874,1.7083281819787828,1.6621196828489562,1.7319070296094354,1.7557793998967834,1.701834988425488,1.6907568270330862,1.6895081359019024,1.7262115414709778,1.7519368230507213,1.7453013475072152,1.750015359701891,1.6396662426915143,1.7867460164825288,1.7169212622624301,1.7972861061978507,1.7806661921507272,1.739905514347493,1.7612065288350682,1.7456985961008722,1.7250760491555701,1.7313990400995962,1.7790801626838775,1.7262106458970703,1.665730797354973,1.6952849692302097,1.6937706440408737,1.7178818198527086,1.7368199742760648,1.727282852305848,1.789710743152062,1.7796902744857028
60.0,1.720507765486103,1.7146527287124396,1.7274302419314331,1.783643041044365,1.7651799357483058,1.809503614418379,1.698810934617067,1.7687610553874717,1.6847471380172885,1.6967774537429479,1.680308104083158,1.7303488996883132,1.7039994938422938,1.694622572464804,1.7203772793857555,1.779355532199279,1.6306355429373187,1.6893247593253207,1.7650203003484317,1.7353682305334182,1.787580592479551,1.7472120194005918,1.7686864876502457,1.8106905562711564,1.8050393072860367,1.7122370820697743,1.6463707498298983,1.685883815861381,1.663652822742871,1.6779130694678779,1.7300235852338894,1.7278580002833914,1.7027350922659419,1.757969312082063,1.6941234357350434,1.7766785089161325,1.7969911439988198,1.7955830912416537,1.7499979665318812,1.7583129475495711,1.7020211554037663,1.7357395863477358,1.6845132367557452,1.7222908729248587,1.740407586026691,1.7071578009208743,1.696719636322013,1.6944748676352084,1.7353404394426362,1.6574490154317167,1.6436775099541192,1.6695742145042975,1.736308993000189,1.7420644600078,1.6765856980773042,1.5956560849843247,1.8001421987113397,1.6493803759556753,1.6786491360984177,1.728005146547675,1.8041014111980316,1.7826940718468807,1.765114652842392,1.7886635272613558,1.6531193235836046,1.7096501793661167,1.7888130740601407,1.7933194734385487,1.7620421939239974,1.7120239478345671,1.6641307866067572,1.7363962138657372,1.7570152549095124,1.7000550023474255,1.6912481402184563,1.692115562527448,1.7272646668879685,1.7543042711280856,1.7432939631191364,1.7534286907304173,1.642749162044479,1.785350602960247,1.7210458110097322,1.7971225759306741,1.7840856107219671,1.741348866135232,1.7627050244004172,1.7446893659852143,1.7287898520747749,1.731126283366626,1.7800007047448225,1.7263538179944693,1.6672328494121875,1.6959351603855666,1.6982493780460137,1.7182145254717773,1.7381194026491082,1.730379162008009,1.7934112879824176,1.7820176577516258
61.0,1.720359759145083,1.7155169078187937,1.7296360497722316,1.7819223814974294,1.7716940054993635,1.8134698918657293,1.7019342847560437,1.7675600005496765,1.686545133229226,1.6994453037681316,1.6819744531886147,1.733126913601425,1.7073646498497508,1.6993148396861177,1.7251208563826042,1.7794118747172092,1.6273437349467819,1.687270549160617,1.7663514752402174,1.7381645978474165,1.7931835913913479,1.7498450714262874,1.771342582623515,1.812453243275612,1.808394198001199,1.7149578950585964,1.636814176404599,1.6881087291778816,1.668458290217674,1.6796914603179809,1.7304880366107045,1.7309152064336604,1.7022382954698958,1.7612764474477085,1.6968737642256788,1.7790504858879548,1.7987043408681291,1.798483427701827,1.750111139172056,1.7630533264634785,1.704025533890816,1.7385058537816866,1.6819417876451621,1.7252325936686528,1.7406101797847606,1.7107793731678875,1.6957573930175063,1.6941865312976871,1.7366638003317425,1.6604195714217285,1.646303135166184,1.6685705697521038,1.7397976212126312,1.7427855070678757,1.679318388694632,1.596792866440602,1.7995442705954312,1.6532229244720114,1.6803488246965614,1.7283964264636749,1.8056953832529905,1.7824206420264355,1.7661339477824574,1.7900212930493025,1.6562591838219616,1.717890707441032,1.7892053870522304,1.7927892586970846,1.7640195632318878,1.7156955002267211,1.6663904454965788,1.737244248733703,1.7587222684615196,1.7028841558626022,1.6914423945802877,1.6982911243832732,1.732215049561116,1.7531132484292107,1.743010490077678,1.753444659409656,1.6457806584749994,1.7860735552295237,1.7267020135765716,1.7972235392872589,1.7835334207790665,1.7406773450133095,1.7614494017216027,1.7484892175659876,1.7321156726376665,1.7340792109011782,1.7806778670323782,1.726823036100679,1.6658703054096504,1.7004550893035415,1.7005292110818404,1.7247495424495172,1.7367338726222765,1.729983556346827,1.7949954366253844,1.7774579418678322
62.0,1.7158305467843367,1.7209541573904295,1.7330412799420956,1.7820811558324088,1.7758979809288888,1.8183144998662357,1.7033563444322968,1.7738926945631681,1.6860567661488803,1.6995021812986988,1.6860053523823368,1.7358007411281742,1.7118768187720719,1.7004293480726478,1.7284965852084262,1.782077520262806,1.627822324928318,1.6890071198937162,1.7674395369369875,1.7397472685824018,1.795738167473475,1.7549733816709743,1.7742461249010335,1.8236201192558328,1.8127334424871433,1.71713574959907,1.6324076889089412,1.6886940884213866,1.66670318839944,1.6832716436528743,1.7322119816704535,1.7327979079139657,1.7047214123407612,1.7654579450388832,1.6995218589193273,1.7828647962548387,1.7989369596919467,1.800308372303045,1.75010702163761,1.7687448925119544,1.7084986789582703,1.7405578568036975,1.6802032933697377,1.728470852666555,1.7418568134375427,1.7124292091477813,1.6970380457838068,1.693452141775988,1.7406621082548608,1.6611841608971305,1.647772565490474,1.6718466353196297,1.743447985654298,1.743330711490095,1.6776270843586902,1.6015213470745193,1.8022076649487904,1.6565700992077141,1.6861409167164472,1.7313374544057576,1.8063145578200333,1.788529440307007,1.766431527811916,1.7927838297328396,1.658162895363955,1.7196570893878314,1.7933750757157427,1.7931291423674764,1.7645912008657678,1.7182084621606126,1.6688259437808293,1.7408999204452007,1.7616433199718982,1.7053340245029778,1.6943226412383334,1.7003535428094498,1.7345737603429963,1.7549017563215084,1.7454498998294525,1.7572153770692225,1.6489269275960177,1.789908612634276,1.7290926115437963,1.7986523543704596,1.7828068270593498,1.7464094834459163,1.7623653043367498,1.7500524274481972,1.7369203895685705,1.7381605365339534,1.782957917458751,1.7287302446835369,1.6706889027776433,1.701980371183375,1.7058634024804882,1.725841651375072,1.7438673645636869,1.7362956512679493,1.796933573182332,1.7817392322615506
63.0,1.7108521263032475,1.7275931876790294,1.7346787207139316,1.7829156274785956,1.7811434808046671,1.8169906900565682,1.7046297082430462,1.7825183154430129,1.6914594165971262,1.6999954709895029,1.6896934333660407,1.7352986352904853,1.7190356694193714,1.7025021991666882,1.7344494394483276,1.7875313702094586,1.6321347371558836,1.6894895444136906,1.7716854839798566,1.7413085036150933,1.8009536566892228,1.7564626036357642,1.7772044805823004,1.8234286134360422,1.8162303001945312,1.723824799050326,1.631795781206742,1.691365036359304,1.6676795308797108,1.6864373879072698,1.734332524395138,1.7352699639784297,1.7095973351608633,1.7671228849085796,1.7007383906917397,1.7816322092711354,1.8020690002617157,1.8030955052322506,1.7520808494615687,1.774341089709706,1.714183253523738,1.7435971716268905,1.6821931466345257,1.730235967440347,1.7463721555134468,1.7141041241193808,1.6998303294906116,1.6937862520974363,1.7452845501422978,1.6622995605471076,1.6510223432391107,1.6746346945589488,1.7467848961991497,1.7465571881966757,1.6802585828671006,1.607184836821963,1.802934278444942,1.658487730782104,1.6885197644937144,1.7349924562920263,1.8109856248929845,1.7889584164097607,1.766694532617301,1.7932897144296043,1.659842433138882,1.7190343041550114,1.7952683698249412,1.7929497714448117,1.7648704260320833,1.7252695808460325,1.6673155189798006,1.7434036720478847,1.7646941743602262,1.7095012715697022,1.6948133728243326,1.7049190845120963,1.7346550603534354,1.7563673149556964,1.7482988707522646,1.759548976574569,1.6533639033040304,1.7915849376816122,1.7298212195963665,1.7987845867160372,1.7833636579692587,1.751654708357711,1.7685463407609772,1.7555438563297816,1.739500308565911,1.7430223843254686,1.7834324296102833,1.732426468588276,1.673280223073895,1.7067443827514888,1.7073896773133515,1.730607446878497,1.7458210969382864,1.739311775098941,1.799090771896304,1.789164489953763
64.0,1.7056211217616164,1.728109773922393,1.735909165660194,1.7809483269210797,1.786312624415588,1.819721114325912,1.7078853039344202,1.7862100100826375,1.6921747082225347,1.695776768983033,1.6929373527675413,1.7366763979457416,1.72332350163709,1.7061289059690663,1.7370297736743927,1.7894749014510558,1.63383876861999,1.6949999026134985,1.7728221740328722,1.7423391953809175,1.8039421045450563,1.7607439744441649,1.7790862600774813,1.8258645322768756,1.817345394509846,1.72467928397805,1.630707989902249,1.6945845756267888,1.6753487003686822,1.6890320629703721,1.7381620724583946,1.7362546256878177,1.7109609888268114,1.7674702136794678,1.7043103911007311,1.7834040472007222,1.802628962394744,1.8049191825719195,1.7578465513553405,1.7778720048664167,1.714238110777959,1.7493534653617369,1.6779076293826363,1.7310969644917942,1.7483140992867157,1.7173240453585494,1.6997779080272635,1.6961631469249363,1.752019778631451,1.665011956926757,1.6556161487123602,1.67783814639935,1.7486676524763995,1.752452071370374,1.6813606558667027,1.6131537629261006,1.8057088837791546,1.6627059173390226,1.6891625820890506,1.7386366870896839,1.8132218263584334,1.7888765882098892,1.7683055491789856,1.8028224876302612,1.665280362611251,1.7249671985134425,1.7966891334743806,1.7941186672824112,1.7643501593804432,1.729972829157259,1.6651695033557614,1.743272710019138,1.7686039470199608,1.7128538097878996,1.6982824135893566,1.7074499565073837,1.7378249787846363,1.7569756988323082,1.756144539576907,1.759833566259383,1.658482082405873,1.794134686513469,1.7305985002639819,1.8047773420100601,1.7887494528414283,1.7560602225160404,1.769298901447622,1.7561929807716672,1.7407301541175633,1.7471579166651756,1.7872435371458257,1.7343501427071562,1.6796682928891546,1.7111395392489879,1.7101557245064771,1.7367571034490066,1.7473858438253393,1.739976625598456,1.8003660537873085,1.7943864765514372
65.0,1.7010856294100418,1.73118316213586,1.7374199087593822,1.7831490403748051,1.7903399556519313,1.823992407072405,1.7026274941645623,1.7925840166609261,1.6930098486509793,1.6894965371597828,1.6950523938615683,1.735848975157137,1.724590116218763,1.7097664447738403,1.7402728435720534,1.7908910817936101,1.6372139217276311,1.697667154011103,1.7752180456494022,1.7429870415662903,1.805692568941717,1.7629377753525548,1.7848239548816145,1.8317441793710976,1.8192746556030457,1.7280299652937117,1.6338609814206093,1.6967657935908935,1.6737744686453868,1.6912925690781087,1.7384667068784647,1.7374184500222873,1.714931529365398,1.7700044077885764,1.7064948276060676,1.7861095017197104,1.802734076143073,1.8077531842139294,1.7587891753026796,1.7813866992693304,1.7174994768119674,1.7506238425320741,1.6794165484355503,1.7297497523454402,1.7487336482134483,1.7183531725497592,1.70122410444928,1.6970173583391583,1.7533965574416952,1.6686838096096863,1.6558425877066072,1.6785886599562416,1.7513307058885248,1.753042752274208,1.6824467632448263,1.6214526800471698,1.8051924791223195,1.6637359866675636,1.6950539883325293,1.7438323577693136,1.8139482244882512,1.791325618744883,1.7734578590432426,1.806421764533566,1.6715607183938603,1.728832645643662,1.798938857482027,1.7971669346639623,1.7659751758780295,1.7368901854781293,1.6677048202984035,1.7444456332350025,1.7687098020200631,1.7151661981528905,1.7004839547430162,1.7099346580579664,1.7391359156781638,1.7601319158607125,1.757140503137982,1.7614941685812908,1.6603419978756913,1.7961753196721808,1.7308624887549289,1.8079212545640417,1.7915273979574502,1.7620845787819286,1.770346268369614,1.757899552522732,1.7419371198792397,1.7491183147959497,1.7936842717121289,1.7375378148546128,1.6826715800349816,1.7118356051208998,1.7096616937364633,1.7390855175473492,1.7525346102990733,1.7408774489792904,1.8039130538686867,1.8013192214539169
66.0,1.692298509443025,1.7325234633747209,1.7400617959304392,1.78500648694561,1.7909314144166586,1.8281674836035964,1.7013257652372276,1.7967372113034774,1.6937150468819828,1.6834258638275557,1.6991057859825511,1.7371785739701935,1.7307574746148764,1.7122598447188968,1.7431808672215765,1.7922403658786166,1.641898938050165,1.6984553830050049,1.777788038591416,1.7442579899902815,1.8089550679352033,1.7636135295622297,1.7852488241657904,1.8339086522620158,1.821067456642502,1.7337316276139483,1.6357068319457024,1.6968585926327011,1.6772577539555429,1.6954993363395139,1.7435442213644052,1.7401571196991295,1.7153492983859735,1.7709137853414616,1.707869758080822,1.7880551827121953,1.806156255654074,1.8126006039133178,1.7608151572937174,1.780993183318113,1.7201116325298376,1.7538431711844007,1.6796297654271095,1.7347325139479333,1.748276296304997,1.7221492363888193,1.7045317298035458,1.6972120149898227,1.7576401727731175,1.6724334923289192,1.6578919316708245,1.680951613887677,1.750024637350438,1.7533691474361326,1.687797448776495,1.6263136489123289,1.8085397567514019,1.6649710968518183,1.696442722545759,1.7447485322401974,1.8178449636916387,1.7933021181657631,1.774838616452509,1.8075600204648106,1.6742979089220658,1.7316282089498856,1.8005654072175061,1.7996729736095631,1.7700697610125753,1.7379959355196404,1.6694021022217542,1.746137004356295,1.7740068406626133,1.7200268264846248,1.7056674974726238,1.7110498285377704,1.7399357687853354,1.7601292141917242,1.7588264004424135,1.7640754770718747,1.6649596861161904,1.8001246775027384,1.7317457345460656,1.809444535849009,1.7936927923321182,1.7635290317554246,1.7715346321951757,1.7621707489559264,1.7450783848108287,1.7525167099159364,1.7963988132483302,1.7420666994075216,1.6825801986850255,1.7133229928816684,1.7130287584253787,1.745957306734752,1.7547441706010305,1.7409319010599087,1.8039376794775388,1.803362877874093
67.0,1.6850725834068372,1.7307062901507941,1.7366511998148606,1.782222615076777,1.790821528361549,1.8316843603767639,1.700304888025147,1.7983855359105072,1.6934832208599455,1.6763131565185327,1.6956748580801495,1.7403229361550248,1.7293638186148348,1.7130554805257052,1.7416163160834057,1.7884973141276792,1.6447928283264837,1.7011932329476074,1.7750986730198242,1.7435727382119428,1.81028222163733,1.7624788461606729,1.7814584615552698,1.8366967442200335,1.8209739102074631,1.7346050734227938,1.6367169219444835,1.6979818804957127,1.6770444505506474,1.6944132731150143,1.7434288617493108,1.737461602550422,1.714374977531061,1.7712257200929657,1.7065312012908038,1.787852306212263,1.8061274550222628,1.8117400416895835,1.760362779573486,1.7803764862068476,1.7192574823476465,1.7540616952031405,1.6781972874744326,1.7323015577344676,1.750502216273185,1.724286550611254,1.7058654368632975,1.6991547663795552,1.7577031632020925,1.673047345614441,1.6565356467464463,1.6825708026322228,1.7506140269050323,1.7554463191795984,1.687617107701867,1.6252374176277409,1.809629838244135,1.6626311317393456,1.6954599736679383,1.7450988657774626,1.8202766331471245,1.792080918869976,1.7789657417179716,1.8026084175188084,1.6742941387749417,1.726844583456918,1.802323523302309,1.8046625143302784,1.7682195117139983,1.7359994697017693,1.671748649391704,1.7442574747398893,1.772302619733514,1.7213225824389535,1.7064731535093824,1.7092910640566936,1.7405541593828526,1.764151277391193,1.7578652155273151,1.7637153513964714,1.6618179105594768,1.8001596851244415,1.7341202475694908,1.809943204515684,1.7913418304171471,1.7663931128657653,1.774811103584919,1.7636036910116817,1.7478349928445063,1.7492069259164293,1.7988067293910233,1.7420320663654485,1.6837188216456296,1.7119269585266628,1.7154572624776434,1.7471647113884872,1.7525514276202578,1.736780988279831,1.8032043829566569,1.80946886722733
68.0,1.6825612901100069,1.7315621954184917,1.7353714882021671,1.780114545629155,1.7911154151635504,1.8322618371602435,1.7017563986321826,1.7981859683130568,1.6918977336063257,1.6717009995842649,1.6973151030746825,1.7464945964562746,1.7316112223701792,1.7099447348399461,1.7399983708470383,1.7865676743651018,1.6429709269957171,1.7016130151267104,1.7749687782752166,1.7441661714322243,1.8113520827994523,1.7654443906647124,1.7813797901609358,1.8379994943677664,1.819145795338311,1.737608535466689,1.6371047942459227,1.698502296182748,1.674975922144101,1.692744665521846,1.7440027991737046,1.7346718495171785,1.7141519153284848,1.7702029408412499,1.7092257550947088,1.7897395507004907,1.8075389480510597,1.8108361470479972,1.758188815353556,1.7812833853029433,1.7215128593329274,1.7520874345041648,1.675749368082078,1.7338163918739884,1.7538132365607708,1.7241649209760264,1.706772996851267,1.700086379212373,1.7571747094615384,1.6721025270056027,1.6570494311235486,1.6818751295466217,1.7505942076269696,1.7544687835891013,1.6863393103142115,1.6219930209226259,1.810070136474736,1.6608459756837937,1.692534027998236,1.747259227884169,1.8188874343685795,1.7929492089729073,1.779929207544717,1.800409055940423,1.6730436370561952,1.7286027410683145,1.8039895205953365,1.807979328136201,1.7676865344314017,1.735462181752815,1.6714130283787452,1.7417302156143337,1.7733064829798117,1.7197779264182416,1.7075395793867683,1.7065643306137124,1.7431702718005286,1.764163538577265,1.7621411903858701,1.7639950665868853,1.6628333644052846,1.7968477504396838,1.7341253814151407,1.8117064573280657,1.7917081901198357,1.7653873346717832,1.7748413657124085,1.765304198862891,1.7479541329189558,1.7510582526327072,1.8006347515856687,1.7442390919815807,1.6854333992187671,1.7102687929901688,1.7149279671465945,1.7455142881906558,1.7518931078246456,1.739253462973767,1.805148034428161,1.809193593819869
69.0,1.6832657201090941,1.7331936563838968,1.7345284540195536,1.7799936701451258,1.79346918810243,1.8344789150279053,1.703422916621093,1.7982303446335797,1.692935696280419,1.666224407526803,1.6971937909878039,1.7473243335971707,1.7331215139549367,1.711541207281375,1.7393486332589385,1.7841067124890133,1.646707281683281,1.7009069227876714,1.7781427171175208,1.750632751065724,1.8104035798590001,1.7681529052492306,1.780697646903399,1.8393334005491007,1.8194182099224114,1.7335593985250193,1.6384021587491515,1.6994225694968679,1.6794354380102343,1.6927619004595997,1.7453652315289017,1.7337362883150425,1.7154418616502811,1.7680923526989347,1.7036947589957585,1.7893256581825632,1.8072172136611424,1.8095723832034414,1.759398077472308,1.7793390520521475,1.7235644671131132,1.7536138797128735,1.670786305789232,1.7348371544967303,1.7547559147231766,1.7230517296109498,1.7070787403462133,1.697810063763201,1.7566321361042216,1.6730279650205726,1.6588202622318176,1.677808155731918,1.7498404740391629,1.7562456230320294,1.688509983190891,1.6217228502146797,1.8115796016356647,1.6592761395976423,1.6919582290978619,1.7489543311492386,1.819275963272766,1.79560475894776,1.7794459407067391,1.800241033947698,1.6743252149620462,1.7294671044064984,1.8055162785763539,1.806497707526976,1.7720377442740087,1.7349998499404407,1.6706528112876202,1.7415148828602083,1.773879000542184,1.722004509517195,1.7058077923294312,1.7060809964386094,1.7392055895902532,1.7639915842112452,1.7689994899651742,1.7642618366217773,1.6625948309612348,1.7945585207131594,1.7343844029861213,1.813606079374079,1.7948200297001038,1.7672817624866197,1.7713604834719914,1.7687354687500068,1.749997965491855,1.7528568513812088,1.7995577024427,1.73870603798721,1.685590702503581,1.7098133821851627,1.7141387706486966,1.7412174029504102,1.7496290416941902,1.735825107589402,1.806230306400528,1.8084004222301062
70.0,1.6837161180312212,1.73269159491622,1.7350027742456708,1.7766608979702945,1.797422830574677,1.8363929223407685,1.704989977324874,1.7984475937180353,1.6939269965490522,1.6609443148177174,1.6963032378521952,1.7501749948102474,1.732428342369785,1.7129035120686444,1.7358214608758367,1.7830517444423866,1.646607318586318,1.6975104385406488,1.7769859874821792,1.7498195330835926,1.8119456953377484,1.771645554473401,1.7807676199361075,1.8415166314757827,1.8202172430118015,1.7322635901250278,1.6368386866630913,1.6971748620345413,1.677534899626139,1.6935862473121084,1.744975399905347,1.733750737348932,1.7196596590589122,1.7701564738111533,1.7092924257353774,1.7873846360568828,1.8089541698074953,1.8099079419119082,1.7590921818294158,1.7778012896008393,1.721301995030898,1.7521075849282803,1.6617829917785771,1.7371451615963587,1.7574760139781902,1.7207344043854647,1.7075611552708363,1.6987955186970245,1.7560634810874263,1.674034135974699,1.6588807405594803,1.6733742333992996,1.747261347802157,1.7553019786378734,1.6948093213290507,1.6186985993196843,1.8100527802600492,1.6640675379226324,1.6945657145992485,1.7482879427086544,1.8157737461034265,1.795589279494219,1.7823790933125152,1.799981181997234,1.6749611140126077,1.7303126238323863,1.8038404731030127,1.807344664302005,1.7715020042400824,1.7313114900534674,1.6675243216867595,1.7405642853611394,1.7735393520992848,1.7278696652996137,1.7040492464442418,1.7065940589351003,1.7449101427861806,1.7655807934233432,1.771831948348365,1.768781493661486,1.6614167254245462,1.794964802212754,1.7344386697564196,1.8180149942580481,1.8001417081179103,1.7665987434334178,1.7723754623510435,1.7691766510096236,1.7496116496816052,1.7529533942440938,1.8029129422613832,1.7384371911019283,1.6842830174549202,1.7109234053407718,1.7137204505015773,1.7441079472792205,1.7500766985800387,1.7373990517040336,1.804230396888156,1.808384083509269
71.0,1.683371544892163,1.7337698094369678,1.7360775895839518,1.7783584977717373,1.8023046101628284,1.8365837074906683,1.707339822304297,1.7988293282502568,1.6967379489365981,1.66059119336504,1.6991791871354185,1.7529904251183666,1.7366564821445134,1.7130540973624588,1.7366906718824309,1.7818891096520448,1.64554464260264,1.7013076849788644,1.7757637947982643,1.7488144659517333,1.8126017843106175,1.7730430183850323,1.7843752990455717,1.8417915708345338,1.8192112423078046,1.731750031921634,1.6342378692242103,1.6975556514789212,1.6842918289600877,1.6930110443854853,1.7462947358487793,1.7352785984452286,1.7180614104832148,1.7666907348110772,1.713645077386848,1.7886818467268686,1.8064259813459813,1.8076485693549837,1.7624097964016974,1.7772553732168488,1.7216746276786992,1.7523623344493016,1.6576631801210882,1.7385294951588273,1.7602387814955716,1.7213446680066884,1.7078210396684295,1.6967316936853445,1.7562885332767937,1.6724006475754714,1.6598350484266078,1.6771938891980642,1.7479112866515614,1.757070430103784,1.6970790065358108,1.6204547324894583,1.8105561991491814,1.6621539983151836,1.6952594740220932,1.748261794660951,1.817985434154757,1.7993628734694198,1.7824375826425334,1.80408369640109,1.6766635372028158,1.7316761648255652,1.809189309788847,1.808619694851879,1.7696583456551842,1.7303403562092443,1.6664990623064686,1.7410498534928822,1.7739499778847665,1.7299691894788891,1.7037147550712766,1.705412243731839,1.7465536133406006,1.7671369788699667,1.7765393650310375,1.7688329595867562,1.6628591338481924,1.7953986480959565,1.7352439103282973,1.8176176399444135,1.8012904786534472,1.7690684474819247,1.7731552352066329,1.7715245688126666,1.7508583033890668,1.7558148640872766,1.8026309253656179,1.73719023368962,1.6873074198644036,1.7106352120347266,1.713680659667545,1.7471208408947374,1.74994382004858,1.7402628286394892,1.8036356063046242,1.8094525776358044
72.0,1.6816037597135225,1.7351921747472232,1.738822152952764,1.7781280369560393,1.800962558212499,1.8410509090876364,1.7046209783292465,1.8017889695673304,1.6993655658910933,1.6574815243668313,1.6989842710785734,1.7560529809508005,1.742488319295389,1.7181404422896058,1.7401262366442247,1.7837921748259384,1.647963644579476,1.7034695427427968,1.7757660800871307,1.7504357883182642,1.8134472346711263,1.7781873028518413,1.7885776622964007,1.8438927578963458,1.8214513830298813,1.7310953236988083,1.632421602858485,1.7007989697519486,1.6826530183523665,1.6917321761880897,1.746125088544721,1.7369431809082496,1.718879574659366,1.7690832704398147,1.7136361012056953,1.7887633779035528,1.8106311058228999,1.8099133999863568,1.7625266080193802,1.7771123413907108,1.722895544558158,1.7542969676376023,1.6613073143261128,1.7450040217208365,1.7589306654774188,1.7233641031831581,1.7109966144980906,1.6963688284804284,1.759723707162877,1.6735239446183026,1.6643362841350535,1.679118483236558,1.7486766449362152,1.7558324347748662,1.6967361328179158,1.622440667116307,1.8088943085330556,1.6624782501646527,1.6964347478360144,1.749814411668809,1.8155604800458738,1.8000735497409306,1.7816209695513434,1.8040609343984297,1.6798205068362921,1.7329596918791013,1.8081315276826937,1.808528024823539,1.7702375174664047,1.7356420453080335,1.667710594330316,1.7409780941192259,1.775575527248697,1.7284641038485955,1.7073045113890721,1.7073308691064262,1.7470052401053666,1.7653797710440575,1.7745783902344971,1.7688086480271181,1.6663266828699834,1.7915988818355895,1.7381890179819854,1.818425144702658,1.8002940336233608,1.7739373297042236,1.7744088329148096,1.7733672964376095,1.7522254307808638,1.7597326451363675,1.8001737575027106,1.7368814119098241,1.6901756384301716,1.7110366057681705,1.7156886731139271,1.7491142771194998,1.7522833648281568,1.7426875903356638,1.801775210302164,1.8130979034230352
73.0,1.681316477447365,1.7364939717306869,1.7376411965547949,1.769361449105041,1.8052774093603603,1.8431603315122453,1.7081161789877903,1.8033967337267778,1.69835329604052,1.660298401368612,1.703079974457188,1.7590144366243585,1.742847959352649,1.7197904350928004,1.7434878951269064,1.7918616197305537,1.6508515314204735,1.7071807555622653,1.7740402491825271,1.7517122221317096,1.8169747069509883,1.7786520876536298,1.7935423058545061,1.8474015935634118,1.8193489096588913,1.7318537536012835,1.6307358067976774,1.7032080925076436,1.6833070607180336,1.693595210468585,1.7465504089889883,1.736018095346552,1.7222366120962607,1.7718715854038856,1.71550642223093,1.7917928281088449,1.8117172174753866,1.8114375921993742,1.7656447592438584,1.7790792404420839,1.72357679154249,1.7529215798985978,1.6558217848862045,1.7450414599242716,1.7593273328863845,1.721723489971542,1.7169744922654808,1.6940463344394088,1.757096974199137,1.6731467455991766,1.6637357634465977,1.673923262398475,1.7512658263132785,1.7561266417251105,1.6988299981393744,1.625858675743632,1.8128913659997528,1.6635035186167657,1.7015673176737713,1.7519130457489427,1.8183826931589757,1.801770687925327,1.781667811860249,1.8015391781832313,1.6799047380336716,1.7303733341503071,1.808632911758909,1.8082453653373922,1.768475670241009,1.7373006586354296,1.6686189729472656,1.742298686861752,1.776187316670885,1.7310985789098157,1.7067369972771442,1.7073508787330496,1.7468497946286827,1.7690477963077165,1.7729537173476195,1.7708339243686009,1.6728886057324526,1.7908996321773505,1.7379926245822108,1.8207894098343056,1.80175712133392,1.7786659357097332,1.775105168107001,1.7719095579451218,1.7518987757315043,1.7590651126128682,1.804039758467516,1.736872714652151,1.688838673364848,1.7124920844908647,1.7164400531655724,1.747657433539385,1.7510324485746922,1.7406877607971758,1.8052607512413115,1.8158074128534922
74.0,1.6767996192899335,1.7410610217109854,1.7373318791886638,1.768778638858755,1.8050862545856272,1.8430071443123883,1.7080247322967743,1.8095086430894873,1.6996999678163933,1.6570450899848161,1.7040281735811842,1.7570902716409424,1.7428065322497435,1.7221424376169663,1.746373936983579,1.7880379904221129,1.6562727793782368,1.7054835408002595,1.7741434199599864,1.7543488925128925,1.8248733197335483,1.7790499895375436,1.794280199182587,1.8467359482104049,1.8221148571320678,1.7352380031645076,1.62781756034421,1.7053955509183043,1.6864308457660553,1.6953386297719908,1.7482388184511386,1.735134029632476,1.722320817042295,1.7743606277849486,1.7142200884842684,1.7905624037589363,1.8115651958922796,1.8107633696268928,1.764968712181294,1.7797899991967563,1.7281932572935423,1.7569582083713227,1.6550217812805046,1.751299273610339,1.7610496288074518,1.722686643499608,1.7169098393829363,1.6925980080434762,1.7565142819795942,1.6748914517971334,1.6642773003425426,1.6686336373677317,1.7503467585875059,1.7557616435163488,1.7024375548086221,1.6273473425392047,1.816402783018239,1.6657515571305932,1.7029676805795013,1.7555817009412489,1.8169785758534998,1.7995615429567267,1.7819399685599522,1.8035109376434288,1.6845453887319755,1.7308574430298005,1.810703417583132,1.809635467029506,1.7681022240828446,1.7369195513229558,1.6669730548894823,1.742281675531238,1.7764597523354206,1.7342181066096978,1.7067190345862662,1.707101000120909,1.7464649056957555,1.7724586448051607,1.7744360050360364,1.7735694679576082,1.6742075082510852,1.7916009533978006,1.7441681789033174,1.822895509734148,1.8040779537885645,1.78499317463455,1.7744064124929084,1.7707742352937688,1.7527939194122024,1.7566330940962596,1.806089240833413,1.7421139508621757,1.6872700293306913,1.7121589330797302,1.7168473255118333,1.7479296198399166,1.750723439810047,1.739993638593022,1.8037819903996977,1.8222484030926318
75.0,1.6726250699741783,1.7441746305695784,1.737092449453028,1.7658825303826096,1.806070327613873,1.8422810281097315,1.7026855906386384,1.8112786221518034,1.7025435070904031,1.6535718506796504,1.7055989303444816,1.7533713047278068,1.7437273714809225,1.7226178832500534,1.7485352605992006,1.7900728276455722,1.6578658790012617,1.7063790329794837,1.7741539788242437,1.7546314828825416,1.8258052527633442,1.781669133870465,1.7894409156843245,1.847446917931872,1.8231001178150685,1.733711250440745,1.626153076984885,1.7067538505968989,1.684705865882524,1.695812006857822,1.7467839395607743,1.73539126607053,1.7218370007676713,1.7759018309142005,1.7153480530870453,1.7918847615898528,1.8118328911815176,1.8130221088834748,1.7680785172094595,1.7795925962136037,1.7313967688643983,1.7559338930073407,1.651816513654439,1.754537794350866,1.75751361207449,1.7231498451854728,1.7177098556662889,1.6964144229889686,1.7577178639717275,1.6773701967381345,1.6661060765147593,1.6678947399274673,1.7487289294782582,1.7548118602058225,1.6975785746136147,1.6275080840204748,1.8127854779778054,1.6686399870695074,1.7058160668581879,1.7552318420326445,1.817283318729195,1.799530928838497,1.7817685245806578,1.8064088972167485,1.6856306437742727,1.7302757972393363,1.8075843945876655,1.80388668553301,1.7702051120355735,1.7354684320023235,1.6645983664012405,1.7415339347962306,1.773518500662814,1.733739271166455,1.707538919152691,1.7067293053293224,1.748055582602852,1.7772142847653787,1.7749806314172685,1.7753156474381038,1.6784167561873446,1.7898553640101547,1.7481080882586428,1.8238194861987065,1.805370874567407,1.7852287712338932,1.7736779070559492,1.770600818146603,1.7549747725136056,1.7587530081678135,1.8053686726044609,1.7416459327113458,1.68880153950476,1.711375092895657,1.7174680897299985,1.7464727391556616,1.7506714204144886,1.7418069712782682,1.8030499018022652,1.824496880280061
76.0,1.6738032082316172,1.7436436995911324,1.7403234167136221,1.7680235245587765,1.8081084219640975,1.8416465776324498,1.7078460667900994,1.8128588837979855,1.703081709642583,1.6504739439052205,1.7104826836462075,1.7536860243094206,1.7419198344020201,1.7223363973814019,1.7455152486375451,1.790734873738472,1.660445290228182,1.7060071845752045,1.7739290597002402,1.7578814944120444,1.827203525518159,1.7894544934428036,1.789472976451384,1.8495350662901087,1.820463111670692,1.7334862003024625,1.6278267846578491,1.7052541799565601,1.685385115794235,1.6949404158443133,1.7498630765409964,1.74008226654649,1.7239033763579,1.7761453475496705,1.7162877331925392,1.7904013349294137,1.8160629333664997,1.8118925415190763,1.7694067960987818,1.780825278114363,1.7311391377385514,1.757470313074472,1.6470013279385936,1.75870012423954,1.760108851955259,1.7237992398624908,1.7217873987639807,1.6964605940611996,1.758843331595325,1.6795255134880087,1.6657848561051547,1.6628246910516802,1.7484573733952093,1.7537160179898876,1.7009533024338215,1.6326339872395799,1.8148683867648032,1.6665217621297053,1.7068092926849185,1.756463167788846,1.8147134487085226,1.8015564269694562,1.782120631262538,1.8123030984391593,1.68856116048439,1.7308167256193812,1.81091140434625,1.8017584342185542,1.7711335228276062,1.7365733012490479,1.6659206848306436,1.7413508193478475,1.7782328875095588,1.7378974081960001,1.7070252425079728,1.7061140657505485,1.749554233086189,1.7776284140424239,1.774917710380787,1.7761227313554284,1.6828320027309969,1.7929536536223885,1.7532167318660987,1.826966478987873,1.808329486068159,1.7856574064954913,1.7742845843325334,1.774989542757238,1.757341119742097,1.7572365919487267,1.8062450661706868,1.7417469292125771,1.688857225800861,1.7122591384857329,1.7183387527585798,1.7485955149422374,1.752970147627465,1.7443168137546092,1.803370996895638,1.8265025574161322
77.0,1.6711217110152745,1.7445210865113174,1.7402346413661707,1.765524197039139,1.8082762556177339,1.8429454457736711,1.7041929610369557,1.814042542253628,1.704373330798272,1.6440962756661124,1.7099970528485826,1.7498525195048775,1.7455358458866164,1.7219712900387458,1.7463563683676933,1.7860711243640441,1.6643591977881733,1.7040865425390201,1.7748009695557718,1.7609920833202863,1.8271349112114719,1.7912641711781345,1.7874758933747488,1.8504609355489898,1.8222009332065052,1.7329122991045545,1.627180097294633,1.7038017200226065,1.6898877712436586,1.6899836173150906,1.7508039621705016,1.7438663354320143,1.727160759929475,1.77497149350682,1.7186760969620778,1.7896105318208047,1.8189788932360047,1.8116433083462826,1.7748558101094078,1.7783604396611699,1.73142017187912,1.7595507386662363,1.6512786787536686,1.7583065739298678,1.758675949447296,1.7273328716694998,1.7197564072664404,1.6934612529018838,1.761823082644521,1.6815421141176945,1.663953728289378,1.6615030511978006,1.7453961311636466,1.7550516471804722,1.7036254468293344,1.6358254337185558,1.814884334114689,1.6671790217764566,1.7121132128546566,1.7548999425224656,1.8157886621590629,1.8037125443601836,1.7834854108266702,1.8110560146811092,1.6917440441759002,1.733766028923558,1.808199777089242,1.7954958940887262,1.7712527945576808,1.7387723906829045,1.6673043750671914,1.7423170567336497,1.7778722669699665,1.7399891120124356,1.7099259960047275,1.708219127485811,1.7527064263065089,1.7780234217054731,1.7737615034154224,1.7769517876749485,1.681512108817853,1.7924900576686633,1.7538410617066773,1.8293130225752492,1.8093635175046008,1.7845793043036202,1.7728277166524355,1.7811765517949776,1.7561103116820853,1.7604068828741763,1.8039928093096702,1.7361259140586778,1.6872794998643765,1.7139213104870825,1.7179037311947427,1.7465866309581508,1.7551230646094735,1.7482808134342371,1.8044915267741308,1.8268479495263812
78.0,1.6715601707182854,1.753366050007504,1.7371880818155891,1.760423554229973,1.8083067603473968,1.8476396904683772,1.7020517448098234,1.8163497970322706,1.7042613047713335,1.6354386659542501,1.7128097686269497,1.7491888036028587,1.747198534316803,1.7266864030117681,1.7483936856177482,1.7843140385134137,1.6655594056118144,1.704384925990309,1.778400899687115,1.7641658698539626,1.8291991031283594,1.7913315524665478,1.7897087069412363,1.8557297846616667,1.8221558131476998,1.7336596966299078,1.6281544530965362,1.7054943825041207,1.68952493747117,1.692234255652113,1.7504178010330196,1.7429752217048562,1.726854515331528,1.7745550579250244,1.719852887950574,1.7931794891318067,1.8193539140823307,1.8126347941109222,1.7745145190322174,1.7754701717977979,1.7394781364387963,1.7588601871266878,1.6568858788989294,1.758144677209211,1.7577444479805524,1.7282051050588185,1.719019941394314,1.7021398030685622,1.76601596506677,1.6845939926989493,1.6647774064931045,1.6557502561954325,1.7453297612445968,1.7582691762644433,1.7066706600516037,1.6365359018328907,1.8122747545168763,1.6670320666041547,1.712122413138921,1.7548334211645744,1.816604909778907,1.8051273886926367,1.7843690679214688,1.8145108599826847,1.6949854545002336,1.7368027419754766,1.8042570482691112,1.7901937587282084,1.775537483426669,1.740316888541243,1.6676671403858325,1.7425683967167103,1.7788237203996278,1.7388002304143866,1.7124903185785867,1.7093557055156465,1.753263381382422,1.7753405163982905,1.776941706637884,1.7772474331858323,1.6844397737914498,1.7967462708229747,1.7545410059056974,1.8297256243397622,1.810765248924871,1.7855976367496957,1.7772596560646592,1.783140846275541,1.7590673029346322,1.7620282596375838,1.8075021339008197,1.7369021304311016,1.6868155370766673,1.715022382129,1.7177455090461689,1.7466958495459846,1.7556406006988468,1.7523788063217467,1.804498268627806,1.8275913664949313
79.0,1.6697156451174369,1.7455519345791866,1.736627466661265,1.756484438570167,1.8090397648742806,1.8461334455842826,1.7007866537794447,1.8172290621581535,1.704363692402162,1.6334475354442919,1.715410274990679,1.746088690271875,1.7478731792701683,1.7302831970442687,1.7455485172539016,1.784030006388252,1.666131456422122,1.7039554287017855,1.7807482982460086,1.7670447930596849,1.8329467281487293,1.7942340571182722,1.7887519694542726,1.855461545014037,1.8232694480250253,1.7336744965106832,1.6269897388545078,1.7052611905764286,1.6928978545964801,1.6942352215018908,1.7507876265037512,1.744075159166335,1.7268354052773753,1.7734788906693308,1.7211383568941279,1.798300015149104,1.8201857864443725,1.811080243275722,1.7754626308317611,1.7772834250925658,1.7404186429066422,1.7605142274947172,1.6545662003546031,1.7592167386894995,1.7581137916194924,1.730367996681843,1.7204897635767433,1.7035725007320852,1.7667387965268155,1.6824592305895836,1.6639759688517626,1.6587052082768012,1.7459707698314584,1.759158911412254,1.7105265957342837,1.635455995274939,1.8095210319382908,1.6704111692704553,1.7126706050029794,1.756382617079342,1.8188482465030709,1.806327951179348,1.783610842962296,1.8166404685441473,1.6919946489248827,1.7396080797346207,1.7954165679499152,1.7880845706954656,1.777011678819627,1.739416181118109,1.667588177255485,1.7448439610676512,1.7779894387482753,1.7404295523748199,1.717223246786025,1.7117236661785147,1.7540173677547015,1.7774093433238416,1.7731584523997284,1.7788340795498851,1.6871870337175439,1.7960162819711194,1.7570690369187318,1.830474785654843,1.8115414717545038,1.7884456801145319,1.7791896607057887,1.7842308169541392,1.760420884588281,1.7631418407868307,1.8090640154949265,1.7335855741528108,1.6887086948521077,1.7185356607987752,1.713404581868602,1.747206163288969,1.7554677260238964,1.7532053114820683,1.8029950986966794,1.8283872102359475
80.0,1.6693278077203395,1.7399501010210368,1.7356513338505093,1.7546649769708418,1.812393767162133,1.8391793693880238,1.701123836813242,1.8178566280347774,1.7055832397047677,1.627183547273794,1.7159697299966599,1.745066686245654,1.749809653061929,1.7288975643047577,1.7426079637557388,1.7780267519450965,1.6703536646669606,1.7067847155189035,1.7829476160300988,1.7664548397944415,1.8304686705405933,1.7939925589564656,1.786582744741943,1.8520787814513073,1.8247096802502307,1.733221019607908,1.6309115154676437,1.709088494380547,1.694568265216861,1.6941509954564569,1.751516376036106,1.7434886694072829,1.7217272063438573,1.7796394116810874,1.7204652264934095,1.80600223435297,1.822241404802689,1.814315494785614,1.7749292926045808,1.7731449443120528,1.7401675529408336,1.7636102440908594,1.653853898889187,1.7572726841898079,1.7594948804117414,1.7327181154719953,1.7211338691827762,1.7042426781908964,1.7659559057208518,1.6841301078508928,1.6655593274483016,1.656410736991086,1.742172946032655,1.7554887579557261,1.7135134759666866,1.635460114716229,1.812028623842125,1.6712139625760678,1.7153504156217292,1.756898232711691,1.8203212123422277,1.8064600341290726,1.7812365344503043,1.8142351241598649,1.6936847997555506,1.7421490830163213,1.7875713829926017,1.7834601352706385,1.778898320273301,1.7399386162851762,1.6724467544481172,1.740907919751314,1.779247529610625,1.7432348459510862,1.7184250729604174,1.711849939022299,1.7565444031307647,1.777189867228729,1.7739496639968961,1.7816659776943267,1.687732240833692,1.7974510750678132,1.754079949853601,1.830352949837034,1.809783239769236,1.790104476333087,1.7790478955083027,1.784793495470264,1.7645651434865768,1.762344121128838,1.80892432215651,1.730131022223542,1.6920801043843487,1.7189705424226318,1.7126258396542964,1.7478627108818763,1.7585888410383677,1.7573733161413823,1.802048533581471,1.8313860785009832
81.0,1.6704703654781983,1.7374439498651582,1.7371279430954947,1.7537035714143199,1.8141834094108231,1.8336601495164369,1.6985280382331835,1.8163666803206366,1.7085077620492446,1.6226240357886212,1.7171365272078123,1.7461035355040344,1.748422132811403,1.7292400258259457,1.7421028065792692,1.7787044464159463,1.6745221620413142,1.7037929509363867,1.7821700557841313,1.7680547841661038,1.8299649592264076,1.7966587137253993,1.7842702875304508,1.8481301284531686,1.8293493921059183,1.734900304197759,1.6349737948228198,1.7088567880777188,1.6963780428415551,1.6934180633559806,1.7512538909100877,1.74578925579486,1.7162141285056274,1.781696343524342,1.719222591643958,1.8079142610748564,1.824787060700239,1.8150004200594172,1.7732503087931322,1.768115726045811,1.7404847506531729,1.7657489276932037,1.649906702427147,1.7592239680782165,1.759845479479477,1.73761857140027,1.7218136568110751,1.7073376909781819,1.766022517916005,1.6838331903055639,1.6696674706488175,1.6518411102544883,1.7350869344102797,1.7541388012760668,1.715842228201898,1.6311128852576127,1.8086797804490753,1.6748722961354,1.7150539486787362,1.758284440114291,1.816664872937182,1.8052660662880713,1.777675575831645,1.8150341448682423,1.6931557445753287,1.7404700833687912,1.7760141914960463,1.7810986767430323,1.778524598948439,1.7369510243852075,1.6694383305631295,1.7426557488758707,1.7774531434705345,1.7417144978279901,1.7186100905778035,1.7141453915437361,1.7553707696167358,1.7776497665648354,1.7709087010208509,1.782454903771841,1.6892652507790507,1.7976475743639977,1.7542811673455545,1.8298869597,1.8092557960006006,1.7909084073914758,1.7851437491029571,1.7859191870788904,1.7679944707034367,1.7622174067457697,1.8127262139293594,1.7256529034799744,1.6916720988009375,1.720176597277643,1.7166500138789653,1.7455048650737213,1.7552295704347325,1.7553285848893854,1.7995238297271947,1.8334055383839036
82.0,1.6730921591716368,1.7316845644298071,1.7400611313129941,1.7527707727765383,1.8147727128796667,1.8332329044131965,1.693360419513268,1.8138597876851463,1.7056882719868023,1.61590077985717,1.7159090797958036,1.7472135641534916,1.7486903551729778,1.723389408237858,1.7427013452086224,1.7759555712261834,1.6777080509388889,1.7060617326226573,1.7810992183797973,1.770175971179297,1.8351347436161307,1.799218439017873,1.7836748763724755,1.8457756647884718,1.8311671765210058,1.7335552000499221,1.6367753747986438,1.7089041186367688,1.7013353742361328,1.69592141487806,1.7508353005986343,1.7533141918329727,1.711246222019449,1.7824029224834506,1.7211992987713962,1.8041027166015968,1.8234444908578988,1.81255544161034,1.7719640789612003,1.7627026774283538,1.7395507943770947,1.7650273612747716,1.6500534054130616,1.7583284151991962,1.7590880133427036,1.7385864484712483,1.7245994500692234,1.702423354042446,1.764296767525698,1.6870549686102518,1.6718413127107377,1.646529387950913,1.7317616688872435,1.7533758450533665,1.7098506425028641,1.6308939586240416,1.8081060737613037,1.6754378250541941,1.7154536185234426,1.7549941668338331,1.8183816072013947,1.8069119233491087,1.771744852192819,1.810536721497248,1.6943169723422304,1.7406335671964481,1.7685181687166263,1.7817395432376384,1.7779272608451044,1.7365149921268161,1.674633863095767,1.7460698539402335,1.7729402727601717,1.7379474443863976,1.7210003250106871,1.7136645001894282,1.7564274092651353,1.7787593069771708,1.7694425474877546,1.784461632765284,1.6906246530043636,1.7937154949861858,1.7538285736930737,1.8269056284888836,1.8077357004588792,1.790778525221482,1.7828825601012177,1.7835879388128033,1.7654966549904765,1.75992700024395,1.8077408693659043,1.7210795839949087,1.6936708570560859,1.7208367817254777,1.7151862629254,1.7486158382143762,1.7495715405217696,1.7544533124250354,1.8008875415615038,1.8331517018973658
83.0,1.6703570352824706,1.7204740939751266,1.7400733807044515,1.745924841556119,1.8162723182213594,1.8311186181795205,1.6946436104926543,1.8132027884324042,1.702229349781229,1.6086340967631987,1.7191297273389907,1.7469101308964587,1.7482838316884957,1.7241469572519232,1.7448168367277324,1.773338525335009,1.6769103742887892,1.709772086044202,1.780587635341244,1.7681751410231132,1.8367516562533788,1.7983199049702447,1.7810056581494091,1.84014188577555,1.8311138566873302,1.732481527730774,1.6364898264375252,1.7080842411941712,1.7010371705190472,1.6915713847212794,1.755074859520822,1.7557476069485314,1.7034002189223565,1.781222755564091,1.723618564068579,1.8057642651351775,1.8212483725530246,1.8116944304539917,1.7708787753194917,1.7636487812189765,1.739337156922128,1.7676445192762449,1.647733082338968,1.7575393247392725,1.7602082374262542,1.7404866273238369,1.7256257666516357,1.7024431182043303,1.7650925477849044,1.689983158995839,1.6758996101404033,1.646710491824999,1.7350932100345111,1.7503364382492685,1.7094883208838387,1.6296843968918902,1.8051382743716164,1.675687458765954,1.7133792458661914,1.751902184890907,1.8141912077240552,1.8073732214172538,1.7695919191152172,1.8079796964362715,1.6978022761336526,1.7405722813470446,1.7594265979302603,1.775549998289886,1.7789860503228445,1.7375018436703697,1.6756917464611087,1.7488918251518886,1.7727642336654994,1.7367694499509627,1.7234851586803992,1.7113523052328756,1.7585165101127445,1.782320450606938,1.7692626495591581,1.7848276718195988,1.6922165746867237,1.7937375636590716,1.7564167327877853,1.8282054277390083,1.808687365436775,1.7919185554477186,1.7848971628770767,1.7858921640802485,1.768842719284287,1.7609856825271006,1.8074039998770646,1.7182500367204567,1.6965087386163271,1.7233966675955776,1.7166682117758534,1.7499477900744977,1.7461382331926207,1.75346525731917,1.801276543885968,1.8364815896250446
84.0,1.6694763517157096,1.719372048340742,1.7391452179449116,1.7495806249809602,1.8181528993717628,1.8298754881215147,1.690899420629754,1.8165818341224924,1.6934898561394753,1.6078676087519885,1.7229821474334492,1.7459900198584029,1.748996296482264,1.7228347102903223,1.7468145081643214,1.7714411897877331,1.6760991620644743,1.7123641592092227,1.7828428163916876,1.7709509351926465,1.8396008864422566,1.8000603437555356,1.7833908760756645,1.8388433501778807,1.8322751744325358,1.7336215232269079,1.6429610178916674,1.711556947691988,1.7040979689519773,1.6898199476475282,1.755658121999425,1.7577986910359618,1.6964969927842488,1.7842632327684447,1.7231476419295384,1.802457403149383,1.8223852128012528,1.8132245603128243,1.7726407582324746,1.7582203301948285,1.7411765175280194,1.7689278446271453,1.648439657761091,1.7557709204642493,1.7638489411407015,1.7427477567395375,1.7267592535956557,1.7064663734064895,1.7636579822488079,1.6915598419931335,1.679402737261703,1.6409418793247574,1.7334990166942208,1.7511462771361892,1.713924455981889,1.628527805488756,1.8005306845806315,1.676253987631679,1.7155828958334427,1.756081043159008,1.8150080237379824,1.811193663197528,1.767849716681183,1.8096757570501403,1.6975409697776682,1.7431025672841145,1.7521181355130682,1.7737069700870904,1.7799252926804876,1.7387201062062623,1.6797854138313044,1.7511462725071523,1.7665712265415616,1.73723835303982,1.731222190594481,1.7124008738514773,1.7605129362846546,1.7844597653365608,1.764970928520677,1.7852028204826034,1.6950707382724264,1.7945407442049792,1.7620627653382364,1.8243844608916817,1.808293223908957,1.7948476731494853,1.7858720762649247,1.7866176478800635,1.7688083054309174,1.761395236596953,1.8050617402193958,1.7182679330560058,1.6969723579950664,1.7232046582811003,1.7188097570723329,1.7525293830315312,1.7408136723981729,1.755289187277464,1.8030476330034109,1.840551433823069
85.0,1.6696914397121188,1.7152908913408103,1.7448140654999158,1.7521555912043891,1.8177161779142574,1.8254926807550997,1.6892567113392778,1.815671320309672,1.679185736013012,1.6058586544052555,1.7221264487813774,1.7416982190483834,1.7515700256413362,1.724803308061309,1.7484977948633083,1.7720937308923348,1.678274338465392,1.7141930801667258,1.7869842863685705,1.771872740541756,1.8429190463819813,1.8006936427669535,1.7810704800006778,1.8335672492134905,1.834996396088996,1.7363177032460504,1.6465766998203297,1.715985591635909,1.7054427860033752,1.6911090998311775,1.7589999511779741,1.7640625311169114,1.6877875608300494,1.785208411370922,1.7254554454854345,1.8002432470017233,1.8215332311041212,1.81666698919677,1.7750639471907959,1.7583211292793595,1.7437234510624373,1.769183962560384,1.6465358499788212,1.7584981859448263,1.7640918540657982,1.7455497026960611,1.7295824903928199,1.7070223959722646,1.7634239441603992,1.6936567529890088,1.681842012072682,1.641660643315232,1.731021243335766,1.7553733807834055,1.714035416455896,1.6290269102475472,1.796537134405291,1.6762172107014106,1.7185595276012864,1.7602870788459024,1.816473376488614,1.8074778647157608,1.7699998492067592,1.810039746518425,1.6981452685001484,1.7476684489329541,1.7392805390350758,1.7750896666477085,1.7838227096254222,1.7380764907372122,1.6812781215155146,1.7550708386290677,1.7672670255742235,1.7378527797314147,1.7317764210218487,1.712817658170197,1.7629466751628324,1.7883798632924237,1.766243201085383,1.7835635630356959,1.696359863359494,1.7972958683088986,1.7639522298203953,1.8271118964951727,1.8112467466918643,1.7967681304076772,1.7893388102277783,1.7900175297849106,1.767396733232012,1.764000095055146,1.8031913133218824,1.716269591795417,1.6983849858971904,1.724907368395067,1.7206909150421028,1.7535352695166109,1.7344892109525583,1.755210581390257,1.8048951061816316,1.841601466754909
86.0,1.6704115142308833,1.708751806917283,1.7415939732312595,1.7531171515161919,1.8187637725126566,1.8195796091660321,1.6944462225936727,1.8122552385450814,1.6715555044276298,1.6064480545266098,1.7271748475282718,1.739991280811843,1.7538632752582588,1.7271843298702363,1.753415181615967,1.7668978488436204,1.6794503828060767,1.7146883067832932,1.7895811530319587,1.774586801088958,1.84296148358012,1.8023723373889302,1.779833889904491,1.8343910706010669,1.8368763825907437,1.7360291117357483,1.6496839167683435,1.7208175789380464,1.7104585146901001,1.69654326093198,1.75849692847412,1.7647745035589204,1.694076389383166,1.7875588824341972,1.726140500847353,1.800466253766002,1.8267323487560736,1.8173503677511504,1.7824652237730039,1.7548055069659894,1.746282246631896,1.7743629128788851,1.6428180783586082,1.759274653425537,1.7671398541119083,1.7465362711507981,1.731043160203108,1.7084742988242112,1.7619676383395275,1.6970814216699666,1.6832571058466237,1.6385672649973504,1.725353786787307,1.759473782106876,1.712135809345918,1.6298690262113658,1.7915629967556912,1.6781000689939123,1.7233078490889677,1.7591427070452537,1.817275613375848,1.8063962781042573,1.7662609966685894,1.8099694500610912,1.6996409787233673,1.7497244361302968,1.735302164739554,1.7762479213237612,1.7875178188518395,1.7348348907785478,1.6814115541953012,1.7574752026012164,1.7634044293406717,1.738000369163308,1.7323164772751705,1.7171454619569237,1.7649997372608661,1.7937483746450735,1.7662190650746405,1.7867219915684214,1.6999312401602409,1.801137923431904,1.7649126146088057,1.8299554377655076,1.817108064810092,1.7968599580827171,1.7882164299176588,1.7909326647025225,1.769231018762302,1.7657173603138665,1.801046534999023,1.715586135346394,1.7006188559445028,1.7308406286014626,1.718237704224877,1.7537446682981588,1.7300979418521139,1.7578333241742252,1.8042931374456492,1.8438339566022162
87.0,1.6671574059362444,1.7014449350574232,1.736630424683201,1.7540528448398591,1.8171867878375767,1.8221632938590449,1.6930992936297131,1.8084003819608259,1.671717282412827,1.6070737206037955,1.7312850487173823,1.740378943942161,1.7545839430070527,1.7303219588296606,1.752166075530514,1.763636744251763,1.6786230994476963,1.7162579960912216,1.7909549042856523,1.7768075725215118,1.8463356156598543,1.8038480548619502,1.7756471244024554,1.8329037220630071,1.8373036572078572,1.7385353573771931,1.6501978436353273,1.7253723694409775,1.7140617393850033,1.7027835261542064,1.7602383486546682,1.7659751758780295,1.6917972419754095,1.7894082166045455,1.7291927723643372,1.7984615623126343,1.8267868853761333,1.8188731852151439,1.7879039742747724,1.7549064044100922,1.7448554531448517,1.7786556351505256,1.6414988063305833,1.7604589576465213,1.767178010225498,1.7489446150855061,1.7374545136452124,1.7091715125932903,1.761075104824696,1.697638369098174,1.6833989595448406,1.6357599807811547,1.7247460269938717,1.7580011544109708,1.7135585194350644,1.6353316102449027,1.7903726903690065,1.6773584390719973,1.7276484428974674,1.7613726554653755,1.8168033178526155,1.8062344187987562,1.7585911486783623,1.8106041875007275,1.7026916470398537,1.7521478802973356,1.7314853054195494,1.774573094284667,1.792884609660173,1.7405190344089734,1.6846314093677306,1.7610893695466778,1.7628204539031418,1.7335202934981255,1.7345581898099074,1.7207840194430413,1.7673823657034171,1.7966043234917666,1.7681397583365845,1.7881886419732713,1.7044058155558721,1.8032187329234053,1.766797525106418,1.8279291620451172,1.8175055023678388,1.799474824459421,1.7905272255092426,1.7901414194568326,1.7737111090887663,1.7677355458769608,1.8002263826519858,1.7124451773372482,1.703225604679728,1.734827964519076,1.7184343401220015,1.7530705111767249,1.7289012211084178,1.757405693837591,1.8058268112556621,1.8462137275769337
88.0,1.6654571243284928,1.698858090056892,1.7401750099710538,1.7514519798192818,1.8147309047916445,1.822590953226168,1.6947794077646388,1.8072125505606778,1.6690755952860898,1.6042810882483076,1.732760681901306,1.7421364445085699,1.7582454441158477,1.7307244399556114,1.7542383148922451,1.7616351473473033,1.6807751301281995,1.7208171336329066,1.7941301910814038,1.7778050232302862,1.850300459271844,1.8057642301718315,1.7716311394113844,1.8313950447435743,1.8394584961445484,1.7403776696645399,1.655067049636824,1.7313096651849809,1.718325450157011,1.7102128724421886,1.7650872735177638,1.7663301995152545,1.689589219543926,1.793089058565015,1.7342414527266061,1.8006648753506502,1.8264448573961514,1.8256972802782034,1.793358799819308,1.755509897986181,1.749892710296235,1.7802686948205002,1.6389572013349811,1.764435718984217,1.770672112454729,1.7500768559613686,1.7378780351751124,1.709382839424789,1.7653181675184753,1.7000987194546555,1.6865035789868488,1.6331117959676187,1.7272433121426087,1.7554236232160452,1.715844883175026,1.6420457907046213,1.7882534945997683,1.6787134598747637,1.7312433152356568,1.75979765381362,1.8210777854307718,1.8030138606748678,1.7626947924377032,1.8126063024968582,1.7041780782338665,1.7537939436587797,1.7254120034651714,1.773497328086181,1.7988520486130894,1.7428578850332845,1.686236307898515,1.7627238995734071,1.7595389658169804,1.7344317194653327,1.7371439284686567,1.720959955998623,1.7707079479947165,1.7973152989017156,1.7743148853914132,1.791908831430693,1.7076095855704714,1.8067488200481912,1.7724429777456543,1.828081639781704,1.8225306332829616,1.8028830492993353,1.7909179188158602,1.7928581115651496,1.774493577059844,1.7714852050765728,1.7992962648242425,1.7071249545771203,1.7077287524814675,1.7351425022823337,1.718566500843203,1.7584052809456587,1.728635517372307,1.7585716837590681,1.806797093197744,1.84987058559561
89.0,1.661285952775662,1.6986646378699688,1.7431608082160053,1.756530278475166,1.8147074785592328,1.821098693046913,1.6983168855236424,1.8055762354983134,1.6642900382173458,1.6058529531241406,1.7351812087147314,1.7387184600472059,1.7595740599134377,1.7318628266727325,1.756290774300352,1.7540739156101584,1.6811314093263607,1.7252504734891994,1.7959532660745063,1.779393398693703,1.8545822453946081,1.8085507120148245,1.77098004231437,1.8323576952882696,1.8401987621881126,1.7444825160444333,1.6583503225646528,1.7347474131071046,1.7213125635736286,1.7128243116747854,1.7692074429855684,1.7695326902454103,1.6821554044568272,1.7944845944179788,1.7389541197242366,1.7987932492607934,1.8326034504287418,1.827064224179349,1.7940931300271266,1.7566227135237076,1.7525371728681531,1.7851162117817667,1.6379626424614049,1.76714369362199,1.7752618121849628,1.7521405798578433,1.7433259591494086,1.707831596574158,1.7661784106420824,1.7020944114587493,1.6881274008481024,1.6364360543580567,1.7275823216294943,1.7554343809820032,1.7180183127661453,1.6428697646320891,1.7873706136092558,1.6819422445361922,1.7318526974417077,1.7582148313702606,1.8216509317957819,1.804747835689829,1.7652255401137198,1.8147623470381975,1.7071320791229967,1.7564953689337863,1.7259408593039696,1.777695774879427,1.800966810734557,1.7467657507644525,1.691238117020362,1.7680874029896283,1.7590629258007848,1.7333125188871998,1.7429106907972722,1.7231763300829397,1.7748626240103207,1.7991244472670425,1.7763808120498528,1.7953489259981787,1.7098473533413754,1.8146720305308117,1.7727596067258946,1.8198148695566998,1.8253452291944918,1.8065520084415865,1.7938470146498566,1.7900068602695975,1.775257744631667,1.7742669888015523,1.8013334853184115,1.707384256877307,1.7118900560952623,1.738882816737217,1.718569716299413,1.761805359247126,1.729581087108597,1.7627969553475165,1.8080425429671265,1.8539933801222046
90.0,1.6629605005942047,1.691906697255967,1.74421722664953,1.7586557861802592,1.815578346533969,1.822273883813196,1.7023483779842903,1.808504723761197,1.6643975718394937,1.6087174677688358,1.7382284292823384,1.7417100522126305,1.7618342513335319,1.732294181900082,1.7559884668954389,1.7551642949760529,1.6869252871110296,1.7290535485913048,1.7995456658927678,1.7802903966032764,1.8572165822097353,1.811991047128671,1.7716706668396238,1.8332286053866993,1.8427436938309492,1.7464089071281121,1.6609791670952643,1.734204169298518,1.7255790393107506,1.7167607001277518,1.772020596790271,1.7683280108095927,1.6804168212919322,1.7979133919240393,1.7426500747037716,1.7963288176915884,1.8359484443624758,1.8334098016588936,1.798416488600823,1.7622860555594333,1.7555166303187266,1.7882585285713826,1.6363978025872696,1.77410293974008,1.7786751751836336,1.7528984453609473,1.7460743906350151,1.7050731785172226,1.7591551020513234,1.7038954223681833,1.6898548426552877,1.6340088246860065,1.7263759221808825,1.7559742622613828,1.7197084546428583,1.6460767007657773,1.7868373745069464,1.6845966750268555,1.732817606233072,1.7576827846686318,1.830100834510597,1.8004248137308791,1.76354810012831,1.8157094242415182,1.7088487777603463,1.7583090814950133,1.7208364790364215,1.7827333378010504,1.80600783726634,1.749666914320961,1.6979847666060603,1.7712498289375658,1.75598031459155,1.7354926862137137,1.7446325126888285,1.7266718205395841,1.7792952979259398,1.802509074178699,1.7786268536340684,1.798476423916482,1.714429730257772,1.815360423656725,1.7733226023425772,1.8220738775916403,1.8324429327796188,1.8075606037675072,1.797012936280942,1.7900803224950932,1.7785842791612458,1.7770874962095018,1.7998917606320937,1.7080809869278488,1.7148982288936565,1.7421908979496379,1.7185087266860775,1.762693680706011,1.7312373560751326,1.7662252724001581,1.8098064963688443,1.8552383555813272
91.0,1.6617571589329097,1.6862243555617653,1.7489852865932887,1.7573675575718133,1.820707940769845,1.8235806244079917,1.7032204771318973,1.8123423318421044,1.6623329520920707,1.6141172806299848,1.7383487984543722,1.7439294230221645,1.760531765653349,1.7352222568645375,1.7579483813730026,1.7512890713589906,1.688335835694296,1.726312784502189,1.8010044940416348,1.7812922859809779,1.8575553429391787,1.8122650482666502,1.7742331575257457,1.8346564198427504,1.8397069909240709,1.7450294387704728,1.6667033858577256,1.7337365095761768,1.7285579685416963,1.7189437964516578,1.7723328308563129,1.7695103827050949,1.6801376650347895,1.7997593060309733,1.7479627235152526,1.7950166206984752,1.8365136908239965,1.8317520162736252,1.8017197248230032,1.7651088984971588,1.756160588199922,1.793108430221199,1.6315515602284376,1.779711951829968,1.7792824772667135,1.7561563775955153,1.7450069634992413,1.705203130621006,1.7555008495549655,1.7059937592634322,1.695620975782001,1.6348221178095992,1.73408108853848,1.7590163042916105,1.720124902260191,1.6441545274449312,1.7867643550834655,1.6878177665306244,1.733370384647567,1.7548472413318128,1.8328299851987593,1.8038839620638172,1.7636308477649787,1.8172914577673434,1.7085380771835446,1.759160614145028,1.7150249583553834,1.787320593908167,1.8047929440647479,1.7525691862585888,1.69501268520526,1.773698662620278,1.7442517427794206,1.7363560299995262,1.7488267553529253,1.7301904358950364,1.7845918825763807,1.8055901101111258,1.7775056218853733,1.7986917658068786,1.7142231463571647,1.815903605106302,1.7736153710180955,1.8185134389119701,1.8343215718881474,1.8106199392267803,1.7979306454532196,1.7896584018854433,1.7812681171985292,1.7780371931392829,1.7959786474733759,1.7041654349109707,1.7160946158850294,1.7455118969315542,1.7161821550694634,1.7648695342476164,1.7336870252354137,1.7686960919185881,1.81224247972199,1.8586865255010139
92.0,1.6630095999437717,1.6863447237269726,1.748730633877997,1.748840821770406,1.8253666104823236,1.8293193727938981,1.7016490710308703,1.8137939141458144,1.6558110686042298,1.617579546430376,1.7362824872802396,1.7442620629193242,1.7616216513440746,1.7358894807397165,1.7618547244022362,1.753375751439211,1.69056077760428,1.729929801106399,1.804126286571799,1.7839112805198736,1.8589373284454376,1.8116691457926564,1.7723571942755705,1.8367401135542663,1.844477324176996,1.7495133324826326,1.669366985549239,1.7335976010626053,1.7304978907784998,1.7207947572059823,1.7746810913024431,1.76954643257044,1.675477812524013,1.803136996274439,1.7506596082369617,1.793923581830523,1.8352083457164698,1.8300027381449235,1.8030022878199279,1.7670942052348042,1.7594785788353722,1.7968742307036318,1.6259198146917633,1.7823816937661887,1.780120207359253,1.7573155591815697,1.7469976520271755,1.7019386696940966,1.754857813514195,1.709904415661371,1.6984109419247102,1.6345200787485807,1.7294374695298684,1.7605965154307617,1.722672464188725,1.6436084839659897,1.7882716657447468,1.6903522634217705,1.737599169457142,1.752479370668215,1.833279242267937,1.801845276379353,1.7622865461107187,1.8184133293670441,1.7054296700830045,1.7631346163892245,1.7137338970038651,1.784896467799845,1.8043129721459361,1.7537334322312415,1.6972100436515039,1.774913760325083,1.7416200440964609,1.7365450037139523,1.7511309984285708,1.7343054127102495,1.78754447074744,1.8061640891237913,1.7791939928206977,1.8026508445560308,1.7166108577892718,1.818132303222717,1.774216565419756,1.8137698315048492,1.8381258771352527,1.8134821517965873,1.7997478867221284,1.790013086911869,1.7821370829254828,1.7815571957438128,1.8034575384331237,1.7090444495744188,1.7191588108167222,1.7467583002025495,1.7173875220354615,1.7673552368841376,1.7345951121563958,1.7715865026724138,1.8125334842144722,1.8604293350145484
93.0,1.6628531041766463,1.689265789596237,1.7493641177040569,1.735497201265503,1.8271710640250323,1.8303372792190857,1.7037107308888249,1.8180223687338617,1.6564737463805,1.623640823206128,1.7385861377143024,1.7474245213254351,1.7628286490453986,1.7355427447928018,1.7602379114514175,1.7543806774058188,1.6907860006629385,1.7318807125132332,1.8066450104203382,1.7877465912675492,1.85822149356866,1.8109372896682867,1.77162333960343,1.8432351908041844,1.8465571112884012,1.7510908581352258,1.6685170672361183,1.734738464723456,1.7314078275254334,1.7227874049347975,1.7743570290943347,1.7723967102740066,1.6746240551661735,1.8046553017604698,1.7542279417566546,1.7967993947369723,1.8363386277019602,1.8294077407243432,1.8066506499551183,1.7586711164177669,1.7599056756234688,1.8003739240452212,1.6271129711726833,1.784833971893254,1.7786097830126235,1.7578686660767855,1.7472425765927586,1.7001731920350833,1.7528331583357186,1.7104422315706405,1.701155060760877,1.63224319908517,1.7320788379415744,1.7623705432718864,1.7247734154810317,1.6403820917143102,1.7875469256370822,1.6918096470335722,1.7397083869113859,1.7533627362891056,1.8390010210875543,1.801945452801075,1.7590547699474142,1.8226463051727322,1.7052246602408216,1.7640783453423867,1.7105425206039064,1.784110548542264,1.7997314737357692,1.7545472107985998,1.6972959438655872,1.7767404999261247,1.7383075206177534,1.7362802075392274,1.7536026551912982,1.735367286296857,1.7928628447329797,1.8073475954775233,1.7774752582384654,1.8043457167294379,1.7194463011525316,1.8181797226296053,1.776421434555845,1.8100446352639916,1.8400663537249464,1.818427674429394,1.8068792759839059,1.7900179397598497,1.7871789227323835,1.7851305694631594,1.8002136882234938,1.7116934774765864,1.7206824888457701,1.7483156681129084,1.7139010185326018,1.768323547818973,1.735310599983264,1.7738154228451508,1.8150828032820627,1.860493927796985
94.0,1.6681561163269711,1.6809725070898953,1.7476499979194664,1.7333893329697805,1.8284011428721618,1.8250622248646202,1.7051125378500216,1.8141927903642472,1.6490187520394637,1.6254891333062567,1.736270058399444,1.7460901190596687,1.7657767310397159,1.7364459033886406,1.7637837451765053,1.7535174688647477,1.6927329345967417,1.7338406568203724,1.8061129297761105,1.7829066752601814,1.855610133044248,1.8122418609510205,1.774998012732702,1.8410064138975515,1.8439476327860067,1.7525148262429142,1.6704950754240786,1.733569776606553,1.7338209083648923,1.7220648473032754,1.7735239555278421,1.775866824785365,1.6714007889719311,1.8055507810034155,1.7549819623558498,1.796289122495894,1.8368047311886548,1.828335347285851,1.8036765895590596,1.7563981695966038,1.7625568825959819,1.8059093800723174,1.6236041373915657,1.7883439926423494,1.7757227802750548,1.759049859969315,1.748105927198869,1.7009159398960159,1.7500200286266918,1.7090846956980064,1.7042236102105304,1.6355000470598189,1.733458094062718,1.763465542690908,1.725775764553019,1.6430959927461222,1.7887644726260403,1.6924498721613843,1.7413279699714197,1.752034925546355,1.8398257434776448,1.7990629849393251,1.7523174276042421,1.821763244637341,1.705149436040869,1.7655554530450839,1.7084758191242917,1.786206862243466,1.797914122554034,1.7568556357604375,1.7013101298581583,1.7800266005157939,1.7332697811302626,1.7337754030016044,1.7580031256214634,1.7346109463902555,1.7919965338921315,1.8069304237084285,1.7763400459990015,1.8055907045473083,1.7203643867992169,1.8219798082957814,1.779241010051577,1.8065378123082005,1.84131895270124,1.818489458070816,1.8044163852361965,1.7917094317564444,1.7859497271160338,1.7896970719291985,1.795822323374236,1.710352099390795,1.72608407003905,1.7475741005791778,1.719891314558004,1.7732782071227435,1.7348131404213456,1.7760238578942091,1.813649598816491,1.8600013967622093
95.0,1.6672093051285957,1.6791299417267584,1.7507810229526142,1.7273937317222758,1.829362205243675,1.8227198177827504,1.703588550731582,1.8175118687133691,1.6421696418282417,1.626678378051723,1.7388262900914746,1.7481909298880405,1.7685623852924286,1.7323186217173976,1.7647916829669232,1.74854274561176,1.6943097659101558,1.7341526972759906,1.8112632550641414,1.7860319663720923,1.8543944720510557,1.8105141084120615,1.776360411151015,1.8443275480640715,1.8465848422250757,1.7495400045392433,1.6716140444548873,1.7320571138302658,1.7382495275985526,1.7251650913232577,1.7733515107654843,1.7772252775958866,1.6694496120099467,1.8085553464252069,1.7562642198472018,1.7964294865621075,1.8375761628501681,1.8282308664288482,1.8036165521788239,1.759770609378602,1.7623571670962674,1.8085630459961979,1.626708593967708,1.783747889015052,1.7739561074902335,1.762142657516271,1.7472131177048396,1.7004419070273284,1.740336118656792,1.7126981940526897,1.7086850074353517,1.634655963978618,1.7324443568053947,1.7691800680826981,1.7302473940610774,1.6414187249081773,1.7918198169218085,1.6954496506294798,1.741565016643692,1.7510739796817512,1.843883005890843,1.7943852375695104,1.7505606052894698,1.8244254873636745,1.707964324310199,1.7679358490826322,1.7001736468152682,1.7880565454026571,1.8007115098841386,1.7604171966238895,1.702387760296341,1.7812746527344099,1.7329339057907422,1.740895304052273,1.7578350871845958,1.740909516184264,1.7933394144241621,1.8089068523253309,1.7812742020851697,1.8085757136303309,1.7238992081177313,1.8238048909506865,1.7826817103746122,1.8026079226367042,1.8448501940494502,1.8246291511895465,1.8118428071096517,1.7923525044231876,1.786009347756059,1.7955114321792902,1.7936762759314728,1.7093466532278612,1.727825657666064,1.7560402692155819,1.7224461439589194,1.7774857123149919,1.7318067936280506,1.7789035078033422,1.8172136935626682,1.8650610931210827
96.0,1.6745256053964417,1.6752172714988571,1.7529752477364517,1.7216796937648307,1.8287854081969057,1.8206408619091037,1.6983088466088485,1.8132715011248253,1.639514997346633,1.62592238169975,1.7420506002551854,1.7502239618054956,1.7610163313025005,1.7260021949822877,1.76079622503126,1.7401349149735537,1.693663847048538,1.7304095555493835,1.810554770729419,1.7874735856789008,1.851607011938133,1.810771232539336,1.7745277083133713,1.8458855741637725,1.8457430497463008,1.7471256680026153,1.6687523601523235,1.7277825805073617,1.740106968381635,1.723489906383457,1.7756644076726946,1.7787837468557155,1.6668873945854366,1.8063109221631988,1.7584206591348432,1.7971088077269413,1.840874994082685,1.8253993749264155,1.800312249801097,1.7541076052808606,1.763154090560087,1.8111922768112743,1.626117948624332,1.7864218120476956,1.7706388150380192,1.7618382004672926,1.7497421245722995,1.6962661445782428,1.737569691023409,1.7143040074633642,1.710503833164763,1.6309148734133847,1.7307222868236412,1.769418332179399,1.7271298065254463,1.6412510891943926,1.7943971703750081,1.697130423859139,1.7419905894996475,1.747166844154649,1.8445223682867544,1.7876392556013578,1.7502236044623758,1.8213836250725033,1.7097004993264755,1.7671095388711555,1.6981548849942913,1.788428824133177,1.8029617050906006,1.7634153104766277,1.7028250921892478,1.785508418665571,1.7280315035107499,1.7396654155623759,1.7597171243345933,1.7445932621529059,1.7934932404390749,1.8119651158196406,1.7823128382881752,1.81089674957831,1.7279194281019983,1.8253019085708677,1.7856689495195648,1.7975272882035007,1.8449942900763998,1.8226661623732918,1.8140502106311722,1.7947142248601264,1.788951072304853,1.797275883099618,1.788683972543271,1.7052034500691173,1.7273923811966514,1.7592899571691252,1.7189088524292964,1.7785627943480269,1.727557821367525,1.7768620877401207,1.8183818301858559,1.8620178910607834
97.0,1.6753829869784305,1.6815895391618774,1.7514776994280998,1.7232027369657406,1.8311872376509648,1.8146493987664918,1.69632596164851,1.809442354268816,1.6350551919609624,1.6266969047659838,1.737808837936732,1.750551963150723,1.758667985594767,1.7224554562459253,1.7603671603376363,1.732634472987112,1.6961944283575114,1.7335255066849586,1.813905897820484,1.7859614127634833,1.8528475570804748,1.8130202065889827,1.7722902664722833,1.8439235485076981,1.846720819259941,1.7439921095591249,1.6667769237466834,1.7220382296163517,1.7412578234703722,1.7217645479939554,1.7760593159446652,1.778811448474599,1.67016245145831,1.8087261031260182,1.761698589651668,1.7947476603173127,1.840088964824368,1.821836357530894,1.7960081317855519,1.7549478043087663,1.7708706292389091,1.8154979286411745,1.6283245092022975,1.791231571217306,1.7731367890228769,1.7631854039048147,1.750090515921287,1.7001352642870715,1.732795710781852,1.7186638683476272,1.7113764874970314,1.6344698168218685,1.733669132131794,1.7689025743964653,1.7278531890543394,1.6425687936758524,1.797820206409378,1.6995922070280265,1.741939514097518,1.7474977626706834,1.8421534159129171,1.792111044582802,1.7440641335898743,1.8246128772730217,1.7117357093838679,1.7677797378698585,1.6965670758435354,1.789308174742569,1.8061045600314176,1.7650660336553425,1.7041418727759716,1.789710608341274,1.7210771189210698,1.741973966114413,1.7621368313584853,1.7457280682839522,1.7935991122215573,1.8122869856672943,1.7803384482829485,1.8138134679177387,1.7287917973921583,1.8245325087320137,1.7883816553048737,1.7975383070192141,1.8448255019246094,1.8240255830217655,1.8131262438264375,1.7960194203847484,1.7894272876483217,1.801046670131302,1.7851771276457424,1.7059276086179807,1.7316638839975047,1.7603209202017964,1.7180263286553588,1.77922873838564,1.72732256629752,1.7767659131334383,1.816970438941427,1.8626596360022236
98.0,1.6815500906831338,1.68232876203782,1.7484131930463747,1.7223575212023827,1.8287518564134353,1.8163406179740822,1.6907722528113738,1.8047781232232978,1.630358355462921,1.6291518761173,1.732577122059669,1.7477406578973835,1.7564997401266957,1.7213259572851058,1.761025592763816,1.724722261194261,1.6940314422666136,1.7344838656533574,1.8195882554060099,1.7879682611996426,1.8500857896634177,1.817084367948048,1.7722782475546799,1.844153053201129,1.8487085199719921,1.746880728323302,1.6616448679836138,1.720316903921934,1.7396503171921465,1.717257925466442,1.772837142778707,1.779496558650164,1.6695536221476106,1.8072894682433094,1.7626118783707818,1.8020519199415541,1.8374491593938287,1.8211561382001997,1.791774736190108,1.7523134598945849,1.771540803500604,1.8172295616856766,1.628905602701586,1.7926485694976737,1.7753683770252866,1.7640038514310945,1.7532324459344137,1.7028092299942545,1.727991790322702,1.721592366243551,1.7160735116840342,1.635793919494385,1.7334957250753165,1.7703796405581167,1.7243060910118087,1.6417502458667772,1.797485658424975,1.6974630560294086,1.7445286846022856,1.743355387313748,1.843460874782192,1.7882330461528728,1.7465488770579167,1.8202635125588658,1.7128589055197991,1.7673556794702092,1.6899157789619899,1.790550796253809,1.8064495397611526,1.7665993179508874,1.7081660249356565,1.7902560269426073,1.7208456241202776,1.7409225827045405,1.7627486525680194,1.7480442329369124,1.7939368618392784,1.8145609774055556,1.778654683495305,1.8085873934765317,1.7295523180540353,1.8291890259373689,1.7909597476644081,1.7955565037877816,1.8449395736992882,1.8239724851377428,1.8133711343304777,1.795178160216298,1.7913734920768447,1.8025774209376637,1.7863049065151906,1.698349370233378,1.7327716881555695,1.7639832021330955,1.7155272657053728,1.784529091790527,1.73136257487585,1.7811331463006337,1.8134184279107488,1.860567955427658
99.0,1.6872694172579517,1.6777865609868832,1.7456958742280333,1.7186822230212249,1.8292781087766512,1.8135437299718318,1.6917085289960239,1.7994840927701787,1.634481924944396,1.6291171106531326,1.731229022145142,1.749103288524028,1.7530427497490697,1.7154002824691796,1.7645720788271648,1.723214484135798,1.6951156846356625,1.7361782456078718,1.8211088085756548,1.7901265014981074,1.8454508514289572,1.8182890126946032,1.7702991168759645,1.8446727784983725,1.847659945722514,1.7451677416830638,1.6601807265589026,1.7181566378227813,1.7397244831525858,1.7171913601014055,1.7715280616217417,1.7784101808607113,1.6647652997776958,1.7974560821416385,1.7649406266442063,1.8024298315200038,1.8323355982236096,1.8175234901042914,1.7928798749085921,1.7510337890095744,1.774381212535127,1.821348831938668,1.6264434995095878,1.7911336428637639,1.773322372474813,1.76542576079428,1.7530431960435695,1.7098441920126104,1.723361403723596,1.7267578441640932,1.7214531187691702,1.6376568566699277,1.733268790979389,1.7651764307410172,1.720010185268067,1.6345055718464283,1.7985879797997937,1.6978527133351258,1.747203873401849,1.7441813808558344,1.8478319321441412,1.784481129311269,1.7410483833139776,1.8174267478162602,1.7152773041952956,1.764752248121572,1.6925843141697678,1.7889868734093537,1.8039366346654095,1.7681748293012267,1.7131862546559609,1.7906476605996668,1.719436650691711,1.7421294720882892,1.7618171666025166,1.7522516731785471,1.7907682095302049,1.8138453410550552,1.7785554066396347,1.8110065786860476,1.7335371939953934,1.8317169689180601,1.78937479150457,1.793554657909705,1.84437391104475,1.827432167989371,1.8166012984576954,1.798831678455208,1.7952866767414646,1.8015975087666383,1.7853091498620404,1.692940065868598,1.7346549035527776,1.7680413393796406,1.7126462011558827,1.7850840782894772,1.7310521763799966,1.783468589522395,1.8119249725672693,1.8606807454161318
100.0,1.6902875189316062,1.6710170763255552,1.7467095650125328,1.7147609045968923,1.8248658651146248,1.8093608137728754,1.690042862481974,1.7981121286141257,1.632749060902723,1.6301820312095652,1.7290923450724751,1.7504333847068392,1.7490928678895055,1.7148593578541382,1.7657066016746321,1.7173546919502798,1.6965519931272863,1.735328402150969,1.819541971232369,1.789435102729571,1.8464535357017393,1.8177845460501416,1.7724885847254255,1.8481313530182868,1.849241956425775,1.7464034534492687,1.6626579426641528,1.714705255416427,1.7392418484764602,1.717460052917644,1.767858511435588,1.7835087408509063,1.666075246380769,1.802288600798976,1.76297063627498,1.8043137383916994,1.8361766293303292,1.8193093400869678,1.790887867364673,1.7511637303118182,1.7712673714975893,1.821273704372314,1.6275879900982009,1.7972942965928325,1.7733781594894256,1.7695299340233597,1.7524955010381438,1.7136023338995046,1.7268684539814778,1.730918907397788,1.722808677278506,1.6401700431147979,1.7275324613264675,1.7631518891350033,1.7173355136744837,1.634494898211343,1.7995271136664728,1.6978522307344925,1.745806997582308,1.74541971219162,1.8502193529309432,1.785961813776202,1.739886658607861,1.813982016459856,1.7172006168755887,1.7594358780138004,1.6891860675647117,1.7901130918117707,1.8055918259370274,1.7744410875301815,1.714922326460386,1.7897648321869015,1.7082456634121896,1.7411731438787499,1.7584347094613866,1.7565631288380408,1.7894139705592336,1.8111799883970396,1.778945197540877,1.8128763385034696,1.730829546657901,1.8362402930803028,1.789568707869668,1.7877519425141293,1.8428227289075259,1.8260421230873254,1.8182740871667915,1.7976618954089483,1.7994380028376094,1.8059268716605208,1.784758904150191,1.6836695255297671,1.7364810202577343,1.769878011074163,1.717861610235681,1.7867264748268332,1.7286941286004385,1.7882687644087685,1.8138150109296347,1.8596199596242742
101.0,1.6958394415122198,1.6732503286094578,1.7484460355684202,1.7127608761842437,1.826386071627552,1.817764075877841,1.6897649705052527,1.7841624350587895,1.6310752265972117,1.6355340371282987,1.7280280740877434,1.7511974780066717,1.746885927727007,1.716031799849648,1.758684284398013,1.710278129037702,1.697192286763049,1.7389865328860328,1.8165946276465201,1.790197834184792,1.8502590268423642,1.8205502128633726,1.769664891682538,1.8585433608375068,1.8471694191109709,1.7434910305046551,1.6574674615275633,1.7146028403035491,1.7383421890037152,1.7194207385405211,1.7668867932052164,1.786152942034198,1.6633380542319236,1.7999916433729137,1.7643149943393548,1.8073557763927044,1.8341950548038461,1.8211823236419884,1.7893151889213237,1.752946703160997,1.7716709626276064,1.8240666570166444,1.628071292167656,1.7971960610951914,1.7739063714939514,1.7692528266938374,1.752986723727912,1.7224338875659904,1.7271468781648291,1.732146352664556,1.727356596122283,1.6457678013767125,1.7297872862006272,1.7641708311718198,1.71340077980934,1.6367049251061656,1.7996374613573338,1.6981769387243741,1.7465331130124635,1.742310729936613,1.8502316637107112,1.7848488520674373,1.7343963909353903,1.8105180675259978,1.7139158815281894,1.7577195636111194,1.688662478498992,1.78933816720541,1.8040382536322026,1.7758835537869777,1.718479510171345,1.7909397078787144,1.7047044734616104,1.7385113242574877,1.7567437155497057,1.7569082846255129,1.785225644956973,1.8116906124058678,1.7773246695115896,1.812823617593691,1.7325955100709973,1.8379448360075765,1.791410997212013,1.7850429047112368,1.8427845209479548,1.8226840959451125,1.8214834411335052,1.7966214748824965,1.8024741312858181,1.8091914685326085,1.783022800586874,1.6741838126744701,1.742563930564794,1.7702127154773604,1.7158612338780006,1.7884069870966763,1.725454593355506,1.7889773873989534,1.817208837043958,1.8614855019836036
102.0,1.6944737774058571,1.6693203725243684,1.7513023619944805,1.7146053934223398,1.8219185824814037,1.8154700151966092,1.688619753603906,1.7790131580496662,1.6322235383794907,1.6389003918777836,1.7269916708412947,1.7537366930730052,1.7397407023543106,1.717949613906815,1.7569500729921053,1.7074931155071174,1.6991092692817242,1.737051381718284,1.8162893432797542,1.7914173575977186,1.8489779304056693,1.8172288112360535,1.7706375312646763,1.860463279322812,1.8450835981727092,1.746091113341492,1.6577218663148254,1.7109315402724605,1.737758395589743,1.715600412575012,1.7603596108950956,1.789827741875692,1.665110225049153,1.798415040021644,1.7601975169478652,1.8079371697873812,1.836230932929692,1.8243100330571411,1.7886730132077766,1.7552349630937671,1.770680727691143,1.8248839359192186,1.6280967130919033,1.7952854883733786,1.7733019853210004,1.7680531027940827,1.753920090849054,1.7199958273175957,1.7218694445606892,1.7326918835746554,1.7285459517134683,1.6467039907108283,1.7300460682277792,1.7658201365720514,1.7122786095327338,1.6346867323721386,1.8009122355601026,1.7016038164682064,1.743773883087594,1.7384321751942828,1.8516943748120507,1.783390730267619,1.7330043733932368,1.806083846742117,1.714946319823842,1.756440212621899,1.6921635489821458,1.789024027966024,1.8043058152110514,1.7780272856708104,1.7170018268879554,1.7969521643410185,1.6879312352993365,1.7399073180352276,1.7492342094083304,1.7594783841511135,1.7790438691257853,1.8039152310984645,1.7782289586003508,1.8168688985745656,1.7322279044186795,1.8370038561205893,1.7921443567806934,1.7845357222987184,1.8431435266190377,1.8178900952393984,1.8204435655086408,1.79596150111295,1.8053134787614589,1.8099861483321253,1.782029782719358,1.6647880212405006,1.7432745204865705,1.7727837684442806,1.7107402860347933,1.7867459538255728,1.723743411207975,1.7880269273470824,1.8155857218509657,1.858649305534213
103.0,1.6971682990785015,1.6656922064254618,1.7539886790081063,1.7124863467881974,1.8248580803112817,1.8096240430651478,1.6864583958691306,1.7781113243166975,1.6348692311149058,1.6440943329263127,1.7181631577405556,1.754263044235385,1.731960932999577,1.7127936711478025,1.7560778701328916,1.7015407206276192,1.7043812669922473,1.7391206456957962,1.8170449275951643,1.7893736039806123,1.835446114286523,1.819806410217226,1.7727008750898807,1.8633103059363123,1.845847352360539,1.7463262448856185,1.6550390128265808,1.7081274848645556,1.7363866548955462,1.7141981074560033,1.764584304040836,1.7935991122215573,1.6657232826382777,1.8009407374662294,1.7576379866607013,1.8051093837156595,1.8416551023334242,1.8204432436952662,1.7903439058095534,1.7556247815744923,1.771552689924848,1.8195246653427672,1.6250008403942107,1.7938080440455186,1.7720503221429504,1.769227110511403,1.7511218659077077,1.7194422688922153,1.7211928461498363,1.7356900936029054,1.7312891470584828,1.6487966379615278,1.729334611783778,1.7648370093429622,1.711008459423768,1.63467619181429,1.7940531034909282,1.7033408606868248,1.74636669969274,1.7334960754295567,1.8618150354522591,1.7817022539724323,1.7298415196176635,1.7999029394438737,1.713412008335856,1.7514022790443826,1.6954607859224258,1.7894028676948117,1.8058299853050042,1.7801882715238417,1.7163701159598155,1.7985819616132062,1.6850733445303316,1.739698899295406,1.7490827403404392,1.7613082167271596,1.7786612860439681,1.7996941307878116,1.7817495155976937,1.8177853802421202,1.7317980775371222,1.8393654809638247,1.790137011477724,1.7856505398485898,1.8462603258996717,1.8162459662821033,1.817602159575324,1.7926261389116782,1.8077893635545015,1.8065135871224278,1.7872734079181019,1.6603506963411019,1.7472122253515667,1.7744901425405055,1.711147482231817,1.7890456586073378,1.7154991397159356,1.7866204575942926,1.817042553477201,1.8655731174428731
104.0,1.6996502648792762,1.6586397487177769,1.7490849909415496,1.7075757071890034,1.8192031169563867,1.8070422420968584,1.6869196024976638,1.769315312081318,1.6368603974249718,1.6506599355977292,1.711284239475131,1.7507806286892547,1.7242992211671087,1.7101717601316573,1.7507106486741508,1.700339915617309,1.7070989093310212,1.7406877963145566,1.8101353689530464,1.7902577663553294,1.8270408970924998,1.8158670664702712,1.7704372102406616,1.8656688230756806,1.8462521747414373,1.742718315795703,1.6533400170769386,1.704398542893472,1.7396510370671832,1.7161108100292919,1.766591734294167,1.7919497039699475,1.666263249771349,1.8008887458869445,1.7549045948406412,1.8017091600880943,1.843999151747614,1.8198073034328042,1.7847892771864433,1.7569523464933754,1.7725115750247242,1.8218720263110422,1.6265206366313172,1.799150837347426,1.7736215428853637,1.7684296743107664,1.754085419346487,1.7201293011851235,1.7191831299325113,1.736302509497669,1.7324214493962327,1.6522074236364448,1.7299289580077446,1.7678077190753876,1.7081183765368364,1.6361108334192824,1.7927282619918221,1.7016307803897868,1.7485408944547036,1.7318584909470196,1.8609052827470642,1.7805052164016189,1.7257385511299712,1.799000175384093,1.7077840434168399,1.7435004641536298,1.6951786420821007,1.7942923776528275,1.8071562694212857,1.783638916921345,1.7135771588026971,1.7986168193505025,1.6680578896933413,1.739350538982226,1.7490999336331647,1.7645899665721496,1.7795753516593233,1.7930076797135126,1.7795845536371153,1.8168697005120027,1.7344249311289452,1.8415821726338784,1.790672648967136,1.782667657447194,1.8388240041694042,1.8136123979208392,1.8155952046232082,1.7945183059537286,1.8080584915019196,1.8049174070091323,1.7863379876879548,1.6557730259331376,1.7506262274013455,1.7759957492799718,1.7090121376751688,1.7880502313019044,1.7159260914156291,1.787081257485197,1.8167700154137425,1.866186299394567
105.0,1.700865507361719,1.647626619778259,1.7475331245079373,1.7062642672289363,1.8171363012524149,1.8077011531073235,1.6837241564845684,1.772915468194999,1.6346398084739986,1.6504179071063003,1.7082427690690503,1.7492937194758178,1.7150239682393176,1.714224208350823,1.7435498346438019,1.6989347301587108,1.7056722473445058,1.7400964955944962,1.8021266985475506,1.7906514990958329,1.8164552361306607,1.8148770221169273,1.769600766142208,1.8698293229469733,1.8410769587036027,1.7373068395710802,1.653314242026239,1.702740072598551,1.7383900333185178,1.7103386636112818,1.7682022195120721,1.7968223796891387,1.6658755003595815,1.8014822915274609,1.7459049066275698,1.8013405915152392,1.8429610576911024,1.8130622703654338,1.7817448277127783,1.7549558920467259,1.7708757894521678,1.8158308206682678,1.6266612444663784,1.800867332069847,1.7764114689248172,1.7693705303606522,1.7509687779167202,1.7210219140129215,1.7132342140656276,1.7386862013750128,1.7326986422460706,1.6533044652838198,1.7320427727781746,1.7660734712654265,1.7076934140078353,1.6424430926732203,1.791555239610106,1.7040554237906695,1.7493435656119065,1.7287163940233126,1.8620993930156309,1.778504928109731,1.7262118989644362,1.8031686900162307,1.7051312145055029,1.7392755729286804,1.6972864484877406,1.7933386798000592,1.8119841227343194,1.7821369404177059,1.711157531997635,1.79935809217902,1.6656544914201483,1.7386691307021487,1.7475244904187317,1.7664074730094113,1.7757481092558394,1.7930374237656908,1.7765739393882587,1.8169161459950978,1.7356079337305657,1.844717651708158,1.7903358503937061,1.781110440622896,1.8355768546618985,1.809816607720775,1.815466158171193,1.7866831134289431,1.8106266312773933,1.8054290354554805,1.7896801895890129,1.6480847014502877,1.7518050020938132,1.7779467337228414,1.7116498949459071,1.7877502267212377,1.7156384289517914,1.7867454030861207,1.8155819078439148,1.8687120617586992
106.0,1.7053865582971184,1.6461410360480102,1.7500094695587307,1.701014940761659,1.8108220713205447,1.8065842654154007,1.6837736714193081,1.777926960679671,1.631673858844565,1.6522816593390275,1.6995017853309913,1.7524009761125552,1.7018453102575564,1.7098268491583937,1.7428693985438455,1.6982313360173016,1.7057843360527998,1.7389954856819922,1.7994187997337274,1.7859338261155964,1.8146372966775346,1.8127355862039285,1.7708257437864021,1.871238294372008,1.8409620852738828,1.7323123208829394,1.6538908321087158,1.7046307186622822,1.7389752835752863,1.7118875781046021,1.7664561638339795,1.8024263985785787,1.6663180311162378,1.8037288067167778,1.7481064262649628,1.8020876311455782,1.8399478970436747,1.8128911973683932,1.780978272787843,1.7575297417408113,1.7727737388707565,1.8124837729580918,1.6284987078462478,1.8032189960200746,1.7738779181996343,1.763823066131924,1.7531209905960627,1.7227326767841629,1.7120225955820172,1.7395480412539375,1.7336927928195662,1.6540176455188431,1.7351931452985483,1.7658167012626302,1.706796815053128,1.6432441640507804,1.7939536847828885,1.7025866518277306,1.7523025749490662,1.7301749532129822,1.864986946071429,1.7778882159397833,1.7217043993495922,1.7985935591359457,1.7069678360280012,1.734670691717148,1.698611622036389,1.7932547750571644,1.8134570355300792,1.7848903931813205,1.7077957611105763,1.7972965128019396,1.651086431646833,1.7362554651730084,1.7490349859971435,1.7700015953153547,1.7741590825763758,1.786327626927391,1.779635882664836,1.8161994381477524,1.7326895485304068,1.8447770694437056,1.7907554021874745,1.7812196131716294,1.8359508837297331,1.8169849622164922,1.8137055784681522,1.7798798134086,1.8111015899714766,1.8019937034059743,1.7955526585398125,1.6322238971935301,1.7544723877308313,1.7801249471073795,1.7109037042153277,1.7902770110500787,1.7129786322180345,1.7814566935567437,1.8161697641357264,1.8741610207750399
107.0,1.7036002691612635,1.6470646456955162,1.7524482134934278,1.701452992947755,1.8056416919810325,1.8051996673377875,1.6813770148927552,1.7776332641518025,1.6326918386944242,1.6556691254050844,1.6940664245639163,1.7544242450517062,1.694933426078595,1.708071677889315,1.7408569609556717,1.6915537093511377,1.7060545927034476,1.7362956512679493,1.7914499514713054,1.7842764036896435,1.813972693621772,1.8128736781423338,1.7710722713538767,1.8743345434669316,1.8391395286979506,1.7275023901026925,1.6535897735108467,1.7034268958068424,1.738160357679947,1.7090135201666719,1.7651144354739121,1.8034496240712756,1.6672437123077655,1.8056967991049653,1.7439205942133842,1.805755158286388,1.8339889307265134,1.8123109197218863,1.7851900432099517,1.7569764703044854,1.7688799711339627,1.8001115127694556,1.6298051670251625,1.8021713195186762,1.7732982996008244,1.7621448448261192,1.7539988311233006,1.726683497017666,1.7135849869411914,1.7436971802660188,1.7352559573343607,1.6548508619627305,1.7375689646971328,1.7649189270110028,1.7083438572944907,1.6442435871719816,1.795809394320106,1.7024099684033824,1.7532712145996623,1.7321354870183712,1.8606339885023444,1.7757414836312397,1.7161222173302109,1.796694425571294,1.7052892013100327,1.72419660411402,1.6981192106035525,1.7935872827823727,1.8117189108478498,1.7869639127162518,1.705058321366783,1.796592608737771,1.642975844481844,1.7316750127518845,1.7461121953958394,1.7745327700354927,1.770584811970558,1.7800353756295142,1.7786292575906253,1.8170544393349615,1.7327813760504132,1.8443248786491684,1.7923808686750338,1.7800144196292502,1.8359439155064508,1.813376282888731,1.8077406914856888,1.7713722941304075,1.8162965139105758,1.804263428151283,1.7952913590353798,1.6240506427708976,1.756735535111047,1.7867727921018859,1.7126407970749733,1.7881652516577256,1.7093777290765815,1.7776196400498485,1.8174970672263322,1.8745573341760924
108.0,1.700382955883595,1.6432196401527641,1.7527252333243895,1.6952151797165977,1.8038881984369632,1.8019367868576535,1.6833900583261938,1.7785051363041384,1.6304858074735589,1.6561726354542952,1.6849329179541983,1.7576526004585322,1.686663529190389,1.7058541967683736,1.728539873127713,1.6874464362870816,1.7101244100430248,1.7357317624423925,1.78660217449621,1.7804687570127107,1.812295920528176,1.811684319944529,1.7663061501074713,1.876495636535256,1.8389192234048521,1.7214058364210778,1.6528473488219146,1.7035113857619029,1.7347146600674075,1.7023929529819701,1.7688357634398146,1.8018701180208176,1.6621683641387393,1.8071271345129867,1.7426965253485514,1.8072058368865573,1.8273471709201279,1.8130705061853711,1.7803207865593629,1.7602723879989786,1.7639116724399568,1.7865334967937059,1.6325494711902688,1.7971692065651177,1.7704960129119387,1.761763162018084,1.7537725742023946,1.7292806190940384,1.7104634107549737,1.7453739300480744,1.7370883910198607,1.6572756910330202,1.7361671008954196,1.7630528421483391,1.7023776957883916,1.648071978458073,1.7982441314976785,1.7056424828846706,1.748474272994623,1.7315873106586896,1.8559513676871573,1.7745717378104335,1.7109777182713375,1.796212869307027,1.7005077061657452,1.715964323349174,1.6992565307838452,1.7911972128986082,1.8118197282933812,1.7857866568305056,1.702072450030232,1.7904915429989343,1.6440138594480895,1.7355542254263638,1.7397096908307224,1.7769613597777452,1.7697095461398011,1.7778050452885974,1.7752443785730636,1.8148891803302074,1.7280806896254937,1.8471769113609837,1.791125634498141,1.7756251235455474,1.8380645239099214,1.8099686244868927,1.7995279608454446,1.7737505195035628,1.8151331468218068,1.8061598280487505,1.7956254036590351,1.6226503433524666,1.7596182358659744,1.7888535072137566,1.7168920414727054,1.7881304677215426,1.708389659852775,1.7757721791676229,1.8164009976998698,1.8765314836043685
109.0,1.7034653283790424,1.6361724630164323,1.7516900099007686,1.6922243391243168,1.8041080827174854,1.7969131249062513,1.685829192606356,1.7767157254759556,1.6313317922879422,1.656554693737105,1.6822749596898559,1.7599965037919258,1.6722602374456519,1.7064016009557805,1.7246686076609932,1.6818114953808596,1.7119433259664127,1.7351878540614674,1.773208586479198,1.7812312054749584,1.8038338911578065,1.8048182358549565,1.764056394662338,1.8786624392255729,1.8367395340612542,1.7151542332843068,1.65557937590163,1.7048831585442201,1.7361404060506032,1.6997680379793674,1.768378960939326,1.804441297290604,1.6638310226141195,1.8073947957510559,1.7414334052294964,1.8103145198850785,1.8258691217410377,1.8132004150444856,1.7800609673956296,1.7587834982824853,1.7631947845377938,1.780235893167054,1.6366669017619304,1.7961077665816834,1.771772742527888,1.7590542168067538,1.7540946700612403,1.7303590350541571,1.7046103077073538,1.7478096141302941,1.7371619026241674,1.662840359534975,1.7376082225958736,1.7657234365936876,1.6999223496497582,1.6488327103349019,1.796802592748894,1.7038860045932835,1.7514583582093155,1.7359762120215696,1.8544007021557636,1.7761967254071456,1.7096930871119431,1.7981432524074674,1.6963705616909193,1.7109227057673773,1.706739988807182,1.7898613186356822,1.8142303604644192,1.7826203189453014,1.7005503053800644,1.7920429518389691,1.641429290186034,1.737479561277057,1.7391918499171637,1.779105365960208,1.7683570212738533,1.773176558090354,1.774819672641125,1.8135568915635403,1.7266671700822747,1.8460046238636771,1.7920325132402366,1.7759858721006974,1.8395756182253442,1.8108397840545338,1.7962476796748583,1.768115682847941,1.8138735074970622,1.807145026074212,1.7973287019728936,1.6176506180203676,1.7636098135010794,1.7909727292799111,1.7176910609759424,1.7861877352565527,1.7122323051289232,1.772029417956653,1.8100906041833436,1.8755572318219904
110.0,1.703874091449957,1.6243966905159861,1.755171218161114,1.6901379255398692,1.8018001563325667,1.791039141000239,1.6914859838696805,1.7872177185948122,1.6345307716181274,1.6552478267521786,1.6817151712781813,1.7594896522638321,1.663743037605386,1.7057807027685365,1.717574939227954,1.6788635165680195,1.7141516228559164,1.742278532244791,1.7638706008768494,1.777461921568442,1.7971781927279178,1.803035133164407,1.7600875745885376,1.879510771646779,1.8381811086941628,1.7034506170616894,1.6551068505952227,1.704235260500839,1.7427416447144197,1.700646962125973,1.768480221628964,1.8042001998218902,1.661233457990202,1.8078145449928509,1.7428027347565307,1.8134169813289285,1.8220731765263378,1.8149598396870827,1.775523253838142,1.755977869248439,1.7607646684165095,1.7706227445282523,1.6401163662759861,1.7933997570852833,1.7726253765913629,1.7534183294724925,1.756957922324134,1.7356760112758187,1.697229413816417,1.750543581251002,1.738026268968329,1.669979355678697,1.7382103052646407,1.7676860844498525,1.6981625429642702,1.6488106731077181,1.7979093727540418,1.6996720218794303,1.7482516793623075,1.7357058768562104,1.856261449541662,1.7724183963527156,1.7035749053400155,1.8019144469452673,1.6883072576184728,1.7006528758476613,1.709442531441464,1.7918197928706112,1.8170540523563956,1.781767503412944,1.6995872332366395,1.7886072378939437,1.6370893593474485,1.7397780227072674,1.7342628980677692,1.7799060668065942,1.7608186516663316,1.7712180794585233,1.7704553335307334,1.8104432620684239,1.7314089535982349,1.8465008007592407,1.800612615945461,1.7722619429648485,1.8377247768373695,1.813684739167302,1.793227422787923,1.7588401037165216,1.8142552507125598,1.807688190995132,1.801429947486079,1.61901593895559,1.7728571124073216,1.7916222124414494,1.7198158265893564,1.7887932852470845,1.7106040128534363,1.7729163630885563,1.813371101388771,1.8769630895621798
111.0,1.7044025523036859,1.62062913478564,1.7565235609511556,1.6906158927227628,1.7986594672836858,1.789078089321986,1.6975760221842806,1.7828106837037794,1.637294779588692,1.658886546512413,1.681992360612823,1.7561319818467092,1.6586412554572922,1.7109678920292397,1.7135283290404537,1.6823638326568,1.7112112440667788,1.740346128104033,1.7542699541779303,1.7769910404634515,1.7957351352962982,1.8030895755744898,1.7595131738682555,1.8798835919681522,1.8415907682813422,1.6967557171453904,1.6568990920828832,1.709353595353886,1.7432707663726859,1.6988081745181374,1.767997498145758,1.8084293250683912,1.6592742629977038,1.8060534452781165,1.7442313909924316,1.8134885217033694,1.8212006678479387,1.8179256239484871,1.7669148251431983,1.7546970590667366,1.7572367154271993,1.7628191310390735,1.640293070179353,1.7917955246423247,1.7703504783767374,1.7519498661893955,1.7605224193901807,1.7372212663312276,1.6949137231568525,1.7537366930730052,1.7387878635871674,1.6717970227754873,1.7352589784271384,1.7659114168930976,1.7005543072926073,1.6485112187009658,1.8045619905613524,1.701499975108435,1.7501336556878424,1.7368852249836388,1.8506230280385076,1.7675001507388928,1.6963447599445687,1.8032293410923543,1.6821069823832688,1.695311575462549,1.7157102728802158,1.7920877367977703,1.819870957710223,1.7802487773937088,1.69486599807854,1.7759878739261508,1.6339565505726121,1.7467773867206822,1.7276588044617254,1.7802699269110225,1.7609347088231868,1.7688503005794574,1.7681447508389863,1.8134560804109503,1.7322265516465118,1.8502027644286128,1.8062214951597448,1.7733014243411171,1.8374756106546464,1.8072332109120628,1.7869122393326817,1.755639635076729,1.8153991379302015,1.8078352880159418,1.8055322827822173,1.6187199197890954,1.774601746393246,1.791906300872391,1.7195725804652753,1.7869046983878676,1.7140497166914324,1.7730571154800752,1.8118887300513218,1.8759644212054396
112.0,1.7074033360577607,1.6151038596000156,1.7613841422302796,1.6917755313351968,1.7981149536633063,1.788505480830866,1.7025241006549596,1.7790497395111788,1.6400129296860588,1.6585195848540022,1.6758378179848301,1.7541569188618635,1.6499329086299652,1.7079241154473037,1.7066840307106186,1.6822254468471023,1.711267654039852,1.741477022029623,1.748258420595647,1.7746089435165053,1.7905164801389633,1.7982118602062882,1.7571962354034225,1.881022648248517,1.8385370108689938,1.685556114357846,1.653035806178389,1.708918246414413,1.7406099212528923,1.6962318282462547,1.7697445311520699,1.808072415101862,1.658929754724022,1.803952066903092,1.7456847290895983,1.8126406094965348,1.8185763029001276,1.818477965586315,1.757766870733818,1.7570811585903203,1.754379605905549,1.7574709803258333,1.6387554620978262,1.7873460407761823,1.7702926049362124,1.7495266183162181,1.7613526797070824,1.7380364841140141,1.6844878992728463,1.7562106230706809,1.7411608100495328,1.6731745299902074,1.7314489513488358,1.7646831029160963,1.6971421117909828,1.6498016979697088,1.8116357772321225,1.701110340564272,1.752288170412585,1.740887362421604,1.8523384305852264,1.7648843038246478,1.6934704309554705,1.807431585953548,1.6710551186098614,1.6911779608433093,1.7165917243969537,1.7895492595210707,1.82495780124371,1.776109006139735,1.6976185605645278,1.7814899731196925,1.640491673553393,1.7508888663027786,1.7285622740432067,1.7873264915046858,1.763088455901119,1.7590364835031556,1.7645373969335973,1.8173579155305981,1.7343291963273468,1.8534088243754554,1.8052191657883645,1.7775536116322062,1.835687345225946,1.8075849106405686,1.7821725147296072,1.7540100837952906,1.8156064354274075,1.810195023270531,1.807851191957946,1.613087982577757,1.777199149413196,1.7984049532613828,1.7205717398839933,1.7817976558337103,1.719361474032463,1.7725772738127465,1.8117078992463365,1.8734537627951249
113.0,1.7108047464901066,1.619419769112589,1.7607035520892889,1.6921285749009833,1.792472738515498,1.7917008267590235,1.7011426636604308,1.7828778708409074,1.6426485253060976,1.654927121449452,1.6726534515390827,1.75786267463425,1.647710297551412,1.7079707483180535,1.699617851013248,1.6819105766627636,1.7127797356788563,1.7408146619877738,1.7427492829702353,1.766455776876853,1.7871200604350717,1.7917590270684118,1.7564288926523455,1.8887095859701037,1.8391170313643896,1.6789041249261831,1.6502302476433217,1.7007225389398115,1.7417694281460354,1.6914118874450736,1.7724352976617042,1.8054354376936925,1.6561725845579718,1.7980578175302766,1.7451872649874218,1.812408676870212,1.8139869145023848,1.8217129021753125,1.753377235956601,1.7586128232017884,1.7557038150297666,1.7503122768156074,1.6398008441237046,1.7813824329461432,1.7671562691234304,1.747216927618772,1.7621213459771703,1.737958069481231,1.680319624926004,1.7594637492179508,1.7422388907894868,1.6746101192842924,1.7304339903423205,1.7625881636577458,1.6953366596613597,1.6529343658438558,1.8119494589088418,1.6990138257145455,1.7497676770486341,1.7380090791334226,1.8525597845799169,1.767658868833331,1.6916890193756644,1.8068170919873352,1.6659895498173973,1.6909627232347693,1.7172232460806802,1.78828936178239,1.8226049014858585,1.7791000618185921,1.6981464040963443,1.7838315216148377,1.6344654728394776,1.7529019422838703,1.722240774845636,1.7881407195546266,1.7630474501580136,1.753573866765457,1.7633020738650163,1.8163610993560757,1.7390962683924582,1.8561278619469153,1.8056324406198445,1.7776340297530555,1.8340367145808394,1.8024773168991683,1.782710040032444,1.738003614193172,1.8094033740705424,1.8085069077971747,1.812960018208122,1.6116042424410892,1.7771261836015388,1.7989485224581545,1.7218229338559379,1.776409556967031,1.7212910104321952,1.7735682486272533,1.810690791308918,1.865559473038023
114.0,1.7133643874852786,1.61850419154372,1.762968651978602,1.6936415541925742,1.7932084292543355,1.7983794739403491,1.705185784426374,1.7788486108852166,1.6444943688756728,1.6563747609093642,1.6677537349362588,1.7562237874189706,1.6452083557628556,1.710559404009246,1.6889094507335252,1.6827794867916923,1.7155442826690426,1.742479049566887,1.7347841734404532,1.7610939984034704,1.783379007843686,1.7878973752892888,1.7502327799885553,1.8963502374645544,1.8387695300360498,1.676945602445924,1.6461363516720806,1.695434474049356,1.7365905681058798,1.6862697546602423,1.7722079361188596,1.8055289099985223,1.6555589261839734,1.7975731691870411,1.74258460696438,1.8111580479770426,1.812813345909397,1.823958618758814,1.747265861007221,1.7589739104660245,1.7506611872827114,1.736070121225835,1.6465984899366466,1.775027988958535,1.7618427675352129,1.7452425580900215,1.763511086647442,1.7394570071816982,1.6698181991644419,1.7613107039430063,1.7457514629203175,1.6757183989226643,1.7297262881968496,1.7643018578276592,1.694003746637524,1.6580474232204572,1.814816848346312,1.697994123377161,1.749803544492921,1.739011471390179,1.8432352923956343,1.7666863789998066,1.6884650798044738,1.8037390915727975,1.6683811423699142,1.6905941571609862,1.7177706975399172,1.7807648329634145,1.8230174137685626,1.777952324652546,1.6972112658950536,1.7819223424566508,1.6319064439472,1.7526618404269647,1.7220162658599492,1.789157618133183,1.765682301809356,1.7481358705635768,1.7648854122130677,1.816201834655806,1.7416944682118174,1.856394922415251,1.806449728489472,1.7770140983563862,1.8341994814057914,1.7946780096025883,1.7799640354807038,1.733344281964336,1.8099510054939276,1.8060676194032879,1.8212444496096598,1.6069882777276827,1.7726753484522813,1.7971109402700054,1.7230003857063885,1.7754837983476892,1.7143884071759607,1.7751574484614632,1.8095664751792,1.862332460282846
115.0,1.7127813564177319,1.6179380626146664,1.7624047890552286,1.6995022026691344,1.7911612270485555,1.7890475933098715,1.7070323210301648,1.7738532611091289,1.64652748412755,1.6535665893539973,1.6653173554191965,1.7596615328202003,1.645748950258087,1.710234721106655,1.6827645403465805,1.6827672018507902,1.7167785514263239,1.7422515424285054,1.731246415998619,1.755649790310609,1.775406269859571,1.7836408165057211,1.7478470166332836,1.8974616178715293,1.8401266653891728,1.6680661811316524,1.648696985914828,1.6968756122252822,1.726813623137622,1.6730258869935288,1.7731399790614015,1.8027891272288554,1.6565412731539617,1.7985880520393907,1.7406001607315238,1.8137055680780088,1.8072984548658535,1.8270063712778644,1.7459761409009302,1.7597073273595345,1.7477521483186178,1.7241605631512782,1.6471859559067406,1.7716643980020974,1.7618491276924904,1.7487475574141778,1.7669367958839475,1.7415475736478923,1.6665868530350822,1.7622089510657841,1.7463832434270745,1.6759799611013206,1.730701216100958,1.76404659275037,1.696104882074276,1.6638251655189173,1.8176413028472316,1.7011938722681044,1.7528096301090017,1.7396801750651782,1.8438159686816094,1.767688077171441,1.6868727684259717,1.800973052212715,1.6640752941567565,1.6818240241216618,1.7236856973903236,1.773921667896848,1.8260192282446532,1.7745773111814238,1.6962559533334964,1.7769561524943502,1.6353322784658293,1.7593023971054333,1.7251430498734843,1.7923742998632957,1.762637710807531,1.732907231825617,1.764671807690474,1.8134762079111457,1.7411800468656322,1.8544772778880736,1.8039481962473578,1.777010872186142,1.8325199876551528,1.784485678009603,1.774716330337219,1.7303411147423722,1.8068563183835156,1.797460570201049,1.8258874699555299,1.6048893169346656,1.7727381870638301,1.8000374818614435,1.7267430785129243,1.7704821023596022,1.7102897340841192,1.7773570374350582,1.8078147548826466,1.8572287363772575
116.0,1.71487766228758,1.6213320935724007,1.7660384989408198,1.700345866693087,1.793457197542178,1.7839411622614043,1.7084245887252087,1.7722405331814512,1.648098272616544,1.65534187778464,1.6629030186775582,1.7585064427914174,1.637611617701451,1.7183705498582575,1.6716799128809663,1.6851879130179608,1.7195449638484093,1.7428837726148796,1.7302426196320604,1.7553898925899494,1.7750825240529222,1.7786800265229536,1.7484682130501388,1.8986501500318573,1.842558384589647,1.6613526016458755,1.6479564792973609,1.7003981175555458,1.7227112954621142,1.6613724892117776,1.7716474261028834,1.7990017884173524,1.6571023176337565,1.7940048678075207,1.7403191380686933,1.8131440370119571,1.801714539321112,1.829546024393754,1.7390206491981184,1.7660329347486998,1.7477340931633023,1.7157406269952937,1.6506487734507604,1.767700162760838,1.760416831804395,1.7486548791965757,1.7671129744291256,1.743731361758902,1.6549558080236477,1.76245493681856,1.7470599378411433,1.6796846844886626,1.7342729342332324,1.763410229725113,1.7000652476563711,1.665177486737959,1.821204549871424,1.7012128116721215,1.7564266596724705,1.7486679630266715,1.8454202486257327,1.7632776357782172,1.6862535217854324,1.7929969812072564,1.6611396447256523,1.6819514833125762,1.7267478521992519,1.7619250310970456,1.8295575542883482,1.7682242178232237,1.6981481378507561,1.7713428222771983,1.6278773742992996,1.760625906386316,1.7241265158366335,1.7963455801087613,1.7629180055181626,1.7277298029704602,1.7600829288575552,1.8145509319663349,1.7418659201957918,1.842761706012756,1.8036220066928317,1.7776175904872933,1.828650633042172,1.7804044193534196,1.7720428812163618,1.7296137241100786,1.8033022335602136,1.794022390587062,1.83041884040144,1.607551785444365,1.7719963780334127,1.8019099227934408,1.7293948158120778,1.766924902223663,1.7134621470393874,1.7788870440621405,1.800444505834711,1.8516716198913479
117.0,1.7141831215892656,1.6210636295136296,1.7649797430793785,1.6905315694530338,1.7957841703133879,1.7827312609040977,1.711608478963649,1.7644823478241123,1.6512211725415122,1.6603545712819943,1.6615621265042453,1.756654394466794,1.63630301295601,1.7171987259339827,1.6648402335952999,1.6860632101452016,1.7129393997526214,1.73987248799996,1.7287145197537188,1.750814419454796,1.7735230620085578,1.7751443734325463,1.7442517427794209,1.9017987525181475,1.8447164294351506,1.6538419183049575,1.6476558475505156,1.7033330690121116,1.712517647846358,1.6518162302134327,1.767584035533615,1.8000984331574053,1.656873389381979,1.789355374971564,1.7361349200403737,1.8160818470234783,1.8022929235920166,1.8233562071398117,1.7385430971751121,1.7648721091540154,1.7412887891101865,1.7085594635786425,1.6491689799960092,1.7641109069508878,1.758038273607907,1.7466705444441417,1.7716039484544948,1.7480195580523339,1.6498039194356175,1.7641606605839681,1.7456109965675517,1.6805027614693457,1.732922674617441,1.7636368713458797,1.6994763148435907,1.6610836988689266,1.8226006537510546,1.6964773558121102,1.7603440761017717,1.7516048904703498,1.8444648962781396,1.7593924797738494,1.6877988870493414,1.7812207573066547,1.6584265558169229,1.679282524594146,1.7291148751399608,1.7621997420445865,1.823209157050207,1.7664282867354588,1.6996431639552103,1.7667751213755092,1.629384029550615,1.757443349378157,1.7202807966839377,1.7939763856906974,1.762393938974714,1.726389957776688,1.757459295502323,1.8137148088201738,1.74715227762541,1.8335465824557948,1.8000534806866804,1.7822365569352965,1.8265883173128805,1.7799139933320545,1.7627551688584155,1.725687713327532,1.8019543344399955,1.7899920890001968,1.8337509798907654,1.6075105639662897,1.7664277502592882,1.7997860705781688,1.7242260911242502,1.7604138403834775,1.715536325576612,1.7782852427617624,1.7926864407858432,1.8518463664757334
118.0,1.7138315582082257,1.6238863634515486,1.7633142794428718,1.6928422739976305,1.7980770421434402,1.7843655841505932,1.712518256992169,1.7612121817785353,1.6531940992281975,1.6593043906933442,1.6609145857959806,1.7553143292670652,1.6232462075814849,1.7161852896807253,1.6641096319590551,1.6889381546510955,1.7088172038976932,1.7362237930735225,1.7301052917105568,1.746314521908126,1.7704655096220536,1.7699466838550868,1.7445042832824513,1.9036400335264274,1.8416079308652602,1.65048037045837,1.6456170318351533,1.7095692582606172,1.703866612020112,1.6432918597911728,1.772242121342625,1.800751470555054,1.6549715049931153,1.7846961494374356,1.7341671962427818,1.817924853313818,1.8030265115596869,1.8216182924203062,1.738856127549811,1.7663217017487611,1.7323173748335912,1.7032185084787748,1.6523935185717258,1.7620288559354909,1.7608265352952386,1.748182116339102,1.7735812751871167,1.7505115662503408,1.6451141536556535,1.756600639492887,1.7471085671468753,1.6816693900484927,1.7385641845208695,1.756191942057886,1.6964844888278845,1.6636365485399705,1.828065868919963,1.6942829126157255,1.761559710003401,1.7580734302340464,1.8403728782298168,1.7584896002352937,1.6927239980724966,1.7802349299480358,1.6578775261231635,1.6787752746022044,1.733164155829374,1.7599548171927808,1.829625162179533,1.7678344231097356,1.6958891215947773,1.7663657270703024,1.6279710771815645,1.7576265537095117,1.7251016412534823,1.7956843331116696,1.766129875020221,1.721237873536067,1.7497533151719264,1.8138984489347802,1.744443959030622,1.8337448453824412,1.7969144069134788,1.7881503207966511,1.8248687288491057,1.775899167989763,1.7570297719662036,1.7194105438880736,1.8041796234935683,1.7891154893861758,1.8375336544446002,1.6047836312003583,1.766436234920954,1.8012764329456663,1.7277427515765014,1.7570708681699643,1.7165464369336225,1.7772613663858081,1.7847331094932195,1.8413793063530937
119.0,1.7152785448636774,1.6243696380584345,1.7606146475042577,1.6935654970126657,1.795291735453893,1.784752632503805,1.7104295160557157,1.7515396185482797,1.653328469480461,1.6596796089621826,1.659841300521494,1.7541994008858968,1.6132421874650922,1.7144115003002547,1.658667147652569,1.6850551006025136,1.7039136872350378,1.7334615635990098,1.7290968923067072,1.7349998906205926,1.7670177801734956,1.7604548126767856,1.7439708328589734,1.9045379454045395,1.8402596511745093,1.6459533201608134,1.6386530243505175,1.7062532142665638,1.6945918814374763,1.6378876569270389,1.7713033824011186,1.796688188363778,1.6504091774957061,1.788304308130584,1.7316499380854238,1.819228169109885,1.8008596137319586,1.8269922955291806,1.7329385903483634,1.7612392496133324,1.720430079394243,1.6977298171216724,1.644550627519483,1.7543626901780554,1.7594475943630785,1.7480057351204288,1.771100912121316,1.7509364271152843,1.6421343122772238,1.7542638499780596,1.7458559326862446,1.6819417938997017,1.7348573246022208,1.7512779925139672,1.6973941108299517,1.6667000093961186,1.8272430341930483,1.6916268786762334,1.7595539856192162,1.761714145074783,1.8417778413250177,1.7532335446747729,1.6960155488683155,1.7705234858267698,1.6572061017320971,1.6744898769664964,1.7350220387495077,1.7569235300157156,1.8315130769811978,1.7637268834768045,1.6939011290045367,1.7643674327523717,1.6279160632556053,1.7543161517672596,1.7278866585328156,1.7944824467369527,1.7627140158280086,1.7148386127876896,1.7427696543149567,1.8115701260422403,1.7424930744984266,1.8177591211148376,1.7990490417308314,1.783929190657524,1.815801133264313,1.7723956151554487,1.7537240045129903,1.7148342713749134,1.8012318207149456,1.7858983196733187,1.8410365819941392,1.5969603102541174,1.764010265209741,1.8031328280745458,1.725738594348793,1.7511049012752056,1.7195303000211641,1.779138363812946,1.7825324963659837,1.8349930308158324
120.0,1.716437699017748,1.6254705445964501,1.756419239723186,1.6936048126048753,1.7987260448968387,1.7892568172605927,1.713947865695351,1.7480262824341595,1.6556185566873476,1.6628631618270364,1.6584621222750502,1.7375931068094024,1.6076398082624836,1.709986838691994,1.6594900446269625,1.6874596402130624,1.698745971703077,1.7375626822879102,1.731511114303154,1.7362812353671107,1.7648577252194502,1.7546686630943868,1.7435585212622373,1.9108486327546417,1.8410680413501916,1.6432159536820115,1.63106237914419,1.70412535190838,1.6853453473149422,1.6227303615064508,1.7672541392970469,1.7959410998748544,1.6495655374784333,1.7842134375751906,1.7308296145612843,1.8218877596480565,1.7996450086902462,1.8244548196862405,1.7382145596901746,1.755901672916479,1.7112922406024353,1.693872956081776,1.637883617222022,1.753495399012254,1.7601964149512357,1.7461518237887772,1.7713957696313487,1.7538727399308993,1.640492763794797,1.74197614041616,1.7500114415380614,1.6826476516477744,1.7347532307396012,1.7482464527137627,1.6967888458546312,1.6691288280986847,1.8297753480068055,1.6926732493511258,1.758014523259828,1.7601455951530305,1.841129657461164,1.7440861689130047,1.702960255277729,1.7609207551250428,1.6574924591992028,1.6639273412878877,1.7355046650551833,1.7583204928674026,1.8321093051029298,1.7623863643311444,1.6856417246102111,1.761242782679649,1.6241763372785014,1.7541683272278328,1.7312407088066124,1.7971268194877021,1.7552558588681673,1.7063386881533045,1.730953937618692,1.8111296250420612,1.7382725372608474,1.8061590185725789,1.792756014249719,1.7824601470234163,1.8130506923146628,1.77099227424413,1.7546130489784781,1.7067819806619975,1.792640934210186,1.7793279312782926,1.848354230911459,1.5954701860914542,1.7597469309022586,1.80370630968644,1.7213698695084056,1.7466381864422236,1.7241585411571654,1.7800718874044397,1.7770769929822943,1.8344446404570662
121.0,1.7186822230212246,1.6283990539359419,1.7541222936065428,1.6950436886253721,1.7968614968759327,1.7887791494625158,1.71905795071521,1.7403756961776737,1.6570082908294297,1.6616579702291276,1.6595122009137857,1.72287645383327,1.6048813833717113,1.7065859841230533,1.6527697956386673,1.6848803779050734,1.6987104418981742,1.7346987130791294,1.7319862540446604,1.7315658478510172,1.7638286353439538,1.7460479032327967,1.7389945601283465,1.910774171911537,1.840641428899986,1.6447523857317168,1.6208660923899856,1.7031564706671805,1.673530856488791,1.614175275730402,1.7666162735089208,1.7929084687231711,1.6522115448087162,1.7782728503127108,1.7274793343479926,1.8225264833100272,1.8031730044674694,1.8203682722305359,1.7350765631603373,1.7542371354053257,1.702359045139259,1.6879285886132978,1.6335948950179122,1.745169097374957,1.7588907002289131,1.7434012889018295,1.7678080226510946,1.7549148715267306,1.6370399744882693,1.7338248694175042,1.7491131392088468,1.680980446805415,1.7274076229019164,1.7404185504622942,1.6911112312227143,1.6735297120534425,1.8308749753585294,1.6922500706710584,1.753005956842297,1.755857649704205,1.8365473540885744,1.7314643484712235,1.7019727009766399,1.756354357418743,1.6539858346987215,1.6581188572907006,1.739009584928963,1.7461913012112926,1.8307557761396607,1.7583240444885537,1.6844289468330234,1.7581386774576189,1.6283484425707389,1.7485625396089899,1.7282380580288494,1.7918322340746506,1.7495454274308315,1.7020618518410275,1.7345263437274205,1.8097105370299762,1.7360853649162344,1.785567178617162,1.7951537271358922,1.78739586085031,1.8113067778483267,1.764669977228369,1.746208784499524,1.6947390918405787,1.7931076290483132,1.7775709307755914,1.8470010120253504,1.5908418643325173,1.7598908190039992,1.8041559493699657,1.722168938119926,1.7467681323494817,1.7287159494651934,1.7815322414466586,1.769888203020275,1.8162785674402802
122.0,1.7242608465501412,1.6296708540127978,1.755806383469826,1.7025937454778386,1.7960855229851989,1.7922102092068823,1.719874859795566,1.7347099412530498,1.6598612352611362,1.66107217986258,1.659233741482527,1.7237646772528037,1.6009776192899432,1.7104324894812597,1.63845999480178,1.6892229692928273,1.6975836138684313,1.7378451152250027,1.735078088085814,1.728867041690681,1.7666017441529347,1.7480373356414065,1.7304662104919852,1.9108393693187258,1.8369440828548815,1.6386405924093952,1.617493060177612,1.703971318885278,1.6678839001510963,1.6110343484952037,1.7651579057689553,1.7936797211060655,1.6564266457511572,1.7786418624671225,1.7334719903776878,1.8209718327057571,1.801044505381115,1.8146418938014064,1.7319664820369234,1.7558070004603372,1.6970378673473234,1.689795141313838,1.6351326239265704,1.7328927528600129,1.759452117005124,1.7342454705002517,1.7660090678054128,1.7573678024077835,1.635677038698139,1.731548283054931,1.7428869817640036,1.6833373079390608,1.7249748082673129,1.7393439422830062,1.6955541853094638,1.677312927597987,1.8321420123197778,1.6872051158319892,1.7465808150825135,1.756470031954203,1.8287535023136214,1.7215219561051214,1.705963751104137,1.7567323884682242,1.647940618238878,1.6614292626616758,1.7441743258479219,1.7355164256336444,1.8263326275931038,1.7564838522251303,1.6853771968424742,1.760903543405123,1.6346747732717148,1.7393788623592832,1.7298846110538153,1.7945611572635813,1.7489817184140573,1.7001472656003231,1.7285899019845987,1.807539024454384,1.7385400882274502,1.776526136471525,1.7921203163291513,1.7920008282821325,1.8053279174287675,1.7605459052256678,1.7413384863524202,1.6935208986215282,1.7892505064318445,1.7689829111990956,1.8496374638781043,1.5843413718528192,1.7584309443109347,1.8062610528469043,1.720014985303637,1.7444679497652922,1.7382535415356772,1.791052688975425,1.7718023950059623,1.8049998478681522
123.0,1.7257373354086813,1.6339181480043585,1.7583004968322153,1.6996540006646386,1.7939296056373328,1.7979443352363584,1.7224879885182305,1.7333406184575366,1.6632588256525347,1.6636242665074183,1.662006988100035,1.7213364458215852,1.5948820330651863,1.7089684021509666,1.6351200077217438,1.687763792678192,1.697732764495125,1.7368599394208244,1.7365988224621265,1.722670597553626,1.7655634269311091,1.7416830262173986,1.727529234453081,1.9122012976409446,1.8356909405489994,1.6319585283831441,1.6216658416084093,1.700792010207784,1.6612916876568544,1.6071199307854283,1.7632729276112893,1.7925901743568582,1.656608637987556,1.7795675187938653,1.7372069481967782,1.819505537885703,1.8015891256458887,1.8150610886432912,1.7349717908333493,1.743625686856563,1.695919514427509,1.6879514012521308,1.6272347071479047,1.7257154802301744,1.7627581008595203,1.724874564712056,1.7589448283609903,1.761340887363909,1.6287380661160948,1.728325772592216,1.7397331809513847,1.6863693423738702,1.7171679679634575,1.7410153997070326,1.6969752775508213,1.6780996718038261,1.8330958146465546,1.6858565218845254,1.7400572061455835,1.7566462753807086,1.8307559414965493,1.7130855298006313,1.7044019058981446,1.7556987605054224,1.6414652630358608,1.6591910038748252,1.743874456653202,1.7269045511571963,1.8278444830272962,1.7545014628853128,1.681417267443134,1.7626312274274292,1.6372592868293412,1.7348335998628626,1.7309807702078301,1.7918946239425426,1.7553395776494132,1.6925810555524634,1.7241151923772904,1.8022101759287383,1.7428414381825017,1.77104747565911,1.7893682711018384,1.791260060906907,1.7983344448803245,1.7589451772896687,1.7353258057401897,1.6900462091771913,1.782545035243976,1.7625519400730505,1.8520147792693653,1.5821545778972548,1.7548093565384781,1.8006260365601994,1.71712896087044,1.7384405573567374,1.74122178428556,1.798035839272563,1.7720485551072178,1.7940872182690704
124.0,1.7255141611100973,1.6357658000200939,1.7573859317875624,1.6974414229263415,1.7888276055360992,1.7997198857130634,1.7213521778623773,1.7314054013340725,1.6635734825286133,1.664537738449242,1.666870208490548,1.7161583114868508,1.5867935201989731,1.7032647196417494,1.6348523193765445,1.68600297452795,1.6933077063995445,1.7351936953130345,1.7367819628431629,1.7149212552517175,1.7616764463307941,1.735411820452808,1.7238516456967092,1.9119723969933158,1.8365193905739383,1.627091048350624,1.6211478187443726,1.6985845759814897,1.6556685863862037,1.6032729693034666,1.7595198992465013,1.7868374872776052,1.656151918486723,1.775742368971528,1.7372317468900524,1.8184197590541666,1.8004542692991292,1.8138317766051455,1.729726385065772,1.7390298850497283,1.6891795289816791,1.6856840158019823,1.6207605728101462,1.723113321008749,1.7578617142072064,1.7194781981266885,1.7595367999209053,1.7631893008529713,1.6296844674196989,1.7160989907322828,1.732400717941404,1.6895412080232441,1.7064471785176194,1.7413501715724022,1.7007496792282353,1.6783524299849695,1.8337992281608524,1.668774512939506,1.7396102203794832,1.7567162577955162,1.8295723645105781,1.7004229662261052,1.7044484917840301,1.7489402755376864,1.627604358835764,1.6518719287522,1.7452039253800005,1.724878258423406,1.8241417860165874,1.755107298475001,1.672897465609637,1.7550300143077433,1.6371326766861292,1.7358554309354954,1.7340173272385455,1.7882515507096537,1.754106149069741,1.6873707496532384,1.71784291933891,1.7983361495003323,1.7452265614828602,1.763282311634423,1.785700080818981,1.7905865304236228,1.7901912690571287,1.758120692244151,1.7350362123991627,1.6893555476567048,1.777619374267208,1.7420685389574102,1.8543771292319562,1.5767990744942821,1.7561287792022704,1.7979689008009632,1.7168910238557038,1.739464835050948,1.7418997160628356,1.7986559026639983,1.7741859201924892,1.7886233116791102
125.0,1.7260337856866312,1.6362127300537672,1.7596943162067675,1.6998695712102165,1.7888110309395386,1.8002029399694859,1.7260776786237602,1.7329115970274378,1.6651041086639318,1.6628307906361466,1.666697522016148,1.7105169118203736,1.5828783916475442,1.7002201339690564,1.6313933355748893,1.687669818133704,1.6912536663160669,1.7384034177693386,1.7359003385250948,1.7124538609443647,1.7619980586779234,1.7321677444019856,1.7214388485986103,1.910739550256217,1.831522004140058,1.6322839584486373,1.6231562047815347,1.699149551065664,1.6514855664542325,1.602840601742498,1.751326338345071,1.7774330394954416,1.6583956036131757,1.770488443842625,1.737712051508617,1.8147635868457928,1.8016275522829264,1.8112489867835333,1.7279263426273561,1.7375118295105303,1.6856524415797085,1.6803981799626224,1.6120985707855877,1.727429699768407,1.7574554989680997,1.71414367532864,1.755606877227913,1.7640612894405985,1.6246210345460124,1.7074429816944534,1.7282256951473107,1.6926029319743663,1.6956973231172765,1.7418721674527295,1.7032416595618949,1.6835083128755604,1.833914171718227,1.663087398107182,1.7337747379540955,1.7609052482082979,1.8268903867106872,1.696644936846613,1.7054953399048145,1.7439968563138737,1.6205591069238794,1.6466451061384848,1.745818290436295,1.7235026495136005,1.8221661122017772,1.7464117306653435,1.6710733068097359,1.7522533683209778,1.6391757306853,1.730989877527528,1.7358616958931954,1.7820051918839384,1.7588117409765542,1.686034879208505,1.7109502185921488,1.793984368667218,1.7466248037679735,1.7532256414831624,1.7831806418463825,1.7873911260371553,1.7883558750194393,1.7446655595248128,1.7242682969950358,1.676680603703039,1.7715100922701765,1.7345447444234974,1.8525408067654316,1.5760358513579644,1.7560797061417464,1.7869296873713258,1.7140281434706062,1.7321572639265275,1.7418242849513261,1.7992852869677851,1.7749300533020282,1.7747532223931692
126.0,1.7252627820314308,1.6377911188429748,1.754731515300009,1.6984859026643704,1.7885807005031789,1.8028740616887984,1.7276132542792566,1.7250863389072513,1.6693874058052136,1.6621105661311564,1.6692621683007827,1.7057154062776367,1.5782390027326125,1.6947860633860867,1.6321874567363122,1.6857269777906356,1.682553353306853,1.7350408502021069,1.738272361491978,1.699694815739963,1.7607323367299141,1.7342242989920273,1.7228492099173163,1.90831113742551,1.8262568214007533,1.6254614083310726,1.6276069605186776,1.6939915286655634,1.647955111682033,1.6008662486738572,1.7532627657302853,1.7711819689333577,1.657216684220155,1.769559822774738,1.7356247994365406,1.8134601387875204,1.799529833703157,1.807921978461743,1.7214001898795852,1.72612586043029,1.682241995534236,1.6749382166916515,1.6000273124941091,1.717137148009017,1.7590008069349952,1.7086479692871108,1.7536023032516275,1.7668266780001918,1.6159541749671924,1.6979351298914516,1.7236109145691332,1.6962416306527162,1.6956369647651948,1.7410947169917832,1.7035673591304699,1.6835966079063691,1.8340452367765765,1.6625814601929616,1.7254902095487723,1.7580888970293624,1.8236354642924753,1.6877304713791628,1.7049831160077598,1.7451831726784575,1.611920829925922,1.6413476121000556,1.7430610182658604,1.7198884186256185,1.8237221295422144,1.73615051521825,1.6742627533848176,1.7508736762489727,1.6411888982929457,1.7279567365886208,1.7392454642465107,1.7780022138010154,1.762470109783365,1.6780612270885162,1.7113400621176884,1.7903087574864869,1.7478394169855909,1.7488255788540394,1.78766791910105,1.7907173172687874,1.7792563643021375,1.7417022516753817,1.7216937439077469,1.6687598555690828,1.7557769317284502,1.7321798389151586,1.8541459816316437,1.5671451671942438,1.7516960809983069,1.7830341129295602,1.713994035804173,1.7276068006053495,1.7397279140853361,1.7976684031589494,1.7706645501266594,1.7656788568761332
127.0,1.725225496712159,1.638861083205326,1.7529509818401907,1.6974218869588307,1.7852153790983656,1.8036828288120088,1.728738328061111,1.7221443515100767,1.6698074566172867,1.6632103737128165,1.6689359475123566,1.699242657113222,1.5761157062249724,1.685451169237938,1.6338530833516343,1.6811534994628514,1.6761932055782989,1.728024486475125,1.738870978774812,1.695068829085121,1.7567399046531276,1.7288626068224633,1.720808084453993,1.911514203313327,1.8281907023616273,1.625771126216887,1.6204422280965307,1.6924875073362877,1.6486387343462303,1.601183732916576,1.7466740210626064,1.7594419039545295,1.6580530050804803,1.763991898602739,1.7354003407278338,1.8131430499610104,1.7995175433052168,1.7972247583494583,1.7156653040536558,1.7139405620860673,1.677734915263946,1.6701615624274826,1.5858176730145646,1.7125646139575528,1.7476224251707377,1.6976304219458727,1.7480957623266424,1.7655398145367056,1.6123897632178903,1.6845709453215563,1.7241112927295779,1.6958722164357094,1.686456876045206,1.74156823889912,1.705965677079513,1.6855237392618638,1.833985174010864,1.6590674610584444,1.7222655669344893,1.7592241814600431,1.8193880589860658,1.6800278994463107,1.6990129122639668,1.7448602055768934,1.602147905707182,1.6387090265749953,1.7403430650762985,1.715006638631396,1.8197187476008132,1.7275503680986273,1.6795852395916622,1.7407773776453503,1.6382300707737876,1.7261314975068391,1.74228369384985,1.7734258234151954,1.759643112050704,1.6695293158875988,1.7105170763495778,1.7827005124794812,1.739679515527224,1.7450067654838164,1.7834148151140823,1.7935767604717323,1.77605266441587,1.7387575594176585,1.716741783447809,1.6669151079871916,1.7437482850910788,1.712397743927352,1.8549561980346023,1.5599937344684633,1.7394747601598137,1.77851749430583,1.7152783236180897,1.7266770950418147,1.737243053567367,1.7964430889727248,1.7676472625549005,1.7582851639950532
128.0,1.7207538680782108,1.6375849514233307,1.7586040045425477,1.6972649985230626,1.7849635635466916,1.807351553178746,1.7301496338406386,1.7239073441480752,1.671741299987949,1.6620417734511777,1.6682672818020299,1.6974751252407128,1.5753805755263108,1.6841407340139811,1.636116043606769,1.6779969658290925,1.6695565140444197,1.7215326034409797,1.7403834969654939,1.6881251248079026,1.7541083436611522,1.718679756567436,1.7179619136038877,1.9132618993411399,1.8255583313173713,1.6246368121849015,1.618535751581798,1.6912283444731881,1.6516516861576636,1.6031580611937384,1.7331569789547996,1.7546648524185329,1.6541654899906773,1.7575603928412846,1.728458882927845,1.8117481842372865,1.8017872372753967,1.7951866415381603,1.7049060151129787,1.7071912897073642,1.6641419684592949,1.6638953901176934,1.5871078125361264,1.7118713310391787,1.7462898805233116,1.6890993405574684,1.7419842867203879,1.7698176476501757,1.6032867538585587,1.6749158187298359,1.7186955814724794,1.696975632938809,1.683179864192413,1.741995507301457,1.7087658655812794,1.6860998772852538,1.8360372175383453,1.6529604663145112,1.7169542034236789,1.7614286408866233,1.816392257148967,1.6719926322372358,1.6953783520791852,1.7398708621640366,1.5988194660295427,1.6368873990798705,1.7424170163683408,1.711408904903897,1.8197265197514394,1.7270201990356882,1.6805949174351298,1.7394061873366762,1.640882396100905,1.7250662638021708,1.742363806929148,1.7705053078700612,1.7553943526431859,1.659392392810221,1.7026122339245346,1.7778813414541859,1.7412333095314756,1.743738884837056,1.78377130563045,1.7969409882508107,1.7679456043767143,1.735469077003947,1.7084289431232682,1.6650777404898358,1.733074469904337,1.7043254902829534,1.857395273253059,1.5543875514025918,1.7351329681974514,1.7746545557561684,1.7137136699870792,1.7254226069910452,1.737195274250343,1.8014596323851713,1.7607906065910497,1.750949427044123
129.0,1.7174831503885295,1.636694342594691,1.7558169786850495,1.6914777002920232,1.7754910164742523,1.8131660898931328,1.7354414094129285,1.7164617722191597,1.6760488865754262,1.6662309906601669,1.6645387512844558,1.7013117340007624,1.5792833383385512,1.6887499139521707,1.6321171446682419,1.680340749966075,1.661019833562022,1.721932943051501,1.7361477131924647,1.6900042914277624,1.7521591199266218,1.7178150478625367,1.7182307752837025,1.9176792675715462,1.8192881887910255,1.6262906498298793,1.6210053134375808,1.6849378110119777,1.6470799305246437,1.6129245712262799,1.7206982435415197,1.7473145411074067,1.6504849573193565,1.755159447416331,1.7248173665008553,1.8092155287293112,1.7987445757112448,1.7925893241270607,1.695373437776987,1.6962171009906049,1.659476249272618,1.660305274460342,1.5784555928671273,1.7011720553770768,1.7411334844614996,1.6892532289646234,1.7310201237368232,1.7672992843118491,1.5955436484185535,1.6624052026392575,1.7141650559875359,1.6976703611491035,1.6725061345481387,1.738971379762211,1.7110542025322035,1.6845603241217721,1.8372358058408444,1.647530379832583,1.7183977399917396,1.757406276344847,1.8118848839638393,1.6673460749111266,1.697948787448277,1.7363626898837663,1.5987082439964022,1.6360528480625773,1.741309282933101,1.6993495295537602,1.8149519101024374,1.7130847988793256,1.6815916694880133,1.7385102500950773,1.6395569716073128,1.7239461676617762,1.7491534088719858,1.770177353291772,1.7505456585476906,1.6451797301029045,1.7008573279118482,1.7717741322676661,1.7397448188123412,1.7428924242873285,1.7830449848498737,1.799682675799527,1.7606002581309272,1.729943954530309,1.702093432052969,1.660254859877899,1.7253846401308988,1.6953797065194622,1.858358066006087,1.5543395006822567,1.7349387501956846,1.7654889591467657,1.716489193243103,1.7256923570585705,1.740551957720297,1.8078382044499814,1.7611741611681462,1.740414203489186
130.0,1.7077784157161684,1.6388936426934002,1.7586816898439486,1.6896161814517097,1.766468940601202,1.8137190507764613,1.7316536271440002,1.7043284268017362,1.6801264172155794,1.6698655996767982,1.661263470039313,1.7016744254331766,1.576423711120941,1.683403652188779,1.6316743844127288,1.6708969903214792,1.6579585289039942,1.719773893195791,1.7326622699526493,1.6880725766546545,1.7413140484232172,1.715398566384694,1.7101492611765006,1.9190375439689382,1.819915099030276,1.622750094086327,1.6191708545777093,1.6808122554499405,1.6432450963383751,1.6144264348133308,1.7076758161651813,1.7435694565802953,1.6445445915529484,1.753010476665953,1.7160625129199156,1.8070003806493742,1.7989121548327998,1.7926990006378756,1.6901842473325772,1.6878998764275892,1.660351745909977,1.6561573729091554,1.565709750123006,1.6968162718689679,1.7409928267981831,1.6903755717029103,1.7218211109259647,1.766677816374355,1.5887784969918781,1.6539362560453474,1.703282725474858,1.698476948321445,1.6611260595852269,1.7359733787186842,1.7142734296888837,1.6820965398446666,1.8394338269557795,1.6416260776561062,1.7135987563947703,1.7527625161263214,1.8028344717661908,1.660323626687733,1.6947584130737745,1.7297188562292773,1.5925039711301805,1.6397848795835348,1.7431784335101475,1.6928333807213238,1.8074911697791938,1.7042565332356858,1.6844256053200723,1.7312012495490188,1.6393184321309942,1.7178311433543256,1.748206656989639,1.7620660705985856,1.7452280893746392,1.6362214238528028,1.6919211044136053,1.759784525829967,1.7333575379276616,1.7407436277485295,1.77408769209424,1.7965135899980749,1.7535372057013534,1.7265437870737697,1.6924964222547314,1.6507203228094522,1.7132306682724725,1.684420844388861,1.8606996129445765,1.5542578323170562,1.7270462027626434,1.7565913494258247,1.7157862848296384,1.7178655982932347,1.7422736845228726,1.8113265501940137,1.7585578983179435,1.7394476917298047
131.0,1.6972137157574407,1.6415152535342659,1.7558519822923888,1.6837517538164115,1.7662582084183156,1.8159334851002171,1.735359379352562,1.6816719973445544,1.6872474410534284,1.6696939265549668,1.662538218889004,1.7051449513253574,1.5755140380269774,1.685779177236303,1.630031644248103,1.6675362020063913,1.6529919523715968,1.7217265711677197,1.7350659972136542,1.686578000620539,1.7336911895719174,1.7156681316072533,1.7073646100767825,1.9138812909883713,1.825084459239676,1.621559497533288,1.6145740805597013,1.6784681669489483,1.6391481176144669,1.617096116053447,1.6958628947008059,1.741861736272019,1.6448468280955029,1.746953821303129,1.7061152221350506,1.8008666163346416,1.7973445569308957,1.7934906323016875,1.6855806048517226,1.682238356860793,1.6555395711010126,1.6499462849133528,1.555403145257554,1.6961175034078444,1.7297854200821554,1.6877331015050925,1.7225801293001735,1.7653978138228132,1.5898374625464262,1.6468764158616813,1.698981313637875,1.7000613486142429,1.65239086391868,1.7312407088066124,1.71740108364396,1.6831080608503717,1.8422505972814047,1.636284818517937,1.711401763598641,1.7507221009552032,1.7974064144445978,1.6598971680806065,1.6972318928799996,1.7135773736756261,1.5886092694024225,1.6431869772912358,1.7436225883377803,1.6836947636285253,1.8008023553741617,1.6969434283146696,1.686870288609709,1.7233148708679638,1.6400190426603158,1.7196166786901064,1.7471371987420097,1.7590047288635966,1.7441802154031518,1.6270999885356636,1.6841376628729312,1.7576830506988834,1.7306649172038713,1.7365418759882245,1.776716471420581,1.7944605399839022,1.7474073590754517,1.7234715258745261,1.6910972955889718,1.6452020116838546,1.7060638078333992,1.6771240510657168,1.8554737045536258,1.55203109839073,1.7190835341781234,1.7493671235180404,1.7164208665509295,1.71555643361113,1.7441699032892723,1.812901221229968,1.7548128378312184,1.7241438179440658
132.0,1.691184640617014,1.6429020052693863,1.7530679085223146,1.6799188577737798,1.7642080476174054,1.815856564172482,1.7380313974253045,1.678828571323447,1.6896336980289008,1.6695615125706962,1.664401958647489,1.7022970093866874,1.5754557471480246,1.681931952602522,1.6321428045644444,1.6677136695900998,1.6469956256925982,1.7209531500789377,1.7394753540444001,1.6855074476472003,1.7265844130968446,1.7148318895226524,1.7053310562990183,1.9122213211451604,1.8232146979280262,1.6239895826979593,1.612083480731444,1.6765787605591842,1.6362890298993131,1.6097421310342201,1.6844264163830782,1.738391651774663,1.6478233178436326,1.7384785141619528,1.700410070268706,1.7940827861567472,1.795082221622193,1.7942646728109946,1.6721295090202504,1.6736775880177277,1.6588695206566935,1.6439507839604341,1.5473081648916616,1.690772689045536,1.7271350378200117,1.6782576956638786,1.7126925297760602,1.7655593846115154,1.5905524139528462,1.6373062089691182,1.6972036138875684,1.70129499227669,1.6464346625219337,1.7240630237000594,1.7206317205461654,1.6863230716864521,1.8433045465882723,1.6319327990114942,1.7131867447412887,1.7426353556132885,1.7934779338479412,1.662897878506959,1.694002221162406,1.7080619109360293,1.585835842731131,1.6472940853433258,1.7392055944702889,1.6766533453373658,1.7950107476358579,1.6944634617733993,1.6902118714643584,1.7150914273254398,1.638333955475777,1.7114107241459848,1.7472454961808739,1.7533951922986453,1.7402431804621206,1.6177559513737942,1.6819240089956176,1.7585747688219047,1.725489783810834,1.7339231280649405,1.7672347958463002,1.7835000868800222,1.7407456140881719,1.7195021958458654,1.686500303296662,1.6363958912185255,1.6976811953531874,1.6603618034511294,1.857744679415959,1.5587385153044988,1.7112384599621622,1.7358532295350604,1.7158400812291574,1.7120646583248573,1.7422328501790934,1.8149604297634632,1.7570735731875229,1.7173717688575953
133.0,1.6818973061510827,1.6415893562806814,1.747889237226643,1.671611192854088,1.760595724471876,1.8173995576803026,1.7387724922413632,1.6775181515399487,1.690881246505703,1.6711924893310826,1.6660122305614726,1.7029544740337916,1.5765209070362776,1.6806301147527003,1.6284541431151394,1.67015949283557,1.6443567712327427,1.7172627180838205,1.7406182715754546,1.6874546951906308,1.7254527141711933,1.7150355446743126,1.7039644942070764,1.9090870680344365,1.8204347173025015,1.6222896210590412,1.6107339381772319,1.674746556813809,1.6302862863489838,1.6097745961267087,1.672780422803857,1.7323832977918312,1.6479637777505138,1.7359349690715136,1.6960363270261711,1.7854821055252583,1.7938260717030736,1.7916305643886805,1.6662202541892936,1.672083409054868,1.6587023451712681,1.6431508894834388,1.5353235409398285,1.688446774309824,1.7201734689877153,1.6704406590144874,1.704520328756376,1.7676274057252654,1.587279862544474,1.6252946131835524,1.6998592089563442,1.7015278627525041,1.6395060032240156,1.7198396515103234,1.7261423899631694,1.685186226469664,1.8479100715752363,1.6255086975044053,1.7047271599470888,1.7378219005302498,1.7870196849489053,1.655074277893377,1.6917666726565035,1.6992349805498055,1.5806875184156708,1.6495985204744514,1.7417788461584243,1.6670649036075949,1.7883148225053638,1.6942907926758655,1.6933078470974603,1.7062992014003395,1.6380209164113069,1.7120108847052296,1.7499333613775812,1.7448563439804972,1.7379685918938321,1.612177286140122,1.6798078692781664,1.7487924546511697,1.7209056307387203,1.729173382640684,1.7561551991555022,1.7763068230037917,1.7309528993869792,1.709865011069997,1.6768862420735613,1.6324809649319283,1.6894544375225446,1.6464501770364979,1.8598702568165557,1.5540666246856383,1.7038906462884151,1.728195825988089,1.7161295053439747,1.7196289956737563,1.7419716458537293,1.8148413734138096,1.7569612911475683,1.7156792036447148
134.0,1.6770111540053911,1.6380535636977998,1.7422303881024719,1.6693768937533202,1.7564632769022008,1.8211800262069693,1.736774165097901,1.6690569365925931,1.6940948787686831,1.6730761550291267,1.6653924698671052,1.7008256015964125,1.5739979467069942,1.6747736185602675,1.6263254464285786,1.66998840293866,1.6400285593256458,1.7209806656530877,1.739090205611331,1.6784470668455491,1.7213491764958524,1.715968573498135,1.703198718834105,1.9120669654648228,1.8231150019458577,1.6199589236791667,1.6100636322774189,1.6732931777381352,1.625048909102939,1.6053811172627797,1.6692174190261868,1.7281565951376692,1.6458114668725492,1.7302042180834099,1.6939267338507553,1.7725015153440975,1.7909614881657177,1.790938155043602,1.660822829912777,1.6751957088172276,1.655632270081126,1.639039578304239,1.530434408029553,1.6825754082534448,1.7167258470772262,1.6641110847308636,1.6940761321898694,1.770470212754078,1.5887634716750778,1.6160438133312487,1.6976866042632242,1.7053463507048503,1.6338944911732507,1.714551098045854,1.7317701715532214,1.6843241061123264,1.8501716901461562,1.6152299751063157,1.7070783814591013,1.7315676708212702,1.7791825698194437,1.6546989153691116,1.6898087350067945,1.6803848621270308,1.57986858984609,1.6494150011519568,1.7430803252655909,1.6605041082910819,1.780462094219122,1.6936818100342694,1.695475645711651,1.6943507387396912,1.6371291952559945,1.7099331305586618,1.7503034400984325,1.742105972763108,1.740586713851169,1.598966501849074,1.6767908453992333,1.7458141561747065,1.7189991844998345,1.724717115812649,1.7520011820824541,1.7595993274599608,1.7314621276429505,1.700968411715024,1.6697230086099664,1.6218647536330564,1.6819469866573895,1.633112322147421,1.85824692146605,1.5516741728794097,1.6967838088250453,1.7202432404662105,1.7147263165266067,1.7136975191803552,1.7449388706210345,1.817583129245509,1.7569108730165783,1.7034767502900323
135.0,1.666847862279509,1.6328290873362559,1.7378708797227123,1.6652278460114371,1.754536515629056,1.8228666097413166,1.732879163550515,1.6635918464528239,1.6961351349798053,1.6767316928908946,1.6656725852368752,1.7003046348117115,1.5692926600553223,1.6741099815848293,1.6226077817120925,1.6668849270354107,1.634626954824839,1.7214729591632978,1.7352313610078824,1.6782275017514106,1.7230816916695268,1.7171773405024449,1.7054910272197392,1.908201367728534,1.816835121354721,1.6195421628289135,1.6055126737679395,1.6773871281521555,1.6233480510965324,1.6068118975728927,1.6724330109587653,1.7181065000575158,1.6532854496768463,1.724807795013604,1.6910259775012495,1.7613189753992549,1.7818961102853113,1.7904512497149652,1.6589720438634223,1.6678086067650986,1.6527839546158316,1.6363850155552664,1.52514291570816,1.6746593153748905,1.7135399650381211,1.6609803688486007,1.691693898215329,1.768519262120907,1.5864254396362947,1.620289477807721,1.6936637660899547,1.7096684909161008,1.6338568012985473,1.7145418418238,1.7331994974711635,1.68590941975917,1.8505381718098282,1.612151528782933,1.6958945924378157,1.7247120187654112,1.7748254926074964,1.6522802832514147,1.6909005899087055,1.6713160626547041,1.5778176990139874,1.648509044879585,1.742373747724965,1.6481773338132881,1.7762310605290412,1.688517456201572,1.6947863871462707,1.6844599015970256,1.6361361918627435,1.7021131547630985,1.7520386251424973,1.7281706334529752,1.7387019666175887,1.5953317646182206,1.6720856132621789,1.746296536618611,1.7164101078615348,1.718786189910707,1.7450624862699957,1.7600119550163356,1.7277962675268843,1.6966434075905048,1.661336470480976,1.6168587565965746,1.6738171135007,1.6213430251256495,1.8562813900393378,1.5496732593543734,1.686304046119282,1.7134931013602852,1.7148858825408977,1.7117452132085835,1.746726079883411,1.8199903468697372,1.753817000284947,1.6934990656570583
136.0,1.658248996793329,1.6340775063088906,1.7335637759992801,1.6635158947547466,1.7486317899166115,1.8272092802828657,1.726870524944987,1.6534269409493585,1.6973023091249384,1.6781206194562912,1.6669497605444208,1.6974905495214212,1.5633291504038684,1.6721416214075397,1.6229180006761414,1.6657231323837933,1.6351676058616584,1.7215279987273147,1.7336607436924054,1.677479309692798,1.719915701892054,1.7167017077006699,1.7056428507377166,1.9053582268356084,1.8180152872021016,1.6186101722469932,1.598849727037818,1.673003268394442,1.6210981264209552,1.607601153614187,1.666721053316701,1.7139338204883368,1.6495283536344467,1.7223306319929803,1.683944154580173,1.7523837875236425,1.7774374334116703,1.798270638299222,1.644970182266532,1.6630386596508078,1.6433624973931908,1.6317531102364409,1.5196948247222333,1.6724956074075414,1.7168474989449354,1.6554684360352552,1.6833985894918582,1.7746318350848382,1.5863557442661111,1.6093196790073256,1.687905633870598,1.7112369585541767,1.6272950356464129,1.7089740192094953,1.7370513421615281,1.6779809213895256,1.8541313972129667,1.6033838787809078,1.6857234760157702,1.7212225712906388,1.7658740008234874,1.6401401430627403,1.6859180935662725,1.6628706254305456,1.5659294984959766,1.6503808178203359,1.7417410286702797,1.6346835824796342,1.7718458082944113,1.6806673575718383,1.6938153416385773,1.6740981885990038,1.6356366926644155,1.7006808135929807,1.755984208788971,1.7183565431901675,1.7343044067202382,1.5962994069611585,1.6707573267720155,1.747832420860859,1.7104130874524868,1.7135097164305502,1.7396924322425522,1.7465142309361756,1.72581634854726,1.6974153581698659,1.6506023340319007,1.6091814665996564,1.6723504450525082,1.6163689277025646,1.8574582162874826,1.5532713122401094,1.6812539483068365,1.7025969060306307,1.7149423656132388,1.7128652822516004,1.7464726227152985,1.8171876763330723,1.7516579487275208,1.690462582845509
137.0,1.65085120210879,1.633421026784003,1.7302196005361414,1.6592840807110727,1.7485643305203,1.825858913037835,1.7255326435116052,1.6453494664637287,1.6984033980425595,1.682222986484386,1.6644971681992344,1.6980299055716324,1.5656401094402521,1.6681326264886798,1.6212589626381466,1.6614259781224716,1.6324968999463576,1.7255919980551777,1.7344341375845373,1.6798451783488864,1.7168570704127546,1.7165289707903824,1.7036219028637372,1.9029477108303787,1.8153271647159197,1.6188698995042783,1.593178936894351,1.672010518494516,1.620981880393904,1.6092738033792109,1.6600376001224235,1.713080432854436,1.6493953953743787,1.7134732252424958,1.671192437155488,1.7487589363766753,1.7777524200166017,1.8011241203146997,1.6391810621969796,1.6636695742572791,1.6383087546657131,1.6324130834436472,1.511974463551172,1.6694551914664053,1.7161894646744298,1.6471093825357754,1.678074842927383,1.7754934326622522,1.5838123261415102,1.6095094070045202,1.6897790375852255,1.715433910473317,1.6268608635711987,1.7053406344403246,1.7373575737931233,1.6731549765465417,1.8563258779246743,1.5959164406543944,1.67797136062699,1.7164354766580427,1.755542531990901,1.633897184553474,1.6825540467188134,1.6588043156122505,1.5659438808388932,1.6492152838353125,1.741573348152033,1.6327558147546302,1.7745151312295862,1.6733998916811583,1.688463532172477,1.6641414639150998,1.6411250678784133,1.6917882578252492,1.7580318623282614,1.7166394303966461,1.7324893084243294,1.5924757057264654,1.6635100057715846,1.7454952971391895,1.711223876535282,1.70964136169329,1.727048947240081,1.7462383863340218,1.7247057948549236,1.69354111248116,1.644819044670309,1.601315179741051,1.6701018496542954,1.6040939260752154,1.8594684038768161,1.5580668012277301,1.6816566535786723,1.6924238381780488,1.7179532288035835,1.7068817705241304,1.7439483723715448,1.8126548185917604,1.7441270510561047,1.6771354457802246
138.0,1.643445375674941,1.6312868272657508,1.7332463216441851,1.6581414565537924,1.7413235199114745,1.8283948285222102,1.7202603002091497,1.6389007219206984,1.701060513104134,1.6790867822886972,1.6624910520504304,1.6924082205562019,1.5613968112162349,1.6688421570787226,1.6125010695511257,1.65801963540586,1.6284708245039696,1.7273498759232664,1.736179836990412,1.6826054888469946,1.7142345698688957,1.721828938410127,1.7054596140668228,1.9054340154468767,1.8129817735307887,1.6169327005149938,1.5931708437443641,1.6729633041037306,1.6201531848352961,1.6056024145996945,1.6543457474072665,1.71211641479169,1.6450743896758486,1.7087335133861177,1.6649340006946627,1.7325956300519982,1.7734655928596734,1.8018899555548509,1.6339664713047497,1.6597383855387844,1.6386028378517203,1.6362328724511048,1.5086858968816004,1.6642257990948814,1.7127167508249728,1.6343708847788183,1.6673142781940817,1.7765141410305274,1.5869427830492941,1.5995297354153206,1.691229714270651,1.7166503788395726,1.6141031850235281,1.7078244373392075,1.7383137278643703,1.6741104816794081,1.8576030347489627,1.592114778768854,1.668439303422767,1.7073902895008348,1.7475798289172106,1.6208878050572741,1.6784251685469018,1.6472590061351755,1.5616001779308037,1.6505874999899122,1.741600383130779,1.6311489340595735,1.7794397543891192,1.6714386898985338,1.6846210068024166,1.6476801253340454,1.6437722095734337,1.6835847678443228,1.7624698260947789,1.7122158907741418,1.7355703128757909,1.5886470353892101,1.6582141589381816,1.736308718810365,1.7120486743067531,1.7019907405207162,1.7228683527268416,1.7398398699207371,1.7255099659377153,1.6823973690228247,1.6330815245765025,1.5942659865266782,1.661878470822123,1.586123252641474,1.850905782124836,1.5569138171294372,1.677003921647647,1.6872815015858844,1.7087643531585537,1.709979375898164,1.742143560362535,1.8122039449710081,1.741051068318868,1.666594825266119
139.0,1.6343540084957786,1.6329670609692983,1.7213566185354052,1.658853218209312,1.7360225762751682,1.829141469886707,1.7163672721137202,1.6332823731701978,1.7028755180081085,1.6824922731737273,1.659247217485098,1.686379891671844,1.5614509856936407,1.6708517274436012,1.6088987038009825,1.651895048599185,1.6265532602726824,1.7323874306904508,1.741108918827578,1.6845772659371205,1.7166387430526853,1.7266797194026173,1.7038095419163937,1.9032021523813873,1.8127002775076215,1.6204997424195413,1.590415772077145,1.6712515486722304,1.6182730090011177,1.599044688588006,1.6485894220091668,1.6981418153580514,1.647547404501052,1.7048208214263918,1.659348372500261,1.7330783998054986,1.7746837051395783,1.8020474393159733,1.6288259412563173,1.6579208887389467,1.6368861611463215,1.6345514334296862,1.5136522120678293,1.6600743857138411,1.7147310933376756,1.6220263156575934,1.6636929393209805,1.7742748742818415,1.5845262044724782,1.5999219155450357,1.6909292770016773,1.7231390548932652,1.6088286566129275,1.7026935059501564,1.7418240269648628,1.6705580547453278,1.8585125879151898,1.5936108289208601,1.6634686388470785,1.7058012557370767,1.7454020280404254,1.6249368021552206,1.6783317513247284,1.6268236130206823,1.5582436009096565,1.6491523026624442,1.7405970625397544,1.623778427362862,1.7797330034984924,1.662842827576007,1.6863678288414359,1.6362434852273862,1.643682311355549,1.6753171552436465,1.7586503064904115,1.7049170835006378,1.7340800413380406,1.5798542449237816,1.6512724422568963,1.7381343416535158,1.7131963157253125,1.704934735543332,1.7123315170232107,1.734257192132028,1.720046690603295,1.6747724624204112,1.620666749922378,1.5881256851649956,1.657484073075444,1.5765343477694034,1.850752825642254,1.5564255642105118,1.6747733845792743,1.680174171136871,1.7054066744477918,1.7089458451227686,1.7420030867226928,1.8107534944609116,1.7402681697165072,1.6566010918690581
140.0,1.618780884836313,1.6252318514761592,1.712669758541264,1.6603232623481636,1.7355667770871346,1.8335090649188208,1.710479272264201,1.6308419076209597,1.7072373296778616,1.6749300615723262,1.6587311694346178,1.6844704988108332,1.5621153924848719,1.6685289808566675,1.6061558322301774,1.649109072681521,1.6171398278281903,1.7323265516650925,1.7386241643706162,1.6846376970635772,1.7152180930308971,1.7284249094070148,1.7059357712429575,1.905827791697659,1.8143692480553584,1.622677072692334,1.5811846301508379,1.6689752488465512,1.6134373804494446,1.5992985168499954,1.6502170286247908,1.6916143718469172,1.6497276452234788,1.6912963727673638,1.6544826531790582,1.7185524994374506,1.7690718389837827,1.797965877154543,1.6172901428610629,1.652738364805111,1.6357048292255556,1.6350000486087422,1.5127986571179124,1.6563486272064252,1.7160334176571466,1.613076086740067,1.6601601395628316,1.7721295588804733,1.5823627204923703,1.598035968860971,1.6915055718344836,1.7240016909132696,1.6071763523328058,1.6968780097721259,1.7441746854951117,1.6685127692828097,1.8592532896053364,1.5951516622237798,1.6655844374285496,1.6990851477494051,1.7432823438708076,1.6164471408362564,1.6780719208638861,1.617203070633176,1.5556933876721142,1.646793124834424,1.743401668680573,1.6246531165927467,1.776349337523104,1.6584533805594037,1.6801503796327062,1.6380181701000809,1.6442167731521224,1.6680687675022448,1.7594412054473973,1.7044636018840467,1.7347497048967437,1.5784575590246428,1.6445127316881736,1.7238444439560756,1.7113965564851497,1.704599177427573,1.699825301040373,1.722490442771058,1.7173241389739065,1.673923030279241,1.6152873920291348,1.5843328082002417,1.6470477090295088,1.569230479670188,1.849669292792434,1.5607003377296718,1.6659940133695381,1.6717711392088659,1.6949252760572953,1.7087273467844952,1.7407106261203757,1.808771140682125,1.7393837231810876,1.648591469400927
141.0,1.6093990354406422,1.617320284280609,1.7092574649082635,1.6571565756667233,1.739113488873148,1.8354167636555914,1.6949521583484934,1.6333150008553678,1.7010804142782752,1.6617330927405727,1.654042767033346,1.680537865012978,1.5644544908891143,1.6675661612838908,1.6058824570197219,1.653067182334563,1.615675987000084,1.7354646547527937,1.7361693781892158,1.6858465370997748,1.7151264140637101,1.7214230490162956,1.7014599077175454,1.9096612203594312,1.8102683022189077,1.6217320330099219,1.5747213908382351,1.667973464903604,1.6122663131363824,1.6036647325259943,1.647287310544142,1.6878788245953886,1.6494694165047394,1.6855656371079872,1.6478535233268592,1.715458250982503,1.7668315625022804,1.7953872654008691,1.6079531838977559,1.6450078366005283,1.6313742086358334,1.6346667585972274,1.5171353326127517,1.6516564200424275,1.7119368691941823,1.6053118931030372,1.6594997094600277,1.7689521316291161,1.5825152861236893,1.5955385748986373,1.6906320016429217,1.723897926122981,1.6063911045225274,1.697005562317576,1.7398358890951369,1.6535488262105187,1.8535546950971549,1.5921884441692904,1.661246766216925,1.6939345998561397,1.7228315399852971,1.6109744087556415,1.6648697705810802,1.6068495863521337,1.553253827687181,1.6458684948242759,1.7408569071033644,1.6220667974417418,1.7728476031258353,1.6502859161392276,1.6764563230926766,1.6286419240394816,1.6458829214016542,1.6575174160443202,1.7576471601620662,1.7013022794027806,1.731435148059797,1.5754088170307596,1.6347484843167728,1.7182916246430417,1.7045293330911493,1.70517714604424,1.691759775309803,1.717574451398564,1.7190893688850473,1.6665988322547636,1.594628433628496,1.5820543258642537,1.6452030423534896,1.5620977723441443,1.8422009696305552,1.563165906753945,1.6624692039304332,1.655991473886142,1.6918049140315397,1.7145096635875134,1.7388155527748355,1.8101519290036177,1.7381762549228101,1.641254993169723
142.0,1.5877708657531033,1.6170570569446827,1.7039704221339211,1.6587247025319494,1.7334739492267452,1.837782222116401,1.6838823019456934,1.6284596481268332,1.7038629842487711,1.657518723674611,1.657664780438396,1.6795889523386485,1.565524788792337,1.6656144732441989,1.6040388696476002,1.6518869074985139,1.6106572249959865,1.7357323623567298,1.7371656839519376,1.684235423422463,1.709043353360012,1.7143927016197877,1.6990658175244517,1.9094270942702256,1.8118818372568002,1.6204323416886726,1.5711162719508132,1.6649199572793962,1.608892072197697,1.6078740269753193,1.643933914857034,1.6759846136828709,1.6505280621637082,1.6732265357358846,1.637272154521089,1.7081079784201452,1.7616853231590148,1.7922826673395233,1.6018383624837773,1.6399503228182968,1.6314182682785372,1.6361555322534658,1.514129528980185,1.6480931937728729,1.7095509830360724,1.59939284619605,1.6529817415643226,1.76340819169722,1.5832395719672656,1.5939587305054368,1.689131631560725,1.7254213728773744,1.6016375949007857,1.6929039890133408,1.7401886117519376,1.6463271764972895,1.8538371980665496,1.585466150201738,1.654540494993382,1.6860680286041816,1.7188184220045424,1.6048278645944556,1.660929565275278,1.599953204262954,1.5480008964813634,1.643730384393736,1.7366368232537959,1.6167183510696927,1.770332166973426,1.648559921330843,1.6739064998366748,1.6250110233710515,1.645164611907508,1.6570030395115294,1.755981197413492,1.6924549444377373,1.7277808099433918,1.5704980344052257,1.6309256934980225,1.7102446880586513,1.706628802379866,1.6952748886582496,1.6854673691027955,1.7074226136992736,1.7188855809672614,1.6612359516051936,1.5918322868606274,1.584332808200242,1.6420874922596074,1.5548912480297667,1.836248469973269,1.5629358238153839,1.6587842915636226,1.6531497998944547,1.688892046377864,1.7162419664552828,1.7416864266308796,1.8114292952076179,1.7431023607241705,1.6329517577791324
143.0,1.5751757006487916,1.6139829987909038,1.7021937673710472,1.659794743121919,1.7322470463646473,1.8365723309126467,1.6695371180206837,1.6195895967472258,1.705144392948976,1.6522125857279188,1.6544279950175222,1.675758028179237,1.566355278608684,1.6570673468737538,1.600422910821333,1.6494986508100478,1.6161842043403045,1.7326832037891309,1.7370327144086322,1.6903145340279062,1.6924705721228939,1.7063939421734442,1.6982532751170225,1.906457935688668,1.8143259784699914,1.619065277657214,1.5693084825553447,1.659498685856425,1.612064887026174,1.6098559624454083,1.6461454890245206,1.669888379689012,1.6491527386506124,1.652904035251672,1.6263966170638045,1.6962191533501494,1.7592959374788677,1.78600242703234,1.597234890023049,1.6345598940287602,1.6241192941827403,1.6374164191746259,1.5119310040858402,1.6435407089368155,1.7050270076664669,1.592648233710417,1.6444365733699553,1.759104061228638,1.5886574445420554,1.5920598065149751,1.6861266793143905,1.7252054466958695,1.5986296440513306,1.6858948027533027,1.7359302794327027,1.6363835143065002,1.8475075976174278,1.5775982223803238,1.6542390422041398,1.681078643411173,1.710346377128579,1.6025575645837717,1.6600622129098161,1.595275578577234,1.5407750518750554,1.6371475018310069,1.7376009725237322,1.6082001631106644,1.76709656973161,1.6319411836001856,1.662531456405351,1.6281723273844304,1.64350529868254,1.6499727192965048,1.7447147005906396,1.6821451610556564,1.7189716162169668,1.571388219673486,1.630042035705333,1.7024611539910568,1.7024155547947517,1.6889336365707621,1.686483203474576,1.6990974235075078,1.7173657866230607,1.653626456861973,1.592018126382377,1.577277600559311,1.6382281565441155,1.550778495735583,1.8327450473750522,1.5676573770861497,1.6482952248650837,1.6461187789083298,1.6737278954344306,1.7181141020554642,1.7428851792630136,1.80744759059391,1.742059749710691,1.6180996023282945
144.0,1.5655559614473837,1.6085137794884716,1.7019285149146341,1.6572319422461939,1.7315027278998223,1.8390407077093713,1.658319241265646,1.6179297191405997,1.7035261548939136,1.6465189891353496,1.6498378332716994,1.672576589894634,1.5717656974267593,1.6519666199357768,1.595258061353291,1.6435419296980278,1.6125765722344192,1.7290045183056917,1.7441464833699523,1.6940118946462537,1.687452822773605,1.6973537702539128,1.6950939979095134,1.904139403274729,1.8147404275012171,1.618244852500412,1.5669929851012303,1.6589951306841533,1.6031171484493092,1.6052946099707448,1.6499174153389422,1.6677334454734773,1.6463177085136451,1.6442368314822322,1.623448796893391,1.6836155778641644,1.7572090080255531,1.785870355566908,1.5972049943247009,1.6331051701837134,1.6164394407253735,1.6397996520091704,1.5047325967781688,1.6390048506539538,1.6922989740689593,1.588003824289822,1.6385216707622776,1.7521489660960416,1.5928692334568173,1.5946014506535893,1.6869492492052456,1.7281165644509775,1.5972550551993692,1.6831282608929985,1.736013510989714,1.6331370607739253,1.841853024970952,1.5762057205489257,1.654166329998166,1.679931352416403,1.7079176118827943,1.5994918672815874,1.6589116803182442,1.5842981617071574,1.5382404079926986,1.6352269137132893,1.737499702330188,1.6029290625132817,1.7689721876289428,1.6228601510785818,1.6599666461636997,1.6175510841409952,1.6462654437329611,1.6426070403852888,1.7388673689080836,1.676651845215601,1.7202138749782985,1.5681564021248304,1.6286240317266008,1.690123014662303,1.6968260624586542,1.6891973757267993,1.678220976003775,1.6935804638847223,1.714424882661022,1.6510145791240458,1.587001602543257,1.5775078749926115,1.6327363705614253,1.5574920279993405,1.8242671792304428,1.5678926196154468,1.650209162154284,1.6312553509779055,1.6703256057037177,1.7198102769194445,1.7435717096164896,1.7974172108731232,1.7373586673932462,1.6083546424579274
145.0,1.5529544703796818,1.6040404080062654,1.6983260240564528,1.6640487708102292,1.7340584987750884,1.8308973518214942,1.6471835939833985,1.6247124131437964,1.698250632031908,1.6408958807211793,1.6513135374271293,1.6656744252806281,1.5749870994711552,1.6415087370752126,1.59321014509208,1.6433651939395977,1.6140679821272945,1.7214849978331348,1.7407317651592218,1.6966000441792497,1.681866593984294,1.6938460730351108,1.6962818076252688,1.896620408923744,1.8103740779693451,1.617941155405867,1.5699699201210076,1.6549566882415354,1.600057660936981,1.6030868294162324,1.6499924067647036,1.6599357866023325,1.645476908247623,1.6442366826770547,1.6211109091024807,1.6795731211586864,1.7457672550546839,1.7797316474091003,1.5937911259685467,1.6277593004437934,1.6050858219331998,1.6422472635932068,1.501181357526639,1.6279062768545622,1.68330373977904,1.579047672606795,1.6296948115056504,1.7519140827403163,1.5958853216553326,1.5959340633003902,1.681740328666742,1.7249990292752535,1.5936608850612073,1.6717612264557369,1.7261787044077472,1.6279293495113087,1.8366857940409869,1.5654378865957355,1.64396919722533,1.683624974960141,1.7020659083226777,1.601716862045994,1.6614380557196882,1.5840162830090159,1.5293191021173564,1.6323768854956302,1.7399486686256445,1.594670897083607,1.762816523520937,1.6107575588896421,1.6554028259652966,1.6141674953836636,1.643173216053335,1.635975850996944,1.736055015273539,1.6731886471131285,1.7229791627515614,1.5633374341039246,1.6121297294357966,1.6789413114364473,1.6923265326064916,1.6825118261808754,1.6696253399367913,1.6858916427577209,1.716089455908862,1.6535274297128182,1.583204845561252,1.573814140993642,1.626076579403138,1.5578698170743825,1.8209526875434883,1.5689607630481806,1.6400504436924876,1.622070369360119,1.6664548792800502,1.7166912659649187,1.7395481699454758,1.7897262787463155,1.7428978586471608,1.6003371070998336
146.0,1.54307543081878,1.6034244004812388,1.6983533871441934,1.6642620826324108,1.726738629633296,1.8270213498601866,1.6391164774334863,1.6232342689417918,1.689535959496644,1.6364539925108008,1.6511679593154454,1.6558601048982122,1.5743034743468183,1.6345693548880311,1.5871162149942328,1.6415944942172331,1.6099546904690436,1.719544736224307,1.7408226930897912,1.6969502853539653,1.6736890108341056,1.686029376910374,1.6965395606414844,1.891740866824074,1.8051922973409935,1.6200024810285318,1.5685879402144571,1.6517230372625618,1.6020325101279977,1.6042442413332705,1.6501690978838397,1.6552216583700938,1.6436749187451005,1.6349573862445277,1.6164337596425897,1.6663859242605468,1.7389784871169554,1.7745448749424257,1.5903600526324697,1.626577310260725,1.5984057407181815,1.6424099099355272,1.4966742695483892,1.6262226652193028,1.6669015787914263,1.5786697737973794,1.630164393921043,1.7465010345177385,1.6035253959598057,1.5979654752777248,1.671212915060399,1.727667777501962,1.5888308755675327,1.6648677608890217,1.7201356702149793,1.6200649234266455,1.8293382507472198,1.561100638126933,1.6396433052833734,1.6818503608410154,1.7008002853516868,1.5992977161757918,1.6630838496075464,1.5802511666391725,1.5207737351971977,1.6356995934440268,1.7410807078890886,1.594464311623972,1.764352360010709,1.6044362009729005,1.6435540534096995,1.6076972211339775,1.6436500758111157,1.6281985640821268,1.727695640336224,1.6630576943276925,1.7247527491529844,1.5579927942480243,1.6038891357751375,1.6759250852375556,1.6824620569405881,1.6743548833158233,1.6654837066632535,1.6789278587826422,1.7144673213214672,1.6494227048954135,1.5824404248341983,1.569428345848532,1.6260190313702576,1.5495327461971733,1.815877406107588,1.5731757860327016,1.6345050355286013,1.601957276699406,1.6632907503599745,1.7179239671640267,1.7402442943124312,1.7817848046015257,1.7415934687737717,1.588365453085076
147.0,1.5397666613808072,1.5963716380122552,1.691988891731247,1.6701454436077552,1.7191372999933425,1.8239625201812386,1.62795512645675,1.6256829766361018,1.6768885271742906,1.6372504614126715,1.6504872832992037,1.6507988452409967,1.5759109537714457,1.6218945259743562,1.5803814914630474,1.643801685796798,1.5971825865847455,1.7135819481490933,1.7396974067613284,1.6970789339889432,1.670782114308186,1.6758605088525214,1.6964702140212369,1.882089132610223,1.8073187115798746,1.619427198454338,1.5687885039065903,1.6568886220722223,1.6045181798071537,1.603475400366872,1.6530161469759828,1.642766120825647,1.6480060263039764,1.6259792471021068,1.6132480393716289,1.6612780072814506,1.7380515477205571,1.7669395540945834,1.5922716696752814,1.6214466258661027,1.5930976625645439,1.6416845760030916,1.494462522664523,1.6219069009918092,1.6577464416797512,1.5801576727128122,1.6265539626095677,1.7337462266814636,1.6087493080096746,1.6000827623095275,1.6614561298999977,1.7270064532963652,1.588806301868811,1.6535760768479588,1.7131096110449344,1.6083765974789983,1.810976441858193,1.5590443221551231,1.6242854905401847,1.682175607118459,1.6952893776065292,1.5915586531606791,1.6649949110157594,1.574806800814783,1.5138047975873028,1.6350812516327222,1.7414705660348555,1.588727829677707,1.7645371654591786,1.5920618177963655,1.6337867849921535,1.6032644019528337,1.645244752185854,1.617617327774321,1.7181933045788456,1.6488293792829982,1.7188592389386104,1.5600289312509066,1.5907041100887052,1.6716242189278492,1.6778881028966872,1.663144557849397,1.6637161789067152,1.6708550845428025,1.7076972075767025,1.6456399602351146,1.5807797677754252,1.568336196614075,1.6267472901052231,1.5549497910863699,1.810330579731203,1.575025486817835,1.6218718685404436,1.6016539468775712,1.661199553736241,1.7145381142984273,1.7398265545859901,1.76469095064107,1.7423096120814126,1.5831935055655975
148.0,1.532147686090656,1.5886014485220024,1.6896380640789728,1.6702542251203467,1.7181838707899462,1.8200332679446336,1.6256577068582192,1.621219329677315,1.6621440196885613,1.6338866854759249,1.644030130235464,1.649604822247593,1.5734527323574674,1.6145793529684715,1.5752497846707079,1.6414324075767266,1.5805310157375907,1.7050030230427926,1.738138375777555,1.7004239416212696,1.6682613968063036,1.6641080152344432,1.6934181884666466,1.8792817986877426,1.801104374469598,1.6168017542763657,1.5706897409661211,1.654824603647918,1.6064312568271433,1.5956486906409846,1.655356221166349,1.6351099108817604,1.6490302973869047,1.6201018807996055,1.6060110505271206,1.6534178413543763,1.7348017789275605,1.7606427192278222,1.5918211685464587,1.6126027352548409,1.5813561830131428,1.6391410656312453,1.4987294365121167,1.6242979559893036,1.6610094858282816,1.5779257073602022,1.6153243138251212,1.731160647695878,1.6142056558507232,1.601758797994915,1.6495137812044507,1.7224788509853421,1.585692523262996,1.640636403566454,1.705563962621682,1.6016484343034678,1.8036844484602566,1.550957218623186,1.6092435148439779,1.6768506056468737,1.693199550064198,1.5882279099448364,1.6713352535847406,1.5667892037686713,1.507471892122513,1.63314120157563,1.7353179597564372,1.5854091404922033,1.7519058090665882,1.5806366864345327,1.627798057674676,1.602015111620759,1.645902731883743,1.6082220421165943,1.6998261360293137,1.6325048080621725,1.7082255171516132,1.5531896552509805,1.5780325902275318,1.6650509446072679,1.6736607476358023,1.6559066715089408,1.6541048630620083,1.6549247346878457,1.6960184330530765,1.6421995704504648,1.5743171742883275,1.5615793247029994,1.620029369418167,1.550470097502973,1.805285216537628,1.576768422987215,1.6070878235125077,1.5833349522479996,1.6565915456418336,1.7079492510318948,1.7381470157330055,1.7513947974317008,1.7435748044600523,1.5723990591464398
149.0,1.5336971161231734,1.5846466142439968,1.6859634323584216,1.6709352045040735,1.715321784567716,1.8176321757561942,1.6107202834698937,1.6244168269890042,1.6529994795134555,1.6340058853662882,1.6430149530642788,1.6432910893638024,1.575119913085081,1.605548939064295,1.5709506686359616,1.6397568991211726,1.5690900384022635,1.7040479994577433,1.7355356565133078,1.699518069193091,1.6628572097035093,1.6557626185545575,1.6926778068352124,1.8660342413815714,1.7964121702678912,1.6176099584586854,1.5661541602180198,1.6460240334087604,1.6027039563918535,1.59178489149727,1.6583410083436603,1.620701447524974,1.645465045281326,1.616674846946792,1.61005107790053,1.641205472034851,1.7275772764655857,1.7604112849114735,1.5914510277809224,1.608702125481536,1.5757770495688306,1.640592322293874,1.5019704837209082,1.6190282772353357,1.6571335621790806,1.5790391817693052,1.6144832105313394,1.7264043435051404,1.6167743185293222,1.6010468093192818,1.6388287728318045,1.7251272500975927,1.5864638458776694,1.6380326271525796,1.7040783066659424,1.5923817802777938,1.7929913642117774,1.551633842646158,1.6029752719506545,1.675489693884306,1.6924289089122435,1.584544642968307,1.6747998143848675,1.5653276716948121,1.5049264771480235,1.6410385382557113,1.7240495669453466,1.5816000267535244,1.7500911882608285,1.5724674925226507,1.6245204058498,1.5914566849057497,1.6451148279736874,1.6096522567630283,1.688934004289748,1.624341998157667,1.7045594113608238,1.5529413619857915,1.5777972191634844,1.6649183577546964,1.6660951235136126,1.6482972288471613,1.6415035805072449,1.6361090592094616,1.6955951412949613,1.6375613885797407,1.5566707116499077,1.5548340529033124,1.6234410805103827,1.5590429323409842,1.8011966861239759,1.5777369370825836,1.6073623963605672,1.5715898232108112,1.6562381135108877,1.7035215028023742,1.7386019268901274,1.740634127722001,1.7459960666506882,1.565387172757167
150.0,1.5268321787589512,1.5807080808511296,1.682672394295526,1.6733954344773188,1.7157564211579222,1.815881444429776,1.5960496993540538,1.627740551988593,1.642894079045156,1.6318613931159094,1.6376521830732598,1.638367946984559,1.572531044537576,1.5990748129694785,1.5671290682756815,1.6389696089881507,1.559318522247873,1.7007828252958133,1.7312219594812799,1.701884728212947,1.6604543806135303,1.650748567638323,1.6876344176498388,1.859262454713834,1.7898162259135908,1.6170502348165328,1.5644904671757633,1.6400342262125565,1.5989596709366893,1.5852640997549603,1.6591462303101618,1.6012846201330047,1.6424297820032847,1.6066147832674795,1.6077681609198002,1.631453010071735,1.7247112213748852,1.7549569476646307,1.5893500307130035,1.6043465540586592,1.5688805645219825,1.6376106725221458,1.5020584179647447,1.6184248352880293,1.6483520656222854,1.576816455691551,1.6067529949876154,1.713381123477072,1.620198485854436,1.6013370513528848,1.6277874430411883,1.7257122354058152,1.585067859079813,1.6319823211938123,1.70004337015951,1.5878544399022478,1.7851596144824824,1.5560215122786585,1.5951781892326304,1.6720765127126884,1.6871757367715343,1.5828120705461715,1.673180492725553,1.5659549771203558,1.5073879581776228,1.640698269016217,1.7220551505122814,1.5823427001570656,1.7459185255182936,1.56399334158425,1.6245243769873734,1.5885966609972149,1.6453703343896005,1.608130508749605,1.673939466872114,1.6071327514852785,1.7023205283451175,1.5575178751078538,1.5606847057157498,1.6574131735024913,1.65759039218724,1.6374079594197033,1.6357414267287018,1.6223553058384246,1.6941588313179412,1.630978198760517,1.5553332642877475,1.5541362211062288,1.6198128434342802,1.559929700109704,1.7946702314961087,1.5800031564440855,1.6056015653917382,1.5645976640975219,1.649851233866913,1.699163422929514,1.736450726661536,1.7304337084432222,1.7419797740482763,1.5592149391271954
151.0,1.5301032191851187,1.5748874477432495,1.6755809852258032,1.6716567096772605,1.7005884046041537,1.8167780055513387,1.591847683488537,1.6201912550965198,1.636494700771066,1.6331401898101248,1.631285921172791,1.633225594117393,1.5717998147757763,1.5827318433305377,1.5680267430237218,1.6371415228103396,1.558068170176034,1.7000153639115527,1.7252396514435906,1.7016328072593254,1.6582137492500604,1.6462014984974382,1.6826617109799842,1.8560266376555974,1.7801391515994065,1.6162777705895959,1.5626750586500713,1.628295896335928,1.5995418448310694,1.5849575401984195,1.6611717839404714,1.5916902543739284,1.6358052986932783,1.5988255566427734,1.6037888843413028,1.6261328379945894,1.7113947384357455,1.7517361872559334,1.5858493975503607,1.601047458381619,1.5627999506961392,1.6319953183133984,1.501220533320529,1.6167543604844083,1.6407293051191818,1.5730261393305722,1.5996655462979605,1.7065649249438326,1.6211748245150654,1.6033275675551109,1.6193722861129873,1.7270410706566526,1.5745586302182177,1.6225000689193474,1.690627318606758,1.58502274126027,1.7731622978439106,1.552355659658228,1.5911914756092904,1.6646154075669,1.6801762388157848,1.5781365867335355,1.676384859418685,1.560551306251441,1.5106060633798728,1.638001136587019,1.7170022001936247,1.5788427331741302,1.7409539773132658,1.5652254492049547,1.6204909325901957,1.5810008597927052,1.6472183971663723,1.6046009017453047,1.6614137212469198,1.595298453037795,1.6987384653267386,1.5568540254859968,1.5578896429659435,1.6541822562416102,1.6557871709659904,1.6333554547398537,1.626601356934013,1.60507310430553,1.6880981939813986,1.6215295925084383,1.5498103548594784,1.557644563890086,1.6231443758210757,1.5634780116327702,1.782141201593026,1.5799128226943087,1.6055944263568385,1.5631307052021788,1.6429994639853285,1.6965939683995512,1.7302085912339102,1.7150572455322068,1.7295974625467576,1.5487191839958567
152.0,1.5255835146977776,1.5650601941057969,1.6729569741549677,1.6702841023836696,1.6950887255766285,1.811086529713321,1.5823936698286212,1.6232864323847471,1.6273549742113402,1.6312816679190356,1.6327285493630144,1.6261027957031202,1.5644879698043137,1.5666817752014517,1.5600870588362399,1.6420070043927406,1.5541465115174373,1.7011700891841282,1.713069747589181,1.7030443388323333,1.6594665865010734,1.6452480680330825,1.672540346479934,1.852192636985206,1.770379259922043,1.6161623086757249,1.5672030668253765,1.6268960010797586,1.5977083887718586,1.5816262712179545,1.6602591756501408,1.5832468334802583,1.632648478173189,1.5990824716415615,1.5982650402465461,1.624602810050089,1.7090208884540714,1.7419790675365652,1.5792881265571959,1.599671014303582,1.552975187195483,1.629227074593197,1.4999221627134427,1.6156185082402437,1.635825575415863,1.5806775355757083,1.5951455277022415,1.679497032922795,1.6239594802760806,1.603355399647946,1.605487317067476,1.7205285715555245,1.5710121060380546,1.618384967858626,1.682651768883319,1.5710947632048644,1.7622460163723892,1.5487544732599945,1.591146319800758,1.6668978442243179,1.6778587614238403,1.5779442238002848,1.678356833957982,1.558781646939971,1.5141408586288057,1.6356428551894147,1.7123906525833745,1.5723390393914756,1.7347890449023464,1.5676672020561795,1.6184432119906316,1.576900274279617,1.6482148564317762,1.5944906687342486,1.6514006730827757,1.5878099199211704,1.684748934349504,1.5557174257731095,1.5507146298220527,1.6563780745000465,1.650963654259858,1.6327744539540578,1.6175916274373667,1.598026109805027,1.6912008437329575,1.6169244719131475,1.5480834207427818,1.56382692841239,1.6188854824246275,1.5614625990043909,1.7742901752813167,1.5782416462458702,1.5974556387581986,1.5560989262345655,1.6438207743726996,1.68901846416962,1.7317467752633604,1.7137481364949805,1.733172131500101,1.5447832116865075
153.0,1.5225491027739675,1.5590125743091818,1.6713408215144039,1.6687874260089974,1.6905277461969124,1.8121404060539648,1.5769678117171695,1.6268857277198472,1.6175048352366241,1.6330917773616642,1.6319944302358975,1.6224836120285364,1.5647830893998473,1.5663903407894701,1.5546245437676958,1.643841681136091,1.5460200061521556,1.694649207664027,1.7091976294447626,1.7000575694108067,1.6509714806585742,1.642981396062896,1.6659839920719057,1.8400012713072984,1.7598813798411586,1.6135915637513312,1.568229583807371,1.621573978867343,1.5954972081131265,1.5698835658255696,1.6561483485913862,1.5830741759880371,1.6174819807426448,1.6013278524117436,1.5915676154608973,1.6217097756180934,1.703866612020112,1.7394346843874133,1.5790735177776336,1.6022979050998551,1.5477531886637796,1.6282264134702495,1.5019713307463207,1.6149911912137602,1.6256901495227074,1.5820105200476418,1.5904323119481694,1.666295779667766,1.6246664599163119,1.6055921969624403,1.5947761966406004,1.7182735599343293,1.5681098723171278,1.6105446042934988,1.6742668390774251,1.5633138769551205,1.7485015805616801,1.547405360437416,1.5855120634928472,1.6700502555442518,1.675429216667659,1.5781972917652747,1.6828349356936163,1.5586455738411649,1.5180795910902738,1.6359302286925204,1.7002440404934045,1.5755532509211707,1.7305480698650575,1.559676822857633,1.6177117673332089,1.5724006420950292,1.6508048987172999,1.5894281637513326,1.6432550651374216,1.581880386947144,1.6836165389763234,1.5547703935949921,1.5467612570092386,1.6551223538421413,1.6509735068914082,1.6284082991714164,1.6061023335853755,1.5898552746957442,1.6893528260472583,1.61113842043946,1.5355765328119635,1.5673320853838582,1.6118192471605144,1.5639515643341604,1.7690794426841285,1.578465462784908,1.5869269629563563,1.5549275635930868,1.640629067960341,1.6859421007692448,1.7341746952450874,1.7063221865140512,1.7255257013295826,1.5395466040498704
154.0,1.523766692261065,1.557558561079879,1.6670922413882625,1.6661127623797405,1.6858449810588925,1.8010234908976714,1.5648378977534305,1.6236395861906265,1.6150945018107878,1.6315910217586134,1.6322517676433317,1.617149758941435,1.5665495602685533,1.563533909918495,1.5508533351387417,1.6494159424516117,1.5423331167579797,1.6919985678993097,1.6920004195574567,1.701015049762316,1.6545309385433218,1.636890947467319,1.6633109142758438,1.829526429732081,1.7567960284447166,1.614867624493752,1.5685004201744184,1.6160763652775711,1.5912992268335548,1.563618290931815,1.6568223233004662,1.5719405027038962,1.6108586648504966,1.6010902967629579,1.5893855085545805,1.612196352617464,1.6998206288909314,1.736689198368988,1.578625940557964,1.60076141354572,1.5449740957062654,1.6353809303962816,1.5065501581791712,1.6160410232518008,1.6225374876406937,1.5809221052764038,1.59045494534603,1.6545762045480754,1.6286098710489867,1.6056391509157335,1.5816495130560169,1.7183755706079844,1.570099587456759,1.6106130151589717,1.661752876580081,1.5616242580471744,1.7386580323730099,1.5444845545707686,1.5790027592012958,1.6700969907415582,1.6763219921463353,1.5825527041453806,1.6822657708673572,1.553168105029484,1.514524131968712,1.6363304818883235,1.6927569463868624,1.5731148997112465,1.7239259547961305,1.5534971757384308,1.616315052260067,1.5715909562400818,1.6546120998191438,1.5869652763946385,1.6359086882513085,1.5708935154587265,1.678434566397741,1.554487161568634,1.5374493726414513,1.650917029610604,1.6490336527479763,1.6250496824489207,1.5930922380058987,1.5765174770508406,1.6892365321950107,1.6099515185677118,1.5269330560181131,1.5689206035077194,1.6116406254700242,1.5669689061560632,1.7548159952919122,1.5761663832277095,1.5849113002510968,1.5526895363750366,1.6337790053795982,1.6763682527489738,1.7281986295921836,1.6984032748914883,1.7160805162507013,1.5384995368816259
155.0,1.5217776385662765,1.5588479664906092,1.6547082881113175,1.6669230725710786,1.6729252751786288,1.7943841396931361,1.552927629019315,1.6185483482082395,1.6102709672747586,1.6336285692181254,1.6283366456413215,1.6075051080520313,1.5650197399618195,1.556937357368766,1.550759021214212,1.6489136809999139,1.5409787067415763,1.6835916713850163,1.6776616966026114,1.6916076582501134,1.657985042886351,1.630600420406277,1.650442428041404,1.8176186817769837,1.7475352615965187,1.6129972467339297,1.5689959066986154,1.6109541327197392,1.5879452100372415,1.5570195179451682,1.65987016681292,1.5651639895512095,1.6062114263835272,1.6008030026137494,1.581545826667556,1.6015005208945559,1.6955113996197149,1.7379090365372247,1.5750812712273847,1.5970565525690024,1.5438909463192056,1.6339803757817848,1.508335893635092,1.6120064695696346,1.6179366133895787,1.585533895122136,1.5904785971460866,1.6335721163616044,1.6286532479747522,1.6089960193011086,1.5710476027127585,1.714425502828999,1.5616553171256031,1.6087472088074786,1.659058757884922,1.5643477788496774,1.7156724019575431,1.5370294022240887,1.5777649467880916,1.6715435627506063,1.6734593061911083,1.587104854151528,1.6792848642381404,1.5481815941064614,1.5109018807154635,1.6363730536383463,1.6864583451847044,1.5728643610040296,1.7111840646556207,1.5526357321839879,1.6166737984130513,1.5764993498608402,1.6599532688588596,1.5771820135980257,1.6159242568916028,1.566740644946619,1.6804666328225664,1.5538121614903906,1.535565053868148,1.6489695897164947,1.6421438758027467,1.6225836564968257,1.5853777894068848,1.5717285559969811,1.690521577536987,1.6012294231632205,1.5227258146148845,1.5717844098212899,1.6058051767342147,1.5654356327562418,1.741636781661223,1.5747721927112697,1.5740009598339124,1.5530474215905024,1.631756493186849,1.6687423354563131,1.7307886497363525,1.6926798079840601,1.7067053751354975,1.5363258930118486
156.0,1.5210996589243815,1.554926011841536,1.6496171553895587,1.6665132950310808,1.6727020285529808,1.7878268941524686,1.5503999368356443,1.6181922175184533,1.6009414354083131,1.6361199451035755,1.612769933074985,1.6074163482906692,1.5591818388529695,1.5431437389105773,1.5484625556959413,1.6452374298316481,1.5383068795158217,1.6734205087929097,1.6602590747000128,1.680918789346853,1.659694657903768,1.6279035331503993,1.6377676340023806,1.8183129219651952,1.7366236297256215,1.611452569620464,1.5702697536952028,1.6085028198240439,1.5868450950781097,1.5531462681939683,1.6583396491904099,1.5594576545289816,1.597699388986774,1.5998750919815874,1.5795449059020719,1.5971145207941806,1.6904744359612915,1.7403053993190727,1.57541607628379,1.5929566416382566,1.5407856118717376,1.62946924401637,1.5130479481846084,1.6087075138062987,1.6112044740969047,1.5828125360791812,1.58910474296888,1.628912978950979,1.628761744885644,1.6086419373872678,1.5629761490574239,1.7145925233280677,1.5518899910151214,1.6018529199149312,1.6537379175568927,1.560656328039042,1.6971104998065063,1.5350234629215522,1.5696972164896958,1.6713390356736422,1.6696082064715028,1.5881042040746394,1.6828205895142436,1.5446409247215027,1.5123648255120652,1.6402330089809205,1.6839810796338783,1.572647057604614,1.7040014211155028,1.5538403614275336,1.6180195348855029,1.5718438838670314,1.6630003344023643,1.574540998274014,1.614290770175121,1.564675682567004,1.6747324087260838,1.5529952599683525,1.5387878669755513,1.6432545275270096,1.646049132205995,1.6162533227304927,1.5786549016886497,1.5665892566267965,1.6884258562212586,1.5969654566837768,1.5190022738726587,1.5728376841230909,1.6073164894405199,1.5635917181330632,1.7303393644622131,1.5711612531487666,1.5692497835884327,1.5524202341177205,1.6160366050470913,1.6634454153548088,1.732585549800985,1.687745536074733,1.7076822759474122,1.531298571165828
157.0,1.5185237469222435,1.5494264100111075,1.644709504005938,1.668164279098613,1.6653335364180597,1.7768670500273853,1.5436624869775393,1.615811272589454,1.5904828826534052,1.6320077871053618,1.609335620374218,1.6065504260544554,1.5583522700340138,1.5272064116015207,1.5460617972497057,1.6469143372723545,1.5297065021742888,1.665373916870659,1.6526787128863571,1.676066207559773,1.6616595485945538,1.6237404908555033,1.6217794405998631,1.8124078224634101,1.7275423347140315,1.612112645752701,1.5728904739982645,1.6041065538154022,1.5827840605354742,1.5504429793896068,1.6635192866706603,1.5534236034259807,1.5945516066207766,1.5952121473388163,1.579439491073014,1.594221924095947,1.6868497735386532,1.7444980859102173,1.5756926643440852,1.5916410647052144,1.5375654034769204,1.628204906482493,1.5157545237923218,1.60375420230143,1.6071242324837243,1.5845255379928604,1.5918770946882923,1.6110872298067542,1.6284230355233549,1.6088378781723183,1.5573480706543783,1.7139807173845532,1.5451395802102275,1.5883115881000158,1.6452301360658224,1.5544289475366853,1.6802560398850075,1.5265402224606701,1.5708440028246118,1.6757861200522257,1.6638885964840595,1.5930568634636593,1.6826734359017486,1.5450773087574823,1.5146499141855547,1.6384130364903708,1.6732971721854644,1.5754896726795824,1.6959626255703455,1.548070767749423,1.6202942250114454,1.5659488795789416,1.6641172150635426,1.5739847318305726,1.599897063074499,1.5684501832958424,1.6717246111140311,1.5489804851945423,1.5350818735941074,1.6407409150357204,1.6346326265168023,1.611246413657757,1.5703212409769944,1.5723725585619628,1.6913347940698864,1.5956916335403688,1.5175800972287934,1.5760989632327647,1.6058049237725327,1.5613298611745494,1.7128265321879468,1.5751341924265925,1.5572665707439457,1.557844041336053,1.607677498476093,1.6580954317544303,1.719926479640489,1.6820410760182145,1.7086034126704943,1.5289629119394508
158.0,1.5248353891270612,1.5489547845268474,1.641049452255938,1.658740719148222,1.656317272233409,1.764801651266808,1.5391614005721743,1.6120616167047868,1.5863748986605741,1.6383765077106112,1.6005746246048953,1.60445380049119,1.5616372849742184,1.516741648735501,1.543674556627443,1.6452303918639402,1.526364064752611,1.6602708921492249,1.6340988894319748,1.6717205567044455,1.6626213613769123,1.6231962482961875,1.6139260841680994,1.7984961962428858,1.7213533703860329,1.6195204866889068,1.5758900067819197,1.6022889187812015,1.5789777545444708,1.5482720528201628,1.6566351071495673,1.5467756977863942,1.5898974561149108,1.5975795287944832,1.5728936064762522,1.585424424641757,1.6877513609158528,1.7363221112116995,1.5768890136053912,1.5934717030031151,1.5418909708616226,1.6252844453021253,1.5188586255061083,1.5957273398507783,1.599160052691146,1.5893389759213268,1.5850063892612136,1.5987011832628604,1.6298036763884114,1.615053603569237,1.5423145735443222,1.714935522810297,1.5381417425883308,1.583839508334006,1.642736339783453,1.5530359740315622,1.6754520931693149,1.5229992926868203,1.562147122175744,1.6765611589336733,1.6551069307262196,1.5963632852046215,1.6831156276743655,1.543721336586482,1.5188895314333992,1.637752704630189,1.6614142134871033,1.5827061140458076,1.692486361710414,1.5494859337449498,1.6226946223330074,1.5628978649607352,1.6640294407990226,1.5677957761088812,1.5904909162022536,1.5654149224507443,1.6709290198335112,1.545347934754045,1.5352817406543096,1.6435039702136556,1.6283355543661606,1.609052920897443,1.561557952334946,1.566355554513238,1.6867104222139913,1.5920241469860754,1.5165348993684469,1.5787743154452618,1.6066943567248546,1.5569359495710662,1.693482753616716,1.5819875129863876,1.56052310590114,1.5597395681188673,1.6057998565629874,1.65421799631563,1.7174367073199044,1.678452141125139,1.697319562881941,1.5294784422953467
159.0,1.5196731743371172,1.5442663712612876,1.631107112096061,1.6547447002420423,1.650123566112229,1.7612241401909392,1.5347949553939004,1.6085089362003142,1.5760029905915645,1.6361443570665724,1.593306477399231,1.6018920468184124,1.5619323503738742,1.5100349313013999,1.539023451270532,1.6456234354925727,1.520052037766958,1.6462863657294011,1.6117982388103709,1.6705922394787445,1.6611444699829205,1.6154785956828657,1.604183210544328,1.7934972659231048,1.7180983802853012,1.6140692932558307,1.5799935612315918,1.6014689909651065,1.5798522616261836,1.5455011582849822,1.6552311788283836,1.5359140574903842,1.5797016028169863,1.596100913454781,1.5711385383797594,1.5859812179315196,1.6845821794189977,1.7339922899772913,1.5796767010610961,1.5928579663803846,1.54307986987882,1.6262912723545941,1.522911808693849,1.5952746255517307,1.5968050054204408,1.5918684926793216,1.5825972503442371,1.5788721922682878,1.625764787092132,1.6074345044320013,1.5391755303572316,1.7130730613127447,1.5362008112206775,1.5798103956179492,1.6426293982721631,1.557086006326321,1.6610922295665023,1.52757647813383,1.5595164400788166,1.6809749805520764,1.6599757604010732,1.5973080245596403,1.6841094815608084,1.5407521466857812,1.521059851522895,1.6378122712195708,1.646886993167151,1.5868639739355332,1.6768080432642047,1.542841101118532,1.6272649822698706,1.5577788579913558,1.6654629370615006,1.5684112067366196,1.5869654714605006,1.5648233735300523,1.6718113842477709,1.5447472623558647,1.5283511647708408,1.6403988878613047,1.6247583687856786,1.606962522034036,1.5511174096695413,1.5674247332605191,1.6883576347595566,1.589806245558525,1.5107192750489107,1.5778282312378127,1.6117392135614799,1.5559973299945593,1.6772284876175918,1.581436928988742,1.5625689226605115,1.565849791778598,1.600531242783809,1.6483002829678617,1.7109187521430866,1.6745419452692842,1.697844563628027,1.5264197850104437
160.0,1.5234669827860994,1.5403596456668083,1.6269587373608734,1.6560140787499413,1.6414552876995485,1.7582428329552298,1.532843276574007,1.6047869906368897,1.5704461741384563,1.6317363985960527,1.5786500167524948,1.6052747045071185,1.5579937159875503,1.502908872119687,1.5364765216596474,1.6477258805046637,1.5148783758803412,1.626840665135926,1.5956106353396633,1.6633900168766234,1.6604738969713264,1.6142233188386237,1.6130472023135327,1.7847287906591973,1.7197691067645502,1.6121246316332616,1.5827253676944175,1.6021649882416897,1.5820967427369144,1.5349779191730657,1.6544048057405794,1.5360670816744852,1.5738887071515177,1.591853668852161,1.5710305427779503,1.5848162653221944,1.6826817508282728,1.7384109065095958,1.5804441707892658,1.5937385031559963,1.5473063282642279,1.6289702971073075,1.52374842795586,1.5985301288998566,1.5924311423807513,1.596061324602753,1.5720215451737019,1.561967567725013,1.6240774379632108,1.605000428939805,1.5385986703960288,1.7156673352859955,1.53230102097028,1.5815425334122704,1.6353800761555712,1.5531304829074397,1.6454543779133801,1.5292136896747592,1.5540366215461,1.678739011466978,1.6642262137518713,1.6008652363893197,1.6862389944802676,1.5385508710747464,1.525118587339936,1.6395539415309761,1.6315696100747277,1.587721637984238,1.665343662755746,1.5406878101031873,1.6313368858247876,1.5534236034259805,1.6695980766975589,1.5564749966665319,1.584814517691904,1.5533281292041201,1.6729703135756475,1.5490260547616854,1.528782762146842,1.6309454390627636,1.6174077008212386,1.6092987277968023,1.5429569382399393,1.5623205403986355,1.6857634221137279,1.5877875215118566,1.5083956732378287,1.5807322998226636,1.6136427514315113,1.5541100178682952,1.6596698670715588,1.587326138667994,1.5553173781916643,1.5654189496611577,1.5898685091768903,1.643791080990569,1.706634113789541,1.6728902701369037,1.691610516300779,1.524755386452722
161.0,1.5261254872440893,1.538655033706381,1.6222958965245609,1.63918206608962,1.639516211025084,1.7541779612327886,1.5313747612805333,1.6015488860676965,1.5708531221114224,1.6329110707671122,1.5680667300153215,1.6092805727347672,1.5599497544954144,1.495667019232564,1.5317305424800005,1.6497820613666783,1.5097438091762436,1.609792678854967,1.5920835038289503,1.661579019046345,1.6602037662592626,1.6135445723081168,1.606766291479088,1.7744357116074565,1.7162315237941583,1.6124519430519675,1.5816588464158303,1.6025464366981048,1.580464709428102,1.5229499243424995,1.6533149368301574,1.534432536506931,1.5668597893737461,1.5906366280218904,1.570611436161014,1.5808956410154171,1.6780960351012058,1.7399280073850754,1.579845083711502,1.5995044999264105,1.5487316580307828,1.6303285595459296,1.5258552015983808,1.5984175469255215,1.591457337852243,1.598751815108452,1.5776465987966206,1.5500328496960396,1.6182809585431652,1.6055384449577061,1.531288918809689,1.709348617215686,1.525428647949014,1.5801997511619692,1.638438211355157,1.5480708242503007,1.6407887368410439,1.5260256476533762,1.548965833313893,1.678829770168742,1.6579657914860693,1.6020357980589135,1.6859193751211434,1.5338954451788789,1.5296978341840273,1.6399990380861929,1.6170134725075698,1.5939308212119605,1.653328656690484,1.5363013921760253,1.6315678847892718,1.5503975209830605,1.6665646901890823,1.557700859399542,1.583713760193306,1.550075443161832,1.6740461402312288,1.5465385630869222,1.5325054203575228,1.6293561982068856,1.6109393701640797,1.613440686566657,1.533764692271847,1.5611499838099427,1.6890350849337292,1.5868658301717073,1.5127601199289666,1.5818803214958743,1.6132735302407148,1.5491860158887787,1.6526672375309854,1.590634161902289,1.5551531587095335,1.5692958118094111,1.5836526608687596,1.639307180632951,1.7006300631173958,1.6728843454902453,1.6900071315863394,1.5312161770465489
162.0,1.5321312499601327,1.5437954753691159,1.6153544950850387,1.6323801059580445,1.6391172777067657,1.7459217079179419,1.530905995205338,1.596964951175688,1.570321091327783,1.6298188444813344,1.5545915875215566,1.6032771656233424,1.5570339279665002,1.4903441985014143,1.528859596692883,1.6509254248017846,1.510655482748109,1.5997887494315215,1.5797814330441349,1.6516884028911267,1.6627656899398504,1.6090236597665228,1.6023979775985873,1.7710112456776188,1.7098578417403327,1.6054498179605095,1.5826625764109459,1.6008528366295842,1.5859300969492316,1.508706574168934,1.6518662491127782,1.530803696002727,1.5615631615945753,1.5849437489672054,1.5742507835778332,1.5795183833794244,1.684227860361091,1.7436219671793345,1.5804623868045313,1.6026613558049008,1.5527150454435468,1.627804585419815,1.528322455479145,1.5998146670299525,1.5901867710780697,1.5992326441743385,1.5792931866330062,1.5327385712786676,1.6154966670960615,1.6052873595961445,1.528284048540924,1.7040026453660773,1.5163114322639704,1.5741239947772196,1.6296430856631894,1.5506406517720996,1.6335028483147267,1.5277669424100935,1.546556053485076,1.6799491439072847,1.6523793721749853,1.6053469793730113,1.6877060754349766,1.5275669634848412,1.5353389931473984,1.6372674287320872,1.605334646959343,1.5994785200305308,1.650129613791395,1.537665786697118,1.628967043032352,1.5497123141452942,1.6637836667911048,1.5559917640746161,1.5686103812405188,1.540126240058695,1.6760917896523986,1.5490491984527304,1.5337807171265636,1.6261795302103845,1.6089401882002394,1.6165989883554241,1.5272031585843657,1.5592683164414367,1.6857797169637754,1.5891023825056019,1.5110983089073402,1.5846294225149202,1.6144091231908093,1.5430539137303039,1.6406050376909167,1.5898915614194635,1.5564077995780952,1.5651567904854535,1.5746744633006124,1.6302134296161301,1.693224086523101,1.6684811507567145,1.6854970617547953,1.5294119039814456
163.0,1.5324280923003757,1.5368229545038374,1.6074501079247043,1.6294546764156101,1.6383058522710359,1.7417673568810097,1.5314100015509546,1.598965103991067,1.565992841904211,1.6266726980777992,1.540619341687041,1.6011788668709426,1.5541346809465062,1.48718192161442,1.5281792926201887,1.6560656672697298,1.503694382183677,1.5873537438486613,1.568184811909163,1.6417969239469312,1.662775882409665,1.6086053385985324,1.6009827251766613,1.766174244846274,1.6963576866671681,1.5963803187651555,1.5869123692773974,1.6002495212132415,1.5869125758284264,1.4982192047107472,1.6482300971332262,1.5333047841453744,1.5576619376700827,1.5872742901857844,1.5734557787974028,1.5777345339417126,1.6774391522839471,1.7398403608373891,1.5804224352155574,1.6064685874575284,1.5514065933477676,1.6268872075802745,1.5285277942079407,1.5992134363685109,1.586607505146475,1.598978574340429,1.5727569507707329,1.5246187643395084,1.6148506191801972,1.5938398288125841,1.5225624340434556,1.699642126894023,1.5125496871718493,1.5625986376123946,1.622818769042573,1.5485304706058254,1.6327060422517015,1.5256394553442931,1.530142006715856,1.6766146960812685,1.6466957022736075,1.6083897990805776,1.693725511015413,1.5270301422006516,1.5356811503810253,1.632921796564722,1.5900192371071007,1.6024104404543982,1.6421255298533204,1.5394875221242863,1.6240621170927427,1.5517077032874842,1.6620776409447962,1.5563099322755363,1.560663300135581,1.5347682607446371,1.6759651200794206,1.5516318301908782,1.5287140411021731,1.6248239011784538,1.6049173203754528,1.6208727270025265,1.5221306249502171,1.5608288614698815,1.6907694319428097,1.5880506707959845,1.5047444838038941,1.5916498813878819,1.6159532696578283,1.534116152593216,1.628538560604957,1.5906926822199001,1.5633048687715967,1.5655191281675398,1.5645668174023295,1.6195862411603303,1.6889292244764802,1.6615968130554575,1.678813040584848,1.528648395021876
164.0,1.5364089359618325,1.535927621841621,1.5939117522794621,1.6258096840533045,1.6391305146998056,1.7322697852231268,1.5335018114180785,1.588201312973912,1.561703440694289,1.6209434909668912,1.5324057426941091,1.5916608028126384,1.5492390452072813,1.4868676549460145,1.5246931186284156,1.6567901422550293,1.4999754132784808,1.58352059889826,1.5688291376328105,1.6374361030909008,1.6612688728809262,1.6036869813243224,1.602783704102596,1.7605542701248065,1.6834471825304158,1.5889612562542288,1.5873005294681803,1.5993719009931888,1.583785490102474,1.5002080785101317,1.6487685571363722,1.5324582872186405,1.5587442134807346,1.5889171875937473,1.5719948408386508,1.579057336852409,1.6705437440431934,1.737607650601511,1.5808658790418346,1.612849520915436,1.5523966156086844,1.6160175477134424,1.5339057444937905,1.6019716948225071,1.5817488621148053,1.601897509224538,1.572899754030457,1.5123145689461632,1.6071685375287035,1.582133310520831,1.5206000305669685,1.6992537464162465,1.5053595858150008,1.5614822279979022,1.6122837012834006,1.5486130418239907,1.621487910165032,1.5284517971578968,1.527584273846691,1.6696500845815254,1.6475139023190264,1.604995855160384,1.6937373936742104,1.519663360330728,1.537033567992994,1.6227181397839232,1.579212439101721,1.6019208556470532,1.6409460448127147,1.5326752858791406,1.624057242340774,1.5519791248802979,1.6630317869832663,1.5554966244248587,1.5594582648208066,1.537087278666145,1.6741628605216938,1.5524456077179813,1.5243086794967418,1.6202483910665328,1.6016751087809558,1.6188738454112144,1.514675601083384,1.56102950919642,1.6887924287063145,1.5895215743167717,1.5052550124469988,1.591826708140425,1.6202831575156034,1.5348699577193778,1.6179169052618692,1.5894649696141727,1.5654907310666022,1.5681977157229565,1.5586557477713934,1.6152651734204015,1.6867704982679377,1.6675219847754246,1.6796549315855012,1.5240094956586716
165.0,1.5369513017244094,1.5310669178701588,1.5882781113200208,1.6202508056751077,1.6346018564700702,1.7341997149997748,1.5326680673137612,1.5878265238698335,1.5543061429174538,1.616810993332513,1.520256623190964,1.5904787609194289,1.540680432967338,1.4864266645682656,1.5270793726881002,1.6587040092404643,1.4970937596441936,1.5750756700842188,1.561725053037486,1.6300048335119335,1.661211747171187,1.594588668155043,1.6039074427444389,1.7605359987172722,1.6724454380661238,1.5800476763963702,1.587199621861721,1.5955638089361468,1.5867455877531622,1.490719550267887,1.6455091480951292,1.5400101082339082,1.5580268738553265,1.5809040978585704,1.5777133366781768,1.58076327575718,1.669354424030275,1.7399474868737055,1.5842678880407994,1.6143284132434743,1.552337827237736,1.6170473838836372,1.5351135781228096,1.6019059088846765,1.5797086313624153,1.6041726794942135,1.566268219110564,1.504079911800838,1.60240293923362,1.5743670629670004,1.5192235750692864,1.68663447504071,1.5015811462521718,1.5624549518171669,1.600664711924444,1.5455858223562677,1.612063476170136,1.527135406852626,1.522738383949856,1.6709805664603137,1.6397293569190325,1.6090319725070947,1.6883570607454006,1.5176675928997947,1.5426610280532564,1.6200783313210552,1.57378214941006,1.604660547734095,1.6358116040984172,1.5323593854488728,1.6262203389372043,1.5500419919193822,1.6616081277778032,1.5531994103563478,1.5537374986318753,1.5318042879601244,1.676684835857789,1.558289577484323,1.5235838137710516,1.6139516525528876,1.604696027900209,1.6192382652954111,1.5078035044610367,1.5573541688539443,1.6881892624635426,1.5949932636795972,1.5079894116806782,1.5922908589486229,1.6236213881945047,1.5317141800674705,1.6130302962618888,1.593925848624484,1.5632503668836937,1.5645728614868397,1.5479142843340463,1.610654845024482,1.6826196186655027,1.6647578694047132,1.6813598754931194,1.5253123849523333
166.0,1.5419734252736927,1.528554970927727,1.581829325848195,1.6089453898347728,1.6345059266434856,1.731052649671957,1.5302958373049773,1.582146855335662,1.5513845264699118,1.612941737125044,1.5005420021972533,1.587238930602878,1.5332944562151571,1.489724186131226,1.5298584553910883,1.6646422095842806,1.4979578256430675,1.5683749821225168,1.551699774662079,1.6245309912982435,1.6553247652785932,1.5923782102751718,1.6056206241012538,1.7565628360652652,1.663751917043971,1.5740181298023088,1.595485780450446,1.5949397333358812,1.5864117666288595,1.4866303736026096,1.6462668426055451,1.5414593722230518,1.5556324871202736,1.5809268210424356,1.5794143922528203,1.5785894175578277,1.6671391236046922,1.7380371169133404,1.5883257645215527,1.6147318777152724,1.5515487396145582,1.6106726551725428,1.5359642309214951,1.6016069712795216,1.5832903162781533,1.6083701018053975,1.5667533941505234,1.49463260334526,1.606389815982714,1.5635564685266286,1.512717863617135,1.675853124428832,1.4973552049393524,1.5623608249186307,1.5968964567839679,1.5455746420194947,1.6012319236552641,1.52660791918523,1.5190558250088717,1.6653651479327396,1.6399435638686353,1.6092269056562207,1.6921036040994422,1.5114413331534018,1.5436037477950988,1.6217773850880441,1.565139066594196,1.6054145977661238,1.6293133118211203,1.536611569344773,1.6304295978923773,1.5537721090421426,1.6634032833991983,1.5527521941634974,1.5462910967480303,1.532417148440089,1.6773544500540798,1.554662886628755,1.5219139719269097,1.6125819725824746,1.5987884334509803,1.6188641872834098,1.5102494943512597,1.5530455732065551,1.6889220948467463,1.5951544725511488,1.501744540606166,1.5967468092869448,1.6189807017941447,1.5256459355974266,1.6039238703552143,1.595528343953308,1.5611678103336368,1.5721083344148972,1.5435962748709773,1.6087660833701272,1.6722342452021615,1.6651992322662068,1.6875297930610522,1.5231479919532591
167.0,1.5493320666156474,1.529211984254055,1.577645590664803,1.6052429897912153,1.6287408896672864,1.7280184309119995,1.5331529806890312,1.5756882848740947,1.5469826455928124,1.6116879531324952,1.4948240993089328,1.5904787609194289,1.5329649051016585,1.4888901401977823,1.528248161246242,1.665285146526806,1.5023834842155555,1.5607841559253324,1.5470613650934875,1.620004486290367,1.6512714316557502,1.5971172809030407,1.6069709340677667,1.7542717221975794,1.658517232798731,1.5721903007340225,1.598472534991579,1.5996649060416137,1.5887774582865486,1.4793799796738962,1.6468570177581305,1.5446878488972982,1.5512688441191897,1.578014120028774,1.577461282751477,1.5796220655332678,1.6606148574127912,1.7405602791011745,1.5913652535503984,1.60959159316836,1.5535989771761889,1.6117449895537488,1.5369865222274064,1.6010919995054727,1.581985407518192,1.6073538348998113,1.5671434667989035,1.479510931967551,1.606958195987924,1.5521502445436839,1.5137646004364542,1.6674216791296843,1.4891648545012643,1.5662415694982992,1.5777741582524583,1.550852551598879,1.5936495464365836,1.5318316833607903,1.5152199720162673,1.6633883828176526,1.6344428957979042,1.6123967848556418,1.693150785420874,1.5047648159628133,1.544099112096902,1.6178753598349525,1.556422761148063,1.6054761614009443,1.6257460971552666,1.5375414888598142,1.630318961383397,1.5514572013812895,1.6636620591663203,1.5481386566772424,1.5413300562492687,1.5292310567241607,1.6767146501012138,1.5533762428894742,1.5237745621080383,1.6178074123903146,1.5909793205604832,1.6200630112115557,1.5045151707748892,1.543448228089432,1.6862963342332338,1.5984084193613874,1.495862139129045,1.5976694684942563,1.620641520005711,1.5302317394785963,1.5911126129409814,1.6023639008365456,1.554833396134126,1.5702523112019064,1.5410109302093553,1.608231047480165,1.673575645758475,1.6665406924684587,1.6926440221839891,1.521712397597783
168.0,1.5536941622650955,1.5287880534179568,1.5735357810586306,1.6073998480733627,1.6199503201143302,1.7281095775112618,1.5276595801485584,1.575653713221803,1.5427651423322255,1.6142317958421861,1.4867227219680708,1.5869585993189539,1.5240231394690547,1.4919035046558071,1.524211705362047,1.6677040107273837,1.503462304819728,1.5522912080001146,1.548785301091155,1.615881098535865,1.6517943254408431,1.5957052141199,1.6034524443530869,1.750591681560356,1.645275904302925,1.570059212167623,1.607903477452769,1.5957898019562424,1.588573119954052,1.4708201197268573,1.6476844314489119,1.546102458870881,1.5503165534578467,1.5800836226739399,1.5785960216441743,1.5840580900930015,1.6583642781650516,1.740664023196053,1.5974665702228568,1.6098345595585133,1.5563573687374168,1.6094314870394075,1.5390963051961999,1.6009795819208401,1.5737721876071509,1.6091878083918516,1.5657957189229526,1.4739010169295872,1.6091336372639216,1.5415647777847445,1.5077745615156553,1.661478568123469,1.4823488271054293,1.5657040915724636,1.571108859882618,1.55126505085658,1.5880844247421895,1.535694695445671,1.5082800782885095,1.6654746247949255,1.6302363580554213,1.615171334492582,1.6954485502338534,1.5026584361040172,1.545454394984168,1.6078142615908952,1.5551879320470998,1.6067570318702784,1.6215645960129468,1.5363318053911232,1.6319482420253706,1.5540544370574265,1.6628590383774344,1.5451876363722463,1.5387995005514676,1.5282692753852911,1.678973745048302,1.5538596922580443,1.5226088589913775,1.6181859151415339,1.5854883119022782,1.6196277606718132,1.4997099597523142,1.5364921216807477,1.6913199859451458,1.6016538672987384,1.4934836726995715,1.6026887482842234,1.6195622479404288,1.5311859863172086,1.589189599227562,1.6050481241109704,1.5535671662677486,1.5759268386211527,1.538490164379036,1.597178194540845,1.6617119183618299,1.6606354084953705,1.692386947495187,1.5229321420856632
169.0,1.5634943237558216,1.529198967874783,1.5672927076305332,1.6069599784007045,1.616455003884024,1.7286623691452083,1.5245509113363034,1.5792266221511295,1.545031939225784,1.6075529132667168,1.4808057718929455,1.5810269002672581,1.5184385455342586,1.4953181148211225,1.5216268257831411,1.670496533919726,1.5090393672518978,1.546702062738858,1.5458651534760486,1.6172338652518925,1.6539779131766046,1.596127158352394,1.6061646454022187,1.7495542719642265,1.6401190576404325,1.5683388350733676,1.614604449335827,1.5900780769282488,1.5868541262337295,1.464808322796563,1.6485802078841791,1.5448529538933933,1.5580382068092202,1.5795372635846034,1.5814502785548588,1.5905561039757008,1.6598873514166774,1.741286363601208,1.6028532528582173,1.6113289294145543,1.556227523591652,1.6004046397078706,1.5413802663034548,1.5958933991067927,1.5669624662073005,1.6103798695667209,1.5724650856141837,1.4607035318771455,1.6091960339298508,1.532678051828914,1.5087643022565935,1.6597003174102538,1.4678450837186259,1.561755551965503,1.5678164293168042,1.5529507678533692,1.581588471301857,1.5370499657442702,1.501286664003505,1.6666219022271826,1.6258794276766944,1.620349180517899,1.6934315754946665,1.5050154789068493,1.5472456571890796,1.5997171471371354,1.5500513599330858,1.613478202876122,1.620351436364871,1.5348641176616942,1.6361371125645312,1.5616908944100711,1.6601194869137161,1.5441097928193808,1.5403759587696988,1.5362173843302827,1.6854098880514323,1.557600076232477,1.5238007848375488,1.6128655836207724,1.5774836418328149,1.6190987876244012,1.4914520182046838,1.5301215987400363,1.6851238519793994,1.5962129868787325,1.4916641730480802,1.6051267081877296,1.6198000821546206,1.528976899938428,1.5824248215719305,1.6066474078365898,1.5543625618472823,1.5813086412180193,1.536570678711241,1.598431821608768,1.651834041208929,1.6566592297556584,1.6940793462608084,1.525240033431781
170.0,1.5660819013472123,1.53100679521004,1.5693222857340525,1.6076254530296772,1.6099964344620132,1.728730215043968,1.5290200031458916,1.577033654883358,1.5390787291049142,1.6047943809550642,1.474844193971832,1.5824368359304684,1.5181563238258093,1.5026741792779588,1.5157334170083279,1.6703109575597275,1.504650292324234,1.540952659466735,1.5473767684189612,1.6166760118553127,1.6545958021887586,1.5923158761806684,1.6118659605688122,1.7482768026101747,1.638611433209032,1.5682248583160452,1.617406328298012,1.5886263499807867,1.589551311100708,1.457734250060757,1.6475773349610474,1.5447234037315094,1.5628840691323425,1.5757935979262605,1.5855364365508342,1.5926790983835821,1.6572737107057944,1.7456248653620436,1.6060752475516713,1.6164348489489593,1.5551430502333528,1.5921337553416943,1.5450801990494247,1.5879281279203508,1.5669737286072978,1.612622844290874,1.571081640433299,1.4435771099926744,1.6074954885701715,1.5198134462250297,1.5057113905029416,1.6544496882570252,1.4590140736125725,1.561684351092369,1.5629696473200276,1.5570202186695665,1.576055390308364,1.537214921233996,1.5012228796620977,1.6718014367291132,1.6203002706177143,1.623759490563931,1.692073469527557,1.5007801949914632,1.5476817783221384,1.5816838565904272,1.54636541347922,1.6139696873097116,1.6207302275390936,1.5411864019082127,1.6407486612558122,1.5606467059216431,1.6585735670422408,1.5369212441853093,1.535858419152876,1.5373719743082188,1.6881460767237442,1.5584493528458456,1.5243732466073652,1.6122751955081793,1.5705657983117651,1.615761433978537,1.4930907177218187,1.5220351192071249,1.6814665813600742,1.5962781113092972,1.4942176093320916,1.6082217710120896,1.6207547494565768,1.529423865353097,1.5791051434757897,1.6077442430060926,1.5532828644719727,1.580616246946615,1.5307422712775924,1.59807620176928,1.6454018733374434,1.6541335707499834,1.6997390481103287,1.5238511998341455
171.0,1.5686348789989923,1.527981463633488,1.5704579256862297,1.607479031256056,1.6056447285891662,1.7263204542094195,1.532414810161413,1.5775307129081746,1.534787570184035,1.6034273694732586,1.465634211844414,1.5813113471519915,1.5184374573774537,1.506811983958181,1.5124439511293402,1.6734668632270413,1.504627736937029,1.5334221781863813,1.5476584373123112,1.620996601302056,1.6501248831762305,1.5980286670202437,1.6133008154353985,1.7484902454344675,1.6383663064005187,1.565108184212012,1.6185967811125868,1.5881209738878928,1.5893827065035995,1.4603064373564472,1.650174737350797,1.5454540801284378,1.5621209038838935,1.5800738054047838,1.5798396653354985,1.5971381685434138,1.6551408952505875,1.7451650877899223,1.6133493319570336,1.621770685675517,1.5574416206655912,1.5862499966559023,1.5472369318291022,1.5874898516980442,1.5642927153716328,1.6136528953020475,1.5711976103875829,1.434146674556229,1.6092026460072022,1.5029350284853151,1.5021010833376223,1.6469241458042765,1.4598840675608202,1.555663044743832,1.5634882751363688,1.5608693751526932,1.5660802029491387,1.5393483498770135,1.5089199408430682,1.6744893624037192,1.6169166680337392,1.626581750429435,1.6952965161925517,1.503996339218929,1.543265892631771,1.5720312622719477,1.5366454740157032,1.6128257422720509,1.618449111298961,1.5441515151232217,1.6419035022579533,1.5630474290510161,1.6605891944230262,1.5351779648212545,1.5388932099263493,1.5413642261049116,1.687753005685878,1.5625941671307482,1.5263502314047814,1.6144010155004493,1.5656586135711499,1.6206979987935126,1.4855379875644008,1.523705819402824,1.6768749017178148,1.6013895998310128,1.4976733094492702,1.6109110372020183,1.6208714898346095,1.5236463445121777,1.5773155545815667,1.610126254417993,1.5491640576321608,1.5828620034848004,1.523992844369413,1.59508640536264,1.643704758642366,1.6524403686520595,1.699748534843312,1.524430219327076
172.0,1.573522587161611,1.5237650144900976,1.5691407783931492,1.6075077452308504,1.607824253189463,1.7263810718868617,1.532006101962509,1.572682307523199,1.532119193214448,1.6008608832285378,1.460449396013118,1.5854730883303945,1.5173833407650026,1.5117388832744196,1.5118550894804228,1.6742612695813277,1.5031164160036636,1.5325747690456268,1.548910319401416,1.6262376149202238,1.6486050088848359,1.5987746796589979,1.6136153795802723,1.7496484034182023,1.6344713038554217,1.5626683319408878,1.621585905090607,1.5861592155707187,1.5906823307560984,1.4635883428069751,1.6510878807791236,1.5455955778856445,1.5630859790610543,1.5780540721318457,1.5804439654500555,1.6016883942190878,1.6523956605495398,1.7395009074606265,1.6145789853519954,1.6222464678218917,1.5548370444347241,1.5865468357964525,1.548485349781464,1.5870275890782737,1.5610131802407432,1.613839354016344,1.5709238857471373,1.4328549395558647,1.6101178398308127,1.5000160871440669,1.5023574151361163,1.6460715777557027,1.4569934011262142,1.5522297596792354,1.5569636664360378,1.5601947478821576,1.5616645632673265,1.5443266788137087,1.5109123390982746,1.6785427717383392,1.622671198658427,1.626905430376729,1.6903485045809492,1.5044466214999987,1.541985322182748,1.5688766721812133,1.5304715155173791,1.6117020236390283,1.6224121103217295,1.5431770674090055,1.6450563882445683,1.5622646489640748,1.6607524280746984,1.5255234220759752,1.5382002567204773,1.549279187407036,1.6837355641058387,1.5665188149377371,1.532024233472143,1.6100340943436875,1.5543888694002042,1.6215566538296606,1.4843623480979566,1.5212534929645474,1.6772500275300626,1.6029989192128062,1.4947581827667427,1.6121479913808052,1.622643521757086,1.522601803790354,1.575940162271736,1.613695870927289,1.5540851324697056,1.5895984160907077,1.5252600044787887,1.5997330916597785,1.6409458186619448,1.6511789909611096,1.6996332561419656,1.526589449410377
173.0,1.577383824072715,1.5272006017745214,1.5682845138569128,1.6043642688064064,1.5995016973446055,1.7306252967832503,1.5342992371537376,1.5794517105182053,1.531523681857814,1.6036804963896758,1.454368429777346,1.5777112950074852,1.51629690247072,1.5101702970428421,1.5128492737512431,1.6736058284531408,1.5044045277352562,1.5279155610546176,1.549901874410979,1.626915005390277,1.6505841263569756,1.6001387313000837,1.6176487925910596,1.7515571888562815,1.6313946317554309,1.564526275857762,1.6226761747788485,1.5846590530342317,1.5911185575757065,1.4640540990423618,1.6547826870698767,1.5479531042413284,1.5641688837664638,1.5774495137611941,1.5778521582812515,1.60603607001815,1.6492569383540265,1.731682272730328,1.6169956654010351,1.6248161280802953,1.5561215211331325,1.5769877012379205,1.549882538861435,1.5863128727580402,1.5605298007190094,1.6107213419562827,1.5707109368676546,1.4345523272618006,1.6116015838601105,1.496448286785069,1.4977733037308703,1.640502002411322,1.4527157679105727,1.5449612881954062,1.554058879267874,1.56655361132655,1.5651504916382801,1.5434994906445587,1.5012103243685875,1.6772610081320547,1.6246159756689185,1.6289300383636631,1.6878065215807232,1.5076796559218142,1.540963380233285,1.5675666365098737,1.5242437030942826,1.6139333295848035,1.6259117776469625,1.5445890387542116,1.6462626067719415,1.56364887594219,1.660672778909766,1.5188620444981802,1.5403073580200908,1.5506596899670828,1.6824883869655975,1.571109739134866,1.532062011139823,1.6095335728750149,1.549619339876882,1.625335492370849,1.4841884893709123,1.5209715835463626,1.6782597873583178,1.6084152226674453,1.4989937557128825,1.6131470036500184,1.6196618347296403,1.5237399277195214,1.5671104010146153,1.6165651856893029,1.5535380233850442,1.5915706204473201,1.5198587392726417,1.6043183796906677,1.6373310957118279,1.6529309396374483,1.7083754807707716,1.53042153764196
174.0,1.5787801242641677,1.5263162676088695,1.571213418026804,1.6065826821097966,1.5989529806580618,1.7238985351581402,1.5378976357857193,1.5790015424390547,1.5302252377376315,1.6055708570049503,1.4509350297696835,1.574480056649249,1.5167183057788902,1.5078302657483282,1.5127141858849817,1.6726593220445567,1.5039722516790113,1.5280804451687138,1.5488261567841337,1.6302318434515681,1.64640712372467,1.6010713747212688,1.6184888299459117,1.754875934472663,1.622056905667128,1.5640032804409825,1.6253470047012575,1.581009982714536,1.5909631897233345,1.4643384671034185,1.6600395284193177,1.5520930884452817,1.565346256203847,1.5749782714021112,1.5748494183809552,1.608335349290673,1.6495381843052455,1.7282504640074123,1.6211965375517539,1.6227231126816002,1.5589386464898782,1.5776018858612963,1.5515245723854318,1.5835042769815728,1.5648002053020864,1.616594653467475,1.567306176486678,1.4258472335418226,1.6176826694982276,1.4936097573774478,1.4950635904320166,1.634587666955234,1.4525734922291353,1.5408334732409255,1.5496878876041946,1.5658301162656354,1.5570532251744909,1.543970454007333,1.4916180261400074,1.6865740255450012,1.6257331355197184,1.6292706449634549,1.683545336593073,1.507184140639819,1.5387791183755664,1.5629686150316981,1.5191749980851639,1.6157562316216507,1.6235446979065573,1.5443551896945282,1.6480821412104432,1.563519167530079,1.6621827420221968,1.51143501305664,1.5446055541844532,1.5523005942004646,1.6795504197256752,1.5719582021026164,1.5364217595966987,1.6123559621447368,1.5455603141479701,1.625400661826344,1.4841189487311555,1.519836672189689,1.6759079754219974,1.61151391035506,1.497494133415429,1.614470703093064,1.6190876064532804,1.5252185689985929,1.5662964388154934,1.6166384160537597,1.554116355598968,1.5931935177065548,1.5208904160715349,1.6009882291080564,1.640148155608417,1.6531301910731102,1.708924311414212,1.5307411658879913
175.0,1.581861039485297,1.5260825910919658,1.5683524433199136,1.6044181550213419,1.593519739080874,1.719990309287627,1.5413694529557962,1.5800087433449626,1.5349699427641792,1.6059558161003573,1.441586382147898,1.5731548386235454,1.5230164183006376,1.5092131751263116,1.5152672566739702,1.6703629111264489,1.505170207834244,1.5339395159028517,1.5517219110062395,1.6283843625499848,1.64344727407511,1.596909821574377,1.6228044689675878,1.760386949343201,1.6164043570262252,1.5604776317713633,1.630107358933149,1.5758021214718771,1.5895518189043174,1.465913291200492,1.6645299736609518,1.557052422864202,1.562419560115914,1.5726274018635178,1.574184620758951,1.6129860450527511,1.6483863883417986,1.7214704614554752,1.6267784435520098,1.619040680366626,1.5623119770921494,1.574982067531779,1.5524920963174702,1.5775828941841643,1.5655082774803644,1.6158821805538321,1.559763704251922,1.4230368474072999,1.6205869982314465,1.4973449982684826,1.4927955215012705,1.6300766308984105,1.4457450410356194,1.536110608955617,1.5501570302430634,1.5697212566717704,1.555827030762116,1.5448192727359713,1.4831864115622344,1.6898883731231993,1.6328151550299481,1.6321903227445407,1.6775744547418818,1.505869561219475,1.5400705511472772,1.5620590316334817,1.5184150755960941,1.6190999204929204,1.6251839105894892,1.5445571459512133,1.6504099873185831,1.5633647343623494,1.6674692800873343,1.505207445431892,1.5440993558821676,1.5497245554382475,1.6789213585911003,1.577966114916843,1.5381017399708306,1.6093396628969037,1.5327418189214777,1.620287360520519,1.4886183456684887,1.51935482766762,1.6776549090409523,1.6138485151611264,1.4998512084103632,1.6229396826580822,1.6204298833537365,1.526945195054706,1.5607890641618316,1.6215627043057053,1.5522086057518876,1.5940822620452693,1.5211760722106864,1.6028989962907796,1.6404402574027286,1.6563390626557781,1.7135042522226438,1.535995121864186
176.0,1.585951928435832,1.5236918650033624,1.5724993117155532,1.60936011039999,1.591938903224961,1.7112233499399552,1.5463622571868778,1.5847340918868034,1.5404151669771082,1.606611585562316,1.4417549667536405,1.5746307007989115,1.5254703492977018,1.5078250841006466,1.5193291118282144,1.6730082991043496,1.511108449904658,1.5366729497815517,1.5556249596934177,1.624056066352612,1.6389991046500296,1.5913670258247017,1.6302374835327564,1.7653555375082088,1.6142755982779606,1.5593762119151335,1.6324031602187532,1.5627876531887768,1.5922710326098966,1.4677857558436163,1.668020905902557,1.561388742423149,1.5666537284118258,1.5632264448942121,1.5741686439330935,1.6116998957475095,1.6480400205105041,1.7205550449331946,1.6320111160400799,1.616689172130484,1.5649908285777936,1.5758115329485183,1.557840778092147,1.5792249771505904,1.5670901718683774,1.614478479343443,1.5572769938733793,1.4227044941533473,1.6202559845970832,1.4928998266647509,1.4923912869749327,1.6255427525925075,1.4455965758794214,1.5305492731605783,1.5519671089060183,1.5727951253006307,1.5533042331714166,1.545939174569926,1.479589145145339,1.6896245502509224,1.6356326988491683,1.6330870489812883,1.670051744339851,1.5106524128037695,1.5368516603628257,1.5557799803967436,1.5208463075568048,1.62049294472886,1.624667407698563,1.5481702147658039,1.6533924973564769,1.56402723030988,1.6703483717682988,1.5070781127980768,1.5486840150857197,1.5556183709233784,1.6781762438999879,1.5798433976627533,1.5397237379562088,1.608102956426485,1.528908128189492,1.6139029361687278,1.486937977425946,1.5159727995717334,1.6775505183916324,1.6140223840494328,1.4996820469500907,1.626094669589983,1.6184541706976483,1.5223907026994086,1.5604945312013543,1.62529846805594,1.5549500103853633,1.5974566093977494,1.5191308321577823,1.6034517180877899,1.6438183040869527,1.6644389780714357,1.7160761969049616,1.542324098794866
177.0,1.5884428672443214,1.5255304557695377,1.5717112626506593,1.6093662724732523,1.5845631695375508,1.7121830931361284,1.5484008826862743,1.5877179727615494,1.5426698253233895,1.6009731037460304,1.4454583672121992,1.576640332881378,1.5279854171768124,1.5063384071728965,1.5188250591256156,1.6746236935153775,1.5156055468751974,1.5344235519845226,1.5621514788132056,1.6270571757135939,1.6302209571968607,1.5835260864918017,1.631363706895205,1.7666086742843505,1.6042890828676817,1.5576272196436836,1.6365721954160517,1.5557205799988594,1.59668551779057,1.4632588012743128,1.670636373814379,1.5655044683276547,1.5770449794318724,1.5503456666264062,1.581311385191297,1.6119132628672848,1.6502375314591848,1.71754215560272,1.6353518580238642,1.6185217358005228,1.5690417252853899,1.5757529454407815,1.5580055405481297,1.573756636609518,1.5655077022609174,1.6132375752057897,1.548876655850868,1.4237183374903046,1.6224318697835205,1.4897059260499208,1.4989637068256605,1.6139911998185872,1.4411169534225858,1.520404491758228,1.5511095049284984,1.5759873024760238,1.5486514591884013,1.546765215611215,1.4772405417961882,1.696461090175061,1.6413051299609498,1.634290436170656,1.6689109747227378,1.5116911487322489,1.5369340729720615,1.5513601126662662,1.5181584216136468,1.6213358269491855,1.6285867741488695,1.5504659760185915,1.6563974951681741,1.5659220193049121,1.672040858960942,1.5073744566947525,1.5523524368063712,1.560906752746492,1.6702995804376675,1.5854215481185896,1.5456626704551564,1.6073809970799073,1.5208391690905014,1.6127043049649845,1.4873986735913647,1.5184395542813467,1.681853133226908,1.614436752201279,1.4981580220577075,1.6264332753558775,1.6190423219674865,1.5184286685266188,1.5643849399947989,1.6279320487456175,1.5480326032306246,1.598610577425496,1.5215126454242094,1.6030915412353877,1.6556253551396418,1.6725898720966816,1.721761645952599,1.5480162190649092
178.0,1.5934577104940704,1.5214727816191562,1.5706655643739087,1.6018311440605115,1.5837441384620081,1.7091474425313815,1.5525271578173274,1.5841235466102415,1.5431778573210229,1.5979021385136327,1.441718032220014,1.5781762614911974,1.5328518108990918,1.5081263482008889,1.5253428987462607,1.6745422362449134,1.516335437953027,1.5323062358933852,1.562539509589622,1.6321569272372236,1.624438818930425,1.5807845213819292,1.6371849333372557,1.7707437329943898,1.609217649749081,1.5571906239465136,1.63839436171788,1.5496899431978615,1.598458744526012,1.4674779801704374,1.6701708046453707,1.5702659829382903,1.580065209171953,1.5322416974202313,1.5828298695695031,1.60991152007255,1.6514759292998795,1.7185696900139467,1.6365464311293458,1.6202248076542307,1.5696785380986171,1.570515724018207,1.5597783370122138,1.5669904712263196,1.5692496910922105,1.6099186212000436,1.5483593413425596,1.423999443694601,1.623268743107133,1.4901575810714622,1.5039639454702238,1.6019774092920398,1.4389299869950345,1.5180589992771902,1.5459793184638126,1.576469604855156,1.5491344671467204,1.5467293507239093,1.4714907745067707,1.6991605903800715,1.6446899638811496,1.6357687320696779,1.665130953848023,1.5090485841279822,1.5396242607549666,1.5527150451959555,1.5212079156192408,1.6244856429538839,1.634985736158687,1.5535874929177969,1.6613343594907466,1.5654573780784424,1.6743508279190815,1.5027172506734046,1.5603620874163968,1.567826434714431,1.6631826599691668,1.5882174094940351,1.5493515095965915,1.606687135819326,1.5122926400416403,1.611851318575537,1.491952670471678,1.524176436755469,1.6864799213641593,1.6156938012256634,1.4962857343683293,1.6271105089573163,1.615284625600484,1.5191655894446467,1.5594346375861066,1.6285199150672098,1.544525590882917,1.5993065714281756,1.5186706760142972,1.5983814780925492,1.6602590294156239,1.6744062432193272,1.7256854312888716,1.5469001901013408
179.0,1.596812152000272,1.5192924306834639,1.5728111897965036,1.6025906015675868,1.5814274867379485,1.7061637139712542,1.5577194675425952,1.5843459539854057,1.537808558845956,1.5897518501713412,1.4357382549747455,1.5810729779091228,1.5323476093949782,1.5095736511025803,1.52661918666357,1.6703650914606125,1.5208097675504224,1.5336709094468322,1.5650979658028967,1.6357115147321237,1.6250753175172665,1.5740874062350625,1.6345377015645761,1.7707427354243157,1.6028267475807105,1.5579938175718873,1.6394752787759168,1.536907886070674,1.599060293326608,1.4696842674764128,1.670037013031955,1.5756375416501736,1.5831222441487085,1.5237338001698515,1.5830957285967446,1.6082385906938748,1.6496960705387176,1.716634917655361,1.6430159944670795,1.6251539792662804,1.5710353007793258,1.563824389662787,1.5613765310642775,1.5689577672873636,1.5710797872360436,1.6108296092745298,1.5328504670813023,1.4215823041606406,1.6276445307137222,1.4900090470244716,1.5032103496302003,1.5897989705012425,1.4355819324831582,1.5111779678253827,1.5440965217831735,1.5790151516331632,1.5495466281103285,1.548334089323501,1.4632029965399573,1.6999000055495175,1.6509065317659002,1.6397490361627425,1.6712700252267667,1.5122745432326046,1.5391308648657973,1.553799289273995,1.5122371344563375,1.6268623699617653,1.6370028001181436,1.5574065253766034,1.6635541983927131,1.5667340395112206,1.67755928890177,1.4970719924627298,1.5641709762549971,1.572901326292483,1.6526706782773564,1.5951243369572699,1.55113930555321,1.6015992817913771,1.5041647210129823,1.6103940694570953,1.4961561451725394,1.5267879561413036,1.6814504479273567,1.620218552677058,1.4990995161185712,1.6299625856536992,1.6125910035339703,1.5191117026228358,1.551461833631818,1.6288082943844835,1.5390772890892825,1.6011013936374134,1.5166706475843825,1.5923956097596865,1.6644855354201418,1.6767282409899853,1.728028624117713,1.5507491860166684
180.0,1.6011177872332745,1.5151493529482098,1.5727605802894722,1.5979963175910394,1.5749947148972345,1.701191809763401,1.564858009809088,1.5883131110349218,1.5395679148273995,1.5853682413778092,1.4304288459483725,1.582596510557279,1.5381838657591487,1.5170829660372256,1.5312758132333695,1.6667915041394668,1.5200632004963892,1.5344366088655583,1.5634223563278418,1.6357800696071836,1.6184960187035902,1.573567907046525,1.6313372246527782,1.772033572662797,1.599508137301912,1.5595435488520633,1.6442475507148067,1.534618555053628,1.6026630204808208,1.4743321294416611,1.6729695087960192,1.580016965129994,1.5885585175343697,1.5222735979839723,1.5848739781495964,1.6093938491095656,1.6463914444003886,1.7162880208396298,1.6461977743042016,1.6306798953129868,1.571885545499247,1.5666703367393866,1.5650065684405619,1.5621538935691281,1.575547403417058,1.6138185626250974,1.530498323087716,1.4205783670351337,1.630989722857325,1.4860796411567903,1.5031809096849684,1.5721248408604775,1.4361291726306615,1.5113133430292047,1.5445083503405284,1.5810609996881635,1.5495464093650662,1.5503886403775013,1.460285201751475,1.7025210075022925,1.6577714048767322,1.6425440746739293,1.6665924331382467,1.5131092650132187,1.5385098820786143,1.5506419759596313,1.511199591417274,1.6290390678388709,1.6410490763099728,1.5654215272772145,1.6665274508930596,1.5692553221244285,1.678245479762566,1.5006962915257351,1.5658837879853735,1.573511543863786,1.6426039262672938,1.596680346074164,1.5540689056936134,1.5996018079788192,1.4949329348129299,1.6098449675802389,1.495565542610621,1.527057831715145,1.6774706066924812,1.619387965378995,1.5006048092909638,1.6328584264416806,1.6168599919422488,1.5214568373499173,1.5471524190596848,1.6306599422630113,1.5354737301617964,1.6025512893354084,1.5166958033738247,1.594127824386788,1.6691726850384137,1.6816923543118414,1.730770331789785,1.5548130684006012
181.0,1.6020397125528034,1.5166208037820954,1.5752848055014637,1.600458340307141,1.562684113224135,1.7060811525749837,1.5676938091790138,1.5886764191401628,1.5415047179379846,1.5740342737228903,1.4307529383062956,1.585208653334286,1.5412818170188665,1.5159205640306952,1.5374122960163659,1.6718531747024863,1.5239134016988487,1.535367046377249,1.5665021644737382,1.6350015292128286,1.6100733527405364,1.570666737429102,1.6299657617525851,1.777271112317456,1.5900863334810236,1.5591173540543073,1.6454840861605726,1.5311261513128835,1.6060875830504222,1.4771541641121373,1.6733277503766855,1.5824255834769658,1.5914648591809766,1.5157945485881845,1.5817601721528143,1.6108176652484245,1.634964233652519,1.7150743966179727,1.647433552567007,1.6360685463574465,1.572677136086458,1.568231390195965,1.5659597846829574,1.558101236416719,1.5766560334189865,1.6090455022723211,1.5258434740727627,1.4247976955461727,1.63354545954256,1.4789468719384766,1.5035719515989452,1.5639435850760088,1.4402211178759052,1.5112448416981972,1.5480038382215895,1.5847368340287389,1.5521497140491443,1.5493483899547273,1.4614151604805254,1.7040634198587015,1.6595572584841856,1.6427369496223172,1.6653880979627689,1.516102705368802,1.533042349877964,1.5500061919165806,1.5057066379179105,1.6309958564306621,1.6426626689043835,1.565810108929678,1.6693201782299836,1.5724528912492035,1.680052890452679,1.4976874771038724,1.5700870080532623,1.5777607352144918,1.628109741499613,1.601061833710465,1.5563053882917495,1.5948163983123447,1.4895137107033292,1.6138173067998753,1.4981869148244467,1.527109293080625,1.6745498664250849,1.6209678821418234,1.5020057438898067,1.6333373647253524,1.6187034135290959,1.523769049660294,1.5427204928342209,1.6332018989835482,1.5310752265818324,1.6066350656971298,1.5181491097174593,1.591653329279167,1.673042911678096,1.6780524213999677,1.734236483129128,1.5556263194347308
182.0,1.6077716803128572,1.5134809620322491,1.5729557756969919,1.6045608870181296,1.5551666134705575,1.7003550985275986,1.5717986602953604,1.5905029572157388,1.5412494654396685,1.5718501865961414,1.4271415689810638,1.586389550572087,1.5433206051603494,1.519352943895636,1.5429033344282903,1.6654144554954233,1.5214834413683336,1.5361683655081926,1.5636636355367168,1.6371001845396214,1.6084507529899925,1.5711972737911946,1.6223991997658103,1.7804818544240364,1.5849941699706078,1.561480352366659,1.6497096487182499,1.5280161779194241,1.6120017290974338,1.478941786572722,1.6752225545678037,1.5837962486081512,1.5923743683045675,1.514914073295084,1.585848154898895,1.6106336637474692,1.6292522207658313,1.7192114525248658,1.6565646684444582,1.6377695117905533,1.5750655178408708,1.5698378908698745,1.5673962845881584,1.5588624823472976,1.5814344094331787,1.6077267564565918,1.514460871032508,1.4214664953583303,1.6359768960242957,1.480448344708624,1.5048530557407702,1.5536926465600343,1.4344385574964902,1.5085689526029797,1.5470337308730124,1.5866671024873662,1.5513024224950196,1.5527265243664468,1.4605798706474133,1.7067056286808684,1.6619135788629198,1.644636783383175,1.6613128229761094,1.516517617047005,1.5274777555069332,1.5562041732130771,1.5096401003865414,1.6319482420253706,1.6435870940561776,1.5684099714679387,1.6747835360572463,1.572331233313985,1.6829151866980958,1.4945397327848386,1.574968113205792,1.5801471470587225,1.609740894863106,1.6047730113709928,1.5595077696473356,1.596047509224524,1.4814174050293685,1.612360007543301,1.494494561145729,1.5269489832301564,1.6769503724618793,1.623474688452972,1.5015774944558222,1.6366115047904695,1.6213306475506783,1.5272825084562303,1.5325428136842898,1.63815565860384,1.529642564796302,1.607328159501216,1.5201246328542206,1.5962158414868741,1.675485426570391,1.6791863114414158,1.7353032513096824,1.5568049893946005
183.0,1.6109511084470163,1.5140566360494196,1.571660421352706,1.6079654253896787,1.550453916245323,1.6896908708389784,1.5806218538695875,1.5919990232943215,1.541205298670916,1.5716864022726995,1.4203741950824,1.5898940665211592,1.5425193729377429,1.5196943932480635,1.5479994787063236,1.6609847622738902,1.526318184342876,1.53846533956455,1.5665508518572542,1.641266928487573,1.6097286617564261,1.5707138069442292,1.6208051002510435,1.7843926421419578,1.5846042821154447,1.5606149099828386,1.651982408525063,1.5285854756103154,1.6159454310042043,1.4802941351493435,1.6772369075606648,1.5864804717734153,1.5934252160081745,1.4985309013808976,1.5870923185410042,1.611909320948774,1.627761996322095,1.723045100733721,1.6571880928445246,1.6405301864945054,1.5739760068103208,1.5748056507005863,1.569502058742029,1.5621067167715172,1.5838952374575312,1.6017763912947385,1.5083535450978038,1.4227462139316212,1.6409638053776285,1.479526234423345,1.5049753276355873,1.5441945824433032,1.4345467825458682,1.508192717212521,1.5519391390345072,1.5892768732902827,1.5502896330710219,1.554095358592516,1.4617422865533034,1.7083919514913863,1.6659051709094992,1.6472264603484135,1.6545587908951767,1.510467339208519,1.5274279985707175,1.5565576440869624,1.504945616299884,1.633325478349452,1.6457711543945355,1.569684323423173,1.6775327606616646,1.5749961530595815,1.686959233666914,1.4985995683065936,1.5767910709026443,1.580925714417818,1.5941757323945958,1.605457815944988,1.5619457466115525,1.5926196656524054,1.4706373050726826,1.6161870399355027,1.4941259873061565,1.5323456225459036,1.678099406744223,1.6187813832530993,1.5057807331372406,1.6395761478622106,1.6232141718164057,1.5303013899709446,1.529013624654414,1.630019930827947,1.5302786948538254,1.60783643776802,1.5214231213143576,1.5987783635275366,1.6782930006255319,1.6772054804907004,1.7391607040595125,1.5574179304212354
184.0,1.6129226179359462,1.506420861941418,1.573366826139604,1.6077684673704473,1.5477097751494104,1.68217744463947,1.584250203345909,1.597208679915328,1.543528156242002,1.570162729363663,1.4194212207852486,1.593424989555033,1.5473056336545459,1.5223564862022145,1.549988255195664,1.6562076451647647,1.524031690215748,1.5436037699912426,1.564250465751168,1.6392209300313674,1.6119364279953872,1.5732371459690973,1.6181302928583174,1.7933029487606007,1.577936085197153,1.5525500730987798,1.6525233997493591,1.5266027892678142,1.6233650671724726,1.4835818737738984,1.6819751976899415,1.5872025712308873,1.594381098339508,1.4953751932376076,1.5886332545120068,1.6151779627322573,1.6261882252569626,1.7195477277458384,1.6591483417434698,1.645349058015059,1.5736303278556385,1.5763667052705483,1.5713962846320266,1.5638248358110765,1.5848148039610936,1.6024018591447022,1.5019533537881142,1.4274666770462061,1.6436068656827505,1.4807580240130247,1.5091091560882246,1.537110373674239,1.4389221915239998,1.5061824100160108,1.5553359961296644,1.5902921346186967,1.546690720435519,1.558374970453232,1.4666287994497023,1.7119062729258558,1.6710893632599804,1.6457324139081813,1.6552417437141713,1.515072757363634,1.5223826158096834,1.5593645268290375,1.4999568683243616,1.6355100471703976,1.649377402233223,1.5722852266315017,1.6788684671899359,1.5767259420217017,1.6913607934968258,1.499922031780692,1.5782836052351625,1.584498000912911,1.5805106677266647,1.606070954891164,1.567201552811004,1.595284074948304,1.4561773770001292,1.6150851165830642,1.4979021838249842,1.5349512103623402,1.6767736171440755,1.620040204608592,1.5069309514256288,1.6429213508224911,1.628462540639582,1.5357591770537151,1.5263965990928596,1.6285592120593457,1.5339593765774775,1.6136304515233195,1.5317104585066663,1.6015091950367166,1.6795409695443664,1.6803862725897776,1.7401071605613214,1.563599137400322
185.0,1.6156733686116587,1.499460224998534,1.5733290612308626,1.6101498918844122,1.5442392707562402,1.6728741008081056,1.5896174557124252,1.5997133906091645,1.541548913046364,1.5589909970374074,1.4203798338254534,1.5941677933582135,1.547529308775801,1.5237539238661408,1.5562211477548877,1.6495832066732279,1.5259039799873566,1.5430259186766695,1.5639188242197442,1.6396068583850454,1.610055284415161,1.5708080735782926,1.605228470348462,1.7955105404340908,1.5788218522574302,1.5505580181813516,1.6544828069082467,1.5237171527541673,1.624754759884116,1.4866445649407363,1.682838020719007,1.588432477956432,1.5962955243051802,1.4825882762281202,1.590471213304263,1.6154930778714458,1.6222825881880567,1.7181972264130903,1.6615368272021223,1.647101499279627,1.5740426779489565,1.576236989007438,1.5718914313080956,1.5624621252163549,1.5860073754300703,1.5979987937585989,1.4969488677937521,1.4305719253179836,1.6460453895416327,1.474666888302339,1.5094577111561132,1.5292985245260617,1.439649724904609,1.50640270273667,1.5595580922362968,1.5912505621837563,1.5452126970186275,1.558632242814432,1.4683591190730652,1.7149395878157194,1.6775952043501958,1.646215661658018,1.6503192093378447,1.5164199803368414,1.5137380344659142,1.5617593578147297,1.4975723106676047,1.6379332955245702,1.6526852671833383,1.5741041964586855,1.6828050611584164,1.5769561200641578,1.692781484651028,1.5032660976737542,1.5816194668686,1.5872537489331404,1.5662485267909052,1.6085739094925287,1.5720149795097655,1.59251314846952,1.4564930889248602,1.617344516056924,1.4979463664999622,1.537484541873881,1.6757812580104152,1.6202498222429618,1.5074963488056454,1.6443595785602563,1.6304491550343005,1.5411404506831978,1.5156098150416486,1.6276183588725361,1.5323600440610448,1.6176687228704763,1.5328138450619049,1.6048870773037816,1.686396749534622,1.684840933684473,1.7422409575068984,1.5653692378913686
186.0,1.6186627855601143,1.497585547929265,1.5742864056023598,1.613709596160191,1.5386091683829208,1.667629666994987,1.593029379219561,1.6038411443827434,1.541351152225055,1.5556620435837982,1.4199849174985542,1.5956801505001699,1.550879927068362,1.5263451594666677,1.5599655513462964,1.6479462678396708,1.5204471499005277,1.5414113800579916,1.5639512990657607,1.6495714618412696,1.6051057102846285,1.5709141513223035,1.6006646685970836,1.7979232243039551,1.579932197511689,1.5480137457750922,1.6560631912553303,1.5199386200616352,1.6264647345272185,1.4937952731623525,1.679506920495664,1.5901871923206585,1.5982698408545215,1.478901554021866,1.5953981278923544,1.6127390518319888,1.6199615150040971,1.718066748972206,1.6623106650689006,1.6461453256254595,1.5761105793460506,1.5791153132628384,1.5748566883880821,1.5647445165771412,1.5878058392377155,1.5933415252987106,1.4892106552667237,1.4294317700084385,1.6508137459999235,1.4722700639098454,1.5117460681986343,1.5168381870801622,1.4320240855273163,1.5060566949188758,1.5630429121953424,1.593347635312363,1.5413050812611044,1.5599908515254615,1.4702664256756932,1.7186785089492356,1.6795101132835257,1.64635195500915,1.6523969735637407,1.5170479797773597,1.514647333451862,1.5619236597479011,1.4950508555568733,1.6388277759438306,1.6572125883688307,1.5792188593387,1.686837455553327,1.581249230440024,1.696483304963852,1.5088579807856584,1.585948974586725,1.5922519940975424,1.5588866108339627,1.6152839289924918,1.5764077483646521,1.5906048242748587,1.4524346163639121,1.6225976551579495,1.4911582634715295,1.5434364688286129,1.6811764871484445,1.6247185037207343,1.5083419710911576,1.646636769884979,1.6325555535960583,1.539892496342337,1.5131183534022432,1.628883929009105,1.5320796437288395,1.6223300709487414,1.5369657703436603,1.6047623032649019,1.692641052584621,1.6939760592404844,1.7461292743515124,1.569715639902462
187.0,1.6260724584286332,1.501511560243429,1.5739033398704854,1.6134402797980052,1.5265503693476254,1.6633527511224047,1.595761762038747,1.607690043389399,1.5471916113162696,1.553133657419359,1.4158293971389233,1.599701655487615,1.5554373757079847,1.5275916684731043,1.5637475928102051,1.6412581764159775,1.5265760823224055,1.5457729985806983,1.564447156982478,1.6513975829858056,1.602804854700287,1.5710084491942469,1.5990255445474388,1.8028642279067484,1.5738388102733607,1.5472836907547034,1.65813558395606,1.5117472168131874,1.6292007493500091,1.4938418404104772,1.6775755550165123,1.5904673864748318,1.6010751733350033,1.4792860792304277,1.5988064821306545,1.6142838934479562,1.613419597699124,1.7118180488330008,1.6639547935926882,1.6485852139377979,1.5819551285020519,1.5835739691310236,1.5750813527271916,1.567369713462994,1.5931618872528768,1.5889975735350728,1.4827356806489393,1.4297959655073724,1.6527892168374132,1.4711732876253714,1.5113300769284104,1.5072773297418094,1.4298853771835325,1.5068441784512625,1.5666476397336118,1.5934400713299435,1.5405567900415496,1.5616685237881522,1.471385467715828,1.7235064183389515,1.6839530879095355,1.6479964702334213,1.6608688965977914,1.5099173293423092,1.5107548829624136,1.5689275605432713,1.4921103699321352,1.6404221199045486,1.6584599498764208,1.5806490132245383,1.690304386173665,1.5828606820731972,1.6973985200272488,1.5082871140077136,1.590014248409291,1.595750333334324,1.5387552068459698,1.6163668081956968,1.5782034032520553,1.5928963617380967,1.4435216741871917,1.6252400590998846,1.4920786423134533,1.5471982559943056,1.682127640166522,1.6277955554367267,1.5108224548119862,1.6500055291632938,1.6332337327695392,1.5432145903440155,1.5125164302435168,1.6274243244371018,1.5331388267046329,1.6282517761384625,1.537518718094994,1.6049615612806742,1.6991520000532978,1.6976310175076748,1.7472060623642895,1.574598300912569
188.0,1.628853906442286,1.4965045245826962,1.5700054623507298,1.616435185307981,1.5253349419757316,1.6590602701360864,1.5983072833660736,1.607346610736045,1.5535486535679435,1.5448126465734502,1.4169984365700448,1.5999626455247156,1.5576574437207689,1.5309048896102901,1.5641248009892612,1.6384955625163011,1.5230368296042016,1.551378211077938,1.5696056981255047,1.6517212513117678,1.6010170396373304,1.5702307593635836,1.5898869040022126,1.8049085911908305,1.5719516436315475,1.5394869756357459,1.6582830419885641,1.5153081285908054,1.6323187164856925,1.4969355404388975,1.674028164183242,1.5902831007251979,1.6045914503056604,1.4771651072612624,1.5993857240588212,1.615945206724791,1.6154062159225242,1.7081655840692493,1.6648015113845382,1.6494069780586498,1.5845982677681676,1.579113197341257,1.5813222462998924,1.568088795442576,1.5950435519605777,1.5870392566607239,1.474631940526807,1.422823389458206,1.6572674601670379,1.4690338261275442,1.511643696948661,1.502138239181453,1.4314107646605314,1.50520268547152,1.5685213798208826,1.59676632669755,1.5384378601838926,1.5634885789460804,1.4749336453663442,1.7259598440363437,1.686505219189747,1.6501822009998566,1.661618543301088,1.5105931149603482,1.5033130656812341,1.5715614479597804,1.4988408582834631,1.6421431104658188,1.6621892670170861,1.5814043726258273,1.6925494551589735,1.5862386464062075,1.701315801495059,1.5093018288363698,1.5943741511909628,1.5960633438515186,1.5163651408991312,1.6154109339432998,1.5835011234918337,1.5920719774187575,1.4398584939212298,1.6264292164259764,1.4916564588653944,1.5537420045997243,1.6814615195029785,1.630023561333458,1.5101050025279008,1.6526698709036207,1.6335150389565114,1.5423193453062014,1.5145841650535476,1.6230310405872137,1.5395039891285947,1.6285583580972094,1.5398212925628778,1.6019923820784274,1.701549499913622,1.694384619114288,1.749415715389899,1.5774958671492483
189.0,1.6337205148700078,1.4921356801723784,1.5707152196745056,1.6137193308517974,1.5196471839159749,1.6574862964072017,1.6011605523927128,1.6120449676085218,1.548826402319167,1.5393794932725384,1.4147963898397795,1.6001364631734043,1.5615342488867332,1.5348977897011609,1.5675201903763891,1.635406898910901,1.5218125140754186,1.5546845365604238,1.571219012694016,1.654919496810716,1.6043339187481627,1.5671099244730604,1.5914321186586715,1.8128449298150562,1.5661659916902662,1.541063168335574,1.6594595446986853,1.517186738253388,1.635037604808899,1.4964069875515629,1.668961985044371,1.59617289761171,1.605664911706377,1.4739739992262804,1.6000119920944422,1.616800675262029,1.6108815463302673,1.7089966943992183,1.6649976606009138,1.647455051767557,1.5855441285219578,1.5795745673008894,1.5823240799842673,1.566066158867345,1.598385901346596,1.5841159041164707,1.4671198162275378,1.4180806765592384,1.6595155042131347,1.4675336901963536,1.51308780415124,1.4939698144404097,1.4337743034324313,1.5055212959132167,1.5704310121322038,1.5962289032198838,1.541596297962379,1.5662678271468764,1.4763642196054654,1.728296019973735,1.6932253980752192,1.653963377938093,1.6612449059194256,1.5142802321029496,1.5038683549163578,1.5746701247914927,1.4924438201430474,1.6431533007643802,1.6634901281299894,1.5790071912109704,1.6940998605864162,1.5897739488689056,1.7015110477611217,1.507466399437042,1.5979089452116395,1.5986870792104741,1.505001278535356,1.6154192525866828,1.5876185718145368,1.592154397387436,1.437045899400026,1.6290164026126523,1.4984412144945436,1.5563455466553395,1.6839213394899817,1.6305465042763871,1.5116350583707914,1.656634526129594,1.634669446348762,1.5495589485175751,1.5153658354700081,1.62178749789068,1.541235407152471,1.63134202744879,1.5415340282275147,1.6045508510301578,1.7032545672588157,1.6979186949644072,1.7549620066198472,1.5814974373644761
190.0,1.6346438431561787,1.4901667841140196,1.570418559911774,1.6117791841995746,1.5121217024152913,1.6530678250925421,1.6025347608499878,1.612067835953153,1.5548921278977197,1.5335351490526272,1.4164127341489146,1.600009445052895,1.563235026930947,1.5372004814035944,1.571390004761321,1.6355661170809954,1.5252158565638199,1.5587749565087596,1.574089291192178,1.6583646163947694,1.6068643137419374,1.569064274174868,1.5885220663068373,1.8196226135776732,1.5661780420450417,1.5393607167138235,1.6609534207530894,1.5137354117367061,1.6379070261766353,1.4973825614114522,1.6707650701289536,1.5968554547357465,1.6091616395831014,1.478305533736629,1.6046612038555814,1.6156438835304818,1.6079518078190445,1.7025342499600382,1.667674552942372,1.647557080682984,1.5870698215441676,1.581337642861312,1.5853654775811385,1.5674790634668168,1.6047272020550176,1.5838447924947607,1.4568705249483997,1.420668706834528,1.6612847964822346,1.471655484784153,1.5137451438346408,1.4875060552941144,1.4340360510598618,1.500190173328947,1.570949609253674,1.600783426539192,1.541590019796836,1.5666320126020685,1.4816153984351292,1.7320818901505988,1.6952663519110576,1.6556521322260866,1.6641443917646643,1.5161269105629025,1.503337965152374,1.5776966628603226,1.4805923372053962,1.644675953668893,1.6659057404275817,1.587224765261347,1.699439837862012,1.5934823494025068,1.703996949988637,1.5034222858192834,1.5986630477369022,1.6026546666934796,1.491343781983899,1.6144558757261862,1.5920237027682467,1.5937252611069097,1.438253532024706,1.6289988146716459,1.499176073902829,1.5602000501033593,1.6860495260007273,1.6292381216613134,1.5098503007626718,1.6597856127276784,1.6328837214332033,1.550289379493782,1.5168473111409595,1.6195634300516566,1.5427904875382081,1.6366520241278713,1.5443277783079594,1.6069768881948152,1.7051564751183932,1.6986781546880956,1.7580478682029728,1.581683606767264
