t,0,1,2,3,4,5,6,7,8,9,10,11,12,13,14,15,16,17,18,19,20,21,22,23,24,25,26,27,28,29,30,31,32,33,34,35,36,37,38,39,40,41,42,43,44,45,46,47,48,49,50,51,52,53,54,55,56,57,58,59,60,61,62,63,64,65,66,67,68,69,70,71,72,73,74,75,76,77,78,79,80,81,82,83,84,85,86,87,88,89,90,91,92,93,94,95,96,97,98,99
0.0,0.0,0.0,0.0,0.0,0.0,0.0,0.0,0.0,0.0,0.0,0.0,0.0,0.0,0.0,0.0,0.0,0.0,0.0,0.0,0.0,0.0,0.0,0.0,0.0,0.0,0.0,0.0,0.0,0.0,0.0,0.0,0.0,0.0,0.0,0.0,0.0,0.0,0.0,0.0,0.0,0.0,0.0,0.0,0.0,0.0,0.0,0.0,0.0,0.0,0.0,0.0,0.0,0.0,0.0,0.0,0.0,0.0,0.0,0.0,0.0,0.0,0.0,0.0,0.0,0.0,0.0,0.0,0.0,0.0,0.0,0.0,0.0,0.0,0.0,0.0,0.0,0.0,0.0,0.0,0.0,0.0,0.0,0.0,0.0,0.0,0.0,0.0,0.0,0.0,0.0,0.0,0.0,0.0,0.0,0.0,0.0,0.0,0.0,0.0,0.0
1.0,0.0,0.0,0.0,0.0,0.0,0.0,0.00010608109892562556,0.0,0.0,0.0,0.0,0.0,0.0,6.36493345830269e-05,0.0,0.0,0.0,0.0,0.0,0.0,0.0,0.0,0.0,0.00046671474607373753,0.0,0.0,0.0,0.0003818656222482897,0.00043489674665664335,0.0,0.0,0.0,0.0,0.0,0.0,0.0,0.0,0.0,0.0,0.0,0.0,0.0,0.00013790433135807412,0.0,0.0005727710866472169,0.0,0.0,0.0,0.0,0.0,0.0,0.0,0.0,5.3041252825014595e-05,6.36493345830269e-05,0.0,0.0,0.0,0.0,0.0,0.0,0.0,0.0,0.0,0.0,0.0,0.0,0.0,0.0,0.0,0.0,0.0,0.0,0.0,0.0,0.0,0.0,0.0,0.0,0.0,0.0,0.0005621657058000329,0.0,0.0,0.0,0.0,0.0,0.0,0.0,0.0,5.3041252825014595e-05,0.0,0.0,0.0,0.0,0.0,0.0,0.0,0.0,0.0
2.0,0.0003500462723755593,0.00043489674665664335,0.0012089909652241992,0.0,0.0008909063469776379,0.00020154927696058866,0.0007530539518904034,0.000922717087696312,0.0012407966417343763,3.182492050191055e-05,0.0,0.0,0.0005939816795340613,6.36493345830269e-05,0.0007000312678293596,0.00027579915325826043,0.000254585184232492,1.060836310295965e-05,0.001187786899539356,0.0009333205553977431,0.0005091379575308252,0.0,0.0008909063469776379,0.0004985322390700375,5.3041252825014595e-05,0.0,4.2433114798012816e-05,0.0004985322390700375,0.0016330250129777957,0.0007000312678293596,0.001378615387970239,0.0006045868915740549,0.0003818656222482897,0.0,0.00043489674665664335,0.0004879264643402603,0.0006682169821651263,0.0,0.00027579915325826043,2.1216669936929833e-05,0.0006045868915740549,0.0,0.0003500462723755593,0.0005303492256454323,0.0011347757506198208,3.182492050191055e-05,0.0003394397098800406,0.0005621657058000329,0.0009121135637257805,0.0,1.060836310295965e-05,0.0005939816795340613,5.3041252825014595e-05,5.3041252825014595e-05,6.36493345830269e-05,0.0012301948058334178,6.36493345830269e-05,0.0,0.0005727710866472169,5.3041252825014595e-05,0.0006151920473449479,0.00039247195966785053,0.0006257971468469625,0.001187786899539356,0.0,0.0,0.0003394397098800406,0.0005727710866472169,1.060836310295965e-05,0.0011241733520290786,0.0006682169821651263,0.0006788218003221935,0.0009651306208883215,0.0006151920473449479,0.00016972705736972848,0.0,0.0,0.0005091379575308252,0.0,0.0006894265622102713,0.0007212405102606789,0.0007530539518904034,0.0,0.0,1.060836310295965e-05,0.0,1.060836310295965e-05,0.0005939816795340613,0.0,0.00020154927696058866,5.3041252825014595e-05,0.0003818656222482897,0.00011668889933880155,6.36493345830269e-05,0.0006045868915740549,0.0006045868915740549,0.0005621657058000329,0.0,5.3041252825014595e-05,2.1216669936929833e-05
3.0,0.0017814156600162168,0.002088761202313938,0.004895071613379098,0.001187786899539356,0.002735092194997346,0.0032117595454540515,0.003127027010959904,0.0011029683860404038,0.004344710999398038,0.00018033452016896767,0.0005939816795340613,0.0008166793158870256,0.004334125650308773,0.002523203464400159,0.003455345522232034,0.002607961657550173,0.002141747030191321,0.0006151920473449479,0.0037941982340885527,0.0014740227955044594,0.002999921456940946,0.0015270249413866788,0.002735092194997346,0.002607961657550173,0.0039000778900574185,0.0029787364101721003,0.0008696989051537596,0.002385463719815517,0.0028198413851100446,0.003455345522232034,0.0033070793421825506,0.003095251382086439,0.0008696989051537596,0.0023960594223974008,0.0007000312678293596,0.001187786899539356,0.002258310899851401,0.002660933699526913,0.002607961657550173,0.00028640605336760494,0.003095251382086439,0.0014740227955044594,0.001463422197521047,0.0019085988652307595,0.004990310889194105,0.0016436247106574875,0.003254124462245378,0.0039106655461749185,0.003296488478733095,0.002109955702271793,0.0019085988652307595,0.004334125650308773,0.00039247195966785053,0.0009863370498705004,0.0009545273219938588,0.0024490370912724213,0.0016224252590291144,0.001293804977204771,0.0018026134235751279,0.00039247195966785053,0.0018768038235584816,0.003455345522232034,0.002003980951722717,0.0037941982340885527,0.001187786899539356,0.001739019457670632,0.0009651306208883215,0.0018026134235751279,0.0006151920473449479,0.0035824220414562014,0.002946958418001411,0.002830434780663693,0.0025443933503016547,0.0039636029827275765,0.001187786899539356,0.0011347757506198208,0.002660933699526913,0.002999921456940946,0.0009015099834862594,0.0036459572625430203,0.0039000778900574185,0.0035188847946858726,0.002385463719815517,0.0007636583198956659,0.003455345522232034,0.0012301948058334178,0.0006151920473449479,0.004334125650308773,0.0004030782408184219,0.0026821221224346825,0.0009863370498705004,0.0008696989051537596,0.0012407966417343763,0.0016224252590291144,0.003095251382086439,0.0014846233372188822,0.0039106655461749185,0.00027579915325826043,0.00039247195966785053,0.0015800256805446056
4.0,0.0125841443196536,0.011687919400332203,0.014849251499727933,0.003603600673561025,0.006566387668828,0.009197445914880253,0.01163518762691007,0.010801838906354333,0.010601360878279342,0.005847259271087868,0.004429391766428203,0.005434700578916818,0.010685775155409472,0.007517775181608122,0.0070527093417923625,0.008204604930284187,0.005783794273690912,0.0074860696076177735,0.008901758039667973,0.010738532249873645,0.009482531729115506,0.008912319080556785,0.006566387668828,0.007686863023338764,0.010274221539800732,0.009566993722342598,0.006090522995404135,0.008848951991188847,0.009947028126830126,0.0070527093417923625,0.012194072851040683,0.009176326815358515,0.009936472600301505,0.00417533866169284,0.005625122917833569,0.00800386390098573,0.008056692457057757,0.007982732084674149,0.008204604930284187,0.001378615387970239,0.009176326815358515,0.008743335674057384,0.010348096439600218,0.008732773732864851,0.010791287937613414,0.00733810356631992,0.009757020040161435,0.013838176213796238,0.008690525405404603,0.006333756953428971,0.009841470329440272,0.010685775155409472,0.006175129487377862,0.006714411217025762,0.00536064252358015,0.011445341594910285,0.008130650072261103,0.0043976369008091876,0.007443794721198049,0.006175129487377862,0.0055299140272689895,0.008447580050990333,0.007211266752960466,0.008901758039667973,0.003603600673561025,0.009144647744058654,0.008109519606405047,0.007443794721198049,0.0074860696076177735,0.011192185192677173,0.006894139270103294,0.01422792289784347,0.004873906710905818,0.012426016522165462,0.0039847775634657134,0.004672828911748139,0.007982732084674149,0.009482531729115506,0.003878902409015561,0.011751195671562464,0.014480690368870675,0.009778132950094998,0.0070632802297531105,0.004207097072257637,0.008056692457057757,0.01022145206616032,0.0074860696076177735,0.010685775155409472,0.003222350859055312,0.009123528081847243,0.006714411217025762,0.009936472600301505,0.008415889332011206,0.008130650072261103,0.009176326815358515,0.006608681236550007,0.013838176213796238,0.005106708258935222,0.006175129487377862,0.004334125650308773
5.0,0.036753487211800495,0.035180691307718726,0.04657770040705178,0.02149255256526661,0.022216488838066817,0.031352719614539226,0.03284517382162455,0.0261671781737548,0.026659143766318616,0.023831264469621583,0.023506319508915574,0.020684365364191826,0.03276171026522001,0.022636039373308936,0.02328616478041179,0.02431334121055939,0.022478718473027293,0.02087332212119475,0.022373830839216735,0.02432381981738918,0.025758857042373573,0.02644981189827822,0.022216488838066817,0.02055838406443966,0.0231184111887901,0.03042326859265243,0.017669092097072348,0.022447252773708515,0.029148465425702375,0.02328616478041179,0.02839572959050385,0.0216814313334599,0.02750670766360952,0.017721662659860193,0.024166634806699894,0.02448099216755739,0.023977996081985142,0.021009779551941388,0.02431334121055939,0.013005756550407921,0.0216814313334599,0.02666960976889632,0.032031250532357336,0.028625763154754735,0.02708820373143861,0.023432937356594574,0.024418124746752756,0.03234433846497353,0.030694839694578868,0.02330713296652276,0.022719938676712514,0.03276171026522001,0.01878328682031405,0.02433429836794987,0.023663557693793136,0.030715728203810855,0.03173898943816844,0.02260457620609435,0.02259408837115129,0.01878328682031405,0.023883669882946323,0.02276188697795878,0.023831264469621583,0.022373830839216735,0.02149255256526661,0.02423998938721983,0.022352852637226972,0.02259408837115129,0.02087332212119475,0.02788328422659525,0.029441117251704507,0.03856425704943933,0.025298084300833135,0.03228172492981707,0.01884633553977977,0.01734312320969511,0.021009779551941388,0.025758857042373573,0.019571250217644942,0.0343781756261794,0.034597076625487944,0.026229989213039095,0.019151042460689438,0.019434692571840828,0.019476711321852913,0.02822841534709586,0.02087332212119475,0.03276171026522001,0.016638425076875296,0.02791466231510853,0.02433429836794987,0.02750670766360952,0.02412471666562821,0.03173898943816844,0.0216814313334599,0.028719859945152693,0.03234433846497353,0.02178635610479862,0.01878328682031405,0.017174860046169416
6.0,0.08370637988046947,0.08334077441858101,0.09618434555891664,0.043903363520338745,0.05734059344065323,0.07580939508511642,0.07770531654862967,0.06826768274081385,0.07000765021829869,0.05591869133742311,0.07139845335530237,0.05703157544352844,0.07684933500852476,0.06482390488342982,0.05365999488250495,0.060016628075101,0.05409337869689934,0.07020201614070698,0.06092150128379514,0.05699036921762113,0.05877171591999941,0.06796046084960494,0.05734059344065323,0.05041678995083454,0.057845213927341765,0.07515658485979093,0.04978609700864267,0.05114027795678744,0.08263982678224002,0.05365999488250495,0.07022247452983821,0.06070560521694934,0.06858509215940711,0.048803453342233905,0.05790699490663587,0.058195279359305796,0.06303802326682462,0.053938610157656,0.060016628075101,0.04624620317656469,0.06070560521694934,0.07232848310367235,0.07043727402675626,0.06105513879449265,0.07031453449561376,0.05911131911940759,0.06065419773402614,0.06982349534370935,0.06529574978516017,0.06021203531129593,0.06174373516413778,0.07684933500852476,0.05717579014431273,0.06838031807893508,0.058432051443669475,0.06869770830980526,0.06606480680443017,0.0633973892019355,0.06537779761396956,0.05717579014431273,0.05467106938067079,0.052782604879636486,0.05975948234269335,0.06092150128379514,0.043903363520338745,0.06754050903211561,0.05679462734978824,0.06537779761396956,0.07020201614070698,0.07075431364559759,0.0675507528847511,0.08218254268946923,0.06294560374225189,0.06329472025409821,0.044349346438161685,0.043841125074218446,0.053938610157656,0.05877171591999941,0.05349487017773735,0.07505456244256059,0.08746989905561209,0.06059250689764184,0.05922450656878331,0.04809977550673605,0.048824145810331454,0.06407486313505528,0.07020201614070698,0.07684933500852476,0.04907243787158089,0.05869967100004325,0.06838031807893508,0.06858509215940711,0.05922450656878331,0.06606480680443017,0.06070560521694934,0.0747790738096813,0.06982349534370935,0.06524446806341233,0.05717579014431273,0.05418623374339515
7.0,0.15959742165282043,0.16690445495009476,0.18623389698132342,0.10387310405919403,0.12201718325864197,0.1516234801336408,0.15097846440028462,0.13674581895929283,0.14990289349427566,0.11908239331754744,0.15504967311814855,0.11544443494405199,0.1628715786605388,0.13992650497210035,0.12134112359012406,0.11449633958875516,0.12341818377010161,0.15535193819030113,0.13338151077035176,0.12105272488328545,0.11933129423731981,0.13621349064100097,0.12201718325864197,0.11842512591359422,0.12472874486247665,0.15244405475423262,0.11664130320718658,0.11025864915521166,0.1754805163317219,0.12134112359012406,0.13278887346934343,0.12668283452713947,0.14591736111054654,0.1143166432432492,0.1144863569367357,0.131365717468111,0.13762281682362343,0.12519514734383297,0.11449633958875516,0.10919764595111225,0.12668283452713947,0.13947388650640236,0.15394741037328086,0.13310497190505188,0.14943334009058162,0.1139072668433736,0.12297117748829711,0.1414212670796302,0.1366669658582238,0.1265043789126935,0.1254927860646624,0.1628715786605388,0.12659360899881023,0.14091004739482937,0.12670266180336487,0.13591768178747665,0.1436511557850132,0.13539496238262383,0.150440764054116,0.12659360899881023,0.1151151541206441,0.12670266180336487,0.13533577664133256,0.13338151077035176,0.10387310405919403,0.14777908903888126,0.13384560183445215,0.150440764054116,0.15535193819030113,0.14843510865001708,0.14118533843917702,0.15504967311814832,0.12560190757364442,0.1272577341568497,0.11023863607880657,0.11443644283260335,0.12519514734383297,0.11933129423731981,0.12337845449244222,0.15609274635170267,0.17094691204673307,0.11837532294070174,0.12310032434032236,0.10894731720591344,0.10896734479971593,0.13571058545796966,0.15535193819030113,0.1628715786605388,0.10880711774716978,0.12459971797592173,0.14091004739482937,0.14591736111054654,0.12273272754728415,0.1436511557850132,0.12668283452713947,0.15395716806190907,0.1414212670796302,0.14169647619633974,0.12659360899881023,0.12815935037617454
8.0,0.26694323165015243,0.27303414821895333,0.3011401834811661,0.20199472597018264,0.22944512754207458,0.27164055751656546,0.24750609753903408,0.23459543976079233,0.2663254731745236,0.2310925017926383,0.2807290261117309,0.21960820731948671,0.2722289241424878,0.255545808608051,0.2417251333982129,0.2115562282900023,0.22855089907438053,0.2712330875098111,0.23420558788188273,0.22229549037671137,0.2145864393682626,0.24563685131502955,0.22944512754207458,0.21651257150771308,0.22123798437426678,0.263779020379469,0.22743238424375212,0.20709443805333516,0.3017076449141032,0.2417251333982129,0.23854404255821193,0.23964523135328286,0.2575032849620873,0.2156296630088067,0.2059415746102129,0.2416881822327488,0.2489409869735364,0.2294171907519823,0.2115562282900023,0.21188588167034206,0.23964523135328286,0.255545808608051,0.2675879665168831,0.24280555668804693,0.2578231877718251,0.2281688309681993,0.23638562592641077,0.2413278611879318,0.23871991607346232,0.22725521175904462,0.23426128708449123,0.2722289241424878,0.23811815939916137,0.25558242058408953,0.24370070822026169,0.2433870040297509,0.2586272103085767,0.2500070683407525,0.2686135088676498,0.23811815939916137,0.21077420329599006,0.23797925871293324,0.23614458311069209,0.23420558788188273,0.20199472597018264,0.26361516892923353,0.2328031576318511,0.2686135088676498,0.2712330875098111,0.26459800416339263,0.24299016734139312,0.25743929612859917,0.23413131912734153,0.21787352982970254,0.2157705860022595,0.2166815823734758,0.2294171907519823,0.2145864393682626,0.24048677925232864,0.26530742143508756,0.2801801068558665,0.21502824932208742,0.21397522078323894,0.21175402858974657,0.20282844862626015,0.25209108871249875,0.2712330875098111,0.2722289241424878,0.19991800188483644,0.23364848444321173,0.25558242058408953,0.2575032849620873,0.2270593659061324,0.2586272103085767,0.23964523135328286,0.2762415625047856,0.2413278611879318,0.2453788422757609,0.23811815939916137,0.2300223744886517
9.0,0.3922816314951718,0.3972252120636568,0.4236554354631362,0.3202958282100541,0.35161329091818705,0.4029275866954568,0.37529393345054507,0.353491199555079,0.3894583211554361,0.356890094261771,0.40778676860145435,0.332407077958247,0.39041947775131325,0.38965724326174633,0.37493333944489515,0.3269961621656202,0.3403748086196957,0.39476832497106373,0.3547529875938794,0.34806345821135787,0.3320603237308166,0.3767017685332703,0.35161329091818705,0.33770982456628296,0.3452080303805465,0.3862960914250997,0.34817480482097674,0.3305161756879571,0.42443637097711284,0.37493333944489515,0.3658508849910983,0.3684501480266712,0.3828340401031681,0.3517755813824496,0.33314363176256767,0.3673958958906677,0.38316735279610104,0.37144784047228074,0.3269961621656202,0.32997790772842917,0.3684501480266712,0.3760483283204188,0.39402532963431924,0.3639233169516225,0.3852152464273776,0.3464349995388333,0.3641686524435991,0.36970566795405124,0.3629160999454053,0.3528171730255647,0.37071591676117066,0.39041947775131325,0.35853095661554835,0.3823505767819678,0.3781665746382771,0.35044248996447613,0.3908749339461933,0.3718851087596009,0.38691091693629376,0.35853095661554835,0.34504491990840447,0.3588877577823104,0.35633700041010796,0.3547529875938794,0.3202958282100541,0.39306701889849205,0.3538920360677763,0.38691091693629376,0.39476832497106373,0.3928934506671784,0.3745726413978965,0.3778319137405278,0.3557921834162654,0.32956972175514365,0.34706091079917667,0.3466579612173861,0.37144784047228074,0.3320603237308166,0.3744132300486529,0.38220883614393286,0.41252039806174856,0.3471294855828584,0.34566291538898686,0.343730710982309,0.33348144392026857,0.3807821876113713,0.39476832497106373,0.39041947775131325,0.33572269164511315,0.3586923789619514,0.3823505767819678,0.3828340401031681,0.3506305729767215,0.3908749339461933,0.3684501480266712,0.392769458166472,0.36970566795405124,0.38028957036772304,0.35853095661554835,0.35898968274166365
10.0,0.494206148574157,0.508134333158499,0.5237733592134263,0.442877474890255,0.4724832170656259,0.5122326390207009,0.47239845963210736,0.46657249456961414,0.49873780257621847,0.4726604151527204,0.5216406346050713,0.45229166175075053,0.4954502418467588,0.5027330276297668,0.4865497996853769,0.4448157380596045,0.45200898979145343,0.5067346192654545,0.46741668767351896,0.4678810958414693,0.451726244907555,0.4915242694211879,0.4724832170656259,0.4647734541138786,0.46928856146205655,0.5006961859018464,0.46079244072025427,0.4433999516351216,0.5291098032892927,0.4865497996853769,0.4841373003513556,0.48568286426248286,0.5035555681760631,0.466983057288444,0.45469926281359163,0.47996876067079697,0.49337590199073156,0.47852955698088195,0.4448157380596045,0.45903830654176236,0.48568286426248286,0.48866842519990716,0.5017375920542616,0.4778015434013535,0.48778050260012074,0.4679584775086504,0.48529478797944525,0.48535567236877497,0.4765435670234155,0.46629353163655574,0.49305871913919574,0.4954502418467588,0.47990755847425526,0.4955934027139076,0.49591732335405936,0.46846905538943906,0.49639924513022005,0.4858806507481921,0.5068091222115003,0.47990755847425526,0.4678578802440698,0.46780370854738995,0.46611526713970874,0.46741668767351896,0.442877474890255,0.5072634683318971,0.4734920776888172,0.5068091222115003,0.5067346192654545,0.4978812140063321,0.48461720626309,0.4806723270937099,0.47335351284400995,0.4345323768615429,0.4732534268956715,0.4626681536570524,0.47852955698088195,0.451726244907555,0.48973746229236137,0.49564614107080074,0.5194663768198868,0.469010309543859,0.46650276067303087,0.46679716167661756,0.44972925028454314,0.49311914257302225,0.5067346192654545,0.4954502418467588,0.45600670798293597,0.47170473397897505,0.4955934027139076,0.5035555681760631,0.46149329677882656,0.49639924513022005,0.48568286426248286,0.5037349410874588,0.48535567236877497,0.5003438098122579,0.47990755847425526,0.46850772554417863
11.0,0.5974049373032851,0.6086270822685071,0.6132457140499956,0.5659934904271227,0.5799271517559176,0.6048150794874354,0.5878582022151866,0.5783924895099635,0.6017146846702126,0.5818226795616306,0.623377915407457,0.5778343633544043,0.5983198416959962,0.6095158799916414,0.5971019824296782,0.5609751434893513,0.5716289515325405,0.618341733424914,0.5817197718926355,0.5912699348871373,0.5625482297695166,0.5947350238338107,0.5799271517559176,0.5814590158016497,0.5859217783381969,0.5992874296114772,0.5748860399352952,0.558342358882787,0.6251921050206313,0.5971019824296782,0.5898104706779674,0.5970750475932196,0.6118656466690707,0.5820078814613086,0.5740417774236006,0.5930381612383693,0.5994284386964728,0.5868087328020081,0.5609751434893513,0.5787712536140406,0.5970750475932196,0.5941472696957608,0.6058680524325294,0.5889539479427903,0.6006762930722565,0.5836523177113637,0.592388224782509,0.5931532001060704,0.5889947549965371,0.5829401266039159,0.5938160482676906,0.5983198416959962,0.5848493425429415,0.5993478651150004,0.5977616046905418,0.5807106067417123,0.6014535392260036,0.5899123781658016,0.6054350374331796,0.5848493425429415,0.578385601314358,0.5721356550969546,0.5764685007685879,0.5817197718926355,0.5659934904271227,0.6106751019141698,0.5820490318683854,0.6054350374331796,0.618341733424914,0.5975530071045863,0.5959632010590139,0.5848971876928628,0.5908629042004623,0.5420071221957954,0.5905507101568993,0.5827688360847378,0.5868087328020081,0.5625482297695166,0.5971558494016844,0.6009376930773416,0.6120969297704777,0.5796176919066093,0.5854642843058528,0.5852661861743853,0.572350739877613,0.5977212351844015,0.618341733424914,0.5983198416959962,0.5793081181126114,0.5896338010410205,0.5993478651150004,0.6118656466690707,0.5813217431177526,0.6014535392260036,0.5970750475932196,0.6110853842727951,0.5931532001060704,0.6038408304498271,0.5848493425429415,0.5833099941036015
12.0,0.6640760633524481,0.6787425943020807,0.6729079844107573,0.6469548890921618,0.6577380738461688,0.6737386554592508,0.664764343743623,0.6554815001386087,0.6713103787808722,0.6594859971950644,0.6914634447613829,0.658221989682525,0.6698064217870754,0.6827884093909116,0.6716265638708135,0.644770595959056,0.6516665019908008,0.687728119300506,0.6606982300414364,0.6658383688000151,0.6458509584783891,0.675257801870943,0.6577380738461688,0.6610380090251453,0.6616491822573691,0.6735689691406241,0.6600243469415581,0.6383495687118957,0.6876747640667595,0.6716265638708135,0.66208099211579,0.6723860017075555,0.6836422318057616,0.6565703056499328,0.6570612590197736,0.6666657249864911,0.6719365206877737,0.6690440016942703,0.644770595959056,0.6553071313403491,0.6723860017075555,0.669037898788582,0.6769965188265648,0.6683112512511373,0.6727502195763397,0.6612850141022308,0.6608897627643155,0.6653414628470722,0.6705679626770316,0.661544272537983,0.6666412254715874,0.6698064217870754,0.6639469321994691,0.6730596454954518,0.6745198547622164,0.6601418609129848,0.6791753693986243,0.6660161836514248,0.6750340867225827,0.6639469321994691,0.6573966453372431,0.6532175119235168,0.6517604114054876,0.6606982300414364,0.6469548890921618,0.6814905509368927,0.659882066008755,0.6750340867225827,0.687728119300506,0.666175563630711,0.6696844936546579,0.6607847353864873,0.6642481996225652,0.6320254874631878,0.6717116646295279,0.6588852660229662,0.6690440016942703,0.6458509584783891,0.6745682703952152,0.6747074452801941,0.6813947514189551,0.6597954456499039,0.6646230580403101,0.6613344043140033,0.6533924085248306,0.6679812492000484,0.687728119300506,0.6698064217870754,0.6603768279165299,0.6676510830686073,0.6730596454954518,0.6836422318057616,0.6597211908500704,0.6791753693986243,0.6723860017075555,0.6830452741722903,0.6653414628470722,0.6783155443212783,0.6639469321994691,0.6599872330461971
13.0,0.7119363195542965,0.7287641776769754,0.7161229391341034,0.7049135679312312,0.7098143736915228,0.7217245836221209,0.717630060976811,0.7052592271642655,0.7245156095488451,0.7125338467705411,0.7365092188892082,0.7113609699134,0.7210750552289206,0.7325629518172447,0.7211366809339579,0.7009007206984711,0.7071567320369411,0.7348020427519968,0.708338128580696,0.7189757301722688,0.7015327745622697,0.723969676853621,0.7098143736915228,0.7141752657370917,0.7146854746058939,0.7211702920851693,0.7137213641135207,0.6944847794076817,0.7327055702795382,0.7211366809339579,0.7130966613702454,0.7205537657877155,0.7323818812987868,0.7134374927245963,0.7150423496256955,0.7143964122064088,0.7215006938429739,0.7187113545508603,0.7009007206984711,0.7136702776451415,0.7205537657877155,0.719195011324822,0.7253168159355694,0.7201498526277371,0.7254669122361345,0.7099115141274435,0.7107108757918512,0.7192849480649532,0.7235515061744981,0.7132898240086012,0.7170039918819726,0.7210750552289206,0.7175454975587434,0.7213271173401199,0.7252778953838585,0.7124940309230525,0.7271762189702271,0.7187844921581844,0.7232167417418214,0.7175454975587434,0.7080974551145773,0.7070189383022678,0.7053398518379738,0.708338128580696,0.7049135679312312,0.7275085795919789,0.7098372317276742,0.7232167417418214,0.7348020427519968,0.7130739320775257,0.7192062542051041,0.7115148324657589,0.7187057281871834,0.6917344422573035,0.725289015822835,0.7103341712731994,0.7187113545508603,0.7015327745622697,0.7235236168754267,0.7261390621950881,0.7293715743320472,0.718750737521068,0.7163150801528162,0.7136759541444817,0.7059326800315047,0.7170999212968556,0.7348020427519968,0.7210750552289206,0.7137724460241123,0.7201161800307971,0.7213271173401199,0.7323818812987868,0.7145437956386638,0.7271762189702271,0.7205537657877155,0.7310081444315839,0.7192849480649532,0.7230437007508722,0.7175454975587434,0.7136873069743556
14.0,0.7384984777650683,0.7517684627653612,0.7404315586174148,0.7353808091861723,0.7356808633937405,0.7468287055898217,0.7423574680442329,0.731497597895432,0.7506043126646885,0.7381186013638831,0.7571093889751491,0.7425405139697189,0.7435568481828729,0.7567746668567471,0.7476980083894746,0.7273368852303147,0.7338615670328066,0.7585815131707865,0.7334783386883446,0.7441850001866301,0.7310961689266198,0.748438134655214,0.7356808633937405,0.7436427947769295,0.7418079399861144,0.7457814293164982,0.741867230978537,0.7250665642788762,0.7554492120681133,0.7476980083894746,0.739035260814287,0.7479537144518347,0.757297568882582,0.7409177580741495,0.7427611593074795,0.7396797550185805,0.7461503598532245,0.7437018747043997,0.7273368852303147,0.7433150461579103,0.7479537144518347,0.7413279715595406,0.7490974736580205,0.7478684935025742,0.749139981948179,0.7376841192914916,0.7357790259838597,0.7468874172368025,0.7485764548424859,0.7427880608045662,0.7438522292514591,0.7435568481828729,0.7409771511947751,0.7467112618702196,0.7522122379977972,0.7386883125714058,0.751393057413108,0.7429709536784199,0.744056211289736,0.7409771511947751,0.7367215478964573,0.7337302055180406,0.7318767550946197,0.7334783386883446,0.7353808091861723,0.7497081841341338,0.7362913566434477,0.744056211289736,0.7585815131707865,0.7386232341172096,0.7451123946334819,0.7367269911045969,0.7438361219457896,0.7208677187996659,0.7531513067673531,0.7423628526763619,0.7437018747043997,0.7310961689266198,0.7507791087977345,0.7482092908704597,0.7503499543569929,0.7459579077795775,0.7434171542446665,0.7430516210321516,0.7369501141907252,0.741419685358537,0.7585815131707865,0.7435568481828729,0.7436481659607718,0.7465777700399174,0.7467112618702196,0.757297568882582,0.7445872565908274,0.751393057413108,0.7479537144518347,0.753662296002537,0.7468874172368025,0.748879562148766,0.7409771511947751,0.7408907589503786
15.0,0.7557691176350313,0.76737145768082,0.7578094669462339,0.755344279419117,0.7566229200181235,0.7625731839377973,0.760147885914267,0.748890194172976,0.765428226973173,0.7558582343391486,0.7708275760012554,0.7590972615239572,0.7591232947906466,0.7739553094411539,0.7645694095607625,0.7474528350928394,0.7537623246690514,0.7731829692955722,0.7532830556659278,0.7599660114808586,0.7507526284739805,0.7651506972110946,0.7566229200181235,0.7618696668065128,0.7606360075194379,0.762480131133963,0.7611754776095043,0.74631602403686,0.7706447155383354,0.7645694095607625,0.7530353386455435,0.7645797040836164,0.7713199203966082,0.7597736692723996,0.7594720048434989,0.7566804847344375,0.7609110058244051,0.7607449880183501,0.7474528350928394,0.7617402305631117,0.7645797040836164,0.7584199028297134,0.7654950151885316,0.7640698550268215,0.7652946220140818,0.7574856758654139,0.7503976564148923,0.7639874034117948,0.7651147091173975,0.762107737607123,0.7616832674747566,0.7591232947906466,0.7587587010450604,0.7619110789768957,0.7698972784687985,0.7559420940291889,0.7682660001575701,0.760308917134974,0.7587326480842272,0.7587587010450604,0.7542569044903995,0.755601324430046,0.7490602759500105,0.7532830556659278,0.755344279419117,0.7635027092628752,0.7535464479587355,0.7587326480842272,0.7731829692955722,0.7527294739621883,0.7627850694891969,0.755894924726014,0.7583625442266815,0.7413549478943737,0.7728948979616728,0.7607242317412265,0.7607449880183501,0.7507526284739805,0.7641316842849022,0.7655874754799821,0.7661726339580118,0.7635027092628751,0.7597476711738242,0.7617712984688599,0.7572139423712045,0.757866891158899,0.7731829692955722,0.7591232947906466,0.7619421357413855,0.765351151831273,0.7619110789768957,0.7713199203966082,0.7625421683622026,0.7682660001575701,0.7645797040836164,0.7678061649698131,0.7639874034117948,0.7631156286032106,0.7587587010450604,0.7601790574674808
16.0,0.7681842849909841,0.775817615814627,0.7684498066146208,0.7685723037389874,0.771330066256811,0.7710408210394024,0.7707310753999326,0.7602933358317511,0.7740460863897292,0.7677652686734604,0.779673509414753,0.7711118806613435,0.7688172007549192,0.7853135385768283,0.7756116316415557,0.7604439338828316,0.7666392092976817,0.7828933334307536,0.7650478667712778,0.7711778547207969,0.7621956901622651,0.7734052151201316,0.771330066256811,0.7737333334826336,0.7698667450058444,0.7736122097715876,0.772044782125361,0.7574491052189427,0.7801214335843318,0.7756116316415557,0.7662290579332471,0.7749880794864309,0.7786165978659723,0.7721106215894086,0.7731829692955722,0.7674328527674333,0.7707767887431898,0.7724497972570892,0.7604439338828316,0.773869558916366,0.7749880794864309,0.7714517990233218,0.7766857269497722,0.7734506610731847,0.7765754247768686,0.7684702250527746,0.7610562241387582,0.7739704401986351,0.7758879302101664,0.772960614534263,0.7729909420527419,0.7688172007549192,0.7723485772355464,0.7708986687093582,0.7797083643074153,0.7661213335268273,0.780026909768627,0.7713858644646941,0.7689752945096731,0.7723485772355464,0.766193152554954,0.7667570611643473,0.7590347759444664,0.7650478667712778,0.7685723037389874,0.7732233857300437,0.7693371764560596,0.7689752945096731,0.7828933334307536,0.7613413459651421,0.7751943497310085,0.7681689617935832,0.7692454585775619,0.7547667475264135,0.7838462745582702,0.7745198475879213,0.7724497972570892,0.7621956901622651,0.772363761673637,0.776455064073223,0.7748068861609192,0.7728291718796244,0.7737484716676207,0.7758075700006748,0.7678777248230072,0.769459438601156,0.7828933334307536,0.7688172007549192,0.7750132394585147,0.7775471506007717,0.7708986687093582,0.7786165978659723,0.775139018218065,0.780026909768627,0.7749880794864309,0.7782570714798585,0.7739704401986351,0.7741570112351911,0.7723485772355464,0.7697496812988144
17.0,0.7759682760147985,0.7810357712358527,0.77503336642334,0.7770715700857086,0.7809215832114333,0.7763095849802714,0.776660660665544,0.7680361395360361,0.7805838097386578,0.7757724078793693,0.7835699893535427,0.7808768928382749,0.7756267068615513,0.7912974334543955,0.7850627840442402,0.7668953710262609,0.7739956570023911,0.7886722085856063,0.7699379866016743,0.7792201449067531,0.7687865957178196,0.7790905266050593,0.7809215832114333,0.7812640579858163,0.7776271984048733,0.7826906252378332,0.7808917901357486,0.769520557519604,0.7870745127002736,0.7850627840442402,0.7738140646172568,0.782299774443815,0.7855248453454757,0.7781471580130848,0.7800915861528099,0.7752345865548884,0.775918061574973,0.7810059859252876,0.7668953710262609,0.7831058282064249,0.782299774443815,0.778511766135396,0.7822403739800871,0.7813533551726946,0.7827499642558323,0.7776171932171264,0.7674021562369684,0.7807676305161647,0.7825768694717359,0.7816062648635748,0.7813533551726944,0.7756267068615513,0.7790755681994709,0.7787263949684906,0.786766008467092,0.772869619824726,0.785976594117783,0.7786665090159832,0.774575255232798,0.7790755681994709,0.7745651816219685,0.7760988072244612,0.765572066697459,0.7699379866016743,0.7770715700857086,0.7792201449067531,0.7767960018884883,0.774575255232798,0.7886722085856063,0.7674379686589028,0.7807676305161647,0.7758326841135379,0.7745450337250819,0.7649758720713883,0.788345342039154,0.7834811459197382,0.7810059859252876,0.7687865957178196,0.7794643221579973,0.7849004531225796,0.7808470967240652,0.7801662009334578,0.7833132808029935,0.7841075962369318,0.7749427879917343,0.7756669049723716,0.7886722085856063,0.7756267068615513,0.7814674306028803,0.782932875220164,0.7787263949684906,0.7855248453454757,0.7808421305080886,0.785976594117783,0.782299774443815,0.7851463851501721,0.7807676305161647,0.7798577111895393,0.7790755681994709,0.7765954817430799
18.0,0.7786215892341839,0.7866386241565346,0.7795539859935642,0.781050663131504,0.7873534431379947,0.7795838698873865,0.7808222650814933,0.7745903652270247,0.7842505166667192,0.77986766584774,0.7866876226236522,0.7842652988378549,0.7839646284849304,0.7962640988792994,0.7909046957363239,0.7702075870231674,0.777472092701888,0.792826065888069,0.7760385667773653,0.7853528593416761,0.7767559050618364,0.7825125595674348,0.7873534431379947,0.7865945207251308,0.7811300780220927,0.7861139883426819,0.7865749177370689,0.7751993795309349,0.7907251741904113,0.7909046957363239,0.7785117661353957,0.7837130876495833,0.7877006271197773,0.7824432921125807,0.7849102931045944,0.778896027831584,0.7808073654207224,0.7857998795781881,0.7702075870231674,0.7875637433670862,0.7837130876495833,0.7844426453906592,0.788686838492876,0.7843293490608028,0.7864572809023195,0.7829822973927185,0.7736626819233521,0.7849053731417214,0.7874170332494739,0.7838018834798288,0.7858489742652655,0.7839646284849304,0.7821413552011329,0.7827994072479103,0.7908222224296046,0.7745198475879213,0.7890865265275095,0.7823344209724354,0.780613623746404,0.7821413552011329,0.7806334986261887,0.779000768575216,0.7704160374094651,0.7760385667773653,0.781050663131504,0.7830168895655021,0.7815566862632495,0.780613623746404,0.792826065888069,0.7726875757122018,0.7817896567588984,0.7799622238749859,0.7809662690268042,0.771248893073063,0.7906572270309586,0.7915542101748169,0.7857998795781881,0.7767559050618364,0.7830860656395291,0.7876077465271634,0.7822948247146504,0.7868296863581836,0.7852152209093941,0.7874170332494739,0.7782970332609528,0.7808470967240652,0.792826065888069,0.7839646284849304,0.786329804423169,0.7885405166312417,0.7827994072479103,0.7877006271197773,0.7822799751895427,0.7890865265275095,0.7837130876495833,0.7879547227638636,0.7849053731417214,0.7830218310793954,0.7821413552011329,0.7798029565462024
19.0,0.7821611607575311,0.7906232493154619,0.7826906252378332,0.784634688529477,0.7910065520756532,0.7826510613909817,0.784033653307933,0.777917250941506,0.7851463851501721,0.7830267725370195,0.7891352430870255,0.788686838492876,0.7875344053949306,0.7980795984625164,0.7966182806123965,0.7745349594390245,0.7813632759569681,0.7935159737751543,0.781982878339013,0.7894322922495928,0.78276479774428,0.78411252531538,0.7910065520756532,0.7917430581357424,0.784595302042458,0.790958052151719,0.7910065520756532,0.7798427787802206,0.7931494527043855,0.7966182806123965,0.7823294716371538,0.786324900722032,0.7886575781719157,0.7861679525756239,0.7887014678937248,0.7841963110398431,0.7857605997771596,0.7911568660809107,0.7745349594390245,0.794175855239085,0.786324900722032,0.7898410008773207,0.789918805124559,0.7869961835759681,0.7903464709975077,0.7877690524530422,0.7765102334189595,0.7889111003225341,0.7918059884371349,0.7870157672075,0.7910162513852123,0.7875344053949306,0.7864131587333445,0.7860502036530617,0.7929660702903856,0.7780771988998998,0.7944308545348927,0.7889354694340712,0.7839744898491587,0.7864131587333445,0.7853233691056543,0.781943250120446,0.7726673440870693,0.781982878339013,0.784634688529477,0.7863984503308445,0.7839202495605891,0.7839744898491587,0.7935159737751543,0.7786016234237241,0.7866778233803806,0.7870451409667285,0.7875833008898103,0.7764901726264574,0.7959000239337303,0.7962162128499624,0.7911568660809107,0.78276479774428,0.7862513384526985,0.7904727434329744,0.7853233691056543,0.792367099352727,0.7901424120958012,0.7899868720244065,0.7826906252378332,0.7835551833806275,0.7935159737751543,0.7875344053949306,0.7896853491682652,0.7907397328611496,0.7860502036530617,0.7886575781719157,0.7865112018081452,0.7944308545348927,0.786324900722032,0.7927439723407117,0.7889111003225341,0.7870745127002736,0.7864131587333445,0.7830514789811057
20.0,0.7844771209741115,0.7934918705345585,0.783668682897779,0.7878667837976808,0.7928550361986944,0.7866631240934557,0.7862513384526985,0.779080554390936,0.7883551029069795,0.7868982519137524,0.791529992708187,0.7911811052110989,0.7904970222327949,0.8029220244784195,0.8010148217591784,0.77927497196827,0.7855739715431832,0.7967330841913478,0.7864474763697634,0.7946087792233556,0.7858538834244939,0.7844869706343912,0.7928550361986944,0.7950988754196544,0.7880426434988961,0.7932073460596909,0.7934966912952157,0.7855297582184569,0.7950748647415347,0.8010148217591784,0.7872555936284931,0.7923380949430985,0.7887892336639799,0.7885063675766938,0.792980550803507,0.7858980633254447,0.7896756190233039,0.7944068047498302,0.77927497196827,0.7969912737415119,0.7923380949430985,0.7922800800467913,0.7923380949430984,0.7894517635682361,0.7924347684308692,0.7908028145823734,0.7795988110746663,0.7914379535056657,0.7940362604186908,0.7882330758818259,0.7934195523724242,0.7904970222327949,0.7864719872791361,0.7886283158252723,0.7981415639196692,0.7809315137865098,0.7980652973911795,0.7925652419366906,0.7883502225012013,0.7864719872791361,0.7905892688427849,0.78411252531538,0.7749377553220899,0.7864474763697634,0.7878667837976808,0.7872555936284931,0.787588190129819,0.7883502225012013,0.7967330841913478,0.7805589631848058,0.78716750982595,0.7900938120130783,0.7907251741904114,0.7803551683815675,0.7988558620754288,0.7974498722495753,0.7944068047498302,0.7858538834244939,0.7882672469938148,0.7929950308102077,0.789320314695875,0.7962018459439161,0.7929177982558298,0.7924396015144336,0.7851906379757241,0.7860551105052618,0.7967330841913478,0.7904970222327949,0.7925265873965937,0.7946232021733084,0.7886283158252723,0.7887892336639799,0.7898215475647518,0.7980652973911795,0.7923380949430985,0.7943635115917718,0.7914379535056657,0.7896415617434661,0.7864719872791361,0.7875392951976289
21.0,0.7873632268510273,0.7935400756090254,0.7857605997771595,0.7912925870913514,0.794527039607897,0.7897291320352768,0.7897680463129961,0.7813781567113609,0.7920963127529521,0.7869521171132856,0.7927681191897686,0.7921930425097052,0.7927874356561726,0.8057328798477252,0.8050215192704566,0.7812094785078216,0.7877055150093304,0.7981034324560318,0.787822807477908,0.7954396752352407,0.7872409142607881,0.784698683890167,0.794527039607897,0.7980557630622767,0.7900889516953266,0.7955308270759106,0.7966948199329121,0.789636696192699,0.795391692423254,0.8050215192704566,0.790244453953965,0.7922945845304994,0.7935159737751543,0.7912150376300647,0.7953389048310013,0.7886917150160946,0.7933086399342728,0.7980271587251123,0.7812094785078216,0.8022810212861929,0.7922945845304994,0.7958185416363277,0.7927005044674631,0.7923864345004329,0.7924734315238515,0.7909095466008865,0.78361933893911,0.7935593560632807,0.7986559862098679,0.7892959678105859,0.7935111532395731,0.7927874356561726,0.7886283158252723,0.7921108236513241,0.8019648502916319,0.7852643825565603,0.799516648175788,0.7958856458864255,0.7910938377589511,0.7886283158252723,0.7936220113218876,0.7858146085751359,0.7770916047694029,0.787822807477908,0.7912925870913514,0.7887502289057369,0.7905601405288573,0.7910938377589511,0.7981034324560318,0.7810308071580977,0.7897777743197362,0.7926232169945584,0.795847301951111,0.7828142390482885,0.8011236466743544,0.7987321411006965,0.7980271587251123,0.7872409142607881,0.7914476427993459,0.7962976157518309,0.7924396015144334,0.7998679901258852,0.7949211630903306,0.7942720999572106,0.785976594117783,0.7883551029069796,0.7981034324560318,0.7927874356561726,0.7952765107167414,0.7973591491222818,0.7921108236513241,0.7935159737751543,0.791849549998239,0.799516648175788,0.7922945845304994,0.7957274539422976,0.7935593560632807,0.7927826066239749,0.7886283158252723,0.7893300530561078
22.0,0.7899722871885917,0.7953389048310013,0.7865161033710609,0.7945174221134382,0.794041074820953,0.7909338000796651,0.7909774527965204,0.7843736859522142,0.7924879292552818,0.7904241816131596,0.7936798385048697,0.7954348772072524,0.7962401565679931,0.8064989424286975,0.8066529062652246,0.7818887554398073,0.79035618561223,0.7990128377655037,0.7885210032233996,0.7963119792817381,0.7887014678937248,0.7867709071040205,0.794041074820953,0.8008870327902347,0.7907494383602967,0.795060457659435,0.7994643953639434,0.7914573318679503,0.7970629639418036,0.8066529062652246,0.792816408667709,0.7953868938325759,0.7958712673327,0.7933906215626246,0.7968621994764739,0.7906766416304676,0.7951036773864714,0.7989319791535012,0.7818887554398073,0.8039802224768087,0.7953868938325759,0.7968956671136458,0.7940940295320832,0.7938677208900584,0.7911035350428269,0.7919269815197385,0.7853037078229266,0.7957370430771891,0.8017287372014547,0.7923332606778856,0.7952909102025283,0.7962401565679931,0.7909920026892971,0.7934725869292403,0.8036654124601228,0.7866729236743413,0.8011709525704837,0.7987702131442884,0.7917721040718799,0.7909920026892971,0.7975739867695698,0.7871968731191478,0.7787812833069295,0.7885210032233996,0.7945174221134382,0.7902833205155874,0.7916413814070047,0.7917721040718799,0.7990128377655037,0.7833774722048178,0.7931784003948799,0.7965369418008987,0.7961587421872521,0.7832046275363478,0.8018940311351865,0.8013128364974822,0.7989319791535012,0.7887014678937248,0.792975724022069,0.7978364113765539,0.7931301531186763,0.7998917183337138,0.7972206378174111,0.7975405750637663,0.7903561856122299,0.7901229727379397,0.7990128377655037,0.7962401565679931,0.7982511718177342,0.7981701601540997,0.7934725869292403,0.7958712673327,0.7933231084621011,0.8011709525704837,0.7953868938325759,0.7970008331663809,0.7957370430771891,0.7947818211990121,0.7909920026892971,0.7897145382526938
23.0,0.789018313890998,0.7959623229534101,0.7859716863652791,0.7930046838666633,0.7914185742430775,0.78881360980914,0.7907688486833631,0.7835601187612015,0.7924541004275123,0.7911083836003612,0.7909532018498461,0.7945703155476468,0.7968861052129417,0.8057609331990143,0.8058497554475471,0.7823096737333372,0.7884770947640194,0.7980938990274326,0.7878716697740884,0.7948490956065124,0.7848414085038959,0.7869178400468029,0.7914185742430775,0.8011662222340814,0.7899042179254471,0.7911520180860664,0.7978841066540409,0.7907203211876275,0.7944116148193805,0.8058497554475471,0.7938291878909634,0.7941902933816628,0.7951901031671815,0.7947385675417794,0.7959719065739415,0.7907639961869999,0.7930625974788024,0.7967330841913478,0.7823096737333372,0.7997730632273254,0.7941902933816628,0.7951757001364488,0.7928357228833535,0.7911471700349528,0.7883209388848825,0.7928550361986945,0.7845214426728977,0.7948106544383965,0.799592640111644,0.7920527770193111,0.7950124303949523,0.7968861052129417,0.789451763568236,0.7927874356561725,0.8046419079805817,0.7845066692797232,0.7998442605113321,0.7985940997543666,0.7901132527213952,0.789451763568236,0.7976551180047916,0.7848512498363663,0.7772718764089841,0.7878716697740884,0.7930046838666633,0.7900792308910162,0.7910889890326098,0.7901132527213952,0.7980938990274326,0.7842702261156957,0.791646223718682,0.7956075707653704,0.796924351465303,0.7813087088581493,0.8002522138967793,0.7971824194744652,0.7967330841913478,0.7848414085038959,0.7911083836003612,0.7982368768234473,0.7930963766773295,0.7991982754884865,0.7970916364769742,0.7957274539422976,0.7894614988899438,0.7888769812030848,0.7980938990274326,0.7968861052129417,0.797230191840458,0.7977362329782777,0.7927874356561725,0.7951901031671815,0.7923284263564035,0.7998442605113321,0.7941902933816628,0.7946808889089106,0.7948106544383965,0.7928067512222728,0.789451763568236,0.7903076102878593
24.0,0.7892423997112793,0.796556081807774,0.7864719872791361,0.7922655750566623,0.7903853281059411,0.786766008467092,0.7900209013385601,0.78248287486581,0.7907106150132527,0.7927101643887347,0.7904824551217096,0.7943009689836675,0.7949788079618099,0.80474036117186,0.803359758363434,0.7838561386234095,0.7872996286930835,0.7966182806123965,0.7862268148828049,0.7936027337936195,0.7843539812298322,0.7866092223753529,0.7903853281059411,0.7998015436601907,0.7889159742573795,0.7886380701658962,0.7982892893266638,0.7884722157649656,0.7935400756090254,0.803359758363434,0.7929081431736908,0.7938340047127918,0.79544927112241,0.7948827286744926,0.7912780476646052,0.791365276628769,0.7943105915423346,0.7963407048222904,0.7838561386234095,0.798684545981998,0.7938340047127918,0.797010392366174,0.7915542101748169,0.7886575781719157,0.7891206287099951,0.7926666929705403,0.7846740714152811,0.7940940295320831,0.7991745062043009,0.7920092367278823,0.7944693312650055,0.7949788079618099,0.7889647105110393,0.7944116148193806,0.8031338919674759,0.7829081620237999,0.7961204239105937,0.7972731821588533,0.7900500671276298,0.7889647105110393,0.7966182806123963,0.7832935276892867,0.7779772381781814,0.7862268148828049,0.7922655750566623,0.7898993554132051,0.79040961196997,0.7900500671276298,0.7966182806123965,0.7840780205845949,0.7887746073016562,0.7967904738267234,0.794579931804188,0.7798228681133634,0.8005697496392377,0.7966948199329121,0.7963407048222904,0.7843539812298322,0.7905164442598096,0.7978936450343106,0.7922462342820582,0.7974021257673143,0.7960150300810183,0.7951180829493085,0.7896415617434662,0.7885405166312417,0.7966182806123965,0.7949788079618099,0.7983893306536993,0.7967617800218774,0.7944116148193806,0.79544927112241,0.7937569288112604,0.7961204239105937,0.7938340047127918,0.7948298754726064,0.7940940295320831,0.7936027337936195,0.7889647105110393,0.7886624550327481
25.0,0.7891449857237011,0.7959623229534101,0.7875930793135585,0.7895345066284566,0.7886673318373119,0.7874317065401288,0.79235743144126,0.7807924652535305,0.7918108288356668,0.7940121875633457,0.7910356493291025,0.7940699600528769,0.7927391428020933,0.8038721818387081,0.8038017045163304,0.7843539812298322,0.787783713589597,0.7969817140915669,0.785677118242815,0.791902785716667,0.7858686105645651,0.7874317065401288,0.7886673318373119,0.7999676391455759,0.7886917150160946,0.7896318305856632,0.7949595939049539,0.7892326593253631,0.7942191681475562,0.8038017045163304,0.7903464709975077,0.7944356643230981,0.7948010435836776,0.7960916828398024,0.790666934443251,0.7925507469061717,0.7955835899098113,0.7939351449730518,0.7843539812298322,0.7985417268645134,0.7944356643230981,0.7967952559305895,0.7920043986363787,0.7882574841003058,0.79063295751552,0.7937183854586726,0.7851070454789463,0.7938051029377869,0.7998584984488708,0.7915929551954373,0.7946568537537836,0.7927391428020933,0.789393346911395,0.7963742153926958,0.8030020766996365,0.7802159370869337,0.7968813241781862,0.7996401277565861,0.7917478992657709,0.789393346911395,0.7994406418350728,0.7829674713317765,0.7784868025420604,0.785677118242815,0.7895345066284566,0.7901861473592534,0.7905018778239521,0.7917478992657709,0.7969817140915669,0.7845854548580133,0.7896561580581534,0.7960294035705353,0.7957082749972865,0.7773219389225573,0.8021064506229594,0.7965465119168743,0.7939351449730518,0.7858686105645651,0.7915929551954375,0.7991174541828194,0.7920189127420826,0.7973734751770467,0.7957945731599447,0.7950460500709144,0.7890962702895645,0.7868149923042742,0.7969817140915669,0.7927391428020933,0.7994311400296418,0.7975835324648071,0.7963742153926958,0.7948010435836776,0.7938966182760827,0.7968813241781862,0.7944356643230981,0.7934388384535778,0.7938051029377869,0.7926908443211158,0.789393346911395,0.7893154454313551
26.0,0.7887648561120955,0.7965847901300175,0.7884136633873393,0.7910017023364702,0.7884575784301905,0.7888282348210081,0.7919608532807415,0.7823641158024772,0.792149516904481,0.792647370877238,0.7916123263552921,0.7961156338728008,0.792086638539359,0.8023942151220982,0.8027430254181427,0.7864817912490023,0.7875295155359631,0.7974689692669481,0.7860256685480267,0.7910695935645549,0.7868296863581836,0.7872996286930835,0.7884575784301905,0.7989843012887322,0.7893982152756114,0.7872555936284933,0.7970964150358947,0.7888379845475753,0.7938532714374152,0.8027430254181427,0.7930288155230952,0.7942143558272462,0.794325024958318,0.7945222308888021,0.7912586609745114,0.7936605636775127,0.7952381096121407,0.7921785344810514,0.7864817912490023,0.7988701351248124,0.7942143558272462,0.7960006560850801,0.7918543898903498,0.789495570743448,0.7894663664663941,0.7949019463325634,0.7870059755042719,0.7954540689815914,0.8005886990068009,0.7950220362980006,0.7940988432591176,0.792086638539359,0.7881403118222743,0.7974880653840173,0.8023942151220983,0.7811598548923104,0.795281310601606,0.8010810665568401,0.7912877406720383,0.7881403118222743,0.7983607499495077,0.7823393702514483,0.7791054845042269,0.7860256685480267,0.7910017023364702,0.7916607503161001,0.7916752764070975,0.7912877406720383,0.7974689692669481,0.7850578658257057,0.791965691878666,0.7964508006287012,0.7966948199329121,0.7792051908901452,0.803133891967476,0.7979317963046296,0.7921785344810514,0.7868296863581836,0.7946953093267591,0.7983369311486177,0.7914815535547537,0.7971824194744652,0.7946232021733084,0.7936750198824337,0.7903367561577096,0.788833109712426,0.7974689692669481,0.792086638539359,0.8002000570235493,0.7989652758455048,0.7974880653840173,0.794325024958318,0.7934436598331935,0.795281310601606,0.7942143558272462,0.7956459372082778,0.7954540689815914,0.7943971844419223,0.7881403118222743,0.7889013522840364
27.0,0.7904727434329744,0.7961635317186242,0.786187574244988,0.7934725869292404,0.7874219244026278,0.7881305460027782,0.793120502988208,0.7839843509883108,0.7945414654275678,0.7956651190792758,0.7926280478836323,0.7961060536284084,0.7914379535056657,0.805133925790761,0.8017570781997815,0.7889890765277825,0.7878814415580967,0.7976932917827038,0.7900889516953266,0.7913991940801857,0.7867023210665424,0.7881354289406607,0.7874121420400509,0.7993313574836559,0.7913216644255809,0.7867709071040206,0.7965034446225111,0.7893738728918407,0.7919995604886059,0.8017570781997815,0.7941036569298828,0.7961395834990747,0.7962688871727537,0.7964364419941954,0.7939881133012758,0.7945029954497327,0.7971250852077683,0.7946616608973469,0.788896478180384,0.8005318482032,0.7961539525996113,0.795391692423254,0.7912683544320963,0.789417688169786,0.790331898653407,0.7979985523622649,0.7881061304693305,0.7969004479795945,0.8013884872182291,0.7947529859339444,0.7951660978346151,0.7913458939900418,0.7892034368171592,0.7987844892321974,0.8030020766996365,0.7823987572106205,0.7950892713172134,0.8048434759951134,0.7915057738348326,0.7892034368171592,0.8003280662855589,0.7834515273904364,0.7787263949684906,0.7900743704044577,0.7934725869292404,0.7937665640867176,0.794728954998991,0.7915057738348326,0.7976932917827038,0.7874170332494739,0.793038467791785,0.7993408616523843,0.7982035198673636,0.7812541349507838,0.8040365796888964,0.7979985523622648,0.7946856957711292,0.7867023210665424,0.7971489754702659,0.7986893057470784,0.7933038169791256,0.7964795163784505,0.7970247307438462,0.7944404740550348,0.792367099352727,0.7892813590041845,0.7977171485651569,0.7914379535056657,0.8009674972942848,0.7995071481709644,0.7988320725344095,0.7961300038173721,0.7937713816400426,0.7950988754196543,0.7961635317186242,0.7956938901977039,0.7968908861914281,0.7931687513897911,0.7891401144334979,0.7898410008773207
28.0,0.7900403454230158,0.7960006560850801,0.7867023210665423,0.793954406971081,0.7881647253863076,0.7904824551217093,0.791902785716667,0.7812392499762172,0.7946039714608335,0.7950124303949523,0.7906717880649938,0.7942913461999244,0.7913507397341272,0.8040365796888966,0.8001146947266051,0.7858980633254447,0.7884917314235671,0.7976694335935262,0.7904533193802763,0.791239273384114,0.7885356383636846,0.7881500774166945,0.7880963638620688,0.7982464068759076,0.7929371077448797,0.786197384742056,0.7954396752352407,0.7879156410296526,0.7929564163336262,0.80017634710314,0.7926328787164371,0.798317875095064,0.7972779585795524,0.7971776419283865,0.7945414654275678,0.7936364688772642,0.7968765430871615,0.7937232035746874,0.7849496507818945,0.8012466303003423,0.7974689692669482,0.7940218168742907,0.7919511759160855,0.7893154454313551,0.789383610014156,0.7982035198673636,0.788194019806271,0.796924351465303,0.8005223722815008,0.7932941709000236,0.7924975941282237,0.7914815535547537,0.7876859631135045,0.7982511718177342,0.8022196944257207,0.7814674306028803,0.7960198213004595,0.8053024748007171,0.7898507271959911,0.7873534431379947,0.7998062902020603,0.7823888599467815,0.7780422152075371,0.7903853281059411,0.7939014343101453,0.7931494527043855,0.7939929282662278,0.7899285296426223,0.7976503460293423,0.7877690524530423,0.7945751237040518,0.7968908861914282,0.799592640111644,0.780220910392802,0.804022491145506,0.7969960534820808,0.7941132841026066,0.7884917314235671,0.7958089544145814,0.8002190239470351,0.7931398030240688,0.7955931824208418,0.7944549029132306,0.7943442687251968,0.7924396015144334,0.7901569910233727,0.7977553164910949,0.7910453479634338,0.8000340580394689,0.7987940063427915,0.7980700644712274,0.7973448225610955,0.7936123726702914,0.7960485674354592,0.7982225813227397,0.7949451827714876,0.7972206378174113,0.7917285344080424,0.7872751653310008,0.786741514438414
29.0,0.79082707425074,0.7972875112521436,0.785677118242815,0.7935545360341203,0.7875344053949306,0.7907737011234571,0.7919124642067025,0.7813533551726946,0.7962928277959904,0.7956411415998559,0.7891693413306825,0.7927198240849301,0.7923429291520424,0.8035337752273436,0.8005223722815009,0.7875441849440583,0.790608686593357,0.7993598693146133,0.7911132321016265,0.7918979463872456,0.788833109712426,0.7887941090055497,0.78773972866067,0.7960437765536317,0.7909435010772935,0.7855887083052503,0.7949595939049541,0.7856280038615938,0.7945462739215867,0.7999154451348176,0.7945751237040517,0.7992838332638753,0.796407723205921,0.799331357483656,0.7945078043939036,0.7942720999572106,0.7976217129949971,0.794118097604565,0.7871185665024351,0.8015397454451446,0.7981224986380021,0.7937424754760573,0.7914815535547537,0.7906183951310293,0.7903756141664467,0.7973686998817273,0.7877299536130608,0.7977696285348832,0.7997160962845453,0.793077074615785,0.7910017023364702,0.7918979463872456,0.7860354827588476,0.7966134964265777,0.8014310344183889,0.780275613043599,0.7964172963604218,0.8056393540468254,0.789393346911395,0.7860551105052617,0.8007118479510587,0.78215125809187,0.7795141376507382,0.7913119722059136,0.7936750198824338,0.7921350073565645,0.7941132841026066,0.7891595992566968,0.7995878910376704,0.7876908511718643,0.7946472392978498,0.7991412268431437,0.8002616962331426,0.7791603258017966,0.8037265147510867,0.7964172963604217,0.7942865347236495,0.7886624550327483,0.7963167670125026,0.8003185855247272,0.7939592223299157,0.7950892713172135,0.7944789498848439,0.794175855239085,0.7914379535056658,0.7920189127420826,0.7998537525259602,0.7916171690045833,0.8000388018241583,0.7987035847047053,0.7961395834990748,0.7959144014746141,0.7925604103161199,0.7961539525996113,0.7992600690438981,0.7939447760846045,0.7979699439737338,0.7908998448154922,0.786329804423169,0.785485540335943
30.0,0.7914331087744222,0.7965465119168744,0.7862464338512578,0.7937665640867175,0.7874757233735689,0.7905212996258908,0.7907785535072824,0.7806732456848463,0.7973543736581553,0.7955500143487313,0.7894225562526573,0.7928888323341852,0.7936846570710364,0.8053211979669712,0.7997350861657758,0.7885502729975488,0.7926135550476036,0.7996021380907841,0.7930239893043469,0.7922268926071501,0.7904678875042032,0.7895977697608795,0.7877543908100664,0.7965512968904588,0.7907300271369264,0.7853970908975527,0.7959191938757042,0.784541139742698,0.7946087792233558,0.7993361095961546,0.7970677428383379,0.7995213980937965,0.7978984141400418,0.8011283775171777,0.794786626879582,0.7955068417188329,0.7996116358448486,0.79408921574878,0.7877348411649998,0.8012466303003423,0.7987606954710045,0.7933182856757607,0.794325024958318,0.7913604310534907,0.79170916865001,0.7973925757956345,0.7881158968515166,0.7960868924643958,0.7996258820539278,0.7938773535771425,0.7916559081732297,0.7923235919786529,0.785618180310122,0.7956795048917003,0.7999961057362712,0.7811896297368448,0.7972684056818855,0.8066808931065768,0.7888087346926457,0.786462183084194,0.8008870327902344,0.7812789421163482,0.7814971845153533,0.7921640259459766,0.7941132841026066,0.7915009298913548,0.7941566035945485,0.7888672323768212,0.7991459812064018,0.7876712986008108,0.7965847901300176,0.7994833971741979,0.8015066626315429,0.7796486113747819,0.8037547126011226,0.7974307743318987,0.793906250287939,0.7902347367508694,0.7963885762216919,0.7987416594492084,0.793641287949852,0.7953724977229278,0.7944837591103596,0.795847301951111,0.7921350073565645,0.7936316497484076,0.8004749892968659,0.7930046838666635,0.8014026701247032,0.7994596447707072,0.7955356239785192,0.7976169406256648,0.7915542101748168,0.7974116755139184,0.7998727358799889,0.7937039307730138,0.7960246124636319,0.7905747049390315,0.7859422386686079,0.7858637015741436
31.0,0.7923235919786529,0.7972922875040357,0.785618180310122,0.79408921574878,0.7881696079303072,0.7920672894369455,0.7913749676105187,0.7803054479834066,0.7986274244120543,0.7954492711224104,0.7894079518352365,0.7933327538659751,0.7940747740612562,0.8056300002288177,0.7995736434781355,0.7901861473592534,0.7941084705443792,0.7996258820539277,0.7935207942544665,0.7920285885312071,0.7907737011234571,0.7931253280815765,0.788779482812033,0.7973209438337394,0.7913846583671924,0.7854806269565411,0.7952813106016061,0.7861532357327765,0.794632817191932,0.7992743277446914,0.7984036202461638,0.8024319391983035,0.79851791875473,0.8025780859789993,0.795617162713711,0.7976455739976239,0.8016248028767428,0.7944404740550349,0.7898458640647903,0.8026205055611071,0.800740261536373,0.795588386193461,0.7959000239337303,0.7932652313122628,0.7930239893043468,0.7976837486758396,0.7888916040204627,0.7970390686150977,0.8002664373169206,0.794613586929609,0.7929322804570208,0.7922075500319383,0.7870989875974975,0.7958760602402107,0.8008965000465105,0.7840385832304158,0.7988463464278279,0.8064522746228275,0.7901569910233727,0.7886770852776319,0.8006834323400612,0.7810605907805934,0.7849152130111983,0.7932218181324651,0.7933182856757607,0.7912732010764851,0.7948154597813523,0.7887356011929574,0.7990794150003129,0.7892521398721195,0.7974976131049378,0.8014641235341168,0.8011662222340812,0.7815963495936615,0.8040600594691681,0.7973257196917487,0.7941951059833177,0.7915735831352789,0.7968430738744581,0.7999201903262314,0.7959527391078027,0.7958808530914525,0.7945029954497328,0.7968478553593655,0.7921495169044811,0.7953437039843692,0.8001146947266051,0.7934822288444374,0.802931443230833,0.8012229825571584,0.7959958646405627,0.7982749956828327,0.7919995604886059,0.7989367359925943,0.8026723455274285,0.7941854807237392,0.7965991435315081,0.7904824551217096,0.7874610516021765,0.787069617552022
32.0,0.7898799048015472,0.7969864939446739,0.7839399740896529,0.7923235919786529,0.7872311277343064,0.7905844142644695,0.7890865265275095,0.7773419623524552,0.7970916364769742,0.7925410832711475,0.788277009662248,0.7929515892708432,0.7924057687478352,0.8038533891239918,0.797440323403275,0.7887160967881526,0.7926232169945583,0.7971107503750419,0.7911083836003612,0.7900840913213061,0.7882574841003056,0.7926135550476036,0.7874610516021763,0.7963981498263444,0.7892180483244715,0.7823740136290058,0.794041074820953,0.7842751533372674,0.7918640695057653,0.7967187355164519,0.7961778999751259,0.8015539229497965,0.7954588667845038,0.8017806941509902,0.7930819002155748,0.7964747305608313,0.8004086436651877,0.7919608532807415,0.7878618977650041,0.800527110270485,0.7987702131442885,0.7929467621517909,0.7940121875633456,0.7920914756742902,0.7918108288356669,0.7964508006287012,0.7873779019985586,0.7960773115447756,0.7973639245301389,0.7925555786392803,0.7913991940801857,0.7896950790881506,0.7863641287555968,0.7939929282662277,0.797912721119622,0.7816558378370019,0.7975453483334023,0.8048903373662822,0.7874072507743588,0.7878667837976808,0.7975978505856456,0.7788561200687126,0.7838709342991012,0.79170916865001,0.7906814951396725,0.7906378115311457,0.7924396015144334,0.7853282842856636,0.7979031831895043,0.7858293370656624,0.7947001160201705,0.8002000570235493,0.7987940063427916,0.7786814812637414,0.8025309477644373,0.796412509811306,0.7914379535056657,0.7895296398397719,0.7963263423052246,0.7967283013559848,0.7949980211183624,0.7948587053358518,0.7895345066284566,0.794151790542742,0.790059788607168,0.7940458891669461,0.7979079521826975,0.792202714247463,0.7999296805402523,0.7987892478156289,0.7944789498848439,0.7954588667845038,0.7899382539356096,0.7973925757956344,0.8013932149099894,0.7925845678562835,0.7956363459351649,0.7888136098091398,0.7858980633254445,0.7846839165740426
33.0,0.7898264109772974,0.7962210017061065,0.7824234993855104,0.7901083926287193,0.7857655099492297,0.7898264109772974,0.787656633581696,0.7761690775051184,0.7963311298671822,0.7926860141635387,0.7869570136119929,0.7906135408903275,0.7909774527965204,0.8035290730817013,0.7962353679369251,0.7872213409827489,0.7921688621806038,0.7950748647415347,0.7890426768129469,0.7896999439636899,0.7878032609839043,0.791931820511546,0.7865161033710609,0.7946280097107546,0.7880084542682947,0.7806533726056692,0.792599061705154,0.7821809654136258,0.789733996516933,0.7957370430771892,0.7954540689815914,0.7995166481757882,0.7918350299842917,0.8006834323400613,0.7916268541343588,0.794584739848055,0.8000008499711125,0.7909192481612048,0.786315093150951,0.7992220433659475,0.7967043863351351,0.7904921665853686,0.7924975941282235,0.7920672894369455,0.7899674254641154,0.7947241486431935,0.786310189281007,0.7942143558272462,0.7954204827856738,0.7900986722745609,0.7898118205708534,0.7878130343434441,0.7858587925274532,0.7914427981806402,0.795828128632998,0.7803700834037707,0.7955356239785193,0.8038768798767149,0.7864572809023195,0.7879498377440286,0.7960485674354592,0.7770164700633582,0.7816954921643768,0.7899382539356095,0.7878032609839044,0.7894663664663941,0.7898653162519796,0.7830613611648573,0.7960341946211698,0.7836933527670269,0.793298993967709,0.7988511042797628,0.7964172963604218,0.7774170421962421,0.8001526357760063,0.7957226592904483,0.7901618505533585,0.7886673318373117,0.7933520439984953,0.794632817191932,0.7926811839496924,0.7932411134417318,0.788369743786701,0.7926763536795773,0.7897388609423205,0.7919027857166668,0.7967426496932669,0.7903707571122959,0.798575055854913,0.7965178008937197,0.7907882581061259,0.7917914669039251,0.7871430388675548,0.7954300791229953,0.799435890960492,0.7908513325123819,0.7938340047127918,0.7864082559887802,0.7856230921139924,0.7820769809251161
34.0,0.7891401144334979,0.7967665624633575,0.7817054051835307,0.7896804841239191,0.7849201328615332,0.7878960988120918,0.786942323947064,0.7737232410779642,0.7954588667845037,0.7920285885312071,0.7860551105052617,0.7883648635497295,0.7900938120130783,0.8017665247490722,0.7948923376160659,0.7858538834244939,0.7914863977233074,0.7940507034566703,0.7877104028426145,0.7876175243882219,0.7874072507743589,0.7908222224296045,0.7861630470176104,0.7927101643887345,0.7861090821657095,0.7792849397934127,0.7917478992657712,0.7810556269841833,0.7875001752005101,0.7952477102259048,0.7956075707653704,0.7984417233502341,0.7911762574975991,0.7996828618260361,0.789855590270923,0.7932555843328573,0.7983607499495077,0.788828234821008,0.784856170418198,0.7974069006687508,0.7955452176149294,0.7898215475647516,0.7922317281102804,0.7910550463726892,0.7899965949669381,0.7929660702903856,0.7844820458323859,0.7933375764835088,0.7943971844419223,0.7873632268510273,0.7886722085856063,0.7869570136119929,0.785490453659076,0.7897583180811802,0.7941662295293547,0.7802457760781081,0.7946376246168402,0.8005365860796463,0.783836410268055,0.7877788266003477,0.7935497159486908,0.7758226386371998,0.7815963495936615,0.7887941090055499,0.785431490067727,0.7876224132343476,0.7893982152756114,0.7803651117859718,0.7954828549550306,0.7832145062314226,0.7922172214320822,0.7979413335595196,0.7947962380719147,0.7752748197775535,0.7991222088274222,0.7956986851871669,0.7886478242814438,0.7882233122005511,0.7924830967344073,0.7931880491748928,0.7897534538808688,0.7916510659740903,0.7871087771625043,0.7902298780649183,0.7882330758818259,0.7905892688427849,0.7954348772072524,0.7892472698198338,0.7976980632517323,0.795353302122298,0.7886136838923193,0.7911520180860662,0.7879840317012243,0.7939062502879389,0.7980414611469049,0.7888477340490665,0.7927826066239749,0.7850873742928779,0.7850775383622298,0.7810208788337807
35.0,0.7887941090055499,0.7960916828398024,0.780171174802016,0.790598977830609,0.7845115938003837,0.7873583350226454,0.7856672958167227,0.7710052870926616,0.7943827535580432,0.791578426234722,0.7852643825565602,0.7858637015741436,0.7891449857237011,0.8007213193712395,0.793983298280055,0.7847872771520761,0.7916801183248918,0.7934870497176325,0.786535709060034,0.7873094136440336,0.7859569627701539,0.7899965949669381,0.7860894568951307,0.7910744425159719,0.7852496346532347,0.7778272548938674,0.7908222224296046,0.7804396801447094,0.7869472205583093,0.794450093350101,0.7944549029132306,0.7976837486758397,0.7905552856129279,0.7990271052442582,0.788467336709643,0.791902785716667,0.7969769341821911,0.7881012471938342,0.7834169698793461,0.7972492992113234,0.7950892713172135,0.7887989842908508,0.7912635077314383,0.7908125186185271,0.789836137633582,0.7920769641006903,0.7842702261156957,0.7921011497753451,0.793284524595846,0.7860403897798547,0.7873681186231399,0.7858293370656624,0.7846396115871439,0.7900938120130784,0.7935689959527943,0.7781921259048639,0.7944789498848439,0.7994216379991348,0.7822304731150334,0.7873045211966929,0.7921108236513241,0.7741418867235669,0.7814773487987805,0.7874365975244759,0.7850234367204327,0.7862022899061866,0.7882574841003058,0.7785866484750545,0.7951180829493085,0.7829872393004945,0.7919269815197384,0.7972492992113234,0.7945126132818056,0.7745702184555178,0.7976646617868836,0.7940025580273247,0.7884380611960575,0.7862219100000192,0.7911908004692911,0.7918737488961046,0.789115757138447,0.7906863485926082,0.7863445151889664,0.7892375295464558,0.7872849508446409,0.7907979624798932,0.7947385675417794,0.7885453948425296,0.7964316556701554,0.7966900366473972,0.7888379845475753,0.7907834058348386,0.7875441849440583,0.7944116148193806,0.7969004479795945,0.7882330758818259,0.7914088842741696,0.7836588145561971,0.7834515273904366,0.7794294479650743
36.0,0.7865896200625189,0.7948827286744924,0.7780921910668777,0.7897145382526938,0.7827202957596743,0.7854953669259402,0.7831502906902048,0.7675402746718042,0.7923284263564035,0.7898847675388653,0.7821908674040592,0.784147027288985,0.7875001752005101,0.797936564960209,0.7915154615529814,0.7830712431235329,0.7905067333588403,0.7926473708772381,0.7834860821443469,0.7846839165740425,0.783258957573944,0.7889647105110393,0.7838216134107148,0.7884283022413773,0.7832885892701875,0.7752496744354054,0.7889257219582634,0.7800866113839483,0.7844327947175377,0.7921350073565645,0.7944356643230981,0.7952717107756078,0.7881891375436162,0.7978221016960627,0.7857949698000011,0.7898604532895859,0.794041074820953,0.7869570136119929,0.7810854089186094,0.7955356239785192,0.7928888323341852,0.785731137563091,0.7884526992060606,0.7878863273656973,0.7889111003225341,0.7884868525933202,0.7815913918743015,0.7907106150132526,0.7913749676105187,0.7835403769012913,0.7850972099984502,0.7839449050812463,0.7821364036713608,0.7881110136885581,0.7910259504696953,0.7757874776975426,0.7920334263413658,0.797072521678603,0.7802457760781083,0.7850480292198296,0.7890475492285299,0.7706650369687635,0.7802159370869338,0.7839843509883107,0.7831947486161973,0.784294861660864,0.7856378271879899,0.7767458802924836,0.794589547835653,0.7821066933110802,0.7900938120130784,0.7950508526566903,0.7921301707280545,0.7721561971861968,0.7945462739215867,0.7915348363140509,0.7856132684499825,0.7848020409232548,0.7893738728918407,0.7902347367508695,0.7878472393293604,0.7877299536130606,0.7836884189057153,0.7860747373513721,0.7859471467587256,0.7891401144334977,0.7927391428020932,0.7870745127002735,0.7950748647415347,0.7955116389027865,0.7871087771625043,0.7884917314235671,0.785819518128247,0.7928067512222727,0.7951132811512984,0.7862807648796943,0.7895491066568966,0.7818491186683549,0.7807874984185954,0.7780272213524897
37.0,0.7845214426728978,0.7930722489597264,0.7762493728927424,0.7882233122005511,0.7804744743794086,0.7830811248571328,0.7809861279261976,0.7647032208019428,0.7900938120130784,0.7891255002252742,0.7811151888273524,0.7813979969294523,0.7860158541121298,0.7953629000351509,0.7889939495623242,0.7803203646936793,0.7889988225405968,0.7900354844863053,0.7813434341633452,0.7821710631981164,0.7805589631848057,0.7882281940693229,0.7822403739800872,0.7874708328393738,0.7812194025556961,0.7729757785467127,0.7874855042731523,0.7771817497047686,0.7816954921643768,0.7900792308910163,0.7924299352910361,0.7936461069661707,0.7868492776422972,0.795828128632998,0.7824432921125808,0.7876224132343477,0.7920479394342281,0.7845756074484928,0.778541720590522,0.7936461069661704,0.7920672894369455,0.7843047154850487,0.7859373305222214,0.785569059176623,0.7867170190030115,0.7872311277343064,0.7788012410146559,0.7890670383281716,0.7896561580581534,0.7811896297368449,0.783199688104407,0.7818045229958936,0.7803104202764333,0.7857065841706367,0.7891644703218241,0.77396035308325,0.79002090133856,0.7953389048310012,0.7784967881482017,0.783890661078924,0.7871675098259499,0.7686845642975519,0.7790107425899468,0.7821710631981164,0.78215125809187,0.7822601750349667,0.7829971229472397,0.7751339877429106,0.7927777775355085,0.7811499294939804,0.7892570098681362,0.7934195523724242,0.7903998985931654,0.7695867605375465,0.7929708971843616,0.7907300271369265,0.7833577220170982,0.7824432921125806,0.7880572951822618,0.789325183904126,0.7862660519194068,0.785200471317999,0.7815071020360258,0.7837032203208429,0.7839103869584434,0.7882233122005511,0.7905892688427849,0.7855837961074968,0.7928405512965921,0.7939206978837059,0.7850677022065058,0.7871870855798243,0.7843392020972214,0.7914863977233074,0.7936894755809343,0.7843736859522141,0.7876028575122308,0.7807427943720742,0.7793796229066063,0.7756468063671133
38.0,0.7823344209724354,0.7915542101748168,0.7746155474253567,0.7856525617555669,0.7791403842995369,0.7820076441468754,0.7799871041902275,0.7633375935611448,0.7887404771534863,0.7873143060351052,0.7801264079593105,0.7791902363671165,0.7846888390690197,0.7942095434506676,0.7868394821127784,0.7789109923142225,0.7872311277343064,0.7889062263314197,0.780016958711641,0.7789558827236129,0.7794145010383582,0.7854953669259401,0.7801363565404613,0.7854265760693662,0.7794294479650743,0.7707310753999327,0.785308623228012,0.7744996976653512,0.779648611374782,0.7879693774857544,0.7908949938383917,0.7915735831352789,0.7853725183736444,0.7941277244396748,0.7804247674858036,0.786241529193548,0.790278462392326,0.7823146232936948,0.7766305792675938,0.7908416293765321,0.7905844142644695,0.7827153508133734,0.7839005241312218,0.7835699893535428,0.7839202495605891,0.7837673539344224,0.7766556472398914,0.7873289828707061,0.7873191983699078,0.7795490051476525,0.7798427787802206,0.7807427943720742,0.7785666810890632,0.7839695591951789,0.7864719872791361,0.772044782125361,0.788711220546279,0.793400265390967,0.7759331264977449,0.7819135265932231,0.7837969508564347,0.7675811907748387,0.7785267436161694,0.7797332589712472,0.7794593402992439,0.7795241000740587,0.7811648175070719,0.7725459354298967,0.7922607399474149,0.7786714998215049,0.7873485511970748,0.7920914756742901,0.7884966101975449,0.7665982103667053,0.7911520180860664,0.7877543908100664,0.7810059859252876,0.7809861279261976,0.786614122812889,0.787832580387296,0.7859864094539836,0.7845706836593291,0.780275613043599,0.7809116524112811,0.7813583155929659,0.7868443799056721,0.7897875021014004,0.7847872771520761,0.7918447100498587,0.7935545360341203,0.7835699893535427,0.7858342464499666,0.781407916700884,0.7894858362095061,0.7925410832711474,0.7830613611648573,0.786917840046803,0.7778372553550198,0.7771717345011426,0.7746759789619166
39.0,0.7803651117859719,0.7911956480139839,0.7737181947912257,0.7845706836593291,0.7784818096545862,0.7792400828077976,0.7796535910953142,0.7617195175005664,0.7871821917257593,0.7866043218815479,0.777296908369133,0.7782720575697862,0.7834268437352881,0.792826065888069,0.7856280038615938,0.7766255655043274,0.7864033531879467,0.7872507005621938,0.7781471580130846,0.7764450325515921,0.7764450325515921,0.7841913829179675,0.7784019158024204,0.7846248422453361,0.778896027831584,0.7687406843640137,0.7840237932941604,0.773965396669077,0.7779222501873749,0.7867513122186922,0.7890231865879257,0.7904338944272744,0.7838906610789241,0.79235743144126,0.7782820480150598,0.78563782718799,0.788862357879286,0.7807477617134303,0.7744996976653512,0.7901618505533585,0.7892326593253632,0.7802109637247966,0.7826164400708653,0.7805142358429258,0.7825620295686243,0.7824284476516813,0.7745248849278912,0.7854265760693662,0.7855150194307065,0.777542147134729,0.7777622464101507,0.7789409197602369,0.7765653959561492,0.7825372952713918,0.7849644089824438,0.7699786911333355,0.7869227369393932,0.7913410481896876,0.7737535176167449,0.7795838698873865,0.7813880769329444,0.7650478667712778,0.7777972521599545,0.7777822500333669,0.7777572453636742,0.7786565272361328,0.7791952212643951,0.7704109543790814,0.790608686593357,0.7781671443054541,0.7862170050609645,0.7900840913213059,0.7876957391739554,0.7643634718377358,0.789013441137801,0.7861287065359848,0.7798378011979098,0.7773069207593096,0.7844623460616744,0.7865896200625189,0.7849742475014653,0.7827499642558323,0.7782420848835097,0.7792650039180514,0.7798178903059766,0.7855101063889185,0.7880963638620688,0.7832638963306572,0.7889939495623243,0.7926232169945584,0.783254018760962,0.7838857294683718,0.7792600198085388,0.7882672469938148,0.7917575813570215,0.7822601750349667,0.7852840456398953,0.7755261958291861,0.7748270223538577,0.7723789456053065
40.0,0.777857255602097,0.7893057067335084,0.7714872983083695,0.7838955926332073,0.7767960018884882,0.7772368293014784,0.7789608702655338,0.7592117973750907,0.7849152130111984,0.785618180310122,0.7755965559151391,0.7773870117779897,0.7822156213954354,0.7917430581357423,0.7849693282700889,0.7749276898139937,0.7841519559172813,0.7840040725913875,0.7770765788410356,0.7748823922422472,0.7750484610561347,0.7835798597208081,0.7767258300785502,0.7826807346137342,0.776540322919643,0.7668082918219936,0.782111645178466,0.7723789456053065,0.7764701109336515,0.7859716863652791,0.7873240906484414,0.789831274333574,0.7823443194741919,0.7913895036611258,0.7755261958291861,0.7849053731417214,0.7880768299723171,0.7792101756186167,0.7720701061215283,0.7894761014504881,0.7893446601744397,0.7772668698481474,0.7807179568212592,0.7794742857066974,0.7810407352573387,0.781045699222556,0.7733799653990211,0.784147027288985,0.7850135993267912,0.7751691998873416,0.7765202634775965,0.777832255152578,0.7751490789995664,0.7813533551726946,0.7833330330163965,0.768812100056075,0.785038192388878,0.7889744570865436,0.7721561971861968,0.7787713041154524,0.7810308071580976,0.7635491376723595,0.776540322919643,0.7759933811246245,0.7765152484764124,0.7765002031352464,0.7774670883918106,0.7686692576432319,0.787632190757792,0.7774420659973885,0.7856230921139924,0.788281890912061,0.784418018285838,0.7631259548617707,0.7869374272795499,0.7856034445608966,0.7776322009143434,0.7763045676157899,0.7836785510142851,0.7854216620147364,0.7836637487551226,0.7807477617134304,0.7756970511921892,0.7769363124222031,0.7788511313451433,0.7834268437352883,0.7855002801365352,0.7821958183148723,0.7871136718606041,0.7913507397341272,0.7821512580918701,0.7809017213860527,0.7774120372672058,0.7882086662566214,0.7920334263413658,0.7809613041612833,0.7839794204468692,0.7738594695502217,0.773869558916366,0.7705634208135854
41.0,0.7758527743909869,0.7885551510962989,0.7699786911333355,0.7811747425677881,0.7748119202935573,0.7751390182180649,0.7784418645291108,0.7581852109533572,0.7831453506393052,0.7848315669463495,0.7742326261969998,0.7759883602151971,0.7799970559224414,0.7904290380483515,0.7830712431235329,0.7726066438098497,0.7823987572106205,0.7815963495936615,0.7750836798965743,0.7737081020489425,0.7722827721518469,0.7811995542348712,0.7746054747148309,0.7816607948248652,0.7753100208932638,0.7643737708621086,0.7804645334508394,0.7709291336366919,0.7748471576464924,0.7839498360165709,0.7857704200650307,0.7888721068180876,0.7810705182046068,0.7906281034436253,0.7734809558431159,0.7827301854834696,0.7868002977439438,0.779195221264395,0.7703245342534039,0.7882086662566213,0.7895004379260154,0.7752496744354054,0.7792600198085387,0.7767007660450813,0.7785067735292668,0.7801860960700762,0.771456870518564,0.7819630646798812,0.7839843509883108,0.7735667800240014,0.7751943497310085,0.776048607414571,0.7732587471560847,0.7798925515085349,0.7806185925507536,0.7673509908513415,0.783461400458613,0.7866631240934557,0.7696580454604929,0.7771567112736866,0.77990250537897,0.762004243193315,0.7738544247827458,0.7734658087113608,0.7740712989733113,0.7750233030534652,0.7739805270889445,0.7665110756812213,0.7858735194987173,0.7764751264412565,0.7837772198001691,0.7871234610879969,0.7820621239725026,0.7604647023140554,0.7849496507818945,0.784880772483322,0.7765453376394823,0.7745399966101876,0.7814823078123272,0.7830366552834609,0.7819036183006638,0.7798427787802207,0.773995657002391,0.7747011563773848,0.7775121251568241,0.7814922256706136,0.7834564639526592,0.7809563392394936,0.7853626889701982,0.7901229727379397,0.7813880769329445,0.7785367283220066,0.7754507977843041,0.7877006271197775,0.7911277772678089,0.7786066149607425,0.7829279326934291,0.7725560540559121,0.7717914647938383,0.7695562064801448
42.0,0.7742074226164549,0.7870304543403246,0.769031379295483,0.7792600198085388,0.7741318034344724,0.7748370901127128,0.7773369565793842,0.7573446024649714,0.7810357712358527,0.7835354412956412,0.7726218196387858,0.773824154996243,0.7779422466081614,0.7887697317350102,0.7813880769329445,0.7709392881623179,0.7806086548857856,0.7800070074295791,0.7731223378915869,0.7715227948362372,0.7701821597734176,0.7793796229066063,0.7726673440870693,0.7802706403566897,0.7741116361810557,0.762738566129428,0.7792450671423865,0.7692556503532543,0.7732233857300437,0.7824185510630702,0.7843835379757912,0.7867464133566876,0.7802308568357312,0.7893543979719826,0.7722574599721661,0.7810010215099186,0.7845362155596514,0.7779322485103062,0.7688325025138378,0.7868786628803981,0.7882867721056053,0.7736374465508322,0.7790157295129087,0.774716262151438,0.7781621478167652,0.7801015355217265,0.7696325878254926,0.7792600198085387,0.783071243123533,0.7726066438098497,0.772611702475764,0.7738392901427048,0.7721460696696825,0.7779472455726855,0.7793048747684703,0.7654333648658146,0.7830119479953399,0.7842209508051852,0.7676630121772634,0.7765503523030525,0.7780971883433323,0.7606463876836831,0.7722979587844276,0.7718978752069829,0.7722220205573156,0.7729151194583882,0.7718421395139394,0.7643531725882873,0.7846937615077278,0.7748521913289784,0.7830465378048264,0.7859029719219831,0.7807378269744492,0.7592482348891498,0.7834070957983279,0.7835847948200372,0.7751792599936154,0.772647111561633,0.7796685299192968,0.7813731965161655,0.781244211690675,0.7779322485103062,0.7723232687133494,0.7732284375311422,0.7770365072228878,0.7802656676135113,0.7816707086317849,0.779479267396644,0.7838068160469537,0.7886527012548145,0.7798776202808648,0.7774670883918104,0.7732385409645324,0.7879058700334103,0.7898264109772974,0.7769463329151131,0.7804993257161241,0.7701414732478309,0.771066200741862,0.768194500174573
43.0,0.7721055573528649,0.7860305756815715,0.76719234239696,0.7786914624809018,0.7731273908180651,0.7734102648955468,0.776048607414571,0.7561935866701526,0.7798726430924371,0.7828389575902058,0.7724042510327096,0.7729909420527417,0.7770164700633582,0.7875490746342187,0.7793048747684703,0.769571483762056,0.779000768575216,0.7788311758881761,0.7718674747639029,0.7697853125346257,0.7690058870550587,0.7783070231435365,0.771299628000975,0.7791104703580783,0.7717661253237011,0.7615330594239926,0.7780821963451614,0.7667878002341627,0.7710103635395743,0.7808421305080886,0.782932875220164,0.7850529475509023,0.778177137114025,0.787480613851495,0.7713960088619034,0.7797979785137398,0.7834021586734152,0.7770966132996538,0.7671872238045794,0.7850775383622298,0.7877641652949859,0.7715684291778431,0.7781571512718075,0.7735718279988093,0.777912251639368,0.7789359319932404,0.7685008510219357,0.7768711737320612,0.7817946122274992,0.7704770293850889,0.7710915790375972,0.7721511334560742,0.7713402118919379,0.7771416875398097,0.7773870117779899,0.7631156286032106,0.7821265004430099,0.7826016015182091,0.7665982103667053,0.7749075581225741,0.7762543908761825,0.7593367145158492,0.7711677054844552,0.7704922761129428,0.77122352349902,0.7720852998440006,0.7711829292545642,0.7630123536384336,0.7834367173661545,0.7739553094411539,0.7826560070687796,0.7849496507818945,0.7806384672054623,0.7580599953619166,0.7817797456528899,0.7832836507948195,0.7734355129285879,0.7717559891417632,0.7776672169051019,0.7795539859935643,0.7814773487987805,0.7769663732257057,0.7699278099060693,0.7710611249139081,0.7760636679483626,0.7788012410146559,0.7803949406487294,0.7773569793340542,0.7828834474207113,0.7882037841627736,0.778252076004011,0.775405552880325,0.7726268781358931,0.7869717027705011,0.7891108855106298,0.7756568557822804,0.779140384299537,0.7674226208156876,0.7706142317046236,0.7673458740032993
44.0,0.7711524812079252,0.783658814556197,0.7661264638231562,0.7776622147895147,0.7729201746918948,0.77184720667647,0.7742376667443018,0.7554754417135511,0.7782370892388555,0.7815666024334664,0.7715684291778431,0.7729555597509083,0.77621424543313,0.7852299699943681,0.7777222364628075,0.7684957468344147,0.7774420659973885,0.7775871763034299,0.7703092819549208,0.7691995928016317,0.7683681238589688,0.7768310836576873,0.7714315124796626,0.777912251639368,0.7704770293850889,0.7609784340994377,0.7766406066253199,0.7658955447820648,0.7693473662060686,0.7791204418969737,0.7815913918743015,0.783668682897779,0.7765302933111579,0.7872213409827489,0.7691180423906261,0.7792400828077976,0.7824185510630703,0.776319619540427,0.7656696471005526,0.7843736859522142,0.7881500774166946,0.7714619419575376,0.7771316714358802,0.7729100641686129,0.7787164145390958,0.7779922337212983,0.7677601563832057,0.7766506337579699,0.7809364789896445,0.7694950922882913,0.7700397411785491,0.7713452846250979,0.7698260305708424,0.775430689500781,0.7758377067673036,0.7619214314568015,0.7810059859252876,0.7811697800655646,0.7649450138238681,0.7734708578115481,0.7746659076018463,0.7578460104147866,0.7690262809599361,0.7682557865495124,0.7694288761034069,0.7706142317046236,0.7700753499630364,0.7614087135259426,0.7829477024627547,0.7724194336139236,0.7820868852788465,0.7825917088684268,0.7790755681994709,0.7566438534300034,0.7806185925507538,0.7828092951710981,0.7717255792454941,0.7711829292545642,0.7760235053995392,0.7775971821664047,0.7811151888273524,0.7763346709586434,0.7689396006464845,0.7686131289113467,0.7749629181076227,0.7773269448644354,0.7791453697595054,0.7780572085561636,0.7814029568433025,0.7878863273656973,0.7759029961457801,0.77396035308325,0.771649545642457,0.7858931546726373,0.7888916040204627,0.7741065942270291,0.7787762937393252,0.7652483652812624,0.7699023671823495,0.767274232222467
45.0,0.7686080259617432,0.7829229901104254,0.7644561549543563,0.7754507977843041,0.772712863977565,0.7703550373311077,0.7729151194583882,0.7546984487702244,0.776455064073223,0.7795340622723032,0.7704871939265939,0.7716140589616614,0.7752345865548884,0.7834663369082978,0.7757523140007054,0.7666494584677361,0.7755764541588177,0.7752999637129774,0.7698463882384952,0.7687151760869294,0.7674328527674333,0.7744241274373833,0.770517686200653,0.7766757006048879,0.769138431343833,0.7595656450955087,0.7750283347665371,0.7645333769583,0.7682047151330861,0.7782171060975491,0.7792650039180514,0.7817549669031614,0.7743838181390541,0.7858096989657555,0.7673970399516161,0.7769814028678257,0.7804148254318548,0.774776680183442,0.7639461722024594,0.7834762096388603,0.786241529193548,0.7694899990732217,0.7761690775051187,0.771588709644452,0.7784917953732653,0.7763998879189395,0.7660187157837638,0.7749025250590467,0.7803452247520872,0.7682762135405515,0.76844470186441,0.7700906100266391,0.7684242823008766,0.7738140646172567,0.7745551077860632,0.7599556165741401,0.7795390432870218,0.7803551683815675,0.7631053021195746,0.7720852998440006,0.7738140646172567,0.7558267832416307,0.7675402746718042,0.7665777095507613,0.7675914192379075,0.7695103715958859,0.7689243024325116,0.7601219080725252,0.7804595629021515,0.7713960088619034,0.7814475935358518,0.7814277555685198,0.7773970221424831,0.7554387198160554,0.7797880222800073,0.7815219778950173,0.7698972784687985,0.7696325878254928,0.7746105110982282,0.7760536276487705,0.780946409227107,0.7756568557822805,0.7674328527674332,0.7666597074127145,0.7735768759173479,0.7760887677126351,0.7765704103946433,0.7772718764089841,0.7800915861528099,0.7875490746342189,0.774157011235191,0.771832005020071,0.7703957049503164,0.7850381923888781,0.7869619100544312,0.7727684932096942,0.7770465254650385,0.7637812113529683,0.769520557519604,0.7644664519530455
46.0,0.7673151717333982,0.7812590964964347,0.7638121459012285,0.7744795468424776,0.7716191286562962,0.7699888667035608,0.7717813291745903,0.7531829297103431,0.7749025250590467,0.7783569691803164,0.7693932172957944,0.7699786911333355,0.7732991568382783,0.7820621239725026,0.7741065942270291,0.7656131556588074,0.7746105110982281,0.7743031887387513,0.7684089670374022,0.7665367052179626,0.7659827942562727,0.7731122318698237,0.7699990420487104,0.7749629181076227,0.7679135006138341,0.7582217260623428,0.774197340790354,0.7633427542989931,0.7665777095507614,0.7765854533725123,0.7782570714798583,0.7808172985841719,0.7726572279368892,0.7840385832304158,0.7654230890242626,0.7760686880137551,0.7791503551632049,0.7749880794864309,0.7627023936985448,0.7818639828796669,0.7855543217393282,0.7678419462750002,0.7752144685931003,0.7702025016857554,0.77864155414434,0.7745047352303973,0.764306823180454,0.7741318034344724,0.7794194834035326,0.7669619500335432,0.76718210515593,0.7685467861775211,0.7679441633829096,0.7730920191510693,0.7736727756784774,0.7582582384141483,0.7783719518941052,0.7794145010383582,0.761812719192128,0.7714112250356998,0.7720852998440008,0.7546616685780632,0.7665315794231524,0.7655977477203191,0.7661623743219267,0.7683885458983373,0.7669619500335432,0.7590139456173622,0.780076661677418,0.7700397411785491,0.7802408030535848,0.779364674291821,0.7757070994819768,0.7541464563838903,0.7783270022334763,0.77864155414434,0.7681536380897616,0.768414072181496,0.7737333334826337,0.7747061916916715,0.779778065821199,0.7744593951193,0.7661418543745289,0.7654025366659309,0.7709545195287396,0.774776680183442,0.775847751906028,0.7765954817430799,0.7784218906159174,0.7871381445070688,0.7730667519865742,0.7707767887431898,0.7697242287280226,0.7842209508051852,0.7861875742449879,0.7708377327776408,0.7768210605764039,0.762180170304771,0.7702635220209463,0.7630485024363443
47.0,0.7661162031742295,0.7798676658477399,0.7634304782332599,0.7729909420527417,0.7712641141422608,0.7681893926109131,0.7702177575291844,0.7522333602483819,0.7726420532896016,0.776996432003525,0.7684293872761634,0.7691282369797675,0.7717914647938383,0.780549024169382,0.7723283305303267,0.7635491376723595,0.7735566839055792,0.7727634362881182,0.767979934053259,0.7659879260718642,0.7644304114729259,0.7723789456053065,0.7686488479830393,0.7738493799590013,0.766818537278295,0.7577468145854795,0.7740057433300105,0.7618593132012274,0.7652432253629377,0.77528487752053,0.7758678415082492,0.7796635503675717,0.7711017299620083,0.7829575870098036,0.7648730033686636,0.7744090118725273,0.7776121905388496,0.7745601447321503,0.7603972016208427,0.7806185925507538,0.7845903784783701,0.7657107275090156,0.7739149582787019,0.7682813201476388,0.778197122055939,0.7736525879431512,0.7626765545598443,0.7733244110609074,0.779175281337667,0.765900677554229,0.7660597655819004,0.7674635472722149,0.7664649389701412,0.7732941058249455,0.7730718055320112,0.7565810504934524,0.7772017794367924,0.7780722013983692,0.7601322993780287,0.7694034058078856,0.7714619419575376,0.7528138693329401,0.7654179510190832,0.7646877829846248,0.7638894734095141,0.7675607331734733,0.7656799175402822,0.7578512306852181,0.7795191188905329,0.7693473662060686,0.7788910395581665,0.7780572085561634,0.7747212972969177,0.7525289772246764,0.7776472081051395,0.7777272379031668,0.766792923215524,0.766362396627514,0.7722118945037947,0.7738594695502218,0.7798477563062625,0.7729505049112848,0.7650067282932251,0.7642347150422961,0.7700702631626309,0.7736576349613862,0.7742275855934289,0.7757925008577292,0.7765302933111579,0.7861728580773685,0.7721004930600525,0.7695205575196041,0.7684038618370395,0.7833330330163965,0.7853479444430117,0.7690058870550587,0.7762995501950397,0.7612169501002362,0.7708529675202014,0.7634923912195866
48.0,0.7657004577445137,0.7793547082672856,0.7625680148158707,0.7725712315729176,0.7717002361178729,0.766874883264721,0.7691843031968133,0.7504930468573282,0.7720903643056203,0.7761188855728858,0.7670438803727175,0.7671872238045794,0.7709595965383423,0.7793547082672856,0.7708935910245278,0.7623146589119606,0.7724700385604865,0.7721258139614255,0.7661931525549539,0.7663572689195584,0.7631207917606252,0.7722068313926305,0.7682915331930066,0.772773550075001,0.7649553001314507,0.7565391773675665,0.7746256199108064,0.7613620754582301,0.7643634718377359,0.7744493189200972,0.7750333664233399,0.7777272379031668,0.7703194502101784,0.7820967894075013,0.7636161928840395,0.7734506610731846,0.7764751264412565,0.773506199937328,0.7593002836977991,0.7796834682368586,0.7833922842547834,0.7647443858389552,0.7734860047744962,0.7677294814600302,0.7776021850134885,0.7729808331049914,0.7614708905263343,0.7721460696696825,0.7780672038405696,0.7646723446608863,0.7658185464473257,0.7664854447377555,0.765474465981263,0.7733446134261691,0.7717711933302664,0.7557271747356072,0.7764901726264574,0.7765503523030525,0.7584668275316218,0.7676630121772634,0.7702889447691775,0.7516574569206992,0.7636058773165859,0.7633737175444343,0.7634459572394728,0.7658904119536318,0.7645797040836164,0.7560888138250661,0.7791403842995371,0.7677703809074459,0.7777372406150785,0.7766606606655442,0.7743233474392824,0.7510544207741436,0.7766907400378109,0.7760988072244612,0.7661315940632161,0.7656234273364546,0.7715177240724915,0.7724194336139235,0.7792650039180514,0.7728038900851939,0.7633943585826821,0.762821235617954,0.7688886046304944,0.7729252298691323,0.7730010507754163,0.7754709051675235,0.7755664029430434,0.7869423239470641,0.772343515643645,0.7680872295212267,0.7679850439239474,0.7830712431235329,0.7834268437352881,0.7679697141430756,0.7761038268959708,0.7597268716821223,0.7707869466449546,0.7630794849257774
49.0,0.7638327678080223,0.7787563349062192,0.7610821513384158,0.7706447155383354,0.7713402118919379,0.7650581508281012,0.7678828358190752,0.7486775109243486,0.7704109543790814,0.7742376667443018,0.7657518043162637,0.7671257963070324,0.7699430748650735,0.778137164529286,0.7703906216948566,0.7610043655192691,0.7714872983083695,0.7712488930730629,0.7647083666285107,0.766141854374529,0.7617298741443771,0.7710865034909881,0.7674021562369684,0.7716596841876922,0.7640131710888877,0.7556380341171725,0.7748270223538577,0.7599348260854752,0.763291144388406,0.7737585635096005,0.7737938831840564,0.7764199527628082,0.7692301704920059,0.7806931178637199,0.7624491094813182,0.7728544522673302,0.7746004382751646,0.7734355129285878,0.7581330417290857,0.7783319968652889,0.7825076122578366,0.7634253184519844,0.7722726474487817,0.7666340846282511,0.7771717345011426,0.7724801588745712,0.7601426904584565,0.7709443653407275,0.7777972521599545,0.7633117890278687,0.7645024896759852,0.7661110727653627,0.7643737708621086,0.7728190593306593,0.7703448698636157,0.7538412803203406,0.7758929522449733,0.7753452192517942,0.7566019857059397,0.7666750804081647,0.7689396006464845,0.7503870563514643,0.7621543027502345,0.7621801703047708,0.7619369597546429,0.7639410180480819,0.7635233446742247,0.7546931946258655,0.7782370892388555,0.7665162017011076,0.7765302933111577,0.7756719294830137,0.7744996976653512,0.7493152905791158,0.7759732971493016,0.7752094389619808,0.7652894826021779,0.764394368235626,0.7699990420487104,0.7715582886069245,0.7790406632836835,0.7714467274718105,0.7619576633639991,0.7618800201867224,0.767570962086694,0.7713605024869639,0.7714467274718105,0.7747716456569212,0.7744845846325994,0.7866631240934557,0.7713249933548443,0.7676527852897259,0.7667826771965327,0.7826658982555683,0.7825224540178247,0.7667058248798025,0.7761740963888624,0.7583677589264839,0.7702380978659906,0.7624129149929938
50.0,0.7629762020833427,0.7778472555910962,0.7594147712701458,0.7692964152052644,0.77055325796015,0.7639461722024594,0.7670848401404824,0.747202208966069,0.7688886046304944,0.7735869715856184,0.7654128129576347,0.7659622664312173,0.7686335401470706,0.7772718764089841,0.768730481221987,0.7606515776814022,0.7700295667337034,0.7708935910245278,0.7645436722689198,0.7652946220140819,0.7600387695257624,0.7696071287837679,0.7658082790461211,0.7704516170466196,0.763100138793353,0.7553967485570643,0.7754608515884518,0.7580443411340927,0.7627230639966633,0.7734001652884473,0.7729656692613486,0.7746810145575482,0.7679850439239474,0.7796386517649108,0.7611184470546394,0.7717813291745903,0.7734860047744962,0.7730667519865742,0.7574856758654139,0.7771867572221779,0.7804048831528301,0.76250598096377,0.7713960088619033,0.7654076748399173,0.7763045676157899,0.77091897888599,0.7596644678051939,0.7701414732478309,0.7766857269497722,0.7621129117369891,0.763476913732636,0.7649707291708073,0.763884318636178,0.7727684932096941,0.7694339699937043,0.7522967215983134,0.7748572249551958,0.7735516357619643,0.7557062019354397,0.765900677554229,0.7677754930851624,0.749479918625711,0.7609369409017204,0.7619731904801919,0.761263602347732,0.7621439553345372,0.7619421357413854,0.7537991722151846,0.7777072318041156,0.7648267051093354,0.775747290390367,0.7744996976653512,0.7733900654562722,0.7478738202339204,0.7746860500969107,0.7744745089960865,0.7643531725882873,0.7628935596039281,0.7687151760869294,0.7705278498418542,0.777392016988371,0.7712285975263664,0.7608072514478985,0.7607346099923263,0.7663572689195584,0.7700550024238004,0.7708682017563411,0.7739502657427888,0.7725509947710387,0.7860452967445926,0.7707158366060054,0.7669004928259735,0.7662239287622981,0.7830020646862087,0.7817252305466107,0.7652123846713399,0.7758226386371996,0.7574595542564223,0.7703041977428884,0.7614657094191144
51.0,0.7621491290705202,0.7778972533953401,0.7580547773422444,0.7687763935886345,0.7703041977428884,0.7632704988486394,0.7655617938944322,0.7468073542119411,0.7675044701275274,0.7717610572608665,0.7641780509110443,0.7650478667712779,0.7677601563832058,0.7765503523030525,0.7673919236099949,0.7597476711738244,0.7688478037663355,0.7696835016887685,0.7634356379582665,0.7643119733397337,0.7594407873747957,0.768730481221987,0.7647135123988098,0.7695256503970597,0.7623353460907739,0.7549453300836833,0.7758226386371996,0.7574282064687559,0.7605477670359134,0.772343515643645,0.7721055573528649,0.773753517616745,0.7671309155746406,0.7784618375420004,0.7600231794445784,0.7715937796204317,0.772581349636243,0.7730869658307085,0.7571564407886886,0.7762844975951748,0.7798378011979098,0.7615537805892713,0.7703550373311077,0.7642759210431277,0.7759883602151971,0.7699685153380341,0.757705041843458,0.7692709375947754,0.7767358552980547,0.7618023643489249,0.7627023936985448,0.7635852455064512,0.7633117890278686,0.7726369949613011,0.7681740695823192,0.7512502231874015,0.7740309581643521,0.7719738674523182,0.7545407999624483,0.764996443111022,0.76737145768082,0.748438134655214,0.7598568537346521,0.7608798818747504,0.761299884278055,0.7611858460698011,0.7607086639425595,0.7528455138832193,0.7768010137386094,0.7642862219806457,0.7757824544810871,0.7740007001943353,0.7727937769735389,0.7458081724163995,0.7734809558431159,0.7726622860401136,0.7631001387933531,0.7625473377654741,0.7682762135405515,0.7689141033418517,0.7775571573640502,0.7710205162645929,0.7598776475994559,0.7594772075580081,0.7657364009355629,0.7688631045124126,0.7699481630722036,0.7735314426248159,0.7712336714974442,0.7856230921139924,0.7695765760768217,0.7655823392754101,0.7646877829846248,0.7826757892172813,0.7814823078123273,0.7643840696614052,0.7759933811246245,0.7556642536341934,0.7700550024238004,0.7604958532728217
52.0,0.7615848606491198,0.7767208173843942,0.7571512130344825,0.767412388638866,0.7707666306163488,0.7624853012124624,0.7639874034117948,0.7456637429650442,0.7664341786306503,0.7701974162920744,0.7628625649603948,0.7649450138238681,0.7666340846282511,0.7758979742235111,0.7664290517104604,0.7594355842664037,0.767954383855783,0.7685672003392322,0.762257764528033,0.7642913723650013,0.7586127863457823,0.7680208114432339,0.764517933570353,0.7684804339342376,0.7616366562473486,0.7540254609379895,0.7763848386952136,0.7564868308960004,0.7591441203911564,0.7715988495401427,0.7710509730891931,0.772682517890322,0.7666443339108434,0.7770314980174088,0.7589931143899541,0.7713706474468629,0.7720650414348327,0.772869619824726,0.7566595528980891,0.7757372430008834,0.778915980362564,0.7605996751721069,0.7692607461566969,0.7633066279524064,0.7763346709586434,0.7693779341056399,0.7566490866423009,0.7682711068771952,0.7766957530695805,0.760864319140292,0.7620973891785839,0.7620922148799109,0.7616936249063329,0.7730364295323039,0.766311117015853,0.7500689497883146,0.7733345123560762,0.7709088239102122,0.7536201725922176,0.7634872321135387,0.7661469844457818,0.7474315100488426,0.7595500396528925,0.7594668020727207,0.761092521824396,0.759924430503529,0.7593731425767192,0.7513031295353414,0.7759130398215108,0.7633272719166413,0.7750233030534652,0.7729555597509083,0.7726117024757639,0.7453694079368396,0.7731021256229845,0.7721410058270216,0.7622525919736983,0.7610717806273597,0.7672076978364877,0.7674328527674332,0.7766055098885716,0.7697598619332482,0.7587534905654317,0.758117389864559,0.7641625958754177,0.7677243687758926,0.7689243024325116,0.7734860047744962,0.7701007831210293,0.7839449050812463,0.7686845642975517,0.76507871826652,0.7635594544777308,0.782225522598103,0.7807477617134303,0.7626972259833424,0.7763447049561091,0.7547194647849703,0.7686386428153291,0.7591545328537975
53.0,0.7606152465157199,0.7761038268959708,0.7565705825495948,0.7668851272580289,0.7699430748650734,0.7609525012728816,0.7629813667600198,0.7448016639210733,0.7656747823485519,0.7693015105585551,0.762480131133963,0.7648678593427032,0.7653973984356756,0.7753603034185581,0.7656850526757435,0.7596072571333167,0.7671872238045794,0.7677601563832058,0.7612532355755048,0.7644613034818355,0.7578877710027079,0.7668134145782787,0.7638740089206988,0.7676783520865518,0.7601271037534114,0.7535253817520574,0.7776872248047606,0.7559682972282047,0.7581486930871915,0.7711880037320626,0.7693830285586271,0.7707259958582258,0.7660597655819004,0.7761088465112115,0.7586127863457822,0.7705786646717212,0.7712641141422609,0.7724244943617902,0.7567380426422047,0.7749528531622165,0.7778122537801213,0.7596852699978072,0.7685314749654135,0.7622267283579907,0.7756417815751264,0.7686080259617432,0.7558110569332405,0.7677959412333388,0.7774370613496973,0.7602881419514723,0.7608798818747504,0.761180661867787,0.7603452715397461,0.7725611132845162,0.7654744659812629,0.7493684023088412,0.7720650414348327,0.7698616558984106,0.7532672476549753,0.7617557647691962,0.7653665678724948,0.7466418505074431,0.7588993627253593,0.759378346360339,0.7619524875460635,0.7587378587889319,0.7583468997896606,0.7502545365678316,0.775139018218065,0.7629452128416317,0.7749880794864309,0.771720510732508,0.7728493963023271,0.7444961062131509,0.7731172849088399,0.7710306687645355,0.7612895182935934,0.7604543182109814,0.7661623743219267,0.7667058248798027,0.7756769539373867,0.7698718340570092,0.7581695607769,0.7569734359114254,0.7632808217310607,0.7669619500335432,0.7685876136006395,0.7726521697773956,0.7688478037663355,0.7829328752201641,0.7677652686734604,0.764682636932981,0.7628419007393262,0.781992784830965,0.7792051908901452,0.7612947013139586,0.7764049042143101,0.7535095815062245,0.7676885784113995,0.7580965199240912
54.0,0.7605166194532861,0.7755412739188999,0.7563925930673986,0.7665879600712713,0.7709900574143093,0.7595448377261491,0.7619576633639991,0.7443244849167602,0.7649295839404768,0.76931170109633,0.7621284337889735,0.7640131710888878,0.7647906922010169,0.7742074226164548,0.76473924040627,0.7589045716294565,0.7673100544914734,0.7668851272580288,0.7603868160547751,0.7650272979824033,0.757266210628885,0.7656747823485519,0.7636419808179657,0.7670131581835966,0.7592950790701445,0.7531829297103431,0.7789758325536819,0.7560678565551375,0.7573027950612568,0.7714416558640301,0.7679594940078162,0.7700448283165686,0.7651455562236591,0.774791783425391,0.7580652133253198,0.7699583393176568,0.7704922761129429,0.772808946556618,0.7564658907318427,0.7743334264519344,0.7766606606655442,0.7592430296988054,0.7674993549675548,0.7615745008542462,0.7753954978382596,0.7686029229558706,0.7546038655626088,0.7666443339108435,0.778361963474515,0.7600439661069525,0.7606827164860681,0.7607034745637992,0.759643664712277,0.7730162134374106,0.7648215605769538,0.7490709041479298,0.7712742612403811,0.7686692576432319,0.7522914417952986,0.7608228160392336,0.7645591148128325,0.7458456103929643,0.7581382589047232,0.7598256612493769,0.7618696668065128,0.7570989323976259,0.757584925150254,0.7489167732487939,0.7742880691225285,0.7623612037982384,0.7769663732257057,0.771203226826944,0.772581349636243,0.7440615781408666,0.7726724020777558,0.7707920255114337,0.7607346099923263,0.7597060712901166,0.7658596138013847,0.7658236800635245,0.7752647618095012,0.7700193920637817,0.7576319308794972,0.7559054071872692,0.7625938598628141,0.766874883264721,0.7672230527695946,0.7725358165788053,0.7678368348287804,0.7824630839393472,0.7670643607067518,0.7637244927533413,0.7615434201191699,0.7819333425031142,0.7784168969969465,0.7606723371095887,0.7770014416028868,0.7526661679809352,0.7671309155746406,0.7570623326038219
55.0,0.7598204623048896,0.7749025250590464,0.7564658907318428,0.766064896553457,0.7724548576673419,0.7592794648495672,0.7612739688948835,0.743497751543515,0.7648009818847384,0.7688580043199892,0.7626817225001223,0.7631414438275936,0.7638276124157273,0.7737383796005649,0.7643789202898914,0.7583156093963562,0.7671974609330715,0.7664751919664863,0.7600075888569734,0.7654693285387734,0.7569525166793292,0.7657569386639592,0.7633324327670276,0.7658493473004839,0.7579712813749058,0.7527030974547066,0.7790755681994709,0.7555121608538664,0.7567171132816913,0.7722220205573156,0.767453315995697,0.7691792065493359,0.7643222734894859,0.7742376667443018,0.7570361882058925,0.7693473662060686,0.7695969447731953,0.7726976911871539,0.7562145385382588,0.7735920193353503,0.7754407437550805,0.7588316418516188,0.766946586491282,0.7608280041238074,0.775687002677326,0.767453315995697,0.7539833685881484,0.7659827942562727,0.7781371645292862,0.7595396357431369,0.7596748690140385,0.76010112478629,0.7588993627253593,0.7732536956926002,0.7642656198805337,0.7486721926896188,0.7709748272295364,0.7678112767536469,0.7505778230565524,0.7599712088498144,0.7642089594630346,0.7446944715097468,0.7583625442266815,0.7596072571333167,0.7617350523818789,0.7560835745919875,0.7568322136232557,0.7476180736578928,0.7738342451501532,0.7617971868429199,0.7777822500333669,0.7705989890281364,0.7730819124540782,0.7429117895725523,0.772363761673637,0.7705989890281364,0.7601167123353698,0.7591701511257416,0.7651301329237388,0.7648369940052911,0.7746508001397238,0.7699227214738633,0.7576998199974949,0.7550240958271571,0.7620145936475374,0.7667211963559903,0.7667519377891032,0.7725965263092139,0.7675863050345075,0.7822057199676917,0.7663982890076724,0.7627799026742985,0.7610562241387582,0.7819036183006638,0.7775021173807038,0.7602362000538893,0.7769814028678257,0.7527030974547066,0.7661315940632161,0.756277388740755
56.0,0.7596592671163682,0.7742679088464656,0.7557586322477892,0.7656953227778593,0.7730515910126494,0.7589566575756341,0.7604335493296058,0.7430785073366131,0.7645024896759851,0.7686539504824909,0.7639513263005677,0.7629762020833428,0.763445957239473,0.7732031779629598,0.7638533888145124,0.7572034880444407,0.7660443723296165,0.765972530456283,0.7596280618017649,0.7656439700165213,0.757020500891907,0.7648832912517777,0.7632033946266762,0.76473924040627,0.7574647786907585,0.7529562538569399,0.7807477617134303,0.7552813090260745,0.7557481466354711,0.7717610572608665,0.7675198152698313,0.768378334991191,0.7633117890278686,0.7734456117479214,0.7561883485624536,0.767739706659498,0.7689497991744547,0.7725307570688563,0.7555698567894473,0.7732890547553439,0.7750434295681387,0.7579138695414167,0.7658801461279587,0.7598932424072344,0.7756568557822805,0.7672128162037922,0.753409501522398,0.7650272979824033,0.7791503551632047,0.7586179983446735,0.758305178815103,0.7599919977629479,0.758435544903437,0.7725762906327148,0.7633788778883999,0.7483902457280244,0.7706650369687635,0.7674993549675548,0.7505672268194152,0.7594772075580081,0.7634614357392651,0.7438737048712529,0.7585658758236574,0.7593054882691846,0.762423256556717,0.7548770561983844,0.7565130048351458,0.7470688465544262,0.7737081020489425,0.7609939931201434,0.7781571512718075,0.7699685153380341,0.7730667519865742,0.7425620445080392,0.7720498470371324,0.770105869583821,0.7594668020727209,0.7584928948410454,0.7643171234427443,0.7639925570597514,0.7741771764629245,0.7706447155383354,0.7572662106288849,0.7540780713110824,0.7615589607399185,0.7665162017011076,0.7665469566387761,0.7727229788898275,0.7668441499343415,0.7823888599467815,0.7658698800772097,0.7619524875460635,0.7607086639425595,0.7813831168502872,0.7765804391028249,0.7590868478233985,0.7777222364628075,0.7520907675854165,0.7652637846986231,0.7551605931244778
57.0,0.7589097804772846,0.7735566839055791,0.7555331419818434,0.7652226651269485,0.7730010507754163,0.7584720411060445,0.7599348260854752,0.7432989219715462,0.7637708993867296,0.7686029229558706,0.7647855472747527,0.7620818661137578,0.7631827452606191,0.7725358165788053,0.7634407976270042,0.7567642030767942,0.7660033211810243,0.765839080574507,0.7587013826743509,0.7656234273364546,0.757281890008944,0.7641471403333705,0.762526659814774,0.7642295640389818,0.7569106755142251,0.7529984339863933,0.7826510613909817,0.7554124882012032,0.7545775892139157,0.7712438192707922,0.7668031690094393,0.7682557865495125,0.7626041974877087,0.7726724020777558,0.7557796027971975,0.7665367052179626,0.7682762135405515,0.7733345123560762,0.7549400785839664,0.7727583793102734,0.7745349594390246,0.7574386559563873,0.7653665678724947,0.7596280618017651,0.7751993795309349,0.7663265014901756,0.7526714437888524,0.7644818970290621,0.7787413651905652,0.7577311502292388,0.7572557574275007,0.7596488655699096,0.7577781417786984,0.7719434720734466,0.7632343669876926,0.7475434564858132,0.7704414517173489,0.7668134145782788,0.7504612520688663,0.7590347759444664,0.7629038907016208,0.7431000153673404,0.7590712268505433,0.7591441203911563,0.7624749609991947,0.7541306760572771,0.755989258774576,0.7470581760422321,0.7735718279988092,0.7601842525294082,0.7791054845042269,0.7699125444406443,0.7751138652796039,0.7423574680442329,0.7719789331518554,0.7701516452168414,0.7588160126072232,0.7581643439388764,0.7633685571441999,0.7629865313804278,0.7731930737418039,0.7717559891417632,0.7574491052189427,0.7532777863852127,0.7612739688948835,0.7661213335268273,0.7659776623844123,0.7722270834996726,0.7663316295357452,0.7817054051835307,0.7658596138013848,0.7607397990334728,0.7594876128182193,0.7807626633998846,0.7761740963888624,0.7589149892688438,0.7779472455726855,0.7513718993754506,0.7643943682356261,0.75440413003189
58.0,0.7581434760240918,0.7733446134261692,0.7553810084065044,0.765315179099008,0.7737081020489425,0.7580234680425618,0.7590556053712669,0.7423413138102322,0.7633582361749242,0.7678215001525073,0.7650530088278239,0.7615693208724059,0.761848959370866,0.772429555053388,0.7632498524085695,0.7566490866423009,0.7653665678724947,0.7659879260718641,0.758211293455406,0.7651918230848952,0.756931596546929,0.764394368235626,0.7619990678818003,0.7639204008678826,0.7564501850179001,0.7534937807539706,0.7833824096110753,0.755129097124312,0.7541201555581899,0.7709139014262355,0.7660854198769937,0.7677908292806983,0.7618178965293261,0.7724143728097879,0.7553757615771132,0.7666187102823454,0.7674891244788027,0.7727583793102734,0.75475624064442,0.7724042510327095,0.773824154996243,0.7558792006121143,0.7646929289799999,0.7588420610665376,0.7741620526265279,0.7658134127748579,0.7520643570352007,0.7638791638065728,0.7792899236215807,0.757866891158899,0.7565182394541679,0.7589201980041342,0.7571198453275964,0.772500398827513,0.7631466067036632,0.7468553935461204,0.7703347021710478,0.7664290517104604,0.7505036446699971,0.7583051788151028,0.7622525919736983,0.7424274638729289,0.7584564002139695,0.7588628988211475,0.7618748435247521,0.75377285282072,0.7555016699522641,0.7473462008698177,0.7735920193353503,0.7590712268505433,0.780275613043599,0.7689243024325116,0.7749629181076226,0.7415599220673469,0.7710611249139081,0.7701618169607761,0.7586127863457822,0.7575744788136857,0.7630485024363443,0.7628832282811596,0.7722068313926306,0.7719738674523181,0.7566595528980891,0.7519481339023631,0.7603296914181719,0.7653871218063579,0.76584421396563,0.7720903643056203,0.7659314730055647,0.7823393702514482,0.7656028837560842,0.7602881419514722,0.7587534905654317,0.7805937479663159,0.7758577968196766,0.7584094744992194,0.7781771371140249,0.7508161788876927,0.7633324327670276,0.7538623330224631
59.0,0.7584146886926008,0.7737434256622273,0.7554124882012033,0.7644098156749398,0.7736576349613862,0.7573184732596671,0.758117389864559,0.7420342871442573,0.7631259548617707,0.7678726137706703,0.7673151717333982,0.761201398338229,0.7613724398671603,0.7722321463857605,0.7626972259833427,0.7560259393143696,0.7655412476131507,0.765268924391872,0.7574804516561535,0.7649038663427783,0.7568583689936368,0.7638740089206988,0.7617246958506062,0.7632808217310607,0.7561831103984857,0.7530933261107218,0.7840533726602502,0.7545618227294721,0.7536728262924269,0.7709748272295363,0.7655669303240802,0.7666955769476659,0.7610302955323758,0.7718016001880104,0.7547772541833309,0.7659212080801955,0.7674072724660517,0.7740057433300105,0.7544987517274894,0.7719384059800265,0.7731324436882744,0.7555121608538665,0.7644818970290622,0.7585345996101365,0.7736828692085266,0.765659376435747,0.7512184766777265,0.7633221110099861,0.7794344301614416,0.7570884755950269,0.7560940530018758,0.7586440574950946,0.7561673955689678,0.7721410058270217,0.7632446906578795,0.7459739482376961,0.7698871008728898,0.7659520021810757,0.7499840871599335,0.7577363717375881,0.7620352938807546,0.7414952021591061,0.758737858788932,0.7588316418516188,0.7611340015175576,0.7534358403296615,0.7550818493259069,0.746972803841947,0.7728190593306593,0.7587691218355109,0.7821364036713608,0.7684242823008766,0.7753904702328236,0.7409663529519914,0.7708529675202014,0.7703499536254962,0.7579138695414167,0.7573027950612568,0.762878062535372,0.7625835220128436,0.7720701061215282,0.7719890643821226,0.7564920657963676,0.7520590747563506,0.7596800695340573,0.7650375824893786,0.7652483652812625,0.772429555053388,0.7649295839404768,0.7822700752247926,0.7655772030145691,0.7599556165741401,0.7583208246025794,0.7807129891422893,0.7750786488024614,0.7581747775586548,0.777857255602097,0.7504665513409491,0.7623870600989784,0.7529246163965524
60.0,0.7579608433661468,0.773965396669077,0.7555698567894473,0.7638740089206988,0.7733244110609074,0.7568688307479063,0.7579817191585888,0.7420612266229072,0.7630278463180091,0.7683323831237179,0.7691384313438332,0.7607397990334728,0.7605737218073725,0.7725864085835024,0.7620404687983865,0.7559211304571344,0.7647855472747527,0.7650427246584626,0.7569054451153767,0.7642089594630346,0.75677989866232,0.7633840381760961,0.7610354813661904,0.7629038907016208,0.755894924726014,0.7522386406703555,0.7838610705715756,0.7540412446407416,0.7530775120227191,0.7711524812079253,0.7652894826021779,0.7662649605543602,0.7609006313995962,0.7708986687093582,0.7543094901051403,0.7655207004315654,0.7667775541026336,0.7745702184555178,0.7542831980011322,0.7720143914730839,0.772960614534263,0.7549085684040172,0.7639925570597514,0.7585658758236573,0.7738493799590013,0.7653305963218784,0.7509961943908664,0.762712728960142,0.7798427787802206,0.7566543197983295,0.7558425090436001,0.7582478065949774,0.7551658422608974,0.7720903643056203,0.7626041974877087,0.7456102401658917,0.7694798124742758,0.7655772030145691,0.7489805572913207,0.7568531380320984,0.7614657094191144,0.7413171806317245,0.7597996659642505,0.7587639114684201,0.7609317539987952,0.7534990477276575,0.754298973432344,0.7462786207219885,0.7726268781358931,0.7579712813749059,0.7819234346607066,0.7678317233262917,0.7751842899623486,0.7399286736912171,0.7705024403168338,0.7702177575291844,0.7576005942330893,0.7569002146602593,0.762929717461145,0.7618437823712816,0.771588709644452,0.772814002971773,0.7564187720707521,0.7513983467818499,0.7590608125872949,0.7643377232920969,0.7651661198357872,0.7723131449105877,0.7645436722689201,0.7826312781171005,0.7654128129576347,0.7592742599968366,0.7573602793129262,0.7802706403566897,0.7743233474392824,0.758028686399848,0.7782221019672791,0.7501060726585782,0.7614035317434951,0.7522544815986628
61.0,0.7577833627806267,0.7746558360167002,0.7554911788255858,0.7638224569671633,0.773874603515035,0.7575274675138135,0.7576737099236447,0.7421312626839254,0.7626041974877087,0.7688631045124126,0.7705278498418542,0.7604491260750411,0.7594043644344031,0.7720194567224692,0.7619059026525392,0.7556590098433272,0.7650992848046353,0.765109567736079,0.7566961830208745,0.7637812113529683,0.756795593741425,0.7628780625353719,0.7609317539987952,0.7622163825178248,0.7558215411951028,0.7522703220205491,0.7841075962369318,0.753446375458684,0.7529878892916438,0.7711169559266078,0.7654847406974353,0.7658852790689297,0.760459510290653,0.7707869466449546,0.7539044357257969,0.7648832912517777,0.7660597655819004,0.7760837478723186,0.7541517163802234,0.7708580456551836,0.7724447367905674,0.7541464563838903,0.7634872321135387,0.7581121724638455,0.7740309581643521,0.7644973415986578,0.7504188558665207,0.7622370739730807,0.780166200933458,0.7563507037360457,0.7557638749695448,0.7574334312407061,0.755260317094453,0.7724497972570892,0.7621491290705203,0.7441206097895499,0.7686131289113467,0.7654590534849872,0.7483689602973911,0.7564920657963676,0.7609888068361772,0.7413549478943737,0.7593315102820775,0.758888944748358,0.7604698942811888,0.7533462826455297,0.7540570278370731,0.745546029379403,0.772429555053388,0.7585606632620763,0.7821809654136258,0.7680565762053402,0.7746256199108064,0.7391598890419557,0.7702991134745872,0.7694390638277325,0.7573236992132659,0.7569368266644325,0.7622163825178248,0.7614708905263343,0.7713757198424089,0.7732082299891342,0.7560835745919875,0.7512237679033448,0.7586440574950947,0.7646723446608863,0.7653768449519643,0.7714112250356997,0.7639204008678826,0.7837229547532475,0.7650838599854524,0.7589462408365504,0.7569368266644324,0.7792699879712952,0.773869558916366,0.7580130311591825,0.777832255152578,0.7494746088875974,0.7606879060899046,0.7519005802257703
62.0,0.7572609840563272,0.7738493799590013,0.7560102194206433,0.763182745260619,0.7738796480574348,0.7565391773675664,0.757360279312926,0.7415707079309548,0.7621956901622651,0.7688784047520686,0.7713097743113297,0.7593887537587716,0.7588003828564065,0.7711271062883293,0.7611806618677872,0.7548245313541447,0.7650015857302581,0.7645282292185869,0.75625643957356,0.7636419808179657,0.7563297577199138,0.7622215554660423,0.7603141107901767,0.7616262975778546,0.7553180427400564,0.7526450641865767,0.7837772198001691,0.7531144107736262,0.752375911891259,0.7706193124842481,0.7653357352836305,0.7654076748399173,0.7596852699978072,0.7704668646185081,0.7534990477276575,0.7647032208019428,0.7657261317337509,0.7755462998362664,0.7534674450415011,0.7702736912890458,0.7716951673235418,0.7535833116540668,0.7630433384911639,0.7570989323976259,0.7738947813470203,0.7637812113529683,0.750074253224302,0.7617557647691962,0.780335280897531,0.7553232901884066,0.7554019951613795,0.756931596546929,0.7545197762951207,0.7726369949613011,0.7618541363141811,0.7435729642665039,0.7677652686734604,0.7652894826021779,0.7479643660576505,0.7558792006121143,0.760350464801066,0.7404585816555032,0.7593731425767192,0.7585033213709322,0.7597424713853023,0.7522175186448469,0.7534779794952959,0.7450374079992643,0.7711575560230376,0.7574334312407061,0.78276479774428,0.7676681255366286,0.7740662565691327,0.7382760121819983,0.7699532512230647,0.7691027500848964,0.7560678565551376,0.7565758165496581,0.7617557647691962,0.7605373847334468,0.7708580456551836,0.7734759068554664,0.7557324177949768,0.7504612520688663,0.758153910094022,0.7640956182023957,0.7645694095607624,0.7710458970924322,0.7632188810603948,0.783668682897779,0.7646877829846249,0.7582060770675343,0.75625643957356,0.7784618375420004,0.7734910536496077,0.7571930334926008,0.7768360951139253,0.74886892989948,0.7599452214423457,0.75210133141162
63.0,0.757428206468756,0.7734506610731846,0.756769434994905,0.7624542798974314,0.774162052626528,0.7553547736968582,0.7568845229572932,0.7410743252514129,0.7616988035377176,0.7688325025138378,0.7714822271507411,0.7588264321597558,0.7578042462256505,0.7704465344101187,0.7606048656762467,0.7546669230600359,0.7648421383688656,0.7642295640389818,0.7558844420396833,0.7629968604524371,0.7561464416751784,0.762024943876684,0.7600179826383124,0.7612739688948835,0.7547299724547294,0.7528191435653258,0.7842702261156957,0.7521118950127476,0.7512660956826078,0.7703143661106842,0.7644870452751964,0.7650170132503522,0.7596488655699096,0.7699634273559799,0.7530195227006644,0.7644716003679868,0.7649707291708073,0.775430689500781,0.7533146701685705,0.7699023671823495,0.7711626307818809,0.7535885776711809,0.7626765545598444,0.7568112883141092,0.7739603530832501,0.7636265082264169,0.749639184604039,0.761004365519269,0.7810854089186094,0.7546301405045773,0.7549348270279808,0.7562407271073395,0.7552025846403024,0.7715227948362372,0.7611288167528538,0.7428741361420543,0.7676936914894197,0.7648164159883035,0.7473781935000215,0.7553810084065044,0.7598360589695446,0.7399557228943823,0.7600907328055586,0.7591857688912649,0.7588733173608386,0.7519481339023631,0.753193470241188,0.7445711724117097,0.7707666306163488,0.757109388975149,0.7832935276892867,0.766818537278295,0.7734102648955468,0.7383085740292273,0.7688886046304944,0.76872537956657,0.7551763403649295,0.7561307256640118,0.7609265670396013,0.760241394496858,0.7705939080234361,0.7737081020489425,0.7550765992891837,0.7498196248254912,0.7576580432041067,0.7635130270810879,0.7639307095705202,0.7707666306163488,0.7626093662157524,0.7835156983103513,0.7636316658132022,0.7580704312324542,0.7554806874738316,0.7779772381781814,0.7728746755646534,0.7564711258572856,0.7758427293648004,0.7484806987642029,0.7591232947906466,0.7514300818126527
64.0,0.7576162628095037,0.7727330935770141,0.7574595542564223,0.7626455457365274,0.7738594695502218,0.7541727558028661,0.7560468983849054,0.7407881494507209,0.7611443708781581,0.7682557865495125,0.7723536387711789,0.7587482800295341,0.7573550537532102,0.7696784105556513,0.7598412577452249,0.754209572626135,0.7665572078345138,0.7634201586144397,0.7551605931244779,0.7617816539872908,0.7554649500241829,0.7617712984688599,0.7598672507795919,0.7609991793478407,0.7539149608389406,0.7532461695192729,0.784319495799308,0.7520168144998662,0.7508850160255046,0.7695562064801447,0.7639410180480819,0.7645539673544639,0.7591232947906466,0.7697089565103197,0.7527136482265062,0.7639616343279776,0.7648935789098159,0.7755362479452642,0.7526134068069696,0.7693473662060686,0.7707767887431898,0.753193470241188,0.7621956901622651,0.7567485069848474,0.7749830473232072,0.7635130270810879,0.7489858722624497,0.7602050322144284,0.7808967557890352,0.7543147483571349,0.7546406500874818,0.7558162990923062,0.7550240958271571,0.7709545195287397,0.759986800619068,0.742626630721178,0.7669209794621337,0.7647238037706009,0.7469941482424739,0.7550135944595242,0.7595448377261491,0.7389702255746694,0.7609110058244051,0.7594355842664037,0.7583834026882771,0.7516574569206993,0.7526503402195699,0.7443942130176382,0.77016690274834,0.7568583689936367,0.7844574209783242,0.7661264638231562,0.7729959964422136,0.7379394211456174,0.7685212672093301,0.7683017460132984,0.7547194647849703,0.7554964244170594,0.7605737218073724,0.7594459904269185,0.7698667450058444,0.773374915285992,0.7543094901051403,0.7491134146888474,0.7571407573572629,0.7629607077156976,0.7633221110099859,0.7700295667337033,0.7616832674747566,0.7835897298629976,0.7634253184519844,0.7576475984430698,0.754882308373329,0.7777972521599545,0.7723688230404624,0.7555016699522641,0.7749981436440714,0.7469461220752364,0.7585502379701072,0.7506731790623713
65.0,0.75790343029474,0.7720346521330113,0.7578825511261591,0.7621698234517633,0.7738090193433601,0.7531723889544224,0.7556380341171725,0.7403450754423426,0.7606463876836831,0.7682047151330862,0.7723688230404626,0.7577363717375881,0.7566490866423009,0.7694696256502539,0.759628061801765,0.7536096411769481,0.7667109487614676,0.7630536663252555,0.754099113884788,0.7619369597546429,0.7547562406444202,0.7611391862259923,0.7590816408887158,0.7606930956374717,0.7537149452012277,0.7532830556659279,0.7828982763513714,0.7514459485684226,0.750556630357202,0.7692760332294112,0.7632395288509205,0.7638327678080223,0.7583573294706102,0.7686488479830393,0.7519639841150525,0.7636780815621655,0.7642038081783753,0.776660660665544,0.7522122379977972,0.7690925549330653,0.7703194502101787,0.752882429964973,0.7618903733418562,0.7562354895060612,0.7758778859717458,0.7622629370260985,0.7485924124163936,0.7599556165741401,0.7813285522273037,0.7538360170041376,0.7543725854153234,0.7546038655626087,0.7545828445961923,0.7705837458452285,0.7593991609321282,0.7422551493426759,0.7665879600712713,0.7643119733397337,0.7461610494968723,0.7541622362040827,0.759378346360339,0.7389160233520665,0.7620922148799107,0.760147885914267,0.7577154853665773,0.7512449322431283,0.7522439210360602,0.7435998232805088,0.769770042342606,0.7564344787975366,0.7857753301245627,0.7659468699716016,0.7731071787745385,0.7370154006150801,0.7681025554195386,0.7680412487877656,0.7544987517274895,0.7546669230600358,0.7602517832139887,0.7588316418516188,0.769520557519604,0.7736879158891476,0.7540465057624545,0.7485445381754083,0.7566438534300033,0.7624439390089359,0.762759234852015,0.7692148819000293,0.7614708905263343,0.7826362240199742,0.7630485024363443,0.7565967519872213,0.7545565671221197,0.7772718764089841,0.771994129912853,0.7551920870989601,0.7747313674190702,0.746177083540327,0.757370730263551,0.7499363456012085
66.0,0.7584511864707398,0.7713148473821034,0.757939966673401,0.7622525919736983,0.7729201746918949,0.7528085950442855,0.7554701958970014,0.7399611325662083,0.760298529655761,0.7682098225279391,0.7718725416450889,0.757297568882582,0.7560783353026399,0.7689854922498776,0.7585606632620763,0.7530300667201861,0.7674635472722149,0.7627695688756946,0.7537202098116174,0.7614812525719672,0.7538991730848217,0.7608280041238074,0.7583625442266815,0.7600231794445784,0.7527769481307091,0.753683356357241,0.78301194799534,0.750932666934899,0.7498302369304816,0.7680361395360361,0.7627023936985448,0.7630071892993703,0.7579190890803515,0.7680821207759181,0.751810744178983,0.7633840381760962,0.763745118486426,0.7776021850134885,0.7518477374617804,0.7686335401470706,0.7693575557310017,0.752074921424094,0.761817896529326,0.7557953301184295,0.7762393367570553,0.7618023643489248,0.74829977643011,0.7588993627253593,0.7811648175070719,0.7536096411769481,0.7539938920132225,0.7538570699313359,0.7549400785839664,0.7699837789465827,0.7583677589264839,0.7420773896348691,0.7661828933690209,0.7640853131009729,0.7454925142010742,0.7535938436320262,0.7589618658607725,0.7382000266608065,0.7630536663252555,0.7619576633639991,0.7578564508993806,0.7507155536574277,0.751868875242604,0.7432505463739285,0.7695001854470918,0.7556485220927878,0.7861385183835083,0.7656593764357469,0.7720954287109708,0.7366780002056574,0.76778060520661,0.7681893926109131,0.7542411277087322,0.75377285282072,0.7597528709060775,0.7583677589264839,0.7693473662060686,0.7738493799590013,0.7529298894472894,0.7481028164513477,0.7558582343391486,0.7619524875460635,0.7623456893425667,0.7684242823008766,0.7611028920853002,0.783599599780111,0.7624594502572757,0.7561097701946908,0.7542621633050841,0.7771767421310902,0.771299628000975,0.7546406500874818,0.77396035308325,0.7454389933958474,0.7564973006404656,0.7495489401007089
67.0,0.7590087378949135,0.7716191286562962,0.7587065937166695,0.7625214901864263,0.7725611132845162,0.7526450641865767,0.7551763403649295,0.7399665421817654,0.7611651089241314,0.7685672003392322,0.7728595081760645,0.756894984148873,0.756162157179924,0.7688478037663357,0.7582425906009884,0.7537254743657381,0.768944699938604,0.7632085568275181,0.75356224702292,0.7611391862259923,0.7548140257100688,0.760755365819298,0.7583208246025794,0.7602673658676669,0.7532092806154377,0.7544619565677788,0.7829279326934291,0.7513454505623268,0.7491718608025005,0.767657898761629,0.762536998902662,0.7628728967333152,0.758211293455406,0.7678981684696651,0.7522967215983134,0.763513027081088,0.7634562762956032,0.7777972521599545,0.7525923007618519,0.7688988042838443,0.7690568701291828,0.7523072810355363,0.7618386053154286,0.7559787781139284,0.7773569793340543,0.7614708905263343,0.7487944978523522,0.7594147712701458,0.7827598533043998,0.7532408998446748,0.754262163305084,0.7539307480866386,0.755255068970875,0.7709342109276395,0.7579190890803515,0.7420881646948323,0.7659314730055649,0.7642295640389819,0.7456744428496469,0.7538412803203406,0.7593887537587715,0.7377058519479966,0.7654025366659309,0.7641213799712454,0.7576058171481631,0.7511232249946009,0.7514195036941276,0.7433311698378537,0.7695052785496233,0.7552235790477594,0.786942323947064,0.7655104265031588,0.7718826752386534,0.7364111920198745,0.7676016474759004,0.7678061649698131,0.7548297840917791,0.7540412446407416,0.7596956707564998,0.7581747775586548,0.7694645321538395,0.7739906137541779,0.7521963957190344,0.7478951265966152,0.7558896834109832,0.7627127289601419,0.7625576764032104,0.768618231804681,0.7613154328327301,0.7837426882853484,0.7626093662157524,0.7563245210752083,0.7545197762951208,0.7773069207593096,0.7709799040140629,0.7545618227294721,0.7742729489998847,0.7462839642214913,0.7562407271073393,0.7496710317226545
68.0,0.758920198004134,0.7716647533759061,0.7595552415233668,0.7626817225001223,0.7726673440870693,0.7530616974282957,0.7551920870989604,0.7404531771604235,0.7614501657598409,0.7686029229558706,0.7739754836719244,0.7568165197257994,0.7560678565551378,0.7686947684524204,0.7580182496290067,0.7541359362224171,0.7703499536254962,0.7627178965065371,0.753409501522398,0.7607864978716862,0.7545670782805558,0.7607397990334728,0.7586805379423871,0.7605685309656186,0.7531776593605173,0.7547825074273861,0.7831749901006684,0.7516733164177706,0.7493790239795586,0.7672128162037922,0.7626041974877087,0.7629968604524371,0.7582008606233934,0.7679186112160191,0.7519587007670917,0.7629813667600198,0.7637296492710159,0.7792051908901452,0.7531144107736262,0.7690466739645098,0.7691588193967364,0.7522333602483819,0.7617920092806458,0.7562826258918813,0.7783719518941052,0.7614553470358678,0.7480921677715189,0.7593158972431487,0.7838758660784604,0.7532830556659279,0.7546984487702244,0.75377285282072,0.7563349943083502,0.7708123404146601,0.7573289251105958,0.7422389919013432,0.7659520021810757,0.7643583222411462,0.745165949762788,0.7535148483111043,0.7596956707564998,0.737325400477812,0.7662547029439585,0.7652278052703493,0.7578042462256503,0.7509856070442283,0.7511920197056002,0.7430516210321514,0.7689905910355762,0.7551448453776053,0.7871283556172899,0.7655772030145691,0.7717103735377284,0.7361714940328334,0.767714143238811,0.7678572802760457,0.7547667475264135,0.7537307388635898,0.7599348260854752,0.7583729735700172,0.7694645321538395,0.7740864258482327,0.7525448088686015,0.7477726027163474,0.7563925930673986,0.7625111507609243,0.762107737607123,0.7684753295216404,0.7616366562473486,0.7840090028514841,0.7623250026139053,0.7561202480418893,0.7544566998913156,0.7773269448644353,0.7707869466449546,0.754782507427386,0.7744845846325994,0.7466471901806552,0.7559316123556995,0.7499257357469775
69.0,0.759326305992037,0.7716799606029344,0.7600335728883033,0.7623508608840596,0.7727229788898275,0.7533041322260989,0.7552235790477594,0.7404964115455297,0.7609784340994377,0.7694084999795279,0.7744090118725273,0.7566909503149978,0.755989258774576,0.769077261783301,0.7579869379660269,0.7542358686689717,0.7701516452168414,0.7628005695962781,0.7535359149679345,0.7604231645513041,0.7539623210627722,0.7604595102906528,0.7584824680860831,0.7606723371095887,0.7531513067673531,0.75594733478153,0.7839350430417904,0.7521118950127474,0.7499893914962246,0.767233289110321,0.7628315682911782,0.7630330104319965,0.7583625442266815,0.7677959412333388,0.751979833821321,0.7631414438275935,0.763672924481801,0.7801811223703249,0.7530880548043233,0.7690364775747609,0.7689141033418517,0.7527241987732298,0.7625990287033959,0.7568322136232558,0.7796784888539403,0.7610614096912276,0.7477246504865527,0.7595240294564859,0.7847675913360723,0.7534885137240146,0.754430415664965,0.7533778930968057,0.757736371737588,0.7705583394150021,0.7572296234393331,0.7423143889615178,0.7658390805745071,0.76443556028175,0.7455781357854891,0.7534885137240146,0.7596124583848323,0.7371133150589873,0.7667980461406161,0.7666802046274435,0.7572662106288849,0.7506360983375754,0.7512078940576827,0.7435031242466198,0.769031379295483,0.7556118131934271,0.7875686328321707,0.7657774754920517,0.7723131449105878,0.7358226479497162,0.7679186112160191,0.7675505040351767,0.7553180427400565,0.7533831613084101,0.7597424713853024,0.7586284221736488,0.7696274961296858,0.773965396669077,0.752375911891259,0.7478898000903449,0.7557009585947253,0.7627178965065371,0.7623405177448048,0.7682149298665233,0.7618023643489248,0.7843047154850487,0.7616159386832848,0.7560154594414877,0.7544672131879729,0.7766656740349276,0.7709443653407275,0.7543200065528606,0.7748521913289784,0.7470314987770401,0.7555488772370018,0.7499045153632877
70.0,0.7593263059920369,0.7721055573528649,0.7606723371095889,0.7628315682911782,0.7729555597509083,0.7533146701685706,0.7549925910490302,0.7406314957880318,0.7606360075194379,0.7697089565103197,0.7748219883900265,0.756999583685494,0.756130725664012,0.7687814946813616,0.7582478065949775,0.7539360103900001,0.7714720846666773,0.7626352090119366,0.7536412347475292,0.7598672507795919,0.7535885776711809,0.7606723371095887,0.7580495592663029,0.7607501769469586,0.7531671184920585,0.7575379148632235,0.7849545702383466,0.7521858339185143,0.7500742532243019,0.7672895849610835,0.7633014668206753,0.7628935596039281,0.7580599953619166,0.7672639967820445,0.751757891849266,0.7630123536384336,0.7639255552473359,0.7812392499762171,0.7532619782054533,0.7690364775747609,0.7686845642975519,0.7527189235280025,0.7617454086880755,0.7568060568461501,0.7801512789901701,0.761299884278055,0.7474954824799223,0.7599348260854752,0.7857753301245627,0.7535359149679344,0.7544514431585835,0.7533673565047896,0.7600075888569734,0.7705024403168339,0.7571721237136936,0.7420881646948323,0.765304900669083,0.7647804022922193,0.74502133799993,0.7535780455806835,0.7594355842664037,0.7374341290323558,0.7670746005361551,0.7664341786306503,0.7578251287703702,0.7508744263155693,0.7503552548107244,0.7429171684089761,0.7684957468344145,0.755653765996192,0.7875246256207268,0.7656491055458654,0.7715075823761934,0.7358062901345375,0.7675351599057144,0.7676067615104935,0.7552918046542715,0.7532040105469566,0.7597164715986575,0.7584459726712413,0.7693932172957942,0.7745399966101876,0.7528296918612901,0.7474688282850128,0.7558739591282763,0.7633995187015715,0.7622060364525828,0.7681332056969001,0.7614812525719672,0.7843096423127374,0.7614398030389803,0.7557271747356072,0.7545828445961923,0.7762142454331299,0.7709240562894755,0.754398872736468,0.775596555915139,0.7473888572599376,0.7559263714345513,0.7502545365678316
71.0,0.7591649450913626,0.7714517990233218,0.7608954441027882,0.7630226821477528,0.772520637880151,0.7534147693963887,0.754929575415726,0.7402639843831742,0.7603660442474124,0.7701516452168413,0.775304992331255,0.7570361882058925,0.755989258774576,0.7683170648217186,0.7582791013772625,0.7530616974282955,0.7713503573019888,0.7618282510349152,0.7535095815062245,0.7595656450955086,0.7534674450415011,0.7603868160547751,0.7576841541219917,0.7602569774881502,0.7531302236799802,0.7570571038367739,0.7852692984117975,0.7520220972288683,0.750074253224302,0.7673049371932793,0.7631569322869955,0.7626868903841313,0.7575640322520414,0.7668800052895095,0.7515094105272948,0.7627230639966633,0.7639616343279775,0.7815418115859067,0.7525395317102288,0.7690211825681202,0.76844470186441,0.7524973124175637,0.7614190769220313,0.7569525166793292,0.7811797050137428,0.760859131449601,0.7471221957392569,0.7594668020727209,0.7868345842636155,0.7533094012254691,0.754251645619446,0.7528929769104816,0.760864319140292,0.7700855233950405,0.7570989323976259,0.7426373943022686,0.7655772030145691,0.7649501570057939,0.7453747610020693,0.7534358403296615,0.7592117973750908,0.7373036520659921,0.7676016474759004,0.7670029170037379,0.7577468145854794,0.7499946957762468,0.75015910054752,0.7428741361420542,0.7679135006138341,0.7561359643906697,0.7875686328321707,0.7654641910400147,0.7716343374025869,0.7358935259635171,0.7675505040351768,0.767274232222467,0.7555383871231652,0.7533726248289321,0.7593367145158493,0.758028686399848,0.769138431343833,0.7745651816219684,0.7526714437888524,0.747351533115524,0.7560154594414877,0.7638224569671633,0.7613828040510144,0.7677601563832057,0.7615330594239926,0.7841273122131103,0.7614294400930437,0.7548035198409172,0.7544777262595543,0.776289515184732,0.770522768049388,0.7541885347790237,0.7757422667237598,0.7466899055406685,0.7557953301184294,0.7498461546659496
72.0,0.7588785265462809,0.7711727801307606,0.7613465284228177,0.7635130270810879,0.771456870518564,0.7528718827943882,0.7544409295243123,0.739798817934418,0.7603348848482989,0.7704617821508142,0.7759984019777826,0.7564292432782107,0.7563402308405178,0.7679492736474808,0.7583781881572818,0.7532883248903741,0.771624198294662,0.7618282510349152,0.7535569807244609,0.7593419186933518,0.7532145506276496,0.7600439661069525,0.7572348503495044,0.7594251778808128,0.7531723889544224,0.7588368514872126,0.7851316331954798,0.7518952962025817,0.7496975694407704,0.7674379686589028,0.7623818889513684,0.7625938598628141,0.7574909000184052,0.7672230527695946,0.7513560302563833,0.7628780625353719,0.7635594544777308,0.7809662690268042,0.7524867570317075,0.769082359556158,0.7681842849909841,0.7526503402195699,0.7613309808809842,0.7568112883141092,0.7814277555685198,0.760864319140292,0.7466311709922119,0.7595448377261491,0.786863970514558,0.7530458823274513,0.7536307037824115,0.7533778930968056,0.7615848606491198,0.7701109559903436,0.7568897535812177,0.742599720783744,0.7652535051433184,0.7644098156749398,0.7452248539059574,0.7536780913529685,0.759003530116196,0.73731452638444,0.7682711068771952,0.7686233346417466,0.7576737099236446,0.7498620718949969,0.7496763393788155,0.7425889564148875,0.7674379686589028,0.7551185980074382,0.7871136718606041,0.7652586449491052,0.7710002105894799,0.735413550643993,0.7673356401384084,0.7666289599025515,0.7553337849162998,0.7532408998446748,0.7587378587889319,0.758211293455406,0.7690058870550587,0.7747162621514379,0.7527030974547066,0.7465670891742306,0.7558529926302348,0.7632343669876926,0.7613568931693615,0.7682149298665233,0.7618282510349152,0.7840780205845947,0.7612843352169589,0.7548507944796268,0.7544514431585834,0.7762995501950396,0.770385538383128,0.754435672622773,0.776409920453412,0.7467379560161065,0.756041658701675,0.749198424967038
73.0,0.7592690550878374,0.771076352228963,0.761222133908367,0.7632137189720909,0.7712133752755199,0.7524445332375238,0.7549663355198606,0.7396472785876668,0.7599348260854752,0.7703957049503163,0.7763396879855107,0.7566386201614369,0.7560678565551376,0.7679288322515823,0.7582738857208874,0.7532303603266717,0.7715988495401428,0.7616262975778546,0.7532356301138078,0.7587847525991691,0.7538623330224631,0.7598204623048896,0.756894984148873,0.7592013861503674,0.7534885137240146,0.7590920547018124,0.7845903784783701,0.7507685168370397,0.7494639892425633,0.7674277368196949,0.7614087135259426,0.7623094869765848,0.7570257300528377,0.7668953710262609,0.7510173684089148,0.7624335978953645,0.7630123536384334,0.7815318948529999,0.7522808820204618,0.7688988042838443,0.7679135006138341,0.7525711938164306,0.7613776219872219,0.7563716488518741,0.7822255225981031,0.7610614096912276,0.7464976580610414,0.7584459726712413,0.7869912875274125,0.7528507877779911,0.7531249527674645,0.753103868554712,0.7627902362478263,0.7699583393176568,0.7566700189288014,0.7426320125398578,0.7650272979824033,0.764440709034305,0.7447427108801583,0.7535201150597153,0.7589358238723909,0.737678685986693,0.7685008510219357,0.7680821207759181,0.7574020817649703,0.7497877871600649,0.7494639892425635,0.7420396751525251,0.767233289110321,0.7548192785602412,0.7872115540061153,0.7648730033686636,0.770756472264432,0.7350532831953819,0.7669773130693835,0.7664905710389867,0.7552655651617619,0.7537623246690514,0.7584616139009303,0.7581643439388764,0.7686947684524204,0.7748924587631848,0.7520432275821863,0.746219838513704,0.756156918734611,0.7624749609991947,0.761180661867787,0.768010592433354,0.7618903733418562,0.783668682897779,0.7609110058244051,0.7541885347790237,0.7545775892139157,0.7756970511921892,0.770024479426877,0.7540885927104731,0.7754759318726561,0.7467646487552686,0.7558896834109831,0.7491931122466686
74.0,0.7597996659642505,0.7716748915835274,0.7610821513384158,0.7635904035433883,0.7714720846666774,0.7514776805607004,0.7550293464265703,0.7395444231925563,0.7591805630256928,0.7713605024869639,0.7763547387284991,0.7560468983849054,0.7559054071872692,0.7676067615104935,0.7581382589047233,0.75377285282072,0.7712844081134257,0.7612636023477322,0.7530827834416557,0.7587847525991691,0.7550660990469302,0.7597216716685244,0.7565653484932625,0.7592117973750908,0.7534779794952959,0.7595604433375723,0.7849299723933963,0.7515199867326742,0.7493471582921789,0.7672998198388165,0.7616262975778546,0.7620404687983864,0.7569420567256671,0.7670029170037378,0.7508744263155693,0.7618541363141811,0.7627902362478262,0.7814128765021965,0.7527874973269771,0.7685978198937293,0.7677703809074459,0.7529562538569398,0.7612739688948835,0.7562093006556359,0.7832293238520173,0.7608850693403654,0.7464923168122978,0.7583781881572816,0.7879205264433704,0.7529140701262714,0.753335745378286,0.7533199390554028,0.7635542961031797,0.7702482676967799,0.7563664126573205,0.742287462706079,0.7650170132503522,0.7642810715400213,0.7446355060896557,0.7535517143697328,0.7591441203911564,0.7373580214074724,0.7690976525371154,0.7692607461566969,0.7575483619875576,0.7497824806855522,0.7490496475270152,0.7419965695108505,0.766818537278295,0.7543620700929827,0.7872996286930833,0.7649038663427783,0.7705989890281364,0.7351952359956146,0.766874883264721,0.766080289130513,0.7544461863695824,0.7541148952242429,0.7581956441229837,0.7574909000184052,0.7688478037663358,0.7753753870789013,0.7520168144998662,0.7463267101918312,0.7556223017317322,0.7620559932136681,0.7608695067747138,0.7681587460473045,0.7614812525719672,0.7833774722048177,0.761123631931881,0.7541464563838902,0.7545670782805557,0.7759783182275357,0.769607128783768,0.7540885927104731,0.7751339877429106,0.7466952447074598,0.7558215411951029,0.7491452952312384
75.0,0.7600751444124441,0.771416296981094,0.7605529581027431,0.7641213799712453,0.771502511443641,0.7510067815124286,0.7548507944796269,0.7388238666599103,0.7586544807613803,0.7718624078264482,0.7758527743909869,0.7558372671658793,0.7557324177949768,0.767412388638866,0.7579243085630174,0.7536991510324448,0.7710154399302181,0.7606982851287699,0.7527452991914494,0.7586805379423871,0.756041658701675,0.7596748690140385,0.7563821210721743,0.7590608125872949,0.7536096411769481,0.7598620522852565,0.7845509879399843,0.7515570016790298,0.7493790239795586,0.7670438803727175,0.7611028920853002,0.7617609427253531,0.7571878061322774,0.7669363438484296,0.751139101541174,0.7615745008542462,0.7624853012124624,0.7814475935358518,0.7525131450743305,0.7681842849909841,0.7675351599057144,0.7529404353799565,0.7607346099923263,0.7560573775825595,0.783599599780111,0.761211766235836,0.7464068491798186,0.7577676996060347,0.7885453948425297,0.7528033206993618,0.7531671184920585,0.7527822227569776,0.7643892189766501,0.7699125444406445,0.7558896834109832,0.7423736217718129,0.7652380853883438,0.7638018346102177,0.7445926178713287,0.7536096411769481,0.7591961804536023,0.7366290047489306,0.7692811288077779,0.7691027500848965,0.7574073068182653,0.7497134913964121,0.7485498577605937,0.741797159074177,0.7663931616935994,0.7539991536413562,0.7868835602231402,0.7647598217993965,0.7704922761129429,0.7350642039920092,0.7668236599220423,0.7653871218063578,0.7545828445961923,0.7538096995790875,0.7579295279894143,0.7569577465717565,0.7690160841200353,0.775304992331255,0.751493545797208,0.746299994382386,0.7557638749695448,0.7619524875460636,0.7605737218073724,0.7677192560354863,0.761227317660229,0.7831601706231972,0.7607709320987025,0.7544093872710429,0.7546774318551746,0.7761239050193196,0.7691690130855742,0.7539623210627722,0.7747414373161469,0.7461236347593974,0.7551605931244778,0.7492834208403694
76.0,0.7599816034189191,0.7717813291745904,0.7606308173529119,0.7644561549543563,0.7710966545279372,0.750863836380558,0.7546511594453104,0.7388130236270165,0.7586023621791929,0.771588709644452,0.7760686880137551,0.7557586322477892,0.7550503482615327,0.7673151717333982,0.7576058171481631,0.7535253817520573,0.7708732797225165,0.7606723371095887,0.7525236998974968,0.7579556242773637,0.7560940530018758,0.7597788687233079,0.7561673955689678,0.758784752599169,0.7530933261107218,0.7607138532650509,0.7849299723933963,0.751757891849266,0.7490443332311141,0.7669312224425999,0.761123631931881,0.7616003999194128,0.7571407573572629,0.7670438803727174,0.7507473322404228,0.7612895182935934,0.7623922311903195,0.7812293263784945,0.7524023058421251,0.7678879467588741,0.7673100544914733,0.752655616196294,0.7605321934978102,0.7559997392101476,0.7855494091476918,0.7606463876836831,0.745642342520611,0.7570152716747072,0.7888184848693649,0.7523231197693532,0.752803320699362,0.7522333602483818,0.7645024896759852,0.7691944963229613,0.7559787781139282,0.7426535392518874,0.7649707291708073,0.7636368233437185,0.7444371178915841,0.7530247947385598,0.7587951728269297,0.7360461540025383,0.7693015105585551,0.7688784047520685,0.757511796067681,0.7498302369304816,0.7481773509080234,0.7415491359786632,0.766505949605066,0.754014938188143,0.7862807648796943,0.7645642622149318,0.7699888667035608,0.73565904700899,0.7666597074127145,0.7653357352836305,0.7541306760572771,0.7538360170041376,0.7578982105869984,0.7567328103864799,0.7686182318046811,0.774791783425391,0.7508744263155693,0.7461022536714941,0.7556799846691782,0.7612428685782016,0.7607968747723304,0.7673868072121046,0.7612480521049876,0.7829526447644135,0.7601271037534114,0.7539938920132224,0.7548770561983844,0.7759783182275357,0.7688886046304944,0.7535885776711809,0.7741065942270291,0.7457011915764468,0.7542831980011322,0.7487998147928954
77.0,0.7597164715986573,0.7716292678767591,0.7608331921521121,0.7645539673544638,0.7716039194035845,0.7512660956826078,0.7540833320389122,0.7381023147852359,0.7582791013772623,0.7722574599721661,0.7760285259150834,0.7554649500241828,0.7548455419670683,0.7676630121772632,0.7577207070437334,0.7540465057624545,0.7707412343145393,0.7600959288240587,0.7525184225140481,0.7576893761367618,0.7563611764064978,0.7594876128182193,0.7557743602442488,0.7586440574950946,0.75281386933294,0.7612947013139586,0.7850922921737985,0.7516521703091374,0.7495277037366281,0.7670848401404824,0.7606775268259629,0.7617712984688599,0.7571355294342498,0.767366341057854,0.7506413957527818,0.7609576879507309,0.7620094184485606,0.7808321979073289,0.7516574569206992,0.7681434220058687,0.767248643199393,0.7527663987093651,0.7600543591005255,0.7560573775825595,0.786388644447833,0.7602206163873694,0.7452569805688771,0.7573968566554061,0.7897048087829602,0.752074921424094,0.7518741595471375,0.7524498114087381,0.7644304114729259,0.7683477009192965,0.7559368532205787,0.7429548186884112,0.7646671984404353,0.7639719421303115,0.7448927597741059,0.752433976726288,0.7584981081341233,0.7352771145391908,0.7690058870550586,0.7688835047194158,0.7571616684866259,0.7495277037366281,0.748416851250264,0.7423736217718129,0.766064896553457,0.7533515511947482,0.7860109468097778,0.7648884351089313,0.7696733193662653,0.7361987379266773,0.7661777636916508,0.7651661198357872,0.7543673277822875,0.7540254609379894,0.7574125318152913,0.756706648263821,0.7686488479830393,0.7757221714946405,0.7503340526581849,0.7459899881893939,0.7552498207910283,0.761284335216959,0.7604335493296058,0.7673509908513414,0.7616988035377176,0.7825521360185382,0.7595188272483976,0.753683356357241,0.7545355441300199,0.7753100208932638,0.7687457858506237,0.7533620881243781,0.7740360009624134,0.7456797927075449,0.7542463866922235,0.7487732295274894
78.0,0.7602362000538894,0.7716900984729418,0.7609680611376223,0.7653562905679492,0.7720245219155856,0.7516680299750158,0.7543778429920903,0.7373634580321411,0.7577833627806267,0.7725459354298967,0.7753804148531442,0.7553390321958429,0.7548455419670683,0.7670233991383795,0.7576162628095038,0.7541411963312883,0.7699736032638193,0.7599868006190679,0.751916431957722,0.7576893761367618,0.7569734359114254,0.758690960420907,0.7555803462280561,0.7587951728269297,0.7526925464578311,0.7615641408342966,0.7862562429978703,0.7514512373744748,0.7490762181624857,0.767484009150023,0.760241394496858,0.7612687856494423,0.7571093889751491,0.7668492722967439,0.7507791087977345,0.7603244979317758,0.7620301189068538,0.780285558248611,0.7517050338926509,0.7676732388397247,0.7670438803727175,0.7528929769104817,0.7600283761945753,0.7560626170969831,0.7862562429978703,0.7601374949463773,0.7454068782118002,0.7570727899691109,0.7890085683283354,0.7523178402476831,0.7518001741631914,0.7527400241712978,0.7646311733217479,0.768138313879519,0.7557429037449086,0.7427988210095179,0.7647238037706008,0.7640750077744743,0.7434762601684064,0.7520273799016013,0.7587743321463325,0.7348075057668181,0.769714047305823,0.7679850439239473,0.7571930334926009,0.7496869545223309,0.747735306931501,0.7415437428499179,0.7661162031742295,0.7533252078859661,0.7845706836593291,0.7653871218063579,0.769770042342606,0.7352989466792563,0.7661572444194807,0.7651661198357872,0.7540465057624545,0.7549348270279808,0.7574229816405368,0.7568792922770998,0.7687049723822128,0.77528487752053,0.7505831210907177,0.7460808716832871,0.7560206994060632,0.7615123373584102,0.7606204368510527,0.767248643199393,0.7612325013558222,0.7824680317553664,0.7589931143899541,0.7535043146450754,0.7546038655626087,0.7750031756384881,0.7684089670374022,0.7531934702411879,0.7736172572399747,0.7450695464786703,0.7537254743657381,0.7485711355386454
79.0,0.7606152465157199,0.771867474763903,0.7609317539987952,0.7651764013042374,0.7733345123560762,0.7513190003424783,0.7548035198409172,0.7369283502486663,0.7577520359250217,0.7722777098284488,0.7755814796823015,0.7546459047945305,0.7546143757082032,0.7673765742475172,0.7571930334926009,0.7537570605088135,0.7699532512230646,0.7596748690140385,0.7519005802257703,0.75737595565446,0.7577990254487978,0.7586961715757634,0.7555121608538665,0.7588264321597558,0.752433976726288,0.7639410180480819,0.7866190231941561,0.7512449322431283,0.7488210819923784,0.7674379686589028,0.7598776475994559,0.7612065823151668,0.7569054451153767,0.7666187102823454,0.7503817562353468,0.760241394496858,0.761688446218679,0.7803949406487294,0.7512978391537579,0.7680157019664284,0.7667775541026336,0.753251439137602,0.7598724492176585,0.7563821210721744,0.7866239235191542,0.7596228607190564,0.7454122308831471,0.7568479070142913,0.789188824803426,0.7530564257842831,0.751757891849266,0.7525500859707053,0.7643119733397338,0.7680003731983984,0.7556432781331146,0.7431430287278842,0.76521238467134,0.7637141795491853,0.7434117806412581,0.7516415969172071,0.7589045716294563,0.7346818421898746,0.7694747190903992,0.7683017460132981,0.7571355294342498,0.7495914101279594,0.7474741592365328,0.7415922789829423,0.7656953227778592,0.753709680534569,0.7840040725913874,0.7660238472054723,0.770253352527771,0.73617694292414,0.7657261317337509,0.7651506972110945,0.7547142108656874,0.7549978419860571,0.7570152716747072,0.75677989866232,0.7677448191748284,0.7754759318726561,0.7508267698355456,0.7460648346013075,0.7562093006556359,0.7608902567497113,0.760303723423502,0.767100199124956,0.7617143390942577,0.7824185510630703,0.7587430694373675,0.7533673565047896,0.7540412446407416,0.7751138652796039,0.7684038618370395,0.7532040105469567,0.773147601961288,0.7447105518063046,0.7534200372141104,0.7481933211424521
80.0,0.7603972016208427,0.7725914674744927,0.7608435680399147,0.7657928775222969,0.773597067028813,0.7509909007456819,0.7556380341171725,0.7361878405379467,0.7589254066831553,0.7725712315729175,0.7756669049723716,0.7550713491961915,0.7546931946258655,0.7682302515446616,0.756790362104659,0.7537412676904863,0.7702787758386921,0.7604335493296058,0.7529404353799565,0.7571198453275964,0.7580965199240912,0.7592794648495672,0.7554387198160554,0.7586232102872956,0.7523442372933432,0.7656491055458654,0.786942323947064,0.7512978391537579,0.7492303001076068,0.7675607331734733,0.7596644678051939,0.7617609427253531,0.7573184732596672,0.7674482002730344,0.7509379611990424,0.7602465888835578,0.7619421357413854,0.7801264079593105,0.7506202057543425,0.7673765742475172,0.7666084604370633,0.7542779394115237,0.7598100642471082,0.7561045311866883,0.7882330758818259,0.7589983222812097,0.7454175834982251,0.7569682061878049,0.7894225562526573,0.7529457082618866,0.7518001741631914,0.7525500859707053,0.7645333769583003,0.7682302515446616,0.7561883485624536,0.7438683360507077,0.765304900669083,0.7636832385862611,0.7432989219715462,0.7518741595471375,0.758810802746553,0.7340421361946322,0.7699837789465827,0.7689497991744546,0.7575117960676809,0.7504135560880171,0.7477406350695717,0.7412416378348856,0.7661264638231562,0.7539044357257969,0.7843539812298321,0.7664495590536062,0.7704566996268514,0.7366943310117247,0.7660238472054723,0.7650530088278239,0.7563978289806073,0.7556904717444897,0.7574177567560486,0.7569629764079153,0.7677857172717887,0.7780322193604412,0.7506308008661,0.746310680874971,0.755711445219885,0.7612480521049876,0.7608331921521122,0.7668646390463371,0.7621956901622651,0.7822849250875141,0.7588785265462807,0.753625438215449,0.753609641176948,0.7747061916916715,0.7690925549330653,0.753725474365738,0.772899953420255,0.7450159812209473,0.753409501522398,0.7481241131357774
81.0,0.760558149113304,0.7734001652884473,0.7604231645513041,0.7667160725868634,0.7738594695502217,0.751625736407294,0.7570780185673518,0.7359262356856316,0.7598412577452249,0.7723182068401031,0.776033546374359,0.7554544581097388,0.7547667475264135,0.7683936512675071,0.7569472867306326,0.754209572626135,0.7698565667347077,0.7606152465157199,0.752581747401679,0.7575483619875576,0.7588524800563805,0.7596592671163682,0.7555488772370018,0.7588212224116239,0.7522175186448469,0.7670336398680864,0.7867170190030117,0.7512131853958391,0.7491559216285502,0.7685110592281709,0.7594355842664037,0.7616159386832847,0.7571668961282942,0.767898168469665,0.7510967629582662,0.7597060712901166,0.761807541798661,0.7800667117458117,0.750959137692926,0.7672844674378136,0.766064896553457,0.7542516456194461,0.7598412577452249,0.7567223457062233,0.7890134411378011,0.7594876128182194,0.745080258854987,0.7570571038367739,0.7898069569895007,0.7529984339863932,0.7518160291024751,0.7528085950442855,0.7642913723650013,0.7683579125016706,0.7565496459866519,0.7433741638418676,0.7662085409118364,0.7631311179066473,0.743433274717278,0.751842452875902,0.7584876814916988,0.7337083087811835,0.7704566996268514,0.7686845642975517,0.7583521146582699,0.7512819676713932,0.74775661914617,0.7411013148094568,0.7661675041681038,0.754330522775505,0.7842948616608643,0.7672895849610837,0.770400788149507,0.7371731426886944,0.7658750131307187,0.7646877829846248,0.7564344787975366,0.7560678565551376,0.7576423759781481,0.756863599898906,0.7672844674378138,0.7789010160487324,0.7505301382169618,0.7472715435216846,0.7562669142696955,0.7609732476466643,0.7605789125928573,0.7669824339687923,0.7625008111103465,0.7821314520853198,0.7588003828564065,0.7537886446262057,0.7523547957177246,0.7745601447321503,0.7690874572727462,0.7534305726807466,0.772682517890322,0.744753430121291,0.7532408998446748,0.7477406350695717
82.0,0.7606204368510527,0.7738645142614284,0.7604231645513041,0.7678112767536467,0.7738796480574348,0.7530880548043233,0.7572714371451736,0.7356317752619996,0.7598984405639561,0.7722979587844279,0.7765553669103535,0.7559578161174053,0.754419901580542,0.7693779341056399,0.7566909503149979,0.7547299724547294,0.7697395004393046,0.7603452715397461,0.7524286983862667,0.7575744788136857,0.7585606632620762,0.7591753571038518,0.7545197762951208,0.7587847525991691,0.7522227992356275,0.7689854922498774,0.7868639705145581,0.7511973112125634,0.7494321289570061,0.7684191772693207,0.7594720048434991,0.7625731839377973,0.7570257300528378,0.7685416824964209,0.7504824488195836,0.7597996659642505,0.7617505867567702,0.7799622238749859,0.7507208502285992,0.7677959412333388,0.766193152554954,0.7547457335373509,0.7598724492176585,0.7569315965469289,0.7899236674117253,0.759503220286519,0.7446998316648684,0.7572087152359571,0.7894907035046114,0.7527083728687407,0.7518054591992216,0.7530985973608514,0.764167747610229,0.7681740695823193,0.7565653484932625,0.7432451710261816,0.7663316295357452,0.7630071892993704,0.7430677529836354,0.7518900121231241,0.7577676996060347,0.7336809365940595,0.7703194502101787,0.768516163246885,0.7589722822622423,0.7509379611990424,0.7482518743359785,0.7406855196379605,0.7659160755331073,0.7542411277087322,0.7842160229646546,0.7672793498582748,0.7701618169607761,0.7377167179386351,0.7658134127748579,0.7642089594630345,0.756769434994905,0.7569629764079153,0.7580078126330894,0.7570257300528377,0.7675300450833558,0.7800517864263847,0.7501697054500805,0.7470741817261196,0.7567118808008907,0.7610406671437357,0.7602777540221075,0.766915857887497,0.7621232598279144,0.7814624714205267,0.7587326480842272,0.7537254743657381,0.751789603922324,0.7743485445488946,0.7690415757977699,0.7528085950442854,0.7726875757122016,0.7443405768609976,0.7534200372141104,0.7479324105649752
83.0,0.7615330594239926,0.774277989097035,0.7603193043891109,0.7674635472722148,0.7736879158891476,0.7540833320389122,0.757219169450183,0.7355444962184418,0.7618230738102552,0.7728746755646534,0.776705778964313,0.7561778721782487,0.7541990538151173,0.7699990420487104,0.7567485069848474,0.7546406500874818,0.7695511139403031,0.7606100561241178,0.7524762014207754,0.7576423759781481,0.7592846696460285,0.7586284221736489,0.7539728449379982,0.7588420610665377,0.7519005802257701,0.7701567311169433,0.7869961835759681,0.7510332483316269,0.7492781090203036,0.7684753295216404,0.759076433897764,0.7629038907016207,0.7572505307424052,0.7686386428153291,0.7506255033383558,0.7595968544614784,0.7619214314568015,0.7801214335843318,0.7507208502285992,0.7673509908513414,0.7658647469674318,0.7549190720224096,0.7594980178533548,0.7570989323976258,0.7902736042127957,0.759378346360339,0.7447587896574539,0.757866891158899,0.7899090803814202,0.7523072810355362,0.7517314635743206,0.7531882000039,0.763987403411795,0.7674175047554113,0.7564920657963676,0.7435084968934556,0.7667314437254372,0.7626403774023667,0.7431645340577004,0.7515146986581189,0.7576058171481631,0.7338506214778273,0.7702126723043103,0.7684957468344147,0.7583677589264839,0.7505725249661184,0.7486562376478154,0.7402099166434389,0.765705592654899,0.7538570699313359,0.7838068160469538,0.767484009150023,0.770105869583821,0.7379285597690355,0.7656234273364546,0.7641471403333705,0.7566176865244809,0.7575379148632235,0.7587482800295341,0.7568949841488729,0.7672384071962806,0.7807924652535305,0.7504506533558939,0.7473088735743412,0.7561569187346111,0.761108077131349,0.7606204368510529,0.7669721921137056,0.761916255244983,0.7815467698679566,0.7590087378949135,0.7535517143697327,0.7516204494581182,0.7740410437042058,0.7688529040712969,0.7530985973608514,0.7725358165788053,0.7453265813893171,0.7532040105469567,0.7478365319328486
84.0,0.7607501769469586,0.7744644331344978,0.7601167123353698,0.7688223013974945,0.7738846925435656,0.7538939103875775,0.7575013481555811,0.7356045021082849,0.761424258535672,0.772844340281055,0.7771016217736361,0.7566647859415796,0.7537991722151844,0.7703957049503164,0.7567537390717654,0.754430415664965,0.7689599974773489,0.7611962143050219,0.7523811907939701,0.7574229816405368,0.7591441203911563,0.7580339047008652,0.7537675887730202,0.7591285012751775,0.7518213139696985,0.7711829292545642,0.7871821917257593,0.7509697256022538,0.7491346686088506,0.7689650965443926,0.7584981081341233,0.7628780625353719,0.7566333868366014,0.7690211825681202,0.7504665513409491,0.7591857688912649,0.7620456436597492,0.7797332589712473,0.7509856070442283,0.7670950795197338,0.7649347272912096,0.7555383871231653,0.7594251778808128,0.7566281534554968,0.7910792914111203,0.7589462408365506,0.7445926178713287,0.7578407900880859,0.7895929037036917,0.7525025900260882,0.7512766770647339,0.7533410140400423,0.7634407976270043,0.767427736819695,0.7565653484932625,0.7430516210321516,0.7665367052179626,0.7621180858105864,0.742987088162008,0.751001487979782,0.7571773512428239,0.7339053470019657,0.7703855383831282,0.7681536380897616,0.7580495592663029,0.7495648667829451,0.7481507327252628,0.7400260442391409,0.7652380853883438,0.7538675960573213,0.7829526447644136,0.7671718676898239,0.7698260305708424,0.7376732526256253,0.7647855472747527,0.7638688539785556,0.7569315965469289,0.7579712813749059,0.7589306153059077,0.7564292432782107,0.7671104381665935,0.7807725975761759,0.7497294128456329,0.7477406350695717,0.7565077701598548,0.7598776475994559,0.7606360075194379,0.7665725842061029,0.7617246958506062,0.7813136697848414,0.7588785265462809,0.7532250904832666,0.7512555140754059,0.7734254138841783,0.7680259208637703,0.7529773443718184,0.7720751707519546,0.7449891964819991,0.7529562538569398,0.7476447199751446
85.0,0.760480278046649,0.7745903652270247,0.7601738623492842,0.7696835016887685,0.7743636621394341,0.7549610842452199,0.7583938315814609,0.7354517464512116,0.7616729098181043,0.772712863977565,0.7763196195404269,0.7566909503149978,0.7538623330224631,0.770080436707173,0.7560678565551376,0.7542043132487606,0.7690619681271158,0.7612325013558222,0.7524498114087381,0.7567223457062231,0.7592013861503673,0.7582373745507305,0.753609641176948,0.7589826984386362,0.7513877679880971,0.7724346156887167,0.7866680239120329,0.7504188558665206,0.7485179394054466,0.7686437454273187,0.7581121724638455,0.7629607077156978,0.7563768849901586,0.7691282369797675,0.7505619286164431,0.7583156093963561,0.7619473116718589,0.7789209683546366,0.7514776805607004,0.7668953710262609,0.7648730033686636,0.7554229810159511,0.7587170156324997,0.756403064837547,0.7906572270309585,0.7587691218355109,0.7442869350774587,0.7581226072090037,0.7896123675948292,0.7523389579967492,0.751546426261416,0.7531196817986798,0.763074321318211,0.7669363438484296,0.7564501850179002,0.7425943386274503,0.7664546857487203,0.761869666806513,0.7421851301060833,0.7508108833293627,0.7559368532205787,0.732985211394506,0.771127106288329,0.7679748241263018,0.757736371737588,0.7494321289570061,0.7476713648856719,0.7394036407871558,0.7653049006690829,0.7536728262924269,0.7825175068207643,0.7674635472722149,0.7693575557310016,0.737325400477812,0.7647495312153714,0.7631001387933531,0.7572034880444407,0.7585085345514719,0.7584199028297134,0.7559787781139282,0.7657518043162637,0.7808073654207224,0.749501157015475,0.7474155156750206,0.7569472867306326,0.7585971500114947,0.7608695067747138,0.7662547029439585,0.762619703503033,0.7813880769329445,0.7591285012751775,0.7527400241712978,0.7506202057543425,0.7730920191510693,0.7685212672093301,0.752249201345496,0.7721055573528649,0.7446944715097468,0.7526397880973146,0.7476660360161044
86.0,0.7605010449023412,0.7742376667443018,0.7599764061625012,0.7703245342534039,0.7742225449335887,0.7561569187346111,0.7578877710027079,0.7353971801682931,0.7618748435247521,0.7733446134261691,0.7765704103946434,0.75677989866232,0.7538991730848217,0.7696325878254928,0.7560940530018758,0.7536465001456847,0.7686080259617432,0.7617557647691962,0.7532461695192729,0.7555541222095167,0.7587795424008852,0.7576841541219917,0.7527452991914493,0.7590556053712669,0.7510808850612376,0.7729858876070012,0.7862660519194068,0.7502015188073066,0.7480016449055333,0.7685569933709144,0.7573446024649714,0.7624491094813182,0.7566386201614369,0.7693320814966516,0.7510597137441004,0.7579451859309909,0.7617246958506062,0.7783270022334763,0.7512713864018052,0.7673407570989883,0.7644818970290622,0.7556275459164813,0.7585971500114949,0.7557009585947253,0.7905698501919092,0.75845118647074,0.7439273899819081,0.7576475984430698,0.7899285296426223,0.7526397880973146,0.7504983457917971,0.752961526570063,0.7624697908081574,0.766244445108481,0.7560678565551376,0.7419319042960606,0.7664290517104604,0.7615745008542462,0.7414844147199668,0.7503393532807233,0.7557166884480614,0.7325355208290344,0.7709342109276395,0.7675658476582181,0.7577729207205011,0.7492674852113648,0.7476660360161045,0.7389702255746694,0.7652072443591322,0.7533146701685705,0.7820769809251161,0.7673458740032993,0.768546786177521,0.7372003348150746,0.7642141106914249,0.7625886909659634,0.7579295279894143,0.758722226506011,0.7591024682898331,0.7558529926302348,0.765274064028852,0.7811002991261913,0.7497187986024214,0.7470795168415441,0.7565705825495948,0.7583781881572816,0.7622060364525828,0.7661264638231562,0.7626920582118715,0.7811400038705745,0.7592065917908636,0.7525236998974968,0.7502227265867445,0.7730162134374106,0.7683732294532144,0.7520062488730553,0.7715025114436409,0.7441152435573781,0.7518054591992216,0.747580766450443
87.0,0.7602725599730217,0.7741822176291853,0.7595500396528925,0.7709139014262355,0.7747666110741311,0.7564606555501308,0.7583886171630034,0.735391723230522,0.7621749969064017,0.7738140646172567,0.7774220470690093,0.7565758165496581,0.7539991536413562,0.7687202778548843,0.7552708131728016,0.7534621777302003,0.7686641553125871,0.7616884462186793,0.7532619782054533,0.7551080986654886,0.7582738857208873,0.7576058171481631,0.7526714437888522,0.7590920547018123,0.7510967629582662,0.774575255232798,0.7862807648796943,0.7498832940792941,0.7470848519006996,0.7684855382905655,0.7569106755142251,0.762562845637675,0.7567432748416605,0.7692964152052644,0.7510597137441004,0.7571982607966553,0.7618437823712816,0.7778372553550199,0.7511655613267493,0.7673612243786186,0.7637966788803088,0.7565025354282946,0.7580078126330894,0.7553023000573924,0.7916946437406613,0.7583781881572816,0.7434279012826766,0.7576110400069679,0.7902833205155874,0.752776948130709,0.7500795566040204,0.752375911891259,0.7617816539872909,0.7660905505672055,0.7561045311866881,0.741290202327477,0.7662649605543602,0.760859131449601,0.741139097827421,0.7500265202747314,0.7554544581097388,0.7320140647753726,0.7708021830755848,0.7668851272580288,0.7567118808008907,0.7490655900771044,0.7474475039162438,0.7382868663561506,0.7648575711219749,0.7527294739621881,0.7816657517564596,0.7664393054945713,0.7674942397513131,0.7372112112717439,0.7636626101522654,0.7618075417986608,0.7581539100940221,0.7588941537649931,0.7591337077034395,0.755344279419117,0.764893578909816,0.7804197964869637,0.7503817562353466,0.7469994842019332,0.7559106483334932,0.7584146886926009,0.762330174380474,0.7665469566387761,0.7629400477710717,0.7803104202764333,0.7596956707564999,0.7520590747563505,0.7499946957762468,0.7722979587844279,0.76844470186441,0.7515041223402014,0.7708529675202014,0.7438898109952737,0.7515940138682052,0.7473088735743412
88.0,0.7600231794445784,0.7733547142711861,0.7588264321597558,0.7718928086071422,0.7745853286185516,0.7567171132816914,0.7580965199240912,0.7345944064934699,0.7617816539872908,0.7742124634451019,0.7779622421286438,0.7567589711024142,0.7537517962923067,0.7684804339342376,0.7548455419670683,0.7527822227569777,0.7686590529256735,0.762929717461145,0.7531987404222068,0.7542358686689717,0.7584981081341233,0.7569002146602593,0.7523072810355362,0.7587378587889319,0.7502227265867444,0.774917624080822,0.7855051932908613,0.749479918625711,0.7467806637235381,0.7678879467588741,0.7562878629867387,0.7619214314568015,0.7573027950612568,0.7693881229553452,0.7513084198606561,0.7570518750134569,0.7617195175005664,0.777256856557667,0.750959137692926,0.7674533159956969,0.7630278463180091,0.7558634759917936,0.7574491052189427,0.7546879404252373,0.7918398700452098,0.7579712813749058,0.7428526186581379,0.7575535854653213,0.789451763568236,0.7523970271644898,0.7497347198828352,0.7520326625180653,0.7610614096912276,0.7654076748399173,0.7555121608538665,0.740960953746196,0.7655207004315653,0.7601426904584566,0.7409231577300968,0.7493737131723344,0.7551080986654886,0.7313546575745593,0.7693320814966516,0.7664393054945713,0.7555803462280561,0.7479856685940547,0.746620491251905,0.7381023147852357,0.7644407090343049,0.7517631773354482,0.7809910925103736,0.7661418543745289,0.766946586491282,0.7374558720423535,0.7629916959445671,0.7605789125928573,0.7577781417786984,0.7587847525991691,0.7581226072090037,0.7550083436913042,0.7646157331411327,0.7794892306077301,0.7503976564148922,0.7467806637235381,0.7559630567009397,0.7577990254487978,0.7631775827784323,0.7665982103667053,0.7628264019827006,0.7791852514135691,0.7597008710514427,0.7515464262614159,0.7495489401007089,0.7718168028572512,0.7680157019664284,0.7506149081140601,0.7702482676967799,0.7432290446453271,0.750895605510364,0.7468874172368025
89.0,0.7603556580061172,0.7726875757122016,0.7585502379701072,0.7727280362615553,0.7734658087113607,0.7572609840563272,0.7575483619875576,0.7342718628678535,0.7618748435247521,0.7732587471560847,0.7783719518941052,0.7566386201614369,0.7535464479587355,0.7682404657154089,0.7541359362224171,0.75155700167903,0.7686029229558706,0.7633014668206753,0.7534621777302003,0.75377285282072,0.7582478065949773,0.7563664126573204,0.7508055877147638,0.7587326480842272,0.7494055771716446,0.7757523140007054,0.7850480292198299,0.7491612347428026,0.7459953347274216,0.7671769864510114,0.7554806874738316,0.7613879860585381,0.7576214855557705,0.7693473662060686,0.7515252747509605,0.7566333868366014,0.7615641408342966,0.7762393367570553,0.7500318241608707,0.76790838995538,0.7625525071124768,0.7560154594414877,0.7567275780744862,0.7543357808024237,0.7920285885312071,0.7569786655787771,0.7422336059750276,0.7570675613146008,0.7886039289890057,0.752518422514048,0.7496338765539949,0.7516415969172071,0.760303723423502,0.7649553001314509,0.755344279419117,0.74017206587762,0.7650787182665202,0.7596644678051939,0.7403450754423426,0.7486881472250013,0.7540833320389122,0.7307329750407758,0.769383028558627,0.7657774754920517,0.7551028489101101,0.7476234030338811,0.7455513805877565,0.737325400477812,0.7638585439254624,0.7519798338213208,0.7807080214070505,0.766136724247007,0.7662547029439585,0.7378145017259652,0.761947311671859,0.7594511934227727,0.7574752273906242,0.7586701152387915,0.7576998199974949,0.7547772541833309,0.7634717544577815,0.7793746400912802,0.7506731790623713,0.7463480818265453,0.7554754417135511,0.7572505307424051,0.7637193361793979,0.7664905710389867,0.7622939708328436,0.7789459074709648,0.7605685309656186,0.7519798338213208,0.7485817740900573,0.7715075823761934,0.7684855382905655,0.750063646296058,0.7698005822202242,0.7427288756540991,0.7503128496053415,0.7462251826321655
90.0,0.7601219080725252,0.772495338923681,0.7578303492658779,0.7717610572608665,0.7729403950632306,0.7582321584442036,0.7581382589047232,0.7344741588904785,0.7617143390942577,0.7736475408686472,0.7786515362618043,0.7561673955689678,0.7537570605088135,0.7681536380897614,0.7537781168121509,0.7510014879797821,0.7692046892240332,0.763997710651439,0.7534832466377898,0.7531618479734258,0.7577520359250217,0.7551080986654886,0.7503287519793775,0.7584876814916988,0.7487253725048129,0.7774170421962422,0.7853233691056543,0.7486828291028095,0.7455353267938891,0.7667673077460282,0.7551238475940096,0.7606308173529119,0.7573289251105958,0.7693779341056399,0.7508903107960688,0.7560888138250661,0.7613983499047783,0.7755865051495163,0.7496073354597399,0.7675863050345075,0.7617195175005664,0.7554544581097388,0.7560573775825595,0.7538149631766353,0.7923912681466871,0.7558110569332405,0.741349552739945,0.7561045311866881,0.7884722157649656,0.7527294739621881,0.7497028768155866,0.7514459485684227,0.7601426904584566,0.7642192618635462,0.7558320252318895,0.7396256265083445,0.7649861577037432,0.7592638501225689,0.7395444231925563,0.748161380167174,0.7536465001456845,0.7298239179800355,0.7686233346417465,0.7649604432008386,0.7537202098116174,0.7473675295150295,0.7445068306310298,0.736220532028911,0.7633479149805724,0.7513824785068173,0.7803750549653004,0.765572066697459,0.7653254573038571,0.7371296323604988,0.7616211181587043,0.7586753266187237,0.7568740615406375,0.7584146886926009,0.7570361882058925,0.7544409295243123,0.7631930700561856,0.7792699879712952,0.7513454505623267,0.7471168610739842,0.755228827508951,0.7566281534554969,0.7656285630908748,0.7658955447820648,0.7621284337889735,0.7786615181541927,0.7613568931693615,0.7516310233002005,0.747580766450443,0.7709849807423206,0.7684753295216405,0.7490921598685403,0.7688376029876061,0.7422605350439158,0.7499363456012083,0.7459365197143204
91.0,0.7594147712701458,0.7721258139614255,0.7574647786907586,0.7713554299226109,0.7726420532896016,0.7581173898645592,0.7589097804772846,0.7339162914315656,0.7609317539987954,0.7735516357619643,0.7793995536052214,0.755522651530393,0.7535253817520574,0.7681229891628556,0.7533936975628123,0.7506308008661001,0.7696173125692649,0.7647752572534172,0.753335745378286,0.7527769481307091,0.7587013826743509,0.7545040079538007,0.7499893914962245,0.7581956441229837,0.7484966593766356,0.7771767421310902,0.7854118337366698,0.7481879977872448,0.7451820152043348,0.7662598317772937,0.7548980645605488,0.760069948168868,0.7572243964728926,0.7696122207046509,0.7506678819847789,0.75600497934353,0.7610302955323759,0.7752748197775535,0.7495223945049354,0.7673151717333981,0.7608850693403654,0.7551920870989604,0.7552183305302987,0.7535991095366024,0.7925942304784662,0.7556485220927879,0.7408259553138921,0.7556223017317322,0.7879889163271764,0.7523706329322788,0.7498939048338288,0.7504930468573282,0.7597164715986575,0.7635027092628752,0.7556537659961919,0.7391219618628588,0.7653819834072956,0.7582843169773685,0.7388726575226174,0.7474048524777943,0.7530458823274513,0.7292667090088882,0.7677857172717886,0.7644098156749398,0.7526397880973146,0.7468020162267985,0.7441045109242277,0.7351952359956144,0.762893559603928,0.7521118950127476,0.7794593402992439,0.7651866825476116,0.765351151831273,0.7368249592291132,0.7609525012728817,0.7579973754120961,0.7566647859415797,0.7577415931896683,0.7569263663731566,0.7539991536413563,0.7627540677557718,0.7788012410146559,0.7520643570352007,0.7464923168122978,0.7547877606151724,0.7563611764064978,0.7659366053838461,0.7652380853883438,0.7619110789768957,0.7782970332609527,0.7613465284228176,0.7521594284325068,0.7469728038419472,0.7701313010537444,0.7684191772693209,0.7488263986515769,0.7685212672093301,0.7420773896348691,0.749612643791129,0.7455834866562286
92.0,0.7587326480842272,0.771416296981094,0.7569472867306326,0.7717154421632527,0.7727078064370303,0.7583416848647824,0.7597788687233078,0.7351078849277592,0.7616729098181043,0.773243592596824,0.7798875744889139,0.7549715867382325,0.7542043132487606,0.7690925549330653,0.7526028538969489,0.7498514604652343,0.7696987747505062,0.7652380853883438,0.7526661679809352,0.7527294739621881,0.7598724492176584,0.7539938920132225,0.7493206020052987,0.7580443411340927,0.748086843347201,0.7776672169051019,0.7856329155529265,0.7486030505176535,0.7449302651046423,0.7665930852471227,0.7545040079538008,0.7591285012751775,0.7572714371451736,0.7693983115799745,0.7505566303572021,0.7558792006121142,0.7605996751721069,0.774862258525144,0.7491559216285502,0.7671104381665934,0.7599712088498145,0.7547299724547294,0.754777254183331,0.7530458823274513,0.7925314194110472,0.7550503482615327,0.7401179885721579,0.7548560469359163,0.788062178964179,0.7518635908818014,0.7500053041674842,0.7496338765539948,0.7593835500876898,0.7629555428139447,0.7558896834109832,0.7378579553350266,0.7657209970484415,0.7576841541219917,0.7387588050864089,0.7467806637235382,0.7527927718407077,0.728907805604812,0.7673561076431146,0.7630536663252555,0.7520643570352007,0.7464389012300677,0.7434225277918061,0.7343320129750983,0.7626248720622698,0.7525184225140481,0.7790406632836835,0.7649398705856733,0.7647906922010169,0.7361878405379467,0.7599971948505587,0.7575170199393275,0.7565025354282946,0.7579086499462129,0.7564449496673813,0.7539096983105033,0.7620352938807546,0.7789309441699748,0.7531776593605173,0.7472502108251061,0.7553075476745493,0.7562721515333598,0.7681332056969002,0.7644098156749398,0.7617868316621028,0.7775571573640502,0.7612947013139586,0.7528033206993618,0.7465403860253068,0.7694390638277325,0.7681791773147861,0.7476287323536006,0.768097446843037,0.7416246338728543,0.749028390005797,0.745080258854987
93.0,0.757866891158899,0.7709545195287396,0.7564711258572857,0.774121719920302,0.7726015850876663,0.7591753571038518,0.760298529655761,0.7357244934623306,0.7613309808809842,0.7728392842035137,0.7797183223417549,0.7551028489101101,0.7547614941135512,0.7690772617833008,0.7522069572944787,0.7488848781890055,0.7693422713591985,0.7642913723650013,0.7526239594919146,0.7521541471664985,0.7603920088659433,0.7526714437888524,0.7489965020359004,0.7574595542564223,0.7474954824799223,0.7776071878043035,0.7854904536590761,0.7481400850582756,0.7445497260517868,0.7660854198769937,0.753883384824282,0.7586805379423871,0.7576058171481631,0.7691944963229612,0.7509379611990424,0.7559578161174054,0.7603296914181719,0.7744190889720338,0.7491612347428026,0.7663059887452075,0.7592794648495672,0.7544093872710429,0.7541780155178543,0.7522544815986627,0.79238160079791,0.7546984487702244,0.7398421067878992,0.7542831980011322,0.787632190757792,0.752138303030859,0.7495914101279594,0.7490602759500103,0.7579034302947402,0.7626455457365274,0.7555646119857393,0.7371894581333296,0.7667621844833222,0.7570832471093238,0.7381945987015612,0.745642342520611,0.7523125606697443,0.7283164775986188,0.7667826771965326,0.7622474193630948,0.7514353707875115,0.7459044359283653,0.7431268991396975,0.7338779849432586,0.7614346215941463,0.7532092806154377,0.7782620668994367,0.7643789202898914,0.7644407090343049,0.7353044045736002,0.7598932424072344,0.7568426759402151,0.7563925930673986,0.7572505307424051,0.7559944990204964,0.7537096805345691,0.7616521938295722,0.7787463551520523,0.7549033165104174,0.7485392185339539,0.7552655651617618,0.7555383871231652,0.76844470186441,0.7643840696614052,0.762071517122529,0.7771016217736361,0.7613931680097927,0.7545618227294721,0.7457921267252658,0.7689956897650061,0.7681536380897616,0.747202208966069,0.7676425581771127,0.7408475574263578,0.74775661914617,0.7443513045424777
94.0,0.757229623439333,0.7705735834419449,0.7561412030610586,0.7747061916916715,0.7721308779728933,0.7603608511548993,0.7618593132012274,0.7371405102801616,0.7609006313995962,0.7721308779728931,0.7799124590243292,0.7551395960161098,0.7547825074273861,0.7695358359831639,0.751461814817772,0.7493471582921789,0.7702177575291844,0.765746669912299,0.7532198205835926,0.7517314635743206,0.7605114279925734,0.7520802035341372,0.7486881472250013,0.7568635998989061,0.747138199397461,0.7781021855635177,0.7852447185729214,0.7475221352681071,0.7448016639210733,0.765972530456283,0.7533778930968057,0.7582321584442036,0.7579243085630174,0.7689039040261156,0.7515622893034334,0.7561202480418893,0.7599088367085922,0.773788837685084,0.7505778230565525,0.7659571343342809,0.7589826984386362,0.7543778429920903,0.7543357808024238,0.7518583064647301,0.7922800800467912,0.7542358686689717,0.7395390091880185,0.7540201995912007,0.7871919793776205,0.7520802035341372,0.7495064664722437,0.7488157652769113,0.757281890008944,0.762526659814774,0.7556170574907142,0.7370426009004629,0.7672281709680923,0.7564554203121501,0.7379882945549217,0.7451980801394607,0.7518900121231241,0.7280565317528441,0.7667878002341627,0.7620456436597492,0.7509591376929259,0.7454711065542112,0.7427073520931325,0.7342390508487291,0.7611340015175574,0.7534779794952959,0.7775821732875392,0.7632446906578794,0.7641265321562084,0.7347419458752091,0.7598048651338138,0.7565548802117911,0.7566752518597539,0.756785130411624,0.7560730959570232,0.753883384824282,0.7607968747723304,0.7780372173121236,0.7554964244170593,0.7493843347305137,0.7551763403649294,0.7551448453776053,0.7695052785496233,0.764517933570353,0.7618851967924237,0.7769363124222031,0.7613672576908296,0.755344279419117,0.7453640548153407,0.7683987565804078,0.7682813201476388,0.7471968751448311,0.7675249302047279,0.7407989514072575,0.7475221352681071,0.7436481659607718
95.0,0.7570780185673518,0.770009217168784,0.7561935866701526,0.7753603034185581,0.7715988495401428,0.7610614096912277,0.7625473377654741,0.7376134819401283,0.7602985296557612,0.7715481478109302,0.7795689281936857,0.754782507427386,0.7554229810159511,0.7697140473058228,0.7514882574413078,0.748411530258354,0.7708682017563411,0.7653562905679492,0.7537307388635897,0.751662743475992,0.7611858460698011,0.7517050338926509,0.7481241131357774,0.7567589711024142,0.7470208274770804,0.7788361648368214,0.7846839165740426,0.7473088735743413,0.7449945535423268,0.7659520021810757,0.7532988631704597,0.7577468145854795,0.7584981081341233,0.7690976525371154,0.751842452875902,0.7562197763646129,0.7597268716821223,0.7736122097715876,0.7501909145799739,0.765715862306863,0.7588628988211477,0.7534358403296615,0.7546038655626088,0.7513930574131078,0.7917140101739215,0.7540728105269835,0.7390731942955102,0.7531407653362048,0.7863396116566361,0.7521911148469088,0.7494427492772677,0.7485338988362306,0.7569159058568047,0.7625473377654741,0.7555803462280561,0.7371568267376384,0.7666084604370633,0.755522651530393,0.7378579553350266,0.7445282787915602,0.7512766770647339,0.7276636118920768,0.7672691145303903,0.7613465284228177,0.7505884190686138,0.7456316419607805,0.7420019579130013,0.7340859013087796,0.76058929399502,0.7546669230600358,0.7772117939651904,0.7630691576543756,0.7641007706687035,0.7343484163681528,0.7593887537587715,0.7563088108034781,0.7576580432041068,0.7572034880444407,0.75673281038648,0.753425304975563,0.7600231794445784,0.7767208173843942,0.7568112883141092,0.7493896454251998,0.7548035198409172,0.7546459047945305,0.7706701171856982,0.763956480342407,0.7617712984688599,0.7761289244094842,0.7611599244970415,0.757454329765817,0.7451713049662394,0.7681025554195386,0.7683170648217186,0.7468927543216415,0.766915857887497,0.7408529578138019,0.7472768765551567,0.7437126157778975
96.0,0.7564763609264596,0.7695154645858795,0.7558477508650518,0.77618915270248,0.7713249933548442,0.7620145936475375,0.7650221556445123,0.7372275255347305,0.7607605546353686,0.7715075823761934,0.7799174357626052,0.754251645619446,0.7565234740169211,0.769138431343833,0.7521066132403184,0.748347673966454,0.7706955174263364,0.7650890016481157,0.753446375458684,0.751789603922324,0.7606723371095887,0.7516045882729775,0.7477406350695717,0.7563349943083502,0.7464816341460035,0.7791503551632047,0.784230806317439,0.7476660360161044,0.7447159117926196,0.7660187157837637,0.7532303603266717,0.7566386201614368,0.7593523268795502,0.7699634273559799,0.7528244177414425,0.7566595528980891,0.7596020558255321,0.7728645640285299,0.750763220772289,0.7650684346598485,0.7581539100940221,0.7531776593605173,0.7540675496866158,0.7510120749888062,0.7910114017585672,0.7544724697518981,0.7388021803690468,0.7519164319577221,0.785726226997138,0.752201676534891,0.7495807929587607,0.7485445381754083,0.756785130411624,0.7619059026525392,0.7555383871231651,0.73675420630126,0.7670592407076466,0.7550975990984629,0.7372003348150746,0.7438737048712527,0.7514036360943228,0.7274476619758151,0.7676936914894197,0.7610510385300197,0.7502333301388494,0.7458456103929642,0.7412686186712374,0.7341679511914069,0.7605425759128146,0.7551710913410479,0.7773069207593096,0.7630588301578978,0.7637915230941309,0.7342773313407661,0.7593679387368304,0.7558582343391486,0.7579817191585889,0.756607219368389,0.7574595542564224,0.7544514431585835,0.7595968544614786,0.7761439822423645,0.7578146876105484,0.7504612520688663,0.7548402893982409,0.7541096348340269,0.7725509947710388,0.7638224569671633,0.7612895182935934,0.7756970511921892,0.7604387416343532,0.7586179983446735,0.7460113740038916,0.7675965333850385,0.7677652686734604,0.7467432946764768,0.7658339471271152,0.7413009938179829,0.7467219396973813,0.7432505463739285
97.0,0.7557166884480614,0.7690568701291828,0.7554492120681133,0.7762744622472534,0.770517686200653,0.7627695688756948,0.7652483652812625,0.737944851749505,0.7604647023140554,0.7710205162645929,0.7800965608654027,0.7554072417094259,0.7580756490833196,0.7693728395963838,0.7524075844634913,0.7479164320590063,0.7707818677222067,0.7664187977012736,0.7535095815062244,0.7520273799016013,0.7611599244970415,0.7516997477875099,0.7472235436883308,0.7565862843809777,0.7462465585433224,0.7794991935937403,0.7838068160469538,0.7479963195246428,0.7453372883638116,0.7663675242792007,0.7527611239142896,0.7563611764064978,0.7600855367307894,0.7702584373024931,0.7533989656056099,0.7564711258572857,0.7590920547018123,0.7723080829248032,0.7520643570352007,0.764080160465858,0.7581956441229838,0.7530880548043233,0.7539570590407558,0.7504082562532445,0.7901278326618084,0.7544566998913156,0.7386774667250628,0.7516204494581183,0.7852889612700567,0.7517737481390053,0.7509909007456819,0.7482465515997301,0.7563664126573205,0.7613828040510144,0.7556223017317322,0.7374450006498927,0.7669721921137058,0.7549453300836833,0.7368793780872978,0.7433042967566033,0.7515517139983573,0.7276580757838476,0.7669619500335432,0.7610665951874283,0.7495277037366281,0.7451605945030678,0.7412146555918094,0.7339217635619619,0.7606723371095887,0.7552550689708751,0.7771717345011426,0.7631775827784323,0.7634614357392648,0.7346873064426136,0.7594876128182194,0.7557533894697647,0.7575170199393275,0.756052138011867,0.757266210628885,0.7541201555581899,0.758784752599169,0.7750383980238738,0.7576737099236447,0.7499363456012085,0.7553390321958429,0.7539781067912079,0.7724750987456632,0.7638997827873795,0.7610873366095405,0.774776680183442,0.7601115165419455,0.7595084226634141,0.7458456103929643,0.7671053186739093,0.7675863050345078,0.7461343249657351,0.7655566574085153,0.7423736217718129,0.7463480818265453,0.743395659493419
98.0,0.7555698567894473,0.7687559886550365,0.7549558329143099,0.7763146022884836,0.7699481630722036,0.7639667882572789,0.7666648318008003,0.7380154444795652,0.7611080771313489,0.7706497959803459,0.7789808198705268,0.75600497934353,0.7589983222812097,0.7688886046304944,0.7526186831775766,0.7477619470591648,0.7704871939265938,0.7680463579832261,0.7535780455806835,0.7530827834416557,0.761180661867787,0.7518847279873976,0.7467539718284106,0.7561359643906697,0.7459739482376961,0.7795141376507382,0.7840878793604498,0.7487572776930181,0.7456583929383396,0.7661777636916507,0.7524392550100404,0.7560154594414877,0.7606619575080334,0.7704058712924285,0.7542306095729423,0.7563821210721743,0.7590608125872949,0.77184720667647,0.7528349659248688,0.7636780815621655,0.7589879064424297,0.7530933261107218,0.7545933551919386,0.7497930935783084,0.7898653162519796,0.7538728590359105,0.7385418746549955,0.7512026026632576,0.7839892814734835,0.7519692674067442,0.7516786028042564,0.7480229458664058,0.756130725664012,0.7617454086880755,0.7554964244170593,0.7388834993175936,0.7677959412333388,0.754414644453927,0.7368684947658127,0.7432881722326251,0.7515411384682056,0.7284491679616716,0.7667468143575902,0.7606100561241178,0.7499628692520786,0.7458509584502547,0.7410743252514129,0.7341570119385533,0.7604283569685895,0.7558634759917935,0.776866162669706,0.7624853012124624,0.7633840381760961,0.7344413593630682,0.7602881419514722,0.7561883485624536,0.7579504051323119,0.7555331419818434,0.7567485069848474,0.7552235790477594,0.7584616139009301,0.7744291658464642,0.7576528208517228,0.749357780413048,0.7557586322477892,0.7545880999221999,0.773147601961288,0.7642656198805337,0.7608487558994124,0.7741771764629244,0.7599504190363775,0.7611754776095043,0.7463854800209396,0.7670950795197338,0.7672691145303902,0.746203805820705,0.7651455562236591,0.7424436154060186,0.746299994382386,0.7427181139861538
99.0,0.7556380341171725,0.768199607681964,0.7547194647849703,0.7762794799493485,0.7688733047284522,0.7648627152604737,0.7677345940878986,0.7384930529006168,0.760241394496858,0.7707005973056571,0.7783469804231123,0.7571878061322775,0.7598620522852566,0.768679462135714,0.7521224583887992,0.7474475039162439,0.7694135940949012,0.7698005822202243,0.753446375458684,0.7528349659248689,0.7607709320987025,0.7523125606697443,0.7460006812091806,0.756424007702616,0.7455139209476336,0.7801910697135581,0.7835699893535428,0.7491134146888474,0.7452248539059574,0.766311117015853,0.752148865844221,0.7556485220927878,0.759924430503529,0.7709900574143094,0.7543410387730736,0.7562407271073395,0.7592430296988054,0.771122031135603,0.7539675830285198,0.7636368233437185,0.7591493266506115,0.7535043146450754,0.7543568123474089,0.749501157015475,0.789393346911395,0.7538781219582307,0.7387100035888637,0.7506890699575348,0.7841568844893084,0.7525395317102288,0.7519534173628619,0.7474901517534783,0.7560783353026399,0.760802063138249,0.7557586322477892,0.7410149432720456,0.7679901537383668,0.7538412803203406,0.7366888874659713,0.744099144523249,0.7518952962025817,0.7281173812835394,0.7664187977012736,0.7603764302636318,0.7499045153632875,0.7455888374706992,0.741425079781469,0.7344030906875173,0.7602517832139886,0.7565810504934524,0.7760636679483623,0.7623094869765848,0.7624439390089359,0.7346435908451705,0.7608176278983911,0.7560154594414877,0.7585033213709322,0.7551395960161098,0.7575588088868158,0.7566124529745696,0.7585137476757429,0.7752496744354053,0.7587639114684201,0.749304667557943,0.7563192843742339,0.7551763403649295,0.7742880691225285,0.7634872321135387,0.7608280041238074,0.7736323993075213,0.7589566575756341,0.7631466067036631,0.747527465656937,0.7674635472722149,0.7666597074127145,0.7468767428983178,0.7647032208019428,0.7435729642665039,0.7460701803515697,0.7425943386274503
100.0,0.7550030928668151,0.7676016474759004,0.7546301405045772,0.7767559050618364,0.7687814946813614,0.7651404151799546,0.7674737783236569,0.7390786131391804,0.7599036386644085,0.7707818677222067,0.7786964530050786,0.7579556242773637,0.7605477670359134,0.7681485300759496,0.7524762014207754,0.7473302037950846,0.7693218914090287,0.7722777098284488,0.7550660990469302,0.7529298894472894,0.7603972016208427,0.7524656455847675,0.7461610494968723,0.7569786655787771,0.7461022536714941,0.7794593402992439,0.783668682897779,0.7505354367575477,0.7453158741897465,0.7666289599025515,0.7516786028042565,0.7549085684040171,0.7598048651338138,0.7710458970924322,0.7537781168121509,0.7555069154311997,0.7590868478233985,0.7708275760012554,0.7554964244170594,0.7631104653895272,0.7594668020727209,0.7532198205835927,0.7552865568683076,0.7486190072475265,0.7893349221518207,0.7540201995912007,0.7393440675495178,0.7502545365678316,0.7842751533372674,0.7521224583887992,0.7527663987093651,0.7471702051946068,0.7558162990923062,0.7605114279925735,0.7550293464265703,0.7423574680442329,0.7683987565804078,0.7533831613084102,0.7368521693615677,0.7444585689781014,0.7515728643834332,0.7277245053688473,0.7660956812011483,0.7602725599730217,0.7497400268637686,0.7458349141095764,0.7416030641713223,0.7359589433820626,0.7606775268259629,0.7565862843809776,0.7755161434880318,0.7614346215941463,0.7621646499408561,0.7348566703681059,0.7603348848482989,0.7559682972282049,0.7586023621791929,0.7546879404252375,0.7576110400069679,0.7579765002948818,0.7583260397525335,0.7750736176520794,0.7604023943194729,0.7492356124340935,0.7581434760240918,0.7553705146914529,0.7753603034185581,0.7634201586144397,0.7604127795479265,0.7729606145342629,0.7585033213709322,0.764080160465858,0.7490071315842752,0.7681536380897616,0.7656234273364546,0.7464709512546336,0.7643068231804542,0.7440723116743208,0.7457011915764467,0.7423036186281493
101.0,0.7552393242625277,0.7670746005361551,0.7546564140398212,0.77621424543313,0.7686743599176074,0.7659725304562831,0.768352806738618,0.7396526914668249,0.7594355842664037,0.7706345544855073,0.7786066149607425,0.7577468145854794,0.7606775268259629,0.7687202778548843,0.7534305726807468,0.7472768765551567,0.7692505544935426,0.7731728646242644,0.7561883485624536,0.7535517143697328,0.7605218108577297,0.7524656455847675,0.7459472138594869,0.7569002146602593,0.7467272785265586,0.7802258836424011,0.7836538803010027,0.7510702995152069,0.7449409804069462,0.7669261009805013,0.7513454505623267,0.754251645619446,0.7604854698449754,0.7712844081134257,0.7534674450415011,0.7549400785839665,0.7589983222812096,0.7704414517173489,0.7561464416751784,0.7630433384911639,0.7591753571038516,0.7530300667201861,0.7558477508650518,0.7483317086274268,0.7883795040918367,0.7537991722151844,0.739019002764014,0.7497877871600649,0.784664226031444,0.7517367493418476,0.7541990538151172,0.7469674676011429,0.7552813090260746,0.7603193043891109,0.7536622960025369,0.7445497260517868,0.7685314749654134,0.7526239594919146,0.7370262808980401,0.7448874016446674,0.7518001741631914,0.7274864285193215,0.765900677554229,0.7599088367085922,0.7497930935783084,0.7465136814696582,0.7416785541878557,0.736792305213291,0.7597372715405112,0.7574020817649703,0.774620583696216,0.7611391862259923,0.7615019759880052,0.7338287296926402,0.7603608511548994,0.7549610842452198,0.7588003828564064,0.7545828445961923,0.7579451859309909,0.7582895325212055,0.7581956441229837,0.7741267617055216,0.761180661867787,0.7494215084116684,0.7593106927843012,0.7550765992891837,0.7761690775051184,0.7631259548617707,0.7598724492176584,0.772429555053388,0.7590087378949136,0.7647495312153714,0.7510173684089148,0.7693728395963838,0.76509414325451,0.7467432946764768,0.7639513263005677,0.7447802272394153,0.7451766601134214,0.7417055122352696
102.0,0.755129097124312,0.7666750804081647,0.7543094901051403,0.7763898551593912,0.7680719031164938,0.766623835120583,0.7687049723822128,0.7399989986934594,0.7592950790701446,0.7705024403168338,0.7784518511480936,0.7572348503495044,0.7613776219872219,0.7686080259617432,0.7537570605088135,0.7468393809411482,0.7687508872809645,0.7739502657427888,0.7567118808008907,0.7543568123474088,0.7597528709060772,0.7521647096422464,0.7460113740038916,0.7570048130715006,0.7467646487552686,0.7796784888539403,0.7837969508564347,0.7528296918612901,0.7448981178472751,0.7666597074127144,0.7515622893034333,0.7531987404222068,0.7606515776814022,0.771436584199981,0.7535622470229199,0.7549925910490303,0.7586596923101195,0.7699481630722036,0.7563873570979209,0.7623043149849401,0.7589462408365506,0.7530880548043233,0.7570361882058925,0.7492249877248511,0.7885746629286092,0.7543725854153234,0.7389485453608561,0.749357780413048,0.7854216620147365,0.7509644316757244,0.7555698567894473,0.7465724296352085,0.7546248856287217,0.759867250779592,0.7539938920132224,0.7469141020983072,0.7680310302280376,0.7530669690160392,0.7371948965023365,0.7449624103363262,0.7519428503855954,0.7281561001672177,0.7657980114198406,0.7593315102820776,0.7501803101275651,0.748086843347201,0.7422659206888863,0.7370752393860458,0.7594772075580081,0.756842675940215,0.7743938958012504,0.7605114279925734,0.761222133908367,0.7330619500197573,0.7606152465157199,0.754798266821938,0.7593263059920369,0.7544672131879729,0.7576945980952629,0.7582999634400728,0.757866891158899,0.773869558916366,0.7622319011936702,0.7495648667829453,0.7598776475994559,0.7548350367731445,0.7765553669103535,0.7627540677557717,0.7591597390007144,0.7720903643056203,0.7591232947906466,0.7653717064403639,0.7518424528759018,0.7701313010537444,0.7645797040836165,0.746625831150193,0.7636007194484556,0.7446033402635244,0.7444961062131509,0.7416030641713223
103.0,0.7548718039671709,0.7665777095507614,0.7545828445961923,0.7760536276487705,0.7677959412333388,0.7664700654964482,0.7689243024325118,0.7420612266229072,0.7589983222812096,0.7701618169607761,0.7782870431532931,0.7576841541219917,0.7611391862259923,0.7685978198937293,0.7539938920132225,0.7474421726833791,0.7694696256502539,0.7743233474392825,0.757454329765817,0.755228827508951,0.7595136249840403,0.75227560204864,0.7460648346013075,0.7570571038367739,0.7468874172368025,0.7790207163796017,0.7833922842547834,0.7538518067839399,0.7453158741897465,0.7664136706122768,0.7514671034550171,0.7520696392577818,0.7608124397012793,0.7713503573019888,0.7531618479734258,0.7541885347790238,0.7584720411060445,0.7694849058018832,0.7564868308960007,0.7617920092806458,0.7582269422814077,0.7533620881243781,0.7568322136232558,0.748890194172976,0.7882916532428803,0.7548928125544112,0.738926864246739,0.7489965020359004,0.7849840857954105,0.7512396412425858,0.7576214855557705,0.7458349141095764,0.7545250322963561,0.7597996659642505,0.7535833116540666,0.7500159123336457,0.7677141432388109,0.7529351624417575,0.7373199634592604,0.7462091501079736,0.7515834392383574,0.7277521819711654,0.7651866825476116,0.7584146886926009,0.7496710317226545,0.7496816469787078,0.7416785541878558,0.7377275837041977,0.7593419186933518,0.756774666856747,0.7743283869737431,0.7600959288240587,0.7612947013139586,0.7314756095526713,0.7610302955323759,0.7547089568901353,0.7595448377261491,0.7541622362040827,0.7581017374936116,0.7583938315814609,0.757997375412096,0.7734708578115481,0.7631311179066473,0.7493843347305137,0.7603141107901767,0.7546826861683404,0.7762393367570551,0.761916255244983,0.7583468997896606,0.7716596841876919,0.7594355842664037,0.7661059423002269,0.7530775120227191,0.7708986687093582,0.7631724202399766,0.7475860962203142,0.7630639939342712,0.7454978659721176,0.7451873702389789,0.7411930687845065
104.0,0.7549820890061693,0.7659109429297501,0.7544409295243123,0.7755563515021929,0.7677039174766532,0.7665520822647794,0.7698921896989787,0.743997172213547,0.7582843169773685,0.7697395004393046,0.7779522444809405,0.7582530225326973,0.761678088674565,0.7689803934079097,0.7544093872710429,0.7474315100488426,0.7700448283165686,0.7752295571488448,0.7587274373232535,0.7557586322477892,0.7590920547018123,0.7523389579967493,0.7461129443279837,0.7569472867306326,0.746807354211941,0.7787613246988992,0.7834120328669714,0.7541937943252051,0.7456744428496469,0.7660187157837637,0.7516045882729775,0.751641596917207,0.7616573729111087,0.772044782125361,0.7529878892916438,0.7537570605088135,0.7583781881572816,0.7692709375947755,0.7566281534554969,0.760817627898391,0.7581799942841405,0.7537360033051725,0.7578407900880859,0.7491718608025005,0.7877006271197775,0.7544934954449091,0.7387425384269812,0.7483636387990602,0.7846789940227964,0.7503976564148922,0.7600335728883033,0.7456744428496471,0.754430415664965,0.759237824452192,0.7539254857270082,0.7516680299750158,0.7674788937649744,0.7529035236309145,0.7378633867829488,0.747650049069788,0.7519534173628619,0.7274975041681881,0.7649398705856733,0.7582999634400728,0.7493843347305137,0.750137890067171,0.7416569867370829,0.7378742495099865,0.7597372715405112,0.7561726339017427,0.774121719920302,0.7591232947906466,0.7610147376933186,0.7309146026221587,0.761812719192128,0.7552918046542715,0.7594980178533546,0.754209572626135,0.7582217260623428,0.7581486930871915,0.7571512130344824,0.773284003629473,0.7639255552473361,0.748757277693018,0.7609213800241381,0.7545565671221197,0.7761088465112115,0.7616470146917665,0.7582999634400727,0.7710408210394024,0.7597528709060775,0.7667775541026336,0.752534254495587,0.771203226826944,0.7629710373503966,0.7482571970159579,0.7624542798974314,0.746519022493326,0.7466632088626776,0.740863758419883
105.0,0.7552550689708751,0.7656388344309082,0.7545828445961923,0.7759984019777827,0.7670541206522726,0.7661880229901219,0.7707717097079039,0.7456904922545338,0.7580652133253198,0.7696682281206102,0.7780722013983691,0.7586701152387914,0.762180170304771,0.769138431343833,0.7547299724547294,0.7476713648856719,0.7697445908971939,0.774398934547945,0.7596644678051939,0.7568949841488729,0.7588628988211475,0.752370632932279,0.7463373961217262,0.7578251287703702,0.7473621974381299,0.7788311758881761,0.7833034043586781,0.7546196306965969,0.7458937408828951,0.7654076748399173,0.750895605510364,0.7511020554780711,0.7620870405249689,0.7721460696696825,0.7531038685547118,0.7538307536316655,0.7583156093963561,0.7683068523390407,0.758117389864559,0.7601530813138084,0.7586127863457823,0.7534569103626306,0.7590712268505433,0.7497983999402829,0.7870402454808628,0.7546616685780629,0.7383736916466351,0.7480974921395678,0.7843736859522142,0.7500901631946505,0.7607916863501428,0.7452087898148664,0.7538202267179145,0.7590139456173621,0.754351554545566,0.7541832751765735,0.767826611767534,0.7538149631766354,0.7378362289806477,0.7479909940874834,0.7517737481390053,0.7271429717667934,0.7648987226544315,0.7575692555609981,0.7497983999402829,0.7509644316757244,0.741311785083413,0.7384388011613097,0.7591180882498466,0.7559368532205787,0.7738292001013325,0.7588733173608387,0.7607190425312731,0.7301271072139538,0.7625473377654741,0.7557009585947253,0.758711804702719,0.7538939103875775,0.7594772075580081,0.7589983222812096,0.7578146876105483,0.772899953420255,0.7660854198769937,0.7500053041674842,0.7621129117369891,0.75412015555819,0.7760988072244612,0.7609473145387635,0.7578616710572743,0.770517686200653,0.7600751444124441,0.7688376029876062,0.7529140701262713,0.7712641141422608,0.7624180858029901,0.7482252600920467,0.7622112095133383,0.7456904922545338,0.7477086653971128,0.7400206352425427
106.0,0.7550608488414002,0.7653819834072956,0.7550398474565894,0.7756920269628922,0.7666648318008003,0.7648884351089313,0.7712438192707923,0.7460274127739408,0.757736371737588,0.7699583393176568,0.7783719518941052,0.7590243608934524,0.7617764762562098,0.7693015105585551,0.7558477508650518,0.7488263986515769,0.7692250743509494,0.7751390182180649,0.7600127857757775,0.7569943542432181,0.7579504051323118,0.752375911891259,0.746054142931976,0.7573968566554061,0.7488955101006776,0.7782270977807404,0.7826708437645593,0.7552288275089512,0.7455941882289008,0.7652843431340048,0.7506308008661001,0.7509009001683903,0.7627644018919894,0.7727482651857764,0.753625438215449,0.7535253817520574,0.7583677589264839,0.7679135006138341,0.7591441203911564,0.759503220286519,0.7591753571038516,0.7531196817986798,0.7597684697652226,0.7493418471473408,0.7869031490314186,0.7543357808024237,0.738953965498713,0.7477726027163474,0.7837278882206763,0.7498885994846959,0.761678088674565,0.7452355630186733,0.753625438215449,0.7588368514872128,0.755228827508951,0.7565339429736203,0.7671974609330715,0.7548507944796269,0.7377873413915599,0.7488636136904336,0.7513507404374894,0.7268048435462189,0.7645848512606399,0.7570727899691108,0.7497241057521618,0.7519587007670916,0.741559922067347,0.7391111250195531,0.7588003828564064,0.7554072417094259,0.7733951154004943,0.7583416848647823,0.7601271037534115,0.7298900828757424,0.76241808580299,0.7558634759917936,0.7584981081341232,0.7533831613084101,0.7606152465157199,0.759940023792045,0.7580652133253198,0.7723941290305553,0.766946586491282,0.7496816469787078,0.7617505867567702,0.754351554545566,0.776018484827726,0.7607190425312731,0.7565601143806614,0.7703906216948566,0.7610147376933187,0.7702940291500169,0.7535306483881303,0.7715734993788987,0.7622060364525828,0.749177173747946,0.7617609427253531,0.7458883932757565,0.7487094191510789,0.7397825836859244
107.0,0.7557481466354712,0.7649604432008386,0.7557009585947253,0.7754759318726561,0.7660289785709118,0.7639204008678826,0.7713554299226109,0.7464015069745024,0.756931596546929,0.7707259958582258,0.7781921259048639,0.7591232947906466,0.7615589607399185,0.7691537224679139,0.7570152716747072,0.7487625950274441,0.7690364775747609,0.7757070994819768,0.7604854698449754,0.7577520359250217,0.7576789320509526,0.7525184225140481,0.7465297043718542,0.7569629764079151,0.7489380354966066,0.7787513450572702,0.7827005156368562,0.7557219316199689,0.7460274127739406,0.7655515208663294,0.7495436310940922,0.7505301382169618,0.7634820729512218,0.7726622860401136,0.7537886446262057,0.7540201995912008,0.7582791013772623,0.7674482002730345,0.7605373847334468,0.7595604433375722,0.7593419186933519,0.7526925464578311,0.7604283569685895,0.7494852283075555,0.7875050653970914,0.7551973358977658,0.7408151539200452,0.7473355362095979,0.7836193389391102,0.749639184604039,0.7627437333944782,0.7451123946334819,0.7532988631704597,0.7582947480087737,0.7554282273389213,0.7580756490833196,0.7684804339342376,0.7553757615771131,0.7381403160143136,0.7492409247043113,0.7510120749888062,0.7263999230870533,0.764517933570353,0.7567955937414249,0.7497612542248123,0.7524234199899762,0.7413333669390452,0.7393765628868096,0.7584407588154736,0.7548980645605488,0.772783663636808,0.757939966673401,0.7594199746036137,0.7295481436976675,0.7628057361861006,0.7563402308405178,0.7596800695340573,0.7534411079223072,0.7614708905263343,0.7599556165741401,0.7591180882498466,0.771750920966391,0.7686437454273187,0.7496869545223309,0.76230431498494,0.7545513114584982,0.7762092269995379,0.7606723371095887,0.7561778721782487,0.7702736912890458,0.7613050671858824,0.7708580456551837,0.754419901580542,0.7719637358844369,0.7616003999194128,0.7496232602851,0.7613620754582302,0.7468340432936196,0.7504718505567629,0.738953965498713
108.0,0.7557166884480614,0.764440709034305,0.7561988247215826,0.7757975239616467,0.7657415354520655,0.7632756603179847,0.771502511443641,0.747106191574632,0.7562826258918812,0.7706497959803459,0.7778922538681261,0.7590347759444664,0.7616936249063329,0.7705989890281364,0.757945185930991,0.749139981948179,0.7687610899728395,0.7760285259150834,0.7612947013139586,0.7581121724638455,0.7574177567560485,0.7523072810355362,0.7469674676011429,0.7574909000184052,0.7493099790966637,0.7783769460194968,0.7824482401536758,0.7571198453275964,0.7461396699845005,0.7656439700165213,0.7500318241608707,0.7502810433380072,0.7641471403333705,0.7735516357619643,0.7538833848242819,0.7538096995790875,0.757208715235957,0.7670336398680865,0.7613724398671603,0.7595240294564859,0.7594355842664037,0.7528191435653258,0.7604750861920534,0.7490390188789441,0.7872115540061153,0.7549715867382325,0.7427611593074795,0.746994148242474,0.7838610705715756,0.7502068208365696,0.764646612995942,0.746476292728453,0.7528507877779911,0.757705041843458,0.7554177346367117,0.7599504190363775,0.7680770119743405,0.7572557574275007,0.7381837426142634,0.7493896454251998,0.7516098753909599,0.7266606596808369,0.7646260266511451,0.7563716488518739,0.7498832940792941,0.7543883579768171,0.7417001207383248,0.7407611435746722,0.7580286863998479,0.7544882391060598,0.7719890643821226,0.7579086499462129,0.7589879064424296,0.7292446295103763,0.7632033946266762,0.7559211304571344,0.7603972016208427,0.7532725170482285,0.7618748435247521,0.7599140346965068,0.760449126075041,0.7716292678767591,0.769459438601156,0.7498620718949969,0.7622784541826815,0.7549138202413478,0.7756267068615512,0.7605270022059044,0.7556485220927879,0.7696071287837679,0.7610873366095405,0.7711271062883293,0.754525032296356,0.7723182068401031,0.7613465284228177,0.7502333301388494,0.7611132621211287,0.7478365319328486,0.751107347941607,0.7384659277343255
109.0,0.7552025846403025,0.7638997827873797,0.756921136143115,0.7764751264412565,0.7656645117962843,0.7628935596039281,0.7713249933548443,0.7481347611403785,0.7560416587016751,0.7702991134745871,0.778247080471895,0.7592482348891497,0.761201398338229,0.7711423314088938,0.7595136249840404,0.7499204307354584,0.7683017460132981,0.776926291704217,0.7626507140144194,0.7590556053712672,0.7569263663731565,0.7522967215983134,0.7477246504865527,0.7577729207205008,0.7491506084580286,0.7781271708204115,0.7832145062314226,0.7579817191585888,0.7472182100921689,0.7653819834072955,0.7490496475270152,0.7493630913890792,0.7636368233437185,0.7745299222115924,0.7534621777302002,0.7537307388635898,0.7565862843809776,0.7667314437254372,0.7616366562473486,0.7596488655699096,0.7591753571038516,0.7538991730848217,0.7606152465157199,0.7495701755644859,0.7869325305557665,0.7551710913410479,0.7451177503996229,0.7467806637235381,0.7839744898491585,0.7512978391537579,0.7673561076431146,0.7462679335541758,0.7516733164177706,0.7574961241151277,0.7560259393143696,0.7620766916462779,0.7669517077283047,0.7575483619875576,0.7379720039249078,0.749108101068174,0.7521118950127474,0.7271041808025486,0.7647546765355183,0.7559682972282049,0.7499416504439205,0.7555541222095168,0.7424543828134,0.7418941791788791,0.7580756490833196,0.7535885776711809,0.7717711933302664,0.7573132472497993,0.7582008606233934,0.7288801878035804,0.7635800874132451,0.7555121608538665,0.76170916063168,0.7529509810875477,0.7631311179066473,0.760147885914267,0.7612169501002359,0.7713452846250979,0.7705685021558996,0.7500318241608707,0.7619369597546429,0.7551815893325421,0.7757724078793691,0.7605373847334469,0.7555016699522641,0.7691180423906261,0.7615952202189173,0.7715481478109303,0.7547089568901353,0.7716089892107574,0.7606619575080336,0.751207894057683,0.7608746943528666,0.7501166786865183,0.7514300818126527,0.7375265306071233
110.0,0.7554439659702188,0.7632446906578794,0.7575274675138133,0.7761088465112116,0.7655207004315653,0.7621387815422849,0.7712184494154046,0.7484753784475207,0.7557271747356074,0.7703448698636157,0.7783120180004248,0.7594928153639214,0.7610251096422925,0.7713807921816859,0.760314110790177,0.7500106082786995,0.7680054828440107,0.7770064511459795,0.762712728960142,0.7597580705820615,0.7562826258918812,0.7524128630285887,0.7480708697366334,0.7575588088868158,0.7491187282532517,0.7778422555011927,0.7833034043586781,0.7583938315814609,0.7473888572599376,0.7651249917112272,0.7493790239795586,0.7488157652769112,0.7632395288509205,0.7746356921711803,0.7532935940585513,0.7536570307731887,0.75594733478153,0.7665623333479792,0.7621905169327027,0.7590139456173621,0.7589722822622423,0.7549348270279808,0.7608539437026413,0.7500583427475326,0.7862660519194069,0.7549873400557342,0.747239544139203,0.7461503598532245,0.784240661604617,0.7518583064647302,0.7690619681271158,0.7468767428983178,0.7515570016790298,0.7573916314895731,0.7569106755142251,0.7627437333944782,0.7663162452302297,0.7580443411340927,0.7378742495099865,0.7495542490510567,0.7517790334563805,0.7286315642898908,0.765135274079981,0.7552025846403024,0.7501166786865183,0.7562983370076464,0.7433311698378539,0.7439273899819081,0.7579504051323118,0.7532830556659279,0.7709240562894755,0.75677989866232,0.7581121724638455,0.7290016956066997,0.7643274234799586,0.7557638749695448,0.7643634718377359,0.7529298894472894,0.7627695688756948,0.7605166194532862,0.7618644900320046,0.7701923308421245,0.7718674747639029,0.7501644030269348,0.7622887986723919,0.7552025846403024,0.7757070994819768,0.7604698942811888,0.755260317094453,0.7682711068771952,0.7625990287033959,0.7715836396122033,0.7561778721782486,0.771061124913908,0.7599556165741401,0.7516944616261,0.7604127795479265,0.750726146743502,0.7523231197693533,0.7367106613113713
111.0,0.7546879404252375,0.7629090561660635,0.7574595542564223,0.7764801418925924,0.764924440533475,0.7619369597546429,0.771330066256811,0.7485764548424859,0.7550345969697144,0.7701414732478309,0.7783220075453948,0.7592274137901587,0.7609836204959419,0.7719586700160928,0.760225810999145,0.7497081841341338,0.7678061649698131,0.7778922538681261,0.7631362808952549,0.7600959288240587,0.7555698567894473,0.7525975773575349,0.7481134649061005,0.7574752273906242,0.7490709041479295,0.7775521540105453,0.7830218310793954,0.7590660197470536,0.7480761943297582,0.7645076376970434,0.7495489401007089,0.7483583172444604,0.7622887986723919,0.775310020893264,0.7526081303800936,0.7535727794510313,0.7551185980074382,0.7660546345540747,0.7619110789768957,0.7586544807613803,0.759076433897764,0.7558582343391486,0.7613517108242241,0.7498726830996834,0.7861041759324683,0.7551710913410479,0.7488157652769113,0.7457439866133391,0.7835847948200373,0.7519428503855954,0.7692250743509494,0.7476980083894746,0.750863836380558,0.7564135363826194,0.7571512130344824,0.7642553184928638,0.7653460130383278,0.7584251169105569,0.7379394211456174,0.7507949963167591,0.7516997477875098,0.7295702108170035,0.7654179510190832,0.7546301405045773,0.7504400544178454,0.7574020817649703,0.7427019710622186,0.7453372883638116,0.7585815131707865,0.7525975773575347,0.7704566996268514,0.7562512021410889,0.757757257208295,0.7286426166433987,0.7649913004355171,0.7555960799639521,0.7649553001314507,0.752655616196294,0.7633272719166413,0.760802063138249,0.7623922311903195,0.7690619681271158,0.7721713880389515,0.7510385415266595,0.7620663425425109,0.7551080986654884,0.7755915305604622,0.7601946424844562,0.7548245313541447,0.7677754930851624,0.7624025732041946,0.7720346521330111,0.7564187720707521,0.7707259958582258,0.7594876128182194,0.7520537924212315,0.7600439661069525,0.752249201345496,0.7537517962923067,0.7363076994348081
112.0,0.7544987517274894,0.7624335978953645,0.7569054451153767,0.776866162669706,0.7646311733217478,0.761299884278055,0.7719181410436566,0.7486349634709785,0.7563454673164162,0.7705126042956489,0.7782121101715501,0.7589306153059077,0.7606360075194379,0.7722726474487817,0.7614190769220313,0.7493312246888578,0.7674891244788025,0.778177137114025,0.7633685571441999,0.7606256271301167,0.7549820890061693,0.7523917484305855,0.7498037062459885,0.7577154853665774,0.7487519603023229,0.7777322392872572,0.78361933893911,0.7592274137901585,0.7495064664722437,0.7644561549543563,0.7495436310940922,0.7478365319328486,0.7625525071124768,0.7761640585651057,0.7520062488730553,0.7533252078859664,0.7549138202413478,0.7658134127748579,0.762526659814774,0.7580078126330894,0.7590347759444664,0.7563716488518741,0.7615123373584102,0.7501007695602047,0.7855346710351692,0.7545618227294721,0.7507949963167591,0.7452462719063131,0.7838018834798288,0.7517103199415228,0.7708732797225164,0.7477406350695717,0.7502810433380074,0.756130725664012,0.756523474016921,0.7644973415986579,0.7656645117962843,0.7585033213709322,0.7368249592291132,0.750858541328649,0.7529773443718184,0.7311896791691459,0.7664444323022233,0.7537991722151846,0.7510914703821924,0.758487681491699,0.7428472391464862,0.7468447185324081,0.7589358238723909,0.7520643570352007,0.7702025016857553,0.7557953301184294,0.757219169450183,0.7284768077078061,0.7655977477203191,0.7558215411951029,0.7664905710389867,0.7517050338926509,0.7642295640389819,0.7610302955323759,0.7630485024363443,0.7687916966980086,0.772044782125361,0.7523600748455116,0.7622991429370263,0.7548192785602412,0.7750484610561346,0.7599348260854751,0.7544829827109416,0.7670387601485364,0.7620870405249689,0.7728342280697036,0.7577729207205011,0.770416037409465,0.758951449234227,0.7523389579967492,0.7595604433375723,0.7523020013450593,0.754251645619446,0.7357790259838597
113.0,0.7542200912120767,0.7622319011936701,0.7571303014549675,0.7780422152075369,0.7641162277300133,0.76076574339517,0.7722675850128455,0.74878918085554,0.7565496459866519,0.7704516170466196,0.7774120372672058,0.7584981081341233,0.7602569774881502,0.7736626819233522,0.762495641200654,0.7492887326041662,0.7672384071962806,0.778541720590522,0.7629090561660635,0.7614138952521214,0.754525032296356,0.7523178402476831,0.7505884190686141,0.7579817191585888,0.7490655900771044,0.7774821011532359,0.7833626596484315,0.7591180882498466,0.7500053041674842,0.7637605871954152,0.7498196248254912,0.7476660360161044,0.7621853436468713,0.7763748055980514,0.7516045882729774,0.7528666091246925,0.7547457335373507,0.7655052894545521,0.762810902719654,0.7572348503495044,0.7601063206922523,0.7564554203121501,0.7620611679062241,0.7498832940792941,0.7851414678882103,0.7552865568683075,0.7523178402476831,0.7447319914139499,0.783752554713785,0.7520220972288683,0.7709139014262355,0.7485498577605937,0.7500583427475326,0.7558844420396833,0.7567171132816914,0.7652021039906556,0.7658031452611153,0.7589670740896419,0.7365527805347155,0.7509961943908664,0.7542411277087321,0.7314756095526713,0.7669209794621337,0.7529984339863933,0.7514988340968392,0.7586544807613803,0.7431645340577004,0.748932720019057,0.7593939573735844,0.7514089253505267,0.7700346539842606,0.7552183305302986,0.7567432748416605,0.7271762189702271,0.7664751919664865,0.755653765996192,0.768414072181496,0.7516627434759919,0.7656028837560842,0.7615745008542462,0.7631569322869955,0.76826600015757,0.7717357161026599,0.7531513067673531,0.7608954441027881,0.7542884565344716,0.7752697908216618,0.7590139456173622,0.7541517163802236,0.766905614569417,0.7626041974877087,0.7722928966298365,0.7597788687233079,0.7702635220209464,0.7587795424008854,0.7531038685547118,0.7590451907704048,0.75393601039,0.7547299724547294,0.7345998716465125
114.0,0.7545618227294721,0.762071517122529,0.7561673955689678,0.7793297922212401,0.7642553184928638,0.760490661587033,0.7739754836719244,0.7495701755644859,0.756591518212234,0.7706701171856982,0.7769814028678257,0.7579712813749059,0.7597268716821223,0.7740914680273354,0.763291144388406,0.7501697054500805,0.7666699561326169,0.7790306899441805,0.7621749969064016,0.7614553470358677,0.7541517163802234,0.7518054591992216,0.751461814817772,0.7576945980952629,0.7489911871773094,0.7777522442609288,0.7832145062314225,0.7594407873747955,0.7503022477413062,0.7635955615240565,0.7503499543569929,0.7474475039162438,0.7612687856494422,0.777447070588811,0.751393057413108,0.753135494536227,0.7540517668278982,0.7654076748399173,0.7641110754325124,0.7568479070142913,0.7610769660110221,0.7574491052189427,0.761916255244983,0.7501484954198834,0.7848463291982655,0.7555121608538664,0.7540307222285091,0.744597979095561,0.7831898090717184,0.7519269994976784,0.7705685021558997,0.7485924124163934,0.7497718675677203,0.755973537699201,0.7569211361431151,0.7658698800772097,0.7657672071905435,0.7593835500876898,0.7369827584157445,0.7513983467818499,0.7550608488414001,0.7331989558480057,0.7672691145303902,0.7520379450782603,0.752803320699362,0.7595968544614786,0.7432559216654064,0.7503658555493802,0.7592794648495672,0.7508956055103639,0.7697293193547188,0.7548035198409172,0.756424007702616,0.72620012588553,0.7670899598582426,0.7566124529745696,0.770471947029933,0.7515358506187263,0.7676169894108724,0.7619317837116315,0.7637193361793979,0.7678317233262917,0.7730768590211793,0.7537570605088135,0.7608695067747138,0.7538991730848217,0.7743636621394341,0.7585919377875276,0.7537044158116415,0.7665930852471227,0.7635697710580259,0.7721258139614255,0.7609888068361772,0.7703143661106842,0.7585815131707865,0.7544566998913156,0.758607574290622,0.7543673277822874,0.7546564140398212,0.7338615670328068
115.0,0.754525032296356,0.7617091606316799,0.7558372671658793,0.7799771522329378,0.7639513263005676,0.7603089171349738,0.7737737008505526,0.7493737131723344,0.7566438534300034,0.7704160374094651,0.776289515184732,0.7576267082457684,0.7594772075580081,0.7741116361810557,0.7641265321562084,0.7513666097253638,0.7660135843057863,0.7803651117859718,0.7625421683622025,0.7619007262719137,0.7537044158116414,0.7526819952358796,0.7519798338213208,0.7587743321463325,0.7494799186257108,0.7777622464101508,0.7830910063656564,0.7610251096422924,0.7516045882729775,0.7633995187015715,0.7498249309061209,0.7473088735743413,0.7609784340994377,0.7783419859601067,0.7517790334563805,0.7527294739621883,0.7534305726807468,0.7647135123988098,0.7645642622149319,0.7563140476169905,0.7616988035377176,0.7574229816405368,0.7618955498350195,0.7504294552547209,0.7850480292198299,0.7557691176350313,0.7549348270279808,0.7446087013752187,0.7829477024627547,0.7529984339863933,0.7702686066831306,0.7486030505176535,0.7496020270720821,0.7554806874738316,0.7566490866423009,0.7669517077283047,0.7652380853883438,0.7604958532728215,0.7369555550355676,0.7526556161962938,0.7567589711024142,0.7360461540025383,0.7674993549675547,0.7513930574131078,0.7533146701685706,0.7603608511548993,0.7432881722326251,0.7514829690291387,0.7594043644344031,0.7506043126646885,0.769383028558627,0.7542411277087322,0.7563873570979209,0.7268214776983699,0.7683272770793204,0.7573393767364485,0.7719130746688917,0.7512449322431282,0.7692556503532542,0.7628625649603948,0.7650530088278239,0.7674328527674333,0.7750987728412997,0.755260317094453,0.7612947013139586,0.7541148952242429,0.7740612141086854,0.7582999634400727,0.7532830556659279,0.7666802046274435,0.7644561549543563,0.7729100641686129,0.7616470146917667,0.7697445908971939,0.7581591270445838,0.7558372671658794,0.7583573294706103,0.7556223017317322,0.7544829827109416,0.732957802069854
116.0,0.7552393242625277,0.7617195175005664,0.755601324430046,0.780036860600537,0.7635233446742248,0.7596956707564998,0.7741872587391769,0.7500689497883146,0.757454329765817,0.7709494424628682,0.7766656740349276,0.7569838951898599,0.7590191532835417,0.7754859851141138,0.765274064028852,0.7512660956826079,0.7656028837560842,0.7802408030535849,0.7633169500470618,0.7635078682001161,0.7530985973608514,0.7532725170482285,0.7534200372141104,0.7594251778808127,0.7498355428985732,0.7774821011532359,0.7833774722048178,0.7611495554740548,0.7542411277087322,0.7636832385862611,0.7495489401007089,0.7468820800956946,0.7611547400136827,0.7799224124446125,0.7521330215397748,0.7524762014207755,0.7534147693963887,0.7641110754325124,0.7651249917112273,0.7566490866423009,0.7621336076937637,0.7582269422814077,0.7617868316621028,0.750789700533353,0.784649457533671,0.7564501850179001,0.7555803462280561,0.7445121927555659,0.7830712431235329,0.7538254902029244,0.7708072617732569,0.7485285790822382,0.749304667557943,0.7552445725549125,0.7557533894697647,0.7673509908513414,0.7643325734141623,0.7601167123353698,0.737091557869206,0.7533673565047896,0.7576684877400677,0.7376460849762523,0.7688988042838443,0.7504029563622029,0.7530985973608514,0.7607709320987025,0.7434010332656342,0.7530827834416557,0.76010112478629,0.7502492350449895,0.7691893997880218,0.7541622362040827,0.7554439659702188,0.7270709292101343,0.7686437454273187,0.7576789320509527,0.7724801588745713,0.7510438346654231,0.7707717097079038,0.7647649670070058,0.7651764013042374,0.7673561076431146,0.7767809660005112,0.7572923426476382,0.7625680148158707,0.7545775892139157,0.7737737008505525,0.7581017374936116,0.7529404353799565,0.7662290579332471,0.7652123846713399,0.773162759727881,0.7626972259833424,0.7689345012980958,0.7579243085630174,0.757705041843458,0.7578929908229877,0.7558372671658793,0.7547825074273861,0.7323269993468774
117.0,0.7550188451714752,0.7612376849951463,0.75594733478153,0.7813483946961544,0.7632653373230254,0.7594668020727209,0.7738897369734274,0.7510544207741436,0.7574856758654138,0.7708783576324229,0.7763196195404269,0.7562721515333598,0.7583677589264839,0.7756719294830136,0.7655104265031588,0.7509273726144867,0.7649090099748559,0.7811300780220927,0.7638069902838576,0.7643634718377358,0.7529351624417575,0.7532830556659279,0.7535517143697328,0.7605633400675957,0.7504559527405145,0.7776322009143434,0.7841618130050666,0.7617609427253531,0.7548770561983844,0.7639410180480819,0.7499151256676705,0.7463961647129169,0.760859131449601,0.7812888645886912,0.7530247947385598,0.7522069572944787,0.7532883248903741,0.7639410180480819,0.7654487782061251,0.7563297577199137,0.7636007194484556,0.7591805630256928,0.7618386053154286,0.7505725249661184,0.7841815265054097,0.7568322136232557,0.7564973006404656,0.7444907439198081,0.7824581360670589,0.7542779394115237,0.770756472264432,0.7482678422071098,0.7488848781890055,0.7553915018964799,0.7554124882012033,0.7680923382102663,0.7638636989801435,0.761201398338229,0.73731452638444,0.7543620700929826,0.7589514492342267,0.7386123869204113,0.768883504719416,0.7497824806855522,0.75412015555819,0.7621594763736799,0.7442386526612756,0.7549243237472023,0.7618593132012274,0.7494746088875974,0.7689141033418516,0.7536991510324448,0.7549505815271311,0.7276691479440374,0.7687355828211349,0.757511796067681,0.7739502657427889,0.7511020554780711,0.7717559891417632,0.76521238467134,0.7655617938944322,0.7666802046274435,0.7776171932171264,0.7589722822622423,0.7629193869261423,0.7545933551919385,0.7745248849278912,0.7583260397525335,0.75255536301654,0.765905810270124,0.766100811778822,0.7736525879431512,0.7631724202399766,0.7683119586085141,0.7573864062674711,0.7601894475350667,0.7568531380320985,0.7567171132816913,0.7545828445961923,0.7317229265005916
118.0,0.7552130819565689,0.7609265670396012,0.7557796027971975,0.7810705182046068,0.7635027092628751,0.7591441203911564,0.773698009081583,0.7509273726144866,0.7586805379423871,0.7706345544855074,0.7761138660701832,0.7557166884480615,0.757501348155581,0.7774120372672058,0.7676527852897259,0.7519956830211685,0.7647906922010169,0.7811697800655646,0.7646311733217478,0.7655977477203191,0.7523178402476833,0.7549348270279806,0.7536991510324448,0.761678088674565,0.750763220772289,0.7776822229142494,0.7841913829179674,0.7622112095133383,0.7565130048351458,0.7645179335703531,0.7495117758727432,0.7460060276346707,0.7611288167528537,0.7821661120059582,0.7536043753849097,0.7521066132403184,0.7534042335921385,0.7634614357392651,0.7655617938944322,0.7561673955689678,0.7637502747790246,0.7601842525294082,0.7619473116718589,0.7505036446699971,0.7840188632028706,0.7586544807613802,0.7574647786907586,0.7448391759476187,0.7821364036713608,0.7562145385382588,0.7715481478109302,0.7488423482915579,0.7486509191880097,0.7559944990204963,0.7546931946258653,0.7685774070824738,0.7636883955540875,0.7627902362478262,0.7369990797686227,0.7561307256640118,0.7612480521049876,0.7393332353202686,0.7697598619332482,0.7491293552132532,0.7546196306965968,0.7631982323695654,0.7448874016446676,0.7576058171481631,0.7622525919736983,0.7488263986515769,0.7687202778548843,0.7536991510324448,0.754398872736468,0.7283220070108394,0.768194500174573,0.7573655048163731,0.7761038268959709,0.7510491277479179,0.772884786875701,0.7657261317337509,0.7663931616935995,0.7663367575250458,0.7774871052945064,0.7605841033220732,0.7630020249040381,0.7551185980074382,0.774242707235335,0.7583051788151028,0.7520485100298434,0.7653973984356754,0.7675760764589009,0.7739200023709498,0.7637502747790248,0.7680003731983982,0.7566438534300034,0.7615071567013423,0.7564920657963676,0.757454329765817,0.7549453300836833,0.7312116792158548
119.0,0.7550398474565894,0.7608280041238074,0.7551080986654884,0.7816607948248651,0.7636213505833626,0.7589358238723909,0.7742074226164548,0.7526872708749899,0.7596332628282046,0.7705735834419449,0.7752597327410715,0.7556275459164814,0.7572923426476383,0.7790406632836835,0.7686080259617432,0.7531091396923035,0.764682636932981,0.7809315137865098,0.7662393161063386,0.7663059887452075,0.7519005802257702,0.7553023000573924,0.7548035198409173,0.7628677308749895,0.7517684627653612,0.7775471506007716,0.7840928086639738,0.7623405177448048,0.7572087152359572,0.7650015857302581,0.7498196248254912,0.7461984614771673,0.7609784340994376,0.7840435130966296,0.7534832466377898,0.7521805529338508,0.7532356301138078,0.7632137189720909,0.7659417377058583,0.7560416587016751,0.764610586301723,0.7607346099923263,0.7622060364525828,0.7499416504439206,0.7841026671022149,0.7586336340037332,0.7584042602495689,0.7450266947226439,0.7817202742902442,0.7581121724638457,0.7715329361949212,0.7488582974251181,0.7489539815916417,0.7567328103864799,0.7540096767288164,0.7692658419038707,0.763182745260619,0.7633582361749242,0.7370534806207332,0.7569159058568045,0.7639874034117948,0.7400260442391409,0.7708986687093582,0.748443455365779,0.7552655651617618,0.7639616343279776,0.7466899055406685,0.7572871163564256,0.7629038907016207,0.7485870932813599,0.7687457858506236,0.7538360170041376,0.7542937150115423,0.7288359963956228,0.7690058870550586,0.7571355294342498,0.7765202634775965,0.751308419860656,0.7733395629192572,0.7664444323022233,0.7668800052895095,0.7662906035956571,0.7794942121288696,0.7602933358317512,0.7624697908081574,0.7547247186479844,0.7730162134374106,0.7584981081341232,0.7520326625180653,0.7647649670070057,0.7686029229558708,0.7735465875620807,0.7648267051093351,0.767427736819695,0.7565339429736203,0.7640647022228997,0.7559054071872692,0.7591441203911564,0.7550503482615327,0.7309641267822438
120.0,0.7551763403649294,0.7613672576908297,0.7552078333265703,0.7818392089128019,0.7626817225001223,0.757543138453525,0.7735516357619644,0.7525395317102288,0.7607864978716862,0.770385538383128,0.7750736176520794,0.7555383871231652,0.7571041607145219,0.7795739088145217,0.7697853125346256,0.7539044357257969,0.7641625958754177,0.7809563392394936,0.766967071101759,0.7663880343232576,0.7516891754084212,0.7557691176350312,0.7560416587016751,0.7635181859057909,0.7520168144998662,0.7774670883918106,0.785377432990964,0.7618489593708659,0.7573289251105958,0.7650787182665202,0.749639184604039,0.7452248539059574,0.761263602347732,0.7851316331954798,0.7531513067673531,0.751842452875902,0.7530669690160392,0.7631620949942581,0.7664700654964482,0.7559001659847762,0.7644304114729258,0.7625421683622025,0.7621905169327027,0.7497877871600649,0.7835058264800925,0.7599140346965068,0.7593367145158492,0.7463747951038862,0.7831947486161973,0.7596800695340573,0.7712438192707922,0.7489433509178873,0.7488423482915579,0.7576371534569571,0.7536412347475292,0.7694594386011561,0.7629452128416316,0.7645230814226045,0.7375863111959613,0.7584199028297133,0.7670643607067518,0.7416030641713223,0.7722220205573157,0.7475541167570523,0.7559578161174054,0.7646054394060444,0.7477139938165284,0.7593263059920369,0.7634356379582665,0.7479004530466163,0.7686080259617432,0.7538991730848217,0.7535464479587355,0.7284933908802593,0.7687814946813616,0.7575588088868158,0.7770565434821135,0.7518900121231241,0.7745097727391741,0.7670848401404824,0.7684344921951812,0.7658801461279587,0.779793000425008,0.7611288167528538,0.7620145936475374,0.7545145202376164,0.7730768590211793,0.7597788687233079,0.7515570016790298,0.764517933570353,0.769112945011652,0.7733345123560762,0.7655207004315654,0.766905614569417,0.7558529926302348,0.7648061266421957,0.7557009585947254,0.7618334282033065,0.7560154594414877,0.7301656827242653
121.0,0.755129097124312,0.7612376849951463,0.7548718039671708,0.7820819331301159,0.7621025634209879,0.7572871163564256,0.7734860047744962,0.7535727794510313,0.76241808580299,0.7710002105894797,0.7755965559151391,0.7559158894234483,0.757219169450183,0.7814674306028803,0.7701007831210293,0.7553075476745494,0.763884318636178,0.7806533726056692,0.7689803934079098,0.7654128129576347,0.7514459485684227,0.7558110569332404,0.7568897535812176,0.7642501677146253,0.7520643570352007,0.7771316714358802,0.7860109468097778,0.761926607612351,0.7584928948410457,0.7643222734894859,0.7495436310940922,0.7457118906732837,0.7613879860585381,0.786006039451157,0.7533199390554028,0.7515358506187263,0.7535885776711809,0.7629452128416317,0.7670899598582426,0.7556223017317323,0.7648009818847384,0.7639925570597514,0.7621284337889735,0.7492409247043113,0.7832589575739441,0.7607034745637992,0.7594355842664037,0.7475647768032155,0.7835008904805595,0.7622163825178248,0.7702686066831306,0.7493312246888578,0.7491931122466686,0.7584720411060446,0.7527927718407077,0.7696682281206102,0.7636780815621655,0.7655463842678745,0.7368902611837072,0.7610199236959401,0.77016690274834,0.7421743570718036,0.7732637985633004,0.7474848209707654,0.7569054451153767,0.7645539673544639,0.7488423482915579,0.7618437823712818,0.7642192618635462,0.7474475039162437,0.7690415757977699,0.75440413003189,0.7534042335921385,0.7288249479809437,0.7692607461566969,0.7579608433661469,0.7786315718018,0.7523231197693532,0.7745702184555179,0.7676578987616292,0.7718978752069829,0.765268924391872,0.7807974320321969,0.7616055795636391,0.7613361634511977,0.7551815893325421,0.7725712315729175,0.7606723371095887,0.7518371682337545,0.7644149647088399,0.7704566996268514,0.7730111592730148,0.7685723037389874,0.7664956972839487,0.7560259393143696,0.7652946220140818,0.7556485220927879,0.762847066878997,0.7564397142605933,0.7304631725573676
122.0,0.755596079963952,0.7616936249063329,0.7551343465983453,0.7815666024334663,0.7609732476466644,0.7570414171980162,0.7734052151201316,0.7549505815271311,0.7630330104319965,0.7712894814655443,0.7754859851141138,0.7554492120681133,0.7570623326038219,0.7825026648919692,0.7705786646717211,0.7576893761367619,0.7638069902838576,0.7810258430240735,0.7694645321538395,0.7658698800772096,0.7508161788876926,0.7560468983849054,0.7560888138250661,0.764996443111022,0.7538465435802747,0.7770865961828827,0.7863935474174732,0.7621232598279144,0.7593887537587715,0.7649861577037432,0.7498939048338288,0.7454657545018231,0.761641835497692,0.7863052853547939,0.7530933261107218,0.7519005802257703,0.754225350420644,0.7625938598628141,0.7671411539410504,0.7557638749695448,0.7645488198398265,0.7646414664941463,0.7616003999194128,0.74878918085554,0.7833626596484314,0.7617868316621029,0.7610977069829826,0.7478152230943185,0.7830860656395291,0.7644870452751964,0.7702330128661925,0.7499204307354584,0.7487572776930181,0.7587534905654317,0.7529140701262714,0.7700397411785491,0.7634562762956032,0.7665982103667053,0.7369229091224789,0.7613206155717503,0.7707869466449548,0.7440401103987304,0.7742275855934289,0.7474368413942453,0.7570884755950268,0.7664393054945713,0.7504612520688663,0.7620663425425109,0.76473924040627,0.7472608772859333,0.7695001854470918,0.7536359692931048,0.753409501522398,0.7287310273687293,0.7702635220209463,0.7585763007780124,0.7793148419183852,0.7525923007618519,0.7753401910836683,0.768281320147639,0.7742628686367773,0.7646311733217478,0.7818639828796669,0.7624853012124624,0.7604023943194729,0.7562040627167437,0.7728291718796244,0.7610406671437357,0.7517314635743206,0.7633014668206752,0.7709291336366919,0.7731324436882744,0.76931170109633,0.7656953227778593,0.7564658907318428,0.7671257963070323,0.7556223017317323,0.7632808217310607,0.7572453040010405,0.7299231622850708
123.0,0.7557481466354712,0.7618386053154286,0.7547720008830067,0.7815269364021431,0.7601842525294082,0.7561831103984857,0.7738594695502218,0.7563716488518741,0.7639358638374356,0.7714416558640301,0.7750434295681387,0.7551973358977659,0.7563140476169905,0.7829526447644135,0.770471947029933,0.7586857492097817,0.7634975502693653,0.7806782138139681,0.7704211203835798,0.7657004577445137,0.7501750078169573,0.7558267832416306,0.7559997392101475,0.7650581508281012,0.7552708131728016,0.7766055098885716,0.7877397286606699,0.7617505867567703,0.7596384637983754,0.764306823180454,0.7504612520688663,0.7460701803515697,0.7622112095133382,0.7870304543403246,0.753251439137602,0.7516574569206993,0.7547194647849703,0.7622681094678951,0.7672895849610837,0.7563925930673986,0.7648009818847384,0.7663162452302296,0.7610614096912276,0.7487625950274441,0.7831502906902048,0.7630485024363443,0.7614708905263343,0.7483050986036686,0.7830267725370195,0.76521238467134,0.7697191380450572,0.7501750078169575,0.7489220888951506,0.7593991609321282,0.7529351624417576,0.7701414732478309,0.7631569322869954,0.7675556186324595,0.7381077437010538,0.7634459572394728,0.7721308779728933,0.7455246239832993,0.7740813836128614,0.7472182100921689,0.757705041843458,0.7665162017011075,0.7531249527674645,0.7621439553345372,0.7656696471005526,0.746476292728453,0.7705430948816385,0.7533568196876976,0.7527030974547066,0.7281671621989907,0.7717762612805628,0.7587170156324996,0.7792251294664176,0.7529087969067275,0.7765804391028249,0.7679288322515823,0.7764400167063733,0.7646774908250682,0.7828389575902058,0.7622784541826815,0.7598620522852565,0.7573498281372253,0.7722270834996726,0.7616521938295722,0.7520326625180653,0.7631207917606252,0.7725661724568513,0.773349663876812,0.7694135940949012,0.7652946220140818,0.7562721515333598,0.7676834652771101,0.7547457335373509,0.7650170132503522,0.7581330417290857,0.7300885289464624
124.0,0.7554911788255857,0.7624387684802847,0.7550083436913042,0.7813434341633452,0.7599504190363775,0.7556327900449615,0.7740107864094168,0.757161668486626,0.7643428731137627,0.770949442462868,0.7750887109344184,0.7546406500874819,0.7565130048351456,0.7839892814734835,0.771456870518564,0.7583521146582699,0.7631414438275935,0.7803899693122756,0.7710408210394024,0.7648112713433842,0.7496285684476818,0.7560992921224164,0.7556485220927878,0.7666084604370633,0.7554544581097388,0.7763898551593911,0.7880084542682947,0.7634511167956726,0.7602517832139886,0.7648009818847384,0.7508479510560238,0.746636510777962,0.7622732818534229,0.7875979684410293,0.7534832466377898,0.7507949963167591,0.7548770561983844,0.761823073810255,0.7661982820635171,0.7577781417786984,0.7652175249272787,0.7675863050345075,0.7615278789920005,0.7480282709659516,0.7832836507948195,0.7637657433192069,0.7623767177474893,0.748969927180256,0.7828537880401285,0.7668851272580288,0.7693473662060686,0.7507949963167591,0.7491612347428026,0.7598048651338138,0.7527874973269771,0.7693473662060686,0.7634923912195866,0.7681280974580124,0.738455077273926,0.7627902362478262,0.7727229788898275,0.7467379560161065,0.7741872587391772,0.7473035408784829,0.7575692555609981,0.7667621844833222,0.7545880999221999,0.761926607612351,0.7660956812011483,0.7461129443279837,0.7716089892107574,0.7531513067673531,0.7524075844634914,0.7287531277993027,0.7737484716676206,0.7591805630256928,0.7784618375420004,0.7528613353987276,0.7771216551068747,0.7679186112160191,0.7768110372700445,0.7647906922010169,0.7830761840184672,0.7640904656798188,0.7590139456173621,0.7576945980952629,0.7720701061215282,0.7620094184485606,0.7517843187174867,0.7626248720622699,0.7726015850876662,0.7732031779629598,0.7699481630722036,0.7651301329237385,0.7562721515333598,0.7691843031968133,0.7546038655626088,0.7656747823485519,0.7593054882691846,0.7303805529512942
125.0,0.7561516802330293,0.7622370739730807,0.755522651530393,0.7813483946961544,0.7604023943194729,0.7549138202413478,0.7743888569982869,0.7583521146582699,0.7649501570057939,0.7705126042956489,0.7756267068615514,0.7557848452938771,0.756727578074486,0.7845657598138964,0.772363761673637,0.7585345996101365,0.7629813667600198,0.7804893853502449,0.7712438192707923,0.7651147091173973,0.7494427492772677,0.7557586322477892,0.7562145385382588,0.7677499316338897,0.7563402308405177,0.7761239050193195,0.7877934873992887,0.7647752572534172,0.7617195175005664,0.7653562905679492,0.751308419860656,0.7463641099617568,0.7617039821128333,0.7878765556942271,0.7531302236799802,0.7501803101275653,0.7553337849162998,0.7616832674747566,0.7671104381665934,0.7589254066831554,0.7656080197355802,0.768199607681964,0.7606671473369456,0.7484434553657789,0.7826609526903086,0.7640647022228997,0.7630536663252555,0.7497241057521616,0.7837180212295499,0.7673970399516161,0.7689650965443926,0.7513877679880971,0.7492356124340934,0.7602777540221075,0.7516733164177706,0.7701618169607762,0.7629193869261421,0.7682711068771952,0.7388292880919536,0.7634665951266577,0.7734001652884473,0.7478791469089976,0.7743586229988566,0.7474475039162439,0.7581852109533572,0.7669261009805013,0.7552025846403025,0.761916255244983,0.7664290517104604,0.7458402622794049,0.7729707239321653,0.753335745378286,0.7518054591992216,0.7292556693721702,0.77435358380201,0.7599088367085922,0.7782970332609528,0.7530195227006643,0.7783419859601066,0.7683936512675071,0.7781621478167652,0.7644355602817499,0.783930111937659,0.765705592654899,0.7586753266187237,0.7582791013772625,0.7719080082378578,0.7633375935611448,0.7518530219913897,0.7622163825178246,0.7740309581643521,0.7728241156332762,0.7709545195287396,0.7645745568503239,0.7560940530018758,0.7714112250356997,0.7543200065528606,0.7667570611643473,0.7598048651338138,0.7301932349721324
126.0,0.7563821210721742,0.7620973891785839,0.7557166884480614,0.7811648175070719,0.7610510385300197,0.7546826861683406,0.774434204199276,0.7588420610665377,0.7650221556445123,0.7703245342534039,0.7757925008577293,0.7550450978871958,0.7564292432782107,0.7840780205845947,0.7734809558431158,0.7592846696460286,0.7630485024363443,0.7807576962273355,0.7716900984729418,0.7658904119536318,0.7488051316771698,0.7557638749695448,0.756774666856747,0.7687508872809645,0.7566595528980891,0.7757925008577292,0.7880914804740342,0.7649501570057939,0.7614553470358677,0.7665520822647794,0.7519058641926898,0.7462786207219885,0.7610873366095405,0.7887404771534864,0.7529298894472893,0.7496816469787078,0.7551028489101101,0.7611599244970415,0.7670387601485364,0.7596072571333167,0.7649553001314507,0.7689141033418516,0.7604698942811889,0.7481400850582756,0.7821958183148723,0.7645179335703531,0.7630381744897147,0.7501325873064113,0.7839350430417904,0.7686845642975517,0.7681791773147861,0.7510861777498494,0.7503711558343047,0.7607813093369606,0.751789603922324,0.7708123404146601,0.7635904035433884,0.7681791773147861,0.7393928097958242,0.7650324402640254,0.7745047352303972,0.74775661914617,0.7749629181076227,0.7473675295150295,0.7577154853665773,0.767412388638866,0.7573393767364485,0.7614916143925241,0.7672384071962806,0.7447641491373477,0.7734355129285879,0.7535517143697327,0.7516098753909601,0.7301656827242651,0.774842123907737,0.7601686671748187,0.7782171060975491,0.7530511540840017,0.7790905266050593,0.7674584316620905,0.7796934268338882,0.7636471382359442,0.7839843509883108,0.765715862306863,0.7582425906009884,0.7586127863457823,0.7724852189472102,0.7643892189766501,0.7516310233002006,0.7621336076937637,0.7751842899623487,0.7723890679450748,0.7715988495401428,0.764080160465858,0.7551028489101101,0.7722777098284488,0.753946534827916,0.7689650965443926,0.7600907328055586,0.731656986455738
127.0,0.7564973006404656,0.7622060364525828,0.7551343465983454,0.7807229244439602,0.7610717806273598,0.7538939103875775,0.774575255232798,0.7591337077034395,0.7650324402640254,0.769459438601156,0.775113865279604,0.7547720008830067,0.7572766636051933,0.7843342756071466,0.7751842899623486,0.7591441203911564,0.7627902362478263,0.780016958711641,0.7719738674523182,0.7659827942562726,0.7486402820995912,0.7557271747356074,0.7571512130344824,0.7707717097079038,0.7581434760240918,0.7754156076973143,0.7881989020126567,0.7659520021810757,0.761123631931881,0.767443084494103,0.7535095815062244,0.7469194389018012,0.7612739688948835,0.7892423997112793,0.7530142506065002,0.7493577804130481,0.7550555985796009,0.7604958532728217,0.7669721921137056,0.7598048651338138,0.7651712605981468,0.7685978198937293,0.7603868160547751,0.7475381262657901,0.7827845749411113,0.7655515208663293,0.764023477765842,0.7506678819847789,0.7839744898491585,0.7687712924396385,0.768199607681964,0.7509644316757245,0.7507314432021357,0.7607501769469586,0.7521699907957169,0.7716039194035845,0.7642604692148331,0.7686233346417465,0.7403450754423426,0.7654076748399173,0.7755764541588177,0.7484221721859049,0.775516143488032,0.7468447185324079,0.7573341509516566,0.7678879467588742,0.7581904275663051,0.7613879860585381,0.7673407570989883,0.7442869350774587,0.775304992331255,0.7532883248903741,0.7510385415266594,0.7311346751135449,0.7763045676157898,0.7613050671858823,0.7775071212968986,0.753725474365738,0.7797531736894712,0.767453315995697,0.7812293263784947,0.7634046787641922,0.7848168041880126,0.7674379686589026,0.7575535854653213,0.7581486930871915,0.7719485381105976,0.7655515208663293,0.751757891849266,0.7619059026525391,0.7758728637681319,0.772712863977565,0.7731526546064212,0.7640440904445227,0.7557848452938771,0.7725762906327148,0.7550608488414002,0.7694339699937043,0.760350464801066,0.7325135750256243
128.0,0.7569420567256671,0.7626300405652378,0.7555751015368863,0.7809563392394936,0.7612687856494423,0.7533146701685706,0.7750937419159935,0.7591180882498467,0.765351151831273,0.7691741098455894,0.7756819783354909,0.7547247186479845,0.7576528208517228,0.7850677022065058,0.7755161434880318,0.758466827531622,0.7624853012124624,0.779872643092437,0.771867474763903,0.7661213335268272,0.7481773509080234,0.7556799846691782,0.75806521332532,0.7709900574143094,0.7598620522852565,0.7750836798965743,0.7880914804740342,0.7673100544914734,0.7614760715772853,0.7679288322515823,0.7544409295243122,0.7482838095718204,0.7610977069829827,0.7902687459769964,0.7533462826455297,0.7494161980545961,0.7559578161174054,0.760262171706043,0.7666135853878389,0.7593419186933519,0.7645591148128323,0.769663136818686,0.7610302955323759,0.7478525129709217,0.7827104058108032,0.7658185464473257,0.7647649670070057,0.7516944616261,0.7849594896385297,0.7683885458983374,0.7676783520865519,0.7519005802257703,0.7519692674067442,0.7613361634511977,0.7519534173628619,0.7718826752386534,0.7646877829846249,0.7701770741546606,0.7406855196379605,0.7660443723296165,0.7755513256973643,0.74866687439862,0.7778272548938674,0.7463641099617568,0.756952516679329,0.7690517720749808,0.7583573294706103,0.7608228160392336,0.7686743599176074,0.7440776783566441,0.7752999637129774,0.7531671184920585,0.7507791087977345,0.7323160222812677,0.7771567112736866,0.7619421357413854,0.7779372475873683,0.7547089568901353,0.7806136237464041,0.7671718676898239,0.7827598533043998,0.7631930700561856,0.7845214426728977,0.7696173125692648,0.7569943542432181,0.7591909747005681,0.7730111592730149,0.766992675598803,0.7511549775813261,0.7613154328327301,0.7773119268699946,0.7727381508362039,0.772733093577014,0.7638946281265815,0.7552708131728016,0.7738140646172567,0.7552183305302987,0.7708224975286593,0.760262171706043,0.7338944023472898
129.0,0.7583573294706102,0.7628573989895312,0.7561569187346111,0.7815963495936615,0.761678088674565,0.7531196817986798,0.7751188959798341,0.7593835500876898,0.7652226651269485,0.768516163246885,0.7747112269496892,0.7546931946258655,0.7582478065949774,0.7849890048579797,0.7754407437550805,0.7589149892688438,0.7615382397997157,0.7801164591530838,0.7720701061215283,0.7653922601491512,0.7473995207947777,0.756842675940215,0.7588003828564065,0.7719586700160929,0.7614346215941464,0.7742275855934289,0.7879840317012243,0.7678828358190752,0.7610665951874281,0.7681383138795189,0.7551868382438857,0.7503340526581849,0.7609058186401352,0.7901958656877286,0.7539096983105033,0.7494055771716446,0.7571459852240072,0.7600335728883033,0.7660341098800822,0.7594824102162482,0.7644561549543563,0.7695612989637175,0.7603972016208427,0.7491612347428025,0.7836390771978055,0.766080289130513,0.7641832024770483,0.7527136482265062,0.7847626697413989,0.7693779341056399,0.767427736819695,0.7529457082618867,0.7540622887899788,0.7619887170899639,0.7509750194725143,0.771127106288329,0.7644613034818353,0.7701821597734175,0.7427773003745384,0.7674584316620905,0.7755211696867435,0.7491931122466686,0.7791154561556605,0.7461182895718251,0.7570727899691108,0.7695562064801447,0.7591076749994399,0.7609732476466643,0.7695918526835053,0.7432935471302201,0.7772017794367925,0.75377285282072,0.7505566303572021,0.7329029792003761,0.7768010137386094,0.763729649271016,0.7776972284169761,0.7571982607966553,0.7824234993855104,0.767253761116546,0.7840090028514841,0.7629400477710718,0.7845657598138963,0.7704109543790812,0.7567432748416605,0.7595552415233668,0.7733597646092909,0.7692862243298757,0.7511020554780711,0.7613102500374407,0.7780472130466816,0.7723991900597668,0.7741872587391769,0.7633375935611448,0.755653765996192,0.7741065942270291,0.7562512021410889,0.7726471115616331,0.7604491260750411,0.7340147811695479
130.0,0.7585189607437447,0.763296305632675,0.7566281534554969,0.7817301867467082,0.7614916143925241,0.7528349659248689,0.7746508001397238,0.7596540663712734,0.7651764013042374,0.7681025554195386,0.7736677288290492,0.7542358686689717,0.7584199028297134,0.7844672710887557,0.7751188959798341,0.7587326480842272,0.7616055795636391,0.7798278458644812,0.7726521697773956,0.7655155634954965,0.7468447185324079,0.7572766636051933,0.7590556053712672,0.7719333398303376,0.7624594502572757,0.7737535176167449,0.7881842552246923,0.7687814946813616,0.761444984427545,0.7707463136874393,0.7560783353026399,0.7512078940576827,0.7601634719440843,0.7904630315191633,0.7537254743657381,0.7494746088875974,0.7570884755950269,0.7597216716685243,0.7654590534849871,0.7599192326281523,0.7641213799712454,0.7706294738746898,0.760225810999145,0.749655108416557,0.7843392020972214,0.7654796033674837,0.7651352740799812,0.754298973432344,0.7844623460616744,0.7696274961296856,0.7668390275156702,0.7549768379003354,0.7553862551796267,0.7628264019827006,0.7500265202747315,0.7711068053398105,0.7643789202898914,0.7700397411785491,0.7442869350774587,0.7675760764589008,0.7752345865548885,0.7487306901768528,0.780534115224229,0.7464121913288659,0.7573707302635511,0.7700906100266391,0.7592690550878374,0.7609939931201435,0.7703194502101784,0.7426643022702882,0.7778772549488704,0.7542937150115423,0.7506519904143876,0.7346654490940439,0.7772017794367924,0.7657055926548991,0.777472092701888,0.7579869379660269,0.7829378176906299,0.7665520822647796,0.7840928086639737,0.7622319011936702,0.7844771209741115,0.7706447155383354,0.7568112883141092,0.760480278046649,0.7733799653990211,0.7706802774507604,0.7510332483316269,0.7606308173529117,0.7787114242399951,0.7717103735377284,0.7744039732383706,0.7627178965065371,0.7554177346367117,0.7746054747148309,0.7570309591574996,0.7756518311028312,0.7614501657598409,0.7346326613831199
131.0,0.7593106927843012,0.7634511167956726,0.7576110400069679,0.7823195727977834,0.7620611679062241,0.7527452991914494,0.7755965559151391,0.7596124583848323,0.764646612995942,0.7679748241263018,0.7730970724151613,0.7542779394115237,0.7578877710027078,0.7847872771520761,0.7745148101916822,0.7583781881572816,0.7616211181587043,0.7798875744889139,0.7727432080391248,0.7652997613697168,0.7465403860253067,0.7582582384141483,0.7595708467971762,0.7719080082378578,0.763291144388406,0.7732739012089247,0.7890962702895645,0.7699023671823495,0.7622525919736983,0.7724801588745712,0.7575013481555811,0.7522386406703556,0.760480278046649,0.7900063176843939,0.7533304766602604,0.7498673775254746,0.7569838951898598,0.7592222083747382,0.7643995174383329,0.7602102269950111,0.7643892189766501,0.7712336714974442,0.7606879060899046,0.7497718675677203,0.785554321739328,0.765633698789026,0.7656182915257655,0.7557953301184294,0.784117454337559,0.7691435284414623,0.7666494584677361,0.7559630567009397,0.755989258774576,0.7636316658132021,0.749501157015475,0.7710408210394024,0.7640337842177203,0.7699176329853883,0.7469141020983072,0.7690568701291828,0.7744694710934267,0.7489539815916417,0.782740074982189,0.7461022536714941,0.758336469883635,0.7699532512230646,0.7608695067747138,0.760490661587033,0.7717610572608665,0.7428579981135204,0.77923509841694,0.7540991138847881,0.7508691313761982,0.7354735713888475,0.7765904675859305,0.76718210515593,0.7772017794367925,0.7600751444124442,0.7839202495605891,0.766362396627514,0.7847872771520761,0.7618230738102552,0.78428008050257,0.7713199203966082,0.7564973006404656,0.7612791520840557,0.7733799653990211,0.7721106215894087,0.7505301382169618,0.760241394496858,0.779394571014971,0.7717914647938383,0.7752899063076147,0.762562845637675,0.7556170574907142,0.7774971134082405,0.7573289251105958,0.778361963474515,0.7636213505833626,0.7351297240451786
132.0,0.7591753571038516,0.7635749292637699,0.7595344337038554,0.782309673733337,0.7622112095133382,0.7524867570317075,0.7764951879089863,0.7589826984386362,0.7648061266421957,0.7678572802760457,0.7726268781358933,0.7537202098116174,0.7576423759781479,0.7849447312691734,0.7750786488024614,0.758211293455406,0.7617764762562098,0.7797481950943187,0.7734102648955468,0.7646157331411327,0.7460327589180857,0.7580860846162434,0.7605633400675957,0.7722270834996726,0.763729649271016,0.7730667519865742,0.7894225562526572,0.7706955174263365,0.7620559932136681,0.7758778859717456,0.758649269156372,0.7527611239142896,0.7601738623492842,0.7897485896242883,0.754425158650888,0.7507102570299871,0.7571355294342498,0.758487681491699,0.7638997827873795,0.761201398338229,0.7643325734141623,0.7721156857696833,0.760859131449601,0.7500477354816748,0.7865455115669067,0.7649655862139575,0.7660135843057863,0.7587326480842272,0.7832046275363478,0.7693728395963837,0.7663418854580775,0.7575901482341348,0.7562983370076464,0.7644304114729258,0.7490709041479298,0.7705126042956489,0.7633995187015715,0.7698158513994021,0.751207894057683,0.770522768049388,0.7736374465508322,0.749458679335643,0.7844968200695952,0.7461931170773608,0.7583364698836352,0.7698820119905319,0.763476913732636,0.7601686671748187,0.7729909420527417,0.7426535392518874,0.7793846056656637,0.754262163305084,0.7514142145504616,0.7383628392730903,0.7772017794367924,0.7692454585775619,0.7770465254650385,0.7606515776814022,0.7860845504368135,0.7661315940632162,0.7863052853547942,0.7610354813661904,0.7841864547398232,0.7720903643056203,0.7566804847344375,0.7618593132012274,0.7733951154004943,0.772712863977565,0.7503234512443012,0.7598880441942437,0.7800418359320885,0.7715025114436409,0.7760937874966827,0.7617298741443771,0.7564815959393647,0.7780921910668774,0.7577363717375881,0.7792949073934796,0.7643995174383329,0.7357190399006983
133.0,0.7593419186933518,0.7648009818847384,0.7614449844275449,0.7823888599467816,0.763476913732636,0.7520379450782603,0.7778422555011927,0.7590191532835416,0.7641935054402498,0.7674226208156876,0.7724599180213257,0.7533462826455298,0.7576841541219917,0.7862807648796943,0.774791783425391,0.7579765002948818,0.761299884278055,0.7800468112073711,0.7734961024684501,0.764682636932981,0.7456262915964618,0.7585241737554775,0.7621749969064017,0.7726875757122016,0.7637760553979834,0.7726066438098496,0.789733996516933,0.7718522737827316,0.7623715464873414,0.7774270518855075,0.7601271037534115,0.7533936975628123,0.7601894475350667,0.7896026357617985,0.7541306760572771,0.7509803132865058,0.7568845229572932,0.7576319308794973,0.7631207917606251,0.7631930700561855,0.7644149647088399,0.773162759727881,0.760755365819298,0.7511867281423681,0.787632190757792,0.7641316842849024,0.766223928762298,0.7604387416343532,0.7829032192157201,0.7698260305708424,0.7655977477203191,0.7584303309351315,0.7573655048163731,0.7649501570057939,0.7486509191880097,0.7706040699765678,0.7631466067036631,0.7707412343145393,0.7544882391060598,0.7728241156332762,0.7734304634345177,0.7501750078169573,0.7857998795781882,0.7459632546552193,0.7586075742906221,0.7710915790375973,0.7638018346102176,0.7601946424844563,0.775918061574973,0.7423305440395533,0.7797382377352068,0.7550135944595241,0.7515199867326742,0.7404369633375705,0.7771717345011429,0.770517686200653,0.777857255602097,0.7606463876836831,0.7870598270867115,0.7654539158736907,0.7873779019985587,0.7609213800241382,0.7838462745582702,0.7746356921711803,0.7565391773675664,0.7629038907016208,0.7739401781772518,0.7739200023709498,0.7500053041674842,0.7598256612493769,0.7808768928382748,0.7719890643821226,0.7767960018884882,0.7614657094191144,0.7573968566554062,0.7790556228709206,0.7584616139009303,0.77983282355933,0.7656131556588073,0.7372057730715439
134.0,0.7585293867109415,0.7658955447820648,0.7631053021195746,0.7820175500761377,0.7639307095705202,0.7519481339023631,0.777447070588811,0.75923261914931,0.7644973415986578,0.766500823472642,0.7722928966298366,0.7526345119517837,0.7580599953619166,0.786315093150951,0.7757724078793691,0.7569891247446735,0.7617971868429197,0.7795788893790886,0.7729959964422134,0.7658493473004838,0.7451980801394607,0.7588628988211477,0.7633891984075237,0.7728241156332762,0.7638997827873797,0.7720194567224692,0.7897777743197362,0.7728544522673302,0.7627592348520151,0.7790007685752162,0.7624904712346927,0.7555016699522641,0.7602985296557612,0.7894468958229788,0.7547457335373507,0.7515358506187263,0.7569943542432183,0.7569420567256671,0.7625369989026619,0.7650632927721093,0.7645127856618327,0.773243592596824,0.7604750861920534,0.7523020013450593,0.7882379576380598,0.7640595493627089,0.7666187102823454,0.7624853012124624,0.7826955704654791,0.770253352527771,0.765279203609563,0.7595864515645645,0.7577729207205011,0.765145556223659,0.7488051316771698,0.7703143661106842,0.7628005695962781,0.7720143914730839,0.7566333868366014,0.7738443350789874,0.7728797312483117,0.7504771497163076,0.7879644926347265,0.745979294944531,0.7578094669462339,0.7722372092155797,0.7641213799712453,0.7620508184648431,0.7767659296061131,0.7422174478584671,0.7801363565404612,0.7546879404252373,0.7522280797701392,0.7417702058096267,0.7773669903737753,0.7719738674523181,0.7791104703580783,0.7605373847334469,0.7880328754286405,0.7647855472747527,0.7871283556172898,0.760314110790177,0.7836390771978055,0.7754558247145125,0.7563088108034781,0.7620663425425109,0.7744039732383708,0.774776680183442,0.75,0.760298529655761,0.7812640579858164,0.7720194567224692,0.777392016988371,0.7610458528650121,0.758211293455406,0.7799771522329378,0.7599660114808587,0.7801413307466332,0.7669312224425999,0.7390244221703739
135.0,0.7586023621791929,0.767120676983155,0.7645230814226044,0.7823245222456031,0.7652021039906556,0.7514195036941276,0.7787713041154524,0.7594772075580081,0.7654025366659309,0.7655463842678745,0.7723991900597669,0.7522175186448469,0.7580704312324542,0.7866827230301507,0.7764550640732228,0.7565077701598547,0.7618644900320047,0.7798378011979097,0.7727937769735389,0.7657261317337509,0.7444746567021651,0.7593106927843013,0.7658750131307187,0.7731981258805163,0.763482072951222,0.7722017682251976,0.7895929037036917,0.7733749152859921,0.7630639939342713,0.7808917901357486,0.763291144388406,0.7561359643906697,0.7602206163873694,0.7890670383281716,0.7557743602442488,0.7520062488730553,0.7565862843809777,0.7564763609264596,0.7621180858105863,0.767161629998642,0.7644613034818355,0.7732941058249455,0.7601998373775768,0.7534200372141104,0.7898847675388653,0.7645848512606399,0.7672947024280844,0.7640543964462492,0.7822849250875141,0.7700346539842606,0.7649501570057939,0.7605321934978101,0.7575170199393273,0.7652072443591322,0.7479057794403485,0.7698667450058444,0.7626455457365274,0.7726369949613011,0.7594563963623577,0.7740712989733113,0.7722372092155798,0.7506043126646885,0.7888574833254818,0.7458563064512762,0.7573289251105958,0.7725459354298967,0.7644046665847709,0.7612636023477322,0.7788211978220787,0.7420773896348691,0.780549024169382,0.7542306095729423,0.7522914417952986,0.7432021662185231,0.7777072318041156,0.7731779169880528,0.779369657219685,0.7612895182935934,0.7885356383636846,0.7646620521637155,0.7883062963170918,0.7603660442474124,0.7834663369082978,0.7757673844941068,0.7558005724463022,0.7627075613574779,0.7745349594390245,0.7755563515021929,0.7495330129120518,0.7604750861920533,0.7812789421163482,0.7719232073621526,0.7794842490303215,0.760262171706043,0.7586909604209071,0.7803402528529435,0.7610406671437357,0.7810705182046068,0.766987554811932,0.7406098846725286
136.0,0.7589514492342269,0.7681280974580124,0.7664136706122768,0.7822205720249036,0.7650992848046353,0.7506943668100514,0.7794145010383582,0.7580913022983018,0.7670950795197338,0.7654128129576347,0.771593779620432,0.7530616974282957,0.7583729735700173,0.7867807042090709,0.7762895151847321,0.7561097701946908,0.7617712984688599,0.7805390849288822,0.772808946556618,0.7664598123875652,0.7432774222686281,0.7596540663712735,0.7677908292806982,0.7742124634451019,0.7637708993867298,0.7723080829248032,0.7894322922495928,0.7742023817315389,0.7633582361749243,0.7831601706231972,0.7644304114729258,0.7564973006404656,0.759409567880409,0.789291098264721,0.7566595528980891,0.7531618479734258,0.75594733478153,0.7559420940291889,0.7616988035377176,0.7695154645858795,0.7635594544777308,0.7730515910126494,0.760147885914267,0.7547247186479845,0.7900403454230158,0.7639719421303115,0.7670848401404824,0.7660905505672055,0.7817004487020882,0.7695562064801447,0.7648267051093354,0.7616003999194128,0.758305178815103,0.7649347272912096,0.7473995207947777,0.7701974162920744,0.7621129117369893,0.7726015850876662,0.7622732818534229,0.7747565417397445,0.771750920966391,0.7504612520688663,0.7894566312572243,0.7459418668150382,0.7579086499462129,0.7731021256229844,0.7650118707999232,0.7608487558994124,0.7809811632857528,0.7424651499957057,0.7800667117458115,0.7547772541833309,0.7531723889544224,0.7437394674769349,0.778192125904864,0.7748370901127128,0.779105484504227,0.761641835497692,0.7891790831795922,0.7645694095607624,0.7889793302898922,0.7599140346965068,0.7828982763513714,0.7768461178575947,0.7556065688398712,0.7628367345433866,0.7749528531622165,0.7760184848277258,0.7494108876412551,0.7608435680399146,0.7812491733488638,0.7723030208827502,0.7814227959360143,0.7596540663712734,0.7598776475994559,0.7828340139943604,0.761936959754643,0.7818838010403173,0.7675863050345078,0.7422228339535897
137.0,0.7587222265060112,0.7697547716441657,0.76872537956657,0.7825719228936343,0.7652278052703492,0.7503764560629601,0.7820472665134685,0.7585033213709322,0.7669261009805013,0.7649810149157001,0.7712691877194555,0.7533146701685706,0.7592222083747382,0.7863396116566361,0.777256856557667,0.7558110569332405,0.7626197035030331,0.7813235914694185,0.7726066438098497,0.7670541206522726,0.7426427760084106,0.7608850693403654,0.7694543449922036,0.774454357047833,0.7639874034117948,0.7721612608600508,0.7895929037036917,0.7745349594390245,0.7632188810603948,0.7862905732385411,0.765705592654899,0.7562040627167437,0.7591493266506115,0.7895393733608722,0.7580234680425619,0.7543568123474089,0.7552183305302986,0.7555908354415891,0.7609473145387635,0.7702330128661925,0.7631517695234638,0.7729252298691323,0.7606100561241178,0.756795593741425,0.789505305052314,0.7641213799712454,0.7673868072121046,0.7682302515446616,0.781407916700884,0.7712945547613942,0.764734094917316,0.7629658725611816,0.7585606632620763,0.7661521144607657,0.7477299787371614,0.7702075870231674,0.7615900404621531,0.7735364909935064,0.7641316842849022,0.7749276898139938,0.7710357449301035,0.7507738128455216,0.7897534538808688,0.7460167203168436,0.7581330417290858,0.7734557103421791,0.7652843431340048,0.7607864978716862,0.7820522190560822,0.7428848945463986,0.7803203646936794,0.7539781067912079,0.7541622362040827,0.7461984614771673,0.7787713041154524,0.7767458802924836,0.7796984060479996,0.7623198307910675,0.7898312743335741,0.7636677673451677,0.7897972296579885,0.7600075888569735,0.7825818159935687,0.7786215892341839,0.7556170574907142,0.7638173014623304,0.7749780151037147,0.7755010645542831,0.749639184604039,0.7611080771313489,0.7814327151447564,0.772844340281055,0.7828735611855929,0.7591128816527778,0.7609161929524062,0.783298466052117,0.7638327678080223,0.7829971229472397,0.7706650369687635,0.743717986230243
138.0,0.7582060770675344,0.7704922761129428,0.7707310753999326,0.7831601706231972,0.7657415354520655,0.7502863445232354,0.7837772198001692,0.7579973754120961,0.7673663410578537,0.764847282676171,0.7713047011842867,0.753409501522398,0.7609836204959419,0.7865455115669067,0.7778422555011927,0.7552445725549124,0.7632704988486395,0.7825570828217157,0.7727078064370304,0.7675505040351767,0.741867230978537,0.7626507140144194,0.7708834354860602,0.7739754836719244,0.7639358638374356,0.7726926334778123,0.7898847675388653,0.7752547036163728,0.7635542961031797,0.7877690524530423,0.7670848401404824,0.7571825787156851,0.759409567880409,0.7895588397278451,0.7589931143899541,0.7560992921224164,0.7541885347790238,0.755344279419117,0.7603089171349738,0.7716191286562962,0.7628315682911782,0.7730970724151613,0.7613620754582302,0.75903998338557,0.7911714097278306,0.7636729244818011,0.7665674588051755,0.7696682281206102,0.7808967557890352,0.7710255925426988,0.764734094917316,0.7638482336472932,0.7587899627411838,0.7671462730398517,0.7480761943297585,0.7701618169607761,0.761123631931881,0.7736879158891476,0.7679901537383668,0.774837090112713,0.7709494424628682,0.7513137101297017,0.7907203211876275,0.745979294944531,0.7591649450913626,0.773349663876812,0.7658647469674318,0.7605010449023412,0.7834268437352881,0.7436750210359481,0.7800468112073711,0.7541832751765736,0.7547667475264134,0.7476447199751448,0.7791702962153126,0.7784168969969465,0.7807179568212592,0.7635904035433885,0.7899577018463562,0.7627489006032595,0.7903076102878595,0.7609317539987954,0.7821463066746359,0.7792201449067531,0.754871803967171,0.7652380853883438,0.7753552754192392,0.7757824544810872,0.7495542490510567,0.7622319011936702,0.7814178362472399,0.7729555597509083,0.7846494575336709,0.7583156093963562,0.7618593132012275,0.7836834849881346,0.7658750131307187,0.7830267725370195,0.7721004930600524,0.7459311725573337
139.0,0.758211293455406,0.7722017682251976,0.7731526546064212,0.7838906610789241,0.7658698800772097,0.7495489401007089,0.7843884639031764,0.7577520359250218,0.767248643199393,0.7646054394060444,0.7708123404146601,0.7525395317102288,0.7623922311903195,0.7865896200625189,0.7773219389225573,0.7552235790477594,0.7638946281265815,0.7834416540971841,0.7727432080391248,0.7677908292806982,0.7414088963438663,0.7631569322869955,0.772945450015392,0.7738342451501532,0.7641059230787425,0.7725762906327148,0.7892277890480017,0.7756216818444883,0.7644046665847709,0.7897583180811802,0.7683936512675071,0.7582321584442036,0.7597216716685243,0.7890767825403785,0.7600907328055586,0.7569159058568047,0.7543831005125882,0.7551133483645979,0.7602050322144285,0.7731779169880528,0.7619007262719139,0.7724902789635802,0.7616832674747566,0.7604127795479265,0.7935400756090254,0.7631414438275935,0.7657980114198406,0.7725358165788053,0.7799821282397172,0.7707412343145393,0.7646157331411327,0.7647135123988098,0.7591389140754324,0.7683170648217186,0.7490868460227911,0.77016690274834,0.7606256271301168,0.7752144685931004,0.7712438192707922,0.7748773588973749,0.7719890643821226,0.7515305627129779,0.7907154681285746,0.7460969082588458,0.7588420610665377,0.7731981258805163,0.7675556186324596,0.7601063206922523,0.7840090028514841,0.7432774222686281,0.7793895883684518,0.7555488772370019,0.7570832471093237,0.7483050986036686,0.780335280897531,0.779563947516581,0.781685578920147,0.7648112713433842,0.7911132321016265,0.7628935596039282,0.7913410481896876,0.7610562241387582,0.7816211373464272,0.7801214335843318,0.754777254183331,0.7653511518312731,0.7762895151847321,0.7757020753652175,0.7499840871599335,0.7627954029501867,0.7812392499762171,0.7723182068401031,0.7848906129154887,0.7577311502292388,0.762810902719654,0.7857164056964253,0.7667980461406162,0.7831749901006682,0.774328386973743,0.7471115263524426
140.0,0.7583208246025794,0.7734304634345177,0.7753954978382597,0.7843983155891395,0.7671872238045794,0.7488370318011665,0.7859471467587256,0.7584146886926009,0.7679748241263018,0.7641625958754177,0.7710154399302181,0.752470923530906,0.7632395288509205,0.7864180614216401,0.776906249593017,0.7547404798994126,0.7644870452751964,0.7844426453906591,0.7722928966298365,0.7680667942023783,0.7409339568731843,0.7638946281265815,0.7740763413212208,0.7740712989733113,0.7645591148128325,0.7721156857696833,0.7892862286625875,0.775405552880325,0.7669824339687923,0.7916026408879027,0.7690058870550587,0.7604335493296058,0.7598828459249845,0.7888282348210081,0.7613309808809842,0.7582582384141484,0.7550293464265703,0.754882308373329,0.7596852699978072,0.7745551077860633,0.7613931680097927,0.772682517890322,0.7623922311903195,0.7614708905263343,0.7933857995640499,0.7635027092628752,0.7659673984718847,0.7751943497310085,0.7798875744889139,0.7716241982946622,0.7644870452751964,0.7656028837560842,0.761149555474055,0.7687865957178196,0.7499363456012085,0.7714720846666774,0.7606256271301167,0.7778222545788877,0.772733093577014,0.7756015812135468,0.7722169575586895,0.7525131450743305,0.7914573318679503,0.7460274127739408,0.7605166194532861,0.7734910536496078,0.7683936512675071,0.7593211016457273,0.7851414678882105,0.7433257953341417,0.7794593402992439,0.7554964244170594,0.7586284221736488,0.7498620718949969,0.780976198589039,0.7813186306552644,0.7822700752247927,0.766311117015853,0.7932989939677089,0.7627902362478263,0.7916898019916737,0.7611443708781582,0.7815715604341714,0.7813781567113609,0.7544409295243123,0.7650992848046353,0.7758377067673037,0.7751088345231048,0.7506360983375754,0.7640183244554992,0.7814674306028803,0.7721106215894087,0.7863739352012982,0.757511796067681,0.7655515208663294,0.7875246256207267,0.7695052785496233,0.7829180474711525,0.7759582335769852,0.748161380167174
141.0,0.7583573294706103,0.7743586229988566,0.7770865961828828,0.7841223833034692,0.7673612243786188,0.7481347611403785,0.7874561608991743,0.7586388457775484,0.7678112767536467,0.7634511167956726,0.771061124913908,0.7528560616164938,0.7644355602817499,0.786996183575968,0.7770515345017105,0.7549768379003354,0.7646723446608863,0.785200471317999,0.7725256975026381,0.7681740695823192,0.7407665448624197,0.7658134127748579,0.7759632548240263,0.7753351628592732,0.7655309741348959,0.7719890643821226,0.7888818555318129,0.7752245276865324,0.7690925549330653,0.7927005044674631,0.7702025016857553,0.7621387815422849,0.7596488655699098,0.788174490418038,0.761916255244983,0.7600335728883034,0.7547037028583145,0.7544356726227732,0.7594147712701458,0.7756920269628922,0.7609317539987952,0.7731021256229845,0.7633169500470619,0.763058830157898,0.7936509259262203,0.7634717544577814,0.7659879260718641,0.7758527743909867,0.7799672000505723,0.7726167610854096,0.7642759210431277,0.7670746005361551,0.7610821513384158,0.7697089565103197,0.7509485495585221,0.7721713880389515,0.7611495554740548,0.7796984060479996,0.773788837685084,0.7760034227746719,0.7734304634345175,0.7545197762951208,0.792975724022069,0.7458776978926723,0.7616832674747566,0.7738645142614284,0.7699227214738634,0.7583729735700172,0.786069830724248,0.7439971722135472,0.7784818096545865,0.7551185980074382,0.7608228160392336,0.7516786028042565,0.7820720286638472,0.7835601187612015,0.784033653307933,0.7673509908513415,0.7951468925557201,0.7631207917606252,0.7939110662094635,0.7620766916462779,0.7816905355703965,0.7814624714205267,0.7541885347790238,0.7661726339580118,0.7766706873480422,0.7746608718374077,0.7514829690291385,0.7647906922010169,0.7810258430240735,0.7717306477022114,0.787783713589597,0.7569263663731566,0.7680310302280376,0.7878765556942269,0.7705888269624668,0.783125589873017,0.7779072522809609,0.7492249877248511
142.0,0.7583834026882771,0.7754859851141138,0.7770916047694029,0.7847725128744767,0.7681332056969001,0.7476873511567605,0.7893884784909101,0.7582008606233934,0.7685263711155063,0.7628419007393262,0.7712844081134257,0.7529826168598656,0.7659622664312173,0.7865063001889605,0.776906249593017,0.7563611764064978,0.7649758720713884,0.7872066604333952,0.7725762906327148,0.7682762135405515,0.7411660840093262,0.766572584206103,0.7762995501950396,0.776424968833103,0.7660341098800824,0.7716850295660724,0.7885258816597636,0.77528487752053,0.7709392881623179,0.7931301531186764,0.7699379866016743,0.7633995187015715,0.7596644678051939,0.7882526025691478,0.7628625649603948,0.7606775268259631,0.7553180427400565,0.754330522775505,0.7595656450955087,0.7770064511459795,0.760776120745966,0.7741368451071542,0.7639822497075694,0.765320318229567,0.7933809775092061,0.7632550141029905,0.7658955447820648,0.7782870431532931,0.7796685299192968,0.7735112485873638,0.7641625958754177,0.7678572802760457,0.7618955498350195,0.7699328982820064,0.7523125606697443,0.7722068313926307,0.7615019759880051,0.7815814762667744,0.7761740963888624,0.7764851572876594,0.7749629181076226,0.7561726339017429,0.7937521110891284,0.7463747951038862,0.7636058773165859,0.7738947813470203,0.7706091508687302,0.7577102636331521,0.7882184302755102,0.7438951795907427,0.7787114242399951,0.7572087152359571,0.7624697908081574,0.7519692674067442,0.783703220320843,0.7860649240408549,0.7846149957361194,0.7686947684524204,0.7960677304000792,0.7638533888145124,0.7962784635908553,0.762071517122529,0.7820670763463095,0.7842357339891626,0.7541674960316089,0.7673049371932794,0.7771767421310902,0.7756618804054604,0.7518794437954021,0.7651044262984916,0.7807974320321969,0.7717002361178729,0.7885551510962987,0.7568060568461501,0.770517686200653,0.7876712986008108,0.7707412343145393,0.7840040725913875,0.7798129124423209,0.7505672268194152
143.0,0.7580078126330894,0.7765904675859306,0.7786814812637414,0.7858440650497682,0.7679697141430756,0.7474421726833791,0.7895734389122504,0.757511796067681,0.7698107617292784,0.7621698234517633,0.7717762612805628,0.753683356357241,0.7674737783236569,0.7870059755042719,0.7757874776975425,0.757360279312926,0.7656080197355803,0.7896123675948292,0.7724346156887167,0.7672844674378138,0.7404964115455297,0.7679646041035805,0.7770615524062474,0.7766456202197792,0.7668082918219936,0.7716951673235418,0.788281890912061,0.7753150493990038,0.7724396762677765,0.7932555843328573,0.7706650369687635,0.7651352740799812,0.7597060712901166,0.7884185430616211,0.7643119733397337,0.7614916143925242,0.7558320252318895,0.7541043743875421,0.7599971948505587,0.7779872352631949,0.7601946424844562,0.774010786409417,0.7659160755331073,0.76872537956657,0.7940025580273247,0.7625835220128436,0.765957134334281,0.7799472950106134,0.7790506363981107,0.7742931090508718,0.7641625958754177,0.7689090037121181,0.7617298741443771,0.771963735884437,0.7542937150115423,0.773193073741804,0.7610614096912276,0.7834021586734152,0.7784019158024204,0.7767358552980547,0.7754357166560653,0.7574125318152916,0.7934966912952157,0.7460701803515697,0.7634665951266577,0.7744996976653512,0.771416296981094,0.7572087152359571,0.7908416293765321,0.7440937780660013,0.7787962516721278,0.7585033213709322,0.7636316658132021,0.752993161667153,0.7847774343566124,0.7864082559887803,0.7852889612700567,0.7700855233950405,0.7982797602870454,0.7647804022922193,0.7974880653840173,0.7622215554660423,0.7824284476516814,0.7854658864807211,0.753883384824282,0.7679441633829096,0.7784768167108433,0.7756870026773258,0.7533041322260989,0.7664341786306503,0.7807427943720742,0.7717559891417632,0.7899382539356095,0.7563611764064978,0.7722372092155797,0.7901618505533585,0.7715481478109302,0.7835206341410773,0.7803999119289142,0.7516204494581183
144.0,0.7573498281372253,0.7761389630210067,0.7793497251706145,0.7862562429978703,0.7693983115799745,0.7473675295150295,0.7906086865933571,0.7568269823803726,0.7707310753999327,0.7622163825178246,0.7730869658307085,0.7553023000573924,0.7690007884381668,0.7872458074396255,0.7754960381304958,0.7571721237136935,0.7654590534849872,0.7916946437406613,0.7722473347064109,0.7662854750999357,0.7406963237327185,0.76844470186441,0.7776021850134885,0.7768862065815132,0.7678317233262917,0.7714771559368437,0.7880133386129019,0.7766055098885717,0.7734708578115481,0.7946424319854796,0.7711169559266078,0.7668287825095206,0.7601998373775768,0.7888818555318131,0.7668236599220423,0.7639358638374356,0.7570623326038219,0.7539675830285198,0.7593523268795501,0.7784618375420005,0.7601582766570808,0.7745500707837069,0.7666033354300188,0.7724548576673419,0.7948250702984574,0.7623198307910675,0.7652535051433184,0.7814079167008842,0.7785267436161694,0.7754005253874269,0.764172899288771,0.7708224975286593,0.761807541798661,0.7741469282837106,0.7564815959393647,0.7734708578115481,0.7603452715397461,0.7846642260314441,0.7806235612988343,0.776866162669706,0.7768862065815132,0.7584824680860831,0.7941614165900862,0.7460167203168436,0.7653049006690829,0.7753502473636512,0.7719130746688916,0.7568426759402151,0.7919802073348257,0.7439434944178596,0.7783719518941052,0.7593419186933518,0.7643737708621086,0.7536675611756165,0.7863101892810072,0.7867366154638715,0.7872017668044059,0.7719181410436566,0.799943915439266,0.7656747823485519,0.7985845779171776,0.7625473377654741,0.7829328752201641,0.786589620062519,0.7538886476340642,0.7687814946813616,0.7790107425899468,0.7765854533725123,0.755349526586122,0.7672281709680923,0.7807328595205552,0.7725155782013952,0.7905455756122622,0.7562407271073395,0.7749578856630539,0.7914621763178489,0.7720397171573207,0.7839153182876508,0.7806285299906458,0.7521858339185143
145.0,0.7584146886926009,0.7781321677029833,0.7795241000740586,0.7860943632971786,0.7706497959803459,0.747980343044357,0.7910065520756532,0.756774666856747,0.7720143914730839,0.7629503778559226,0.7733698651166939,0.756942056725667,0.7717002361178729,0.7874757233735689,0.7753603034185581,0.7573550537532101,0.765530974134896,0.7934002653909671,0.7719586700160928,0.7658185464473257,0.7414358684585258,0.7691893997880218,0.7789808198705268,0.7776422057644764,0.7689141033418517,0.7718117353571065,0.787514845621447,0.7772368293014784,0.7730819124540782,0.7951997049063253,0.7730515910126495,0.767739706659498,0.7605529581027431,0.7887843582661411,0.769219978153624,0.7653922601491512,0.7579504051323118,0.754509264123843,0.7589097804772846,0.7796336718755718,0.7597372715405113,0.7747061916916715,0.7671257963070323,0.7753351628592733,0.7946376246168402,0.7627489006032594,0.7656388344309082,0.782566976259264,0.7780722013983692,0.7760285259150834,0.764734094917316,0.7717205107325079,0.7620352938807546,0.7763246367361014,0.7583521146582699,0.7751390182180649,0.7603764302636318,0.7865210048777076,0.7822106707096981,0.7770565434821135,0.7781221738815708,0.7591128816527777,0.794349079526244,0.7464228754581537,0.7676476717615538,0.7767007660450813,0.7725307570688563,0.7563559400994062,0.7940651459882287,0.7434171542446665,0.778207114189282,0.7623663751709243,0.7657364009355629,0.7543725854153234,0.7878618977650041,0.7870794077922564,0.7885697850549352,0.7724396762677765,0.8012040633497697,0.7662341870479273,0.7993883791198872,0.7634511167956726,0.7831404105321365,0.7871919793776205,0.7535043146450754,0.7689141033418517,0.7802109637247966,0.7775021173807038,0.7562459646523486,0.7681587460473045,0.7805639326081141,0.7732739012089247,0.7906766416304675,0.7563768849901586,0.7765302933111577,0.7926956744224241,0.7714974404548195,0.7836785510142851,0.7810109502843875,0.7535359149679345
146.0,0.7592950790701446,0.7802258836424011,0.7805937479663159,0.7859962245651081,0.7712184494154045,0.7496922620096851,0.7910404986744026,0.7574961241151277,0.7721612608600508,0.7634614357392648,0.7741166780788135,0.7575535854653213,0.7734052151201315,0.7873779019985587,0.7754256622892277,0.7581956441229837,0.7659520021810757,0.7947241486431934,0.7716343374025869,0.7651404151799546,0.7422120617070755,0.7705939080234361,0.7803551683815675,0.7785916401808801,0.7695867605375465,0.7720852998440006,0.7874170332494739,0.7783469804231123,0.7735213457186276,0.7959048165036273,0.7733446134261691,0.7696987747505062,0.7602310055546517,0.7890621661376647,0.770324534253404,0.7664905710389867,0.7599660114808586,0.7556799846691782,0.7591753571038518,0.7794593402992439,0.7591180882498467,0.7749276898139938,0.7676834652771102,0.7779772381781814,0.7947097292381866,0.7627023936985448,0.7653614292483564,0.7849988428143113,0.7781071827274346,0.7756769539373867,0.7655001523496763,0.7727684932096941,0.7623353460907739,0.7789359319932404,0.760558149113304,0.7752496744354054,0.7606048656762467,0.7878276939607365,0.7826906252378332,0.7785916401808801,0.780777564579918,0.7589618658607725,0.7944356643230981,0.7462572461612871,0.7701363871789222,0.777742241886631,0.7727482651857764,0.7560940530018758,0.7961587421872522,0.7433096714853913,0.7786814812637414,0.7636110351284471,0.7677448191748284,0.7549348270279808,0.7890280592285844,0.788750228905737,0.7893349221518207,0.7734456117479214,0.8015113889165788,0.7669004928259733,0.8002190239470351,0.7635285033863897,0.7828389575902058,0.7881110136885581,0.7542411277087322,0.7701719884796349,0.781338473574267,0.7779572433329267,0.7569943542432181,0.7697954923812937,0.780926548527106,0.7725864085835024,0.7914718650488393,0.7565758165496581,0.7779522444809405,0.794728954998991,0.7712844081134257,0.7833280950474492,0.7820868852788466,0.7543883579768171
147.0,0.7596384637983754,0.7816905355703964,0.7824037057581363,0.7862758606158676,0.7713047011842866,0.7502810433380072,0.7917624223182435,0.7577468145854794,0.7731425492598858,0.7637348057324217,0.7740158294325541,0.7581069550068631,0.775304992331255,0.7870010795682545,0.7755261958291861,0.7591805630256927,0.7668134145782788,0.7961826892814219,0.7708732797225164,0.7648267051093354,0.7421851301060833,0.771512653252477,0.7816954921643768,0.7788162087046264,0.7703143661106843,0.7725307570688563,0.786971702770501,0.7784268841786193,0.7741318034344724,0.795847301951111,0.7736374465508322,0.7710002105894797,0.7610562241387582,0.7890426768129469,0.7739452219881546,0.7694492513269824,0.7624077441267287,0.7569159058568047,0.7589983222812096,0.7813087088581493,0.7585658758236573,0.7753954978382596,0.7682864266984571,0.7805390849288822,0.7951132811512984,0.7628005695962781,0.7652535051433184,0.7849791666765723,0.7781921259048639,0.775817615814627,0.7671769864510115,0.773284003629473,0.7629193869261421,0.7809364789896445,0.7622163825178246,0.776154020516273,0.7607242317412265,0.7894420280214525,0.7832145062314226,0.7789808198705266,0.7839202495605891,0.760558149113304,0.7944933773925842,0.7458990884337646,0.7719384059800265,0.7784268841786193,0.7731930737418039,0.7553023000573924,0.7971059719849285,0.742771920075121,0.7782720575697862,0.7651969635659097,0.7695052785496233,0.7557271747356074,0.790312468073507,0.7890280592285844,0.7899674254641156,0.7730515910126495,0.8028937668707244,0.7671155576030086,0.801535019497723,0.7639461722024592,0.7834120328669714,0.7892423997112793,0.755601324430046,0.7723941290305553,0.7816607948248651,0.7782770528205574,0.7586596923101196,0.7706955174263365,0.7805887788806213,0.7727634362881182,0.791612326355292,0.7563507037360457,0.7792500514207061,0.7950220362980006,0.7710814278881101,0.7827895190996464,0.7830860656395291,0.7547877606151724
148.0,0.7602673658676669,0.7843342756071466,0.783713087649583,0.7862562429978701,0.7730263215973951,0.7505248396201067,0.7914137292867582,0.7583416848647824,0.7729909420527417,0.7642192618635462,0.7742527880485942,0.7591441203911564,0.7765854533725123,0.7875099555374035,0.7769513430771648,0.7600179826383124,0.7666699561326169,0.7965704362221062,0.7709595965383423,0.7638585439254625,0.7436589081596493,0.7723536387711789,0.7821463066746359,0.7797730875073915,0.7705380132579794,0.7725358165788053,0.7868982519137524,0.7797133433527196,0.7745954017792291,0.7964843021398005,0.7739401781772518,0.7721460696696825,0.7614035317434951,0.7901812881106125,0.7762844975951748,0.7713047011842867,0.7640647022228997,0.7584146886926009,0.7592586451010315,0.7819531575127014,0.7582791013772625,0.776319619540427,0.7704566996268514,0.7822453243282104,0.795002824266828,0.7623767177474893,0.7649810149157001,0.7852348862434884,0.77818712969752,0.774917624080822,0.7692403626053124,0.7739149582787018,0.763672924481801,0.7833429087854842,0.764682636932981,0.7771917646833184,0.7605996751721069,0.7905844142644695,0.7839744898491585,0.7790556228709206,0.7845608359121947,0.7631001387933531,0.795353302122298,0.7465617486569839,0.7726420532896016,0.7786465452312068,0.7734708578115481,0.7547720008830066,0.7976551180047916,0.7429548186884112,0.77818712969752,0.7681383138795189,0.7720498470371323,0.7562407271073395,0.7919705304203215,0.7898750420079603,0.7910017023364702,0.7742679088464656,0.8031056495524059,0.7679441633829096,0.8015917271530328,0.7635697710580259,0.784028723329181,0.7900403454230158,0.7562721515333597,0.7745702184555178,0.782156209452835,0.7793596913076877,0.760308917134974,0.7720954287109708,0.7805987169957413,0.7734759068554664,0.7913604310534907,0.7559578161174054,0.780603685968898,0.7971107503750419,0.7705126042956489,0.7819135265932231,0.7839301119376589,0.7551028489101101
149.0,0.7606308173529119,0.7859029719219831,0.7835502479437844,0.7863445151889663,0.7747414373161469,0.7521224583887992,0.7913410481896876,0.7586127863457823,0.7733345123560762,0.7645745568503238,0.7738897369734274,0.7597580705820615,0.777492109379508,0.7875344053949306,0.7771567112736867,0.7613879860585381,0.7668595168527417,0.7969100095426849,0.7712032268269441,0.762898725180909,0.744485381570196,0.7740763413212208,0.7828785043312866,0.7812144405598933,0.7708326544175825,0.773147601961288,0.7873289828707061,0.780161227008631,0.7748119202935574,0.7962688871727537,0.7752647618095012,0.7737636093461868,0.7635285033863897,0.7905844142644695,0.7778272548938674,0.7722523973674231,0.7656285630908748,0.760303723423502,0.7594824102162482,0.7820967894075013,0.7585033213709322,0.7778622555231938,0.7699837789465827,0.7838512066189744,0.7953149082201271,0.7623767177474893,0.7648318495854477,0.7866043218815479,0.777937247587368,0.7750233030534655,0.7700753499630364,0.7738998256643441,0.7643222734894859,0.7864033531879467,0.7672384071962806,0.7788710859018068,0.7600855367307894,0.7911617140194863,0.78509720999845,0.779539043287022,0.785868610564565,0.7636832385862611,0.7955404208248589,0.7466685483108138,0.7753452192517942,0.7794643221579973,0.7740712989733114,0.7540254609379894,0.8007876130103779,0.7425458966887022,0.7786215892341839,0.7709595965383422,0.7747615764350723,0.755989258774576,0.7922317281102805,0.7903659000018762,0.7905261549357031,0.7763196195404269,0.8041680483398048,0.7686080259617432,0.8016342525770963,0.7639358638374356,0.7842603715037454,0.7905455756122624,0.7566804847344375,0.7757322192217382,0.7836785510142851,0.7819630646798812,0.7626248720622699,0.7753703592483892,0.7803601401119041,0.7743636621394341,0.7914670207114785,0.7573655048163731,0.7829526447644135,0.7979985523622648,0.7705888269624668,0.7816806222136286,0.7843786119921372,0.7562040627167437
150.0,0.7609732476466645,0.7894030835835584,0.7848955330471685,0.7880133386129019,0.7769864126359944,0.7546984487702244,0.7917430581357424,0.7587899627411839,0.7749528531622165,0.7646260266511451,0.773869558916366,0.7605841033220732,0.7775821732875392,0.7873827936018645,0.7782270977807404,0.762536998902662,0.7672844674378138,0.7978888758723103,0.7722675850128454,0.7622991429370263,0.7470101559520447,0.7754206350214055,0.7832441409661911,0.7826016015182091,0.7723738843510191,0.7738796480574348,0.7876126354858272,0.7809414441365101,0.774696121006829,0.7961108437787392,0.7757020753652175,0.7754256622892277,0.765715862306863,0.7903221834759949,0.7809166178394917,0.7729100641686129,0.7672947024280845,0.7637399621375585,0.7597840681179471,0.7847528263832452,0.7586075742906221,0.779369657219685,0.7712742612403812,0.7846002255502768,0.7949643975035714,0.7628367345433867,0.7647804022922193,0.7874561608991743,0.7783369914408322,0.7748974919392503,0.771122031135603,0.7737938831840564,0.7634923912195865,0.7886331930237186,0.768806999300962,0.7797481950943187,0.7599868006190679,0.7921736983589622,0.7850922921737985,0.7798527337760354,0.786971702770501,0.76507871826652,0.7955212331018865,0.7471648710357548,0.7767057789643129,0.7792002061054045,0.7752647618095012,0.7534516429387917,0.8021630765757068,0.742922547189131,0.7788361648368214,0.7745349594390246,0.7772418361999289,0.7562512021410888,0.7935497159486911,0.7920140747631168,0.7905455756122622,0.777447070588811,0.8057282040922353,0.7684293872761634,0.8017712479393138,0.7645076376970434,0.7849840857954105,0.7919124642067025,0.7583312548462189,0.7776522103895335,0.7843392020972215,0.7824927699914276,0.7642192618635462,0.7775021173807038,0.780026909768627,0.7749578856630539,0.79293710774488,0.7576684877400679,0.7857458689233358,0.799606886995951,0.7701007831210293,0.7810456992225558,0.784147027288985,0.7560573775825595
151.0,0.7618386053154286,0.7930046838666633,0.7853970908975526,0.7902687459769963,0.7792500514207061,0.7570623326038219,0.7921398439288057,0.7592586451010315,0.7764801418925923,0.765006728293225,0.7740914680273354,0.7615693208724059,0.7783819400886196,0.7873681186231399,0.7792002061054046,0.76250598096377,0.7683528067386179,0.7979604073940718,0.7723182068401031,0.7612947013139586,0.7508108833293626,0.776535308143535,0.7841765982147275,0.7829378176906299,0.7732536956926002,0.773778746518332,0.7883892641718967,0.7807179568212592,0.7746910855800044,0.7962114239375493,0.7769914223478942,0.7766957530695805,0.7673919236099949,0.7898750420079604,0.7831552306848356,0.7744694710934267,0.7697242287280226,0.7675607331734733,0.759591653041156,0.7866435242564568,0.7593367145158493,0.7803949406487294,0.7726369949613011,0.785126715764711,0.7950460500709144,0.7634046787641922,0.7650221556445123,0.787842353071608,0.7784768167108433,0.7744442807360924,0.772181514992776,0.7748723254962336,0.7628470668789968,0.7901132527213952,0.7705278498418542,0.7816508807928695,0.7599036386644085,0.7933472215497688,0.7857556895488206,0.780285558248611,0.7890767825403785,0.7654641910400147,0.7950556551861973,0.7476713648856719,0.7772868957538803,0.7799572476431307,0.7766255655043274,0.7525711938164303,0.8035337752273437,0.7434870059684987,0.7798577111895394,0.7793297922212401,0.7805390849288822,0.7560259393143696,0.7946953093267591,0.7925797364607887,0.7915154615529812,0.7793148419183852,0.806727533340645,0.7678112767536467,0.8024366544546189,0.7649141535506645,0.7855346710351692,0.7921930425097052,0.7585919377875276,0.7792600198085387,0.7861630470176104,0.784654380422531,0.7654179510190832,0.780111484665567,0.7794045361392026,0.7750736176520794,0.7932025219228949,0.758951449234227,0.7885014889152538,0.8009532988575717,0.7699328982820064,0.7807378269744492,0.7850922921737985,0.7562197763646129
152.0,0.7622732818534228,0.7950652600764039,0.787025558685652,0.79235743144126,0.7822304731150334,0.7591232947906466,0.7926183860492154,0.7597736692723998,0.777447070588811,0.7656747823485519,0.7746659076018463,0.7624749609991947,0.7797133433527196,0.7870402454808629,0.7806334986261886,0.7629142215742373,0.7685263711155064,0.7977553164910949,0.772363761673637,0.7613983499047783,0.7531882000039,0.7778722551965804,0.7865455115669067,0.7834564639526592,0.7742225449335889,0.7744442807360924,0.788862357879286,0.7813235914694185,0.7749981436440714,0.7964508006287013,0.7784418645291108,0.7787713041154524,0.770685357498888,0.7913507397341272,0.7857851500748199,0.7741368451071542,0.7723435156436451,0.7712894814655444,0.7588993627253593,0.7877152906196294,0.7601894475350667,0.7812640579858164,0.7735970670288131,0.7864523786641759,0.7952957099185862,0.7642141106914249,0.7660084527715398,0.7885844185071507,0.7788960278315841,0.7739805270889446,0.7735213457186276,0.7771216551068747,0.7639719421303113,0.7905698501919092,0.7722979587844279,0.7823789624578668,0.7596852699978072,0.7938773535771426,0.7842110950678551,0.781204516399481,0.7908125186185271,0.766505949605066,0.794762597914043,0.7480442459269747,0.7784618375420005,0.7808371642358433,0.7773269448644354,0.7531882000039,0.8038111022241444,0.7448820434589603,0.7798825974130239,0.7815318948529999,0.7818144335392125,0.7559158894234483,0.7949403789477942,0.791956014626548,0.7936653824687554,0.7793646742918208,0.8071097710134045,0.7679441633829095,0.8027571598770229,0.7648215605769539,0.7859226057454474,0.7927439723407117,0.7597320716394512,0.7807477617134303,0.786462183084194,0.7875833008898105,0.7658647469674318,0.7809712338360562,0.7786066149607425,0.7755865051495163,0.7939447760846043,0.7598464564646363,0.7905164442598096,0.8014972098926645,0.7707920255114337,0.7805539937052282,0.7856672958167228,0.7580547773422442
153.0,0.7632808217310607,0.7980748314950064,0.7863445151889663,0.7938484548406628,0.7839054555729671,0.7625576764032103,0.79235743144126,0.7598828459249845,0.7783819400886196,0.7670950795197338,0.7750182712841244,0.7645899983813945,0.7806732456848464,0.7866239235191542,0.7818937097830284,0.7641316842849024,0.7692607461566969,0.7978745680486954,0.7731324436882744,0.7611391862259923,0.7560992921224164,0.7799423186099511,0.7874121420400509,0.7851070454789464,0.7743586229988565,0.7756216818444884,0.7903853281059411,0.7812194025556961,0.7749629181076226,0.7969960534820808,0.7799920800844689,0.7805838097386579,0.7724244943617902,0.7921591896550804,0.7867709071040206,0.7753703592483893,0.7741570112351911,0.7749125911298325,0.7591128816527777,0.7891401144334979,0.7615382397997157,0.7817648785718598,0.7741267617055217,0.7872996286930833,0.7948635101161179,0.7637502747790248,0.7665059496050661,0.7888867298042724,0.7796187318699404,0.774121719920302,0.7740259153100219,0.7773669903737754,0.7644510063706083,0.7928840044836363,0.7731526546064212,0.7822403739800872,0.7591545328537974,0.7946232021733084,0.7849102931045944,0.7816756654508411,0.792657032036427,0.767412388638866,0.7943057802911357,0.7496922620096851,0.7793596913076877,0.7811499294939804,0.7790755681994709,0.754225350420644,0.8053305592124845,0.7471862073335483,0.779812912442321,0.7850922921737985,0.7831206495407724,0.7559630567009396,0.7955644042125222,0.7920334263413658,0.7946568537537836,0.7797830440787378,0.8063169061656958,0.7675402746718041,0.8024460847984425,0.765900677554229,0.7858096989657555,0.7928502079542625,0.7608487558994124,0.781745055009387,0.7874561608991743,0.7897923659078289,0.7672742322224669,0.7825570828217158,0.7790955126277176,0.7770615524062474,0.7948635101161179,0.7611962143050219,0.7922704101096409,0.8021819500926819,0.7701974162920744,0.7800567615891293,0.7867905010890455,0.7593158972431487
154.0,0.7644973415986578,0.7981367976836558,0.7874072507743589,0.795665119079276,0.7870157672075,0.7646723446608863,0.7925120910156189,0.760755365819298,0.7797183223417549,0.7671718676898239,0.7763998879189395,0.7667570611643472,0.7808371642358433,0.7869619100544313,0.781908572475078,0.765448778206125,0.7692811288077779,0.7988320725344095,0.773778746518332,0.7615226985037393,0.7590712268505433,0.7809116524112811,0.788433181746852,0.7857704200650307,0.7745047352303973,0.7763497218704387,0.7905504306407296,0.7811995542348713,0.7752798486771764,0.7978841066540409,0.7807378269744492,0.7822502746200649,0.7742578283708204,0.792898487866476,0.7883062963170918,0.7766606606655442,0.7767208173843944,0.7786864719004561,0.7587639114684201,0.788911100322534,0.7624697908081574,0.7829131047756107,0.775113865279604,0.7864033531879469,0.7946808889089108,0.7641213799712454,0.7671462730398517,0.7890913984366716,0.7813583155929659,0.774157011235191,0.7759984019777826,0.7782021181507449,0.7649707291708073,0.7940747740612562,0.7751440486369502,0.7834317805788559,0.75903998338557,0.7959862815827212,0.7854953669259401,0.7824185510630702,0.7934484811565404,0.7692607461566969,0.7938147370878645,0.7516891754084211,0.7817896567588983,0.7810705182046068,0.7816360093228588,0.755522651530393,0.805634677165956,0.7491027873912318,0.7810407352573387,0.7870940927305908,0.7849693282700889,0.7573184732596671,0.7953293063554587,0.792284914930963,0.7951708990136662,0.7799472950106134,0.8057469067765801,0.7672691145303902,0.8023281893233156,0.7669465864912821,0.7868590729467402,0.7929081431736907,0.7615641408342966,0.7822403739800871,0.7888379845475753,0.7911471700349527,0.7690568701291828,0.7844475706428166,0.7786914624809018,0.7775321400338365,0.7952141070930232,0.7634407976270043,0.7941469774346668,0.8026723455274286,0.7699430748650734,0.7808719269599125,0.7865945207251308,0.7607501769469586
155.0,0.7656953227778592,0.8010006250105346,0.7872604866385235,0.7984893471661135,0.7891352430870255,0.7680003731983984,0.7926377094929732,0.7615019759880052,0.7798626885467741,0.7694288761034069,0.7761590395688238,0.7694390638277325,0.7824185510630702,0.7878716697740884,0.783199688104407,0.7653049006690829,0.7699786911333355,0.7986417055641717,0.7740511290189835,0.7616003999194128,0.7604231645513041,0.7814029568433026,0.7892521398721195,0.7855788838534744,0.7756367567268703,0.7769914223478943,0.7919173033673167,0.7825125595674349,0.7755664029430434,0.7986655063589873,0.7816260947281732,0.7830465378048264,0.7771917646833184,0.7933665110070612,0.790691201989275,0.7771917646833186,0.7787513450572703,0.7830317139383747,0.7590712268505433,0.7888916040204625,0.7642141106914249,0.7828933334307537,0.7755312219153596,0.7856476502893102,0.7946568537537836,0.7643274234799586,0.7668492722967439,0.7891060138265438,0.7825966552214524,0.7745802919538092,0.7775671639022527,0.7790157295129087,0.7647701121583459,0.7943394578678806,0.7767458802924836,0.7842110950678551,0.7585033213709322,0.7963646412253534,0.7869619100544312,0.7827202957596744,0.794151790542742,0.7691741098455895,0.7933954435049303,0.7527716734481715,0.7841322410664824,0.7820571715424269,0.783095947035515,0.7563716488518741,0.8064522746228276,0.7513877679880971,0.7811400038705745,0.790608686593357,0.7862513384526985,0.7576319308794973,0.7956699144063532,0.7925217553258711,0.7958760602402107,0.779942318609951,0.8051245598186534,0.7674379686589026,0.8022338476221722,0.7682966396312869,0.7868884575096133,0.7922607399474149,0.763110465389527,0.7842997886010908,0.7898118205708534,0.793077074615785,0.7717053048559352,0.7867807042090709,0.7778772549488702,0.7785417205905218,0.7970486269145869,0.7647649670070058,0.7950652600764039,0.8029173150178095,0.7702584373024932,0.7814178362472399,0.7862464338512577,0.7623612037982385
156.0,0.7669517077283048,0.8031997830583147,0.7885795407460146,0.8007260549969264,0.7907834058348386,0.7730616983848684,0.7930191630293294,0.7615278789920005,0.7799920800844689,0.7705837458452284,0.776424968833103,0.7707158366060054,0.78215125809187,0.7884136633873394,0.7844524958387048,0.7662495740543541,0.7703143661106842,0.7990841700950677,0.7749025250590467,0.7612273176602291,0.7623974022253915,0.7827944632019128,0.7907688486833631,0.7858980633254447,0.7767909899820983,0.7782171060975491,0.7923767670391177,0.7833922842547834,0.7754658784061222,0.7982273465459113,0.7824878224567533,0.783668682897779,0.7799074822297841,0.7935786356172322,0.791733375706878,0.777161719072441,0.78040488315283,0.786863970514558,0.7587065937166695,0.7886039289890058,0.7652483652812625,0.7825867624591323,0.7760435871241027,0.7857311375630909,0.7954780574334632,0.7642295640389818,0.7673765742475172,0.7897242674973514,0.7849693282700889,0.7737737008505526,0.7787263949684906,0.780061736695605,0.7649810149157003,0.7950460500709144,0.7776422057644765,0.7843786119921372,0.7584146886926008,0.7979890164578304,0.7874610516021763,0.7832293238520172,0.7949259671390999,0.7702380978659906,0.7924106021690134,0.7549873400557342,0.7854658864807211,0.7819432501204459,0.7844426453906592,0.7573550537532102,0.8075800559420032,0.7535201150597153,0.7820967894075013,0.7950316419759732,0.7878081476918088,0.7581017374936116,0.7959910731397766,0.792980550803507,0.7969147902398265,0.7801711748020159,0.8046137739395717,0.7673202889190542,0.8024225085168663,0.7718421395139394,0.7878179209388108,0.7920189127420826,0.7640956182023957,0.7854413178956416,0.7900792308910163,0.7937906512906532,0.7725965263092139,0.7875930793135585,0.777697228416976,0.7787313850987844,0.7973304954934889,0.7661880229901219,0.7946087792233557,0.8035243708797898,0.769831120072159,0.7816112224141278,0.7859226057454474,0.7643171234427443
157.0,0.7674891244788027,0.8049231369780961,0.7892813590041845,0.801189873353404,0.7922220570477507,0.7756417815751264,0.793270054717562,0.7625576764032104,0.7813682362647013,0.7708783576324227,0.7769713831626813,0.7722473347064109,0.7822156213954354,0.7888379845475753,0.7855592342746954,0.7673254060484412,0.7704516170466196,0.7985512497145439,0.7760385667773653,0.7612532355755046,0.7653768449519643,0.784880772483322,0.7931494527043855,0.7869912875274125,0.7767508927052944,0.7791204418969737,0.7925120910156189,0.7832441409661912,0.775405552880325,0.7985607723394985,0.7842455891638027,0.7834120328669714,0.7828636747253986,0.7934774079149735,0.7929950308102078,0.7777222364628075,0.7830761840184672,0.7893154454313551,0.7586544807613802,0.7882965343238866,0.7670080376218017,0.7827005156368563,0.7766656740349277,0.7854216620147364,0.7957418375602316,0.7654179510190832,0.7692352665767936,0.7904921665853688,0.7859569627701538,0.7734102648955468,0.7793297922212401,0.7807527289985173,0.7649141535506647,0.7964364419941954,0.7798178903059766,0.7851709706159464,0.7586023621791929,0.7978316415393258,0.7881403118222745,0.7836785510142851,0.7953964909576631,0.7712894814655443,0.7918108288356669,0.7575483619875576,0.7866876226236522,0.7817252305466107,0.7860452967445926,0.7593991609321282,0.8077103303400307,0.7556065688398711,0.7829575870098036,0.7972922875040356,0.7887307251761598,0.7577415931896683,0.7963167670125028,0.7930625974788024,0.7979556390198371,0.781338473574267,0.8044636915093106,0.7674328527674332,0.8026817702443539,0.7744845846325994,0.7883843841600012,0.7919027857166668,0.7646929289799997,0.7874414884525541,0.7905310101892462,0.7952429099471572,0.7747515069881475,0.7893543979719826,0.7781171768864609,0.7789209683546366,0.7974498722495752,0.7660392411329839,0.7950124303949524,0.8026723455274286,0.7703092819549208,0.7816954921643768,0.7857998795781882,0.7666648318008001
158.0,0.7678061649698131,0.8053352397508377,0.7906329575155201,0.802370635745728,0.7934050872207348,0.778207114189282,0.7933134628331512,0.7627799026742985,0.7814128765021965,0.7726926334778123,0.777937247587368,0.7740712989733114,0.7816508807928695,0.7900160401767735,0.785731137563091,0.7670080376218017,0.7705735834419449,0.7978554901627766,0.7767358552980549,0.761004365519269,0.7683579125016705,0.7862562429978703,0.7945510823593367,0.7886380701658962,0.7773469680692572,0.7791902363671165,0.7928405512965921,0.7838413424412971,0.7758628191920973,0.7981415639196691,0.7844623460616744,0.784595302042458,0.7863003813723121,0.7938677208900586,0.7957034801203613,0.7780322193604412,0.7826609526903086,0.7917866262803173,0.758690960420907,0.7884380611960575,0.7696274961296856,0.7829625291989245,0.7768711737320613,0.7856623845192731,0.7964460144734682,0.7659468699716016,0.770105869583821,0.7911423219275704,0.7874659422489095,0.7734860047744962,0.7794543583842215,0.7812739807957733,0.7645179335703531,0.7965943591206136,0.7817351428905369,0.7862121000656408,0.7589097804772846,0.7985226804892247,0.7885405166312417,0.784319495799308,0.7947529859339445,0.7715734993788987,0.7914573318679503,0.7604698942811888,0.788272128356166,0.7820324085480135,0.7870402454808628,0.7599660114808587,0.8086395788217156,0.757093704024461,0.7842455891638027,0.8002190239470351,0.7893738728918407,0.7580339047008652,0.7959191938757043,0.7936220113218875,0.7982035198673636,0.7811102256499011,0.8054615930166973,0.7677652686734604,0.8027336021642109,0.7763547387284991,0.7898799048015474,0.7910404986744026,0.7671513920823841,0.7902153016694509,0.7907979624798931,0.7972015290960901,0.774454357047833,0.7915832692778961,0.7774871052945064,0.7799821282397172,0.7984798228530896,0.7670336398680865,0.7943923742035649,0.8028325351048324,0.7710814278881101,0.7826016015182091,0.7847626697413989,0.7679390530620696
159.0,0.7683528067386179,0.8058637781562286,0.7919269815197385,0.8037594120458539,0.7934436598331935,0.7807229244439603,0.7935352553547892,0.7646311733217478,0.7830415965722781,0.7738241549962428,0.778955882723613,0.7755462998362667,0.7818838010403173,0.7902444539539649,0.7869080460928157,0.7678879467588742,0.7710966545279373,0.7978507205506244,0.7777022301386803,0.7612169501002359,0.7700143046444173,0.7877641652949859,0.7957753973659966,0.7897145382526938,0.7774220470690093,0.7798378011979097,0.7930722489597265,0.7849791666765724,0.7754206350214055,0.7970916364769743,0.7849594896385297,0.7861777635228439,0.7889939495623243,0.7934340170176928,0.7961108437787391,0.7786465452312068,0.7845706836593291,0.7948635101161178,0.7591232947906466,0.788330700315398,0.7718978752069829,0.7826362240199743,0.7770916047694029,0.785220137327321,0.7967761271775108,0.7673612243786188,0.7703550373311076,0.7922510695601126,0.7888477340490665,0.7735516357619643,0.7809017213860528,0.7822057199676917,0.7648832912517777,0.796972154216546,0.7831453506393052,0.7861238005278193,0.7598204623048896,0.799269574900696,0.788779482812033,0.784974247501465,0.7942576646843507,0.7723182068401031,0.7910259504696954,0.7626041974877087,0.7887989842908508,0.7829822973927185,0.7881403118222743,0.7607553658192981,0.8081055359593979,0.76069828512877,0.7859618706914647,0.8021253268408457,0.7910792914111203,0.7577468145854794,0.7958137480535892,0.7938291878909634,0.7986940654558896,0.7809563392394936,0.8052931128799758,0.7679390530620696,0.8025120909030811,0.7775671639022528,0.7891742122832717,0.7899139427811241,0.7688529040712969,0.7914282639869096,0.7901715694445235,0.7978936450343106,0.7757271953863237,0.7917478992657712,0.7775921792630518,0.7821165969895829,0.7994548941212021,0.768097446843037,0.7947241486431934,0.8024602298921604,0.7720802353261121,0.784319495799308,0.7844327947175377,0.7699634273559799
160.0,0.7683323831237179,0.8061347843175725,0.7927874356561725,0.8041023195287111,0.7942720999572106,0.7833873469610637,0.7934195523724242,0.7652278052703493,0.7836588145561971,0.7747565417397445,0.7795739088145217,0.7776622147895147,0.7819878316131235,0.7907397328611495,0.788589296212018,0.7682762135405515,0.771644476285436,0.7978364113765539,0.7791104703580783,0.7618127191921279,0.7719536040914797,0.789884767538865,0.795813748053589,0.790861035423156,0.7771266632995121,0.7798527337760353,0.7929998573665702,0.7850529475509023,0.7756116316415556,0.7960773115447755,0.7859029719219832,0.7873387671464285,0.7909580521517191,0.793284524595846,0.7949403789477942,0.7791603258017966,0.7860011320362671,0.7971633089525365,0.7601374949463771,0.7870157672075,0.7731779169880528,0.7826362240199743,0.7776872248047606,0.784738060923997,0.7978173316900277,0.7683630182084542,0.7703347021710478,0.7923042539049597,0.7911471700349527,0.7727533222761594,0.7807030536155425,0.7835206341410773,0.7648112713433841,0.7971728643260387,0.7848020409232548,0.7876712986008108,0.7606463876836831,0.799079415000313,0.788969583826926,0.784723294958328,0.7936461069661704,0.7732132819590397,0.7906814951396725,0.7655772030145691,0.7902638876849281,0.7829427601048267,0.788823359873321,0.760303723423502,0.808309953294522,0.7619783660730515,0.785696762419772,0.803862785593888,0.792657032036427,0.7586701152387914,0.7959479471005957,0.7948394856520974,0.798575055854913,0.7816707086317849,0.8052509814513266,0.7683681238589687,0.8022998891762698,0.7786515362618043,0.7885307600398586,0.788998822540597,0.7696478625752998,0.7931880491748928,0.7902444539539649,0.7993361095961548,0.776535308143535,0.7920914756742902,0.7772218082685125,0.7827895190996464,0.799886972804686,0.7703347021710478,0.7948250702984574,0.8012608182710248,0.7730970724151613,0.785308623228012,0.7835403769012912,0.7710966545279373
161.0,0.7693167962808137,0.8054662719795191,0.793270054717562,0.8047919219877601,0.7947722096690655,0.7866092223753528,0.7937183854586723,0.7662649605543602,0.78509720999845,0.7763948715672997,0.7802557219583476,0.7803750549653004,0.7823740136290058,0.7914331087744222,0.7893057067335084,0.7698565667347077,0.7718370722951395,0.7975310283556873,0.779992080084469,0.7621180858105864,0.7739855704496957,0.7903367561577095,0.7972492992113234,0.791413729286758,0.7777322392872573,0.7798228681133633,0.7928840044836363,0.7849644089824439,0.7757975239616467,0.7947385675417794,0.7860747373513721,0.789626964922358,0.7921978784067187,0.7934436598331935,0.7957993669677593,0.7787413651905652,0.7871430388675549,0.7987702131442884,0.7600231794445784,0.7866778233803806,0.7747162621514379,0.7823492686406668,0.7778372553550199,0.7847036062163373,0.7986940654558896,0.7700346539842607,0.7715025114436409,0.7926038928755729,0.7921011497753451,0.7724447367905672,0.7805241756461154,0.7843687598560221,0.7649553001314509,0.7977505456972939,0.785976594117783,0.7885746629286093,0.7613620754582302,0.7995213980937964,0.7891839540196435,0.7852545506772788,0.7922800800467912,0.7723941290305553,0.7899479780035208,0.7699227214738633,0.7909338000796651,0.78290321921572,0.7892862286625875,0.7607501769469587,0.808542113488691,0.7657518043162637,0.7865161033710609,0.8047731733879259,0.7918543898903498,0.759003530116196,0.796197056862696,0.7955116389027865,0.7989034369372935,0.7816954921643768,0.8050777265819755,0.7693830285586271,0.8014168525247565,0.7799373421530199,0.7882623655751948,0.7893349221518209,0.7724244943617902,0.7943298359844413,0.7905261549357031,0.7996211333738371,0.7793646742918208,0.7939014343101453,0.7769713831626813,0.7840928086639737,0.8001241803265693,0.7733395629192572,0.7944789498848439,0.801369575888498,0.7736727756784774,0.7863445151889664,0.7823294716371538,0.7730364295323039
162.0,0.7719080082378578,0.8055551615820237,0.7941566035945486,0.8050870936794632,0.7959144014746142,0.7875441849440583,0.7938147370878644,0.7674737783236569,0.7861385183835083,0.7770515345017105,0.7813186306552645,0.7827796307263069,0.7828241266338624,0.7919802073348257,0.7910211009555883,0.7704465344101187,0.7724143728097879,0.7966661193757882,0.781204516399481,0.761817896529326,0.7762744622472533,0.7912053429345622,0.7971250852077683,0.7911956480139839,0.7786964530050786,0.7804695039432583,0.7921204973022271,0.7852889612700567,0.7763647722758134,0.794589547835653,0.786241529193548,0.7889500902257658,0.793501511999604,0.7932555843328573,0.7960485674354592,0.779175281337667,0.7880817135291586,0.8001004659046416,0.7601946424844562,0.7865994213314738,0.7749981436440714,0.7821463066746359,0.7780222232882693,0.7846691487514973,0.7995641448237674,0.7723080829248032,0.7721865783852849,0.7925700735009924,0.7938002857783447,0.7722270834996726,0.7807676305161647,0.7835107624233564,0.7649604432008388,0.7984131463597953,0.7863199969646261,0.7893300530561078,0.7631104653895271,0.7994976479410648,0.7912925870913513,0.7852840456398953,0.7915542101748168,0.7731071787745385,0.7897388609423205,0.7725256975026382,0.7926377094929731,0.7828290703422458,0.7893446601744396,0.7614864335103801,0.8089132772006532,0.7684855382905655,0.7877543908100664,0.8051620223566289,0.7920140747631168,0.7586805379423871,0.7957658091314088,0.7952573106145929,0.7984464859850324,0.7821165969895829,0.8042196846686792,0.7691944963229612,0.8005981733529687,0.7810903723774056,0.7884087836567889,0.7892910982647212,0.7744745089960865,0.7951516939598475,0.790691201989275,0.8003470271319946,0.7807179568212592,0.7954540689815915,0.776660660665544,0.7848512498363663,0.8003470271319946,0.7763447049561092,0.7933761553980934,0.8011331083037321,0.7749729828279529,0.7879742622805134,0.7819878316131234,0.7745853286185516
163.0,0.7735819237796178,0.8055832277626409,0.7946664679846414,0.8062188511900056,0.7967283013559848,0.7888769812030848,0.7942384168661052,0.7673202889190542,0.7862807648796943,0.7779572433329267,0.7813731965161655,0.7852398024363395,0.7828241266338624,0.7920721267969523,0.7925024264802911,0.7717103735377284,0.7745651816219684,0.7962688871727537,0.7819630646798812,0.7619524875460635,0.7776622147895147,0.7922607399474149,0.7969052287892742,0.793250760758751,0.7805440545772667,0.7806185925507535,0.7918592297261922,0.7850578658257057,0.7762443548530334,0.7936364688772644,0.7862022899061866,0.7894274242792595,0.795473259855627,0.7926715233531934,0.7957993669677593,0.7793746400912801,0.7893787414811327,0.8006171213700762,0.7601790574674807,0.786118894463385,0.7766055098885717,0.7817797456528899,0.7784019158024202,0.7847774343566123,0.7997208438392563,0.7738846925435656,0.7728190593306593,0.792946762151791,0.7945991636420424,0.7718168028572512,0.7811548922212799,0.7840977379112288,0.7652997613697168,0.7987083442447096,0.7868051959869895,0.7896172334269413,0.7648267051093354,0.7994121357435519,0.7925410832711474,0.7857998795781882,0.7909871527813073,0.7731577071952855,0.7890134411378011,0.775913039821511,0.7934388384535778,0.7825521360185382,0.7891255002252742,0.7625990287033959,0.808737019340119,0.7701872453359054,0.7885453948425296,0.8067042139269731,0.7918543898903498,0.7582321584442036,0.7954780574334633,0.7955548110262638,0.7983702770759808,0.7815170193316225,0.8038017045163306,0.7699379866016743,0.8001858312401108,0.7834169698793461,0.7880524113440757,0.7896026357617985,0.7752697908216618,0.795377296482413,0.7910647445568685,0.8010006250105346,0.7821066933110801,0.7966087121844901,0.7761389630210067,0.7857213163749162,0.8008349588574846,0.7803750549653004,0.7930239893043467,0.8016011776411518,0.774660871837408,0.7878716697740884,0.7811896297368449,0.7749780151037147
164.0,0.7750484610561347,0.8055130585129415,0.7948202650680393,0.8072402045401141,0.797578759645323,0.790501877823952,0.7944837591103595,0.7680667942023783,0.7869472205583093,0.7803601401119041,0.78357492456531,0.7876419680561606,0.7822948247146504,0.7926522014849671,0.7940844019092076,0.7732284375311422,0.776154020516273,0.7974021257673143,0.7829822973927185,0.7621180858105863,0.7800020317041447,0.7936653824687554,0.7977314619594009,0.7939881133012758,0.7803452247520872,0.7809215832114333,0.7926811839496924,0.7851709706159464,0.7763647722758134,0.7932555843328573,0.7859324223195656,0.7896756190233039,0.7955931824208418,0.7925700735009922,0.7956938901977039,0.7797233012745215,0.791612326355292,0.8022055407228486,0.7605425759128146,0.7864376716121315,0.7780672038405696,0.7813632759569681,0.7786165978659725,0.7843983155891395,0.8007828781161878,0.7774821011532359,0.7728291718796245,0.7934484811565405,0.79496920104592,0.7719232073621526,0.7824086542493833,0.784265298837855,0.7663777794137673,0.7986036213664792,0.7865259063280854,0.7901764288057024,0.7666545829683599,0.800280660230641,0.7938099200409602,0.785618180310122,0.7906378115311457,0.7736323993075214,0.7885258816597636,0.779768109137315,0.79408921574878,0.7823938086068354,0.7895734389122503,0.763074321318211,0.8096313820937395,0.7711626307818809,0.7898750420079603,0.8066762287736906,0.7919124642067025,0.7582634542393303,0.795367698907174,0.7958425087059862,0.7984179093322076,0.7814575121819041,0.8035807935889732,0.7698158513994021,0.7998442605113321,0.7850283553328502,0.7885063675766938,0.7898750420079604,0.7766807138054646,0.7950844691815895,0.7910695935645546,0.8004749892968659,0.7839399740896529,0.7979699439737338,0.776058647826701,0.7866190231941561,0.8013601198860185,0.7842110950678551,0.7918011479823339,0.8020875735047694,0.7752748197775536,0.788345342039154,0.7804595629021515,0.7766305792675938
165.0,0.776199189963547,0.8055972600933183,0.7943731326874454,0.8071517008865593,0.7980271587251123,0.7912247321004913,0.794349079526244,0.7703194502101787,0.7864768892922036,0.7819135265932231,0.7850480292198299,0.7887258491030931,0.781982878339013,0.7937761991370988,0.7954684622215215,0.7736172572399744,0.7774821011532359,0.7973257196917487,0.784299788601091,0.7627489006032594,0.7819878316131234,0.7944741406030593,0.7975930779349685,0.7949884146526242,0.7807278920103922,0.781110225649901,0.7933568663909528,0.7845214426728978,0.7763697889650667,0.7927584606189527,0.7861630470176104,0.7911617140194863,0.7957322485378779,0.7920431017928763,0.79544447320696,0.7795440242454716,0.7933231084621011,0.8040553636256518,0.7623146589119605,0.7859815018140177,0.7794344301614416,0.7810010215099186,0.7793447420176742,0.7855395837956123,0.8019034744208761,0.7812144405598933,0.7730414834153546,0.7946183945795933,0.7960246124636319,0.7709088239102121,0.7823492686406668,0.7839596977184128,0.7666187102823454,0.7992790805324178,0.7862415291935478,0.791447642799346,0.7680003731983984,0.8001099518422196,0.7957130698179427,0.7860158541121298,0.7906620807652391,0.7739502657427889,0.78856002913878,0.7820819331301159,0.7943827535580432,0.7809513742614347,0.789626964922358,0.7642398659893415,0.8094554556575112,0.7723232687133492,0.7910501971961958,0.806606257028119,0.7921398439288057,0.7578982105869982,0.7950124303949524,0.7962545221235838,0.7979174900002773,0.7813235914694185,0.8028937668707246,0.7698260305708424,0.7993028436270154,0.7855248453454757,0.7888769812030848,0.790215301669451,0.7770064511459795,0.7945462739215867,0.7911229289353504,0.8002427313353401,0.7857213163749162,0.7986797861606489,0.7762393367570551,0.788920848135956,0.8010857979060844,0.7884185430616211,0.7918931070015552,0.8021064506229594,0.775938148026131,0.788833109712426,0.7801562530275349,0.7773319507500442
166.0,0.7771366795159794,0.8052697070934162,0.7945943557669822,0.8073938731332909,0.7985845779171776,0.791646223718682,0.7938966182760827,0.7712539668190644,0.7874708328393737,0.7831404105321367,0.78664842430011,0.7903561856122299,0.7816657517564596,0.7940218168742907,0.7965752209143456,0.7740763413212208,0.7784318776850522,0.7968621994764739,0.7850529475509023,0.7636110351284471,0.7843047154850487,0.7954396752352407,0.7981510962228885,0.7948539004993167,0.7802109637247967,0.7819382963399144,0.794325024958318,0.7840090028514841,0.7776872248047606,0.7918156691779297,0.7866778233803806,0.792599061705154,0.7967665624633574,0.7927777775355085,0.7954636645311473,0.7788261868832618,0.7937376575851184,0.804092928798251,0.7623353460907739,0.7863984503308445,0.7809712338360562,0.7807974320321969,0.7810159145872185,0.7853872620567963,0.8027712938294823,0.7833280950474492,0.7738695589163662,0.7943827535580432,0.7961012634218086,0.7713148473821034,0.7841815265054097,0.7840928086639737,0.767120676983155,0.7983893306536993,0.786133612487881,0.7918398700452098,0.7711524812079252,0.8004749892968657,0.795617162713711,0.7861532357327765,0.7900500671276298,0.7735516357619644,0.7883648635497295,0.7846199190188623,0.7939544069710809,0.7811846674034283,0.7902347367508695,0.7645694095607624,0.8091914136548992,0.7740158294325541,0.793400265390967,0.8067974831413134,0.7913555854219434,0.7576632655002217,0.7946472392978499,0.7959239862205252,0.7965465119168743,0.7819531575127014,0.8025450898196304,0.7696987747505062,0.7987559365499588,0.7853676037000558,0.7891888248034259,0.7897583180811801,0.7786165978659725,0.7935111532395731,0.7916655924027016,0.800437078857791,0.7877543908100664,0.7994121357435517,0.7763998879189395,0.7899917335238067,0.8016720491277507,0.7919366594470842,0.7911908004692911,0.802266869777811,0.7760084435152923,0.7886673318373119,0.779793000425008,0.7791304132107933
167.0,0.7792650039180514,0.8047450488001048,0.7939014343101453,0.8075614417124988,0.7978841066540409,0.7918640695057653,0.7936991124319228,0.7716596841876922,0.7872311277343064,0.783095947035515,0.7863935474174732,0.7920624520206696,0.7813087088581493,0.7951180829493085,0.7971824194744652,0.7758276614035032,0.7784268841786193,0.7954156845326097,0.7851709706159464,0.7644098156749398,0.7863052853547942,0.7957514263575094,0.7976789770380041,0.7962162128499624,0.780534115224229,0.7826510613909817,0.7944981864492929,0.7840730911122639,0.7791204418969737,0.7922413989477346,0.7866386241565346,0.7929564163336262,0.7980843653737574,0.7927922646321011,0.7939014343101454,0.7781171768864611,0.7946376246168402,0.8036513105809835,0.7638173014623304,0.7865994213314739,0.781640966535798,0.7806484041952026,0.7826065477586969,0.7863445151889664,0.8037547126011226,0.7867121197471242,0.7751993795309349,0.7954060878576743,0.7968143837833648,0.7709799040140629,0.7851611365984437,0.7835847948200372,0.7670694806495879,0.7986179033626313,0.7861090821657095,0.7921833705468716,0.773415314614693,0.79968760977463,0.7959287785090772,0.7863641287555968,0.789291098264721,0.7735667800240014,0.7879791470190034,0.7870989875974975,0.7937761991370988,0.781204516399481,0.7892326593253632,0.7644149647088399,0.808737019340119,0.7770064511459795,0.7943827535580432,0.8067834941940213,0.7922172214320822,0.7573707302635511,0.7944885682796065,0.7955020444786105,0.7959719065739415,0.7822205720249037,0.8026487827504081,0.7689192029153162,0.7981653942557005,0.7858244276250892,0.7891742122832717,0.7894858362095061,0.7797282801510188,0.7930046838666635,0.7913071260116765,0.8003185855247272,0.7892180483244715,0.7997967970620523,0.7772718764089841,0.7909386506066137,0.8017098420771903,0.7938436381876414,0.7902881785825797,0.8023894993593622,0.7768561403761882,0.788638070165896,0.7795241000740586,0.7797730875073915
168.0,0.7790855405261323,0.8036184042269102,0.7937858339624041,0.8080172311604266,0.7979842484212099,0.7916220115976056,0.7940458891669461,0.771963735884437,0.7876859631135045,0.7841420986044197,0.7865161033710609,0.793183224813021,0.7812094785078216,0.7952717107756078,0.7983369311486177,0.7777722483342966,0.7792600198085387,0.795353302122298,0.7850431108324883,0.7649913004355171,0.7852496346532347,0.7966613357526595,0.7973257196917487,0.7984179093322076,0.780866961025281,0.7838561386234095,0.7951180829493084,0.7835847948200372,0.780016958711641,0.7924589332860006,0.7877788266003477,0.7937039307730138,0.7981606283010321,0.7927053344562334,0.7942432289050702,0.7771016217736361,0.7951564953077056,0.803937949250324,0.7640492434735204,0.7868100941737664,0.7831601706231972,0.7806583409598671,0.7848463291982656,0.78673171643306,0.8040271873829051,0.7914282639869096,0.7760385667773653,0.7949403789477941,0.7969243514653028,0.7716241982946622,0.7861139883426818,0.783303404358678,0.7678777248230072,0.7993693728081139,0.7861434242228666,0.7924299352910361,0.7764049042143101,0.7996971055030111,0.7972779585795524,0.7860403897798546,0.7889500902257658,0.7741318034344724,0.7874806138514951,0.7891936955309393,0.7949692010459198,0.7807427943720742,0.7883502225012013,0.7646723446608863,0.8081473574584925,0.7785067735292667,0.7951084792970194,0.8066482415947244,0.7928840044836363,0.7570937040244607,0.7938677208900586,0.7954540689815915,0.7962162128499622,0.7821760143340055,0.8021725134467325,0.7691180423906262,0.7972827349439825,0.7860943632971786,0.7898458640647903,0.7891888248034259,0.7805440545772667,0.7921785344810514,0.7910938377589511,0.8003659870781263,0.7914621763178489,0.8000293141985106,0.7772818893618506,0.7910501971961958,0.8032515468927032,0.7975883052280224,0.7896269649223581,0.801983733261796,0.7764951879089863,0.789222918714371,0.7787563349062192,0.7797183223417549
169.0,0.7798626885467741,0.8032891890412702,0.7926425402132402,0.8080032864405545,0.797774399103608,0.7908367777242037,0.7939303293328722,0.7718877419510323,0.7880231071333093,0.7859373305222213,0.7867072204349677,0.7938484548406628,0.7811697800655646,0.7955739971737047,0.7982273465459111,0.7793148419183852,0.7794742857066974,0.7943346469542953,0.7844032413477176,0.7655515208663293,0.786006039451157,0.7971394195340737,0.7978077915091506,0.7993503655960368,0.7807874984185954,0.7844426453906591,0.7962449451427923,0.7833083426089702,0.7808172985841719,0.7918059884371349,0.7878472393293605,0.7937906512906532,0.7985845779171776,0.7921688621806038,0.7940603318673116,0.7768010137386094,0.7957130698179427,0.8028655072373461,0.7649192970702043,0.7867709071040206,0.7825076122578365,0.779992080084469,0.7857998795781882,0.7867709071040206,0.8043135514596119,0.7926280478836323,0.7758829081190907,0.7944549029132306,0.7979413335595196,0.7715227948362371,0.7867268173459796,0.7835502479437844,0.7685365787590517,0.7988082815866657,0.7862071950140482,0.7916413814070048,0.777917250941506,0.7993503655960368,0.7983655135408787,0.7857556895488207,0.7882379576380598,0.7747162621514379,0.7864866931495319,0.7903464709975078,0.7946664679846415,0.7801463048965361,0.7870647223475011,0.7643892189766501,0.8083471083787781,0.7801910697135581,0.7961491629557015,0.8051058271992101,0.7920769641006903,0.75677989866232,0.793057771653937,0.7953101087291454,0.7959191938757043,0.7826263321579578,0.801473577060761,0.7694645321538395,0.7965704362221062,0.7867023210665424,0.7906378115311458,0.7884722157649656,0.7811548922212801,0.7920092367278823,0.7912392733841138,0.8002854010893431,0.792318757544633,0.8002664373169206,0.7777472431019143,0.7911229289353504,0.8031903707205655,0.8001526357760063,0.7889354694340712,0.8021536394796054,0.7759682760147986,0.7887746073016562,0.7777022301386802,0.7804794447592895
170.0,0.7811300780220927,0.8036842141778765,0.7922752451063506,0.8077940548719754,0.7980843653737574,0.7902881785825797,0.7940988432591176,0.7715836396122033,0.7880035698674186,0.7879644926347265,0.787240914260788,0.7946183945795933,0.7811350409744681,0.7955260301170332,0.7978507205506244,0.7809861279261978,0.779793000425008,0.7942672882558597,0.783782152648639,0.7659520021810757,0.786917840046803,0.7978602597186597,0.7982130507075896,0.8006644874740166,0.7808073654207224,0.784457420978324,0.7970534059799281,0.7829575870098036,0.7806633092577957,0.7909920026892971,0.7876566335816961,0.7942384168661052,0.7979842484212099,0.7911277772678089,0.7940218168742907,0.7761841339875432,0.79608210203272,0.8011662222340812,0.7660392411329839,0.7867219182026302,0.7841716698677763,0.7792500514207061,0.7868051959869895,0.7871968731191478,0.8043604764147309,0.7935545360341203,0.7765954817430799,0.7950844691815895,0.7979699439737338,0.7728595081760647,0.7881256630086266,0.7837377549867266,0.7698463882384953,0.7988939224150724,0.7868786628803981,0.7910938377589511,0.7789259562904401,0.7992885859390638,0.7987654543357809,0.7859373305222214,0.7876517451294531,0.7746407282169636,0.7854216620147364,0.7916655924027015,0.7940073728234696,0.7801164591530838,0.786319996964626,0.7645591148128325,0.8082263411880041,0.7819333425031142,0.7969960534820808,0.8050121505974377,0.7920140747631168,0.7567328103864799,0.792599061705154,0.7949307711316003,0.7951805012029618,0.7823740136290058,0.8009154338838347,0.7702228426977894,0.7955835899098113,0.7882623655751948,0.7915203053276523,0.7884429405889943,0.7825026648919693,0.7914427981806403,0.7913604310534907,0.800228507071164,0.79531970765484,0.8004181222877982,0.7778122537801213,0.7909435010772935,0.8033362366627707,0.8005128961347258,0.7880817135291585,0.802361203601297,0.7759381480261308,0.7886527012548143,0.7773820065113397,0.7810059859252876
171.0,0.7824482401536758,0.8035478813266569,0.7918447100498587,0.8078312599230877,0.7972540759133675,0.7893154454313551,0.7944645218706828,0.7724599180213259,0.7879205264433704,0.7885795407460146,0.7871332500903139,0.7946424319854795,0.7811995542348712,0.7954876524203291,0.7974355488957214,0.7813335129289198,0.7796984060479996,0.7928405512965921,0.7829229901104253,0.7658031452611153,0.7878374667575865,0.7983702770759808,0.7978507205506242,0.8014263071767804,0.7807427943720742,0.7844130926960668,0.7977600872286265,0.7823047241167105,0.7818094782956875,0.7906426654905024,0.7883795040918367,0.7947049226573132,0.7980986657698665,0.7904241816131596,0.7937713816400427,0.7763848386952136,0.7958808530914525,0.8010952604357657,0.7667058248798025,0.7876859631135046,0.7845657598138962,0.7787762937393254,0.7875588538457327,0.7880133386129019,0.8036419090468787,0.7945606990660298,0.7767759539253143,0.7953053091818947,0.7979985523622648,0.7731930737418039,0.7891644703218241,0.7838018834798288,0.770517686200653,0.7989605193440255,0.7876712986008108,0.7906232493154619,0.7803800264705612,0.7993361095961546,0.7985988605885573,0.7859569627701539,0.7874463793243629,0.7751038037103367,0.7850283553328502,0.7919414983263535,0.7929853775286763,0.7799074822297841,0.785677118242815,0.7662239287622981,0.8072774631592974,0.7846839165740425,0.796742649693267,0.8044636915093106,0.7918108288356669,0.756764203076794,0.7930046838666633,0.7948202650680394,0.7945751237040518,0.7820868852788465,0.8006881684159,0.7703245342534039,0.7950076273590247,0.7879791470190034,0.7917624223182433,0.7876468566209415,0.7833725347422914,0.7911374737639187,0.7901958656877285,0.800086236576257,0.7972636291486485,0.8006834323400613,0.7775621606612858,0.7910307999275334,0.8030726975079191,0.802384783540357,0.7874561608991743,0.8021630765757068,0.7763346709586433,0.7883990240268808,0.776705778964313,0.7825521360185383
172.0,0.7823839112304585,0.8035196686216095,0.7924251020949339,0.8087138214674487,0.7968382923332817,0.7890913984366715,0.7946135869296088,0.7728544522673304,0.7878863273656973,0.7896804841239191,0.7872066604333952,0.7942480408877659,0.7806434357284671,0.7951036773864714,0.7979508705893337,0.7817004487020881,0.7793347755429874,0.7925555786392803,0.7831157091522588,0.7665828348391508,0.7886331930237187,0.7987987648136853,0.7982225813227396,0.8021489208471513,0.7809513742614347,0.7850627840442401,0.798774971896527,0.7817252305466107,0.7830712431235329,0.7897388609423205,0.7879302971019992,0.7953820951856289,0.7979604073940717,0.7901375523407391,0.7939736680688062,0.7757673844941068,0.7960341946211698,0.800825490138215,0.7676221032766585,0.7885063675766938,0.7852545506772788,0.7783869341014733,0.7888526087154086,0.7893495291013457,0.8040130985019005,0.7959671147918103,0.7773820065113397,0.7959431550371194,0.7984369606591669,0.77300610505235,0.7904047553097022,0.783461400458613,0.7709799040140629,0.7982178160432991,0.7889354694340712,0.7900403454230158,0.7818193887264684,0.7988035232283099,0.7975883052280224,0.7859078804622527,0.787304521196693,0.7752094389619808,0.7847183728572339,0.7928695205943757,0.7927681191897686,0.7789459074709647,0.7854118337366698,0.7667058248798027,0.8066668999391111,0.7868835602231402,0.7973209438337395,0.803308008765098,0.7915590534993358,0.7564501850179001,0.7929129707428949,0.7951228846910496,0.7945029954497327,0.7817004487020881,0.8003375468213147,0.7712184494154046,0.794527039607897,0.7896464272379642,0.7916462237186821,0.7867562110244277,0.7834910183126869,0.7909240988569606,0.7897777743197362,0.7997350861657757,0.7979604073940718,0.8013837594701998,0.7774871052945063,0.7912489672918506,0.8027712938294823,0.8034632371344651,0.7868198903785129,0.8013979425454809,0.776319619540427,0.7880719463592067,0.7762744622472534,0.7822601750349667
173.0,0.7833330330163966,0.8041257953701538,0.7924106021690134,0.8081705896552419,0.7965369418008987,0.7875539642681102,0.7944260446904181,0.7720042608055064,0.7881989020126567,0.7901764288057024,0.7870304543403246,0.7951324880057248,0.78107548183221,0.794450093350101,0.7974498722495753,0.7824432921125807,0.7799721761698897,0.792052777019311,0.7834663369082978,0.769031379295483,0.7894128200306458,0.79939788193816,0.7983750405548139,0.8031150639158386,0.780866961025281,0.7852348862434883,0.7998822272193893,0.7812938257404592,0.7835897298629975,0.7891352430870255,0.7875930793135586,0.795588386193461,0.7975214814225323,0.7897485896242883,0.7954636645311473,0.7761239050193195,0.7971871969642749,0.8006123844502029,0.7693728395963839,0.789636696192699,0.7859913170376803,0.777492109379508,0.7890572938908887,0.7893154454313551,0.8037453135428534,0.7975978505856456,0.7775921792630518,0.7964843021398005,0.7985655335675723,0.7741620526265279,0.7904144685739688,0.783367597223496,0.7725611132845162,0.7976503460293423,0.7899285296426223,0.789544240037019,0.7835502479437844,0.7981510962228885,0.7975596678046963,0.7854020052335274,0.7871626157468088,0.7756468063671133,0.7840336533079328,0.7929467621517909,0.7926522014849671,0.7785417205905218,0.7851758875402942,0.7666545829683598,0.8053305592124845,0.7884429405889943,0.7989367359925945,0.8028984766126794,0.7905261549357031,0.7561935866701526,0.7928695205943758,0.7960389856155352,0.7942624764982397,0.7812938257404592,0.8001146947266051,0.7712438192707923,0.7939881133012759,0.7901181127578019,0.7914863977233075,0.7865994213314738,0.7846789940227965,0.7907737011234571,0.7889305957243017,0.7997113486735652,0.7989129512344386,0.8021206078707775,0.7784818096545865,0.7919366594470842,0.8022385652417847,0.8035337752273436,0.7864523786641759,0.8009674972942848,0.7762744622472534,0.7877299536130606,0.7759532122736751,0.7837920181767719
174.0,0.7838610705715756,0.8035807935889732,0.792763289932495,0.8088390732679798,0.796173110612561,0.7872164475225666,0.7939351449730518,0.7717255792454941,0.7876517451294532,0.7908125186185271,0.7878423530716079,0.7953149082201271,0.7811499294939804,0.7940266314453597,0.7982511718177341,0.7835749245653099,0.7809265485271061,0.7911762574975991,0.7831107687074763,0.771086503490988,0.7911423219275704,0.7986464658356727,0.7976503460293423,0.803999009114475,0.7806782138139682,0.7860403897798546,0.8007781431657287,0.7814128765021965,0.7837574878435998,0.7887746073016562,0.7871577216113989,0.7954732598556268,0.7969912737415119,0.7897291320352768,0.7960533582610176,0.7760134641996435,0.797086857861785,0.8005223722815008,0.7697853125346257,0.7911617140194864,0.7860943632971789,0.7770665612741127,0.7899333918172502,0.7901861473592535,0.8028890570725005,0.7987844892321974,0.777967240868092,0.7976073957181931,0.7984131463597954,0.7757221714946405,0.7898458640647903,0.7830168895655022,0.7749327225961764,0.7972731821588533,0.7901424120958009,0.7892180483244716,0.7849545702383466,0.7981177321769131,0.7967952559305895,0.7852004713179991,0.7870940927305908,0.7762042085096769,0.7835354412956412,0.7934581236344274,0.7919850457076743,0.7781521546705806,0.7844820458323859,0.7672895849610837,0.804688793547413,0.7899333918172504,0.8002996233278361,0.8021961046395888,0.7901910065516256,0.7563768849901586,0.7939881133012758,0.7969100095426848,0.7936750198824338,0.7810059859252876,0.7995261479555358,0.7732536956926002,0.7938532714374151,0.7908852917153835,0.791670434433034,0.786442574019082,0.7842751533372674,0.7905941233648315,0.788467336709643,0.799834768271628,0.8004560345274803,0.8027712938294823,0.7784718237108315,0.7921301707280545,0.8018326442919792,0.8055224151443983,0.7861728580773684,0.8006218582336808,0.7759933811246245,0.7870891978074149,0.7758527743909869,0.7836785510142852
175.0,0.7835897298629975,0.8035854951156569,0.7927922646321011,0.8086163750408024,0.796599143531508,0.7863543220848195,0.7935834553650475,0.7721308779728933,0.7870451409667285,0.7903950418203596,0.7881207799582061,0.795166097834615,0.7808619950343805,0.7938918021857511,0.7985036332136322,0.7836834849881347,0.7814426341284224,0.7904970222327949,0.7833873469610637,0.7722675850128454,0.7921204973022273,0.7990033258316558,0.7975214814225323,0.8048247298711142,0.780866961025281,0.7860796439222273,0.802361203601297,0.7814971845153533,0.7845608359121947,0.7885356383636846,0.7870206629747106,0.794728954998991,0.7957034801203613,0.7896512926761932,0.796288039783881,0.7755613772507525,0.7972588525591424,0.799825275806848,0.7724346156887167,0.791849549998239,0.7855395837956123,0.776284497595175,0.7899820104687372,0.7913071260116766,0.801879865784635,0.7998964638064724,0.7787862728182645,0.798217816043299,0.7979461021025611,0.7758879302101664,0.7895101721223434,0.7828092951710981,0.7751591395559919,0.7962114239375493,0.7911035350428268,0.7887697317350103,0.7862758606158675,0.7978316415393258,0.7954012894358032,0.7841913829179675,0.787441488452554,0.7757724078793691,0.7833379709290748,0.7937954685626334,0.791985045707674,0.7775071212968985,0.783658814556197,0.7670746005361551,0.803764111434316,0.7914331087744222,0.8009296336710034,0.8014452158056004,0.7896318305856631,0.7559263714345513,0.7936605636775127,0.7976646617868837,0.7935159737751543,0.7806782138139681,0.7988511042797628,0.774121719920302,0.793298993967709,0.7900743704044577,0.7918882675595962,0.7856869404438315,0.7845362155596514,0.790118112757802,0.7879254118008192,0.8002190239470351,0.8020026153316562,0.8028278245751117,0.7776722189644201,0.791956014626548,0.8012135230660021,0.805274388363266,0.7861826689120505,0.8010810665568401,0.7756769539373867,0.7870010795682545,0.7751943497310085,0.7845362155596516
176.0,0.7836637487551227,0.8034491279966267,0.7925072587760896,0.8093535663726927,0.7963454922154409,0.7856574731655543,0.7932362896988185,0.7728089465566181,0.7871577216113987,0.7899236674117251,0.7879156410296528,0.7952429099471572,0.7806036859688978,0.7936268305632821,0.7982035198673636,0.7833725347422914,0.7820720286638472,0.7899965949669381,0.7826609526903086,0.7729858876070012,0.7922655750566623,0.7988986797043174,0.7971298633728057,0.8038392939971302,0.7812888645886913,0.785790059965545,0.8031527191188095,0.7808768928382749,0.784654380422531,0.7879791470190034,0.7860747373513721,0.7945991636420423,0.7955308270759106,0.788984203436972,0.7967809094501839,0.7755613772507525,0.796110843778739,0.7988511042797628,0.7733850154557811,0.7930191630293294,0.7855494091476918,0.776118885572886,0.7904970222327949,0.7915348363140509,0.8017051181554519,0.8011804130744817,0.7793297922212401,0.7979317963046296,0.7971633089525366,0.7759933811246245,0.7886575781719157,0.7827153508133734,0.7753401910836683,0.7956363459351649,0.7914040392053121,0.7878960988120918,0.787656633581696,0.7976121682000636,0.794450093350101,0.7842554441133667,0.7874365975244759,0.7752949350384306,0.7828043512376386,0.7932604078506944,0.7915784262347221,0.7771316714358802,0.7827944632019128,0.7673561076431146,0.8032280187211067,0.7934774079149735,0.8023329058175486,0.8004276006853325,0.7891206287099951,0.7553023000573924,0.7933809775092061,0.7975501215467693,0.7931542774601403,0.7803551683815675,0.7985083951169338,0.7755915305604622,0.7927536312491413,0.789831274333574,0.7920334263413659,0.7854118337366698,0.7848168041880126,0.7891693413306825,0.7877739395548294,0.8001526357760063,0.8028466663563807,0.8023470549626331,0.7776171932171264,0.792236563557142,0.8006692237749312,0.8068068088248299,0.7858784283766008,0.8008207556941771,0.7751490789995664,0.7861090821657095,0.7745248849278914,0.7860158541121298
177.0,0.7831255898730168,0.8032515468927032,0.7917527403395308,0.8106621549840268,0.7964747305608314,0.7852348862434884,0.7924975941282235,0.7730414834153547,0.7864817912490023,0.79006950986163,0.7871870855798243,0.7956315502142048,0.780156253027535,0.7927053344562333,0.7985798169141798,0.7828686179836303,0.7829477024627547,0.7898215475647516,0.7827499642558323,0.7740057433300105,0.7919027857166668,0.7991079447248067,0.7966756864532389,0.8048294164865176,0.7816905355703964,0.785534671035169,0.8033597583634341,0.780260694814064,0.7846051490018267,0.7877934873992887,0.7862071950140482,0.7947337612985197,0.7948827286744924,0.7886478242814439,0.7969912737415119,0.7750283347665371,0.7951276863765216,0.7983940939074564,0.774620583696216,0.7936075532600899,0.7851758875402942,0.7758075700006749,0.7900354844863053,0.7922220570477506,0.8019695711185764,0.802021496501213,0.7796685299192968,0.7976980632517323,0.7963550668329352,0.7765653959561492,0.7879644926347265,0.7820720286638472,0.7762594088033538,0.7953341056213644,0.7922027142474629,0.7875637433670862,0.7877739395548294,0.7957514263575094,0.7939977431749107,0.7838068160469537,0.7882477209817208,0.7750585238633194,0.7822453243282104,0.7923332606778855,0.7919366594470841,0.776926291704217,0.7822849250875141,0.7679390530620696,0.8028089818935389,0.7952381096121407,0.8028607971015083,0.7997683162915733,0.7884526992060606,0.755228827508951,0.7927970935517606,0.7969721542165461,0.792545915116794,0.7800070074295791,0.7982749956828327,0.7765653959561492,0.7924927617198873,0.7891547281353006,0.7926908443211158,0.7849545702383466,0.7859815018140177,0.7887697317350102,0.7876224132343476,0.8000577764002256,0.8037829084254752,0.801605902800808,0.778436871135216,0.7928115799731252,0.8001194375547218,0.8079893412142619,0.7860158541121298,0.8006123844502029,0.7748270223538577,0.7861385183835083,0.7736828692085266,0.7858784283766009
178.0,0.7826065477586968,0.8042384598274732,0.7920431017928764,0.8110773694314908,0.7958329220469297,0.7849447312691733,0.7925169231988796,0.773788837685084,0.7862317197093216,0.7898750420079604,0.7874952849476597,0.7954108862232764,0.7798577111895394,0.7926811839496924,0.7984226722483508,0.7839596977184128,0.7839892814734835,0.7881354289406609,0.7821066933110801,0.7754910116504393,0.7924396015144334,0.7991269634157561,0.7966087121844901,0.804688793547413,0.7815170193316225,0.7852299699943681,0.8031762517919245,0.779807934522396,0.7843638337035612,0.7871675098259499,0.7857507792642127,0.7941710424123543,0.7941132841026066,0.7882037841627736,0.7967713448485685,0.7743082284982875,0.7951420910953241,0.7977410039408853,0.7757121235424669,0.7941517905427422,0.7848168041880126,0.775289906307615,0.7904290380483514,0.7930770746157851,0.802318756166043,0.8019931744092641,0.7799622238749859,0.7975405750637663,0.7955404208248589,0.7775571573640502,0.7879889163271765,0.7817698343218055,0.7768561403761883,0.7959958646405627,0.7924589332860005,0.7867317164330601,0.7879986854102735,0.7954636645311473,0.7942239804115967,0.7833182189407477,0.7887453530577461,0.7742275855934289,0.7822057199676917,0.7917527403395307,0.7919898840242536,0.7765804391028249,0.7821066933110801,0.7693371764560596,0.8013317505281244,0.795770603276837,0.8040694509873939,0.7989272222581391,0.7877934873992887,0.7549820890061693,0.7929371077448797,0.796871761939868,0.7921398439288057,0.7791553405106351,0.7977314619594009,0.7782021181507449,0.7920576145481247,0.7889159742573795,0.792748801823061,0.7844968200695952,0.785819518128247,0.7875441849440583,0.7864523786641759,0.7992885859390638,0.8041492698048721,0.8017476314254153,0.7785067735292668,0.7934870497176324,0.7988606198148255,0.8086117341158128,0.7869521171132856,0.8003470271319946,0.7747313674190702,0.7857851500748197,0.7734961024684502,0.7865553138487034
179.0,0.7826312781171005,0.8048200431994421,0.7919802073348257,0.811883426120088,0.7953437039843692,0.7842652988378549,0.7917382169494447,0.7733244110609077,0.7849545702383466,0.7894420280214524,0.7872702724897775,0.7950124303949523,0.7796436315979808,0.7922559047818981,0.799141226843144,0.7841223833034693,0.7854462317251955,0.7874903946385405,0.781868937504233,0.7769814028678258,0.7916946437406612,0.7992125363837701,0.7960341946211698,0.8040130985019005,0.7815864340986725,0.785185721220183,0.8034820485304836,0.7794244657124378,0.7835156983103513,0.7871821917257592,0.7851611365984437,0.7945799318041878,0.7935593560632807,0.7880377594919029,0.7971250852077683,0.7737837921298425,0.7948202650680394,0.7970342893809493,0.775304992331255,0.7951805012029618,0.7843293490608026,0.7745954017792294,0.7910598954929133,0.7931494527043855,0.8026817702443539,0.8024130776103527,0.7808719269599125,0.7975310283556873,0.7950604576594351,0.7785317359972226,0.7871430388675548,0.7813930369593329,0.777917250941506,0.7960629397433278,0.7923622654251279,0.7862317197093216,0.7880279913091094,0.7947145357627913,0.7934966912952157,0.7829131047756107,0.7885551510962989,0.7733345123560762,0.7819234346607066,0.7918495499982388,0.7918495499982388,0.7755211696867435,0.7817103616087042,0.7694339699937043,0.8006644874740166,0.7966230647419459,0.8048341030456518,0.7986226639154772,0.7874121420400509,0.7548665516796882,0.7936653824687554,0.7972206378174113,0.7917236930529377,0.7784019158024202,0.7972540759133675,0.7787413651905652,0.791670434433034,0.7887209729737574,0.7937617464771235,0.7839202495605891,0.7864327691489121,0.7870843028279702,0.7859471467587256,0.798484585037736,0.8042713141890068,0.8007118479510588,0.7787513450572703,0.792980550803507,0.7983416950213337,0.8096174961186852,0.7871626157468088,0.7993171008085461,0.7748370901127128,0.7852643825565603,0.7730970724151613,0.7870843028279703
180.0,0.7824185510630702,0.8051667049206654,0.7922655750566623,0.8127474412953375,0.7953341056213643,0.7839350430417904,0.790992002689297,0.7741469282837106,0.7841913829179675,0.7892618798078839,0.787588190129819,0.7947385675417795,0.780534115224229,0.7921978784067187,0.7994928977417116,0.7841371698635857,0.7867268173459796,0.7871136718606042,0.7818838010403173,0.7766556472398914,0.7914282639869096,0.7993456136523451,0.7952333092208552,0.8042196846686793,0.7823839112304586,0.7853823475520147,0.8039238571619873,0.7790356766420665,0.7829773554286733,0.7866435242564568,0.7847872771520763,0.7936268305632821,0.7933375764835087,0.7872555936284933,0.7971011935385461,0.773738379600565,0.7947674038196887,0.7965991435315081,0.7757322192217381,0.7966039278861337,0.7838413424412971,0.7739553094411539,0.7912780476646053,0.7936653824687554,0.8026911947362032,0.8018656999276625,0.780016958711641,0.7975167078715515,0.7940940295320833,0.7787363751728094,0.7861041759324683,0.7813136697848414,0.778207114189282,0.7960629397433278,0.7921301707280544,0.785583796107497,0.7874317065401288,0.7942672882558597,0.7931928734804959,0.7835058264800925,0.78801822290124,0.7727381508362039,0.7816062648635748,0.7915687399795668,0.7920285885312071,0.7752345865548885,0.7811995542348713,0.7703957049503163,0.8004276006853324,0.7965130155262523,0.8046231521783176,0.7985417268645134,0.7875490746342187,0.7549190720224095,0.7932652313122629,0.7972779585795525,0.7913265104510111,0.7779522444809405,0.7967569975241282,0.7797183223417549,0.7912441203661167,0.7883111772292911,0.79420473101782,0.7830910063656564,0.7865896200625189,0.7869374272795497,0.7858047893001063,0.7982082853156112,0.804562189603237,0.800555537022741,0.7784268841786193,0.7930915512463468,0.7975405750637663,0.809941370252523,0.7872947361332049,0.7992363034171964,0.7739452219881546,0.7844475706428164,0.7729050088225684,0.7866729236743412
181.0,0.7825372952713918,0.80474036117186,0.7924589332860006,0.813252059840746,0.7950172333746109,0.7833577220170982,0.7905552856129279,0.7744291658464644,0.7834663369082977,0.7883404615208376,0.7881012471938342,0.7948250702984574,0.7812640579858164,0.7917140101739215,0.8000814933542576,0.784718372857234,0.787441488452554,0.7865651159054241,0.7817847012340285,0.7777322392872573,0.7911811052110987,0.7990746598492893,0.7952477102259047,0.8034961564866733,0.7826658982555684,0.7853233691056543,0.8035384773167169,0.7782570714798585,0.7820373612594341,0.786300381372312,0.7841322410664824,0.7933906215626246,0.7928743486137315,0.786917840046803,0.7975262549172443,0.7736223046520924,0.7944212347896746,0.7962257905059816,0.7768461178575947,0.7986702663491434,0.7834811459197382,0.7734910536496079,0.7921688621806038,0.7940747740612562,0.8029267338827607,0.8013837594701998,0.7798825974130239,0.7971250852077683,0.7925797364607889,0.7785916401808801,0.7861679525756239,0.7811052624161807,0.7791503551632049,0.7964316556701554,0.7922268926071501,0.785279129953465,0.787656633581696,0.7933423990447732,0.7930432938417264,0.7833725347422914,0.7876126354858272,0.7721561971861968,0.7818144335392125,0.7914670207114785,0.7915396798636458,0.775139018218065,0.7806185925507536,0.7717914647938383,0.8001478933417725,0.797225414857069,0.804186825974434,0.7980748314950064,0.7874121420400509,0.7549400785839665,0.7937039307730138,0.7971680866674223,0.7909580521517191,0.7777172349661791,0.7962018459439161,0.7801860960700762,0.7909143974091803,0.7875833008898103,0.7950268391651214,0.7824185510630702,0.7867121197471242,0.7864768892922036,0.7855051932908613,0.7982178160432992,0.8055738725941779,0.7999439154392658,0.7789409197602369,0.7928357228833534,0.7965369418008987,0.8105652060314531,0.7876175243882219,0.7987464185390608,0.774162052626528,0.782745019647145,0.7724346156887167,0.7870010795682545
182.0,0.782240373980087,0.8039473436945369,0.7928840044836362,0.8149626701020832,0.7946376246168402,0.7828439011297823,0.7897777743197362,0.7747917834253912,0.7822750252353022,0.7870891978074149,0.7892326593253632,0.7945318482707228,0.7814773487987805,0.7912828941964563,0.800403904269479,0.7851758875402942,0.7871185665024351,0.7859864094539836,0.7817549669031614,0.7788710859018068,0.790958052151719,0.7986512260509047,0.7950268391651214,0.8042337661221782,0.7833330330163966,0.784555911954224,0.8028325351048324,0.7780672038405696,0.7816062648635748,0.786261147486773,0.7836440116218069,0.7930046838666633,0.7927488018230611,0.7863543220848195,0.7974498722495753,0.7727533222761594,0.7944308545348926,0.7952573106145929,0.7772818893618506,0.8005081579769348,0.7832145062314226,0.7732082299891343,0.7916220115976055,0.7940266314453598,0.8039050669231063,0.8009769626374155,0.7795141376507382,0.7969721542165461,0.7919124642067025,0.7782670622627458,0.7847036062163373,0.7804197964869637,0.7786914624809018,0.7964316556701554,0.7929081431736907,0.784634688529477,0.7877299536130606,0.7930046838666633,0.7927294835560497,0.7828191828692098,0.7871479331717718,0.7717813291745904,0.782111645178466,0.7913846583671925,0.7915832692778961,0.7751188959798341,0.7802159370869338,0.7734658087113608,0.7995403972031401,0.7971298633728056,0.8035102639364421,0.7973257196917487,0.7869080460928155,0.7549138202413478,0.7938002857783448,0.7965273714598471,0.7899577018463562,0.7769313020913444,0.7954300791229953,0.781972971621985,0.7907057618416616,0.7872213409827489,0.7949259671391,0.7820225029563652,0.7870598270867115,0.7857311375630909,0.7850578658257057,0.7977743991036079,0.8065222742215454,0.7994358909604917,0.7794842490303217,0.7927246538486243,0.7958712673327,0.8121318042728802,0.7877690524530423,0.7985369653550947,0.7740460863897292,0.7814426341284224,0.7714771559368436,0.7876761868279776
183.0,0.7815814762667743,0.8041586591848765,0.7931976977298298,0.8157740464321344,0.7949115548239849,0.7825274011586161,0.7890134411378011,0.774837090112713,0.7818639828796669,0.7867807042090709,0.7895685725737176,0.793564176036172,0.7810655545207346,0.7913362023330645,0.8007592028012027,0.7844032413477176,0.7874512701399031,0.7848955330471685,0.7812144405598934,0.7788561200687125,0.7908416293765321,0.7978221016960627,0.7950652600764039,0.8037453135428532,0.7831947486161973,0.7845165182647751,0.8020167762932271,0.7775221327078684,0.7810407352573387,0.7862121000656408,0.7828686179836303,0.7923961017366721,0.7918689092290695,0.785731137563091,0.7972684056818854,0.7720701061215283,0.793641287949852,0.7944789498848439,0.7775271363989869,0.80171456594266,0.7832095669120198,0.7728140029717732,0.7916946437406612,0.7949884146526242,0.8045012175186983,0.8006360684868803,0.7789558827236129,0.7961395834990748,0.7917866262803175,0.7783369914408322,0.7841568844893084,0.7796934268338882,0.77818712969752,0.7968574181603735,0.7945366568772799,0.7840385832304159,0.7871675098259499,0.792657032036427,0.7924541004275124,0.7827845749411111,0.7870989875974975,0.7713909366914331,0.7819531575127016,0.7908173705522004,0.7918108288356668,0.7750082075766359,0.7799124590243294,0.774197340790354,0.7987178631559112,0.7980843653737574,0.8048575349972883,0.7964029365442673,0.7864768892922036,0.7546091206635406,0.7935063326477231,0.7965130155262524,0.7895783051945141,0.7765904675859305,0.7949115548239851,0.7830317139383747,0.7902007247675626,0.7868492776422972,0.794786626879582,0.7813781567113608,0.7879205264433704,0.7853479444430116,0.7843490549085643,0.7974212250354467,0.8066482415947245,0.7992553160310957,0.7794244657124381,0.7920431017928763,0.7954252809824691,0.8132612284212638,0.7883648635497295,0.7975453483334023,0.7738392901427048,0.7812690194189293,0.7707615514685249,0.7871724038488219
184.0,0.7808868244261928,0.8031809581577405,0.7931494527043855,0.8165972694930518,0.7957562206717447,0.781928388610045,0.7885258816597636,0.7752999637129774,0.7815616443764923,0.7863347080680372,0.7897437253114389,0.7932362896988185,0.7812739807957734,0.7909968525410183,0.8006834323400613,0.7847085284862384,0.787304521196693,0.7847036062163373,0.7812144405598933,0.7795539859935642,0.7897437253114388,0.7988225563241189,0.7943635115917718,0.8040506677258664,0.7832194454945566,0.7836094694721485,0.8014688503255734,0.7767609173621094,0.7804396801447093,0.7859127889462533,0.7822849250875142,0.7919124642067025,0.7912004955024077,0.7852692984117975,0.7965704362221062,0.7715785695236854,0.7929950308102078,0.7942769116022924,0.7788261868832618,0.8028937668707243,0.7826312781171005,0.7722675850128455,0.7921059867414691,0.7956363459351649,0.8054756297363554,0.799331357483656,0.7784917953732653,0.7956411415998559,0.7911423219275704,0.7785566970584538,0.784063231998795,0.7789259562904403,0.7784668306545504,0.7968813241781862,0.795358101106859,0.7836390771978055,0.786971702770501,0.7917963074712642,0.7921785344810515,0.7828142390482884,0.7874952849476597,0.7704109543790814,0.7815418115859067,0.7905358653865207,0.7910404986744025,0.7745702184555179,0.7796187318699405,0.7767508927052945,0.7979508705893336,0.7976742053438995,0.8051947991232359,0.7960677304000793,0.7866533242874942,0.7533568196876976,0.7926618625316182,0.796201845943916,0.7890329318129744,0.7754558247145125,0.7947385675417795,0.7837476215277013,0.790059788607168,0.7858882459635607,0.7941566035945486,0.780866961025281,0.7885258816597636,0.7850234367204327,0.7840484429065744,0.7975596678046964,0.8069699718522011,0.7987226225271086,0.7792998911091094,0.7920914756742901,0.794988414652624,0.813274980870023,0.7882916532428802,0.7968191656058861,0.7735869715856185,0.7803452247520872,0.7700855233950405,0.7877690524530422
185.0,0.7805589631848057,0.8030585743591041,0.792763289932495,0.8166699519124433,0.7956890951519716,0.7811896297368449,0.7882965343238865,0.7763597555302908,0.7813285522273036,0.7856623845192731,0.7899042179254471,0.7919947222845644,0.7808073654207224,0.790598977830609,0.8002285070711641,0.7842012391054494,0.786741514438414,0.7844771209741115,0.7809513742614347,0.7801164591530838,0.7895150391361041,0.7979222588246638,0.7942143558272462,0.8049418783755007,0.7831552306848356,0.7835305056337223,0.8011189157752621,0.7763948715672998,0.7811300780220927,0.785554321739328,0.7817103616087042,0.7912925870913513,0.7906669344432511,0.7841223833034692,0.7971394195340737,0.7711981525182525,0.7927536312491413,0.7943298359844413,0.7796685299192968,0.8037782092620888,0.7822552248556502,0.7719890643821228,0.7918979463872455,0.7959527391078027,0.8061394551776605,0.7991649980967437,0.7779922337212983,0.7953964909576632,0.7909726027197237,0.7785267436161692,0.7838364102680551,0.7781971220559389,0.7785566970584537,0.7967522149701101,0.7964508006287013,0.7832194454945566,0.7865406103416048,0.7916074836497318,0.7913604310534907,0.7827598533043998,0.7873534431379945,0.7699634273559799,0.7812392499762171,0.7897437253114388,0.7904290380483515,0.7743636621394341,0.7792550356427569,0.7774520751239643,0.7977123773212041,0.7976455739976238,0.8058871482119846,0.7953676989071738,0.7861287065359847,0.7533884294637456,0.7903804711643283,0.7962832517155027,0.7889013522840364,0.7752899063076147,0.7945270396078972,0.7850480292198296,0.7893641355444496,0.7853970908975527,0.7939929282662278,0.7806682774994556,0.7892180483244716,0.7845756074484928,0.783836410268055,0.7979842484212099,0.807682418111349,0.7980080880416233,0.7788361648368214,0.7924541004275123,0.7941566035945486,0.8138017762874175,0.78801822290124,0.7963694283371591,0.7730768590211793,0.7803899693122756,0.7697293193547189,0.7870157672075
186.0,0.7800816365588175,0.8028843472180077,0.7922752451063505,0.8173959838390867,0.7961922677252069,0.7806633092577957,0.7875686328321707,0.775712123542467,0.7804396801447094,0.7847331389917097,0.7909143974091803,0.79170916865001,0.7803203646936794,0.7904824551217097,0.8001478933417726,0.7840829500006568,0.7856623845192731,0.7838117485578097,0.7810407352573387,0.7802408030535848,0.7889793302898922,0.7971633089525365,0.7939592223299158,0.8050449399682968,0.7829822973927185,0.7828290703422458,0.8004560345274803,0.7757523140007054,0.780866961025281,0.7848266460831729,0.7815913918743016,0.7909483514917044,0.7903076102878595,0.7835551833806274,0.7965991435315081,0.7705786646717212,0.7921108236513241,0.7936605636775127,0.7807229244439602,0.8044871456871954,0.7818540734617279,0.7705380132579795,0.7916171690045833,0.7960725210005617,0.8073007479675453,0.7982082853156109,0.7768060255324615,0.794719342231127,0.791733375706878,0.7790556228709206,0.7834317805788559,0.7774120372672058,0.778177137114025,0.7961539525996113,0.7973161679194614,0.7829131047756107,0.7869570136119929,0.7907494383602965,0.7906183951310293,0.7829674713317764,0.7866974216418479,0.7691639162692897,0.7816260947281733,0.7890280592285843,0.7900063176843939,0.7742023817315389,0.7790157295129088,0.7795539859935642,0.7969960534820808,0.7977600872286266,0.8071144301132753,0.7949980211183624,0.7856574731655543,0.7539202233111089,0.7899090803814202,0.7974212250354467,0.7880621789641792,0.7749125911298324,0.79420473101782,0.7868737654813871,0.7893641355444496,0.7846396115871439,0.7940940295320832,0.77986766584774,0.7890183138909979,0.784319495799308,0.7831404105321367,0.7975835324648071,0.8079986380880594,0.797072521678603,0.7788361648368214,0.7923042539049596,0.7936605636775127,0.8135774066182547,0.7879791470190034,0.796197056862696,0.7722169575586895,0.7802706403566897,0.7689803934079097,0.7870989875974975
187.0,0.779563947516581,0.801983733261796,0.7922462342820582,0.8175863285268077,0.7961922677252069,0.7798776202808649,0.7872262343866621,0.7766406066253199,0.779942318609951,0.7838660024634729,0.7911617140194864,0.7910065520756532,0.7801910697135581,0.7898020933518791,0.8002711783444297,0.7839744898491587,0.7854560592154963,0.7828982763513714,0.780946409227107,0.7807576962273355,0.7881403118222743,0.796862199476474,0.7936991124319228,0.805363321799308,0.7825570828217158,0.7824136026843612,0.7994216379991348,0.7750987728412997,0.7813880769329445,0.7849988428143113,0.7810357712358528,0.7901132527213952,0.7895101721223435,0.7833182189407477,0.7963933630521527,0.7698616558984106,0.7911617140194864,0.7935448958069927,0.7815666024334663,0.8045574997805016,0.7814773487987805,0.7703347021710478,0.7925024264802911,0.7954972471821191,0.8066948857676215,0.7973973508096089,0.7764350008048855,0.7943394578678806,0.7907688486833631,0.7786016234237241,0.7830811248571325,0.7770765788410356,0.7776722189644201,0.7957226592904483,0.7984655359615361,0.782453188138502,0.7869668064406006,0.7905455756122622,0.790370757112296,0.7829872393004945,0.7866533242874941,0.7683272770793204,0.7818392089128019,0.7881500774166945,0.7896464272379642,0.774056171591969,0.7789010160487325,0.7806633092577957,0.7962257905059815,0.7977028346644919,0.8079846926929597,0.7949067506064086,0.7851316331954798,0.7535780455806835,0.789855590270923,0.7973686998817274,0.787822807477908,0.7749427879917343,0.7934629447889674,0.7879205264433704,0.7891985662021836,0.7843244224581898,0.7937906512906533,0.779673509414753,0.7885161247307667,0.7839103869584433,0.7823987572106204,0.79734959813776,0.8084864078714183,0.7967809094501839,0.7785467128027681,0.7921543533079151,0.7929950308102077,0.8139894103575874,0.7879449526679246,0.7961012634218088,0.77184720667647,0.7806881499034047,0.7686692576432319,0.786766008467092
188.0,0.7792949073934796,0.8019790126036583,0.7918640695057653,0.8171284272195698,0.7965082301025163,0.7793248088432243,0.7863984503308445,0.7773119268699946,0.779563947516581,0.7836242735881873,0.7918979463872456,0.7908367777242037,0.7794394123015401,0.7898361376335818,0.8007165836892836,0.7839350430417904,0.78509720999845,0.7823839112304586,0.779977152232938,0.7822007691694166,0.787783713589597,0.7965560818077742,0.7929081431736908,0.8052697070934163,0.7827944632019128,0.7823591668048093,0.7988082815866657,0.7743787792235527,0.7809166178394916,0.7846937615077278,0.7807278920103923,0.7898069569895007,0.7888818555318131,0.7826658982555683,0.7956507327604309,0.7695205575196041,0.7904970222327949,0.7927922646321011,0.7817500109844087,0.8041680483398049,0.7816013072567526,0.7698362095172069,0.7933327538659751,0.7959910731397765,0.8067555147801749,0.7971298633728056,0.7761088465112115,0.7938918021857511,0.7910211009555883,0.7783769460194968,0.7835551833806274,0.7762744622472532,0.7771667268149264,0.7960246124636319,0.7985226804892247,0.7821066933110802,0.7867611097738944,0.7902833205155873,0.7898166840959371,0.7824185510630702,0.7866631240934557,0.7678112767536469,0.7822997744438149,0.7873730103389837,0.7891011420861886,0.7736424937378743,0.7785866484750548,0.7814376746647238,0.7959814899693969,0.7977457748472243,0.8082681495201567,0.7942769116022924,0.7847380609239969,0.7542148319472403,0.789733996516933,0.7969004479795946,0.7872262343866621,0.7753804148531442,0.7928695205943758,0.7889305957243017,0.7882721283561659,0.7835008904805595,0.793983298280055,0.7792251294664175,0.7880475274496203,0.7835206341410773,0.7822898749292168,0.7968287290821219,0.8081891743997996,0.7961252138921173,0.7782770528205574,0.7919995604886059,0.7926715233531934,0.813797198665033,0.787656633581696,0.7958568882725534,0.7713199203966082,0.7802507490463624,0.7681689617935832,0.7858244276250892
189.0,0.7787214047819278,0.801412125114341,0.791166561901793,0.8171057439267431,0.7960437765536317,0.7784967881482016,0.7858587925274532,0.7775571573640502,0.7793148419183852,0.7828933334307537,0.7919705304203215,0.7902541709319844,0.7791902363671165,0.7895637061789157,0.8001289230421479,0.7835354412956413,0.7846888390690197,0.7820324085480135,0.7791353987832997,0.7830910063656564,0.7878765556942269,0.7959239862205252,0.792105986741469,0.8048341030456518,0.7833379709290748,0.782156209452835,0.7979556390198371,0.7735970670288131,0.7803750549653004,0.7842899346643684,0.7801214335843318,0.7895150391361041,0.7875881901298191,0.7824136026843612,0.7952429099471572,0.7683936512675071,0.79006950986163,0.7918785885068707,0.7815765183786073,0.8042666208775948,0.7810208788337805,0.769663136818686,0.7936991124319228,0.79497880796181,0.8062188511900055,0.7963407048222902,0.7755513256973641,0.7937521110891284,0.789899355413205,0.778576664894597,0.7837081540133475,0.7756216818444883,0.7772668698481473,0.7949643975035714,0.7984702983149895,0.7815666024334664,0.7874219244026278,0.7896172334269411,0.7895637061789158,0.7831651105052898,0.7856820293714577,0.7672281709680923,0.7820076441468755,0.7866288237878833,0.7882916532428803,0.7726976911871539,0.7779472455726855,0.7831651105052898,0.795780191398887,0.7977362329782777,0.8089781938252562,0.7938436381876414,0.7839991422750217,0.7541517163802234,0.7894809688581313,0.7964890878448816,0.7870353499387284,0.7758829081190904,0.7923477633047171,0.7895831714205089,0.787891213117029,0.7825026648919693,0.7938051029377869,0.7789359319932404,0.7880914804740342,0.7828982763513714,0.7818392089128019,0.7963167670125026,0.8081752359257848,0.795281310601606,0.7771366795159794,0.7911520180860664,0.7920769641006903,0.8135774066182547,0.7869031490314184,0.7949643975035714,0.7713554299226109,0.7798129124423209,0.767918611216019,0.7857262269971379
190.0,0.7782970332609527,0.800527110270485,0.7911132321016265,0.8166245270883931,0.7955452176149294,0.7782770528205574,0.78547571352087,0.7779422466081614,0.7785966318304365,0.7822403739800872,0.7933616887271416,0.7899236674117251,0.7787912622733305,0.7895101721223434,0.8001289230421479,0.7830564201011161,0.7836489459895392,0.781928388610045,0.7787214047819279,0.7842110950678551,0.7874463793243631,0.7957466319870049,0.7916559081732297,0.8041445750304663,0.7831206495407724,0.781972971621985,0.7972875112521436,0.7730111592730149,0.7809215832114333,0.78378708544084,0.7800965608654029,0.7884136633873394,0.7870010795682545,0.7822552248556502,0.7947097292381866,0.7677499316338898,0.7892083073758656,0.7915881122648012,0.7824234993855104,0.8039661319077346,0.7800816365588177,0.7689039040261157,0.7942817231911055,0.794320213875926,0.8052556629462526,0.7956555282563149,0.7751038037103367,0.793699112431923,0.7895491066568966,0.7784917953732653,0.7831799298139539,0.7753804148531442,0.7770515345017105,0.7947722096690655,0.7985940997543666,0.7806533726056692,0.7870059755042719,0.7891936955309393,0.7894712339865756,0.7836341427175351,0.7856623845192731,0.7666135853878389,0.7815963495936615,0.7857065841706367,0.7874659422489095,0.7726369949613011,0.7767559050618364,0.7847479046197647,0.795516436030471,0.796388576221692,0.8097794676503557,0.7936220113218876,0.7837032203208429,0.7538991730848217,0.7889500902257658,0.7963550668329351,0.7865455115669067,0.7761088465112114,0.7916898019916738,0.7900549278955333,0.7876957391739554,0.7819482038447081,0.7932893477760694,0.778611606441492,0.7884087836567889,0.7825669762592639,0.7816013072567526,0.796197056862696,0.8062281908282296,0.7950220362980006,0.7765302933111579,0.7910792914111203,0.7912344263458421,0.8130502941251448,0.7867562110244277,0.794377943150879,0.7710560490296852,0.7794443943853695,0.7677090303858666,0.7852594666450541
