t,0,1,2,3,4,5,6,7,8,9,10,11,12,13,14,15,16,17,18,19,20,21,22,23,24,25,26,27,28,29,30,31,32,33,34,35,36,37,38,39,40,41,42,43,44,45,46,47,48,49,50,51,52,53,54,55,56,57,58,59,60,61,62,63,64,65,66,67,68,69,70,71,72,73,74,75,76,77,78,79,80,81,82,83,84,85,86,87,88,89,90,91,92,93,94,95,96,97,98,99
0.0,4.928190576863454,4.927144818078297,4.924896812450301,4.929916321459333,4.929131854646397,4.928922674038094,4.926517416071091,4.924374093959054,4.92803370597157,4.929654825586285,4.929811722277866,4.928242867715581,4.926674262827776,4.929602527243924,4.926778828719312,4.9270925330519075,4.928504326137456,4.929916321459333,4.926987963831379,4.9270402483029345,4.929236446615047,4.928922674038094,4.929131854646397,4.929445633881337,4.929079559078199,4.9281382862887435,4.92955022917898,4.9276676836000695,4.927510821030669,4.926831112081205,4.928242867715581,4.929654825586285,4.928661204519574,4.926778828719312,4.927353960958013,4.929654825586286,4.92730167482196,4.9270402483029345,4.927144818078297,4.929445633881337,4.929445633881337,4.929445633881337,4.928765791494734,4.927510821030669,4.926778828719312,4.929707124206064,4.928452033898249,4.929759423103257,4.929445633881337,4.927144818078297,4.926883395720513,4.9268833957205125,4.929654825586285,4.9293933366486415,4.92955022917898,4.927929126764062,4.92949793139145,4.929341039693359,4.92955022917898,4.929602527243924,4.929602527243924,4.926778828719312,4.92730167482196,4.926778828719312,4.929654825586286,4.928922674038094,4.928033705971569,4.927353960958013,4.92955022917898,4.9267265456348355,4.927981416229108,4.9267265456348355,4.927563108276387,4.9272493889633235,4.929707124206064,4.929811722277866,4.92955022917898,4.92955022917898,4.927615395799521,4.927249388963323,4.92803370597157,4.925680942202689,4.929759423103257,4.929602527243924,4.926674262827776,4.92939333664864,4.929811722277865,4.926569698045902,4.929131854646398,4.9267265456348355,4.929759423103256,4.928765791494733,4.92730167482196,4.92955022917898,4.929445633881337,4.927353960958013,4.929811722277866,4.929393336648641,4.929707124206064,4.9272493889633235
1.0,4.913833014069074,4.9167818595000385,4.901230105982619,4.929916321459333,4.922038700290759,4.911190125943637,4.917404755869714,4.909330716841038,4.9150060089244345,4.928110289406131,4.929811722277866,4.927113086933497,4.910065666258105,4.929602527243924,4.905267035854855,4.918634438216293,4.924655902117683,4.926907670447096,4.907728316818974,4.914347161236309,4.9233415160489855,4.923791516379968,4.922038700290759,4.913877149898369,4.913905279164755,4.917380610781866,4.924394535544624,4.918891762992678,4.910411179268748,4.905319219963088,4.9088128987514805,4.919265318366213,4.9221712764717385,4.923690785792125,4.9229514088485455,4.920366474900609,4.914636410154814,4.92560064238041,4.918686684494578,4.929445633881337,4.919056328092178,4.929445633881337,4.915134569673798,4.9199523650024135,4.906195027259368,4.929707124206064,4.911551488540609,4.901912535325449,4.912728327920616,4.924189246819577,4.926883395720513,4.910274476382314,4.929654825586285,4.9293373696100815,4.92955022917898,4.911916969236238,4.929469948426321,4.921962232678931,4.921206421835705,4.929602527243924,4.9245755991509,4.9141463346647996,4.9077846836056205,4.907519541725493,4.929654825586286,4.917304229537173,4.925021826972355,4.919011927248954,4.926541685110753,4.911427113136988,4.920254201871986,4.913796799029778,4.913700441079549,4.911455270053536,4.928999276004139,4.929811722277866,4.928110289406131,4.923655139638544,4.918666446728123,4.914841304316854,4.906612509152685,4.8998784006597536,4.927583681599801,4.9287061318981715,4.911704036907478,4.9169666695226795,4.926803101821024,4.9099612628609774,4.9291561643147235,4.913061661774988,4.929703463560394,4.922275800032813,4.919558548123523,4.929522246749235,4.919056328092178,4.917489042545023,4.901964698175359,4.926541685110753,4.929707124206064,4.924346058561319
2.0,4.84559655296566,4.88415537339318,4.8348600013404095,4.906058240412053,4.894837270653322,4.863187048934029,4.861911123970301,4.884032206685887,4.85648636611639,4.894025581784187,4.903766625123055,4.892965059885388,4.861107757023735,4.903344972412867,4.870979824345984,4.8840369139413164,4.891988369438982,4.906182397154927,4.885992534088496,4.878564934024833,4.884188368463994,4.887569325620171,4.894837270653322,4.893064808306347,4.869405777054075,4.862048586631932,4.886977227923981,4.879317344386131,4.8695401652576304,4.871031849582486,4.871634085881739,4.884126829345306,4.892921965629876,4.91076836140943,4.900654309068105,4.895452422332753,4.8601985005130945,4.87653501257121,4.8840889965852465,4.918473780889592,4.883918513261206,4.879393587063129,4.872845593674208,4.877046574788676,4.860229429398399,4.897466424599262,4.884292629374388,4.868922530746282,4.861827710205063,4.887971659507775,4.876536022935781,4.861315667709084,4.895257311359031,4.8988091201453585,4.9067282958090255,4.872162871351822,4.872135794561935,4.903099502830584,4.889909372862959,4.8952051821630365,4.889132347460397,4.877097760796915,4.870555154002438,4.885784167312364,4.905797316646544,4.888000598282944,4.889719310584711,4.887720981090211,4.905817086867401,4.87093435002804,4.895215587929498,4.854191867003243,4.891605374437512,4.86970446503293,4.910659837744453,4.914732842225263,4.879033437423399,4.884500836531758,4.898889533638275,4.884770791195508,4.847211034699894,4.861102542906745,4.9024409331096965,4.9080414877856,4.896983886757108,4.8687835612931485,4.90607802139922,4.861003803348348,4.902927613178056,4.891994010870933,4.899174207634124,4.893026209529241,4.900134797844582,4.872187815754156,4.883918513261206,4.889099397495163,4.868974545676169,4.897053720224009,4.895309440832587,4.910603524432615
3.0,4.713053364962487,4.697589161642761,4.677652975276624,4.823251570755409,4.8004407122769654,4.743749295064212,4.71497645930219,4.781946962220345,4.765101947851305,4.821044218086849,4.7851704424156125,4.796805973391161,4.7511159022932805,4.78427921285737,4.775829598758412,4.791597456219448,4.779886341228878,4.802746987345299,4.778864471744934,4.780267684366708,4.778686669865956,4.772640673609706,4.8004407122769654,4.802492220715933,4.778357643918992,4.75345687240109,4.822971383983571,4.815187506347363,4.7225930587139,4.775881165378186,4.738190397910346,4.791929769143324,4.7630122612964385,4.8045345475591015,4.808034475574402,4.784206585349146,4.768863602477372,4.800933957148225,4.79164910247385,4.872289259400686,4.791723177035345,4.7597257036109015,4.741979723937422,4.780013463736527,4.779979184157799,4.782804147512904,4.780729670655553,4.749743180216027,4.749920727641697,4.821591075207768,4.794301461845467,4.751321757650024,4.788532040708564,4.792798933412229,4.8213153967058515,4.746496315652677,4.74897770831741,4.789684918215812,4.793447960044755,4.78848042276566,4.803193352890427,4.773900195085809,4.752350542921612,4.77865815605782,4.822992631338602,4.76371916291124,4.805561705307587,4.791278792138185,4.802385107952291,4.733326589938208,4.802061815915538,4.7063994215286975,4.797048510805129,4.740315635583677,4.8449745376094855,4.834686187643388,4.803415607664283,4.778996113513081,4.826138917058476,4.7450721954983575,4.689997564711954,4.766758451965291,4.810381458009769,4.814796185055817,4.802158662349767,4.747308631593806,4.8026435918417825,4.751012976287233,4.825294404057495,4.796450975665536,4.793160489388315,4.7631152698446595,4.7813476581194205,4.749029133816503,4.791723177035345,4.7733768884747745,4.749794628767997,4.8007998530618625,4.788583658929675,4.821323260681009
4.0,4.414124642182873,4.4089941849695204,4.322258027748038,4.6126168239510665,4.564084894892791,4.406186929326938,4.443036415848819,4.529739631006991,4.511075628572233,4.598566898081337,4.48866556320521,4.583158229784318,4.451721493724008,4.5262450455996905,4.545531675956896,4.590318206071124,4.559186732944986,4.498020006112687,4.549302729112445,4.520113485539932,4.542878032903793,4.536656830338507,4.564084894892791,4.5993585057560615,4.574659342922788,4.452603588482227,4.630212931913629,4.587331359275032,4.417087583143584,4.545582130428876,4.518017096735876,4.543224448816687,4.491407838815941,4.610633042136736,4.585729872929234,4.549821305730833,4.504252099090883,4.543339981309872,4.590368890436037,4.673230075943742,4.543022668975987,4.47977306461754,4.41313523888804,4.534583442950575,4.5258101238130095,4.54208240860737,4.540445441882373,4.463293821296787,4.495409118876195,4.565600181604728,4.512688704576524,4.451921613816753,4.556328665763852,4.519802000070023,4.578602507687393,4.509034151412313,4.4866274907389565,4.56190444445978,4.510159426553155,4.556278167678,4.601314420024127,4.590222504764988,4.4708920897885776,4.549100846312121,4.6123629154096015,4.48273400721729,4.563414444409587,4.508047905186548,4.497668469808617,4.469385619567293,4.518985344182874,4.422307896120666,4.53239775561548,4.513683343550101,4.605560769885747,4.633818339783642,4.545762167418863,4.543180711513617,4.583743054394788,4.43962886796826,4.373677724054929,4.546754121603644,4.605808379729151,4.6480184906283,4.627314383213622,4.467000346427822,4.497919565766887,4.451621435364362,4.6209997264151,4.513476851815715,4.520154265304726,4.491508218369485,4.550844915204825,4.486677654985335,4.543022668975987,4.4828248897720355,4.463343870146107,4.513798943953235,4.556379164129543,4.575888259994356
5.0,3.9170426922994825,3.812311781545716,3.7296651568622847,4.219188727676012,4.077241159713913,3.8554501228943496,3.9060428217993715,4.099716023886353,3.9692142124914565,4.100275407378549,3.9095739476600535,4.178313773337071,3.8826564777208374,4.024966109087282,4.041505200958158,4.1355120305753275,4.117653784991381,3.964822814182486,4.072014691363011,4.0767188466987525,4.1226762483116834,4.008778518950535,4.077241159713913,4.148889573899186,4.131465297003533,3.8864275289261943,4.147587186466363,4.191650203689101,3.827385968618784,4.041553107802207,4.0615856077689685,4.067813458812667,3.9821762342237115,4.149061980406157,4.161238217769596,4.103432121588381,3.9926571862945863,4.088510165527974,4.135560411161503,4.176962008420472,4.0676212090155,3.966000671862884,3.89706784568585,4.040885469273251,3.9991014779690173,4.134660402571876,4.108965540856383,4.004326897611552,4.02303554565068,4.089028722806202,4.086062761610707,3.882844977923028,4.1146974451102345,3.9988155718522833,4.089977372604458,4.07148073660501,3.9744176294690545,4.048406709899169,4.006141240147117,4.114649137073134,4.165944254176216,4.138269408776923,4.01299886474782,4.071822483735587,4.218944524211547,3.9023373171688442,4.0729547976676415,4.004135949415107,3.9644900602259536,3.9289660710661756,4.056905047158701,3.9417967237141713,4.006631270844076,4.143771810148561,4.2103681786015565,4.165881673827539,4.090823843556039,4.122966259361554,4.068134126513858,3.9170328160357717,3.7910857844968535,4.150529924331592,4.1327691136639535,4.244885551261408,4.244371631512334,3.9759864200175703,3.9647277401985748,3.8825622293356163,4.189050050831297,4.059556238241963,3.9991494852415923,3.982271478811946,4.102046856618076,3.9744652052064153,4.0676212090155,3.8965904578643356,4.004374635372121,3.970081394379197,4.114745753430913,4.107039341231529
6.0,3.2556396494223203,3.113386884438129,3.0689549152289506,3.6005277460441896,3.3869051702597757,3.1688212913394485,3.283734160887377,3.389935952420014,3.241872887698826,3.453381412087576,3.111012945738138,3.524729048182231,3.258792765253302,3.2807142634002817,3.366518159146031,3.520646462509665,3.4949446465706138,3.1988873114509797,3.431282793940019,3.4332259159709966,3.5131315397467326,3.329498757252052,3.3869051702597757,3.4769454626934313,3.4249570104109295,3.1957652703216346,3.491813287684494,3.5946372056761886,3.0472818986959984,3.366562455000468,3.4026612584110523,3.306662584384465,3.2723193521547755,3.424377970347192,3.534812745466503,3.390865028841581,3.2518334238553495,3.3874002416599613,3.520691589022872,3.532943345986234,3.3064869281584413,3.325504284582174,3.1976890628273678,3.3392728064148525,3.2844006838941766,3.493552480333855,3.4220743871254933,3.425886903249996,3.3567907011023768,3.4372441152438107,3.3632239499864314,3.2589677281211076,3.3857397456746505,3.316852272453295,3.3488603274980377,3.4436025385770868,3.2469774997064644,3.3511664391096057,3.2237820698997366,3.385695374390482,3.519109356087296,3.4118659268896043,3.351968082143891,3.4311042382282633,3.6002998580508514,3.221302227437431,3.4275492321644174,3.221956451095687,3.1985840572935973,3.254365858284563,3.3928684301692686,3.2710207678974164,3.3853695869504863,3.546421575182982,3.503968737908893,3.4718308926155004,3.3895320087788603,3.5134021431735114,3.352701444673532,3.2585278629179033,3.1478974111704043,3.519415701995407,3.4837242915515874,3.5568581331316493,3.5874654764558374,3.3026738496738233,3.1988006659391863,3.258705285580664,3.557265049505311,3.3787223231522505,3.3171604902011924,3.2724068619485784,3.4190719107197887,3.247021114178452,3.3064869281584413,3.200252127684119,3.425931590431398,3.3268158338277907,3.385784117249571,3.4061392276405957
7.0,2.638792474903087,2.5452180290955635,2.4976906982831175,2.8579167883608396,2.7458667221608817,2.5690989927035215,2.7058845407574315,2.752946218582199,2.596718877481912,2.750580656030354,2.503328562981508,2.829257318666843,2.615686908198237,2.6049763839181077,2.6940935533578383,2.85656078134046,2.86971593384094,2.541658827720785,2.8252272219613372,2.753257129893636,2.887681686666921,2.6512738075775157,2.745866722160882,2.7767319084928976,2.7555569813079512,2.6007034799366524,2.7986965566862625,2.8920483138094735,2.4735327734816064,2.6941339247430025,2.714460129530127,2.6191798392103505,2.6003028594702164,2.7631732721191407,2.8878692435938778,2.7260086193103485,2.5938012332727034,2.7222082284580273,2.856602095598838,2.822377838873993,2.6190205495582304,2.667493017970199,2.542032735332596,2.6940867045576646,2.6303160206110765,2.758750055834133,2.723077212310399,2.723684124948443,2.73474890769038,2.806183089574101,2.6809883691906777,2.6158464268350663,2.7069096469045304,2.6554456525618115,2.662064582829706,2.7878255239648615,2.6054712946779155,2.7247706366177216,2.549309165097115,2.706869271331347,2.80944856638161,2.8030793910197707,2.7557865630243676,2.8250626332342423,2.857710433873695,2.570734126422155,2.7608869659094992,2.547653718390178,2.541383015504435,2.5964228013648945,2.7167368167571277,2.678045996716765,2.723205420580385,2.920604931492556,2.787880352212103,2.7974711754427126,2.724153791966552,2.887930821617125,2.667932464976875,2.6633537001562706,2.5478407210842327,2.8139564219378137,2.817966523767915,2.8095142090301883,2.8786557046623873,2.6378325940507747,2.5415800227032648,2.615607150703823,2.8545455875061014,2.7290469649202036,2.655726288314482,2.6003823502643995,2.7506077092909393,2.6055111256188126,2.6190205495582304,2.575835764905792,2.7237246268815776,2.659089894945981,2.7069500227788326,2.7267262526773988
8.0,2.222891315757746,2.175858640087195,2.1505102917434504,2.374669974251214,2.3270929343954605,2.197250872040681,2.2680897631415955,2.3116173790059213,2.1743857702374694,2.2560776559718208,2.100823515175754,2.303888192204187,2.231866941119946,2.1454591843514237,2.232585025336627,2.422192629840419,2.349018721092982,2.1320628853261807,2.3426230454237404,2.301360063906912,2.400418259002717,2.215710422453249,2.3270929343954605,2.2878464098793474,2.2851102812840045,2.2285274332096616,2.2927148418997603,2.4244859300074273,2.107711340447754,2.2326225640197594,2.2481501844051786,2.2098851410179283,2.1682490643110657,2.27937653601704,2.3645466839494302,2.283943215230339,2.1880161051340465,2.2345518587749083,2.4222313117363483,2.3266304372900897,2.2097359366097296,2.260376221209844,2.1680610244565663,2.2477347603741302,2.222386702086362,2.2932881498050004,2.2719035622860333,2.2838771805088225,2.2315227865256757,2.339090687624291,2.218670772668382,2.2320169977266957,2.280731143239629,2.2017987545068203,2.1937717307531597,2.3401207505466117,2.1959005951269446,2.2430696824675325,2.139097935057552,2.280693365433713,2.3075138433031794,2.345421495311946,2.339753826726991,2.342470512282826,2.3744783086292403,2.1816632427953713,2.2622903806821992,2.1375504406282864,2.1318051507952167,2.201774600599851,2.2579208654444827,2.278646552161902,2.254165623981154,2.501104654874991,2.255169240735369,2.307106752806122,2.2363518148892116,2.4006496060358176,2.222071496081624,2.2097451436315856,2.1495071031115422,2.311755120561101,2.296315536186875,2.3071062283647317,2.372832836209603,2.228525863845442,2.1319892452990614,2.231791914708168,2.324657327648962,2.28903894741747,2.2020597294215105,2.1683231317109475,2.3065630571096842,2.1959379046836203,2.2097359366097296,2.1665309978665563,2.283915001968032,2.19250208906013,2.2807689213584212,2.287862329747468
9.0,1.9898546678135458,1.9570736256390815,1.944921200465705,2.0696941308493257,2.0529869539145116,1.9744038400781916,2.0184427349585414,2.078146136166811,1.95613925646181,2.0128801124616755,1.9032649599046636,2.0382235461644704,2.008272091466142,1.9172953146106209,1.9725144603098672,2.11193124514357,2.044863998461843,1.9194650643828384,2.0541771922970633,2.0274435869013896,2.087604034762502,1.9725490010017994,2.0529869539145116,2.0106236445064094,2.0351321012381596,1.994990796460807,2.008621469071488,2.1165298928285026,1.9175777071970228,1.9725503782493174,2.000940286616837,1.9929184389739918,1.9215982747129623,2.0224939688147656,2.0564837208980773,2.019029016581016,1.9615051198268916,1.96837938125194,2.111967964643965,2.046653754042473,1.9927743222268155,2.021135588979006,1.9461121835140844,2.0097166354911846,1.9693076066225181,2.0334561780489517,2.001365439360522,2.0043246276810556,1.978666060833116,2.0351441177221203,1.9751795532895766,2.0084167275547853,2.0247838794226025,1.9778855408731248,1.953269932627168,2.055489735800549,1.955927236489343,1.973857253997556,1.9329310638642259,2.0247476278928596,2.0215191363635805,2.0752565996385455,2.0846478150091516,2.054031820428293,2.069511811873472,1.977377821334564,2.0035349524024904,1.9314351113016526,1.9192162298615654,1.9945115497051114,1.9864966963755597,2.0270008342091397,2.006084790164008,2.217241682619705,1.9794442939770804,2.0365300018483925,1.9700986931392042,2.0878234937936,1.9716359281214708,1.974246170969466,1.927045800545834,2.0187021038551936,2.019558452298335,2.003134792636693,2.0976317774683784,1.9855616815574553,1.9193939671593951,2.0081997753748833,2.036275328147393,2.025037107119504,1.9781371448142655,1.9216693279132264,2.0217448958507243,1.9559630627773368,1.9927743222268155,1.9245783310040103,2.004360693712728,1.9627650944385118,2.02482013127687,2.03796954796374
10.0,1.8675999727307706,1.8359140300242782,1.8416879672373305,1.908734709582071,1.8936510601443346,1.844229468315053,1.8741016928443972,1.9248389429047414,1.8382799504512355,1.8809742992636995,1.792111655228284,1.8799260936348356,1.865323686581907,1.8000195043950153,1.82611649685859,1.9666921009035228,1.9107873867388725,1.7906029989318384,1.9090583410557767,1.865359470959148,1.922933512533103,1.8491282431620246,1.8936510601443346,1.851923874240598,1.8927739371484762,1.8451140946437328,1.8756120614934157,1.9644120484930814,1.798671953578349,1.8261515630643328,1.873017558389677,1.8484942973823402,1.8004966981900707,1.8784416451966368,1.908268701321618,1.890695935161733,1.8451583348512728,1.836029102364441,1.966728012873482,1.9010296787173226,1.848353607111446,1.8838484527541337,1.8327499009113672,1.8781930998432264,1.852538276475389,1.889122739188144,1.8751789045814566,1.8462584196098606,1.8277050296225124,1.8788549046386498,1.8493307002215265,1.865464952161377,1.8906474096939394,1.8386804344700114,1.828760583967335,1.9111267416428983,1.8385370167434656,1.838457028273828,1.8195450269334599,1.8906119333923506,1.8803735473147358,1.934888518400789,1.949787837773867,1.9089163244412783,1.9085571189988857,1.8478181429105938,1.8783306713761163,1.8180738950488917,1.7903593356691916,1.873172118785372,1.823094000749963,1.8907422093143569,1.8678676730720236,2.028657937677126,1.822644489204167,1.8792885787849964,1.837711490755648,1.9231469583662757,1.8423899825514785,1.8378021026641427,1.8241380329370847,1.873720724373601,1.8588511172717366,1.863600336533519,1.9417505680232006,1.8435698308255108,1.790533379164976,1.8652530557980447,1.8737549833497902,1.8549834145731257,1.838926117153977,1.8005663903401778,1.8686408918077586,1.8385721847039982,1.848353607111446,1.8085954828488253,1.846293518078454,1.830955532259459,1.890682886328372,1.8756710628933368
11.0,1.7239385273730579,1.6865678848788566,1.714283214134464,1.7470442758094105,1.7407439718555893,1.7116458227687346,1.7187199488978178,1.7628224120604885,1.6989807090697737,1.7293533900509113,1.652614829636675,1.7158312399637345,1.7243100101063555,1.6577427865218084,1.6945195165934301,1.8048289837886267,1.751957711489126,1.6549205261773394,1.7562521968947264,1.7161244094333028,1.7629639448129866,1.715794661153583,1.7407439718555893,1.7091564336345861,1.7310231821096498,1.7108361382755268,1.7151736205795733,1.807713525683794,1.661327930193477,1.6945540910391705,1.7435582844842263,1.7059376039850507,1.6642781899837098,1.7464172405340168,1.7357765745618607,1.739365628474677,1.6931318806208222,1.7043340577143793,1.8048641658116138,1.7129647918899007,1.70579923049247,1.7289695780388712,1.7009010529394712,1.7235095848703392,1.7029398123234032,1.7475330321530982,1.7348107384966127,1.714070150769638,1.6934968861662807,1.7178615690438765,1.7143729895274407,1.7244488937606113,1.7331764625457726,1.699313717085445,1.6781553875173778,1.7578128260397081,1.697571463965374,1.6996476043504753,1.7084185118818056,1.7331417231108575,1.7424461481387714,1.7704137162738518,1.79454587691048,1.7561128532711063,1.7468702821460529,1.6878008055662626,1.7350910947780755,1.7069609058072297,1.6546808649740505,1.7481259216318252,1.677515457521328,1.7561262913217646,1.7054527472582015,1.8188018076491888,1.6594244421828888,1.712433172197523,1.70599348346187,1.763173097323829,1.710456703896917,1.694800821727278,1.6927117469273143,1.7204543993806245,1.7209210405166016,1.7119408021841527,1.7622850145485247,1.7115995687674925,1.6548520497769292,1.7242405703765769,1.709044410052538,1.6980115762948376,1.6995553457107961,1.6643467182794276,1.7090252352961979,1.6976060551587744,1.70579923049247,1.6654444873924354,1.7141047576503659,1.6957697466729378,1.7332112023288466,1.7371168090530118
12.0,1.650078694728118,1.582979017901246,1.6317091881990347,1.6453849975700927,1.6238003833752304,1.6191603123525253,1.6175102762300477,1.6672230643026074,1.6018465530366799,1.6314270824196884,1.5622287713151126,1.6159793723569367,1.626764938410707,1.5619919524936168,1.5894516484767436,1.694995771356119,1.6438563986482564,1.5606201435047582,1.6375933804788174,1.6049336851893574,1.6441182975767634,1.6118106224339817,1.6238003833752304,1.6092958928579773,1.6275308162645632,1.6070035100238245,1.6055717538596774,1.6844405693085658,1.5770811406097665,1.589485805441279,1.6546548231029747,1.5965459713817798,1.5749792533667184,1.632351800838685,1.6194178264678258,1.6362630878132376,1.6092334940164579,1.5935888159113674,1.6950305121730183,1.6074706350596126,1.5964095115454027,1.6286487869124573,1.602739592603478,1.6171708540741958,1.6137159323016237,1.6397756986288832,1.6354258897858447,1.6089011334008891,1.600795223683089,1.60247117850079,1.6271950846856418,1.6269024299007808,1.6270309234930278,1.6011214224651271,1.5837167538089276,1.6421096650768496,1.584404643842505,1.59434466241759,1.6218801613213545,1.6269966068148813,1.6400637862518928,1.6518463107656212,1.684452394026864,1.6374561826420413,1.645212690611207,1.601837130195935,1.6343180967500455,1.6204331153965976,1.5603827855399952,1.6504139776197622,1.5850062380576093,1.655106911676849,1.606442830577283,1.7076996786495022,1.5526463917583824,1.6025338568857637,1.5952256091436192,1.644324340348361,1.6105365858379146,1.6065155613848128,1.599418837210326,1.604830650514892,1.6223235321462146,1.6149633116590196,1.6559370124256823,1.6420218450589144,1.560552325101407,1.6266961948444314,1.6163745160374074,1.599810330071363,1.601360509237458,1.575047213636543,1.6022816736235803,1.5844387223739704,1.5964095115454027,1.5719024499563576,1.6089352971940327,1.604403162140162,1.6270652405330748,1.6332473449340177
13.0,1.5639725819614543,1.5073919635008595,1.5656161553751562,1.5546021239511807,1.5453261178714546,1.5416176448673955,1.5448195488794672,1.5935082239014313,1.5166535169742918,1.5607658600692786,1.4897201763174466,1.5436290557670678,1.5473825001654047,1.4715407503683327,1.5303654877864061,1.6101901330440702,1.559367825451138,1.4807257427906944,1.5715959187658972,1.529570562489584,1.5746041014745953,1.528767015807543,1.5453261178714546,1.5266510817098327,1.5488184943812258,1.549483778428608,1.5218620884925593,1.602534310092004,1.5046216654086557,1.5303995801923593,1.5674930128410103,1.52929218351842,1.497139351611787,1.545426105981455,1.5352473243743079,1.5622947394993907,1.5357421817639443,1.5284570187290307,1.6102245401027315,1.5125919218667792,1.5291564304563248,1.5466699668258521,1.5282960847000588,1.5403701677294306,1.5372783024498264,1.5677005974471732,1.5593777717798547,1.5305610263379292,1.5098890302613968,1.541226325929115,1.5373330351839192,1.547518743396698,1.550333971061644,1.531010105132065,1.5029189831973437,1.566294978177113,1.5015945588253503,1.5280348337304148,1.5535042525510139,1.5502999178078753,1.5673342841652211,1.558262398926889,1.5950778215942139,1.5714593369342977,1.5544317892621857,1.5387856574285157,1.5480443497742338,1.552064966046587,1.4804906763096182,1.5916402529894629,1.5153239161964198,1.5680582114679191,1.5286819142816892,1.6080715064710516,1.4845825482739452,1.524376000452016,1.5300867751891833,1.5748091992646012,1.5351286348691697,1.5230990462905534,1.5355552304827114,1.516854546239877,1.5358401875366585,1.544024626811951,1.559529314188085,1.562574585820671,1.4806585790348785,1.5473143807988865,1.5300431299220605,1.5332471237087317,1.5312478462122807,1.4972067046130992,1.5223432420759107,1.5016283099182026,1.5291564304563248,1.5013803387508597,1.5305949057344395,1.5298114655569557,1.5503680246894085,1.5567262269655822
14.0,1.5440362033434474,1.482201356682556,1.5396552583350296,1.521974697118623,1.5131192955462331,1.5187868395214668,1.5106284150014,1.5631178329269593,1.4855462339119796,1.53038959612086,1.4717114716426016,1.504769853612097,1.5188443183930125,1.4494008793121869,1.4823427495572425,1.5742666070243971,1.5457012487585253,1.4443554126288405,1.542764451011115,1.5066495646552853,1.5444078934523071,1.5076300638404518,1.5131192955462331,1.4953598186355954,1.5064997162229832,1.511823509072511,1.4924393431577845,1.564999984320509,1.4699649138285689,1.4823765738859496,1.5438787798637512,1.4973132825964932,1.4685004454967197,1.5059993476018363,1.4994711769037108,1.5390105463697972,1.5082592534803736,1.4932628731427802,1.5743008579473072,1.4796254237396615,1.4971778924677024,1.529314329145481,1.5026303167140322,1.5045243860007438,1.494946901538471,1.5313099361569984,1.5553840000648063,1.5048603392570676,1.4839869302171105,1.5051780776871246,1.5085531432610264,1.5189802222320976,1.5144468860284928,1.5026542736151802,1.4743165313895794,1.5412111658972414,1.4775554548707335,1.5022550401736992,1.5302045428519218,1.5144129881535136,1.5361102291250266,1.5098945525497793,1.5567190864353744,1.5426281448319803,1.5218047968952555,1.5255059866744936,1.5204835250711441,1.5287664773073941,1.444121613039951,1.5498087177175115,1.492527382694971,1.5272746029792539,1.5042412687279678,1.5685785026968484,1.450024499252502,1.4977781635690424,1.4948855990033314,1.54461248014467,1.5036150162426178,1.4990003143216406,1.515222344704433,1.4778457049527614,1.5066499965217117,1.5043257198180744,1.5128857771783193,1.533299768969371,1.4442886108152553,1.5187763687534552,1.4924609076015571,1.5032451319892977,1.5028915406137855,1.46856763146226,1.4910593971556505,1.477589176117855,1.4971778924677024,1.4825956629277879,1.5048941991437605,1.4995371902042496,1.5144807842828443,1.5257342565154282
15.0,1.5159037186408966,1.4735552480356293,1.5180679943377624,1.4966306069508601,1.4881215787277096,1.4947228153400567,1.476717659376762,1.543556482941104,1.48023311796502,1.502345095025124,1.4563478452484184,1.4856550423485169,1.4977079570208363,1.4224793454442752,1.4601577844834013,1.5355803659943308,1.5134601308257554,1.4290069486212855,1.5142217308084984,1.488515471703996,1.5115450505221295,1.4917702009964773,1.4881215787277096,1.482065361231077,1.494587607320503,1.4881289461711178,1.4711396927386433,1.5294850341137518,1.44440481636517,1.4601915642971566,1.5243747520381075,1.4842811276954129,1.4597130193295944,1.4747224721736367,1.4788551102623748,1.5172171978662041,1.5003226315493057,1.475938009469049,1.5356144190585788,1.4658499739074726,1.4841455211788608,1.49757311855241,1.4803754305927694,1.4810513891586454,1.4711745056933396,1.4978789324607102,1.5525396424845364,1.4877765871032245,1.4640579638923472,1.4789205035337625,1.481331990101677,1.4978437388894477,1.4910980119177795,1.49077790217291,1.4478529841527088,1.5134154329704779,1.4512001562673387,1.4783687899743074,1.497511238738108,1.491064151607655,1.5228367312813906,1.4829091456620334,1.537644417527445,1.514085789008023,1.496461081432983,1.5030600151910758,1.4998711867469672,1.4960805118710996,1.4287730453546854,1.5352287440771235,1.4804599535047558,1.4836712711858207,1.491226375181033,1.531607985096378,1.4260502594849942,1.4715015719791416,1.4775613686748632,1.5117488383206805,1.4895164897648947,1.4667580359449883,1.4900522958713158,1.4606200472339055,1.4818147573361566,1.4709497856715354,1.4960182460955211,1.519993673467352,1.4289401171630234,1.4976400683945423,1.4694121632926342,1.4733982620429198,1.4910158080815157,1.4597804153251681,1.470995714299832,1.4512337630608618,1.4841455211788608,1.4708480313962955,1.4878104542795016,1.4881701707058035,1.4911318726123635,1.4995483932511864
16.0,1.4971373535006334,1.4707226409165775,1.5016491314915223,1.4785990861906222,1.4767049868741604,1.4939025789411196,1.4726677827859018,1.526426098258566,1.4743948957329491,1.4865937768368451,1.4461175187399238,1.457138163243999,1.4822485587198897,1.3988935508097338,1.4428587589653454,1.510546698029667,1.4914640447754883,1.4222470983333786,1.497811473043358,1.4665724239410873,1.5047770363294446,1.4899222855306922,1.4767049868741604,1.4693245682524863,1.4833500062397753,1.4666266463481132,1.4694444117176044,1.5203324952449624,1.4346531840275671,1.4428925371094472,1.5092828814682073,1.4671872281153326,1.455347325605978,1.4544941970552185,1.4578459258367584,1.5048357917437503,1.483056506128891,1.4688910488916147,1.5105806511014308,1.4522774805217333,1.4670516755362972,1.4702553125725364,1.4584510217486886,1.4618001524237811,1.462859992213832,1.4758404032769612,1.5415089808328244,1.4711644119938723,1.456204757456354,1.476155289212093,1.4715664470336773,1.482384356391281,1.468391101395057,1.4876310650629947,1.4470641355877574,1.5038082170740772,1.4397745420491015,1.4731044736311554,1.4894993238610152,1.4683573163469101,1.5061463689164576,1.477991398102828,1.5280249300364641,1.4976755446940315,1.4784296066208,1.4938270583816147,1.4659374837278625,1.4880647319221645,1.4220124884354424,1.5370097178813342,1.4623451131582768,1.4684926456269543,1.4874699474792812,1.5194394871194614,1.4177982211598097,1.4512078734002436,1.4705182720292445,1.5049816148128368,1.4852003895471504,1.4441380738776184,1.4894060209593913,1.4564073539760223,1.468744723827102,1.4524434004023563,1.489310636840732,1.5012218904143413,1.4221800649592855,1.4821806622168194,1.4547377259650014,1.4557128392384404,1.4878700323434513,1.455414937560701,1.4542781586723812,1.439808196384634,1.4670516755362972,1.4674140884592055,1.471198272147318,1.4818912958827883,1.4684248868318752,1.4818188100337402
17.0,1.4852241379536508,1.4760405030253916,1.4994124199323562,1.4624121688386196,1.4519751991283765,1.4977124285771815,1.4745029743032143,1.512762110255928,1.4658658575875039,1.473816176912507,1.4582550635743827,1.45243180837788,1.4887641098893856,1.3936549500810307,1.4275015717961284,1.500894451904709,1.4893480676362534,1.4230051762791072,1.5005172186136868,1.4676824723617579,1.5068266882154815,1.496006494583312,1.4519751991283765,1.4568591936316588,1.4731053506316216,1.4475940339776505,1.4663161048756461,1.5018652334204232,1.4257534737053494,1.427535333045157,1.4941197405975801,1.45902895467853,1.4449306915303697,1.463478252864727,1.4538077377762701,1.4911568601548972,1.4815980046348907,1.450520384104216,1.5009284408977477,1.4367060868862684,1.4588931947470238,1.4645158593632557,1.4604669218944868,1.4522960864295005,1.4595836678913858,1.4630360673229268,1.532869846132827,1.4661918520093447,1.4446702184779778,1.4712850900444,1.4602478905041854,1.488900808190404,1.4639617807989371,1.4840127772126241,1.434449395445629,1.5060384930750135,1.4353696561482938,1.4712800597867233,1.499252774133718,1.4639278886759188,1.4946161398340412,1.472753712166882,1.5285238754455313,1.500380525250792,1.4622428582009184,1.4879716574705462,1.4630211789254846,1.4978075288852128,1.422769421873269,1.539321532226842,1.4615550352408522,1.465837422157875,1.5013938875184225,1.526241452907914,1.427433153872217,1.434111280046232,1.452144422754254,1.5070323328365072,1.4887968695584621,1.4388584299374134,1.489962005315197,1.44602246036178,1.4532379513942901,1.4483967573413576,1.4860899969222057,1.4941147502050631,1.4229378158845043,1.4886957630922002,1.4540142629301733,1.4617227764532155,1.484252455800211,1.4449983547290182,1.4601106627741518,1.4354033924420435,1.4588931947470238,1.4624631545504752,1.46622578790417,1.4781750744651905,1.4639956733142776,1.4780611234439454
18.0,1.4883614168873807,1.4640785215108763,1.501257823167327,1.4660452204868664,1.4488253622500427,1.492605447164353,1.474096048451242,1.5039955511546907,1.46325946324565,1.480115194103755,1.4694453489925718,1.45904804151388,1.4693281236656879,1.387884781620875,1.4224579071245205,1.5205691174789568,1.4972331511728452,1.4327491349375345,1.4856414610170938,1.461529291901699,1.4926435979532722,1.4989260892129166,1.4488253622500427,1.4483422021175827,1.4666674333614111,1.4513871249568036,1.4525679730435865,1.4940957601293967,1.4276795056138465,1.4224917375134822,1.4942122239942914,1.4714431489268605,1.4583301419676649,1.4743157277198986,1.4503708518089353,1.4899384885595415,1.471674823851449,1.452586215490576,1.5206034633528946,1.435081020412112,1.4713063691031862,1.4497519265774104,1.4431555230692967,1.4613021571244615,1.4651800054739805,1.4624803766882672,1.52923786042923,1.4630601415397362,1.4287187309413005,1.4795758118925857,1.4579851885994475,1.4694644977170488,1.471583455808402,1.477573742716885,1.4311711800207865,1.523461276738937,1.4474190042792228,1.477221698844639,1.495996090419717,1.47154936000368,1.4907101937543423,1.4858137030781848,1.5314373153247645,1.4855048644387874,1.4658750538402123,1.4899485493024982,1.4677103829528773,1.494546983380552,1.4325117886846022,1.5416979053719517,1.4762496713121167,1.4710315478392664,1.4748130116829676,1.517909347974224,1.4370887443117195,1.4172025388990719,1.4542169986236388,1.4928490971748853,1.4901964080706482,1.4406377122283796,1.4982447880162095,1.4446246424249543,1.46642649175275,1.457450924951466,1.4947365507939148,1.489105689764335,1.4326813197162098,1.469259939013161,1.4565352797287856,1.4558435154410532,1.4778138187617051,1.4583983336439803,1.4725958401337915,1.4474530245751214,1.4713063691031862,1.4627418972865522,1.463094185789426,1.4837944260387514,1.4716175520081196,1.48050950875511
19.0,1.4868719328447242,1.4622555193606703,1.5052412213645752,1.4744807568228855,1.4497958680738277,1.4927364137463535,1.472443756759961,1.5170801087118726,1.4792853121811858,1.4807956350775064,1.4759321118602438,1.4659413393456842,1.4763823438199093,1.390944831095338,1.4176341337833052,1.5194181027409357,1.4949473414807126,1.4441576685036859,1.482595950234648,1.4636503524386095,1.4914638920726655,1.5126494347754853,1.4497958680738277,1.4441975291512306,1.4650066101020083,1.4499015485702988,1.4496999365480114,1.486127103435139,1.4378562336815714,1.4176680770999472,1.4888849269437068,1.482634889479284,1.4720508366128073,1.4686182648269288,1.4546182833824268,1.4830548919337836,1.4769237153222234,1.4445461103296315,1.5194525987105743,1.4291761368063227,1.4824969378729873,1.447628445226855,1.4643178208363479,1.4604269515973254,1.4615756468689147,1.4588924731783846,1.5331533746773651,1.463704100553597,1.4333021553888368,1.4829904185463543,1.4580148928775272,1.476519720049836,1.4712107822455387,1.479648144983837,1.4386723047556076,1.5297409081801365,1.4395102517259786,1.4589106643440866,1.502451834979339,1.471176548336901,1.4795619425685493,1.4977879242134289,1.5452691975271184,1.4824587839620038,1.4743093464316908,1.4991674968826005,1.4758569547295655,1.5009924692682766,1.4439183587129603,1.5253105344697138,1.4732555805288035,1.4527205920330535,1.4632090491000018,1.5183934087004969,1.4291602950702693,1.4080274585228831,1.4461792691571314,1.4916703063954242,1.4893318803124989,1.4544182945596404,1.5003941697277305,1.4378760368836956,1.461343301498854,1.4694043969009563,1.4882753811718061,1.4966383850648983,1.4440892922543433,1.4763136581016003,1.455751920908204,1.4684630564349281,1.479889473936746,1.4721196658472213,1.4628419606770797,1.4395443490014532,1.482496937872987,1.45906296410768,1.463738319435075,1.4819714866592113,1.4712450165524797,1.4869120251047703
20.0,1.4949809707414412,1.4661643219417553,1.5247443770008977,1.4805206458798192,1.4579030354231188,1.490266675200596,1.4875055938373556,1.5314548387689322,1.4751783262915863,1.481339267435438,1.4784816780998458,1.4637608620456588,1.47482170019194,1.3921473486650666,1.411697333076381,1.5101902535692162,1.4886212985051785,1.44538480599327,1.4841562990661974,1.452726523456194,1.4911673209909462,1.5228456846605627,1.4579030354231188,1.4420524337314127,1.4683929770220374,1.4583359126471884,1.4579481614292669,1.4751100625539013,1.4480051952535837,1.4117313738721955,1.4696885334102983,1.4641266566177131,1.4848953277889252,1.4710289747342566,1.4481972075662297,1.4894256524195757,1.4772984037090977,1.4443741778350225,1.5102248115008878,1.4331887552460119,1.4639889083200552,1.450408846764606,1.4695242926084278,1.4623016732550038,1.46852219077267,1.4618225473472848,1.5338132443497305,1.4671772634535047,1.4424371029030354,1.4979975067969307,1.470986816783208,1.474959542047131,1.4871660835703184,1.480820825234556,1.4271537226747186,1.5297304201639659,1.4363740171308594,1.4576001002862233,1.4933069607230247,1.48713153587314,1.4633965118088212,1.4985211027057213,1.5533351622528766,1.4840184511985262,1.4803480658833605,1.5084659202504258,1.4761274819454386,1.4918460546611156,1.4451442679013848,1.533257315736053,1.4925275342124722,1.4565211784967405,1.4661201373116983,1.5152151239386982,1.4309041868141459,1.421881914900751,1.4460150652578796,1.4913746747556222,1.4866788887397118,1.4505858208800313,1.491289789231017,1.4299963854337756,1.4627025952393278,1.4726296904363492,1.4868503189116273,1.4968103363725305,1.4453160787816495,1.4747527816798256,1.4528456402964571,1.4588931457814076,1.4810633541331766,1.4849647787057692,1.4670632449443692,1.436408244423761,1.4639889083200552,1.4711236430042876,1.467211673741651,1.4888296933173246,1.487200631668783,1.4802700303852399
21.0,1.496014621097604,1.4777083719873922,1.5264737508973873,1.4741351201719013,1.4703209060037528,1.4899967992105414,1.4805947733642266,1.5332190675150432,1.4721977900808645,1.4976539218693887,1.4860449038466181,1.4728794358375938,1.4725257337307975,1.395775181734061,1.4095933320109204,1.5207521376505542,1.4947838886780482,1.4547834592976996,1.4936979667045662,1.4672172061122635,1.4979738519997918,1.5360597297824317,1.4703209060037528,1.4506820013471347,1.4763233159502336,1.4613184432172681,1.4571847769471216,1.464771558400215,1.4616202923909203,1.4096275124638078,1.4703378823650277,1.4707816505721736,1.471586984695246,1.4581888015901132,1.449681283975028,1.4876931650984444,1.4688491948816518,1.4387276621291372,1.520786965165285,1.4181366412128933,1.4706430887624296,1.4474261575605432,1.4858373436088352,1.464806441333055,1.481754995069187,1.478918287065122,1.5288871223021103,1.4698825350491809,1.4347768550253759,1.5049205442085896,1.4854094348533835,1.4726640786223824,1.491937700341107,1.4738173573359428,1.4184783465344677,1.5152498640070997,1.4411563825284033,1.4499355326121928,1.491502476427634,1.4919029550276632,1.459783902070745,1.5038831982681906,1.55380951737906,1.4935590858820937,1.4739620274960916,1.5111285542588186,1.4716051389088631,1.4900360259044687,1.4545413513445724,1.5414418211116854,1.4917650483499192,1.456047445167355,1.452791116113863,1.5204374206101925,1.433362299645533,1.4334898166994032,1.4403713351542942,1.4981825706636043,1.481778976371065,1.4490446293469792,1.4843325325851553,1.4264594983321965,1.4634671514766817,1.4838571939701937,1.5007710925792683,1.4997278353664256,1.4547142835409166,1.4724565637219413,1.4527649473818613,1.4603774552191322,1.4740605228266719,1.4716564917971386,1.4715644537484194,1.4411907873169174,1.4706430887624296,1.472172854736733,1.4699171154352415,1.4872066523631011,1.4919724460591421,1.4856631273845062
22.0,1.483086871406747,1.481923193516622,1.5341037738345835,1.4721666553920578,1.4910561721621338,1.4985451568506478,1.4907250698438923,1.5372678439611045,1.4865525268610615,1.4959080679873427,1.494835301866467,1.4685092718712767,1.4649160151521434,1.410811470999157,1.4131376947969183,1.5270615524765818,1.4885999267280885,1.4638222477698861,1.5078523550078995,1.4776421652553946,1.4997897731575331,1.5326791986619572,1.4910561721621338,1.4481308737986156,1.4862802220145879,1.4825056733886908,1.4517928520397547,1.472223146239576,1.4720572010021715,1.413172066210247,1.4716446408942414,1.4682197147786833,1.4703973870832217,1.4676466556783951,1.4628972110921201,1.4921373657700172,1.4712173116224119,1.4481101063965554,1.52709661200426,1.4189501074208315,1.4680806870493623,1.4607814810682076,1.4935748084257425,1.468724166881189,1.5053806347675065,1.481657446077139,1.526041268470947,1.4649679788195233,1.4322038002590132,1.5001377172861754,1.4889737405094443,1.4650547021431573,1.4874336046746803,1.4885208290755574,1.4240068592006097,1.5234943649994621,1.4456021485347874,1.4446759536006828,1.5058647972190955,1.48739874996136,1.4539298863619217,1.511498975907881,1.5555457735179206,1.5077122086340824,1.471992978126916,1.5217416822251648,1.4746123879949293,1.5043847280048606,1.4635784848843274,1.5413485979710195,1.4785228369864654,1.447023353589246,1.4656018404285525,1.5342923130795798,1.4416398236892534,1.433632436416474,1.4497658185419302,1.4999996758569787,1.4822341184890626,1.4544367818752861,1.493378265656009,1.444396954518645,1.4646944004463196,1.47639691306195,1.489564431696713,1.5037835978894183,1.4637525991599318,1.4648466741183608,1.4510967396182268,1.4705780652884446,1.4887663105615911,1.4704671568287433,1.4783910608265782,1.4456367465961522,1.4680806870493623,1.477898498781422,1.4650026680124497,1.4908912527013891,1.487468459796377,1.506064858665881
23.0,1.4995298617089259,1.4850288617489902,1.5454593979624596,1.49653140989782,1.5164972915903547,1.5163057071066315,1.5015383517913885,1.5477094128284627,1.5000040139248305,1.5005267848404644,1.520671039841764,1.485605654098838,1.4704852617245043,1.4322915681967352,1.4327786338326027,1.5353218157427415,1.5095238880565838,1.4744224262720653,1.52112969120912,1.493961228432539,1.53328057503891,1.5382389524286364,1.5164972915903547,1.4563251487160773,1.5023930353629515,1.515617130075342,1.4718032184726746,1.4871412550477296,1.5026910343365958,1.4328132870026913,1.4733818657844002,1.4863640470946033,1.4848075570244705,1.4739319588491742,1.4757452466584016,1.5058963846920446,1.4932455867672663,1.4734247890275232,1.53535702611365,1.458451639834732,1.4862238472175768,1.479290954549499,1.512900496884326,1.5017476945250865,1.5336421936573779,1.4931143812779164,1.5348831176133866,1.4792138676931548,1.456694942372851,1.5075841079100116,1.5019627794140271,1.4706244545552114,1.508621691165869,1.494601861187912,1.4295569696076407,1.5462688251790746,1.4652880929558745,1.448550792647086,1.5227963648160232,1.508586531510769,1.4655261376645798,1.5364057599167915,1.5764258234923902,1.5209887071678396,1.4963559552778136,1.5360203203543323,1.4929085445030714,1.5213060537747491,1.474177384943787,1.5393761790534888,1.5040251857468572,1.460843816781456,1.4682432032113255,1.5567890835805809,1.4571648078902275,1.4787533041218717,1.4750970765566678,1.5334930290465587,1.497881581413532,1.4606113727333339,1.4991370620944018,1.4588984766738304,1.474460221133199,1.493232939908015,1.5042057697930593,1.5105537465999541,1.4743524123860277,1.4704156677794742,1.476393694192125,1.4793390465156242,1.494848246855598,1.4848777266848865,1.5003472148162333,1.4653229714251632,1.4862238472175768,1.4990882395356098,1.4792487962079073,1.513893933596218,1.508656851230686,1.5097493523963244
24.0,1.508035062474471,1.4877505431177684,1.551065678154395,1.5147039658281929,1.5256139017350179,1.5472085593119067,1.5127829448892431,1.5648728972482626,1.5159981400937814,1.5036403732497263,1.5309659122546317,1.4988278569059201,1.4901857265769862,1.450918576681658,1.462686599770151,1.537087278666145,1.5257462370328778,1.493666823790952,1.5293924233823053,1.5110966005493012,1.551620427037371,1.5530846393761102,1.5256139017350174,1.4784050074802921,1.5161360201964793,1.538429354239642,1.4766679711761126,1.5109571690041521,1.5172001657798297,1.4627216772388933,1.4878208339485017,1.4942659880062117,1.496244822734245,1.481635116871185,1.5151309022010155,1.5031990885479476,1.4920668718047878,1.4876243551102268,1.5371225987816957,1.4740365720927657,1.4941251440840035,1.4790679491403034,1.5291511057511242,1.524055790468328,1.5332205797792546,1.5004900630156532,1.5435707002180732,1.492970323475232,1.4708519234955924,1.5152628289185146,1.5148174139921093,1.490326121397699,1.5209970270211073,1.4942191506722093,1.444896874811738,1.5644968977807252,1.4947402269414627,1.4641055015261575,1.52695295173503,1.520961633802448,1.4834069232287885,1.5548236404007505,1.5846662994789062,1.5292507457415208,1.5145269368768959,1.541289254931796,1.5051148121882252,1.525457632007665,1.4934197719145843,1.548591753528135,1.53201698605928,1.4675895980812168,1.4917392761253112,1.5744647458742784,1.4600347945652008,1.4893065664695648,1.489309789671021,1.5518346603434998,1.5080363130356624,1.474628518678312,1.5109782833179224,1.4813620297035037,1.4899100611860245,1.5043003327014588,1.518237845035967,1.5280022874418824,1.4935962354555785,1.490115531646578,1.4758192912186463,1.4943810499825614,1.4944663026629659,1.4963154652980433,1.498781817093102,1.4947755170786199,1.4941251440840035,1.5054272793521286,1.4930055037174321,1.5178408755400004,1.521032420651567,1.5272090702130656
25.0,1.514632482727151,1.49858268923254,1.5493018186431393,1.53867305080687,1.5409131923929862,1.550770353273629,1.511119493888554,1.5852851069753087,1.5167282103391166,1.4983757078970694,1.5395696333776783,1.506340684145913,1.5144302306503952,1.4692779151150392,1.4677770540835584,1.5358618537035424,1.5244148978979675,1.5026626219671115,1.536429486119075,1.5330454825298807,1.5455522138487416,1.5510961922677844,1.5409131923929862,1.4841744484043802,1.5260937612087433,1.5394514745421262,1.506427386120261,1.5168497248011636,1.518927511101234,1.4678122743227715,1.5168030034580269,1.4950423048930344,1.5056288571593435,1.490151381776317,1.5302361969337748,1.5075350272652523,1.4935520870707826,1.5143684838546387,1.53589726078568,1.4826514794828392,1.4949010149090711,1.485749233136839,1.5317734879235847,1.53797801172614,1.5316803635314757,1.5035037181937272,1.5522351464322004,1.5057461803452241,1.4719474932849903,1.5309578272899698,1.5218013344127697,1.5145720727371312,1.531206299618952,1.4883696305023073,1.4549843260380002,1.5922803008470199,1.4927186671408033,1.4622349932282794,1.5297542307773153,1.5311706916192878,1.4727951038775315,1.5684991948676135,1.5908755905858536,1.536287130214342,1.5384942881157389,1.547840834257379,1.5135840433231824,1.5282538063634143,1.502414211320067,1.5518370538538895,1.5369883525907628,1.4828141978132217,1.4884603978506938,1.6012318600942381,1.4558224748795106,1.4950170034745844,1.5160725942618636,1.5457666306739155,1.5131782333936354,1.4741045486945572,1.5180471909185491,1.4917913147937547,1.499394235590312,1.5105582574908563,1.5251422956303775,1.5407439763392516,1.5025916454011667,1.5143593120978447,1.476578356099202,1.495262458352913,1.488617019150936,1.5056998815762053,1.5074938442307237,1.4927540398306198,1.4949010149090711,1.5257991555569164,1.5057815911285268,1.5355074966331126,1.5312419080326507,1.532205760734414
26.0,1.5303162238376842,1.5047909551789487,1.5524337951892224,1.533398053341394,1.5444170595248679,1.5497664578993209,1.5223730568453029,1.5872598413926597,1.5172007214722871,1.5113515811790434,1.5440990744155605,1.5006016510197233,1.5235894814981499,1.487316188366896,1.4856201846345654,1.5317637371453705,1.5323970784165193,1.5054548836453698,1.5261568895131863,1.5468568284643947,1.546843117981336,1.559817503911323,1.5444170595248679,1.4983730270174884,1.5343104746319804,1.5651183138283788,1.5052176188998128,1.5307390667962597,1.5292684786977375,1.485655713250295,1.5135918528715602,1.499631828582503,1.5131491874649152,1.5056912711720298,1.5317310788271021,1.5109859852654666,1.5027630037177593,1.5335412834277395,1.531799220718068,1.4865080417557652,1.4994898969556625,1.5019227379580296,1.5390482247309578,1.5401975486103412,1.5508865592958077,1.5038018197621104,1.5562122912763083,1.5020757533900697,1.4717711390814374,1.5172448567543941,1.5329043921772616,1.523732188126632,1.5489640090470875,1.4977661893552905,1.4716224283229338,1.5926473582805476,1.5122635477561135,1.4577705177736577,1.5397099897858846,1.5489280983273148,1.491105564282154,1.5797919771300695,1.5930647665868367,1.526014575574551,1.53321902158382,1.5494671078617575,1.5165127389708313,1.5382009458177897,1.5052055816063132,1.558863600240271,1.5329450292729556,1.4854602905601089,1.4849226821633992,1.6000415740783764,1.4637328439170234,1.4975306615810606,1.5352600584021394,1.5470582536125101,1.5048215247791246,1.4891473508793645,1.5312007462463773,1.5016291391008,1.516268028657643,1.5315536915466175,1.5225575001923934,1.5390249372007883,1.5053836523848425,1.5235181306900254,1.4818039011750637,1.4996883333216295,1.4980151664522188,1.5132205809484724,1.515444655244497,1.5122992423408457,1.4994898969556625,1.5219522044929725,1.5021112066712408,1.5310942880814757,1.5489999201831368,1.5449065901122705
27.0,1.5277464777628926,1.519256460806709,1.576203647847273,1.5283640536872825,1.5612588523995592,1.5639039352069761,1.5270330065741313,1.5859585239977438,1.511278297699817,1.5065806043378709,1.5467233887381517,1.5129505468852542,1.5361638039202008,1.4744407274134455,1.5027897278734426,1.5252620139999724,1.5299424851395038,1.5099635423372373,1.5201294225821211,1.5468546896384514,1.553385509410225,1.55948203103085,1.5613524437852608,1.5028493221831987,1.5286711888591669,1.5763591119781828,1.516282795106452,1.537728689820831,1.5488662579265875,1.5028255646829198,1.509756818275129,1.4963016519817425,1.5125828916135924,1.4987622218967809,1.518081492833292,1.5133487044842966,1.4945730479662003,1.526108912025662,1.5266941845554793,1.4879718362707093,1.4960527380503925,1.518626900126611,1.5500437985795275,1.5477867047381375,1.5478296230899973,1.4912997208619414,1.5605567188852014,1.5037664160621653,1.4811357912257421,1.5325138046628115,1.5336812897097525,1.5401353318018134,1.550193350579301,1.508562117713891,1.4782106321198976,1.5936654067551372,1.5172908433492243,1.440931739728584,1.5540750613964918,1.5506693488951404,1.4938742593784604,1.5781227594254696,1.6043266972658572,1.520401776034806,1.5281488391386313,1.544748991829044,1.5118635874736686,1.5525538730710484,1.509713135273119,1.5577164333134674,1.5387348294088938,1.47246717899121,1.4895488452515344,1.5956062629991163,1.4675427996825168,1.5061552434701613,1.5278295617792743,1.553601808158082,1.5013372780087002,1.4962566308907974,1.5332653986195859,1.5148951872546141,1.5103904467229912,1.536154085040472,1.5206012851957955,1.5522277987449031,1.5082131154596659,1.536235685524904,1.4890770473615227,1.5008994819054813,1.50810994836798,1.5135989167679256,1.5247902775498068,1.5150611107107825,1.4960296926263328,1.5318081482417463,1.5038020066925182,1.544877116723424,1.550788351161622,1.5506733712250502
28.0,1.5347541072573851,1.5095330332882277,1.572037289982279,1.5309807953714147,1.5697362183270165,1.5614919465572183,1.5417169848203327,1.6090720220787942,1.5189324508634512,1.5202761291964755,1.5680711176689726,1.5313049316195295,1.5434374801192818,1.488435772995273,1.5193363659034722,1.5516311247148042,1.5361386009271256,1.5168867094139027,1.5289072554147713,1.5576450195056806,1.5549671244964465,1.5713279756908793,1.5655962406205908,1.5187701026447267,1.5279291218903526,1.586095109176575,1.5276104545875375,1.5526762770118505,1.545574671808032,1.5189648346305613,1.5232912747156198,1.4874188898143244,1.5192829278520386,1.49680240042944,1.527965514119773,1.5288063897248305,1.503602497872066,1.5349157138369145,1.5582205853305955,1.4889773757449938,1.4958405312325738,1.5340569656681584,1.5477077390886216,1.5555624270844761,1.5648609954785233,1.499121418884325,1.5710175232169856,1.5125195817938497,1.495037886593225,1.5473676413954285,1.5599427505279102,1.5492183434173092,1.5782048785967153,1.5195287756361615,1.487802161772731,1.6056097541833128,1.519416676138343,1.4418553094799305,1.5709861668297351,1.5737483507040149,1.5083580640422138,1.592118702689265,1.6058095067103864,1.532038740757146,1.5309807953714147,1.5550069125910018,1.5252958811866557,1.56958916189857,1.5151802049621002,1.5631179693745552,1.5361912343291344,1.492200920097874,1.4895027431308763,1.610102172469155,1.4740999833514326,1.514036336780177,1.5359120137679247,1.5512470439807686,1.5183311617120856,1.4939032437404176,1.540272042608919,1.5290077365784243,1.5361407030597458,1.5442073409704309,1.5297740454401862,1.5594335477384835,1.507344470752859,1.5467586015451562,1.4956462318936596,1.5123394441053926,1.5216591576739191,1.5170968966228602,1.537059107392189,1.5195367103259605,1.4914714700344922,1.543524375887251,1.5110223392574165,1.5610919193039932,1.5741588704399547,1.5761106870971984
29.0,1.538689526799451,1.512031303442149,1.5885106013284427,1.5376916445153683,1.5798972669887972,1.5661643795198104,1.5463398069190557,1.6149077584734814,1.515825401930092,1.513619244108231,1.5840506088498183,1.554401062930919,1.5476078404734823,1.4966364366672866,1.5197871609401348,1.546825027196167,1.5370197301729998,1.5096264960404449,1.5370617744498087,1.5603739908813412,1.5621265039453764,1.5719092194927589,1.5760236360261815,1.540430212594823,1.548050533678388,1.5962933897934322,1.535163256520437,1.5725377724994272,1.537502709993326,1.5233104698501114,1.530960061091946,1.4961769494637567,1.529964191118414,1.4848210716384267,1.536761054657309,1.53227901861625,1.5058414208042505,1.5393869034686174,1.5494500766724784,1.4940044176222709,1.504300271241161,1.5449773883054998,1.555235186955586,1.5534695179515041,1.5609893719104984,1.5159350238855267,1.5803894279123252,1.5130908443656188,1.50608010159337,1.5526780924436405,1.5771776869382297,1.5542960294958563,1.589819174940517,1.5361069283607915,1.4961203249355421,1.6205604135217078,1.5276256754401034,1.4522974785659422,1.5821050237011673,1.5818195189890927,1.5071153567453897,1.6021448603162978,1.6027681683864128,1.5379173057489341,1.539827567895052,1.564503431742913,1.531884205151567,1.5818021791104677,1.5049079586481482,1.5757612281647004,1.5383089234853506,1.487409084111329,1.4953013494178837,1.6238832667677476,1.4864227725236108,1.523518114328735,1.5417327455409535,1.5556406364179063,1.5211800095089436,1.5020244224988075,1.5439842961266,1.5382215641499568,1.54279649722716,1.5571225457346045,1.552147367223893,1.553660879725696,1.5011174302170975,1.553149391763553,1.5059615017545078,1.5177314211692778,1.5381949513385174,1.533610949551166,1.5509379425999292,1.5237695198530175,1.4951356733055858,1.5543208935182666,1.5150405751478133,1.5741318106992919,1.5908414261647437,1.587959481609883
30.0,1.547689849495776,1.5252441313190341,1.59276972320067,1.5425641924688231,1.587440226533027,1.5701964475099432,1.556370966069341,1.6254198270832225,1.5182483595264384,1.5241556183973168,1.5884536639149942,1.5542791656120585,1.5435308812981952,1.4887862982080964,1.531607293693552,1.5558614854756656,1.5320469112191195,1.514012142295474,1.5329906352418785,1.5657571013115328,1.5629828901638125,1.5665002421767262,1.5840380305807462,1.5436072098800364,1.5588879304841738,1.604157355141194,1.5265479030794495,1.5864152703868986,1.5514889149986446,1.5331485082917684,1.5216164180694656,1.503537504181996,1.5263952624157686,1.4828618020797226,1.544155550289005,1.5340146143016873,1.5036593617836502,1.5443547041359282,1.5605598388033763,1.4998084618610863,1.511224751440578,1.5567838062616939,1.5453697920551799,1.5536923030667384,1.5567819843230204,1.5222990017473252,1.5836158313390203,1.53256644004046,1.5148565035053851,1.5544507906131058,1.5781751775878103,1.5553352489662948,1.5977644511041076,1.5446835577159097,1.5096672138282734,1.6201375764839216,1.5278384916956802,1.4497154797050145,1.586234852103474,1.5780583988336818,1.5127394073548208,1.6143130864173405,1.5963702486432654,1.53651302268794,1.5482831256939202,1.5720670648253545,1.5370745003062583,1.5930026124397154,1.5152394332365253,1.5758864670766382,1.5351185971086483,1.486268106308941,1.4923006593895556,1.6286203451545074,1.4912659877461387,1.5238948150463711,1.5480489413881546,1.552332026871645,1.5312240267575523,1.5170884223437968,1.5532139670803773,1.5420098707925234,1.5501019017130437,1.5545914010695436,1.5484886706471512,1.5496911440134238,1.507742396630328,1.5489122858461812,1.5044089382150745,1.5187758596977363,1.545134596551342,1.5310207021191984,1.5638782641868691,1.5234270898192839,1.501656678380232,1.560131729392274,1.5361951380625325,1.5847803113792551,1.5988849322409053,1.5942419476068357
31.0,1.549861301887916,1.5263311905537587,1.602443170355938,1.545659231084856,1.5923169817009009,1.5630916574159095,1.5637462151054906,1.6342571072790275,1.521000083539163,1.5263915814376283,1.5939368477636584,1.5554412637540762,1.5504809278811886,1.491338950443298,1.5400763364333234,1.5496170739293513,1.5299858993605864,1.5249359415425094,1.5426707142904141,1.5724176582902092,1.56832071170815,1.542824724843062,1.5902046483851289,1.5424082087328284,1.5606408684138597,1.6098749493874163,1.5373061459894022,1.581257996346263,1.5582002982022458,1.539899712682844,1.5229240027183488,1.4918550407508608,1.529387293905187,1.4853791936717768,1.544124890660347,1.5246814247689657,1.5000848461477745,1.5484958112900846,1.5570905954180103,1.4997709163881532,1.509359967817941,1.5459159677777115,1.5455510402278678,1.5496675295013147,1.5546459387795073,1.5274823724048305,1.5840135281424952,1.5343142704622617,1.5159033913888733,1.5558423221689375,1.5718805972648526,1.5659872725137687,1.5974042314547086,1.551033361709361,1.5122742195648693,1.6080481542928287,1.525581955939227,1.460670860881286,1.5872529142229854,1.5748958908388446,1.5214675405795044,1.6249414470927281,1.5851999953825502,1.539347478508617,1.563110653084636,1.5855044652234997,1.539922386544391,1.6000676121653274,1.5221516168116012,1.577842175242532,1.531447044257897,1.4853523476821244,1.503453948188386,1.6186776226777875,1.5004832187900654,1.5211348506599034,1.5503788574932915,1.5567112989311251,1.537808037645639,1.5151946019496931,1.541398725469017,1.5444536298203397,1.5547131338452251,1.5557094016409339,1.5605864202822894,1.5487934022710381,1.5158176778756194,1.5535479484651964,1.4988622818842547,1.5119695921618628,1.5494686891804637,1.534042801464765,1.5672885888006505,1.524291276087881,1.4914591253412344,1.5624536661763964,1.5393787482116266,1.5929322953238179,1.5983078470329497,1.596132561000095
32.0,1.5654911041779458,1.5327917037354881,1.6127708236836296,1.5554543483505219,1.6010134042715325,1.5679386478609172,1.5764949660955205,1.6530496056048778,1.5299984063161987,1.550726330234621,1.600788995371935,1.559134735735041,1.564116346582693,1.503048120230109,1.5530820506939313,1.563456897521696,1.538972263455928,1.5444179795783857,1.5630966605875438,1.5855081444824934,1.58492347924768,1.5493690534699118,1.599057509529202,1.5506978940778278,1.5734314248568309,1.6296207303595,1.5467387527907765,1.5932400934704074,1.576948087361648,1.5545398711300158,1.5389106213302304,1.4982318536996788,1.5496378088630163,1.4889369451171448,1.5614290379959486,1.5314733995948846,1.5080402138151698,1.5659644116249867,1.5746268139314814,1.513667453498584,1.5192862684725497,1.5595181310709765,1.5613305498348684,1.5625606717857987,1.5627314807302375,1.5368094697444556,1.5950686259869773,1.5390439452138067,1.537674422218852,1.5688285061050096,1.5830869994935504,1.5855871489877942,1.6009250055001238,1.5625441326704754,1.5324896817841138,1.6254488639001219,1.53444121149477,1.4756189229452654,1.6068057800472608,1.5822430177391367,1.5426654314255566,1.6365253535852347,1.5942611436861023,1.5520602308702123,1.5809865807254238,1.5889872518496864,1.5544069397853189,1.6225287892454268,1.5349253102753246,1.6009822111763823,1.55177013969282,1.4957437181131883,1.5200010170469325,1.6365704996324921,1.5131489514124397,1.532452854224018,1.5678010512944203,1.5761741911323202,1.544689833297666,1.536903206003729,1.547083888227847,1.5523486079223445,1.589336169869743,1.5749117844363867,1.5697493835866334,1.5572603760854875,1.5345461445014337,1.563757267900667,1.518247526164505,1.5303307334747918,1.5629645548032987,1.5493883060378526,1.5790599128191818,1.533698184007981,1.4984444686049303,1.573039959286059,1.546546717690242,1.6054401987904634,1.600650614047688,1.6123150546981189
33.0,1.5638700569883062,1.5399747772726182,1.6230451330307636,1.5669732013484243,1.6099047362089038,1.5707891380419445,1.587107412347461,1.6604530480951385,1.532011213486053,1.552029721614621,1.6089941414658553,1.5763656841199483,1.574732047761981,1.5037078494824898,1.5606074914012515,1.5709385458359284,1.5418798858818958,1.5574087354550936,1.5774089575727566,1.5869967058971084,1.5901982188729338,1.553641059080426,1.599198346963662,1.5644677307110082,1.5821607574972152,1.6403223916721255,1.562818670475392,1.601894027078356,1.5928718370756973,1.5619113392550907,1.5428480861659892,1.5144661673012263,1.5737302219106144,1.5023640061362347,1.570202350805192,1.5409863122413563,1.5118797621529878,1.5731146779893146,1.584405334282383,1.524454872497936,1.5294034380937338,1.5769910611581894,1.570857768404602,1.5622258893900156,1.5789659841766324,1.548303029947451,1.602018219746346,1.5516866015273278,1.550247895567812,1.5850843698043826,1.59288707303439,1.5987227123160925,1.6037321230804555,1.5806857563769903,1.546243198363469,1.6321900061143937,1.5423544351686969,1.4812879262916272,1.6136288739671145,1.5824134336317035,1.5544834360779054,1.650058056595069,1.6068595551785563,1.569325178231046,1.5998728387496108,1.5986891772946386,1.5711722313010243,1.6360331931951322,1.5443760186180375,1.6186945477737622,1.5610057840522196,1.5105443813160364,1.5336018626076526,1.6433640169035921,1.5306705250101105,1.5410360947930761,1.5737849799953942,1.5818424054187963,1.5655610607373407,1.5508491598936653,1.5594866841500772,1.5628963329517052,1.5988426529891735,1.5847696636639068,1.5699069944572772,1.5715172788013498,1.546612317572719,1.5732685762230132,1.5275461253278764,1.5446236916993161,1.5884887459011627,1.5759820092028005,1.595878695641174,1.5448556334778982,1.514296161523581,1.584189458658743,1.5592200076046667,1.6216754808308043,1.6041828835308833,1.6262577895099313
34.0,1.5700287902229968,1.5350876216588067,1.6285300386289765,1.5715943304261537,1.611082840640024,1.5850635396534725,1.5934456077070092,1.6769559711893465,1.5415294842661427,1.5570488018455975,1.6126457019533205,1.5917258322948524,1.5807224387532484,1.5171781830134443,1.5681545603708156,1.5808021570796111,1.5502968061234343,1.5633250430324255,1.5846540952217507,1.6021569164302571,1.594022176185486,1.5646100322050185,1.6031635924385041,1.5740385127299559,1.5928631032082672,1.649384614770455,1.5714622446976896,1.6029251778956335,1.6068115780634604,1.5655317510124622,1.5397666488222201,1.5235177596412044,1.5781234380576514,1.5103352449564666,1.5857989830164032,1.5525480979754498,1.5228614787836023,1.5802275270483335,1.5942060548383743,1.532994704790846,1.5324347941707401,1.5809684961363455,1.5732630178210303,1.5746489286324508,1.5759757609781806,1.5614992925849045,1.6116865989398785,1.5555940625142812,1.558240011123252,1.6052742967704121,1.598847931568717,1.6043980067229417,1.5999678527168761,1.5917646292080536,1.559085527675507,1.6366267171240183,1.5461434580880973,1.5042067734924174,1.6317047771038296,1.5821528643666156,1.5699871535816625,1.6593892944468305,1.6061023144341675,1.577492172297134,1.615600039423425,1.6113960662119153,1.5752818414280465,1.6553435202814495,1.5432746020088894,1.6221602371950097,1.5684022770260773,1.515533352926028,1.5443523814010507,1.6586901939124004,1.5367689954451562,1.5430717802424425,1.5853472199336205,1.586866323050847,1.569005262247405,1.559334862102181,1.5804147495957563,1.5761964608568542,1.6081187987388172,1.6011117664968817,1.5821224152292497,1.5810337822006653,1.5541058125178975,1.5819427434585025,1.5334498555786567,1.5509239432961952,1.603263272233197,1.5805436524822472,1.5953452240334027,1.5436068111720274,1.5235436779415645,1.5963927125967856,1.5657015945283017,1.6269062326246422,1.6090250178201935,1.6330842231259253
35.0,1.5738367117422314,1.536543133485453,1.63855693111272,1.571718098660686,1.6145630031051734,1.5900081029272477,1.600092447829618,1.6939106198742857,1.549719938131427,1.562165197286685,1.615418156382548,1.607603824716176,1.5899026888194905,1.5268391005496613,1.5735733388002935,1.5874190427677461,1.5491396485802824,1.5639188374909974,1.597828138970533,1.6047383277755063,1.6059127623111213,1.5711696005967952,1.610125786166864,1.586222863797638,1.6011541605061468,1.6586007153402123,1.5763822309825322,1.6035910080788198,1.610875362552313,1.5693437391494094,1.5419776726095833,1.5294084567956343,1.5820393232296595,1.5148015436261884,1.593557280132373,1.5591405059167884,1.53356929633348,1.578994311808563,1.603241943567591,1.535419853309476,1.5375234535534699,1.5876554559060236,1.5795299240956768,1.5822470785742913,1.5815946596512023,1.56772314587253,1.6129508204664476,1.5629385742005861,1.56482003680985,1.6126576299766981,1.6066749329730212,1.6138848947900966,1.6087021476259595,1.590088211871664,1.563199742241493,1.6523161218559057,1.5470317197385592,1.5113051628364407,1.6422315360753048,1.5890908899196063,1.5796438000339919,1.6698544054367324,1.6050294318850062,1.5894711769746188,1.6182212017765158,1.6217576253954844,1.5832810003238877,1.6667535204494164,1.5379809951038792,1.6182472865744115,1.5676996135683101,1.520998509536748,1.550737193698798,1.663241485445854,1.5463520119861875,1.5537318932141737,1.5861195237488743,1.5986112512289998,1.5753055398713496,1.5683616953362698,1.5864232289687035,1.5842266978890573,1.6139446043155183,1.6062817067160993,1.593519308980799,1.5810223783848947,1.5574410903669458,1.5870418535017872,1.5411231505749188,1.5352547858079484,1.6010668217629913,1.5821215648649534,1.595989434683231,1.5415804411879073,1.5301867558396771,1.6012636803938793,1.5738479817960345,1.6383406513168164,1.6221865371586857,1.6418615728719288
36.0,1.5839959972127378,1.5470100053914337,1.647898287909632,1.5768806078112376,1.6237848911966726,1.5969116033575386,1.6120432277593653,1.7127234561139324,1.5586347950514172,1.5671958615643782,1.6301557949606331,1.6164527103293145,1.5953497453350818,1.5357309251207587,1.5864246843381993,1.5971270862705842,1.559279045656376,1.5692750553443364,1.6081253875336126,1.6153592019852292,1.6181402499174546,1.578715056775449,1.6215757021111918,1.5985156056004315,1.6095530390245625,1.673295661828177,1.5865899595910393,1.603375449496125,1.6250231852043378,1.5786214536997845,1.5450823964734555,1.542936898953932,1.5952455307729443,1.516493967657348,1.6059162675696088,1.5721976303759715,1.547284927214237,1.5843689079877468,1.6123182396236928,1.5381230895211149,1.5470459722661396,1.6038129207884977,1.5894584329998547,1.5972954839701328,1.5869024084909726,1.5883973187316576,1.626808969489172,1.5657106432204824,1.5737219067782213,1.6252754762543276,1.6172159868795308,1.62224901998445,1.626130365098392,1.5954471057883592,1.5775350375100512,1.6645546717702995,1.559451436283945,1.5231679808870255,1.65035469354904,1.6074315752625086,1.5902319185998226,1.6892055775508696,1.6110945447809848,1.6091796992524448,1.6240589195327133,1.6300444396310192,1.5958468849235612,1.6721718742276481,1.5433518964664403,1.6180841902354197,1.573354355658408,1.5247670449236377,1.5590180555052386,1.6759802161482613,1.5573983384063388,1.565287073780129,1.596959465306691,1.6058993042707255,1.5864155560661848,1.5760995986297435,1.5874260328795171,1.5981816453003277,1.6254403556334285,1.6252179585162976,1.6004466417202992,1.584388211598103,1.567323822806083,1.5940364944963537,1.5443851194203382,1.5320682461762738,1.6014815061230274,1.5963992593663987,1.6014082432205627,1.5486052776492125,1.5365029431255177,1.6107205029442238,1.5760297145311393,1.6472974940433915,1.6366093683781338,1.6439492477067763
37.0,1.5982137275328867,1.5565173572831394,1.6579367610154383,1.5855068297408856,1.637062390133531,1.611797097543989,1.618386430265701,1.725015265693379,1.572053939324925,1.5673055235024969,1.6332933755656969,1.6347782859407005,1.603259687799,1.548176623425492,1.6001057529070069,1.6108301628991908,1.5664540771381579,1.5845696430857583,1.6167325075373555,1.6295916505352341,1.6305689392924338,1.5820985401566805,1.6319193245045107,1.600826744298406,1.6187371723632469,1.6833499125163147,1.593225694478869,1.6254195775348665,1.6388656166941942,1.589515970845441,1.5566592961600387,1.5527926352219097,1.6014457428353002,1.5239296798143052,1.625742466530199,1.5856745369965122,1.5586293728069756,1.598457378326518,1.6270445991454126,1.5486228058583902,1.5570198160163238,1.6091894935793114,1.605199217858771,1.6097708941952213,1.5972989755257532,1.593268368539822,1.6418598299845963,1.5740541802124666,1.5822183281236493,1.6379460694887424,1.628178580699925,1.6338504133423357,1.6361335256187644,1.6088498925508705,1.587253242691442,1.6732572385970377,1.5706259034389205,1.5312186710348303,1.6585823890314662,1.6156346285945935,1.6022546261943327,1.6989549378767663,1.6154824958472251,1.6185215188878197,1.6266295896470466,1.6411175065934678,1.6118852659723704,1.6793736628024305,1.5574988821096258,1.6241008047217684,1.5751674441974202,1.540880396179487,1.5696396237426358,1.6913928055228302,1.5697153098640821,1.567286848874429,1.6137693293402773,1.616268008865816,1.5910788290102722,1.5781108762642884,1.595732298227225,1.6104804843972098,1.6378703046155278,1.639478435795485,1.6123286477588965,1.5868908222661071,1.5810259569000291,1.5968917191918077,1.5584101596682476,1.5373281934286216,1.613792853522846,1.6028408509992749,1.613153171963242,1.555195340056371,1.5464012691084281,1.622251302860652,1.583917422181702,1.652576656495944,1.6445423631132072,1.6538201219844595
38.0,1.6090444664175134,1.564675171884443,1.666613395381592,1.5970642791742444,1.6363015188033438,1.6185810825789853,1.6229862144350222,1.7320575721258833,1.5799968515062863,1.5777295224286247,1.6401435113339897,1.6413785767961924,1.6064657506420805,1.5549925811207945,1.6094286566760911,1.6190588170692928,1.5773348782807655,1.5885799674970125,1.6244365338541142,1.6490468351649965,1.6351435010580864,1.5985554238187558,1.6433503718483533,1.6134134147766104,1.6277297042703613,1.695059653062828,1.6049847858017101,1.6458929101877593,1.6490564800546772,1.5949639851333175,1.5665386126622438,1.5647963427481273,1.6072138228935295,1.5331231625890367,1.6351283083156725,1.5895032127389508,1.566203852840716,1.610113803908726,1.6373626790687064,1.5655285624591868,1.560786688268348,1.617311045832604,1.61426675311223,1.6211594462946164,1.6137483823248824,1.609727547800636,1.6522765795023016,1.583094220794709,1.5935530786065661,1.6435083264035717,1.6480349650887967,1.6376288244952626,1.6488346752841763,1.619102813887822,1.6025800330654523,1.6843623225719064,1.5804832526339878,1.5421149284274034,1.6728608893427392,1.6258575895701024,1.6197861982771105,1.7034266374064246,1.6161468566041879,1.6323243488961046,1.641833144226423,1.657107298619946,1.6214063292814618,1.6913183216303178,1.5601258648922496,1.6415638413656086,1.5854240427377033,1.5485535608821326,1.5828220730827067,1.7083929196689553,1.580087621257676,1.5841243189289598,1.626848541631564,1.6212636152790543,1.5978649497721111,1.5850723652045298,1.592434440672445,1.6134317100263815,1.6448697728400257,1.654787233407036,1.6267956370527499,1.5959371886917981,1.5837740778110379,1.6028947108031413,1.5620998303484035,1.5444658333252241,1.6172834982115847,1.6082441909135587,1.6288910007196729,1.5647618595581305,1.549272385807467,1.6278190601702438,1.5831618219546435,1.6679130577168455,1.657710976533497,1.6616789542335453
39.0,1.6195074247505978,1.5633320869964564,1.6680602791855452,1.604383277821326,1.6400142196012835,1.6335124611495482,1.6245175961505378,1.738434348300797,1.5868616736807475,1.5805240692289206,1.6504781566489464,1.6468842533564751,1.6148748657137806,1.5614091416229132,1.6161783127588778,1.6334723432902092,1.5796023558444554,1.5971192252893638,1.6352460386553251,1.6619093186846545,1.6521648869641168,1.6058583014512322,1.6486596151707513,1.6171499860805822,1.6290327575204908,1.6996114300153145,1.611048748563482,1.649839784595968,1.6574614101701528,1.6015510492622334,1.5803513444652098,1.5704202517165642,1.615788461512317,1.5441923968176954,1.647170214985485,1.5881699138456344,1.5718156534487593,1.6143331310005022,1.6478572366650845,1.5671187147477155,1.5654151749394223,1.631983558794873,1.6217072688738443,1.6383988924004087,1.618375829131397,1.6097388775599288,1.663518192837695,1.5943509079364946,1.5963890299472592,1.6561969797072478,1.6582794130381457,1.645415857784863,1.6576786046153065,1.6211974710278476,1.6071620365024868,1.6949445622992108,1.5942830901960208,1.5539631611350606,1.6843964566648943,1.6373164182916948,1.6332843556455643,1.7158284052257258,1.6247315817421686,1.6432538757580744,1.649621118906222,1.660483523436103,1.6312560628770836,1.7034675192298012,1.5705055924427977,1.6439221206401038,1.5952433070601797,1.5632185019908984,1.580798964309808,1.7185637169999375,1.5919514066881155,1.590443914416284,1.633735400127347,1.641100652000602,1.6112988305789484,1.5905078700512294,1.600959290771519,1.6206205439971493,1.6574444591644149,1.662762017738403,1.633671549279125,1.6024767945237017,1.591972037669273,1.6021367370538129,1.5786030442509924,1.5519029404652431,1.614798861471353,1.618669969439728,1.6393737492817082,1.570652948388269,1.5530811771437925,1.629911431559263,1.5901280426945137,1.6802457340484402,1.6636089135071863,1.6674908711203535
40.0,1.6342987761783152,1.5723787283327648,1.6803425636268494,1.6065109243186309,1.6445250385348837,1.6438609009364071,1.6291250910345405,1.7512722759149655,1.5980151713797357,1.5850577109939787,1.6612436247548374,1.6488688991524476,1.620770761039963,1.5675145619283954,1.6172636264709257,1.6425690298008373,1.5929030453734012,1.6164075947903138,1.644326651355068,1.6681572984725328,1.658578242823591,1.607012656735733,1.6549854966872692,1.6276745802196086,1.6412823576190816,1.7102611276096693,1.6220774156293272,1.6582765312892997,1.6640180861985703,1.6060780912438535,1.5893644861579816,1.5717228922642332,1.6232010929108474,1.545224391149998,1.6634747267812175,1.589470318733559,1.5739042274060884,1.624062118165409,1.6601423235245112,1.5702621619412291,1.560660842224493,1.649817540777919,1.6324041242699945,1.6418427140822136,1.6276795884902864,1.614382421268984,1.6676579630197028,1.6045601226719137,1.5924130345259406,1.668196224002005,1.6630427121924587,1.6496300328256563,1.6650618556916317,1.6233787466149787,1.6138011947952156,1.6988299663600934,1.6008910780772112,1.5673184212451752,1.6925925676741242,1.6431336829677565,1.6356973579455882,1.7231026204538986,1.6328604054341689,1.651645113868746,1.6530926968346449,1.6723569745168845,1.6397826053238453,1.7127734573708668,1.5902408685244533,1.6451389794488858,1.5932629157163318,1.5739161244974964,1.598641311922798,1.7231600771072924,1.6031078849187441,1.5875072760940874,1.6440105060165529,1.647017518286567,1.6172691003663264,1.594925103078407,1.6046753690373605,1.633424220114352,1.6711696045352757,1.6764339786902456,1.636721987989276,1.6141688759529165,1.6071145034585632,1.6060089537623214,1.5875569136358438,1.5617874592943886,1.6223765351336419,1.636080567128083,1.6480552665694048,1.5690779653085287,1.5465290998557217,1.6357374932660629,1.5986696132977547,1.6888328545583382,1.669961434687978,1.6705614423803963
41.0,1.6436204377090713,1.5763945391407528,1.68066063698471,1.615397812083178,1.6592224127345616,1.6520049279915563,1.6314976522797573,1.7539897075386874,1.6065539666580433,1.5919782736035644,1.6659963859391729,1.6518954982645975,1.6322668028646952,1.5717362049760675,1.626478446638866,1.6547615618260825,1.6026676001934703,1.6295747739359006,1.6545188626983742,1.6705926754927516,1.6739730503458203,1.6208300427113838,1.666641665008749,1.6306400081206802,1.6452131502841265,1.7215833117043189,1.6275365761640224,1.6645878501906117,1.671423572240245,1.613194193459475,1.5967940865068744,1.574429014685269,1.6302786113233851,1.547777967304125,1.6741916412326805,1.6019208495587658,1.5805088795454845,1.6249265087378828,1.6690521446595166,1.5724762490035624,1.5536087865248829,1.659088741062424,1.6389997512863907,1.6573265347913249,1.6404332035635527,1.6178051541459206,1.6769663105240717,1.6155391753682073,1.599307457302016,1.6742487985161616,1.6691558267768647,1.6574558998781102,1.674792161455923,1.630444049468241,1.6248466278768352,1.7045261983457054,1.610197761299763,1.580813934979545,1.7055320818397315,1.6523132610399747,1.6426701532685457,1.7287477528703312,1.6497665866540765,1.665986047718421,1.665781280574844,1.6789435327429507,1.6602842629228995,1.7247539483921681,1.5994113343734344,1.646628334162222,1.5984697796550662,1.579357960175,1.6087775291965194,1.737358099731706,1.6133371356763102,1.5932366187382083,1.6499645234625926,1.6567543161357645,1.6298432122222102,1.6078986496088494,1.6113986149010584,1.631802892615667,1.6796162061086886,1.687514774806756,1.6424411531445084,1.6240313294276059,1.6177346950323686,1.6196077010313397,1.596133256467438,1.5640533243735595,1.6238501390451892,1.6488430451646807,1.6575014674376412,1.5704920836921923,1.5496438337648508,1.648685434788833,1.6029763636982575,1.694070810900434,1.6800066346294473,1.6794788115996244
42.0,1.6527934508704158,1.5821177063467005,1.6906183726922401,1.6261755009279841,1.6600702521896429,1.6517205536337056,1.635503695089157,1.7549737280904325,1.6172337789872253,1.5994278617855928,1.6712035228165207,1.6607886888813197,1.6430801958083388,1.58265175939278,1.6347427661962353,1.6624328215374728,1.610834313778564,1.6367048712420902,1.664639910876937,1.6776582183027238,1.6847494722953467,1.6320431072934827,1.6730504439413931,1.6350960825326297,1.6479351875822434,1.7326018750356231,1.6353710966519959,1.6684782339441293,1.6804220479935914,1.622948371155354,1.6032923592617156,1.5860689527719776,1.6345367918224698,1.5568200373842775,1.6793967986296316,1.606835590089522,1.5954699608496137,1.62846964715423,1.674987969229288,1.5780820762335277,1.5591079603310003,1.665252261084185,1.6374809671904964,1.6680563886975717,1.6369034549388501,1.615397812083178,1.6864145830858674,1.6312013498846831,1.6028054509485152,1.6768974586552527,1.6838292808392166,1.6692203153906862,1.6794751942270132,1.640286127555969,1.6305350008262531,1.7130505264918106,1.6101076478367606,1.5942119108814634,1.7157391120029326,1.653955641871025,1.6521741661372429,1.735068036328753,1.656508881128115,1.6719925498911263,1.6737644018099638,1.6891270693575786,1.6714992424879276,1.7345064624289963,1.6015643710745289,1.6531608625046543,1.5995186742875425,1.5850400176339556,1.6173850369356269,1.7414244894593673,1.6207357274368202,1.600662313790275,1.6561326865241066,1.6643711241013297,1.6390650027184053,1.615843973586832,1.6128417469241283,1.640808972017768,1.6879176319442128,1.694514940288712,1.642992673616089,1.6286356470238805,1.6268854795734855,1.6236270732447222,1.6029594548480544,1.566553293164249,1.6329639578891815,1.6524345546471306,1.6686079599837536,1.5696230954625896,1.555960875189467,1.656469339759075,1.6154664962117342,1.7065272665454476,1.6773700554161906,1.6897568351244947
43.0,1.6588201097042177,1.5899799281406455,1.70115798551081,1.6270234505415486,1.6627977523232367,1.6601272231047381,1.6406965121172805,1.7607697938637983,1.6217180504198552,1.6009114137941385,1.6678914332682468,1.6661092772654713,1.6461184745316217,1.589046191761882,1.6451008055885787,1.6683779383127018,1.6216219556456608,1.6415014465418523,1.6705527706744683,1.687640892359299,1.6893943231122863,1.6364227833898661,1.6773789302288962,1.6405403815663804,1.6616508226491813,1.7372195976180531,1.6387343926407862,1.6817830083051424,1.6928292432149346,1.6306571903409828,1.6123454248259201,1.5944288083040592,1.6460772421721972,1.5672481165711907,1.6816230005044337,1.6083940147241493,1.6018025925147272,1.6298721845343869,1.6813520563493454,1.5892223459728607,1.5618367107662081,1.6757751097772677,1.6400878560284993,1.672326659170854,1.625231624024382,1.624409678416695,1.6906294447696628,1.6445582241723373,1.6090807862356384,1.6864705225425562,1.6909700711568652,1.6759718618062105,1.6822991378643957,1.6472311763214404,1.641700494703452,1.725765843361323,1.6162038759997033,1.6022207388448955,1.7197626784207503,1.6598326247552009,1.6624176937840696,1.7410140302589603,1.6617851115878624,1.6784935321344037,1.6799767523737568,1.6918284903228509,1.6734672916755562,1.7411169179310788,1.605640047307559,1.6605188022415636,1.5961900910406521,1.5884798685259593,1.6185264475066496,1.746468089891116,1.6277542551077369,1.6024594611400524,1.665066779458802,1.6690675027879833,1.6495002612728202,1.624958081184492,1.6077246820385593,1.6443909127209768,1.7000618047227307,1.7065168493828067,1.6473285012216126,1.6366157693700283,1.6320700086068494,1.6317424272620042,1.6060688844450461,1.5654371707953578,1.6433069741952646,1.6631574768673403,1.6697187528093542,1.576638151995306,1.560265986197639,1.6610074281112026,1.623050425018687,1.7216284772844108,1.6772433863037075,1.6943528408171467
44.0,1.6627172290977266,1.6044134602596074,1.7054862383113705,1.6343595996760596,1.6635743782112924,1.6688458840267593,1.6509494057405518,1.7621745900398695,1.630455183059357,1.6086802400652747,1.6700155676373554,1.6657166306445639,1.648010855446414,1.6030204392426828,1.6530421436798197,1.6730825599227486,1.6257926501532811,1.647038537903405,1.6781860249927774,1.6861302744403055,1.691075897015456,1.6433124548762994,1.6791269757698382,1.6464580671556686,1.6705505776168166,1.7363246135943988,1.6408214685458717,1.6858084894807495,1.7015873030107929,1.6370918211378827,1.6189081217198051,1.6012425469308051,1.6549678203098959,1.5666690748969918,1.6938212053365787,1.6116563564771555,1.6063051281541445,1.632799491289074,1.6878507146019381,1.5946459306022789,1.5586078029281647,1.6730401010064537,1.64470505885057,1.6742626454446616,1.62018115359898,1.6305837722703833,1.6913212322163458,1.6445558468089851,1.610654257920557,1.6922931975416744,1.6954193226684888,1.6783632934677692,1.6877276950477094,1.651034467635858,1.6515549072331588,1.7311212353882823,1.6218476333529817,1.6093763329109452,1.7287686172770345,1.6693853310656157,1.6701929768665917,1.747038573028507,1.6732527451133026,1.6912350053829817,1.6892370410516464,1.6992026723474642,1.6772732543257192,1.7492199734248421,1.6060360143058203,1.6695611278755504,1.595091697687013,1.6016309484151583,1.6270260104731415,1.7533341450958908,1.6328150243093322,1.6058930373333273,1.6729942456922962,1.6717780064757406,1.656823988364971,1.6350992310736823,1.6087308495255113,1.6434625984365423,1.7042246496372901,1.719868880351232,1.6516236925933818,1.644324693042434,1.6370974029541554,1.6282075554145998,1.6132168569027359,1.5622089059353632,1.6534451283963725,1.669662287054633,1.6727903215819004,1.5829579799319187,1.5614256658283943,1.668684645118552,1.622617972282335,1.7332999376695206,1.6779780116864764,1.692446385306164
45.0,1.6759764146919038,1.608358495788993,1.7107635914761052,1.6467175398292644,1.6640455201485915,1.6760104641197484,1.6575368744183812,1.7635253837190228,1.639868328581903,1.6186242901731973,1.673300413576959,1.6712502443659658,1.6504732863674128,1.6112287436328823,1.663427414877715,1.6821057355607316,1.6316822106421844,1.659088741062424,1.679046725777934,1.6850753507376652,1.694061145264511,1.6577969218492603,1.6812616454901506,1.6523789885723619,1.6781410864785526,1.7410150474158455,1.6466995627364889,1.6896330379314772,1.7059449545440042,1.6424714099729383,1.632736510076742,1.610980743277233,1.667011136340443,1.5760303269512512,1.702415695475315,1.6260108270183502,1.6161098937755527,1.6383893752416718,1.6954067668630775,1.5963467229951436,1.572485877433537,1.6834891737437778,1.6477993484615037,1.6800626531305007,1.6166910011739748,1.6399450617726359,1.700063693283133,1.6524422473676834,1.6120282005777107,1.6985770524620467,1.7027861367365529,1.6827900453238944,1.6959485457838306,1.648992897996132,1.657769275563312,1.7409836929125744,1.6286473701650679,1.6107799929654092,1.7375545831313868,1.673367477262757,1.6720273737938804,1.7568334083748796,1.6777515294579561,1.6996569044627032,1.6992719970413426,1.7029634256523516,1.6819604970645772,1.7544928030304976,1.6170902760570862,1.672613970434118,1.6041188509001603,1.6061889550525144,1.634408449340233,1.7582541469414465,1.6337377856507402,1.6111030048233816,1.6811009482604249,1.6779133296489879,1.6622543097409073,1.6423487011216846,1.6098972948560677,1.6456765343035085,1.7113212116836882,1.730568081020262,1.6578596369075358,1.6485296049652585,1.6517688468950602,1.6276601478952346,1.618207223547371,1.5621524884507774,1.6648143264577215,1.6815626421573004,1.677347910297437,1.5884009073499161,1.572881676544233,1.6744359885295934,1.622997018144085,1.739840123536154,1.679426524008826,1.7094324995496557
46.0,1.6810230642072408,1.6179345315489413,1.715031375687482,1.6526797860404625,1.6646498607531335,1.677032283156987,1.6618877784036523,1.7705988784378177,1.6477315487890725,1.6232076615463311,1.6822182095057867,1.6795483197464645,1.660288768159154,1.6180474950920523,1.6718201522711673,1.685515775720641,1.6353200354278563,1.6626717241622608,1.6831975341091996,1.6893041639966573,1.7011610092523135,1.6638723988297706,1.684716147289821,1.660861872626422,1.684032752508566,1.7476242180908703,1.6465665894123656,1.6969801642991014,1.713504733642395,1.6465922911224387,1.6360835374684166,1.6155620146216088,1.675435337593218,1.5848530052741696,1.711433066358772,1.6316224238976815,1.622170765234652,1.631625611101654,1.7002592453329175,1.6049462831389503,1.577326897609217,1.691332649134742,1.652929924456706,1.6870339246927875,1.6158937948903997,1.6534357916783207,1.7082888163414485,1.6549532513071763,1.6163640693738999,1.705069640565392,1.7077415840612795,1.6891060651366063,1.6964498974462137,1.6515367557463234,1.6603633286049764,1.749391209878876,1.6338709870459929,1.61416225419492,1.7430344619519507,1.6744470878022268,1.6796402818749856,1.7616532431200238,1.6854496569999307,1.7034372947217569,1.7064504580352793,1.7077718443097298,1.6931725192599825,1.758366947121592,1.617102118703535,1.6808728644687163,1.6087559665656679,1.6169386365695402,1.6403042763347546,1.7642482669646276,1.6406576044802879,1.62785925947893,1.6890335506496836,1.6861775652215734,1.6653359358027195,1.6488312325321488,1.6148342189812692,1.6475774661333589,1.7160532335183785,1.7364083446618495,1.6723848536302535,1.6549336540314084,1.6538038745124883,1.6296230853901847,1.627976074673102,1.5641845640522225,1.6688067882284727,1.685386400493018,1.678934439669847,1.589280957690173,1.5768271661442972,1.6841217072125538,1.6243760937834744,1.7478088088730814,1.6705723028669037,1.7088220341017946
47.0,1.6893506464358083,1.6201221646683521,1.714436427375904,1.6594607637969276,1.6658490611482957,1.686919770655741,1.6699199176884703,1.774507955975721,1.6590966920974575,1.6299462435569783,1.6845099393778462,1.6805094442404325,1.6673887968540564,1.6255145347985975,1.680890161064882,1.6970576274853013,1.6448652756654494,1.6698389819970423,1.6857781604944246,1.6928089793293593,1.7100378174729038,1.6664624578161062,1.6921557395675235,1.6649739563497967,1.6889599789778906,1.7490464706852467,1.6369366755349384,1.7042505618598431,1.719017278725276,1.655914365307111,1.6499430294322168,1.6206748501035948,1.6830655082231687,1.5901311394695918,1.7130597550749225,1.6380285517512887,1.630811755918054,1.6342477572825094,1.7126758322595772,1.6105439663130414,1.5833308059116618,1.7025835072817534,1.6597404836823617,1.696645812528135,1.6147273718100539,1.6540743594795657,1.716410043802423,1.6573906690681077,1.6170495812925785,1.7091578319889735,1.711911226323533,1.6939950598380618,1.6991524994237526,1.6460632413880572,1.6628687564895006,1.7580869558583643,1.6389923732357272,1.6205883526308487,1.751796067791746,1.6834246268322866,1.680995307246624,1.7709421391603215,1.6906080581384524,1.7073806921869867,1.7190476534349883,1.7105974589827937,1.698690526681125,1.7641212710316834,1.6220726509004695,1.6813693203549671,1.619708292537894,1.6231767319452093,1.6413391255768055,1.7708674571797343,1.643148603316724,1.6291102201070373,1.6956707330509044,1.6952676537684181,1.6729419293241599,1.652206034200214,1.6149082618013508,1.6559358693201585,1.7216355179113716,1.7418382396207324,1.675078513841714,1.6554720259566962,1.662309958567298,1.635508864445338,1.6387448622981051,1.569426143449421,1.671432174083646,1.690930091991927,1.6845881084367536,1.5895078232388178,1.580229512712533,1.6932937920609823,1.6251853768030475,1.750588495584011,1.6651442078699816,1.7055807170938604
48.0,1.6879912236337153,1.619644266790723,1.715923796773086,1.657804812300532,1.6599188162305005,1.6933207901484841,1.6752995195859401,1.7835196989220508,1.660540233903008,1.6346579389866513,1.6890930689929555,1.6857207144010191,1.6717461979102466,1.6307091819340156,1.6881774971904897,1.7022887500312278,1.649402013306732,1.6721781304566603,1.6954372712294559,1.6912531036191567,1.7142836412811522,1.6660930346265281,1.6923315810801538,1.6693091678251608,1.6993222849560108,1.750184618943611,1.6375242301777204,1.70734070364519,1.7229165325358085,1.6586618918273617,1.6535037938987578,1.6312898955849904,1.6859347652372128,1.5930434134268927,1.718630276310944,1.6385618911389233,1.6359209808173312,1.6392942311696193,1.717131228258506,1.6161588128195687,1.5880473633706225,1.7063830864800371,1.6604513729601083,1.6977850136521075,1.6167176093343494,1.6581520545669393,1.7220911960557248,1.6630397420050422,1.6163212866073777,1.71513233354333,1.7110839246841767,1.6981676407322763,1.702902709566082,1.646564050049578,1.669997870683447,1.7621614080366836,1.640386593170996,1.628485037255468,1.7606857902404358,1.694369718227186,1.6853819274051507,1.7761898691610483,1.6986969706679038,1.708306772706501,1.7179946278757896,1.7191321833876072,1.7044384557503212,1.7736057883111354,1.622840046232467,1.6905835698921736,1.6282477738502805,1.6313028231876656,1.6405330568835037,1.7771023394652092,1.6465293913933392,1.6397552870681544,1.6975794385300702,1.6960881793112843,1.6750384840906787,1.6590625618037356,1.6190721843085156,1.651990280844714,1.7288798128299678,1.7478291055355353,1.6813485087236617,1.6597724498015674,1.669254830865734,1.6368114187226712,1.6430013629014473,1.567266517005478,1.6667838796465535,1.6985377099900887,1.6856829532878845,1.5875818824026113,1.5878306190438787,1.6977868214958156,1.6254988263087022,1.7572079162041132,1.6676496911311025,1.7108851539868364
49.0,1.6984923850699831,1.6258974823894023,1.7246045394344545,1.6676607816781526,1.6600162998087684,1.7040889307920708,1.6804113538043777,1.793101528477233,1.6688266992255782,1.6440180815530503,1.6942694281524175,1.6883112667531028,1.6760605974088958,1.636756242739645,1.6888471835496328,1.7081042759812395,1.6535178887528201,1.6756781255395203,1.7006416810780862,1.6939809940784585,1.7183385427677953,1.6724474639499565,1.6948600817831045,1.6744907103029367,1.7030453522491984,1.7556103589367105,1.6288408158715635,1.7146342759130964,1.7275412904767036,1.6593593381690688,1.6593157151056825,1.6378876792580508,1.6899272630453477,1.5998933281922594,1.7241238687297515,1.6383913319523133,1.6446615784097411,1.6338466626003625,1.7221348893327544,1.623158283994977,1.5927288114197595,1.7121304249157625,1.6659775147266247,1.7023597871829699,1.6152391785845892,1.6619819744966855,1.7281069781993907,1.6686644551769654,1.6161323959022702,1.7191083412647243,1.717440488582141,1.6976159001817406,1.7085938444830306,1.6474939890603981,1.6773842474900722,1.7723077705104464,1.6420210044208479,1.6337945363281472,1.770036811551391,1.6996449001564415,1.6918715575615642,1.781693762617423,1.7065694341412692,1.711314973492591,1.7240488064674426,1.728801142574017,1.7081506442778458,1.779910890494463,1.6275177242846839,1.6966504704634855,1.624179498474434,1.6358630345423595,1.6351569559115113,1.7858658785449524,1.6498926771975946,1.6457028451624418,1.7013340332437532,1.7022212478815992,1.6819863454967507,1.662255098075019,1.6194541365960629,1.6590331773160536,1.7354094920043157,1.7527100460947236,1.6874184684214004,1.6701830162876818,1.6769565575973584,1.6355528861485287,1.6469559828735507,1.5699213063731112,1.6714904646019582,1.698815664645181,1.6910960987089811,1.5867605784941636,1.5894035406177827,1.7035967171910886,1.6279374425526512,1.7635220462250636,1.6700824040208107,1.714368602536816
50.0,1.7036814689361106,1.6263413561258881,1.7313924504200846,1.6740446368351984,1.6572273141076732,1.7089600252544581,1.6821189599437638,1.8001549044933822,1.6760972550948952,1.6475918099613858,1.6993281428555247,1.694240405453901,1.681683691544749,1.6401874174397415,1.697349949731982,1.7084235466679738,1.6622312349417998,1.6761966634923626,1.7028871462980664,1.7004013578314912,1.728983789165163,1.6795377406344218,1.70281741084841,1.6804085901472765,1.7069555098651754,1.7570845170237537,1.6214554097810567,1.7245444347780006,1.7288762006688534,1.6602430883623511,1.661705245107621,1.6476179591998306,1.6959842112709658,1.604419715314268,1.729852843786157,1.6455911861214334,1.6499835505168021,1.6313168881321887,1.723879560878205,1.6289280385253313,1.6042537569068454,1.7160172779241405,1.6696695883158155,1.708397878522568,1.6236758094198391,1.6700073648034612,1.7282498904999168,1.6718003259533496,1.6156444922577047,1.725458871859935,1.7220566183705912,1.7022882929196745,1.7104805521161077,1.64599394248477,1.6798721919473083,1.7798939423710416,1.646228718458133,1.6429729135847306,1.773063076006354,1.7000088992888356,1.6989806347795435,1.7838462595749756,1.7098467302817821,1.7111603850835448,1.7229967557863404,1.7390576420369646,1.7158910621784682,1.7836524317653748,1.629589740615329,1.7056255781060456,1.6234187164681362,1.6407305743714922,1.6392926307978597,1.792274662797999,1.6568231407135177,1.6479603907219604,1.7049744960784614,1.7101502561640498,1.6876439160337315,1.6663444766782094,1.6287539181587876,1.6605947397504908,1.740968972298787,1.7579153602412043,1.6925799605451017,1.6780620444306784,1.678849163718352,1.638114012438845,1.6572255280385777,1.5726845202631226,1.6737274197802554,1.7009517589999197,1.692217859805447,1.5865832671235,1.5927033386501506,1.7096682711723532,1.6220924957843625,1.767687049259366,1.6683274210545151,1.7188897080016534
51.0,1.7053426523000181,1.6245992957788835,1.7379524228909864,1.6745173863202667,1.6582482118727921,1.7114317559924808,1.6897527432805295,1.7996338575582609,1.6835015673558813,1.655502824894612,1.7030084836096886,1.7009677386735513,1.6851084029130696,1.6433825112475766,1.7049839734218182,1.7128004739457858,1.6685655018776147,1.6828297351376715,1.7102582036020577,1.6981736028213736,1.729889788392626,1.6838729898578824,1.7076275303750625,1.6844401300198713,1.7104396712443557,1.7594580441169354,1.6155544580092749,1.7261025057247263,1.7415634681143213,1.6681391470500777,1.6652855557182624,1.6515816364097469,1.6997219041414084,1.610562403268235,1.7352518130953833,1.6505889937810587,1.6540809260949547,1.6326769219111836,1.7250491359631628,1.6327520981714134,1.6078911430933485,1.7198654361376673,1.6742889578280467,1.7134629478189567,1.6246128134993065,1.6741902731004121,1.7396866280501102,1.675352726250513,1.6154793232914768,1.727858713343637,1.7250311716722369,1.7093026141897154,1.7124368777926158,1.6472583173699051,1.6864447906868516,1.785032566489061,1.6499666874449423,1.6513703801150597,1.7778939803184055,1.705789819471276,1.6996256924376465,1.7885623825798544,1.7134679537293906,1.7160815974937684,1.7134390736217358,1.7433584677054506,1.7217540513069334,1.7880887807146935,1.6348533513946342,1.7080468747299018,1.6217577226804918,1.6418265550112194,1.6383283813058898,1.8034908522389042,1.6629166648378473,1.6577521714988448,1.7114792642502528,1.7119671761270758,1.6882332185628397,1.6747733841051509,1.6272349186199988,1.6590075268405964,1.7453767881425633,1.7640602706118795,1.694668325036784,1.6817100807075582,1.6834314109185258,1.6371957411256755,1.6643153148179493,1.5714281383695239,1.6807758741755294,1.7074644845819495,1.7002718768601521,1.5886193046251322,1.5973158058311614,1.7121288585495544,1.6194249842273138,1.7775422723838896,1.672175726521362,1.723809036479653
52.0,1.706568497594508,1.6288351699925707,1.7438469610312979,1.6817792230690316,1.655552172344795,1.714972922809736,1.6981143837638164,1.8051097772096916,1.6886574255344329,1.6619966486040292,1.7120100344095062,1.7041943150968897,1.690611574570243,1.6458049729740294,1.7099808961821341,1.712305720216475,1.6711666368031182,1.6875198932467752,1.7158048042357619,1.6935418759400105,1.7350689601664029,1.6863512363888133,1.7065773219529583,1.689721132377383,1.7134404148616351,1.7642580964048291,1.6023106178869724,1.7309629436008742,1.7488716098201011,1.6706085535539084,1.6702088038453518,1.6558095348204045,1.7014948783757666,1.6187764243141587,1.7402975526532452,1.6511915613390074,1.65604731432442,1.625972789496919,1.726692069598242,1.6348475219752492,1.6135145418612045,1.7241089561387608,1.6794096542704569,1.7181240512117282,1.6244727725265145,1.675723275683321,1.7446772834745723,1.6801537402739413,1.6117407317829706,1.7321709945047123,1.7273646653183783,1.717331453091173,1.722103198243453,1.6440092386358927,1.6972466569748734,1.7908510978339172,1.6519169403158722,1.6557127018645064,1.7824394722160675,1.714139024878644,1.706206034724357,1.7935550336710517,1.7102344970177148,1.7226925330588778,1.7120483176919314,1.7491805163325387,1.7287247851500054,1.7958728379683175,1.6387533051575833,1.712520269917382,1.6199716531668376,1.647071285592276,1.6410907491586129,1.8040917326931567,1.6640048876599536,1.6590529317182754,1.7156302268698402,1.721632901387904,1.6935311591627973,1.683308916939384,1.6313421252597375,1.6667218117417544,1.7512524610286078,1.7701772999561998,1.7031782707226124,1.6874678828252094,1.6881062766098303,1.6403650567940922,1.6703658021019967,1.5812953152608296,1.6838867778935147,1.70948165814028,1.7061380180559176,1.5897391508536316,1.6025167536832314,1.7213347650600037,1.618029990178524,1.7829709966530385,1.6801974054022115,1.732012693653164
53.0,1.7130568433044375,1.6338065296442672,1.744792802978458,1.684210552492158,1.6561248891275777,1.723137089514744,1.7026887161842041,1.8088456377462774,1.6910349763321417,1.6665738196315385,1.7139873366721574,1.7033827334721932,1.6970278108080885,1.6476997154872066,1.7125681041689398,1.7088898468586835,1.674552228820196,1.6913113763677015,1.7209351609937598,1.6937811146773725,1.7369631202576163,1.6927135014817127,1.708581862183741,1.6941323047926549,1.7219281881714836,1.7639599927969156,1.597375948756418,1.7335198015220994,1.753330975382659,1.667954234516272,1.6792597919058256,1.6663272989631843,1.7038462445546996,1.6235369897699865,1.7415763540258762,1.6541537736214498,1.6602030671223202,1.6308371574254923,1.7246420149703592,1.6381586597867197,1.6185625083750592,1.7287795072603698,1.6824442628760001,1.7236403496973518,1.6260318538970606,1.6791915242613487,1.7474956453842763,1.6821757082329256,1.6043899396922383,1.7340126512262504,1.7340707051216806,1.7210779355890589,1.729495589991056,1.6465231907092168,1.7015533342176923,1.7934850496502828,1.6594370531595952,1.661434294557636,1.783897469111391,1.7242259413955778,1.7095580532645733,1.7971319456262147,1.7143197491142455,1.7241626244875672,1.71182722947499,1.7557226594679876,1.7330598079346793,1.8007560150976398,1.6422708729918274,1.7140527915434662,1.6199258167417487,1.6534863369754618,1.6379728099134405,1.807765552809741,1.662212420210543,1.664603531842071,1.7207360326989973,1.7241142900445392,1.698645104741185,1.6867580148080314,1.63536021020518,1.6655603143982438,1.753330975382659,1.7766873217618762,1.7067350983509535,1.6901600631769185,1.6886028801712403,1.6447316727527614,1.6770136788744443,1.5828794553219465,1.688765767829081,1.7107131148898893,1.7092229262481367,1.5898111171559268,1.6117522605224615,1.7287813507660894,1.6184379607994275,1.7897648082233768,1.6880798154335563,1.737906813669955
54.0,1.7108565750114586,1.6365832048828395,1.7458032643053238,1.6851303858886497,1.6465064701750591,1.7304393214904716,1.70815542064462,1.8107985032948701,1.6943097524744812,1.6664301355568305,1.7111819205809802,1.7074471865812788,1.6995906499688356,1.6536469808885343,1.7170845892120647,1.7122065663192148,1.67095160983027,1.696177007507786,1.7254215517779865,1.6898229262383915,1.738984590239244,1.6983632796063792,1.7095621387025797,1.697472974405847,1.7260607187756039,1.7639570750969067,1.5885022039559922,1.7317947353257135,1.7563566666901733,1.6630909586993996,1.6876070434344819,1.6690902630154791,1.7086566214632235,1.6309550362135141,1.7434586598182682,1.6569698347417146,1.6641395730668085,1.633031252584224,1.725014570195273,1.6406405494244114,1.6242531678958874,1.7295189234870771,1.6880590624480323,1.72650968365347,1.6294365080305635,1.6772056618553197,1.7542040869614752,1.688248043159041,1.6001007196475219,1.734418851321981,1.7344993732216332,1.7231336482650514,1.7326594047172676,1.6461786816152324,1.704847012137797,1.7936395214796985,1.6626901562924636,1.6681906043315735,1.7886205836788707,1.7292036009689649,1.7138894449203124,1.800273769679987,1.717421456908367,1.7203402626311444,1.708842765940874,1.765333098474725,1.735883146726756,1.808260582101476,1.6474538654970716,1.7166296581675198,1.6072518210078615,1.6556429950810636,1.6385031568144688,1.80853225614408,1.6638553273189953,1.6656704821006083,1.7227599759905123,1.7275837687114668,1.6987497998882324,1.6919683701198989,1.6376555921487745,1.6589904136560074,1.7548668645269894,1.7815938770404731,1.7101186198784615,1.6915329299550876,1.6965247747001124,1.6419199201496057,1.681824247557131,1.5875193208847909,1.6930071700509537,1.7161567701222968,1.7155006633243306,1.5940697505666352,1.6152554362105842,1.7308285980308558,1.6124017715306795,1.7930575016846166,1.6909033623748486,1.7432795106697914
55.0,1.7125365244846245,1.640028471646193,1.7469146667809416,1.6876794959822987,1.6409369937884273,1.7308294270654805,1.7118888016227283,1.8150869364119266,1.6938119378719827,1.6703042947161564,1.7005365584206298,1.712833907357481,1.7047858172349524,1.6556671850607496,1.717985155441059,1.714968085238372,1.6733407081736098,1.6973909871229118,1.7265841583439185,1.6906024456753974,1.73900923407389,1.696854460560289,1.7092959535519743,1.7044373794976486,1.7338389757953807,1.7611165832081785,1.5843602361899893,1.7337063178030172,1.7586374895713242,1.661816275275141,1.689789369628889,1.6742776085693314,1.712531661858384,1.6335874933175318,1.7492031426690442,1.6596831871762852,1.6689628075118825,1.6345376245838743,1.7254335709938897,1.6442554414049237,1.6318303697259113,1.7308253911050546,1.6906400723506405,1.7301211845353512,1.6277217926600336,1.6833588863830897,1.757640230797485,1.6916709048907688,1.5965470083185767,1.7363334125914287,1.7402010869068318,1.7255597780690874,1.7347412265467574,1.6487487074360379,1.7073671906619208,1.7943804343547214,1.6633275657869226,1.6727145440695173,1.7981707562079798,1.7329364620410377,1.7149879015777616,1.8061884951634737,1.7156462766330902,1.7231909644807564,1.7111603850835448,1.771551725108647,1.7396875176300284,1.8149810202351924,1.6496215043248037,1.7189914973797027,1.6020335083188242,1.6589332473412186,1.631925945048738,1.8148885592949795,1.6644987858255738,1.6636283697728051,1.7251007012020338,1.729730662970794,1.7024700678583593,1.697926401031109,1.6417789412331085,1.6509623088206025,1.753028672898562,1.785745088932244,1.7133749751519038,1.6910205275226988,1.6978579652095027,1.6399814512647275,1.6822170606203906,1.58731209651664,1.6961034568152324,1.721094893353873,1.717236350331666,1.5963788547578457,1.6206453899445188,1.7326534791530928,1.6058994729588214,1.7914119153790358,1.6964715097805627,1.7471845068131548
56.0,1.7114796976304572,1.6423785805629414,1.7474451912311206,1.6878310519948654,1.637248528431366,1.7321684038778444,1.7158922650899802,1.8163490234548567,1.6953140206759272,1.670330746032937,1.6891734612106992,1.7130520487640681,1.7050598342958903,1.6578461781501748,1.7208853118736205,1.7204638233651297,1.6798959917921268,1.700061511990731,1.7282754280033266,1.692078967867413,1.7378817106809603,1.701548766477024,1.708561614143959,1.7110648469428518,1.7364117947761513,1.7574686877156152,1.5810927778541617,1.7342343735020007,1.7639513719571944,1.6638458847273174,1.6883942905557385,1.6785369785067354,1.718549824050952,1.6374962300827745,1.7535663916790247,1.6710223143111633,1.6719803349747155,1.631929372453869,1.7285688484899728,1.6455048984405838,1.6337101640076372,1.7362889772598555,1.6963530226088595,1.735085759302679,1.6291205344703368,1.6846124641154987,1.7602727318317648,1.697211604950802,1.5950340131569727,1.7415182456594083,1.7481087186745599,1.7251599219428366,1.7384605214580975,1.6510073379849126,1.7121453298621925,1.7954415247328528,1.664807910500212,1.6732352134033879,1.7963235993211275,1.7357029536464286,1.7187672469158994,1.8107721895087725,1.714773522150774,1.7218687476096834,1.709579149451307,1.7787388458807831,1.7401881260261594,1.8165051420611737,1.6497755868157742,1.7230730375403251,1.600404475998416,1.662281366930601,1.6255865994062806,1.8157937204416543,1.6656959025082676,1.6625364544846164,1.7277973431667781,1.7328126797878425,1.707050717629421,1.7018726803414486,1.644149496509203,1.6485789401677757,1.7543480409969359,1.7910485857412541,1.7152143414437924,1.6914935859450295,1.698497518318155,1.6383557525145507,1.6859059905461624,1.5827628366522841,1.6981394148687363,1.725637162036894,1.7182929521821861,1.5997890540960582,1.6261032751983098,1.7390263307289695,1.6035913820908634,1.7942620237771245,1.7015594475900515,1.7537147222821834
57.0,1.7149871621796269,1.6451708192238481,1.7456529840131132,1.687779850461447,1.631871001504536,1.7342627613170443,1.7182241524068391,1.8134284499357087,1.6994127663980836,1.6670977560201221,1.685289397373413,1.7174004095622446,1.7062395120469278,1.6617581432661181,1.7222277380284723,1.722540780360218,1.6801303139573813,1.7000483238245456,1.7330227661544364,1.6947353557009481,1.7346882606812357,1.7055015650022052,1.7122667577796196,1.7133837156467122,1.7395861753317086,1.7570937190190734,1.570518998259582,1.731807190014685,1.7709130277828193,1.6640176767045878,1.6924916436237532,1.6787152421303337,1.7225599155078937,1.6415116938820906,1.755635675274041,1.6782901833636363,1.6758899606412,1.6247522618775174,1.7318533003654624,1.6485951314098133,1.6362054867766027,1.7387052945645551,1.698703278475462,1.7356714307266954,1.630279700163053,1.688675753740571,1.764072041011684,1.6999136848681564,1.599530906299824,1.7465134405653415,1.7536828911540105,1.726441527326606,1.7413281875566813,1.6539094566222845,1.7121395654112,1.7991007685060203,1.665917847762267,1.6771476933870366,1.7963319545847831,1.7373662061200106,1.7216242193519145,1.8144050693189768,1.7130571526414944,1.7245518111777474,1.7114215590753248,1.7824399205605574,1.7424781759759451,1.8155433713806952,1.6499395718073615,1.7276556695314929,1.5916935462908892,1.6615392438343517,1.6205542407424098,1.8158778911462965,1.6650523587554098,1.6604956307137961,1.7308235403727323,1.7341800793803637,1.7128685030230606,1.7076252616691228,1.6497856487869904,1.6435027582073358,1.7517500697814057,1.7952128222859571,1.7161512317625338,1.69324810143982,1.7019171273385083,1.6412215913727084,1.6883816003445118,1.5857476851589956,1.7001959063556888,1.7330289954120481,1.7254209915331766,1.6021408071337826,1.6284672035082604,1.7395342403022633,1.6065384542730021,1.7978085800236991,1.7059769946897079,1.7575986021048755
58.0,1.719164483395106,1.643943003880823,1.7453152150790798,1.6875320387794337,1.6302868942416597,1.7366900314470988,1.7231434516958306,1.8187642657613539,1.7006941396363167,1.6708348568053424,1.6665762311443708,1.720431269281015,1.7136230808384294,1.6616329585219995,1.722553543565956,1.722514823027959,1.6820376558396273,1.6984443619674088,1.7354544284675468,1.6948085959538317,1.739256054272978,1.7018858705955853,1.7135224011695551,1.7146390657546722,1.741163163031241,1.7585165381946148,1.5692245194842758,1.7329026186166179,1.773603000476208,1.6639292791571427,1.6959387263241328,1.6807272026736402,1.72607318506115,1.6421798213678884,1.7578687007922178,1.6761688389795506,1.680164586056778,1.6223460535689105,1.732762800075583,1.6502117768292917,1.6395338223438165,1.748754372998035,1.7026650151432412,1.740680558966192,1.6380055423724338,1.6916340324007728,1.7675330057790095,1.7037424003328219,1.5934886781003241,1.7448674609227628,1.7581375466920506,1.7302912177468257,1.7444599034892234,1.6519191643868227,1.7118549132009178,1.8033908117821842,1.6658588784314792,1.679079541410009,1.7948615876185385,1.740859347437896,1.7250911559223168,1.8185421426288269,1.7135583211975018,1.7250238867521075,1.7153043910877146,1.7835251512880408,1.7448366400828397,1.8123698837744395,1.6493460870216659,1.7340839710163167,1.579260615729566,1.6678458463202406,1.6245794496916448,1.8208185154294092,1.6705251945134354,1.6633114382946137,1.7317546445651455,1.7376632949058142,1.7140006794605183,1.7076516449516341,1.6563577026766647,1.6402310585715638,1.7567795731087812,1.803426486025392,1.7214956611253367,1.6970370309384408,1.7015747854378647,1.644791693285243,1.690107020196658,1.5836424340046114,1.702254079728009,1.7356337322378004,1.7298337195763158,1.602469341915009,1.6298250557281733,1.7426482765966214,1.6101929942842619,1.8005839502978163,1.7125097911454599,1.7601403907962052
59.0,1.7186816980949957,1.6414007685687215,1.7432936160605192,1.6900346632506913,1.628952489261947,1.7410209424164618,1.7287386436600678,1.8199776545012296,1.7014554523602108,1.6674960412788329,1.6567061462421329,1.7218339892209957,1.716593468132881,1.6618514349312898,1.7258418497187138,1.726536917960159,1.67865472602636,1.7020248005287149,1.7403075601800415,1.6963780476657468,1.7385927225565248,1.7049914806995667,1.7158873536687733,1.7186223330151649,1.7417515386538887,1.7642263545503085,1.568132941965739,1.7359398606236673,1.7758106620726102,1.6653825993753713,1.6986532961279535,1.6867121317429963,1.7304506926441627,1.6454679048901464,1.7615656772524444,1.6801734705696463,1.6801764357662399,1.6163509276202503,1.7339972489726823,1.6522550681670676,1.643557393919344,1.7509846834670373,1.7038650774581712,1.7425663424434703,1.6365743400377906,1.6927753987386314,1.7728932914013318,1.7063904284243243,1.592443911560149,1.7488059978519932,1.760594846871061,1.7316139522291496,1.746685017524682,1.6542861907940676,1.7103591428250766,1.8080989066958344,1.668399538330973,1.6819319782584725,1.797570464976421,1.7445220153968848,1.7254724872042424,1.824168051689686,1.7077379344292476,1.7220196692448348,1.720533858115899,1.7852118463867461,1.74684090052798,1.8147732409915833,1.6538909495363017,1.735662063623624,1.5717760169800858,1.6703039870801384,1.6228518904302678,1.8239099815101243,1.6710092674911592,1.6629759293186632,1.7356462087481077,1.7384209661571157,1.713852593422408,1.7096142462240997,1.6563297029844906,1.6419646739752263,1.756912247337338,1.8012998646133047,1.7252417732541074,1.69910916576866,1.7049191211527406,1.6419789529175164,1.696691534839887,1.5777132631101152,1.702231126319378,1.736840721047963,1.7320804480676355,1.602936605733229,1.6337264283041832,1.743274012119021,1.6112579775325726,1.8022814511872756,1.7179000143360759,1.7658734286778486
60.0,1.7209849516463056,1.6407117180892035,1.7397559332895902,1.6923954536185106,1.6339516989888474,1.7430528525321565,1.7287907193741443,1.8187654840872274,1.7013174501161432,1.6657165558179448,1.6479515819991055,1.724738349442655,1.7215511946490716,1.6586887503880305,1.729417551101103,1.725982780915228,1.678887449024537,1.7028135792856407,1.7427467545999673,1.7020868446693436,1.7395618315242374,1.707875363320036,1.720314492822248,1.7206300951924554,1.743281823736046,1.7640586408365093,1.570360163334592,1.7385131772425328,1.7793541704447922,1.667892530483381,1.7000105047992426,1.6888539432506364,1.731256680441235,1.6506530984461543,1.7640522826425309,1.6835056114228029,1.6838867266708952,1.6133627464337743,1.7344800112085241,1.6514506657059,1.644233590645104,1.7547079714529064,1.707012293946734,1.7408078070812765,1.6347115019835115,1.6948630818283674,1.7740750563547978,1.7095418605330295,1.5876846091819494,1.750928812598541,1.7614663386799347,1.7339290432300656,1.7514617996872566,1.6522370343116728,1.7141980135458281,1.8093215069282793,1.6706458742470303,1.6835345195640243,1.803616613905191,1.7494131665188826,1.728206742990277,1.8247412805347623,1.6999097902965223,1.7240946578318455,1.7211730930690352,1.7842059506329526,1.7511662073397452,1.818784914165118,1.654842785694067,1.740472831828699,1.5781280558184516,1.6743222144761807,1.6251973577610053,1.8301230900279917,1.672853705809638,1.663697374776537,1.7376941418049014,1.7403128471096543,1.7124943580803498,1.7136975894292656,1.6593164077212221,1.6384083556441393,1.7574410850601014,1.804987354152471,1.7285028222004863,1.7030598443247462,1.70525368234995,1.6443859558813996,1.6988916309959783,1.577597846573669,1.7029657049283229,1.7406351403055362,1.7380422171201984,1.6042813213764557,1.6382661471482893,1.7432606093931096,1.6131752806106132,1.804055733575454,1.7234247069960327,1.7699940164640484
61.0,1.7217275032313715,1.639421185224308,1.7370642943130752,1.6924614384107517,1.6321761741753813,1.7383307592502666,1.73033533848001,1.8179310642084816,1.7036454413063697,1.6659322085613943,1.6409918725326746,1.7259758299045058,1.7289047101337975,1.6619881714037799,1.729928726800776,1.7269295111300766,1.6768492159127149,1.7018057383813348,1.7431174511739176,1.7036666492667567,1.7387843484929835,1.7108070422852548,1.7204128568625474,1.723827859866073,1.7436077528514782,1.7619971238446432,1.5680500492401963,1.741477517428393,1.779455840451093,1.6695132015199838,1.6984651570921452,1.6904311931122071,1.7335852716626348,1.6510163716183617,1.7661535838111855,1.6845804518138277,1.6884228259347742,1.6056832597546193,1.7349534065243755,1.6584889962684999,1.6474635762744838,1.759362953157339,1.7099457036498609,1.7434124977126997,1.6310853520235225,1.6999044499435108,1.7773154570251846,1.7125761750546362,1.587140576185537,1.752377796943151,1.7615615277599157,1.738711794413411,1.7474633957197616,1.6476733582712848,1.7165635831586454,1.8188874343685797,1.6760252322776557,1.68386985950177,1.8074601342728704,1.7513007259878788,1.7305314348293659,1.8238606250805156,1.7025551335216134,1.7179332394823823,1.7235128871163292,1.784421040066064,1.7524269409812014,1.823275707557952,1.655639788767063,1.7362342504047579,1.5804222598994808,1.6726364547853159,1.6300971166195464,1.8342323337480921,1.6741416606176311,1.6681558810131796,1.7387535269730525,1.7395883082318417,1.7165292350407861,1.7161189445815572,1.6599681933357093,1.6401649126775117,1.7588498923372864,1.8054205170881121,1.7307683063790562,1.700315521466015,1.7034609367729177,1.6511999350928808,1.7029325932531016,1.576981095723931,1.7047810136356618,1.7422719700130282,1.740348910604872,1.6109157387408166,1.6405497609512825,1.743240160229151,1.61577460927596,1.8079223209506345,1.727402609047246,1.7717467355460026
62.0,1.7219218826830314,1.644779070724968,1.726718111281298,1.6964925114205853,1.6345100287315528,1.7438246755505122,1.7314585617743752,1.820181591306175,1.7059926988616303,1.6641914070520367,1.6397244815414196,1.7320741046528325,1.7324526897239672,1.6671398563899282,1.7335947874820583,1.7319185983945125,1.6741536542552866,1.7043801676767332,1.7454057837800148,1.7061786011024025,1.7394583641326624,1.713969504219596,1.7233065486677324,1.7263797446646223,1.746343257740239,1.763715157403743,1.56900575003365,1.742842875554501,1.7823662660741855,1.6724710615548546,1.6984999914524381,1.6927128672107352,1.737454593238412,1.6519964563388392,1.7679862083324667,1.6838767019032572,1.6902484817917491,1.6098714186424095,1.7387410867451651,1.6615066043829065,1.6513052240192447,1.7623228234888375,1.7119076703583775,1.7490440531225395,1.6260141820331744,1.7035083635169037,1.7786273480284922,1.7143400615091513,1.5856128890832188,1.758224881446395,1.7632276975262169,1.7411174113790497,1.7504902898149781,1.648120788758952,1.71757479988776,1.8212009961832116,1.68042357422501,1.6838047114686152,1.809125652451709,1.755007359146535,1.7338216094728987,1.8280619194562455,1.694241500227437,1.7109038200034026,1.727165428047382,1.7908006581708986,1.7548285414760054,1.8256023796947778,1.6630975862703201,1.7428116871607544,1.571038963571136,1.6739010265158423,1.6309380287924025,1.839007446824539,1.6753670688302933,1.669356055251425,1.7464909121609573,1.7409163605542377,1.7186040994687466,1.7211276492565648,1.6625104267497914,1.6392846296838997,1.7601029540274162,1.8094916862589592,1.7332943695484535,1.702851097563275,1.7077450065063953,1.6531705278360629,1.7064260089641454,1.573349223870891,1.7061448381024182,1.746015267436076,1.7436983665741075,1.6155286469087362,1.6423478525192694,1.7472779675751042,1.6214556634795692,1.8109762243494603,1.731570221009808,1.769620124287075
63.0,1.7168724029496298,1.6482943143678213,1.7257402144145448,1.7001927385278766,1.633615449515111,1.7506455993724137,1.7343284898884817,1.8224527720573362,1.7081274227645615,1.6643264513245515,1.6393018200708795,1.7341356294434145,1.737886404442069,1.6711934043976462,1.736437416001213,1.7322530533068246,1.6641545302667016,1.70582157536043,1.7468176992744655,1.7077770667331607,1.7427469384374124,1.7146000541731394,1.7259389140470074,1.728333926652669,1.7493484157295598,1.7591264088564267,1.5659864273956885,1.7485453966508273,1.7891255286449859,1.6745667469729337,1.703074647545383,1.6942996585686536,1.736652094397799,1.654546108603062,1.7704154117952635,1.683761759025382,1.6939484068162494,1.610431675519301,1.73916795406828,1.663171395644507,1.653761286903969,1.7610823693752728,1.7135069423713467,1.7503130962922855,1.6231388567697198,1.7030604760706631,1.7803123243965682,1.7188942077424973,1.5808376208880341,1.7615274136328432,1.7656511631623202,1.7450717140924592,1.7465810168366027,1.6536660276017567,1.7213573342308652,1.8240341157383146,1.6802965489843358,1.6865569349459824,1.812022493906679,1.7576047494660196,1.7362107396847748,1.830577999240418,1.6853070161072157,1.7006999494105732,1.7322718673795154,1.7910310237257636,1.7564559824920132,1.827761141791777,1.6647835399541038,1.7436115245910466,1.5642900513052374,1.6784189360002353,1.636104248465914,1.8382305086410127,1.6815618329597573,1.671308168535157,1.7521423614688503,1.7435043888678325,1.723464733843476,1.7220077066328663,1.6635945765472095,1.6407572542328481,1.7631439127035091,1.8131681721833661,1.7352650687890703,1.7060768140621545,1.7113904073009263,1.6568929642102175,1.7096423309994715,1.5711406090188753,1.7118273349617341,1.7457911031121252,1.7478566367988198,1.6179583717619561,1.6453617420641833,1.7506687679673958,1.628024781642582,1.8124586706647647,1.7361705421280336,1.773242419176631
64.0,1.7109509714075315,1.6526943958686622,1.7185464930897223,1.6989794833175624,1.6323711422276082,1.757503184005958,1.7391853573565692,1.8233096612818813,1.710995767027764,1.6682274027213713,1.636751616234589,1.7335073124459315,1.7407122741387875,1.6749099254055109,1.7413064814232673,1.7345729140400854,1.6600169115092998,1.710102729130675,1.7509341952154867,1.7147061210346373,1.744361272648831,1.7153786572989478,1.7253444516504963,1.7293272243294167,1.7539670387859025,1.7576872340292993,1.5641988797485282,1.7479733242160358,1.7905686345468377,1.6787034059534085,1.7055188802716936,1.6969245602159515,1.7394497364799864,1.655618462179634,1.772136495529349,1.6867446658598448,1.6939216069161587,1.6044573628655925,1.7430691632117445,1.665778045777862,1.6552806955510404,1.763104270585101,1.7161245136642163,1.750564469160602,1.6152172336867066,1.7028368380338392,1.7832765850905317,1.723394123230316,1.5804160060902517,1.762918989126726,1.767163445308267,1.747247714379104,1.7464211880117395,1.6564785518843095,1.7283318890307167,1.8248286007478494,1.6845932079134496,1.6863870688676756,1.8139490889493792,1.7585020056597012,1.7373833742504117,1.835870402481386,1.681174321043961,1.7003482821444016,1.7354479393200022,1.7919631150804878,1.7593916838219033,1.8284722820483423,1.6677900355350475,1.7444171602992014,1.5606618899684603,1.6823730674428856,1.6397879533034945,1.8403436770996657,1.6828057768288833,1.6751240091266675,1.7544797917241863,1.7467807407167768,1.7253486932781565,1.7264053171053353,1.667264622446255,1.6384022518314263,1.7675189490586942,1.816959448693942,1.7375832549431367,1.7088191027574589,1.7144840175503466,1.661374272593287,1.7153291423491548,1.5733873754543566,1.7122035924342751,1.7479057313629591,1.7509399568777846,1.620007152817035,1.6478866432975947,1.7564995009829496,1.6351252071611881,1.8227510332687982,1.7381744923422267,1.7776349470313124
65.0,1.710740318054665,1.6558852116001503,1.7194120983331516,1.7017241566702408,1.6356857231599597,1.7632511673587046,1.7413101331498264,1.8256096934842263,1.7137165970879722,1.6650765978051358,1.637629201616759,1.7396517318786722,1.744847534034263,1.6759757221259355,1.7420483205960484,1.737571011528598,1.6574586330567609,1.7120955043089525,1.757125785696668,1.7150766485902686,1.7480701250071673,1.7186830864587934,1.7299164714170716,1.7299484464648076,1.7544640386119785,1.7576374601277014,1.5766032254646505,1.7513426594120158,1.7916311434717973,1.6798170357581148,1.7092778936460324,1.700952113043477,1.7439792490623283,1.6620359346316105,1.7768339503307022,1.6904689849112626,1.6977884836992767,1.596714603500244,1.7449828007162227,1.666852089610755,1.6575675328900692,1.7647245479206177,1.7173418078244997,1.7531857555411792,1.6086464622192345,1.7106623547822077,1.7849956810733516,1.7242664283715754,1.5811224906303873,1.7649435321064328,1.7680808967842487,1.7544584733301953,1.7437823298330943,1.6584141019306573,1.7319020300689767,1.826226238181493,1.6862890716602437,1.6886329122104173,1.818469986612036,1.7634931138213266,1.7377871208810534,1.8357721974008336,1.6719143055080574,1.6964590497933179,1.7389205249411983,1.7938413037629637,1.7610201922520592,1.832835100167846,1.669834461704275,1.7463950632967107,1.557853711901289,1.6832796801641279,1.6378925400662327,1.8455954152698824,1.6849401754914946,1.6757397105864609,1.7545273682577853,1.7511807115346452,1.7268765959149555,1.7297609651186754,1.6686825900057387,1.6388186390903392,1.7681289271853844,1.8195417054449394,1.7404120981052769,1.711301290836319,1.7176376252717949,1.6660679046155937,1.715875126973977,1.5747020771870293,1.7138123441523692,1.7544781692172824,1.752337531099765,1.6226978446104237,1.649839041587846,1.7574511493884881,1.636307189150489,1.8276622035379104,1.7451997720780525,1.7814749533310448
66.0,1.7103708745130446,1.660909501586513,1.7226517090218485,1.7005755724034326,1.638835881645905,1.7652480564205988,1.741387144597929,1.827287324619283,1.7146443442842294,1.6655280008393443,1.6403667588530777,1.7422720379818304,1.7474778551848804,1.6785245755833411,1.7479029394412353,1.7411373666512993,1.6507949963488848,1.7132290395802068,1.758700140857558,1.7181513416546415,1.7535849000466057,1.7198719147633084,1.7337320046565459,1.7335948337411105,1.7601485376692847,1.7548241757889456,1.5774973754404733,1.7541727536559135,1.7950022098594143,1.6868812542126022,1.7122384794384613,1.7054649615844295,1.7466741988978502,1.6652190948973449,1.7769188141220902,1.6915196073999126,1.7002470924112336,1.5936776485491924,1.7469624673430375,1.668951469480074,1.6629819193599584,1.7690173171224346,1.7175360050809254,1.7552801248934402,1.6125894962237453,1.7130611516166085,1.7859299981788117,1.7305351458376708,1.5792420711085704,1.7652909646254424,1.76992894506035,1.758464070257685,1.7371788619026503,1.660581084524472,1.737667754594991,1.827142419693435,1.6880511578220467,1.6892938586617436,1.822359234123957,1.7667638682891178,1.7401284317744987,1.8393661237740444,1.6677496620586894,1.681369945918809,1.7372472573701057,1.796696767816254,1.7627556281992487,1.8343583941197465,1.671084598978217,1.7507655290910935,1.5568032595493433,1.6847689849825345,1.6444936388876608,1.8473444052430879,1.6862396461405837,1.6743242214347085,1.7555034325948484,1.7564322261377436,1.7290829661388336,1.731770506738795,1.669103207327975,1.637244874378626,1.774532386008482,1.8218290930864187,1.7450379837285814,1.7139248755597236,1.7198392391547286,1.671243904148361,1.7174083546485515,1.5740757895097148,1.7173481492152975,1.7572494377986483,1.753642778791288,1.6228264938424837,1.6536587460973928,1.7606724624518482,1.639163594456688,1.8319275168456302,1.7501469060364467,1.783291947651857
67.0,1.7099889323259383,1.6587148945469767,1.7179142671582455,1.7021788669989981,1.6406026090979309,1.7669513963832624,1.7437434056660652,1.8282725398838342,1.7093532432310685,1.6618432617640786,1.6319971412639547,1.7453617746885748,1.7478737337049859,1.679978308952336,1.7508781606418182,1.7370790183720501,1.6446082881929778,1.7107140015246503,1.7599615643147541,1.7228187804719768,1.7504238703868111,1.721116434704507,1.7348398868533401,1.7326939313248593,1.7576678211324241,1.746689650546723,1.5776628093932676,1.7519853512205754,1.8001376806815468,1.6902558669826866,1.7136292073395398,1.7066268548036276,1.7448996743614582,1.6671750013802142,1.7743151708043816,1.692441376165776,1.7025208959759508,1.5888484482367518,1.7427619166983788,1.6672930943548758,1.6651501192356513,1.7683633129814165,1.7180438403814111,1.7545635783127782,1.6040953892403205,1.7159033309275746,1.7833592345030909,1.7271643740528928,1.5733478574865127,1.7680675146697744,1.7683354216808655,1.7586708036885548,1.7300901401338746,1.6604838658322771,1.7410272036072074,1.8278216388448976,1.6902547965507748,1.6887098944581171,1.8216792443229919,1.7660644002022154,1.7375122643523322,1.8429756755290705,1.6622721519100674,1.6746066579958903,1.739111744256071,1.794719014929325,1.7665475413069531,1.8344083604540935,1.671047670768041,1.754343825042485,1.5564235101617456,1.6861615529528902,1.6467725643941058,1.8492851053706,1.687799239867919,1.6775615136721653,1.7518957169002412,1.7547832076003973,1.7298248667139575,1.7337469398873369,1.6687037005999887,1.6353282975358097,1.780343428098899,1.8236811377318238,1.745607478094839,1.7089729786141252,1.7185689612178374,1.6706950246986463,1.7165349528907747,1.5751551510167627,1.7169885784988748,1.7561047880891523,1.7524674678297498,1.6228757957595485,1.6565426733935642,1.762110103796955,1.6343232218519765,1.8266832423573196,1.752726121260078,1.7828265800484022
68.0,1.7074765379896457,1.6590024561765164,1.7158891637270004,1.7039131885686514,1.6405366376440769,1.7648444795748064,1.7438948019923208,1.8255307608798093,1.7080262923706473,1.6642599188437759,1.625037210722966,1.7463908004380395,1.7488822735194614,1.6814147168600313,1.7533113105273284,1.7341837015806438,1.6423352753715312,1.7149161295317918,1.761586365872704,1.7257966055819831,1.7529150567498173,1.7219512438759923,1.733815681242402,1.7311144818857693,1.7584909358400944,1.7404510923292669,1.5777926064790264,1.7505256848630992,1.7997471530019484,1.694082304046911,1.7136035701097805,1.706125457147093,1.7453758823861496,1.6676000334446364,1.7769393390133585,1.6966354049604642,1.7010727796919844,1.5856719334495217,1.739343942562416,1.6668641574991157,1.665179318399922,1.7693602515091442,1.7189061873568787,1.7535826788338786,1.5973528685498553,1.7160806338130197,1.7886824681585274,1.7285983393906943,1.5676900656315844,1.7683031763656818,1.7655312354671933,1.7602664705582645,1.7241020867640482,1.6634619077342623,1.7456712826297311,1.8271648239516654,1.6910134264944514,1.6886859345602458,1.825737895818341,1.7689451042529885,1.7360273611529227,1.8459242200002386,1.6596570046456962,1.672517804028041,1.7379525617531368,1.7966049258404917,1.7685643878322383,1.8371043894954098,1.674843900101794,1.7555756180386517,1.5578753448692544,1.6866465155286838,1.6483767225115813,1.8517938482287586,1.6878275122035344,1.6780282256831105,1.75267838500064,1.7573976547303403,1.729093631118991,1.7329850022885052,1.6694729543515618,1.632870267866545,1.7788570652613793,1.825267946229893,1.743002760003812,1.7108824585750657,1.7223547621267703,1.6723132086536243,1.7151407755786736,1.5769454583693387,1.7196391311600547,1.7574426218233423,1.753516222716971,1.6232946405469246,1.6584476084939088,1.7612634874865711,1.634018817820968,1.8249740906157264,1.755417533617113,1.7814157992011477
69.0,1.7050507248089914,1.6582675330698657,1.7125424424025824,1.7030315063597212,1.6425288437172636,1.763847324480725,1.7440658913054177,1.8257037992796632,1.7117942013772587,1.6617965092101197,1.6259309833915028,1.7475589831231844,1.7496454662049488,1.6788931145504122,1.7541450029052343,1.7344522613190265,1.6427971017212795,1.7145815365913026,1.7617514624893407,1.7289539082375456,1.7557555345281872,1.7244293733612925,1.7356734049474098,1.7308949998032042,1.7596762006189988,1.7326207366088717,1.5745722440624006,1.7482837069143582,1.7963217149209472,1.694849301533318,1.7127492294887317,1.7063213249694253,1.744409119636457,1.6687359451125696,1.7775310963888513,1.6964844289400383,1.7021312930013524,1.5814525212288724,1.7403100984749122,1.6678956155759594,1.667199946925155,1.766390038036345,1.7136729107694317,1.750229305500544,1.5936734493878955,1.7193083552021822,1.7918322340746502,1.7281568978152293,1.5558087365082567,1.7676370050251196,1.7680023095155697,1.7631569721446774,1.7185736861236893,1.666105791435208,1.746652224739216,1.8271112692099807,1.6923482442291948,1.688389130514382,1.8230618126859888,1.7696056987017323,1.737360892060774,1.847828017334022,1.658235545719172,1.6673958614844966,1.7422116303202697,1.799126717623107,1.7691854201291621,1.834362124596844,1.6749991440451508,1.752293995203281,1.557491135057823,1.6859776951737622,1.6468846938411876,1.8545186717818543,1.6864717572356809,1.6803746737094918,1.7492022343344706,1.760477879463577,1.7310744025706721,1.7319435198040858,1.6691904744475456,1.6307606533949819,1.7801391323906004,1.824910180121741,1.7483499888747627,1.7101772427163857,1.7213304372008154,1.6744509340316058,1.7147337731292238,1.5779982097618546,1.7250343204992729,1.758264992280326,1.7539731752881007,1.628430413017693,1.657944919002008,1.7644510360516226,1.6302716825932686,1.8227628648711092,1.7583716308886046,1.7821737805138544
70.0,1.7098613075790632,1.6574624305349885,1.7120400726121352,1.6992553192301096,1.6433736630584048,1.7643742430410045,1.7459757728734653,1.8250938236577956,1.714637526638184,1.6597746563142115,1.6216004921608513,1.7458076689934798,1.749030206345641,1.681497495477182,1.753062945262391,1.737023802053458,1.6425246877534272,1.715974264173851,1.7613325251853085,1.733231253037045,1.7591461818350946,1.7234237008621534,1.73891752623036,1.7310625368531412,1.7598962172671868,1.7222238709610507,1.5723381185182588,1.7482854942526167,1.7962596777073507,1.6946357409789679,1.7097478268833384,1.7073907256430352,1.7473294807747275,1.6728778520280216,1.7799340996421327,1.6982405242674696,1.7005715332092923,1.577998053647899,1.7397997200412418,1.6677678368572302,1.6685368203855249,1.7672314388760677,1.7197032494061253,1.7516214477302163,1.5906784610311333,1.7183137867743015,1.7935952464525227,1.7255993139356878,1.5513512605253972,1.767364310045606,1.7683917791281656,1.7637674063398745,1.7142916386207254,1.6667061008803203,1.747265970791293,1.8289905425751147,1.6962741613157066,1.685789026526827,1.8274685475739862,1.7687608844641878,1.7388392509491455,1.8463301875543625,1.656359835500505,1.6689623947449188,1.7390605392598877,1.7985084746956719,1.7754501447718798,1.8389038327699343,1.678819421435516,1.7520598132491385,1.5587165527876448,1.6877397454062304,1.652949460242566,1.8551170791382605,1.6891280920144314,1.6805479638364178,1.7497879830798375,1.7624909531836845,1.7317250524321368,1.7331867838649468,1.6707596265162137,1.631672948071904,1.7775546858511173,1.8284490761210745,1.7475098684919035,1.705068592565203,1.722569252890034,1.6751697853907,1.717307742842095,1.5785067887016226,1.726441468303155,1.7612178503333058,1.7540116215608377,1.6317221286236372,1.6584103432274966,1.764355120840681,1.6253997749109377,1.820326943034723,1.7561252247119203,1.7802844313763158
71.0,1.7138652745352791,1.6616875418305126,1.7101809783061632,1.6987544837835071,1.6459810787093043,1.7631899947902032,1.746622942180157,1.827476416170442,1.7164410125580851,1.6565272298927778,1.620966844826033,1.7456111948187378,1.7504444822872438,1.6847451464952783,1.7529708639681716,1.7429350392294798,1.6432857447003955,1.7214120963670683,1.7622738252776318,1.7356740412453155,1.7567663944983105,1.7254798349421205,1.7414776575230513,1.7344979954824509,1.7596934176937888,1.7203106378946242,1.568946151371112,1.7492443218379468,1.7966021877519138,1.6945893995861612,1.7103331830000128,1.7087484609936479,1.7508445581190297,1.6757658818344958,1.7817159766345088,1.699926004555883,1.700181683343178,1.5764868966271142,1.7452204466759769,1.6681338808317736,1.6698837503282449,1.768882471106499,1.7217950689401869,1.750365854435749,1.5853126798626471,1.7212895221127127,1.7961116418715526,1.72856817457232,1.5451584781050145,1.7687868988656228,1.7696285582793223,1.76749523900344,1.7069193976088548,1.6702788389498255,1.7480595089523268,1.8248209148684662,1.6946308365788025,1.6848926047641926,1.824727253391628,1.769983839776288,1.7401899819107303,1.8467655124899864,1.6540694840898855,1.664896045733723,1.7394241654275102,1.8044452134492355,1.7766442097438995,1.8390022672284043,1.6823949384028911,1.7479372055843703,1.5593627198665334,1.689200701094267,1.6521057116068267,1.8542972935465323,1.68901659411793,1.682759072847764,1.7485552897947498,1.7614869363674701,1.7345947123547696,1.736114987798038,1.6730557767857452,1.6306981488508936,1.7785570938891888,1.829157888958338,1.7469612779898216,1.7020204424717116,1.728001814719143,1.678058179102278,1.717262653460136,1.580790993024927,1.72678161456888,1.7672693979660907,1.7546967138559726,1.6314256844746398,1.660550434719749,1.7660007935674984,1.624399030512481,1.8252243425168526,1.7576047583849188,1.7832646801384213
72.0,1.7143287177850246,1.6648268946952733,1.710032906015707,1.699802171439141,1.6522253406438032,1.7670720324331242,1.7499733970085989,1.8306826260390858,1.7167946774497198,1.6523614180235549,1.6235151332562776,1.7502392100015853,1.7481926644389827,1.687159433531547,1.7526567960269657,1.7416614325401414,1.6418409796630833,1.7218081723182213,1.7620017542994313,1.7372891370246373,1.750943020876378,1.7278828112739242,1.7449067360167339,1.7399151521610443,1.7591933107144915,1.7185133813585614,1.569418547425659,1.75026985512082,1.7992416098605677,1.6938168635299653,1.7155374750364116,1.7090266826155907,1.751641174991397,1.6737465498576654,1.7827480587547975,1.699073753882315,1.702948598352071,1.5804260035882034,1.7459192413640725,1.668139394382819,1.6713782715346934,1.767989778652115,1.7221671513605674,1.7515837652831747,1.5818182135120522,1.7211864641933907,1.7998029827936977,1.7281391128533639,1.5438297537088466,1.7706765273820082,1.773831506201119,1.7647631884032267,1.7010089387385865,1.6701953809956795,1.7494981307058561,1.824607654170881,1.6969058878552454,1.688637884723336,1.8258710044146136,1.767706200968145,1.7412279254734737,1.8465513364002648,1.6499443692115021,1.6566089723621225,1.7397503045872111,1.805264254944497,1.7802118220164105,1.8403440712744077,1.6858424491197348,1.7548961148435682,1.5624540901914945,1.690616685814986,1.6565229107929031,1.8579441385890094,1.690187014491083,1.6875544199381927,1.7496868949967903,1.7624277960493258,1.7387782273186816,1.7346726696097297,1.6740163794180607,1.6333379764173983,1.778465143451073,1.834344410016097,1.748257477640349,1.7060631824184247,1.728587894419298,1.675414110931191,1.7154644968244157,1.5810361591614055,1.7273676721022289,1.7671313397854571,1.754551745551572,1.6317312385096454,1.661352214478053,1.7638890996880265,1.6243044701101412,1.8252967108949838,1.7562341086936286,1.7876817161807237
73.0,1.7116204305966929,1.6629798577323294,1.7103668422895395,1.6975492000884143,1.6509050902284548,1.7695238250446967,1.7462949154862328,1.8318178016989048,1.71979127939847,1.6504620246245953,1.623945732463289,1.7490679149360733,1.7503468875284993,1.687047795744271,1.7533459499266262,1.7421358965190885,1.644639795150133,1.7230699675467835,1.7638311625118834,1.7411780092253688,1.744550462534838,1.7289639454128516,1.7476164628256876,1.7419347061660848,1.7575381791053906,1.715021881563786,1.5708474023518872,1.7581536681230212,1.8008521154662869,1.6942841443183057,1.7217742120484534,1.7113353024500333,1.7543291027138421,1.6757832256122307,1.784904942165102,1.7022035251230845,1.7070197150836457,1.5799646175966588,1.7473061320966827,1.6691456422374924,1.6730748054026778,1.7690922609838247,1.7222261116046622,1.7544153335438466,1.5752020591085905,1.7203589962167047,1.8008872021801805,1.735309210985226,1.5483829928029773,1.7720080970392196,1.777203396473879,1.7671265572153416,1.6999689302194252,1.6701309792303907,1.7510126045124241,1.824515953852349,1.6986714314193252,1.6884806345463925,1.8294656129191635,1.7685706518856412,1.74124998183345,1.8442664279358596,1.6517569010305122,1.6575331018725301,1.7413689574860933,1.805731269769137,1.781923813097567,1.8442030500443558,1.6872614449851544,1.7570412458828588,1.5612989021372439,1.6930062856592387,1.658095311854514,1.85991981701169,1.692724960811425,1.688360883709465,1.7495774184685915,1.758970035153813,1.7407026642606758,1.7355379454636568,1.675433852680833,1.632515467688248,1.7827348119051718,1.836505387700709,1.7463463364452894,1.7117319550041254,1.7299309497433744,1.6771485325051665,1.7144275322138824,1.5834185770197933,1.729604459863746,1.7711603895881503,1.7538495301342896,1.6360629202175607,1.6639648514907888,1.7661803679029524,1.6309838493443436,1.8250345472823615,1.756925651242093,1.7877196058448623
74.0,1.7092006291520943,1.6602754021037625,1.712104412683858,1.6948985515237327,1.6446351324024246,1.776435172628177,1.7459778441448763,1.8325418667083961,1.7246051456774867,1.6433761765861699,1.6259826202798522,1.7530537726328945,1.7517126817937725,1.6893240567131969,1.7543972694014018,1.7386313841357177,1.6477947502109695,1.7257579453810712,1.7647230017368065,1.741044682680767,1.739762214703323,1.7296751258770202,1.7497194916308265,1.7417257185995476,1.7578127201335725,1.7105381481995903,1.5691042177699004,1.7530489407000422,1.8014858789791837,1.6951505498914405,1.7204670915343003,1.7133377134916956,1.7546644503530535,1.6748184256530514,1.7855902260769112,1.7058370540302425,1.7085544274148388,1.5848770880504408,1.7438630285997923,1.671447724729539,1.673978584842637,1.766405801492983,1.723370112434282,1.755919903654795,1.5698237212897537,1.7216286889292338,1.8011287898461201,1.7360608251036236,1.5425355179620532,1.771419572331737,1.775956559532361,1.7659823006809614,1.6969699783035714,1.6685775863594337,1.7523278727559186,1.8267525290188316,1.6988109346170668,1.6898178197325517,1.8298165884641238,1.768882541375028,1.7401454185488556,1.8466587406620139,1.6478986607051693,1.655039813355665,1.7403188782385506,1.8057695675601058,1.783995975532845,1.844301353851844,1.6902681969020463,1.7602510024568796,1.560334995165287,1.6927840334395035,1.6588525570989476,1.8590617275389811,1.6936648566524986,1.691197745854171,1.755235799533813,1.7565845059871035,1.7424862924256572,1.7402387371017345,1.6744539776176806,1.6326206003732366,1.7826527690053229,1.8361548823002491,1.7501089723925958,1.7148170488106131,1.732517849390881,1.6762059397782694,1.717307742842095,1.5853147184311953,1.7287296235660217,1.7716667420933017,1.7542575089682,1.6343274487278876,1.6672408042336735,1.766718837527313,1.6341843065817538,1.8256045537869972,1.7574161043491308,1.787722303429998
75.0,1.7092935206377844,1.6602096367559456,1.7150886457939634,1.6947868495129188,1.645687810170409,1.7763074658759648,1.7394736715584909,1.8373397599105616,1.7274192750189807,1.644331339954369,1.6270802012936598,1.754455790530462,1.753087692833335,1.688803624166465,1.7558357032469019,1.7329951877169691,1.6490197175986485,1.7289077337814864,1.7657662945359767,1.7411917269273312,1.7386236227336906,1.7295034885727387,1.7504976296580037,1.7426672275684274,1.7564666244101488,1.7118738577408243,1.5690090857080468,1.7520892273514348,1.8010811465230803,1.692597387531992,1.7238321950476438,1.714810380071752,1.7514480129126702,1.6714850962997152,1.7836009872400052,1.7073489754222664,1.7091963080893497,1.583987890701188,1.7454999284147916,1.6715504892533664,1.6749641015452372,1.7652034459678745,1.7267547625462707,1.7565193168040418,1.5599163351929393,1.7191450754827957,1.8011769062050695,1.739164284808554,1.5366355328085162,1.771060226443587,1.7766419042631707,1.7657895274226028,1.6914699380671592,1.6707784672759434,1.7547604293832333,1.8252184489962087,1.6973243369623738,1.6930510299020172,1.8279329052575533,1.7681301423415792,1.7398274138634235,1.8510027982415607,1.6448796558916994,1.655719742546019,1.7413602510690296,1.8054323735100108,1.7871070806495515,1.8452931640512347,1.6928126823776097,1.7624999912047008,1.5630586200969865,1.6882405675149716,1.6566584783570708,1.8516952547006578,1.6936453884903515,1.695104237408085,1.754620531477987,1.7491687384819916,1.7414596385675327,1.743181606344197,1.67310360444914,1.6312994717495528,1.7854215961728863,1.8363027468413098,1.7483874147246188,1.7126183002748143,1.73333628151309,1.6783404526743022,1.716942578848952,1.5866158601231126,1.7294599839812153,1.7695229907401053,1.7533094263109406,1.63309222824541,1.6698775748891843,1.7660551304938235,1.6361205140245225,1.8289267911709353,1.7592522025391462,1.7865561607312819
76.0,1.7071453299626649,1.657616037411535,1.7139062339493722,1.6893324053895002,1.6456578434485083,1.775291846419488,1.7405555269434578,1.8374847167538737,1.728054924467096,1.645435978584965,1.624119643548699,1.7551547192850474,1.7573810294500916,1.687308272990981,1.7579890763038009,1.7338024223510573,1.650254041290353,1.7287064280190931,1.7677806855605507,1.7461554420928285,1.7383022823008945,1.7288012668755859,1.7522158619077146,1.7446640679432333,1.759490745090915,1.7057395659021553,1.5656224025433045,1.7514178430579352,1.8033034926737628,1.6927356015681838,1.7237001461606665,1.7145202106919275,1.751225891287452,1.6717131528884939,1.7862055705897573,1.7089354414928992,1.7103314230629973,1.5826421080875626,1.7459923177080674,1.67324038511337,1.676077402495773,1.7659240759266084,1.727554286148342,1.75702657925576,1.553870963186598,1.723149818643949,1.8055189920696333,1.7431236252468236,1.5354738051529522,1.7745092771780555,1.779126238059137,1.769257225641086,1.6956056819216196,1.6755430612144677,1.754479775395075,1.824020377619919,1.699341077795297,1.6941051196609649,1.828629455607201,1.772124920848932,1.7424990201590802,1.85420082033323,1.6502891470319827,1.6600483074704684,1.7408753249627886,1.803151226089725,1.7899951623367694,1.8465761358924657,1.692143858162909,1.762654882890146,1.5674132080562557,1.6885184832577662,1.661065315820892,1.846962962262965,1.6944445693986163,1.6955405061228044,1.7575203014215266,1.7481101487082868,1.742182311017677,1.7441314766978888,1.6754064340402366,1.6298449743432064,1.7895293067966997,1.8372493689399514,1.7489880674296039,1.7160069544195735,1.7326187838652316,1.6809948366754053,1.7154611940563889,1.5878263252770741,1.7337175007641499,1.772110514302169,1.7517489092429985,1.6344239213945924,1.6715215361579134,1.7688064363023035,1.6402910480314687,1.8321387991530194,1.7652237598498215,1.789711665756306
77.0,1.7056178021925348,1.6573851203734482,1.7103470616054164,1.6845768509732135,1.6445650955958186,1.7711926768828066,1.740434504310726,1.839324694797583,1.7287447095725839,1.6381619267479584,1.6276262769383187,1.7567797141032493,1.7589844093474527,1.6845409678877077,1.7568475406622421,1.7350183235162266,1.6509998654334115,1.731565356733575,1.7646107144088095,1.7466741988978505,1.7305293673071556,1.7292768448229447,1.7554095307046822,1.7428225519112055,1.7614070638512371,1.6961073797872737,1.5624344434895405,1.75231429644466,1.7997911843864303,1.6883443013942205,1.7254728333789044,1.7116249217475126,1.7489338692767782,1.6684824641692007,1.7860397860894806,1.708267547978343,1.7115140047199353,1.586812010009952,1.749425987733277,1.6710848609745137,1.6765742370793055,1.7616252260172551,1.730503085346854,1.756330659802056,1.5514206439029221,1.7251930169407075,1.807610314996002,1.7392228882787333,1.5363346530717072,1.7739879273201413,1.7848997456250326,1.7696853926636948,1.6916358060861019,1.6807772004713828,1.7529944449721402,1.8166423162455727,1.692384678248802,1.6917754976095727,1.8267779874588164,1.7761616327192256,1.7424783807578963,1.8592189166087651,1.6509165523184872,1.6587974235216874,1.7427080617181532,1.8046740666006071,1.7876496125502925,1.840388624595637,1.695005488618012,1.7666122594683422,1.5691652652825554,1.6825666216777282,1.6632746668027942,1.845289795726724,1.695643432660614,1.6968405037364507,1.7483850859623833,1.7432684995721872,1.745508577388666,1.7447492597470609,1.6729408136731458,1.6243703298458974,1.791066946225806,1.8339096739020584,1.7488205869977023,1.7188324836551312,1.734602836290645,1.6813181682692602,1.7134304033948538,1.5899265919784904,1.7382751653484112,1.7744752074162973,1.753641295073175,1.6387461602822826,1.6710147199397842,1.7697881239565256,1.639788302945872,1.8308254603254375,1.7669828233911793,1.7894570759945736
78.0,1.7046821696934928,1.6579638238267278,1.7100126302348266,1.6828128674576177,1.64127182259456,1.7715912608578226,1.7398399836123628,1.8441608234963855,1.7283984576615903,1.638490825392263,1.6302197179301334,1.7548494201382703,1.7590513647130401,1.683278884152706,1.757440011417353,1.733384678972464,1.6558361324772957,1.727826814673663,1.7630289652804967,1.747415236080543,1.7265456751814068,1.7361006711672822,1.7568588343975406,1.7424751239106373,1.7618054530971499,1.6834503939217715,1.5615918780937121,1.7536472958742544,1.8028986368298154,1.6845515656162742,1.7289339607342329,1.7126679594574663,1.7505218439411965,1.6735873139440873,1.7849253229993791,1.7122209007326314,1.711319494172334,1.5884804672802095,1.74928694453927,1.6730034077618643,1.6779870321822294,1.7545517455515718,1.7308379335752482,1.753242176398609,1.5548252953461248,1.7250862757721872,1.8071747315608246,1.7404052086691926,1.5402468991401954,1.770182811833034,1.7853339726906832,1.7699580545499756,1.6938334722439867,1.681982609356396,1.753873845730521,1.8168775227718852,1.6906590552711245,1.6912308850912772,1.836518020044235,1.7780638461325682,1.7410433242582952,1.8621232774883556,1.6469204709094576,1.6615735056415086,1.7426156443604173,1.8036637921524683,1.7924261348956974,1.845858546934074,1.6945126245075104,1.7668010212694212,1.5789726261847927,1.67676826807017,1.6615360257041234,1.849516743305721,1.6957544589679727,1.6967104228208356,1.7417180736926627,1.7429315691789362,1.7440074377060222,1.743577355945306,1.6750094789034684,1.6171891895735904,1.7899936890401962,1.8342120723345594,1.7424401684365813,1.7184142468750472,1.7338388684508779,1.6818644585784772,1.7139411244169287,1.5903013471366778,1.7414754200425229,1.7760826370726746,1.7537775484772782,1.6406332761037894,1.6663451948691093,1.7724120722570762,1.6440796778380653,1.8345191329305575,1.7701965166251583,1.791371691818035
79.0,1.7020109137726327,1.654383963236644,1.711879884200669,1.6840487094050232,1.6348591687042973,1.7732021479227036,1.7365279227511985,1.8496992349974706,1.7253034355105374,1.642050408056771,1.6320525127875665,1.7585476186516802,1.7606431527776958,1.6804869468451569,1.7603057450794937,1.7345078804341467,1.6584740779449443,1.729822521386967,1.7625893432360746,1.7492158901394566,1.7253159206827335,1.7364607954878948,1.7576171398179306,1.7422868265941,1.7631231214812302,1.6731530648873338,1.5598156652547146,1.7551867193504436,1.8046708907560087,1.6858429748322699,1.7317655349636818,1.7112350671956789,1.7533177341485247,1.6690213867580184,1.7875763447908124,1.7132051673054085,1.715158266148629,1.5901966298272863,1.7520732239503638,1.6723223524433344,1.679915211392221,1.7528844009854896,1.7317638495814538,1.7503866002282438,1.548982582704424,1.7281041395061947,1.8071684948397648,1.7422720379818306,1.5381335202649489,1.7691093573369134,1.7857839530092492,1.7712376979330162,1.6950954033666095,1.6821414821433665,1.7505778549159559,1.8165338140076475,1.689119601982312,1.6940110460625277,1.8369796693834093,1.7807624779890554,1.7420764687727328,1.8629053009603118,1.6472839054248793,1.6636012100953526,1.7430832895315773,1.8049245835764018,1.7946556512424605,1.8453717892597183,1.6971708677824242,1.7651276012955115,1.5822644847381655,1.6743102828677823,1.65936966014307,1.8495398703701873,1.698620665542664,1.6969425614165978,1.742083806930976,1.7405385423552564,1.7447255182588246,1.7442124254029134,1.6815759786984092,1.6106349360629595,1.789979261771505,1.8318199269783972,1.742537639804158,1.721634638103919,1.7349464682423321,1.682485735342758,1.7128433728562584,1.5904163722380014,1.74221366919436,1.777137457068704,1.7571509953266136,1.6400630310971043,1.665798312333411,1.7721123400991714,1.6481589310814864,1.8368227925369631,1.7721975227849378,1.7932509118475524
80.0,1.7038129422340953,1.6513842271060362,1.7121595970179322,1.678392740070668,1.6342583919571823,1.7695911805159859,1.7309930085721845,1.85547185870417,1.716472352884469,1.64344689309964,1.6269299639618047,1.756243183064943,1.7607477836078687,1.6753240032720755,1.7630895837600005,1.7375739769079017,1.6571570359034018,1.7273882939634728,1.761103004612707,1.7516659616060042,1.7242932207732142,1.7334542474084433,1.7588244110157067,1.7433991557442838,1.76449547858418,1.669299029529671,1.5601831480601707,1.754813382603682,1.802692419608563,1.686559352795887,1.73330352326529,1.7078961423045784,1.7519554578344163,1.6646256403649335,1.7841459814133336,1.7155188789836844,1.7143593553945033,1.5932746622011207,1.756330823018132,1.6760632914254476,1.681197554076647,1.7507703294498593,1.7322800445562174,1.7525966345136323,1.536808030216016,1.7337992229358479,1.8077431754997524,1.7419343647315484,1.5394167452184795,1.7704957738231268,1.7859572414289069,1.7697609201867397,1.6921272128597922,1.6822058321601774,1.748802983336804,1.8136846141331808,1.684344778069122,1.6941684571453879,1.8384859164034144,1.7799750213119538,1.7428876397163917,1.8676754241378584,1.646107147272777,1.6627159250987136,1.7411780936494652,1.800671501013761,1.7927616756353728,1.8484377431898553,1.6946336912779403,1.7645367640343088,1.5801056321651172,1.6718316102005304,1.6587423239613892,1.8472233047969717,1.696825564745682,1.6979738552263268,1.7390597099672445,1.7336333570962372,1.745050553697825,1.7438281971119851,1.6815382023425491,1.604571346691627,1.7917284844751882,1.8280990370424286,1.7439275714457558,1.721714743420284,1.7319283121406908,1.684852346198328,1.7100054671553573,1.5918893166657573,1.74133453818048,1.776032477822419,1.7605699478435788,1.6431634060139746,1.6642876266855455,1.7690415719131067,1.6497748270809738,1.8365142551022293,1.7723408156222917,1.7946642972987399
81.0,1.7039618428604169,1.6458352344006555,1.7152387506730093,1.6686645308195385,1.634067686013331,1.7585093188610434,1.726784558827824,1.8558937028419615,1.7120940678080472,1.6419460033620212,1.6214320858939855,1.7492444883043177,1.7610244725482618,1.6740332811482586,1.762087459719212,1.7350840779052932,1.660323549963162,1.7273182825098363,1.765547100172593,1.749767925907994,1.7230852378869397,1.7309175177560872,1.7584346560813366,1.7438632274452097,1.76526491274037,1.6600726885793364,1.5623807260231208,1.755936568366485,1.8033647182508517,1.6853518193590917,1.735286944452578,1.7063343321133615,1.7534324979447842,1.659262017354183,1.7806978325524554,1.7180758613654956,1.7161149373249687,1.594719105006006,1.7549149780800213,1.6766700206262173,1.6851133712220354,1.748976693764342,1.7318562988832547,1.7505979575559647,1.5328750605433354,1.7291136554632556,1.8099341144742513,1.74043326737003,1.5388977038398464,1.7702998541709505,1.7861843974116571,1.7668589086867847,1.6933516785585556,1.68134390726878,1.7476472208540041,1.8172095658786744,1.6835280169879048,1.6986439292351048,1.8378727621428168,1.78033798715603,1.7454233782609985,1.8705075951952457,1.6451742981324988,1.6655741193600815,1.735672687328873,1.7949703860111863,1.7927832559610306,1.8496510895373715,1.695118254053744,1.7622188039628235,1.5807846032801902,1.6724154392961492,1.6593840934509525,1.8428762480416216,1.6991439419616383,1.7007438478016228,1.735957957989993,1.7255611331664573,1.7431679997454277,1.7446741011957738,1.685251860549009,1.5956003093508935,1.7913691010565336,1.8266358385096337,1.7419156559039453,1.7244533178328483,1.732389159588348,1.6847761109609238,1.7065081320987747,1.5933205303929756,1.741651487134117,1.7754669626790083,1.769473951539647,1.6444194999980009,1.6684244755057178,1.7717001824474263,1.6519107933659833,1.838405370364613,1.7735526596077893,1.79773827874386
82.0,1.7031907145269598,1.6396763386409745,1.7153687026735063,1.6609593725610878,1.6353320732590568,1.7499501069061434,1.7256596867720762,1.856264019979544,1.7072177391688614,1.640574561388324,1.6217430492572866,1.7489093671590585,1.7600227504167285,1.669254491215227,1.7642392390305028,1.7343136063633537,1.6573275173607913,1.7251194157250063,1.7664685328720704,1.7497885609409733,1.7208142652977474,1.7333268066307024,1.7655523288612942,1.7439763056125375,1.765323094271272,1.6491614921340376,1.5609240965471136,1.7547161726911007,1.8010273518729392,1.685622106187239,1.7356252420909148,1.7005724794604196,1.7541379849939351,1.6526121336207487,1.7856000672585886,1.7179464503254342,1.7152876330234212,1.5958214854042878,1.7557961277878513,1.6743049576862752,1.684575671426276,1.743814385141525,1.732086439139718,1.7520263690027178,1.5273556756778968,1.7293315486483278,1.8129689868979773,1.7386872107553613,1.5358434625407953,1.7691080437150428,1.784554731089115,1.7672157586073214,1.699746571723867,1.683095043948965,1.7461649574053244,1.8190221274641671,1.684454848721561,1.6993199431973824,1.8392830519508692,1.7797910510310249,1.7496040767787195,1.8706397973176598,1.644507269672287,1.6646595376852698,1.731690694945099,1.795482104262223,1.790005399835208,1.8530062294906795,1.6975104385406483,1.7582852549002326,1.581843595865508,1.6722602170100935,1.6605112749979554,1.837914541458027,1.699553811938747,1.704036813944058,1.73678037539889,1.7255950614857092,1.7413558960837818,1.7429391071497935,1.6836292135312247,1.5921189219704346,1.7917732728669722,1.8251170442165907,1.7391132688475037,1.7239075819890697,1.7332402587574243,1.685163950765473,1.7053005020236045,1.596264309218217,1.7357845483208332,1.7748554846206783,1.7730104164152125,1.645678810976046,1.669978166181382,1.7745673575854013,1.652651001617123,1.8393883680753418,1.7725651282568418,1.7954635346912222
83.0,1.6964645130506042,1.6365708690238367,1.7164300308468008,1.655051336983891,1.6336910800243882,1.7446717703246999,1.72069176922068,1.858246396175527,1.7020671213266765,1.638134955158275,1.619635142370957,1.747532769687428,1.7615861427451043,1.66840262862113,1.7638218584554792,1.7342577938636294,1.6584185779609963,1.7190622011108674,1.7671096958509482,1.7507188843640802,1.7197645853555843,1.7378509598707896,1.769570541414458,1.7411335155862908,1.7682202972670473,1.6356267468201175,1.5599238560835298,1.754979090906967,1.8029680463236641,1.6839779314267145,1.7385474445261686,1.700712334548344,1.7535502948263133,1.651080263728883,1.7850785250414414,1.7193691399659028,1.7146726722850019,1.5959485561565214,1.7511332541081193,1.6757411810265683,1.6868130862931323,1.742642232304253,1.7344642800978913,1.7511045786943873,1.520668729732796,1.7310363706774983,1.8128234536272632,1.7349662856251138,1.5357654425487963,1.7705446370390094,1.786014199880773,1.7650268590704135,1.7034646268117364,1.6887185284052755,1.747568895859037,1.8205614505941097,1.6838437785809892,1.701950512046583,1.8397979416705694,1.7827551342826677,1.75069434361698,1.8702072278550455,1.642010070493503,1.6669677429712646,1.7362330718920231,1.798661387960113,1.7873996751901593,1.8563042870229902,1.6992422821443292,1.7628772114339457,1.5850284476273067,1.6728190720350185,1.661754248600552,1.838631219862075,1.7007081469767387,1.7049129874461246,1.732983087061665,1.72097758295896,1.7375810946898609,1.741937618822635,1.6862425996956754,1.5924479391921502,1.7915359386980518,1.8234228940489117,1.7403873581860667,1.7237579144978123,1.7284184277373071,1.684052294931676,1.7049771864706211,1.595776481847145,1.736936446623337,1.7770499267262452,1.7747910786983667,1.6475391873740453,1.6715282010809347,1.7744510030608522,1.6543385180784724,1.8346976430420512,1.7741181242827078,1.7979389936611447
84.0,1.7011711739933062,1.6356204228910536,1.717900666812298,1.6474947394228048,1.6318691474428333,1.7446223899962996,1.7176151779727475,1.8587527626646572,1.70159474954839,1.6351006786426567,1.6179160557886267,1.7447789085419285,1.7643110281628116,1.6692174906114006,1.763219476474383,1.7321222731098103,1.6626503410990803,1.7189717246537062,1.7665523485990453,1.7513642356596215,1.7230730914259238,1.7426902231718777,1.770506543235116,1.7392399672599632,1.76842177862504,1.6332473122286286,1.5598324464734252,1.7569573562538159,1.8042669367473636,1.681673333135699,1.741721670982986,1.7021884665167115,1.7543592384748996,1.651882177590399,1.7829309969493978,1.7215262591859906,1.7140192878911034,1.5988311510466613,1.7487174340786353,1.6759656540569143,1.6918327162421212,1.7436529417301885,1.7345914616472802,1.7545958746750467,1.5218523467077307,1.733749129444615,1.813662097425061,1.7352086375842912,1.536582829231597,1.7710526930703228,1.7841506724807015,1.765663995900459,1.7063367180953624,1.688421220637843,1.748745375105164,1.822706406984293,1.6837796872859365,1.7047787373696541,1.8405096017828995,1.7856919892226395,1.752266527804518,1.8696736014154094,1.6425559506475478,1.6700170079969359,1.7381884481396244,1.8055771448638516,1.7903869343188648,1.8574073747747564,1.7021748793601565,1.763686464663312,1.5906831485371142,1.6718530255695185,1.6620141311690846,1.8407836929434283,1.7058592350974402,1.7056166675934459,1.729789413504085,1.7234943007936012,1.733444921585604,1.7429679384273271,1.6863272398324958,1.5911390378127293,1.7906103131998141,1.82054482309416,1.7372537637086756,1.7319076731841434,1.7243725298735617,1.6842214778374314,1.7044844583801693,1.5963594075217606,1.7361500740697688,1.7789150615137455,1.7764564810581636,1.6516743548787465,1.6715681443808486,1.7754307901459003,1.657260910150091,1.8360056930227544,1.7754929952566176,1.7985583305511714
85.0,1.7003395199912668,1.6387715082281449,1.7168761091728793,1.6454906135296028,1.6272419181132685,1.7399600546437104,1.7156183971825663,1.8567774536879773,1.699685956181291,1.632105721809463,1.618024269723018,1.7460215324513415,1.7630152489285487,1.6710239140930183,1.766832712962282,1.7338394730658537,1.6604521384748667,1.716577587856636,1.760134024240878,1.7553473160126583,1.7203780743095194,1.740559773225533,1.7708992548462759,1.7407091746583288,1.7705742012473213,1.624156612445528,1.561175073015468,1.760535432675282,1.807806373380571,1.682202116314583,1.744302266605861,1.7015002991424786,1.7524881542679571,1.6535138100350844,1.7799128650362817,1.7270289661164782,1.7138214722889595,1.6038035496618739,1.7473740475880721,1.6747028091143155,1.6914374167497304,1.740301181060496,1.7386336616726792,1.7560968590504178,1.5223497072920649,1.73368047429197,1.8150202800248185,1.7293395975461499,1.5374992992778123,1.7686497890783388,1.7839172592193975,1.7664561599043171,1.7074123164014396,1.6912073346113174,1.7495200261642343,1.8245771991168607,1.6872927173801382,1.706457534404791,1.845061311505449,1.7862435323575716,1.7609101362463027,1.8751607208620402,1.6430141577153201,1.671736860752391,1.7396316809479235,1.806264563706531,1.7934568698893616,1.8609386767112883,1.7012322497884225,1.7628810670845023,1.5928814789121994,1.6722331483096817,1.6659930227705608,1.840661508617295,1.7056881059533477,1.709859127050679,1.7282339928028103,1.7181026796213459,1.7333067332618588,1.7458204626800933,1.6946683250367838,1.5942844192701486,1.7894861379070128,1.8199006127467805,1.7394241888098771,1.7398792147004736,1.7168040419991457,1.683058658019315,1.7015938350034099,1.5964334191261484,1.7325739243775924,1.7815661894013268,1.7803884064599873,1.653529356588277,1.669694289136954,1.7800698088181348,1.6569121455722486,1.8367948493292847,1.7771279221994172,1.7981341167718776
86.0,1.7012196395605708,1.6413597992623592,1.7166878219664292,1.6412926964435068,1.631004220346941,1.7347231571738648,1.7171138376861736,1.8575195268068703,1.6973041161002642,1.629212689655438,1.6134954871343306,1.742463106167442,1.760991113109043,1.6720068015399254,1.766100085913137,1.7382046583979265,1.6603547931221367,1.71365306143851,1.7587463576422775,1.7622256042534923,1.7212212542521956,1.7439433815328806,1.7762995722023498,1.740153063663236,1.7717558366248307,1.6188819546597886,1.5637009168991154,1.7627958089216762,1.81005290231252,1.6819607268365666,1.7487683072205686,1.7051042527965568,1.750534392934608,1.6532808567928345,1.7767488371103077,1.7284233748197062,1.7143797075838916,1.6070006905338152,1.7493370055182291,1.6702683389271007,1.693411026067912,1.7395007256033101,1.738965662599529,1.759564901920721,1.521771371884217,1.7364695138714639,1.8168883550037855,1.7328026045268348,1.5354397566683897,1.765921664911507,1.7891337127444678,1.7670052097539815,1.711161397818839,1.69551054389159,1.7520944171420243,1.828241793900087,1.681847720310681,1.7083780931212293,1.8492338247127569,1.7891475101036052,1.7630435809590403,1.877766440501094,1.6440810429676038,1.6736391695520294,1.7393029558367565,1.8075488097409578,1.7932242778528844,1.8632581475297225,1.7010243574877133,1.7675274440880848,1.5954262485587265,1.6726618358387133,1.6705593385080515,1.8434032510613112,1.7088473789195306,1.7124361282385323,1.728481733815346,1.7160824966647603,1.7304631189042428,1.7478823730139403,1.6974732799695889,1.594606125539626,1.7858430107381573,1.821110181945286,1.740492432259373,1.740791879711969,1.7076106294985585,1.6808597005458574,1.700757474545687,1.598448452748614,1.7279211565899681,1.7789719432858186,1.782146686014696,1.6538260712045283,1.6698934264006364,1.7812044808717746,1.6598883850569597,1.8399792019932384,1.7827146108851915,1.7981977370618032
87.0,1.6958487801517326,1.6431721197269693,1.7203614913671887,1.63774592641453,1.6313758856343428,1.7303908881667724,1.7147827982146095,1.8581979951098948,1.6977598763998185,1.624302546557341,1.6091743852870195,1.7456284144443468,1.761787249268628,1.6752417965620645,1.7707011097739624,1.7389935896710031,1.6551695103292268,1.7074495874957996,1.7566688759498146,1.7644750895340213,1.7236050393605744,1.743774902811318,1.7759502363192021,1.7377554153639139,1.7714421719418934,1.6073380476030992,1.561207688128889,1.7643151396115107,1.815393423839245,1.6833625665995622,1.7512936851170955,1.705856710322316,1.7475775251996966,1.655262704776226,1.7715854612078823,1.7325595478980744,1.7145164353554343,1.6099954099100153,1.7487290055111355,1.6693533673607672,1.6975612456021263,1.7404111592634126,1.742611848043692,1.7610234246470662,1.5173000418021723,1.7358993961858322,1.8199530984875678,1.735710146745127,1.5366494058835045,1.7614979783242606,1.7883408504278517,1.7703093437286574,1.7148083186687486,1.6961047654438073,1.7476540688220787,1.832099517589187,1.684164089744189,1.7129184142855745,1.8505103595647228,1.7907087414181855,1.7641339679355692,1.8802371506887705,1.6446883342602474,1.6776902531890188,1.7455924169513823,1.8081054621200248,1.7939658082627468,1.867218469309205,1.7029688731356145,1.7692889985497995,1.597444395484926,1.6757940329157255,1.6752402456721356,1.8374491593938287,1.7119888959933987,1.717150894629162,1.7295724695644286,1.7137762815572217,1.729554277670704,1.7519047789479854,1.6991820313366703,1.5988218759457924,1.7798663024949593,1.823129211733565,1.7420128637499726,1.74039585013649,1.7073581562336668,1.6800584314562277,1.7000610227854238,1.6046510702481651,1.7229366958667032,1.7782724670636711,1.783099001017447,1.6582263951338703,1.6672388813783001,1.7840634054874291,1.6640299662125189,1.8411086959015412,1.7834859348951633,1.7995230853380249
88.0,1.7016559752979417,1.6486841380677093,1.723133249150429,1.6318450028675964,1.6339206201787662,1.729832364821647,1.7149130208909762,1.8591124763931193,1.6999119722710596,1.6255603178383042,1.6041277962244453,1.744598432654212,1.7609922762714267,1.6752548134675391,1.7725536513527644,1.7431469599080123,1.6515002078575318,1.7014589767620014,1.7550103333056077,1.7691369932763787,1.7202571845039365,1.7472509157351268,1.7776173541970626,1.7399368234628836,1.775986658705692,1.6115971259079735,1.563475454405686,1.7652450270974915,1.8162629552152307,1.6834270655675696,1.7544403961847226,1.711016985618765,1.7420653046619594,1.6549662695258012,1.773030904690896,1.7316395413295473,1.7107866229483168,1.6127764992471265,1.749526058631983,1.6702046388645175,1.7019192146392046,1.7419229033805628,1.745102101878913,1.7638962891799694,1.5115807842420683,1.7375824175210879,1.8227308912732667,1.7379525617531368,1.5415225238547345,1.7587932950529392,1.791771683824759,1.7716712215668722,1.7182217054422455,1.6993571822886555,1.7485192724757124,1.8325725149099559,1.687047314520852,1.7160291525243094,1.8509310712723435,1.7940900633885415,1.765484175121553,1.883602002500946,1.651767040876677,1.6805953830147176,1.7522444721714332,1.8141536613459492,1.798282261642467,1.8674040100983935,1.7051365550881983,1.7700215280140716,1.6010137068987722,1.677161691816249,1.6787927772165956,1.8355971484080933,1.7155306776434542,1.7246235075525038,1.7307492943745446,1.7188056705149655,1.7366329622296979,1.7515709549501515,1.6998867686418646,1.604011091333145,1.7755091260841975,1.8224330689874237,1.7382624051338407,1.74369858471124,1.7015474308061085,1.6805616145767557,1.700460165767491,1.6112215515695536,1.7211186963125265,1.772600285258615,1.7846578461686542,1.6600631661082632,1.6685870620589869,1.7883363807187094,1.6667520277607548,1.8443819954435658,1.7867312300469196,1.8012319546030608
89.0,1.7045168883274644,1.6513987087185118,1.7232403595831824,1.6285900555695607,1.6419997699061857,1.7239147378112223,1.7103158729769776,1.8574001724332398,1.700599372894604,1.629403474607612,1.6037767442106188,1.745296538559675,1.7558226895569449,1.675321770849219,1.7761177853398844,1.7494043843883087,1.6535511751869043,1.6960362871631829,1.7540710465696083,1.7710499514578069,1.7186919452565095,1.7499534677384359,1.7865592492067461,1.7388620625341302,1.7801855520674876,1.6068815760098711,1.5637735430815214,1.7643590086110166,1.8201648379861626,1.6820355538980134,1.7586403561689907,1.714494625336377,1.7404523634801354,1.6502645578284274,1.7727647167092577,1.7323897650943187,1.7107388170873268,1.6183437758687131,1.7546925550166061,1.670792481837636,1.7042295091978694,1.7416132580682102,1.7492253564002493,1.7654185394269957,1.5099999789027063,1.7420213439159686,1.8259517208965357,1.7404637227558768,1.5468806337577725,1.7605440094333011,1.7853760393521076,1.7735163563580871,1.7225534616088096,1.7009348885581619,1.744131285336703,1.8363619630100754,1.6879657867960418,1.7178208490199507,1.8533755177892095,1.7977008551175278,1.771268592285557,1.886417543243407,1.6474894858749374,1.6845869886805938,1.754066872979816,1.8153058703019251,1.8045796871611846,1.8708216026519253,1.7079172083388938,1.7619146898753828,1.6019649327513048,1.6803948635037995,1.6822057230708645,1.8366431109944137,1.7216362373935261,1.731093441946478,1.7338976887886675,1.7200778059509652,1.7396498699601437,1.7505705022390288,1.7067103099604417,1.6033995074537974,1.7736643093074551,1.8214611420309492,1.740918559966916,1.7463137790834282,1.687214270972824,1.6810113839378165,1.7001078292278584,1.6118917901171075,1.7169712168828883,1.7719531604322205,1.7899278776968544,1.660838693234766,1.662141980794332,1.7912675332057486,1.6683948151040218,1.8468489343273118,1.7895494958494453,1.8044471431499258
90.0,1.7068432818292063,1.6534709586359766,1.7282086751453885,1.6293901206155355,1.641970109453138,1.7188558539130792,1.6990291667593767,1.8508785714211307,1.6980012528868906,1.6318757721696135,1.5988770192668533,1.7473732161268007,1.7493867729160997,1.6724730408436697,1.7772725415457482,1.7523349543243891,1.6505836895530681,1.6931093457878181,1.7504494671462822,1.7741587369103948,1.7172946430230627,1.7574517877765188,1.7890255872025242,1.7394010906034383,1.7835391736015294,1.6022058572920963,1.5629478828705758,1.7643034542869895,1.8222837953180508,1.6838731893452807,1.760065468813147,1.7179442829682974,1.7395177204740815,1.647548660302909,1.775435046044498,1.73542472215421,1.7137049717743968,1.6216356856901484,1.7510854759902288,1.671237333089703,1.708257310614581,1.7454903077555999,1.7527742965743949,1.7679484175453657,1.5147206278840941,1.7489315667506953,1.8304261875378294,1.746490521952703,1.5487750837850338,1.761001314960457,1.7907009177610633,1.7750761452286026,1.723119569924233,1.7045603760182173,1.7445124179702753,1.8389142277786295,1.68283109440621,1.7192503274636899,1.8575433770904854,1.8005126399351739,1.7731956786028555,1.8905381970798885,1.6472452020866746,1.6892863393551363,1.7622966777615827,1.8159684856956362,1.8106259610115416,1.877061996227168,1.710167110347456,1.7633384170849062,1.6032790847876657,1.683468783716386,1.6876278031826573,1.8411532364140621,1.722739687698682,1.7351536378903234,1.7361299202087368,1.7223744723040237,1.7428235114243091,1.7511364414725425,1.707544824759353,1.6038631268341896,1.762798110493972,1.8146755087649014,1.7405463232517067,1.7491893051601015,1.6789808728728304,1.6843146109424432,1.7032914121145097,1.6130297078365101,1.7152922288607624,1.7637769444708828,1.7948868958086917,1.6631625404276336,1.6606339064228577,1.7963181568288449,1.6738299210846317,1.848943780197234,1.791090441855617,1.805273887673524
91.0,1.7113278344653586,1.6550896935958277,1.7269362400735329,1.628681837056869,1.643818798972775,1.7149651600885212,1.696577411579994,1.8486752042214127,1.7008088268761377,1.631936278805087,1.5983670033311712,1.7481120645766877,1.743277285867784,1.6683159734083948,1.778661529742073,1.7524811920240035,1.6440665878431393,1.689739542928291,1.746767106636771,1.771949702426461,1.703754104419702,1.7601200161935564,1.7900187066055042,1.7387615004738737,1.784012375221672,1.6027872241786545,1.5643618441915712,1.7606938073571583,1.8188718738609795,1.6855249991300676,1.759666566721645,1.721899919973355,1.7351693862384798,1.6506263091065199,1.7742906615284284,1.7343468736386145,1.712808218277242,1.6221452567723016,1.7482648585210898,1.6730480931060001,1.7126490495800222,1.7473086579260158,1.7563747148540263,1.7671239388182154,1.5171051392418469,1.7489740732583596,1.8326411793168973,1.7489158259402477,1.549004048071378,1.7614372117969257,1.7916939665092468,1.7801709959186847,1.7243831236353253,1.7085807639069226,1.7477183898294821,1.8402815033977262,1.6796710705848843,1.72502369645878,1.8569669251767313,1.804545106647561,1.7764202117365904,1.8930250797593404,1.6532270286262607,1.6919361478344004,1.7682076992657345,1.8162393581266087,1.8119690475571977,1.8791980192434936,1.7119695561318862,1.7614125596261727,1.6083547985233597,1.685153590430718,1.6881315929003413,1.8407276198384825,1.7246667319680393,1.7350007748087581,1.73337927767961,1.7252468748978054,1.7425258235530738,1.7539614462528765,1.7082945232615407,1.6000901127644371,1.7553191394885659,1.8124884968436574,1.7377397906397296,1.7480714146288499,1.667674773209885,1.6888685507124648,1.7030035275400843,1.6142923238282174,1.7201017606246263,1.7538332149977498,1.7980500808612636,1.6675075511707902,1.6585541542281474,1.7953967572033789,1.673288417905573,1.849051600017227,1.7913616786579722,1.8049905688521795
92.0,1.7153800441734182,1.6595488288224611,1.7305376289297616,1.6215309906311153,1.6448116017664303,1.7071808856629453,1.6899408729906384,1.8413809121524811,1.6998214548796853,1.6352353880324642,1.5953872982959134,1.7470884939241127,1.7415120210253507,1.6656337383573077,1.7827971405883662,1.7515846259171748,1.6403542588827436,1.6868279277951723,1.7504620532913868,1.7727618630298185,1.6979528875867764,1.7625040642730991,1.7933869040179247,1.740774662462924,1.7857855082698082,1.5989236823044,1.5636194291359673,1.7629812365995343,1.8173316962033157,1.6869264986069994,1.7619971721720418,1.7272208523966275,1.7305452647432016,1.6527663420382472,1.776313109850012,1.73393335620088,1.7167446221127,1.624186781009978,1.744116781968833,1.6738124782885193,1.7175260789466906,1.751586799628657,1.7569028634549175,1.7695308217084156,1.516806472454069,1.7515592143169507,1.836591286098486,1.7532828209620825,1.5483150236149723,1.7631256126123946,1.7896106437905601,1.7854097394398278,1.7255810116030905,1.711399886810237,1.7466116649087227,1.8479552415189344,1.6749563336311009,1.7276719753000056,1.857573201781268,1.8079768494212354,1.777291538850651,1.8944174410760812,1.6593947453640674,1.6984366421669865,1.771523614167511,1.8173471175792968,1.816057738695828,1.8816723909829183,1.7127661129591754,1.756243165838007,1.6105882310693012,1.6866280721327525,1.6909942457543026,1.845413140419481,1.727459974878038,1.7372239424317968,1.7324309838293614,1.7228595532729454,1.7442380903494947,1.7526408365244392,1.7119014655100433,1.6018288183114393,1.7469469066800798,1.8043504251611289,1.7370539269185037,1.7489228891606226,1.6586111558031893,1.6890648522421328,1.7014907712177376,1.6187367727965465,1.7204147415565059,1.7450417390422126,1.7996306420861181,1.6712993940061547,1.6625044768828212,1.8023197101968806,1.6762497610018674,1.8503024461693378,1.7941803895243873,1.8050117209091407
93.0,1.7197958857456248,1.661298236091709,1.7326473312572743,1.6121987939539344,1.6446085040873113,1.7015615996221516,1.6779188904460447,1.8354417656165138,1.6980204859101724,1.638344390192626,1.5957599942142011,1.745566415322027,1.7400750600000479,1.6570575430562546,1.7839724809332207,1.7554758981001986,1.6431774496738385,1.6889146101588817,1.7509556722487518,1.774062969771865,1.6983057576566294,1.7657434289116531,1.7907096065913244,1.7438865369371934,1.7834796538366353,1.593359055598408,1.5641829698658802,1.7624549931797815,1.817040276191345,1.6899901570535345,1.7653476128811525,1.7293613849315266,1.7236799380262402,1.6495019192927998,1.7658316061350512,1.7254795417495479,1.7153546866941969,1.6260049323373469,1.7449621938512616,1.6762691575601185,1.7202392179950943,1.7529410174733644,1.7560166495496519,1.7740093148513987,1.5194143431860059,1.7495770639960766,1.8375766117835501,1.7563719282659391,1.5477773784175943,1.7640722496024486,1.7872191036931278,1.7873063402397882,1.7319556501497102,1.7100616900341397,1.747752204012835,1.8466907186231125,1.6717947682454204,1.7298090274458318,1.8610180148666395,1.8139064306301418,1.7764673698957005,1.8960446537241475,1.6625330343604054,1.702570909102799,1.7750383726280936,1.8172363378211325,1.8168842998092665,1.8840743582165875,1.7195421469302434,1.7477840327756984,1.6149940233882996,1.6880671021037952,1.6884909300035398,1.851056756645612,1.7277614363475902,1.742405173328101,1.7267045150018296,1.7264410550897438,1.7411971062908327,1.7506429965759565,1.713190361952673,1.6055007780328452,1.7367915002423544,1.8011313486606026,1.735884271333174,1.7518596986128632,1.6566654488758996,1.6882752843723385,1.7011203535578094,1.6212176897715562,1.7204442737085606,1.7363932170209082,1.7982237985485656,1.6713517355568375,1.6663495807255249,1.8037404424020613,1.6791916887928726,1.8506916746446547,1.8000910628629838,1.8099118667074157
94.0,1.7229234218652532,1.6640334997782076,1.733502780794915,1.6108379653839322,1.6458777798285922,1.6927888151819686,1.665936614934719,1.8301431921360671,1.7024635368436334,1.6415218658206083,1.5924395707250336,1.7418267798596376,1.7362089858151106,1.6570477743002194,1.7829806207331755,1.7569910712311547,1.6410015125853905,1.6841513276520983,1.750006856616178,1.7758971366739846,1.6999466216399484,1.766376322557038,1.7914189881649163,1.7448969880671796,1.7874490157454044,1.5923004891777786,1.5612148576979783,1.7658005561929688,1.8145092039785868,1.6885880263916688,1.764285597462675,1.7310717524256214,1.7230589105684657,1.648875159119046,1.7602130027735103,1.7261948586833413,1.7190483789923938,1.6291215545059343,1.7398265726083437,1.6804112032471934,1.7195401217352309,1.7509898396295611,1.7541562401277981,1.7744220793172962,1.5200156629946744,1.749357635376507,1.8388449867485905,1.7568389943813578,1.5507204648113755,1.7615950140834864,1.7806353483814257,1.7878155378432012,1.7342288152367547,1.7077780245673946,1.746496419385819,1.8459544312137373,1.6716531428697117,1.7321433727522109,1.8608315033558267,1.8157007856402556,1.7756498923557804,1.8953916568882505,1.6546172296258943,1.702544451667849,1.7752384841039912,1.8212342871880687,1.8184256459564831,1.8840702019986841,1.7190699466060528,1.7351473323862552,1.617930842811741,1.688830548968189,1.689862145395776,1.8506211220950957,1.7271554810298713,1.74161827873966,1.721102511407118,1.7256832802170523,1.7387585357410804,1.7386185021023517,1.7162675946355759,1.6101520724963585,1.733095587745898,1.8020942843910337,1.7372086932778847,1.752555510267917,1.6479527052524603,1.6881952126000752,1.702104220574613,1.6217215006455277,1.720381557167576,1.731371753565936,1.7987377341225639,1.6702350365551129,1.667666276329147,1.803810898149468,1.6793156859039011,1.846084618056492,1.8014724713834507,1.8108210011284367
95.0,1.7228309449966226,1.6671385764299962,1.7321753947818763,1.6075249950535624,1.649523255302138,1.6904429415004532,1.6601854163622998,1.8292492754178804,1.7013665886884504,1.6450295588863424,1.5947946651754081,1.7414069129236271,1.7277410688628405,1.6610758493482547,1.7822619428548878,1.7604638271518371,1.639766322484792,1.6832645973300708,1.746182386371644,1.7720099928270756,1.6963880844321866,1.7691759008920425,1.796394636616916,1.7465003438905713,1.788362460241799,1.5909684537842033,1.5656356438787367,1.7660553483048793,1.8156625824494452,1.6832186085506382,1.7649098087547508,1.7334636292881107,1.719976671790301,1.6390575352001298,1.76053597607562,1.7261193918122866,1.721335092494643,1.6294697838464312,1.7391028469115604,1.6821340148353376,1.7183956545096495,1.7535735445111167,1.7498795358463652,1.7783559577135248,1.524115294422066,1.7490691267497906,1.8408928545575827,1.762049269338768,1.5540111467219184,1.7627060065585498,1.783032515236192,1.785411583700332,1.7341006442288658,1.7056916858059925,1.7447979439829249,1.8397752163194736,1.6693271594363863,1.7377406383785752,1.861315245858928,1.8187630225926474,1.7741356622621005,1.897082022837641,1.6560682661039108,1.7064486386230557,1.7761101249366396,1.8191166189145858,1.8219402245212826,1.8815583617243523,1.721080494475531,1.7345261308397788,1.6195004588418782,1.6878580349180268,1.6931578503958622,1.8514613076652935,1.7228309186232644,1.742187844694435,1.7150799747232361,1.726437056836494,1.7344202687175745,1.7396510064694106,1.7211450231430525,1.6193783811813809,1.7296360419794796,1.8004999013751444,1.7349539182771194,1.755363232981978,1.6432697165224126,1.690066042392029,1.7036353224334966,1.6261437466117077,1.720000519982548,1.7221775481206425,1.7955894127280665,1.672022059177149,1.6662654138990007,1.8048420232132347,1.682555298606091,1.8382996493281847,1.801393862948302,1.811660534873489
96.0,1.7256988285715928,1.6671469562357677,1.7337096733738537,1.6059963236499106,1.6524038230506892,1.6834124447157484,1.655206929541931,1.8224365359314614,1.7001399658560112,1.6425737834464063,1.5969672582772676,1.7397846072759313,1.7206395920810063,1.665808007659194,1.773330742132773,1.7627720768851618,1.6395204829314343,1.6751554244359301,1.7430606506068382,1.768562234357812,1.6982490344478596,1.7673407643920591,1.7977773825442964,1.742029160732005,1.7916039683007832,1.5912930568161106,1.57158316610897,1.755457473909993,1.8121714601370031,1.681089633940439,1.7646035019820487,1.7396220809408578,1.7152274074781162,1.6356736659948017,1.7557512757660918,1.7243070817647257,1.719499050222895,1.63472977823773,1.7317244446928608,1.6854326865233327,1.7217594015059299,1.7494258017574267,1.7518328629508884,1.7780545866736397,1.5283246370612973,1.7485993421896369,1.8341623489736978,1.7692776104821308,1.558263465527521,1.7579733822116392,1.7697157938045927,1.785045012770365,1.735376930825554,1.7097462762106277,1.741506708667723,1.834591851543867,1.6666504385061192,1.7398533323468888,1.8636800372028757,1.8161086565193176,1.774979655238267,1.8896540781862283,1.6542320943298663,1.7050876792439555,1.7759579132467607,1.8137028024231412,1.8209851146904095,1.8785164335854379,1.7190987621047842,1.7361495175636528,1.6172748404912347,1.6903353073861969,1.6945494041791933,1.8522709490934588,1.7215653609074173,1.7438612775367068,1.7144022393123668,1.7316416602646472,1.7274509015753599,1.736251790186114,1.7233510272753247,1.6242043197616527,1.7255526116005877,1.7956508720945035,1.7300428395229086,1.7534224222102661,1.6361067123959285,1.6887924869687945,1.7078399574306995,1.627900939713383,1.7253785053335207,1.7108413966112432,1.7837784004578052,1.672048060771438,1.6721287563966862,1.8002624682662753,1.6890449774474252,1.8373351911689748,1.8034677837045567,1.8131624513041493
97.0,1.7273046993905858,1.671147959308631,1.7357186728026135,1.6065519812535696,1.6576732554979552,1.681290466607547,1.6562170568128973,1.8201436647513354,1.7019803482988256,1.6444531217631255,1.5962165772384527,1.728890773145077,1.7161551646091935,1.6668028509751767,1.7704412300337544,1.7630357819331142,1.6400606871981067,1.6568811228287081,1.738471446222903,1.7569246685089934,1.6957763053980164,1.7634601228525038,1.8001468755495382,1.7428809708692952,1.7919009242523574,1.5863990942340092,1.5731888638790916,1.748973730257153,1.810431157762236,1.6814067965425432,1.765508807610073,1.7408113066478454,1.7146290834842586,1.6321061677007123,1.7528548757090563,1.7252724018038137,1.7215991587676398,1.637235437039458,1.7265156004294484,1.6886688372559524,1.7125564149336354,1.7525183963948527,1.750192719913528,1.7792173465568624,1.5323605285469686,1.7491452314795861,1.834430377989199,1.7701831214623027,1.556132545882345,1.7579153065990434,1.7668097795934465,1.7884690568524857,1.738426924155715,1.7127242984163797,1.7402821538230213,1.8180080613299114,1.6671212586652022,1.7388138636019126,1.8642794090366626,1.8153931182661271,1.7727170206590597,1.887885243673874,1.6620858408850947,1.7067481188255302,1.7739116157458372,1.8109268328637076,1.8209786280633489,1.8767346561518832,1.7202683055752561,1.7363435327674261,1.6186362142414572,1.688790251123729,1.6955330638677073,1.8498506545847602,1.7197615638957038,1.7424177204766216,1.7143559985082355,1.7347132411396733,1.7263359386161317,1.730056227688466,1.7249425052920582,1.6316498323004616,1.7254315710496457,1.798035277371834,1.7259229888458327,1.7486271509756197,1.6348300862403295,1.6898571333312982,1.708090272859921,1.6330720381458783,1.7270872278063356,1.7000432393040958,1.7795569758753027,1.6704003394766531,1.6726235171427462,1.8022570718839226,1.690316222340155,1.8322505139581435,1.8049095427708783,1.8124886372495632
98.0,1.726701512431381,1.6728122692946696,1.7368509368882254,1.6078058697968467,1.6617518351831908,1.6730593553705877,1.6470380010727994,1.8178290571114561,1.7010675417292527,1.6454823012882116,1.6035664830170786,1.7271093042609782,1.7084800888469809,1.6689196815739218,1.7672689052867634,1.7651871606189053,1.6436874687829253,1.648806603890703,1.7378512497110392,1.7556004506750307,1.6963959337625496,1.761880280719992,1.802789580697698,1.7413254349303036,1.789434964294999,1.5854327293506727,1.5666165964074361,1.7440779227216971,1.811179816033391,1.6808537600339557,1.7686281765660412,1.7426211511009728,1.7103743773189,1.6287292281889132,1.7502268233182499,1.7248077740798369,1.721904488357043,1.6396122545550884,1.7129661875050166,1.6900861516511148,1.7083947812332096,1.7470897776375804,1.7463348907990894,1.7835904476774862,1.5308165554855597,1.7520633036606175,1.8356439900774253,1.7723532115475342,1.5648505467902565,1.7625358563091171,1.7620055236377687,1.7875838406550009,1.7406282975680651,1.7128234582422628,1.7402031063279317,1.8048513789951932,1.6610495047008207,1.7401801558486707,1.8616692758063444,1.8078533435675541,1.772555692484917,1.8882576444896675,1.6623536091285867,1.7110798994084417,1.7717456956596895,1.8081462533087649,1.8114392380644702,1.8681504041795864,1.718666925599927,1.729138205899614,1.619857320651651,1.6948803531557792,1.6960907723170322,1.8488442999351584,1.716327230455928,1.7425714994187447,1.712778791736385,1.7381246430877497,1.7272779433690761,1.7225435020689508,1.7217329865746882,1.632855676028323,1.7183485741283042,1.8006886638697506,1.7196596590589122,1.7474057248954527,1.6258554587404799,1.6887509853481406,1.7110335791164506,1.6360347798675237,1.7279286293840932,1.6900256254128647,1.772252619715524,1.6608424423527253,1.674397671589016,1.7978675312464074,1.6918568010201032,1.8219972013545267,1.8034668633076958,1.815299432844917
99.0,1.719693524087782,1.674877729819914,1.7349286987425276,1.60461445857833,1.66740980719669,1.6703122280110954,1.6437482025835235,1.8133503772976793,1.7048439780082825,1.6452960851429967,1.6037573001144514,1.722689998863041,1.7040731948485062,1.664580189095063,1.7685450042449848,1.766861305861019,1.6471668842561042,1.6369317770296314,1.7303107574077774,1.7549011867354112,1.700639612407635,1.7626002617485226,1.8059448471251438,1.7354124476516226,1.7889574212719825,1.5808766069334679,1.5637405115639094,1.7382524291681927,1.8084575332848314,1.681546182643875,1.7680111334262583,1.7444379936780237,1.7145817973772979,1.621476955605751,1.748694452807051,1.7270175925498512,1.718569890139122,1.643384335693995,1.7060763689821226,1.6879305118606496,1.707385743687295,1.7460397172538136,1.7418619775283197,1.7797581294834515,1.534829423691674,1.7494922792486647,1.8312122145357062,1.7745363504676808,1.56330898997885,1.762667026909952,1.753567183880118,1.7904953450858088,1.7400128698101547,1.7171617762357523,1.7382164313472848,1.7903988830399873,1.6554727468503225,1.7415284655617485,1.8614311033681976,1.798698854166612,1.769892277036484,1.889459576164131,1.6633220723889175,1.7119246811379103,1.7736435040824667,1.8065586334499775,1.814265245150181,1.8621075943147856,1.7174718090576604,1.7290880910630966,1.6247292973316003,1.698423169450585,1.7011945040066354,1.848295374042128,1.7131935051781069,1.7443805367575365,1.7130760023423306,1.7403054339691468,1.7235847284454997,1.7204139806644072,1.7246084866690419,1.6327702956406809,1.7041559579230898,1.8026154623258563,1.7097085688772615,1.7463756525206056,1.6209098171658602,1.6933021413702276,1.7102809882658234,1.63888461460472,1.7288029525210937,1.6849407090300954,1.7602323727077618,1.6572333955501932,1.6776229598093024,1.7939647931745673,1.6936842835428148,1.8190017021334717,1.8046881162124517,1.8174496811573697
100.0,1.7229188534710418,1.6793361574325631,1.7383843649362427,1.6089513126393802,1.6641842618337728,1.667744253354935,1.6423147960159707,1.810597375620763,1.7082879662992951,1.644635700964071,1.5996991473576596,1.7208249946663228,1.6946936040027594,1.6645628043553211,1.764521014517663,1.7629800177515589,1.6481084824251235,1.6244694852354005,1.7239168377892595,1.7524470332782716,1.7045651234137256,1.7591394260948743,1.8022343942085397,1.7323145799926494,1.7799675641461326,1.5861834759777034,1.5678755878558452,1.7289033044743314,1.8063095413128762,1.6770128517275913,1.7698092680309443,1.7488598034321197,1.716238797720409,1.6239950700512504,1.7513730948835977,1.7280760583542052,1.7186889558874172,1.6444965507901954,1.7016409325618467,1.6919303700003545,1.7056635046503879,1.7490146504487505,1.7347611712222495,1.7880038945925292,1.5336989048160756,1.745739788095125,1.829841963857838,1.7764891080878782,1.561130023973251,1.7643293547475143,1.7464886505830972,1.7918425359914443,1.7418399973318288,1.7195259129822176,1.7421476313324784,1.776057366630696,1.6580994633924464,1.7439114427347582,1.8578266730085453,1.794594114870425,1.7735538924813525,1.8911717057425916,1.6629848066016752,1.7120179413321557,1.771746156408646,1.8003426958634297,1.8130451017887046,1.8548402799500132,1.7155971485135924,1.729281185547461,1.6278249111858403,1.7039654496990277,1.7020577111474664,1.8487385350307253,1.7167158118930832,1.743458749210284,1.7084053139107396,1.7403740369015912,1.7210203468290837,1.7147644891887641,1.7258188595610178,1.6334767270465431,1.6969439221265443,1.7992644445401722,1.704418415863149,1.7459691000325148,1.613353404740172,1.6949050585314354,1.7137447669024444,1.6423608417005355,1.728930750140091,1.677412416693566,1.7494802081337153,1.65388965229922,1.6840660189005368,1.7970423598039496,1.6949844273680938,1.8138756841272747,1.8068746808564375,1.8195542958773878
101.0,1.7261918982943882,1.6826782848323925,1.7315376424748659,1.6101692746279752,1.6642501149750448,1.6620924166976156,1.6368041705842746,1.7962694076926458,1.7101141127764412,1.6401074185360276,1.6032476385528056,1.7218273566541236,1.6937881190380626,1.663779695592554,1.7564272959728835,1.7544890353819023,1.6448247444830957,1.6241835648508323,1.7152097937944029,1.7472901712868134,1.7059463532892503,1.7595344741747971,1.8003898346296414,1.7352450780650321,1.7790938879496476,1.586759288465659,1.5705458357975166,1.71846714273141,1.8102815509519385,1.6739806794185268,1.771314773294483,1.7522872946233727,1.7113499857952608,1.6243016459388266,1.7515379529765727,1.735384013398827,1.7180187988955866,1.6465160422601244,1.6984068873938145,1.6928030648973376,1.7074887271685457,1.7477024761194662,1.7309013102120747,1.786753482637788,1.541199884843766,1.7465018631100058,1.831191811725317,1.778467192302146,1.5588613586416658,1.765920250077969,1.734214312789709,1.7923784928263549,1.7446010501150744,1.720116743770825,1.7442089296793328,1.7626545239431506,1.6603705543513216,1.7464069435359386,1.8548086182474643,1.7947836749929134,1.769360898197993,1.8871925208253024,1.665399181401397,1.713187750124067,1.7736980080655116,1.7914783761692283,1.8128875808174192,1.8510563987828121,1.7208580030872214,1.7292788153584004,1.6332572696168801,1.7051712764353337,1.7059419718422406,1.8563955336708082,1.708339710968166,1.7478344725149262,1.7022803235777002,1.7400039769457643,1.7194070074091141,1.7144396604430334,1.7251542829642852,1.6394902274955687,1.6902973773080667,1.7977050142851576,1.6993137725568395,1.7445217218408415,1.6103857218132478,1.6960091633585037,1.7170338343598346,1.64512941377923,1.7245041307798192,1.6734803835883172,1.746931701935712,1.6496058557016233,1.6879961515361168,1.7869449606110723,1.6961176021441986,1.8112470236380587,1.8060184790841831,1.8230448313725618
102.0,1.7260530652903427,1.684716951800088,1.7353423073346084,1.606921417845505,1.6672666823934086,1.6617725759073445,1.6382206148729097,1.7875840577551991,1.7118758391852729,1.6424977621362011,1.603503118745304,1.7232340403144333,1.6940934351652799,1.6657031342526323,1.748288332391208,1.755687611667419,1.6487521676762948,1.6230955436683647,1.7093667330174733,1.7385663015087491,1.7109938257080877,1.7620097145479472,1.8037232586814536,1.7361392197148797,1.7775403426131948,1.5898635695301182,1.569482588104043,1.7164261951235513,1.808955016704863,1.6760621969672533,1.770471560289638,1.7585314746711747,1.7098047684672066,1.624765388927573,1.7511867590008348,1.7347211655218904,1.7183898219297473,1.6488630012925183,1.7008159132275544,1.6964674438123513,1.7065542806352554,1.7457000398799154,1.7245769134277176,1.7799160499074795,1.5417874562750278,1.7435598764898346,1.8272233613068818,1.7800471899161325,1.5587561464518107,1.7694120144661598,1.7182861148584658,1.7920900158034343,1.7493683674350162,1.7222019983697925,1.742427790863958,1.7439576639203638,1.660579819141528,1.7428399670435626,1.8534622613664389,1.7925637355641102,1.7691673767411606,1.8876732302669754,1.6656730489968559,1.7160734011986116,1.7716798029731224,1.784288380556083,1.8125864480813747,1.8490809544045286,1.7211066223732472,1.734675717732297,1.6340936768560304,1.709007490896601,1.7068788872462533,1.8608428720084673,1.7074569827607156,1.7472730015154108,1.6998240912308797,1.7387609590735675,1.7173883765394797,1.712805723111821,1.7243048089784225,1.6404729198190486,1.686419352367657,1.793856689074673,1.6892890547464898,1.747493524064563,1.6108116888059583,1.698260290567908,1.7208821981381992,1.6470131300984736,1.7220648322169911,1.6697350132999333,1.743724595679531,1.6474137099007786,1.6906619904919047,1.780819074572788,1.697407699698041,1.8035629155634052,1.799977557093893,1.8239149193974598
103.0,1.723338249351481,1.684839168897965,1.7319263149970978,1.605668227301026,1.670943411315297,1.6652818690427864,1.6293774397242822,1.778213436591189,1.7152598169817102,1.6448517051904108,1.605466312152955,1.7224597718618995,1.6974616529409778,1.665282727825966,1.7460373763374049,1.7520339560807598,1.6456076712207834,1.6178677210381522,1.7063637193486085,1.7332144543502632,1.711894640833991,1.7620678714414775,1.8011930077730678,1.734771944190078,1.773667537652734,1.5928985921030756,1.571938006184831,1.712970922591174,1.8020693449230056,1.679624899744734,1.7708486083999002,1.765375923970591,1.7059652484444003,1.6272223465179956,1.7512041876356357,1.7384222724484473,1.7207790757694372,1.6512425749660435,1.6929594462134345,1.700484327701708,1.7116219405881075,1.7491138067546979,1.7200321865119628,1.7796581731009182,1.5446925059168763,1.74401366756549,1.8280261154153423,1.7817404652669744,1.5619938490012628,1.7664616946847422,1.7093976506250574,1.7983875822209208,1.7496632967322436,1.7226471811620063,1.7435109917618332,1.7241694192589885,1.6645483339169624,1.7456598258864195,1.8506608084032565,1.7861088195251815,1.7699183305296422,1.8890815861692092,1.6658777801153455,1.721374156318803,1.7744568789731316,1.7736591773480874,1.8150707641403603,1.844032099798835,1.7195008477407736,1.7351387527089277,1.6340702499402777,1.7106128311987479,1.7067498291649414,1.8702387548011934,1.7056623665508799,1.7447201179078045,1.7030336342534023,1.7419635800655833,1.7143766341421922,1.7105702749475187,1.7226252710190157,1.6423643718761651,1.6853721563836972,1.7959408025969028,1.6851760165107863,1.7475170220135705,1.6124100346874761,1.7012712656121216,1.7251242113408112,1.6489246131978077,1.718845183832404,1.6630316591890228,1.7400206017951518,1.6443176317328754,1.6977430052947187,1.7772987730105758,1.700549177908444,1.7960703625951668,1.7876405113068303,1.8257538872038022
104.0,1.7248493934678597,1.688553452663353,1.7298611226344411,1.6061368527179327,1.6723028692491386,1.6677223130198426,1.6240227667357883,1.7721292871406435,1.7198048071631136,1.643859579268646,1.6048954972864182,1.7152593155396423,1.6974521895954515,1.658168045405218,1.7400281478598592,1.7503714593878554,1.6464030705934736,1.6138451313626123,1.7018636735970731,1.7318416821108062,1.7140276366340497,1.7571112779349747,1.795718862954081,1.7301614179631382,1.7680136186082063,1.5944202349930157,1.5704878888408655,1.7114961045829042,1.8032054703022133,1.686133848184146,1.7723496670729733,1.767489258653449,1.703755375554687,1.6179380042619382,1.7493582760615676,1.7385780489020202,1.7221542838155426,1.6519592581305955,1.6906846177543673,1.7076187199258395,1.709583711044266,1.745607492925597,1.7122033471349267,1.7793640051632,1.5437005587637609,1.7443749346543342,1.82770837106283,1.7853590588085169,1.5606981859786428,1.772901686922697,1.6984100055782376,1.800233695914416,1.7503504772123508,1.725648114340083,1.7425005916075267,1.7174297257777185,1.6651612866787788,1.7351169524097543,1.845544560942291,1.7792319120488962,1.7665490229845475,1.890761634686978,1.6689370979597598,1.7214758731401956,1.7754373970660668,1.766877148403749,1.8123774012719474,1.8405715137924568,1.7165572058344987,1.7387663931691466,1.6349387825666433,1.7167695852970632,1.707715323728644,1.873501251402456,1.7019367134847088,1.736398889850214,1.7046438422242385,1.7411013074641337,1.7028601788279327,1.7078363707179702,1.7224366701835767,1.6429608789253032,1.6745670679987912,1.795292186916609,1.6862886327973337,1.7474255118737312,1.613188738786888,1.7033648191080861,1.726471866087083,1.6520648442157582,1.7164216186697392,1.6548725902734454,1.7443418572224467,1.6453562787669749,1.6999119722710596,1.7768752548524507,1.7042765390066261,1.7975460928166096,1.7811074270710707,1.8279127278139697
105.0,1.7268800292678341,1.6894173483751085,1.7234714014706982,1.6080953048456792,1.6760526770090305,1.6727882367856197,1.6204166806713924,1.7672236134751989,1.7204824878224958,1.642088790818371,1.599936904004981,1.7136607478261534,1.6976750840722266,1.660435240274443,1.734926103511188,1.746529397223486,1.6494965258083747,1.6156715255214167,1.6941828327201243,1.725260345718123,1.7151409076886348,1.7590727100367318,1.793408382421041,1.7279887692923361,1.7629890885857127,1.5959134369050565,1.5681117675738192,1.7069720471660192,1.8032382089169163,1.6900097444825124,1.7747105138105308,1.7701931031377005,1.6936324181832683,1.6172592268094585,1.7492895695377146,1.7351064144456452,1.7213996242104075,1.6574166017502345,1.6791186987213098,1.7122487282779808,1.7071039720960983,1.7470191510525919,1.708489404614145,1.7774496291454116,1.5471977274731488,1.7371910426456043,1.8196183954717533,1.7867094853103374,1.5667319244579894,1.7737189229134902,1.68843222152708,1.8012138022368893,1.7535727723864036,1.7266607846779407,1.7388463354842418,1.7082396930484238,1.6649562019766622,1.7250874066377102,1.8481510095421392,1.7781831723579704,1.766586372184068,1.8896512908300938,1.668355622965427,1.7257026424669284,1.7712462606266652,1.7636942095003498,1.8142646670138642,1.8403709491622953,1.7222255961505744,1.7398930668141466,1.6363022415304322,1.717707059842671,1.7091899137744504,1.8782528038432371,1.696905732070779,1.736181941411905,1.7058029285777523,1.7409610908671864,1.700866952089748,1.7018171985537167,1.7173761000633534,1.6445430135475383,1.659871650615676,1.792004086633789,1.6845056603032886,1.744883378673683,1.6175087126087802,1.7073507075739982,1.728554906369596,1.6548895742501484,1.7130751176376007,1.6431111404614502,1.7385654153582393,1.6430278875465731,1.7025177126193427,1.7768412804218858,1.7055661417139605,1.8038833466750277,1.7721061944657208,1.8326736692968946
106.0,1.7223584811627894,1.6904286689471426,1.72439010984931,1.6113041443231826,1.6792847049818096,1.6837807456553582,1.6216123336044495,1.7628512889950665,1.7218467101792654,1.6415840753482385,1.5945031595948087,1.7147941506902655,1.70122276484323,1.6542695339539664,1.731902683305076,1.7431824912039544,1.6530097067506093,1.6116426722265995,1.6904284961279372,1.7218649960183026,1.7202879069520234,1.756062372366226,1.7907561684584812,1.7304782228023305,1.7635022841725376,1.5936207742882516,1.5721698593055708,1.7015114406829508,1.8045422488407812,1.6862647877864214,1.7745799147467196,1.7709556716633936,1.6904687151788227,1.6139208172721087,1.7465898134052227,1.734985244692188,1.722672836331845,1.6591606257436493,1.6721184825286923,1.7142819362975967,1.7056056429450608,1.7440462613844232,1.706819088853272,1.7766093838964225,1.5474086977360597,1.7381201049770196,1.8078443288460344,1.787803185256822,1.5700216092507124,1.7698784491253672,1.6755074570280029,1.7960068589862137,1.754297462796377,1.7248961872459148,1.7348490103786016,1.6972698457959405,1.6639674594090539,1.7166180017694221,1.8473578406810178,1.7715667681344576,1.7703071147399316,1.8879339850734096,1.6695135543982393,1.7285842038651666,1.770936515512786,1.758205992100418,1.8122710412718044,1.8364010088395875,1.7247847661469973,1.742867855796173,1.6385624931626155,1.7203893287597742,1.7124451286748765,1.8771916739267953,1.696098852251861,1.7351254032625323,1.7024944872820376,1.743563111222092,1.6901256619961649,1.7023731241063274,1.7103464423876016,1.6472571571825767,1.655247773904548,1.7953687803082972,1.6889029620033509,1.746181161375049,1.6183244597765005,1.707768639697294,1.735894702350484,1.655109466614859,1.7085338068172253,1.637849483946409,1.7356488306502356,1.642991306515008,1.703325098697135,1.7642715511132252,1.7074965187019258,1.7983005125316165,1.7635158591648974,1.8334604982216183
107.0,1.7192581994820364,1.6926899305871597,1.714629431021546,1.60821579107647,1.6827786302824177,1.6894141828258782,1.6211973847969532,1.7640934243543227,1.726944317531809,1.6390644352291752,1.5954878602789435,1.7156110369428614,1.7056710436280704,1.6484531485335132,1.723389946105113,1.7461402129263999,1.6541300032650108,1.608024365776872,1.6883831787925667,1.72058156235847,1.720752333283615,1.7563973178590533,1.7869706958592377,1.7308252462646971,1.7641939683414556,1.5918597519599758,1.573603334010328,1.6951716614693482,1.7950181207759905,1.6851727344855165,1.7784616323187454,1.7727894062944738,1.68707451582831,1.6134336979607915,1.7460259437722712,1.7360440809130642,1.7238900249377562,1.6614797716019325,1.6718595011207407,1.7149130678141913,1.7053741824694815,1.7400282675952303,1.7014525833012648,1.7739038461609102,1.5461482566683686,1.7397798626464003,1.7945567557343005,1.7899590448724383,1.5685097294065886,1.762133120688,1.66776168775282,1.7917162216497247,1.7553631724120515,1.7300037548784912,1.7345578822802261,1.6872134238876562,1.6643671626657233,1.7091721852885242,1.8469650961448827,1.7695836505267217,1.7705827041239584,1.8845542050366089,1.6704622032464937,1.729969066945592,1.7721878869679895,1.7520323621574132,1.807603089906572,1.823529065786764,1.72489438208384,1.746237733325781,1.6422910784987474,1.7222087729713695,1.7163236959432717,1.8805504669021276,1.6927619004596002,1.7355436505697694,1.685276048882306,1.744502554627821,1.687030476008304,1.7013466421254555,1.7038663981873445,1.6509620600837847,1.642335637788456,1.7902592039213991,1.6848565034061425,1.7464896988975307,1.616486309379328,1.7066015821086367,1.7382142253760302,1.655445974172298,1.7017782685016887,1.6334121323374362,1.731562178318006,1.6406104596008726,1.7066448199316437,1.760238988463133,1.7094454887239832,1.785795344795235,1.752838469542028,1.8382016736411102
108.0,1.7201205183545223,1.6955265829089987,1.7150447885850206,1.6056000488853377,1.6828662644902994,1.6924469857327606,1.6187959692804532,1.7604369217253237,1.727472894262466,1.6400685680072224,1.599291680232495,1.7097803720593383,1.7032160551419735,1.6425600359608912,1.7160546265014207,1.7423493676162654,1.6553885521638692,1.6071545659352529,1.6783506292280108,1.7135356843954468,1.7226266535831838,1.757659209754087,1.787592486003756,1.728143998589207,1.7635198900527806,1.5930273667175479,1.5732276977459263,1.6882695003870516,1.791360420489521,1.6865622688439008,1.774017498969875,1.7736904123179817,1.6850685120004116,1.6108460896840036,1.7476426869656014,1.7373908823208588,1.7307591558802944,1.663749029965579,1.670527911616442,1.7133347550261717,1.707253646074842,1.7357132901912613,1.7042973669013977,1.775182832825063,1.5474884683021708,1.7387310092686221,1.7760412646289434,1.7910987773385902,1.5667480913262675,1.7604223615362562,1.6598970170019867,1.7849354196465501,1.7576890608810498,1.7303920231912373,1.7296317847158933,1.6740498310124627,1.6653035449961051,1.7076318194615017,1.848290187641339,1.7679699098797776,1.766627741977422,1.8767268560989923,1.6623945563786657,1.7320698865274051,1.7725776626911403,1.7355270531160185,1.8054753170900442,1.8073789848089548,1.7231876974188234,1.7484309973295584,1.6466455987717543,1.7221715827287316,1.7188859425149223,1.881744247133032,1.6874760875130292,1.7387039887617335,1.6818544062033294,1.7456645906027044,1.6847409377462408,1.7016995027549815,1.6999126517649277,1.651081742961122,1.6348956529676322,1.7912274516263105,1.6892328348444632,1.7454932974472768,1.6181534398574178,1.7066031041124545,1.741283384891675,1.659424909436073,1.7017689622025889,1.6277893527846745,1.7255439841905775,1.64019606438295,1.7075544880768196,1.7590861859370615,1.7104479538753645,1.773721603354726,1.747673650225863,1.8406766095205762
109.0,1.7224715804946376,1.698318192795318,1.713083370890976,1.6022723182150358,1.6809114255711026,1.6943017640502414,1.6227537926904596,1.7556249449163686,1.7281505815269809,1.6408487557276001,1.5994215353061174,1.712508625405058,1.7060808556069782,1.6375919824962644,1.714257044007614,1.7403598822483537,1.6565273558404334,1.6023897388854762,1.678517320327133,1.7057696873099628,1.7260703804412727,1.7568304660808314,1.7812668253032826,1.7291314737477028,1.7658000232726474,1.596393506019977,1.5689743790265755,1.680154913073176,1.7819354349496166,1.6898258293467001,1.7799145697849332,1.779339134339694,1.690617650779327,1.6055488842924945,1.7516072717565572,1.7392036364291361,1.733615861485846,1.6652769188173986,1.66663725467109,1.7152100133899066,1.707217471946161,1.7258042402248825,1.7016002146461682,1.7735181029594753,1.5503240040546669,1.739101446054076,1.7606407053476338,1.791869965494057,1.5675181560522131,1.757913729474862,1.6527242207824497,1.7831069741016272,1.7649980450790392,1.731575275206886,1.7282075773458838,1.6615832621429554,1.671507163470404,1.7078984940861792,1.8491311116580336,1.7675133788936022,1.7611657767143278,1.8715593524810232,1.6580862786733508,1.7338914181271934,1.763100672906241,1.7333312037194735,1.800391880959448,1.7936462420262316,1.716282122357265,1.7542974627963768,1.6475248160544465,1.7254308107356462,1.723391098952458,1.8806644368169856,1.6837197357261533,1.7397007767433865,1.6596841134420546,1.7462680291203891,1.6775114535832487,1.6986484186976891,1.6925850903666761,1.652247884629153,1.6333175600683068,1.7882344387983686,1.6913908826813766,1.7411065918460387,1.6177694141473995,1.7087723587204657,1.74171781203851,1.6621221850892516,1.7000890098361374,1.6288917893703714,1.7195818063016715,1.644552960930209,1.7114785258151337,1.7499080917089245,1.7113761776309533,1.762336438902931,1.7480593639086421,1.8466016134789218
110.0,1.7224810111906428,1.7021867761135656,1.7117797190464838,1.5998244925544116,1.6834901161426938,1.69851730136266,1.6213294798934905,1.752903060638162,1.7257267168022195,1.641056301608765,1.5982586834622927,1.7136132906908899,1.7057210948499664,1.6366264830093127,1.7123083981146916,1.7415745069157647,1.6552979837635071,1.5996637945476568,1.677527862867173,1.7029772536862646,1.7297949136968305,1.7558721247955398,1.7737484156140066,1.7242865338495224,1.7651498145220132,1.5985175889093943,1.569430479262793,1.6808865394415156,1.7804823727208792,1.6903452898351439,1.777324378368236,1.7824194231169939,1.6934426242268745,1.599654166526555,1.7532266058917232,1.7400022426441495,1.7361504496927933,1.6657270989002455,1.661150508810619,1.7174291764228538,1.7055165114339705,1.7205192857584335,1.6991753652466985,1.7730609978602208,1.5527700848225472,1.7391821813887647,1.745407483897714,1.7957237443157814,1.5620728437565967,1.7597192504559376,1.6491767520419878,1.7811661802690333,1.765358878016876,1.7300753526459356,1.7253390998603333,1.655721744413237,1.6755094155596422,1.7075948942993102,1.8476477628573915,1.7598657980392365,1.762296021159192,1.8657388673993638,1.6546203969678914,1.7382186124563939,1.7638435952570535,1.7278631865928356,1.7976216781830623,1.7854823106637996,1.7126484862980993,1.7553832071505264,1.6525645187034355,1.7283105195097161,1.7235019213749392,1.8818343382967455,1.6779033785989406,1.7367295382301577,1.655592281490261,1.7487868636107715,1.6808172606652159,1.6914260859696917,1.6870612747727032,1.659562402560709,1.6281400654016553,1.7802280465075795,1.6911344170433655,1.7411164448180037,1.6186679412925107,1.7088196853621416,1.7426469769785529,1.6668191867797035,1.6920338716416432,1.6307090919555662,1.7114600887238702,1.6482241155848718,1.7156187478131555,1.745455581231259,1.7139013342204619,1.7570852423299086,1.7424808726948122,1.8514455580904956
111.0,1.727298600114209,1.7038203473495068,1.7121686369668219,1.5953763457508694,1.6886852896758358,1.7005539883374108,1.6145907921677898,1.7538802514520322,1.7237035021648235,1.640051481713115,1.6001499673356112,1.7162318812503154,1.7060285503860249,1.6330985814232546,1.6992918479300057,1.741863405243056,1.6578935560979553,1.5948405083886232,1.678517320327133,1.7029490202268982,1.7339402903359498,1.7540340750891372,1.7665783231301624,1.726280621318737,1.7632162958234292,1.6022194202269162,1.5703850277822216,1.6800265258155895,1.7681017803893637,1.6968773199060203,1.7780246828180264,1.7847922579027586,1.6983790614218577,1.5972758047801927,1.7574918480041877,1.7405964762494919,1.7394195896771758,1.668340507623674,1.6572327641119524,1.7197609262411413,1.7038441152207313,1.7179487576153492,1.6982869946497192,1.7724238152920746,1.5541399778229181,1.7309306514258456,1.7408406040023312,1.7975867230811555,1.5655606521561243,1.756021979187647,1.6476160992530757,1.7776771133498497,1.7694841356609,1.73334825026375,1.726156726149615,1.6459412026332427,1.6774009934872347,1.7052341235940809,1.846026913468666,1.763478613347219,1.7529732484963492,1.8514342167691782,1.6500924027989519,1.7412997918882542,1.762433063753429,1.7209886963999146,1.800798169648156,1.7742763169252556,1.7114599082871889,1.7590656868504149,1.6550494846801316,1.730762851731787,1.7252484124433494,1.8815625632337023,1.6698426281901577,1.7332489925336296,1.6510562297143814,1.752088477860245,1.6682781124202715,1.6908886921248558,1.6855515411912094,1.6667048915810347,1.6303553480632584,1.7757347427172294,1.6888757933830674,1.7422308155200863,1.6201016651431424,1.7108414313642342,1.7447989624657765,1.669365131150039,1.6897205065782788,1.6335113382085094,1.7020772306646061,1.652071120663497,1.718051916207603,1.7424533046984245,1.7156283232507046,1.7570551269410268,1.7429979543450744,1.852966130138044
112.0,1.7268178644719703,1.706522055229135,1.7153358389788274,1.5822731458408188,1.687819702392256,1.7039798948930427,1.6125045355780108,1.75339271678878,1.7232024494879652,1.6340943121574205,1.599907391815261,1.7191394797491752,1.707011757167177,1.6276947591537383,1.6911524095858788,1.7441051060061457,1.6623084354299773,1.590074052425773,1.6745137464266735,1.6949444494880566,1.737260285634206,1.7564380869073866,1.7548472413318132,1.7213220400397025,1.7631217008923903,1.6019521985532985,1.56880743612803,1.6789214543439404,1.7586774580947366,1.696162416298458,1.7760096616258447,1.787820581785935,1.6992970731678885,1.5878581355700179,1.7591202213139672,1.7392754277857634,1.7414318286612271,1.669429537124645,1.6523118228300564,1.7241023092755825,1.695127633816626,1.714619417911809,1.6971787226811976,1.77034581860588,1.5575665238739134,1.7308652913589566,1.7347696871812557,1.800295493763307,1.566941693140352,1.7574541851657355,1.6460930943234333,1.776458504670191,1.7725550581117386,1.738913231426337,1.7280170341737893,1.6481231836610362,1.6761666495416923,1.703678662287731,1.8553095154295547,1.7650801889014756,1.7430388948303688,1.841370949068627,1.6474644740536537,1.7460798833174358,1.7520501140594296,1.7174940692883818,1.8019059061221423,1.7642425401686928,1.7136894124083517,1.76244683385955,1.6559323486496258,1.7334124915049274,1.7282321252213222,1.8822956966367255,1.6667314330172827,1.7313071909587203,1.6373251717816681,1.754766569189155,1.6573858193206008,1.692117417412155,1.6831003701050198,1.66776168775282,1.6272822644625498,1.765957763585949,1.687884810552483,1.744740269054259,1.6230737091525422,1.7101192091708408,1.746570377551299,1.6733214459663692,1.687749237637649,1.631588659788636,1.6966931768758733,1.6544104518646359,1.7212299471195527,1.7394908710449848,1.7182383467445572,1.7528669007714226,1.7416243712433217,1.8557829618344661
113.0,1.7242424674365335,1.7053055439546,1.7127652818748604,1.5734318266018277,1.69033545858006,1.706796048715939,1.6023607561829647,1.7479476424640719,1.722581207302833,1.6371447287234036,1.605654848652142,1.722429529268542,1.7080414457341306,1.6137079602734596,1.6817790489366913,1.7375624497515316,1.6631775252084249,1.5914589724474526,1.6717425520850302,1.6872393931738157,1.7396415070562352,1.752710508597602,1.7494161633932308,1.7184454057268759,1.758749547959542,1.6009669717787636,1.5691745694059869,1.6779319158415686,1.7578046872730066,1.6991986386809266,1.7757363665465289,1.7884157791605204,1.7020781025728755,1.5838429458802201,1.7550709746520137,1.7410499053449047,1.7413987243742937,1.6705853427533552,1.651067231754871,1.726434896798676,1.6919323834820412,1.7128043061845861,1.6976985268315588,1.769257363864529,1.5588405053402072,1.7262700834506408,1.7251535593332037,1.798042270466601,1.5669324463621404,1.7511174989624732,1.645718622518884,1.7723498683941898,1.7732217432653132,1.7393227685921484,1.7280527112263497,1.6460396952827467,1.6783203426043094,1.691136524219684,1.85337054427508,1.7595852631036573,1.7386303842741966,1.8351672320751127,1.6467686338813288,1.750959872386667,1.7473085575820189,1.712753424657867,1.7963338491684553,1.7589963341411916,1.7103273341843375,1.7666313031628753,1.6561422703829551,1.7367237896415997,1.7295243263173425,1.8866273916428944,1.6634515822799578,1.7270419995179587,1.626756828868681,1.754322749226253,1.649515728275824,1.6887983116233052,1.6727848577331472,1.669932493839363,1.618390891062013,1.7555350533074905,1.693925457285709,1.747492764122457,1.6251996746942103,1.7162402727120398,1.7466947884196422,1.6725075838965457,1.683818662096652,1.6337903557948308,1.6860552345473017,1.6561734475582113,1.721666183537241,1.7303591807900287,1.7208681001991435,1.7433978518353184,1.7432687661431576,1.862943081666792
114.0,1.7216231566187263,1.7063267321647078,1.7205149506915736,1.5692774131993787,1.6910221843813378,1.7077891969206866,1.5998701119907954,1.7431881582783064,1.7156320205959876,1.6389019851214965,1.6067447019394365,1.7261483071044017,1.711211864979548,1.6138307850702833,1.683544927956077,1.7316124143680123,1.6660235467980629,1.5846665743162784,1.6752479890498033,1.6810547495123855,1.7416326292184767,1.7556763478327917,1.7476271218073676,1.7163424008111232,1.7550686774958455,1.5985935355049823,1.5662700389161575,1.67536327737053,1.751221620056338,1.6963574972130944,1.775689745155329,1.7890230252698065,1.7073476382425539,1.5786443439661222,1.758736188125449,1.7410020059460078,1.745375724683599,1.6708055865411673,1.6494408771703666,1.727643116385848,1.6877120705262998,1.7117570344472148,1.697874956961341,1.7677674445258909,1.5589232753641773,1.7218842371418122,1.7147430243878767,1.797743151931705,1.5717633323843307,1.7481074220782766,1.647498315619332,1.7726267683482682,1.7744990432863683,1.7375593331349777,1.7279858890708535,1.6458215371205485,1.6772302380298356,1.689972388525301,1.8539611242727296,1.749261332796489,1.7313183202826898,1.8218106317853293,1.6374844114710114,1.7566551434626627,1.73987516517798,1.7081695053284571,1.7971177062041617,1.750847972521626,1.7039641181145777,1.769287539649092,1.6564255214343282,1.7388163300423578,1.7315325442085812,1.8865963047038687,1.6601173524390576,1.7248454202621564,1.6167384190552523,1.7538703421558433,1.6444547456337617,1.6780783037136124,1.6649409009435652,1.6721676660513802,1.6053819285719215,1.7472861668412896,1.6908580869544247,1.7477526516141058,1.629782056427679,1.7162868865546195,1.7490076597883932,1.6733607583781527,1.6804400211163988,1.636078911796577,1.6837319516220048,1.6563264137140499,1.721088767927526,1.7128152745603153,1.7235733492766447,1.7406677202956287,1.7399535509892885,1.8674324622396838
115.0,1.7263271525118802,1.7084254802533296,1.715876101847231,1.56878671410531,1.6919212518599889,1.70831921651917,1.6036452688651825,1.7399750774104192,1.7116557863422073,1.6395928668718154,1.6093325142759907,1.7256525825069793,1.712918280150033,1.6136377437408596,1.678115126183989,1.7291846368138224,1.6680906966662958,1.579321703667238,1.6770530520239826,1.676758144418398,1.7436221637854004,1.7466431790243984,1.743400327370837,1.7105601668201302,1.752000335212608,1.5990443433091273,1.5620757478652196,1.672370663162932,1.7388641452160603,1.6963297745499235,1.7783231958970571,1.7896771491344892,1.7072362602264488,1.5655715856754922,1.7554556200338827,1.7440606615605905,1.7475015346638565,1.6749922717583074,1.6470440453382869,1.7315810481441523,1.6866792504568937,1.7068890166017117,1.69658045738157,1.7679905971679162,1.558975486589522,1.7148789517264447,1.7130705870370835,1.7948165190149987,1.5707383650915059,1.7381889124533934,1.6441687010837926,1.7718041079878002,1.775035789059155,1.7415004906657339,1.7322308026345816,1.6471930612060754,1.6777575050487896,1.6827118775880177,1.849494586002779,1.7440747674346382,1.7168198861315132,1.8144712254110564,1.6322471488224062,1.7600996253609018,1.7349797396165159,1.7017504090656272,1.7980819718402479,1.740630363730533,1.6989895032406928,1.77042271183258,1.6564289244218566,1.7418875094498625,1.7322012905477935,1.8814179780314084,1.6573046613868736,1.7251242487396683,1.609916044728565,1.7525285564519606,1.6339445634978402,1.6727203471931422,1.6613847150061822,1.6745778935517053,1.5977500624214256,1.7279885219594548,1.6916129528035069,1.7436793454045365,1.628074140271303,1.7168160056689008,1.7525958366124554,1.6736133387329484,1.678169785598834,1.6342952812459395,1.6702248980953796,1.660011597996329,1.7239145443840196,1.7012698674022309,1.7247069584547816,1.7350379965306715,1.739280707901582,1.873094110838075
116.0,1.7228643519791746,1.7069114252656408,1.7179306937470638,1.5668861732027453,1.6931257067380199,1.711590040786833,1.5963841769294145,1.7401514431516223,1.7017804178158231,1.6395825249420222,1.6091135804376953,1.7296335464603918,1.7138463909486261,1.6059090659346613,1.6729541568627766,1.7247697986874841,1.670671366625951,1.579031328991251,1.6768397802434203,1.6723557258488189,1.7471986835542463,1.7441140694235915,1.73946473421178,1.703831157382914,1.7506880612015623,1.6014211508079357,1.5613717107686051,1.6706435397973913,1.7283556126741357,1.692184887617302,1.7734212749355176,1.7916903221071174,1.7079695638032488,1.55592512472851,1.7525453523233594,1.744710421540579,1.7480301922592074,1.6779514111717067,1.6475678896099173,1.7307802810726252,1.6764339772592813,1.69498550070923,1.6970717421437207,1.7680462920355746,1.5626047986972917,1.711006200296817,1.7065143450368916,1.792269570788423,1.5717767407008618,1.733833132679207,1.6424294773817953,1.7737656179437002,1.7763422496286838,1.7371891915728528,1.7381190292873605,1.6432251833085614,1.6815875929419106,1.6762374030399294,1.8473299283409947,1.7311529406790453,1.7076636015020394,1.8112079692742729,1.6292788838247476,1.766313948145868,1.7364243907619812,1.6940541427560427,1.7875900940453222,1.726389369489121,1.6929366828282277,1.772209378248323,1.6568053042474735,1.7421846901450238,1.737861188938678,1.8797150852427176,1.6569515529035908,1.7203723531675472,1.6015649196717165,1.7539095307642223,1.63022309017503,1.6657208852202094,1.65913855502489,1.6745936014878278,1.5902003226306447,1.7178113848639553,1.6858950895198628,1.7406416075826294,1.628859558098918,1.7170389341492087,1.7546684020550065,1.6762121343861767,1.6683079547011552,1.6345493472453039,1.6639309924230505,1.6649471968907923,1.7256519814011524,1.6964845919560025,1.7273019027119065,1.7342408126625568,1.7390156784398325,1.8766124771465134
117.0,1.723272336130891,1.7078676360004224,1.7182546380712793,1.5664237610876373,1.6895376973723997,1.711888248428707,1.5997161386594922,1.7302889837121382,1.6965992792502211,1.638594368438028,1.6117956502405888,1.7316326545603071,1.7187931361781938,1.5966692364652666,1.6621173166128316,1.720836944204684,1.6739864637811175,1.572470416462862,1.664683158307958,1.6720786246185955,1.7477750669302803,1.7378094664312687,1.7356693411768245,1.6926968654224541,1.7451425142313601,1.5997588984085065,1.555702447512116,1.6679509048159973,1.7280776162082074,1.6882949577415938,1.7698907629411074,1.790631858156846,1.706837718235885,1.5492999499313493,1.747398213010333,1.745452912477143,1.7476543592927705,1.6786545098562686,1.6422785008616974,1.733479066971643,1.6733766855103698,1.687639998496894,1.6973696689886077,1.7680353410472978,1.5662369268544745,1.707808859536782,1.7020254560104924,1.79242058777275,1.5737941923781575,1.719119220269947,1.6355503279991046,1.7703612130856137,1.7695967415719593,1.7312200252060104,1.740580167112027,1.6391326036111629,1.6858681022899207,1.6679484681550432,1.8442575293136334,1.7187649943302117,1.6811864551015694,1.8010795692694106,1.6229400474232,1.7694170638464746,1.7310311040614192,1.6903402219111159,1.778434939207747,1.712593418512469,1.6880258777534944,1.776686217088096,1.6582378149776265,1.7385780489020202,1.7403474096604672,1.8770661012610421,1.6537472443077952,1.721282561764982,1.5930270084548908,1.7519202581989557,1.6209755605975367,1.6608691745454263,1.6534092866186276,1.6782864889892934,1.586855984245354,1.7102009430329286,1.6832582380327474,1.736189012596232,1.627917691863063,1.7118293885200315,1.7541728031440815,1.6784537886865434,1.6610198432974101,1.6299722847943316,1.660151701283295,1.6682954156298277,1.7284509364702647,1.6823790642945438,1.733420338513941,1.7179051003629582,1.7369416106418318,1.8797616187090673
118.0,1.7211276584721367,1.7055006982161385,1.7198399755312543,1.5733286759640541,1.6916825518505318,1.713214750920367,1.6029766274446111,1.7287224017756024,1.6920404066944508,1.6398208912041166,1.6126089802449286,1.7339856397666502,1.7250841146105618,1.588388449753551,1.6538410947760367,1.7134044354895726,1.6759693982324357,1.5690248682510846,1.6517637517796437,1.6705853133919595,1.7516720911480363,1.7339852856692177,1.7343284898884819,1.6886853690998322,1.7376102024265556,1.6007794520739134,1.549953689520088,1.6691253686787744,1.7248279403763347,1.6873978054318908,1.771892945386364,1.7897967282738023,1.7027213056630452,1.5384407280836283,1.747398213010333,1.7456005321548962,1.746018402788799,1.681431967223635,1.641353285335196,1.7306913674300475,1.6707180141721392,1.6852760231270634,1.6948847384598604,1.7687141176157786,1.5676566617834404,1.7022393638461655,1.6968929356394056,1.7857273063145884,1.5700270967647703,1.7046703564028105,1.6334051386845028,1.7696520507572426,1.7700530456029837,1.7229101198639958,1.7446565676682684,1.636366771491576,1.6860947727172328,1.6588789878593508,1.8382200689422923,1.709233329936109,1.6682298154637507,1.7933041732351396,1.6137153694500352,1.773371005867787,1.7347300626714985,1.6850406193727792,1.7687947547699272,1.7053164017637557,1.6847858194348924,1.7802288781648596,1.6588041798988873,1.7392931552987663,1.7436557281511127,1.8755108112158454,1.6595340415494237,1.7176139116637772,1.589259006497802,1.750193390669583,1.6170798088774827,1.6556852920842646,1.6386510855772263,1.6799238632215583,1.5776031267462833,1.7086563626591906,1.6836210943462018,1.7312310579149028,1.6280525576082139,1.7083113547631539,1.7540276597270827,1.6809484490449353,1.6575804837372798,1.6243257185333744,1.6509625430984527,1.6694550736494203,1.7326942068538211,1.6735974345495523,1.735298635055666,1.7074511696014223,1.7333982368606393,1.882435299415925
119.0,1.7196863289621578,1.7054913103439169,1.7252725345227498,1.5672580770527293,1.6921093735072101,1.7145036570182437,1.6004864711730156,1.7191986914763129,1.6867830729724786,1.6398724118978163,1.6166523224177534,1.732932166647953,1.7245251363672516,1.5776219562615976,1.6483764157140985,1.705602635980427,1.6735529738968111,1.5670308553243968,1.6430477526576386,1.6701538340798265,1.7537021759761362,1.72856579135333,1.7269500938048192,1.682556188841426,1.7379997818112285,1.6012806674368694,1.5473355349901807,1.6670105663530137,1.7211414767390822,1.6835231267404447,1.7685295426421228,1.787046106596021,1.6992392210375284,1.536566916882783,1.7480105454001638,1.7434793711228416,1.747883910761976,1.6814181217410906,1.6399477620729248,1.7312674608043004,1.6667994351639412,1.6755727859012812,1.6959492755748578,1.7719542700891002,1.5654600646530112,1.698142736044646,1.6911024255304299,1.779656499369123,1.5679466487123506,1.690614629319069,1.6370157687074058,1.7646093587714686,1.7691370604466643,1.7191801925583825,1.7471915942885397,1.633792118270588,1.6859529675830505,1.6538025296882457,1.8444500085528288,1.7034942864479405,1.6432564963312757,1.7926975331871955,1.6090317793647502,1.7769315620880757,1.7271675646542484,1.6798767547392552,1.7615603315629262,1.6973095761676396,1.6860227711947433,1.781188414278027,1.656845615899313,1.7387339637277863,1.7438112100109464,1.8713476560453088,1.6513319200795122,1.7204273311959803,1.5840492436648002,1.7491854351945746,1.6098721425656652,1.6497899442659036,1.6275645326049568,1.6795841348767413,1.5706763319527397,1.7068229432896052,1.6876774843960218,1.731816269346849,1.635500977411195,1.700726758652638,1.7539003631868293,1.6844808816434411,1.6484432748385216,1.6254220626117901,1.6459524267029824,1.6727558480861693,1.7292474760976038,1.6654511445428262,1.7362828970248336,1.6962790506904675,1.725599689955148,1.8798197507482433
120.0,1.7178846160381425,1.698871218204933,1.7242246422140115,1.5695275299904203,1.6977009915375578,1.7226915799609004,1.6043107575070923,1.7117364625130242,1.6783338372982952,1.6368482639199788,1.6163897261030127,1.7301199117683195,1.7254169032699385,1.568467579160335,1.6420759296112644,1.6966086655171309,1.6774987474912737,1.5690895911826988,1.639586200475074,1.6658176352374718,1.7546702456113807,1.726545893004514,1.7213302639903398,1.6699019554929255,1.7282094145651428,1.601287981018013,1.5425814436688017,1.6671145131031115,1.7184541217977694,1.6814438655386328,1.7688731834752027,1.7889449358351517,1.6977585639061787,1.5261090142242715,1.7481367525283065,1.744445506565781,1.7456039689850853,1.6822711189365935,1.640645107779597,1.7295172106882557,1.6678050226293932,1.6597959737809866,1.6957001421857798,1.7729674384517065,1.5683056414087546,1.690991782216215,1.6854689841813648,1.7702689158757992,1.565541015407681,1.6741265468215978,1.6418330129684207,1.7674167809537507,1.7676326320409064,1.7127408246556795,1.7489830130004957,1.631159122910294,1.6856426453026723,1.6505498750198406,1.840591062846351,1.6906232339075575,1.6357278760512353,1.7756041270195642,1.6064304259530784,1.7823419936443243,1.7250183608082816,1.6709276731993319,1.7517669910932387,1.6892408485390782,1.683273502393209,1.7851811264848656,1.6521907491816408,1.7371238411885657,1.748830953608352,1.8732203764899023,1.6499604453884134,1.7140421723038213,1.5755047103844504,1.7467702999028525,1.6029807711158761,1.65078357942335,1.6103958692468208,1.681829271894204,1.5655490746174177,1.7069457881074217,1.6932648905022185,1.7282613918581604,1.6344512992605817,1.694997687006453,1.7530911194916297,1.6836938132642691,1.6413170969776614,1.627371018217345,1.641494672059148,1.6758742251009182,1.733146644433747,1.6573877062193723,1.7366805272922918,1.6870676660973467,1.7194813954786359,1.8842410534834577
121.0,1.7139985384678742,1.700706363424479,1.72263042271152,1.568250941545558,1.7007946056128873,1.7238145882718423,1.6046891647518087,1.7050811564848172,1.6711495861541255,1.635581124839504,1.61283888124616,1.730750717303934,1.7255091914045315,1.5642412306026772,1.640594719199472,1.6883307978295217,1.675818499477373,1.5727446773165334,1.6364954392514495,1.6755969838989844,1.7553005008090081,1.7250480100137144,1.722733812335792,1.6700951288141792,1.7208478468868122,1.6017677871839073,1.5411716491886078,1.666875541227103,1.7089357683902298,1.6860922074406977,1.763385058533573,1.780280140657747,1.6971227582281692,1.523514310890987,1.7457680112802223,1.744937303059934,1.741311101371477,1.6831975101241734,1.6394233548300357,1.7256198858086897,1.6641326332946818,1.655110772186495,1.6918896653247786,1.7762970034142425,1.567911430437133,1.6807801175745547,1.6777993430525187,1.766655685401898,1.5636954472775564,1.6629993324681813,1.6468868854051202,1.7652907906874795,1.767872670665241,1.7119888086002157,1.7502755835785149,1.6312485153231975,1.682769830775943,1.6459656516668415,1.8473682560796223,1.6812041056483256,1.6295642670889943,1.7733908222418013,1.602733583874066,1.7782084895349246,1.7171312479229974,1.6747407928153055,1.7345634730942356,1.6866962565994725,1.671512471576843,1.7854829665441605,1.6452766340496299,1.7337672356599327,1.7479413862607185,1.8717819519894994,1.6466670754670092,1.7065566049554644,1.5738810495598259,1.7396057263575775,1.5974178906023138,1.650960214133669,1.5971562716216938,1.6840013085636785,1.5595568018043167,1.70424500918524,1.6956763963200738,1.722079561018309,1.6309630350245556,1.6873410154037736,1.751283863039048,1.6846264755879066,1.6314723210644944,1.6334418497927123,1.6351649348052457,1.6775669756797826,1.7244662591320095,1.6498908015965779,1.734170997581975,1.6815630392223677,1.7123253363673772,1.881425558263042
122.0,1.7130037170635442,1.696834749491219,1.7195641946507596,1.571287887021576,1.7080257722230376,1.724826332537525,1.603529021642153,1.7022274396409578,1.6685858815255257,1.6364695239656462,1.6143445108764036,1.731410996932473,1.7250340969691917,1.5637200164506173,1.6335831718010108,1.6795233252944124,1.6767546921471967,1.5769618783981414,1.6330381029182686,1.6753413821929513,1.759125193320051,1.7273832128524904,1.7290682343244872,1.6681149691615231,1.7111251041323188,1.602849634691775,1.5384347155560936,1.6586793558040047,1.70409695940692,1.6799457509870634,1.7631563467488045,1.7842357115775982,1.6961610584335174,1.5181179247744312,1.7467930080970555,1.7439048245578095,1.7335479198158243,1.6849948690289218,1.640278668933615,1.7249413277213195,1.666877315947223,1.6526685072372913,1.6929792999061894,1.7777928025119725,1.5701709294740622,1.6787197566849674,1.6716996397643549,1.764351560055943,1.5651232387654446,1.6572717032144617,1.6494614825238911,1.7562915587569625,1.765637199041701,1.7086396612319963,1.7508170743046445,1.6283713608183574,1.6829312265194207,1.6400943523410272,1.8409724079305754,1.6753349383925324,1.6286283435097908,1.7654404833859392,1.6007565985794248,1.7763204180416923,1.7157859844936134,1.6703688888541812,1.7267650438285744,1.69022677571652,1.6665113149165625,1.7872682280541112,1.6323846461687677,1.7380049309368184,1.7486463522566218,1.8703441909275575,1.6385881328892982,1.7019951246252774,1.575825952402283,1.738702149930395,1.593334848957327,1.6464984411191679,1.5873703679667923,1.6849270512430465,1.557643815262729,1.697436403680558,1.703680698070626,1.7207051731437817,1.6325072343560407,1.6807916363746938,1.752900344514655,1.691031310448966,1.6262848114406208,1.632296235937746,1.631832777167227,1.6825868911388941,1.726585126078659,1.6476296294653585,1.7347180097775639,1.6748223367984305,1.706711085260172,1.8847467005492258
123.0,1.7124230591141016,1.6947051311188368,1.7260339690385065,1.5720796892242657,1.71216543373161,1.7297474053895945,1.6022478360704604,1.6945468159846009,1.6608973487526157,1.6375709448264832,1.61367351604976,1.7299312460529372,1.7286683518617014,1.5561581064529921,1.6314997105797617,1.676020244630638,1.6770977560609743,1.5816732248894951,1.6275743161144678,1.6762585773142842,1.762661793279345,1.7274934737974619,1.7324181833039172,1.664806449739943,1.7112327154219757,1.607355360672342,1.532498394629394,1.6513400901630777,1.698940221473645,1.682606202001075,1.758666893271765,1.7841012853645664,1.696679852509297,1.5205309852993378,1.7453150850518304,1.745475481311171,1.7307928456398458,1.6862913261040702,1.6392341644089061,1.7148779553190876,1.6668269354078653,1.641364126325547,1.6991615087894076,1.7784966958262982,1.5716360772562274,1.6738345093378866,1.6695685411826593,1.7567403958750423,1.5638703467203767,1.6564430812552493,1.6504541817983636,1.7544372574621019,1.7673053855263532,1.7058866075305121,1.7513171416725872,1.6230245351250907,1.6846930652284813,1.6392966499098571,1.8317403366103833,1.6665789630617145,1.6221253860599933,1.7567032265524671,1.6009692504103472,1.7777217656451239,1.7184586009537477,1.6668660664686636,1.7128245111425195,1.6892205105609412,1.6626528191492362,1.7919220326721383,1.6279441313988872,1.7377155319088164,1.752996662573627,1.8717130249769802,1.621398347590816,1.698517617627538,1.5791060579198153,1.7369537479795818,1.5895761043550933,1.6494211465886301,1.5786603763789784,1.6860662225509897,1.5549811526457047,1.694993572297078,1.7083810939959547,1.7174472777459389,1.636103675073149,1.6822317431367175,1.7510846340328035,1.6919505728705264,1.6184399013091146,1.630594501105206,1.6268075338108012,1.6848227136995548,1.728881885975733,1.631054163111593,1.7351914729363787,1.6704837346510826,1.6996701304671387,1.878509072869153
124.0,1.7092093031320779,1.6942363281329038,1.724244540614247,1.5724802778743017,1.7056718264884214,1.732999604873144,1.6028140261446522,1.6913168792762592,1.663599104112106,1.6403603951063526,1.613028359793652,1.7301625156561002,1.72390853849353,1.5553228194275768,1.6295454665656506,1.6793359900038158,1.67904707228527,1.585080656392462,1.62728574468018,1.6775204200512082,1.765592393845794,1.7248507166151186,1.728421402826234,1.6540355913490459,1.7107402230556608,1.6084555967167005,1.528553288321387,1.6435808743269076,1.6935208977458192,1.6732264324879127,1.7516985564601057,1.7789918908818114,1.6972271470045623,1.515867053785459,1.743045423568542,1.7502266224458571,1.7312290756753994,1.6885594755065354,1.6391074258535834,1.7080128464428748,1.6640999545768123,1.6387896002666147,1.6984696614220967,1.7791127092813142,1.5701809025213094,1.6689857095394378,1.6635958572172702,1.752562657819006,1.5545974389148038,1.6479828859688161,1.65294250970483,1.7517473227210387,1.7591138540069535,1.703580745074272,1.75033565283186,1.6213960628415662,1.6828793555745845,1.6368110590572191,1.8255455590760428,1.6682767305460686,1.6185171446968365,1.7518868559246077,1.5965919875651735,1.778111564567549,1.718059544298875,1.6630142514507178,1.705153844447301,1.6971592698153513,1.6620095297973145,1.7936161079495134,1.6208856902284705,1.7375947641799188,1.7542340239099363,1.865645245590352,1.6137466103240503,1.6916788230357571,1.5856509805557355,1.7376595160409882,1.588171591438913,1.6522115161876938,1.5691466057715302,1.6870016690798082,1.5550266961220276,1.6869216021192732,1.7135204959313797,1.7137097503251033,1.6387795135610868,1.6711378458015185,1.7536781668774881,1.695370115956013,1.61836735318167,1.6305108309131497,1.625774388547784,1.6854259251919428,1.7294291736199126,1.6242094271571672,1.7381063968425112,1.6572763289978338,1.6955059341223402,1.874920648132156
125.0,1.708040013162731,1.6955339692151592,1.7231613612070054,1.573059563526415,1.7002732775561293,1.7367918600261176,1.5987772293980453,1.6891717220433975,1.6613670739588617,1.6431146497792917,1.6066757993019858,1.7292502609703049,1.7220233248797383,1.5519240477568446,1.6200548788316964,1.6782859197487332,1.6771743813473152,1.584966446742096,1.6272026813807965,1.6756424442582598,1.766176060971034,1.7288324212985662,1.7234644114625097,1.6449632206638103,1.6965760224957656,1.610177259163405,1.5288243644916,1.6314308110156381,1.6904475539376689,1.6694444146019667,1.7475940831146481,1.779055070983148,1.700181169386163,1.5137954659035948,1.7462278032560499,1.7523179805792675,1.7311261193021918,1.6888518050541788,1.6390782848493972,1.7036263163186098,1.6652865940532255,1.6337685316517232,1.7031631860158813,1.7777265989870215,1.573033167049323,1.662603896213136,1.66203495677736,1.7502009121870603,1.55168950903582,1.6402680482183571,1.6545243448673717,1.7534813887316063,1.7527699692431058,1.7031740808907299,1.755655190521171,1.6150258843842584,1.6839925122287673,1.6304023420867046,1.8245221919209864,1.6591302106423684,1.616818518346276,1.749202083203108,1.5880564029104478,1.7803555884676316,1.7183379848886668,1.660610602197871,1.7031333299525233,1.6990487609283533,1.6514344824365161,1.7945798958461652,1.613036990656702,1.734806856768578,1.7577077608943228,1.855639464934627,1.6093345202285683,1.6857749071879784,1.5854298363349397,1.7340629466385002,1.584361476282686,1.6511955016399018,1.568559497605625,1.6885662653877234,1.55198189135845,1.668592253232491,1.715504567976108,1.712320477446409,1.6299218959834647,1.6616997823712822,1.7513931271072039,1.6976270982080106,1.607600320638808,1.631711469450506,1.6211491546887802,1.6882561331819919,1.7299776151497561,1.6183743214494994,1.7332713655490555,1.6392333921933564,1.6966887820119527,1.8631578139323706
126.0,1.7038189797169114,1.6936508489952964,1.7195045049292665,1.5700814479232024,1.7004575370817832,1.7379072115791805,1.5989045720082966,1.6887923744245683,1.659156393159871,1.6438836925984837,1.6095505428505983,1.7316395304649335,1.7197489978043534,1.55358511003244,1.6148608134341864,1.6769710554463442,1.680106848446501,1.5781301713878317,1.6257832279364113,1.673854024775018,1.769612243475948,1.7249434712120044,1.718282399067092,1.6382213940682098,1.6942433336064877,1.6121483205123377,1.5294851039604713,1.6301120426336595,1.6892842349726336,1.6572322725551771,1.7392706202791437,1.7708348800918525,1.7052931581805861,1.511382454350184,1.7454166456445086,1.7543095958327175,1.7300739070897684,1.6917987167422104,1.6407563160191703,1.7003177877980982,1.6694927395755097,1.6368644477648253,1.701565068202651,1.775191194370027,1.5716704263612227,1.6619683035272788,1.6631548028192358,1.746309072124893,1.5534675047785738,1.6419212548332243,1.6582988417771383,1.752085961998953,1.7429167402943135,1.6983649315964011,1.7524600955138647,1.616535521042371,1.6808089783524474,1.6283417336750143,1.8278929136436077,1.6481404428986655,1.6143646738832047,1.7452854290835729,1.5755863032238644,1.778940591346979,1.7221816028128103,1.6509274066700164,1.696387196324214,1.7049814408867985,1.646205506148705,1.8012340149947499,1.6057153178770653,1.7358747270554307,1.758498390487909,1.8472694926184674,1.6038061890790198,1.679163311625969,1.5850075537408856,1.731026908395777,1.5745207592026496,1.6559076225391292,1.5582516008042253,1.6932000502598705,1.548823940711679,1.661212180881231,1.7171188197665461,1.7055365158583227,1.627204499998491,1.6478020534102242,1.7513615364707302,1.697629770677523,1.6027762584643526,1.6366619833592084,1.6126795211564544,1.6906440243985899,1.7317081314111284,1.6177462658022597,1.7305507604423127,1.6331035273584151,1.69506771117075,1.8599487795835572
127.0,1.6993444013420194,1.6911405293183865,1.7116616387299906,1.5732419346495625,1.697562019856225,1.7406686917165346,1.5969025910867998,1.686975521853788,1.6559652558839586,1.648714566720018,1.6130712680039665,1.7321593388359642,1.7152329121885328,1.5513754023063417,1.6085456098104198,1.6797618119507542,1.6824437987790526,1.5857016175621157,1.624691987645528,1.6738195437026488,1.770376690408118,1.7234562653707801,1.7088288104480218,1.633086692664153,1.6882472756479476,1.6137692049374064,1.5336058920130058,1.6238132336193567,1.6922813661813982,1.6542375262298405,1.7349512400901121,1.750935913203979,1.7041269041291833,1.5060453388319917,1.7394318626908034,1.7538426035310137,1.720679700050545,1.695958241435431,1.641239624704034,1.6975932145149362,1.6685717404017966,1.6352618015081428,1.7005858326660699,1.7730712294780082,1.5661379636193304,1.6617613474433988,1.6563492388379297,1.737837774831737,1.5508306203779112,1.6398466330012431,1.6578501319229226,1.7474378508026265,1.7313517886383347,1.6948078225373064,1.7511793347420297,1.6142653330339887,1.6760953734198971,1.6282412802010466,1.8189610235495952,1.6375760028025659,1.6082685737508886,1.7463340390158821,1.5621374463758897,1.7810651286502852,1.724401145619733,1.6492478618967594,1.6912937749144188,1.7036649448811494,1.6415064076849166,1.802518412070684,1.5937619214924292,1.7350290708547613,1.7599056771198407,1.8360311151974509,1.6025565142345246,1.6748022854247813,1.5902966899691042,1.71445701470927,1.5589662157204427,1.658449157424719,1.549252200683215,1.6932954548027381,1.543030824692113,1.6531280729124016,1.7179627965950206,1.70379992866788,1.6306345410518739,1.639030592350308,1.752694226653346,1.6980579153538455,1.5920038002594221,1.6333807862212752,1.6011761395189532,1.690581189993414,1.7294469500505998,1.609465872805794,1.7253747779659454,1.6292949466834357,1.6984108305478707,1.8537117295325078
128.0,1.6937093770955034,1.6863070740240504,1.7105344061904366,1.5651095048059644,1.6986632031146829,1.7439163313315966,1.5903795963380725,1.6885732609592958,1.6580039501734634,1.649753820903852,1.6107420426884065,1.7334973286241062,1.7141502794232033,1.5511300488296609,1.6155471282681428,1.6782648179691746,1.6836240118916044,1.5847211617004433,1.6257247878232972,1.6721961140891621,1.7729088326652958,1.723047262067726,1.7051986941506565,1.6309401472148746,1.6745803294575685,1.616008849352384,1.5319511910614476,1.6201647168440523,1.6925138955012198,1.64369040735053,1.7319399491681486,1.750908398336317,1.704637916456267,1.5027110226599312,1.7376796716323182,1.7507430969984366,1.71645676469347,1.6971402060420768,1.6421739697058675,1.6995680970207143,1.6741127089810943,1.6274356364859546,1.6992278817593949,1.768631794093015,1.5585448471253238,1.6569148765860835,1.653303545253885,1.7341475946739469,1.5528546942928956,1.6401481571199503,1.6635584588599042,1.7407313662968853,1.7267121634170375,1.6910056749459939,1.7539814007672856,1.616171163329916,1.6760515901676982,1.621702482204859,1.8052228375255155,1.634132443657252,1.6094308342007047,1.7455182072500677,1.5511236104775143,1.7842146043183358,1.7220974249291714,1.646412008054571,1.6892608388284158,1.7061045911322243,1.6365555896373372,1.8033192718011493,1.5940124697319407,1.7332921868402407,1.7604540838990521,1.8271942570503337,1.5989179687124073,1.6688255386425934,1.5874769930237695,1.6984695053325662,1.559562698085726,1.6574242993933532,1.5379706032298397,1.6943242978752426,1.5491315653523008,1.6462885465094097,1.7182879104151836,1.6964139916641023,1.6284408808243345,1.631787745540659,1.7562023132728861,1.7012199953042921,1.586820288591842,1.6354971913183172,1.602580295388294,1.6909451633669477,1.7313260264745531,1.6037626865252002,1.71971271154232,1.615775549726142,1.6937395773776058,1.847038885510989
129.0,1.6911412055511084,1.68753398468506,1.7049219336201558,1.5622590253713893,1.6945758659349173,1.7461588380732123,1.5924519972105025,1.685017561221179,1.6600957185609362,1.6534536312330448,1.6187804680843372,1.7328354182481285,1.711364020123403,1.5507482330426472,1.615484936824625,1.6806971567797402,1.684931361005817,1.5865102999152167,1.6224685879715872,1.6754748740928513,1.7772570735329212,1.7182079815724607,1.7030072768684255,1.6289454507567327,1.6697459595619144,1.6211420606395073,1.5315140957462603,1.6173693524849042,1.6910463267550593,1.630093348854107,1.717781287402272,1.7450203664816013,1.7038891722471134,1.5007259157482742,1.7380795959029047,1.7487706706432438,1.7157910500286329,1.697929641285121,1.645063124889878,1.700938858673519,1.6747990184129788,1.62969625047906,1.7026501192283328,1.7633850749007072,1.5504060734069123,1.6588278686417464,1.658273494443423,1.7144345039409739,1.5527432267858903,1.6354929681556987,1.6659116389573592,1.7247056435771908,1.7166041130354273,1.6803776903011263,1.7617118685938336,1.616812411595191,1.6775897904006283,1.625083820449737,1.7855336497372427,1.6321986285458114,1.6118318441371515,1.7443407525700578,1.5413517690492877,1.7835970734732927,1.717940751630464,1.6434814838675027,1.6791836478112352,1.7039816607940683,1.6306180530924332,1.8087253528047715,1.5918911009223402,1.7331156167488526,1.7556255294106065,1.824726638142703,1.6001625868689169,1.651763751779643,1.5844569896587304,1.6914690375871366,1.5532692305652234,1.6552348743346452,1.5345627421559729,1.6962212974072959,1.5484829321972717,1.6373213085640792,1.7215706683250729,1.6948791632457825,1.6258286234010673,1.6216799450860413,1.7555382598173161,1.7015180440894349,1.5793270165699222,1.6357926714615516,1.602150758502,1.6943553884752398,1.7292782764829158,1.5904456687943604,1.7154210647288672,1.5979450643114355,1.6837339403263307,1.8432219775388683
130.0,1.6911212967132727,1.6849699624892358,1.6921957315176535,1.5609910433641474,1.6922786805847438,1.7471723936349124,1.5899280369725126,1.6817846472015168,1.6602414928405267,1.6535768632501964,1.6238587573343468,1.7376822775724479,1.7092366623999582,1.5520496611690184,1.6136281004279003,1.6808839397391624,1.6868604089917434,1.585428184596676,1.6168437434101655,1.6727478231655124,1.7805252680457013,1.711492860489086,1.6961233737392543,1.6318494417351341,1.668278770551549,1.6227008036528,1.5260052927727104,1.6082713943016362,1.6922676828749865,1.6122713093612775,1.7112018998594152,1.735950181028857,1.7077716407160473,1.503328546470553,1.7337487496646613,1.7454156058769854,1.7166723772498176,1.6993325333012612,1.6503628614586323,1.6942215491091879,1.672071241226451,1.6276871769972125,1.6996750336845334,1.7618836988021358,1.5455829761464852,1.6607619425465374,1.6514858094530651,1.6999062607637068,1.5568345846894842,1.6350101306017966,1.6693728289480205,1.7120515845988307,1.7164845426259703,1.6742651288418853,1.768196391576208,1.6198196605618016,1.6781166679989976,1.622257889999002,1.7617372729867113,1.6252191408505727,1.6151907549204998,1.7468264042526926,1.5290113863803136,1.7850488505549509,1.713243002637058,1.641837409489978,1.6757175496128762,1.7014990361786146,1.623201414845909,1.8085118612807034,1.5854051394330888,1.7250740766382948,1.7555970340724745,1.8168146395188018,1.5959584841831103,1.6417010498106859,1.58329999255993,1.6833044786767566,1.5450111742197232,1.658348367104302,1.5353761307086453,1.698784614201251,1.552474110706448,1.6399258902119769,1.7212559862010643,1.6897672891266973,1.6220362583637218,1.608791502399832,1.7567772665092165,1.7027222010163836,1.5778418286991136,1.6394402861709627,1.5991926035125736,1.698026853124648,1.728710747052351,1.5829222086110704,1.7092916806235923,1.581921015244271,1.66953847100592,1.8359915215767915
131.0,1.69051461712363,1.680138557443864,1.674668939042834,1.5578490276809223,1.6914391199140058,1.7474210613323364,1.5862887667145242,1.6859862336485867,1.6642808181710347,1.6556165008937365,1.6291863320382436,1.733762880237937,1.7108474988768556,1.547516280133909,1.6163473953838232,1.6832962990907798,1.6861288161142107,1.5874144168363125,1.6168329961299708,1.6710622900521026,1.7815069768626404,1.7095096164873884,1.6890507073711902,1.629330059213088,1.66158014278198,1.625943235076335,1.5213050282809246,1.6021955043800964,1.6906993642255477,1.5985571967567154,1.6998926478198346,1.732927623274293,1.7065489389887871,1.5072959579337166,1.7313579990651866,1.7426762628090868,1.7139633190118988,1.702227893216183,1.658627905356697,1.6803892210633529,1.6700979189877871,1.6175092176314683,1.6986146445229418,1.7574783437974009,1.536018064949449,1.6640774205163757,1.6497312664534423,1.6843622512102359,1.5611099354921154,1.638313180528858,1.6680042769751475,1.6987640070207715,1.7103224091819949,1.6735376326331766,1.77008901046556,1.6239297049252774,1.6809416593630138,1.6249135273681286,1.729492290420881,1.6136519404975878,1.6163323127306712,1.7441100565651972,1.5192934061314916,1.7822211974545539,1.711096262748151,1.6380812010818693,1.6620729437172947,1.7045112194824277,1.6180839559839413,1.8102056263402309,1.5824866832031872,1.7276697435113033,1.7528583081413567,1.79821710823128,1.5995996565203512,1.6312012769289312,1.5791719600635679,1.6773557124132006,1.5306847816630658,1.6572905550799384,1.5287556440851435,1.7017098054242832,1.5580982085229327,1.6271980847038512,1.722786675697756,1.6823526067806571,1.6251855486997522,1.604215504983157,1.760241128287398,1.7050536957606164,1.5725311682254122,1.6376533422209636,1.5959157714015597,1.6988055486154008,1.7196662858102394,1.5780990117867744,1.7017855555406338,1.5723144464815204,1.6579813043947147,1.830994512210077
132.0,1.6938026107628983,1.6673440298736943,1.6613817308391468,1.5592010028391672,1.6836472575747408,1.7487984605320201,1.5775910228229058,1.6886544981011633,1.658116525361644,1.6560734709941516,1.6309153646862429,1.7366442550274004,1.708128101815708,1.5431199138324074,1.611172299810314,1.6864637874320043,1.6855175370289874,1.587109391199935,1.6113580887436894,1.6750964745493042,1.7840774246823992,1.708685263849048,1.6755481888181127,1.6269985528270685,1.66369856302825,1.6255419062504848,1.523200863925088,1.5948076049715132,1.6888867108346295,1.5813049060591093,1.6901379417077858,1.725188320974511,1.708302430911546,1.5113282921195945,1.7320562671629396,1.7373326694604285,1.7123385167527232,1.7060867659996868,1.6617347809511342,1.6677576170835076,1.6712901333342602,1.616206028067742,1.6987377858754227,1.7507885095755602,1.5310441010845142,1.6687785243734212,1.6454218183061726,1.673312926973482,1.5678387361651807,1.6384794499013653,1.6682802912998673,1.6980693699889349,1.7102936658624408,1.6711908758906044,1.7707558807291084,1.6282787497173845,1.6826477713569548,1.6193342148000367,1.7157429409095484,1.6045719935223657,1.6231947442310117,1.740441971572998,1.508432037542184,1.7827033345870977,1.7106074091568857,1.6361968112985903,1.6559224138391302,1.7028814882994543,1.5962942948967136,1.8111203070357598,1.5813089784658583,1.7213065070915554,1.7439325895451219,1.7934010285100779,1.5947706247836877,1.6234265544048385,1.574776218706325,1.677505807168681,1.5203824792703522,1.6596502884572106,1.5237443086675362,1.706305107311813,1.5588653427222745,1.6230062539235632,1.7198770272733435,1.6765134362689291,1.6242461081314774,1.5960698648660891,1.760723490214948,1.7050008406946582,1.5760402760129941,1.6336058663929465,1.5844711731172163,1.7037309163535912,1.7150489704815748,1.5724843539057232,1.6968670172980131,1.577533634187298,1.648256169131414,1.814516611493446
133.0,1.6950861834408657,1.6574016268786522,1.6536624561822764,1.5623315413688983,1.6767737514126095,1.750788517779138,1.573081109280986,1.686111361448245,1.6587458389932304,1.6584840679149326,1.6324996746734393,1.7396100642704158,1.7111711092581947,1.5376668758860108,1.6079444157945655,1.6888261752149603,1.6858945164624615,1.5847330674968758,1.6125626714025725,1.6675725312713905,1.7861342825527697,1.699480743847221,1.658717822215543,1.6207650479003266,1.6661872808487217,1.6260631779641865,1.5186216193442137,1.5897578390163456,1.6872546121607945,1.5731312584927775,1.6801815996106637,1.720242539823216,1.706108519600288,1.510580795288219,1.7295172736956483,1.7349426311632976,1.7162521608614971,1.7114684254586812,1.6662694100154682,1.6536087699950595,1.6732606620463262,1.6134968995280006,1.6965725376877803,1.7397863693545734,1.5215858355338796,1.6741693364270744,1.6463642109210357,1.6611172923374906,1.5697838457728606,1.6362615668790044,1.673055994477351,1.6937826502404687,1.7040430739457484,1.6669065649862331,1.7735942388074168,1.6276845031796132,1.6840404024806281,1.6077026141931559,1.693635359943581,1.60299057741798,1.6268846013162308,1.7380013974809967,1.5021482194652014,1.7810433613910464,1.7100903552677877,1.6296309000678022,1.6585049754901753,1.6988369047941536,1.5799554185064675,1.8116669620870858,1.582473723354508,1.7235576561886907,1.74001386416603,1.7836041028265308,1.592096031530617,1.6146714878679813,1.5645191478595357,1.6763781483283107,1.5174908760032362,1.6669279159815413,1.5184918435892854,1.7064731518762086,1.5619892550927799,1.6130875164511151,1.722927015666489,1.6741331261953256,1.6199060784812838,1.596348479166601,1.7611990507388102,1.7007882264426322,1.5717322020293378,1.6329509635095238,1.5699307879325024,1.7048438993891422,1.7030384701380898,1.5623379150975896,1.6913591518636102,1.5755563555334184,1.642043979441349,1.8051796926348227
134.0,1.6976282532232603,1.6466914208855912,1.6457317138256724,1.5648699716708545,1.671982650640818,1.750963604276436,1.560998198507154,1.6858002721737053,1.6518290660541923,1.6642393122864902,1.6326662376861973,1.7403533224305987,1.707473199240544,1.535585758594623,1.6064784770623597,1.694836935458539,1.683045521999728,1.583267839722908,1.6154053375009767,1.663375059975009,1.7883419310441613,1.697668067953585,1.6433740503029572,1.6185219388743035,1.6682699103095278,1.6288699804798705,1.518093627589053,1.5839905074343092,1.6853964327358832,1.560507173740116,1.6712682758962032,1.71144750461576,1.707166278438439,1.5084571281798311,1.722375953978858,1.7305700809676288,1.7164010681027853,1.715571002106511,1.6681180373635238,1.6431247064113828,1.6725592203948312,1.6126066763921332,1.6974998200401588,1.731616137164497,1.5151576412215593,1.6741126836824884,1.6428608010344334,1.6514018479359522,1.5705227821590215,1.6345223697001414,1.677215319288554,1.6860042572754481,1.704990502589282,1.666516718701096,1.7733739228055425,1.6242605198950686,1.6859679939451253,1.601948360212803,1.6775518112761856,1.599915278207119,1.6275296988400847,1.733563277975563,1.496654880096283,1.7835139928419343,1.7129053247156807,1.6295114110111002,1.655901598290692,1.6956370742163365,1.572352313698641,1.8062939072222113,1.5792919425753147,1.721068930433425,1.73794836822693,1.7751510086380478,1.5837342806257906,1.6054557310144013,1.5651618737536785,1.6739267548500532,1.5150456488242692,1.670660625607272,1.524400879007683,1.7042514382743903,1.5631831819093427,1.6115503474346444,1.7229921818677447,1.6805981044135918,1.615022002684379,1.5935087377066388,1.7591929237678998,1.6976682718369118,1.5687955641739488,1.633907018367798,1.5648633987341538,1.7070034790751512,1.6941453395120165,1.5575008201858036,1.6854109627365281,1.5710066575872554,1.6390063996840423,1.7933258784799841
135.0,1.6928906102692618,1.6417979229149764,1.6328580825520302,1.5611389222882872,1.6710847581843011,1.7535134121242573,1.5462861462215047,1.6853757588670266,1.6428470932458112,1.670158337074419,1.6341466131417268,1.7412927670593266,1.7050916104999227,1.540774362871841,1.601655463864368,1.6988630245427427,1.6803860052985489,1.5713205695876453,1.6148675404288555,1.663105232490184,1.792677058446554,1.6889883392195466,1.6399087962409782,1.6126668299459264,1.6630503406471742,1.6277208017835163,1.520233941381765,1.5858615758197943,1.6854255719196087,1.5424120738372185,1.6611650761766314,1.7119091570699771,1.7091862377009763,1.510386821279185,1.7107847337868427,1.728211438102016,1.7183838314822177,1.7182720621227516,1.6709333560817135,1.6355688617584185,1.674500265831343,1.614777285598161,1.6972319035434533,1.719340720149936,1.5145460539269526,1.6696184908975535,1.645481754982604,1.6354216189426267,1.5722801301144955,1.632494209788283,1.6762284791824413,1.6739594726732085,1.7029255684026914,1.6664134388418685,1.7783798800473711,1.62083692132951,1.6888512760039336,1.5959352476779718,1.6604250593822607,1.5997605150429661,1.63260805111276,1.7345086653912516,1.497626845293274,1.7819584148252117,1.701929277170442,1.6282185269298892,1.649346827679749,1.699068399088484,1.5666256034948596,1.8033526824075414,1.5780963645250476,1.7249198505221004,1.7372140925286945,1.7638008698758918,1.583281439012691,1.5977133174414664,1.5660979806894162,1.66730357691704,1.5102330636613182,1.6721887770734865,1.5137409236569919,1.7050950607733697,1.565339580935298,1.6016256188126583,1.720667267529679,1.6775676271995021,1.606416999652054,1.5909010111183655,1.7620229398772982,1.6955192348385852,1.572689955091653,1.6261477504672759,1.5556113282730872,1.7116939670017157,1.691012584369423,1.5481650486108696,1.6749490838441798,1.5666527006348898,1.6343468399172896,1.7859460304560946
136.0,1.693710645241721,1.6341517000068255,1.61533916362976,1.5567398667302998,1.67132081121045,1.7571657840027604,1.5389261078726066,1.692084243304988,1.6386877565282942,1.6701329201689386,1.6377574179806218,1.7285209475244199,1.6920069024107576,1.5381246812634095,1.6009426899333152,1.6989949667970574,1.6785907897317496,1.560579544648947,1.6133057630152903,1.6583690887645968,1.8000808924361815,1.686499208144441,1.6233243728643671,1.6151105346065877,1.6607406700536091,1.627315102548605,1.5180015670591507,1.5843927305804006,1.680978474852646,1.5163552193909688,1.654822186855223,1.7133805407277396,1.712207373322972,1.5088686110037675,1.7012636118542224,1.716981530558035,1.7229123786545233,1.7211316324651995,1.6734068206473265,1.6225005753069577,1.678863547318947,1.6115731067642527,1.694213680018966,1.7060713584499778,1.5119597305813695,1.6733967319018577,1.647499975999115,1.6191993885557936,1.5746237378293042,1.6274458559233673,1.67434832709589,1.6658068966866812,1.6997916062645615,1.6583289008734217,1.7741491275752506,1.6274852336561734,1.691090646294407,1.5905034343762645,1.6518047202411739,1.6037806673844235,1.634000584728953,1.729253632930998,1.4914452111954561,1.7797600253459507,1.6981116315626126,1.624393516917897,1.6434119615076805,1.703558897894919,1.5589032888883496,1.800758449066829,1.580023720076818,1.7252733024807443,1.7210333766469477,1.7576349968938187,1.5832482383383089,1.5816072834945467,1.5670950806801678,1.6595513496285341,1.504980611010235,1.6717339006907974,1.5034553862277473,1.7044939394328404,1.5683465499771327,1.5958963243474649,1.724717914709643,1.672796722317867,1.606051885950627,1.593292347201674,1.7549491860900446,1.6876153040381972,1.5693371500851638,1.6252033038403668,1.541003719466646,1.7150429736628212,1.6847787376660386,1.53965490758652,1.661606531974256,1.5663551530967879,1.6152688427243638,1.769041597670904
137.0,1.6928565895915662,1.6269338906287805,1.601927206022056,1.55323534892077,1.66415866059687,1.759291529688214,1.5309551022894703,1.690108532404795,1.6404281181889986,1.6724494117699926,1.6336280821883584,1.7336736825996624,1.6809916240764187,1.5410201178133136,1.5989072070045536,1.6975380091023942,1.671112993943125,1.5570239881558199,1.6155565218507648,1.6573183783534065,1.8033909027103823,1.6760940094471786,1.616219832417691,1.6144103023172378,1.6558237465293204,1.625572603113347,1.5204836534113524,1.580667035464127,1.6789335955763924,1.5063822772370739,1.6480324198981862,1.707890672962322,1.7072269360466426,1.5117117215141098,1.693945669332599,1.7035640961694276,1.726351853651123,1.7232970497846294,1.6777222924193858,1.619824345807705,1.680562848935613,1.6091255743317245,1.6871306666238095,1.693960896862626,1.5070861140134226,1.6727745850133184,1.6487918295532238,1.6066071853810904,1.5750018720391488,1.6262152154234681,1.6738471734905875,1.6590664634567178,1.6977762356386648,1.6517563313525558,1.7705056297910757,1.6263577183645013,1.69240370665256,1.5872947882041444,1.632713720886529,1.6002447309541918,1.636204657731594,1.7257924735207093,1.4890970640700638,1.7807708037595857,1.7000691442784992,1.6263656054768503,1.6351788369583955,1.7066739720254072,1.5520945811521532,1.7931825543514608,1.5796073083706577,1.7249224986989062,1.7152489839418652,1.7441493979261626,1.5738446774112727,1.5758680233378763,1.5605096727596532,1.6524364819676405,1.4998537200092965,1.6768013066335472,1.4979188529541687,1.6981965966081634,1.5688392444703596,1.5878246039258959,1.7272779465319632,1.6664647700859108,1.6047588311917946,1.5950082605434754,1.7528882968431323,1.6857393893276575,1.5703858136001967,1.6251786542439093,1.5358949594810423,1.7178274215418925,1.6780696057635698,1.536320158866925,1.6447093896210867,1.559590096630132,1.6041637919462806,1.761263179559676
138.0,1.6970253197889094,1.6185575019470595,1.5938457176102332,1.5469215425477283,1.6576825937908286,1.7594004276915105,1.5251075841307042,1.6937828485913407,1.6389962640165614,1.6730523828005244,1.6367909171444524,1.7348624706368239,1.6735240386626185,1.5384058022635922,1.6015854749639231,1.6991372133013505,1.6656351359781962,1.5487914881714342,1.6191588101604704,1.6509285550027533,1.8080194017466924,1.6679860773133321,1.6047470853768315,1.6163325934100992,1.6526411768430436,1.6239801641948237,1.5204495102645295,1.5775470301711576,1.6625356886673617,1.500476801729829,1.6429766280481393,1.6925414166935233,1.706276252367609,1.512289346075998,1.6923827081411138,1.6998088974546057,1.7259368063254947,1.7242617647675218,1.681812036494051,1.6072197910198602,1.683208996830072,1.6084559239397749,1.6853131387728784,1.682473717511704,1.4935455456235724,1.6756319346594242,1.647621075061404,1.595265409133593,1.5784969079659656,1.6251452713612593,1.6764626200743067,1.6532716125238778,1.6888278085127542,1.643002885175629,1.765474904116108,1.624812282877469,1.6962966309202212,1.5764880538388064,1.6095223121908795,1.5960358553606768,1.6300791870137175,1.7194075713421404,1.4842648576950603,1.7793615567407008,1.6908070811907272,1.6259193072953741,1.6316418392584457,1.7087334132125394,1.538898839556058,1.7951053865668312,1.5833524695254466,1.7185761280924383,1.7077929804983258,1.7375555888553968,1.5708658612937967,1.5546395272638296,1.554218788939431,1.6451026069286991,1.4914638424183124,1.680586746470109,1.4917520495503378,1.6965792620797107,1.5687244736094494,1.5809291640478518,1.732168805590535,1.657595074049508,1.6032897813473475,1.5937040038405932,1.7509377210530574,1.6746126572273385,1.572732457188018,1.6274714353950397,1.5296732578597627,1.72281498023984,1.661935315206939,1.5266148614616557,1.6363409755986311,1.561252396295549,1.5968092588943514,1.7523671365965656
139.0,1.6982962633901786,1.6135802542439976,1.5840503897656861,1.5438171265275906,1.6511199486162973,1.7634098304634143,1.5149584206408104,1.691352766082173,1.6341989337416893,1.6738886643196849,1.6343402248293628,1.7397801440768552,1.657917320881867,1.542248898848172,1.6044101090205856,1.6950791426425407,1.6645668810913874,1.5432162377845104,1.618418193664015,1.6516876346414557,1.8102882425978521,1.6647161626786529,1.600390950037822,1.609864602717389,1.649380396030179,1.6249212238329163,1.5200737619832148,1.5727776505944626,1.6507129654445756,1.498185678401828,1.636422201777326,1.6827416574657945,1.7055280424964296,1.5141300467090075,1.68279172145017,1.690098706132262,1.7205965036575521,1.7253091085088712,1.6807906131383317,1.6003616210395768,1.6889295309608532,1.6068668333799228,1.6810524462942362,1.6701650424086574,1.4911638848007722,1.6767046493306668,1.6499664083596937,1.583578609160955,1.5826822709883994,1.626724133224527,1.6764018551109947,1.6488250122453594,1.6835381061816033,1.6393735382099204,1.752516363001501,1.611605152485718,1.6970859498362487,1.554861482008048,1.6005639899870472,1.5970968959207246,1.6276504657647548,1.7128317876363282,1.4858296267475972,1.7789459039311604,1.686292907286042,1.6236226057173517,1.6205070767822944,1.7111267117718878,1.5230659198430623,1.7948120944137311,1.5864136091915022,1.7106888905337805,1.6955634296078779,1.723142792429873,1.5678781439687042,1.5389478130785201,1.5406144104501411,1.6388361235419617,1.4790185295128435,1.6772911864648643,1.476539091457506,1.696692765493231,1.5677920064038944,1.5730441770228654,1.7321593621174192,1.6567148019706073,1.5991135774828702,1.5946113340584012,1.7469042418997789,1.670635509717657,1.5753670498988235,1.6333931675128701,1.5266369369771395,1.7260024300272157,1.6482174767062732,1.5116730817648434,1.6358406610693763,1.56024256584082,1.5854985826156556,1.7470834771745927
140.0,1.6989558384608014,1.6049775837483171,1.5741802651697614,1.5402676868989487,1.648437484984787,1.7675643105402798,1.5064425421771528,1.688435992983191,1.6266691419312853,1.675899966801738,1.6267707720449467,1.7355315769069772,1.653530095417477,1.543856937581571,1.6056579765254724,1.6896469060739998,1.662061125724572,1.535085937828693,1.621522496656588,1.6563446895608482,1.8128055067368514,1.6550950391569517,1.589785421881304,1.603704360712203,1.6456817877076555,1.6256833237430797,1.5194855992030392,1.5719989415256392,1.6335905991242845,1.4885663301569374,1.6319390518792811,1.6751002565062738,1.7048646690239244,1.5179183891740216,1.6735563167719378,1.6755864522860708,1.7161047492916355,1.7260337353029775,1.6824541082927134,1.5904344258300618,1.6898631799766106,1.602706327981058,1.6768369141564123,1.665244742595417,1.49676624960363,1.6740809817540654,1.6538336536467697,1.5746065415396722,1.5822446728611468,1.6148044554532686,1.6765911162948175,1.647089221809416,1.6759758124286246,1.6331821565873648,1.7421487157024647,1.6042071240923876,1.6955947592943599,1.540999137668824,1.5964554308550203,1.5935946379336694,1.623592110450831,1.6997295057563153,1.4703239365375969,1.781657151839286,1.6743703377769625,1.621867383718787,1.6173857895364983,1.7162218541610377,1.5192526243136841,1.7900262575509027,1.586102293639831,1.7014549641187469,1.67823296445873,1.7153712300050823,1.562704249460617,1.5321724538322523,1.5341363124232947,1.6249890137254088,1.4655666548887458,1.6727818463067883,1.4776107996597294,1.692521834885074,1.5686248790581054,1.5668677415665098,1.7297008384939347,1.6512667163441466,1.5977116390046717,1.5958416672155888,1.7436075045393875,1.661929266835018,1.5775570639311927,1.6330976606932566,1.5189383013672408,1.7270150638454194,1.6289516108455746,1.5102067363544769,1.6272850877895968,1.559799006641759,1.5748853274175572,1.7473475767072577
141.0,1.6967931642605438,1.597242261730171,1.5698756172988713,1.5383820523951308,1.641191752702227,1.7692223355547119,1.4958136148921963,1.686890288842382,1.621762366942364,1.6783340495409949,1.6260051286140234,1.7329767647560572,1.6460759613838487,1.5332564582260158,1.6082571000964572,1.6814046906624647,1.656676503298641,1.5219099840386685,1.6224315013893307,1.6556179186834257,1.8082108274891853,1.6491368879563655,1.5810917256901136,1.597564832254849,1.6436811834560623,1.6270288088206473,1.526889556884945,1.5713386441048671,1.6168803522558006,1.4882935246691593,1.6328525292159282,1.6644805669713294,1.7058819633923936,1.516188289644703,1.6665883660720522,1.6649112402326296,1.7125114685949099,1.7282293898173697,1.6818655236835494,1.5826532293657078,1.6907897365502642,1.6015074308478077,1.6703346968739026,1.6389631735735075,1.4942405951290203,1.6727844285670341,1.654472624675534,1.5671410628119071,1.5830308388100987,1.6100559424824386,1.6768538397332562,1.6354805781735637,1.6765173775053233,1.622773223021901,1.7281493733272344,1.6048803052112017,1.6931891734661748,1.5281548676561185,1.5854848301151028,1.5928025635391176,1.6013974432277212,1.6869046366625013,1.4713951289495089,1.77688961652497,1.6643005858643554,1.6183987533910065,1.6064231571341672,1.7206900785016932,1.5065439594341536,1.7903699028395526,1.5847701832218106,1.6922653120545466,1.6671213246244598,1.7143340328165637,1.547381420973259,1.5245128589728263,1.5244006101635854,1.624401156465019,1.457087278066577,1.6622796648444655,1.46115976924265,1.688980487969835,1.563025670955718,1.5559220493043762,1.7303599333143436,1.645005558990824,1.5934302987094162,1.594172477235999,1.7372013507822042,1.6581920702456256,1.5754000121994873,1.6336791575746201,1.5112218891817277,1.72848471029595,1.6176175311675483,1.5074980149138424,1.626399057184369,1.563314330046909,1.5678100921836804,1.7423861933802092
142.0,1.6901052095194362,1.5877338282120532,1.569004288228209,1.5323073800715876,1.6297387526109401,1.769039970071754,1.4858175798193491,1.6875134741899158,1.6152054533345281,1.6780178719196654,1.6209440740281484,1.7275383087951994,1.6328088343678477,1.5357703964520808,1.6091268298071795,1.6772210731762898,1.6544310270901297,1.5077164259378617,1.6196725694185143,1.6550213551961657,1.8072172581163675,1.6454573182810246,1.5762326326642533,1.5940502512137356,1.6354078037406488,1.6290989421702775,1.530638417926036,1.569865141413625,1.614595224822835,1.4878653159392068,1.6319958994106392,1.6537943847713052,1.7039716706635897,1.5148467964864902,1.6514481287968976,1.6596911804847754,1.701762378145408,1.7230230216601254,1.6807041117208814,1.5771106999219389,1.688789821755327,1.5977214567943048,1.658979604397284,1.620801629579081,1.4934692927617261,1.6772548729540373,1.652136036335438,1.55163613624157,1.5855557033136158,1.6064006260607253,1.6755620605537533,1.6316717186713208,1.6719942287730136,1.6114600025959611,1.72104413727386,1.60732118745206,1.6930631853960474,1.5242577654784377,1.5715399202859817,1.5794653857814562,1.5881394730852971,1.682650604535077,1.4650344815559762,1.773922594957128,1.6540764730949218,1.6077632252874998,1.6075650782210695,1.7250785294434097,1.4878616245269087,1.789395732730077,1.5863652369190682,1.6838492146631445,1.656172284744344,1.7093484696562478,1.540005041392386,1.5225835980456062,1.5192802418729399,1.6196537825875477,1.4457365240074151,1.6572767291400514,1.4525543843693614,1.6848209852068012,1.5624406608500028,1.5389988141481046,1.728561797373478,1.6386982066309521,1.5905760557018207,1.5916216267529055,1.726800514650525,1.6520049741889302,1.5758228972122894,1.6270859504413444,1.5040799304130053,1.7247455123489062,1.6055841648654512,1.4983287305942354,1.623941752444826,1.5621100996319228,1.5566230599519575,1.7358945226034181
143.0,1.691014237664872,1.5763922083182795,1.560496613236864,1.5318602303527964,1.628148085241165,1.7690005432023292,1.4891027978631326,1.6919932557684987,1.6094064494544313,1.6763005500507806,1.6213443258123916,1.714622752976092,1.6260395416882136,1.5340581634648989,1.6129988453139632,1.6752296842740675,1.6506763299226948,1.4926606556534585,1.6237271889764981,1.663154205650626,1.8008101614530143,1.637877235499714,1.5743305909651781,1.593090617899337,1.625980472546173,1.6223412429526318,1.5331982709794307,1.5679095179785556,1.6154157290593423,1.4873638318371634,1.6288928374666896,1.645021489417607,1.6999833546533125,1.513091863923668,1.6356046593318225,1.6495300594292535,1.6980298427241294,1.7188006925208237,1.6767631877067644,1.5764356337581509,1.6941173097021724,1.60044116042671,1.648061005733816,1.6022278592174275,1.4901358647576912,1.677162028592413,1.6536055390063964,1.5417893295554426,1.5899209268912229,1.5997185805519827,1.6703847024353995,1.6232542988060183,1.6713098770322337,1.5940838047481647,1.702269562874173,1.6019566990171137,1.6957766834472583,1.5177646338103856,1.5607839386793017,1.57688145588775,1.5812683001702403,1.6759067561343366,1.4644350872209289,1.775796271993898,1.6444101300131126,1.5970172239096576,1.6074959490337195,1.7294989309828972,1.4831182067034914,1.7937910151200922,1.5853919470975646,1.6743084574791636,1.6489519148129175,1.7098379398384131,1.5307201919552527,1.5169116488652523,1.5079313846983415,1.6099795629911167,1.4392044756455,1.6545516475485902,1.447998167184353,1.6831530462672917,1.5601635641029623,1.5365221199105255,1.7245225241831956,1.634161991566186,1.580307547541801,1.5854469250067869,1.7151652129749184,1.6438105318798448,1.5759839237608166,1.6239164999806799,1.4990888949965524,1.7277198396572808,1.5897457473737915,1.4846094621780745,1.6233947988026118,1.5623809146963104,1.553155887497186,1.7291431681075502
144.0,1.6881018645311694,1.5678216512161491,1.555790986126129,1.5298147879084931,1.625254801929926,1.75277484482764,1.4849817115442951,1.6893228671313163,1.6081718691464395,1.6720532822627687,1.616149587776829,1.7060091092375886,1.608213563727162,1.5324060543970661,1.617107032823877,1.6769363344808945,1.6486326695909417,1.4845356734726671,1.6251460600676042,1.6713153920556607,1.7966875524716395,1.6305834541553248,1.5658967839806135,1.585365255405378,1.6273291257298765,1.6221136556491034,1.5345903460835792,1.5551060357259094,1.6099702176840829,1.4838693333832909,1.6165157082088342,1.6365039297280504,1.6976686459782737,1.510181583560218,1.6155679326750012,1.6357447036889963,1.686903204456366,1.7128692328344446,1.6805939652251183,1.5728641303283715,1.6962008603711032,1.5937325593946208,1.646042919953482,1.5867591529418115,1.4895562579148416,1.6790438105063248,1.65767864387204,1.529449871115871,1.5901087324420211,1.5961800290165657,1.6689293994524137,1.613760551979421,1.6717810682157583,1.576946004290158,1.689139960818106,1.5920020714944794,1.697899589812277,1.5161521672209344,1.5547984774506414,1.5822526621531325,1.5734493143486796,1.6776853148354691,1.464521354412393,1.7739489260924288,1.6312401264598173,1.5889460005268234,1.6044463626183576,1.7322269851903151,1.4724922633032305,1.79622055914016,1.5901694877438886,1.6550246114477225,1.6439488997006326,1.7088548581940235,1.520810765285459,1.5186822331951766,1.5021673869366348,1.5992260336433128,1.4357138083387402,1.6492666277943404,1.442208080418007,1.6800517408398172,1.5554756012028537,1.5327472193399503,1.7239024696134804,1.6281741994463954,1.573771345726494,1.5788507380656396,1.7058327854541437,1.6349552301830128,1.5754043072370525,1.6223312384406232,1.4956567925742437,1.7286300307740439,1.5768850682361903,1.476231575048012,1.6180671059100913,1.5613182680552107,1.5494349489018007,1.7239519964702243
145.0,1.6854299635494692,1.5554899475815025,1.5528493968151775,1.5306620004284497,1.6237210365608004,1.7489397868255514,1.4878747794941325,1.6858915342841854,1.6041892712120176,1.6678796097086783,1.6135015445574954,1.697925696657421,1.6018751901760404,1.5308733830606962,1.6117788680724232,1.6697145879131132,1.6486794614508427,1.477445726246447,1.6270472496467985,1.6741764245624853,1.79353823341219,1.6230731407275885,1.5574144800845866,1.5818121716032252,1.6221057423450527,1.622041366528235,1.5388419885355211,1.552336806525724,1.6144304172476718,1.4802733611593408,1.608076817563823,1.6295239369106052,1.691009436098106,1.5106263980828363,1.6043719668901935,1.630784694608521,1.6721830695304858,1.7017233300026913,1.6786807191645416,1.5638448586872367,1.697402209479291,1.594306012084121,1.6344264216169293,1.570567577242962,1.4875159430819698,1.6783549908007354,1.6572783926390409,1.526838364700929,1.5928940318848155,1.5938124974026173,1.6530444839963503,1.611046263120064,1.6686022395815454,1.568879048939437,1.6802349120168851,1.5802504441448377,1.6947582188054475,1.5080582701407435,1.5475284075058402,1.5787505581039358,1.5593094463068133,1.6685980715247848,1.4650816839325294,1.775617608624816,1.6152074165465882,1.5868580546102216,1.6013267104761235,1.7347583409518816,1.4621527631420483,1.7960155910916884,1.5876248305267973,1.6466387269214553,1.627030227395825,1.7032035866996467,1.5102849297123377,1.5160739384012465,1.5030587526714958,1.5970235914725615,1.428206797542177,1.648871843833806,1.4413053967623872,1.6788389127854724,1.5501523852937584,1.527777448250586,1.7158104613047038,1.6226799596910115,1.5644656653329148,1.5671378507960492,1.68672033071864,1.6219357062133253,1.5755005116450969,1.6208463748700408,1.4994074715944463,1.728861898561762,1.5679983119929803,1.4667803410787734,1.621781927665318,1.5643260325234183,1.5524853388093929,1.7202212414552263
146.0,1.683339708850153,1.5356707815176895,1.5405444710310063,1.5331305026396116,1.6167250568938363,1.7407734564040753,1.4869250375306207,1.685039618321983,1.6038246136502774,1.6670338311654864,1.6126855844019081,1.693849782885789,1.5902920366593873,1.527669818737503,1.6109345624687244,1.6611956108847201,1.6446191504670813,1.4729209556424763,1.6268074408083602,1.6779796041476354,1.7892569970599912,1.6185633188372177,1.5539591153347123,1.575485838872022,1.614612036383453,1.6225072518356098,1.5388050697408593,1.5488898540923017,1.6107029739932346,1.4817182149280312,1.6118371889918932,1.6203386375047433,1.6908081206103298,1.5029804603328603,1.5947184308610145,1.6189972138285105,1.6615581497732008,1.6898145044379866,1.6760099587386903,1.556193195307276,1.6985300821829274,1.590191053329703,1.6342692762367577,1.5557164585372325,1.486898576965173,1.6767049866831987,1.6576733054267316,1.518219912153361,1.5923521237292126,1.5999404967896678,1.6442989525452028,1.6061955938505381,1.6712773490132529,1.5523698135420898,1.6660298114632823,1.5761201502586215,1.6954486931194443,1.4979926932929983,1.5475502575994753,1.573253392136658,1.5455992480796392,1.6616481290077545,1.4649997910191586,1.7762323237997402,1.6081727133017798,1.5838110584417506,1.6000101974012406,1.7358364676404625,1.457109597616738,1.7972558891332702,1.5825785518625184,1.628217051892715,1.607584247527501,1.6924975920500025,1.5056114383085624,1.5102895032583121,1.5046600163389527,1.5941249692685453,1.4234662008376329,1.6427589049810611,1.4334943715486692,1.67667161463535,1.5469591673414287,1.520384797372896,1.7184512600471922,1.6123539753183131,1.5603902129950609,1.5651974300585607,1.678389435782586,1.6125338386457644,1.575129131885874,1.6197773457748517,1.4984149680765695,1.7238708228941573,1.566520092238321,1.4597372598319542,1.622218372772302,1.5653007638454326,1.5498019882199738,1.7154024540157011
147.0,1.6799057763761645,1.5315336787225968,1.5351115514322413,1.5297328889989215,1.5954399330854576,1.7395485577337941,1.4836428388234741,1.68598309535709,1.6016762725418139,1.6661723026847775,1.6125916145834858,1.693925839876968,1.581360982929187,1.533985549006461,1.606541501713524,1.6538071503835452,1.6412675546097573,1.4698134783668693,1.6287584735127303,1.679202774536693,1.7795514766672922,1.6120872487313072,1.5495042232504772,1.5740439227000484,1.6140728888669225,1.6159748309665936,1.5380597686922328,1.5488415095150092,1.609522597714227,1.479750691236885,1.6054825238104569,1.6070532202470347,1.6779115845580201,1.500288291627674,1.5710216952373623,1.6083961149015684,1.643516183043654,1.6770900629520251,1.67894579356547,1.5466816074792995,1.7007694048342086,1.5845338888509277,1.6274096056745992,1.5531069458487368,1.4862736809204657,1.6755129479709012,1.655092265249138,1.5152299509159899,1.5917467350374197,1.602357123364118,1.6377769912657583,1.60371396956379,1.663867021348631,1.533314776923332,1.6549651992202585,1.5736195857998259,1.696325501562803,1.4906249066356692,1.5458231631001038,1.5704033960738601,1.5336316397193939,1.6443037029946115,1.465241762104239,1.773252528502142,1.592240869132905,1.5855661318268064,1.5955593671814108,1.7401589704919211,1.4511592508960303,1.7955560137930118,1.5838992693828102,1.6076968471603128,1.5904796408846078,1.6891619370329063,1.4929820197792267,1.5030726210235816,1.4990225314355117,1.584623540044284,1.4173548174428676,1.6427732453806796,1.4264734381466102,1.67658828511684,1.5491131623684502,1.519264199114631,1.7036475463828342,1.5987567432406788,1.5590831976993005,1.5584636983411717,1.6685945139491565,1.593413848923753,1.5772887148589616,1.616070456185877,1.4959061555829027,1.7203710373111787,1.5509001969164629,1.4556527698820092,1.6273531352928614,1.5679172699773984,1.5421773433577133,1.7122989912409132
148.0,1.6764696104366477,1.5133784064015992,1.5333028976955962,1.5172560838796776,1.5823635513903163,1.725535190674247,1.4846169421611668,1.6759030638330765,1.593928535269591,1.6618685989486979,1.6103881452579694,1.6787318070302173,1.572050131249293,1.533667087817011,1.595539283566681,1.647994663359811,1.6393308759327125,1.4699147873945975,1.6264152749737244,1.6853671656104903,1.7597153285514378,1.6041363555908799,1.5461157898629774,1.5653999990902911,1.6115359824045565,1.6141462915272569,1.533255258239264,1.5417110713458808,1.6066909892436068,1.4775464227861765,1.605208367403452,1.5957348426205478,1.6611162270916109,1.4927495946810787,1.5573146589965923,1.6005246093390806,1.6398105360850859,1.6535577578151885,1.6772775839087477,1.5401506355885,1.699844330308438,1.5766547677579708,1.6240276138103935,1.542582634748455,1.4861110972157567,1.673969136522649,1.652590738698907,1.5102770043240628,1.5864934392286878,1.604935776032562,1.6275423246983136,1.6006182568236536,1.6603532263793883,1.5114786086011216,1.641033127275176,1.5579487085026806,1.6993528751212768,1.4798655453787775,1.5375452953241118,1.5630358728867664,1.5252739303322884,1.6421931175939457,1.4653930571795355,1.7720345182348514,1.5813019448421692,1.5802092883172438,1.5865263074986984,1.7414599300046336,1.4378683276831865,1.7941745067549746,1.584008555073228,1.585656530202533,1.5720488031507485,1.6918719003081584,1.4889868086266016,1.5005331473696828,1.4950721917105025,1.5803696758261592,1.4119855775627275,1.6387831157595671,1.4267683506911544,1.674502743123405,1.5462023637603595,1.5126173751198388,1.7009459170752652,1.5840766363269303,1.5483565927553318,1.543368618718782,1.6573528309514984,1.5780679208749564,1.574775949266691,1.6148628765750155,1.4941558844165925,1.7097700285343131,1.5395726269890588,1.4462298608630186,1.6288038425237767,1.5714392803175954,1.535992556360264,1.7012727379051966
149.0,1.6740109262065788,1.4933819840651839,1.5236110664573768,1.5081663916004302,1.5725522106955219,1.6998936746632078,1.4820522687352036,1.6763449550649898,1.5841308901307494,1.6565097043599943,1.609134064708225,1.6768678166797713,1.5742008581984048,1.531863623216244,1.5927574768908215,1.6422591008353626,1.637022405153963,1.464765912907778,1.616116816465901,1.6906330795177427,1.747270996285911,1.590678178163592,1.535701580640363,1.5551510068119632,1.596653817972039,1.6068556794835713,1.5261494237258262,1.5379126535883356,1.6049894895869912,1.4774045856076041,1.5940552252157223,1.5826056047747952,1.6421562962171623,1.4902102736259513,1.5515683349246732,1.592969715201469,1.6208631407872662,1.6305898333906244,1.6768463967542464,1.529878508759845,1.6982995356359567,1.568962827897605,1.6254192433914914,1.5322087454103022,1.485954353421691,1.6709168835817902,1.6519734737556122,1.5105877515195942,1.5827060467118936,1.6047492649197408,1.6245720049471384,1.6031397711425859,1.6619770365411923,1.5010703241150192,1.630814306826272,1.549468279302868,1.7027963753730497,1.4764116845921635,1.5317359281930942,1.5631447332719048,1.5204561268117622,1.637079949892702,1.4656429378862366,1.7663220848371046,1.573233661899143,1.5762484153641974,1.5762071635645383,1.7456943993275733,1.4237403991372235,1.7965902907623124,1.5826231249063067,1.561686325237651,1.5579830833075707,1.6943145356453084,1.4875037180969752,1.4920941244417945,1.4940566454581634,1.5718528771214206,1.4077721420229365,1.6383451317700009,1.426186335136959,1.6659852900984182,1.5490043826638635,1.5098389592625752,1.696466058961948,1.5791494124754872,1.5453410071720828,1.5290945487435885,1.6498338783442525,1.5611350231588519,1.5744181310314553,1.6074735887795715,1.4868917574283416,1.7081581894324187,1.518670462672128,1.4377405778394963,1.6308453350954937,1.5754209958423266,1.5311799982863994,1.7011796076575743
150.0,1.6687355371269772,1.4682715245904732,1.518888771301457,1.4877048727249167,1.5614093794018022,1.6839011844659413,1.4798250851088046,1.668357303520152,1.5750457435416496,1.6490264464187023,1.6101683558306263,1.6706115960412082,1.576163179248626,1.530368062922621,1.5853903944429066,1.6349779934515631,1.6312483038141423,1.4604534417576973,1.614437845502434,1.6927566884786371,1.7249274665029732,1.5833280736515152,1.5313030856939511,1.5501531841357346,1.591842448494922,1.6010820722212458,1.522536713071611,1.5287955208660273,1.6055587680768253,1.4798594896459991,1.5876789041890274,1.5774698623284173,1.6261504844835468,1.4955130306263407,1.5344815966595873,1.5897883026152166,1.60634896545945,1.6127042076092821,1.6757872054465528,1.5166567473008403,1.6874023785331838,1.5575417055767302,1.6149368575419345,1.528197656217664,1.4838098724348154,1.6658510611395645,1.6522639370133654,1.5094631283560018,1.5824352931903851,1.605566407077629,1.6132335718118747,1.5937410886947514,1.6607896848403092,1.4903771978046967,1.6221308900783005,1.5459392917162944,1.703295582342405,1.466681184854028,1.5351403252891864,1.5651582275793268,1.509420192233927,1.6298731218400786,1.470122516644617,1.7605332871574602,1.5617742894204432,1.5751822361510155,1.5672276290030847,1.7434704891847017,1.4201140814613453,1.7896491029185515,1.5773929201863657,1.5357257110112443,1.5501823353618343,1.6920724676791197,1.4830442221046465,1.489304151002208,1.485230656880331,1.568181342094348,1.402652430611926,1.6401287322948028,1.4239697557350226,1.663225611067537,1.5437646688597793,1.4989482278684916,1.6890193307752324,1.5628779651050277,1.5350106705430953,1.5202437832779168,1.6435602604473594,1.5519060428874767,1.5781410697723326,1.6025114974886983,1.4827955597034979,1.7010960336280068,1.4989455202535122,1.4277899774686424,1.628796757298876,1.5798840398960259,1.5319572633033653,1.6971006363524723
151.0,1.665509712261346,1.454180336982368,1.5146543326956587,1.472337608360956,1.5507738984444865,1.6709099053480672,1.4777274140684897,1.67279389010811,1.5686557144985946,1.6424755764902148,1.6043013947653746,1.6586110289754117,1.565483125165731,1.5333133170252127,1.5788982119712645,1.635687060267001,1.6323861264644732,1.457686667045483,1.6067289441674015,1.6964026500958023,1.7047918033974272,1.5746677499771327,1.519303695143685,1.5461302321557797,1.5835134183058068,1.601055110987592,1.514526383880997,1.5277706289533057,1.6057064622208637,1.4771846576413434,1.5721873214813256,1.565648867733994,1.6166385347973924,1.4937102268168532,1.5214766896887457,1.585096566998683,1.5962084834552062,1.5876629836702532,1.6749568006773985,1.5138669472678754,1.6796085469772568,1.5562180740059495,1.6076105407612264,1.529196668099293,1.485273480590116,1.664107014825142,1.646592488515914,1.5037717417359702,1.5762945120024718,1.6063160054466097,1.6058239200370932,1.5863805203132315,1.6635799339533266,1.4874794365265844,1.6133650200259286,1.53823251849334,1.7025954915057673,1.4635486912370845,1.53362049268914,1.5617084890590767,1.4989892998315348,1.6254976702654385,1.4700475631052752,1.7484378027854948,1.5648178643256867,1.5659499921493236,1.5620667159929615,1.740203226100665,1.4107078924816718,1.7688283768841413,1.5743331920521828,1.5159400465816506,1.537541803978804,1.6962655617606004,1.4775780126839846,1.4902737413227238,1.477101199265519,1.5600670509116301,1.4014955056913818,1.6428288319730429,1.4263031911270652,1.6570593739587294,1.535411431962252,1.5005667723500784,1.6851368531269026,1.5545005482328236,1.5256504261469594,1.5053691535498075,1.6395669696864277,1.5408335828619386,1.5809641352989134,1.6009340053453887,1.4795419361016484,1.692884738456963,1.4897467437497456,1.4235564533120926,1.622085538906063,1.5747945050229362,1.525916797334362,1.6855636320151213
152.0,1.6539068913851558,1.4479884679055135,1.5099574250182102,1.4536103913618286,1.5243264829852265,1.6577223801926009,1.4757656493046778,1.6699307574594977,1.5581863530336855,1.6316768460635558,1.5997795801054564,1.647462896283386,1.5543918172088593,1.5327124371152292,1.5738734774308927,1.6343504883094238,1.6306369578652053,1.4600045123455976,1.6063724843763778,1.695519234838585,1.679740468735269,1.5636454739949088,1.5129317793762687,1.5375695340689277,1.5828566481630688,1.5936063086486045,1.5056654443049908,1.5254031013632379,1.6073615916767574,1.4744538574935226,1.5622806536170897,1.5502887526767344,1.6023378862601643,1.4875045838749534,1.5127429564563175,1.5844110900627542,1.5838982840552165,1.5553551751895012,1.6797666815967032,1.503702759188801,1.6719749309079495,1.5517277544508457,1.6055414463520727,1.5234273037098598,1.487352438877121,1.6623630738677995,1.639192231566195,1.5047673896214366,1.5705415513566479,1.6066116875072745,1.5984391423478983,1.5764891348468826,1.65940569349637,1.4816710330101044,1.6010377596409846,1.5307169336247841,1.703908399472767,1.457442036117348,1.539043355207099,1.5530466984978337,1.4847576310972774,1.618106100989646,1.4750306402563986,1.7448596016079556,1.5461965985014487,1.5639175529563203,1.5513971703493172,1.7352631246295454,1.4084869455196334,1.745205516421294,1.570385869352212,1.5018509423253459,1.5263027710387518,1.6940201056452509,1.4728967595977116,1.4920468419381379,1.467432329192074,1.5570671075077471,1.4060818110392657,1.643820031347714,1.4266144752399468,1.6547342029882504,1.5339031000310726,1.4999196074271826,1.6743122333962137,1.5478617093050995,1.5208090120387623,1.4874425640685225,1.6311232991611355,1.5325539855054373,1.5871120468054936,1.5905319970597218,1.4788529074369219,1.6810998200935605,1.4797926002812065,1.4241746038272813,1.6228259339106406,1.5713989979382437,1.5274184232130448,1.6760855675494397
153.0,1.64884091121457,1.4355548320500846,1.5126055046021074,1.4496437294119389,1.5129633655869619,1.6359739488511336,1.4777657985486738,1.666327734722101,1.5506887920575827,1.6274491604859438,1.591970869162257,1.6357069472136434,1.5588157327540682,1.5272156995616555,1.566507835407537,1.6229352267952248,1.6274450210661273,1.4604399761989444,1.6005355266278432,1.6906844833406047,1.6638423279591787,1.559901606714941,1.5112767271993193,1.5322176318166734,1.5780189388111932,1.5895086873870123,1.4990649147186845,1.525196860091803,1.6024242664523751,1.4690420103787907,1.5547674783905192,1.545661241709676,1.584550832935088,1.482316814709816,1.5032845509588466,1.576923897678205,1.5753509860448547,1.5389599151538287,1.6789299224728362,1.5032008970210977,1.6597572299941943,1.5495095659594138,1.5965627970647494,1.5255659940339747,1.4852138632274896,1.6610000520565578,1.6349837872758257,1.5039816606647984,1.5596705984524053,1.6037961815200694,1.5868121206646733,1.57191616450181,1.6614201132904014,1.4716549506787404,1.5905871555913322,1.530551005168628,1.706313294087085,1.4539972547712363,1.5305708719220144,1.5508485730956507,1.4782492719913278,1.6062712748641317,1.476391066044825,1.7361522796321203,1.5446879459877985,1.5626944261191218,1.5319035717319174,1.727196537607424,1.4049644074921155,1.7328949361714934,1.567497868410732,1.4865194365103926,1.5202603873131506,1.6881246529431222,1.4716997618696848,1.4942647606046113,1.4600437026669688,1.5564067829564652,1.4083164106224193,1.6424427769312462,1.4285268440010008,1.6416022884376271,1.5351521192655466,1.505251949343477,1.657221384111448,1.5444053679610543,1.516218326215553,1.4769165554421428,1.6179953172161008,1.5256151571116057,1.5842388705403525,1.5809072189020994,1.4698249127289456,1.6615780729027045,1.4675706626265201,1.420290133415343,1.626502949142627,1.5759555129245129,1.5253879463815931,1.6696670352107899
154.0,1.639942725169447,1.4295177561991672,1.5051183776755337,1.4392481531904082,1.5015588670503623,1.6165938112399212,1.478371816860103,1.6629973540847764,1.5536107214223518,1.6180708354617424,1.5891667263738625,1.6261633255939318,1.5576916702368917,1.5179835792995748,1.5618749246233383,1.623987951268502,1.6266475234467412,1.4538233523075206,1.6002511025438293,1.690367256909464,1.6545033123485664,1.5529274206216517,1.4954561393977668,1.5349989243081503,1.5749080324367348,1.582322026233155,1.4969376227106928,1.5296910379430286,1.605753733326989,1.4655613011576556,1.550772417948648,1.539136318662756,1.5668827065616322,1.4829638666091025,1.4898487489128647,1.571374629510579,1.5611093210550442,1.5187742809855813,1.6822467298010682,1.5085604322637907,1.6490212312031007,1.5474696180435235,1.5954016838932152,1.5317628883988803,1.4857524015045636,1.658800869149288,1.6349330070593782,1.5054691055156206,1.5453781300484803,1.6052249221253194,1.5780434917028439,1.5637436261139885,1.6601182616903558,1.4716423760631592,1.5751955998564464,1.5301598202627253,1.7034342950021082,1.4483978221224691,1.5244800002228456,1.54722395400255,1.4794388445802438,1.6037169160729745,1.4804412011928474,1.7178762680152395,1.5275874488350214,1.562814117787789,1.5254155095376674,1.7155500047968324,1.4002891244601265,1.7163616046111978,1.5593209709608349,1.4706736259634727,1.511033485179673,1.6862507143955157,1.471880005839742,1.4928608790494875,1.4612588955907848,1.5549794088080606,1.4126860155486618,1.6431858061325906,1.4276732747816459,1.6297961083018313,1.5280172723930647,1.506074175049463,1.6575122057810467,1.534630046183281,1.5117390209481727,1.4721129388082974,1.603100934470891,1.5146887911803746,1.5893575160132414,1.579600927797703,1.4666809004314314,1.651994937112378,1.4643505831416979,1.419587151037861,1.6262263741867586,1.5731889670890014,1.5289372315113774,1.6561664979593667
155.0,1.630059218142967,1.4209726542706798,1.5036159256132529,1.4300908113485973,1.4923880542727517,1.5875510786915668,1.4756569642849175,1.6546529961834864,1.5538702373892797,1.6080669397185945,1.5900513151397786,1.6071143546939195,1.5547942380605362,1.5120864335977455,1.5465923901607659,1.6244397521455927,1.6202245075620962,1.4556016177416957,1.5921915900006494,1.691844236281456,1.6427027921085653,1.5483758813192154,1.490163059733924,1.5253936172992746,1.5775077443303211,1.573398962984823,1.4940087856745097,1.5257619588450742,1.601083877277556,1.466479030712202,1.5462085361686673,1.5352120147327057,1.5430494972500648,1.4819000244834835,1.4838065379717278,1.5644790956768644,1.5424456049233215,1.4950899034037324,1.6805670143552744,1.5136120533432045,1.6414513178059793,1.5473635258471317,1.5972148888805406,1.5363312358616437,1.4791629542417744,1.649437719254059,1.6264937104365262,1.503011375108558,1.5323502433160163,1.6046252507110075,1.565917254435027,1.559268458724003,1.6627714894324057,1.4722011251108915,1.5677185368912776,1.5245437371730268,1.7058370836754901,1.4441773305218537,1.5197404770023868,1.5458556533338144,1.4780280663210832,1.6059326290715297,1.481926424089983,1.7021977599992828,1.5208246497700755,1.5638690763914875,1.5257188217184372,1.7099103011929608,1.3962152470580524,1.711877509927389,1.5498875035374828,1.4539088308920007,1.5003634101866439,1.6836397881369876,1.47514685475333,1.4903017674953767,1.4579716701831589,1.5557106567190466,1.4173774740912553,1.6429952735848328,1.4284926046212063,1.603530630483387,1.522224893055576,1.5088037279890012,1.6465732906455843,1.5193266939211647,1.5099116713671412,1.462481962947559,1.5940876951739194,1.5081339790926696,1.5938375399480156,1.5760085596431463,1.454936342213339,1.653393954922777,1.462920057864034,1.4222516922053932,1.6263502567635724,1.5715581027473022,1.5333465098413115,1.6529658725254313
156.0,1.6231584563030435,1.4089968742319625,1.4956350868748134,1.4244514910734134,1.482880280163348,1.565464637677213,1.4756342186895581,1.652432310279983,1.5418494506852487,1.6039801165514977,1.5813366095918886,1.5984386254534342,1.5544976800689936,1.5096035278154478,1.541688992300234,1.6171893706048572,1.6185106863134926,1.4541935602106422,1.587061754627991,1.6905602664172241,1.6309113112001445,1.5294622635323227,1.472308649492244,1.524900042276684,1.5745708643817538,1.569198669374166,1.4931591573171306,1.5215977198697688,1.6000405388050272,1.4713380390653346,1.538099333742041,1.532291765395023,1.5252435837466503,1.4798144097298038,1.4766829312534775,1.564832491074454,1.5296600105997413,1.479844660089802,1.6802653891542472,1.5144445716403108,1.6284050045720808,1.5432410906062068,1.591912500003262,1.5358246634363886,1.4750952200787257,1.6466590161424803,1.621171121953084,1.492993209649383,1.522837713591383,1.611606945396364,1.563735884865148,1.5567124898559632,1.6616097411808008,1.4678685361971324,1.5548701054344722,1.5194634749909837,1.6958814889093112,1.438175413678372,1.5146936080946414,1.5451477396035431,1.477794314585521,1.6020915188804965,1.488534582647399,1.6862901466277578,1.5069094895350519,1.5596695725862593,1.513460242796733,1.6950316922983835,1.3961878925554974,1.6935354349929868,1.548280303107663,1.4342655356427574,1.49836969021745,1.6887844180729978,1.4714627253192407,1.4812231753070906,1.4517112367975484,1.55711584532437,1.4124589931795692,1.6438398544904937,1.4275628165011984,1.5864434346246343,1.519314705950376,1.5152909638701109,1.6412852298703204,1.5114736976568015,1.5089543881720537,1.4501496311993889,1.5919904857003533,1.4986045040256493,1.5905119995278747,1.5679326712201773,1.4540561442977658,1.6478796218636547,1.471882455555226,1.4204005769065067,1.6277612260935164,1.56475686741806,1.537453906673874,1.6380259005103264
157.0,1.619258730987145,1.406925754483061,1.4886673077847212,1.4159315723655443,1.4832833615127505,1.5538943800380065,1.4766787816543745,1.6463634371610183,1.5342391340084505,1.6003163179032616,1.5720102701038514,1.581786471027211,1.5538218567881013,1.5036720671224035,1.5338857560908192,1.6116637554123385,1.6135506765925036,1.4554800603089646,1.5809251997193605,1.689247858433271,1.608173980553536,1.5154468083767165,1.4646577677324975,1.5129282353344955,1.5748533441502017,1.5732265952913835,1.4931675503683117,1.5195838804828279,1.597642361768982,1.471325244155107,1.5388659242394644,1.5271985053190533,1.5158386348241115,1.480243831884587,1.4655230513991424,1.5591516881588872,1.5237963394529705,1.4637630842913338,1.6764737466525301,1.5196904311311779,1.6113269260461194,1.5445244047333138,1.5904771647217069,1.5378160116990292,1.4768423794346477,1.6367172705382236,1.6209865851377334,1.48747667963147,1.5092072246876576,1.6166078405269593,1.559768585134985,1.5528611004095219,1.6632118961860032,1.4649087389369193,1.5470219279337714,1.5126811297357954,1.6972311351124574,1.4358441434577176,1.5038030303066383,1.5410698816397805,1.481047942793282,1.597373411606266,1.4923980559476206,1.6546124275735614,1.4987938690632934,1.5607606992542822,1.5073913517361592,1.6886399670546777,1.393762694290248,1.680560233968687,1.542425691071427,1.42035322069533,1.4909243871980877,1.685525215288927,1.4693669894841468,1.48372979863803,1.449125585704168,1.5535523651892205,1.4127661477858393,1.6420632694062844,1.4275008955264623,1.5826276740591343,1.5110624890348894,1.518579770571018,1.6283286804719288,1.4965942272992183,1.5075724746414152,1.4458197106296355,1.5811791645856814,1.4894730823830418,1.589989983024041,1.5656159203188558,1.4496184417381701,1.6370635032764547,1.4713347608822271,1.4228200771007398,1.6220322286499622,1.5594734344278403,1.541128382389981,1.6284117988008477
158.0,1.6197722541800048,1.40762142038949,1.4803964131630722,1.412798638197465,1.4788932484221298,1.539028998951562,1.4762897433113875,1.6390084651334085,1.5276834234572387,1.5917968421337247,1.5703793491422937,1.5722760921736065,1.5564331746707443,1.5011036237151554,1.5302382605169342,1.6097760827252898,1.6100886449279204,1.4575508493836282,1.579544905902072,1.690260721167214,1.5915441709523557,1.507871999003928,1.4588605574959743,1.5054470283532257,1.572270051517502,1.5695293594903026,1.4956708335161302,1.515686052461321,1.5972580070115896,1.4759388939577711,1.537757240798167,1.5212887011871705,1.4975169769846146,1.4765467708755287,1.459254521867629,1.5591045300741107,1.5238085669760506,1.452812762187708,1.6712043354717605,1.5190287899075994,1.6017489880059674,1.5474460330415047,1.5880608366335807,1.5358249247458482,1.4744789483850422,1.6271487852773454,1.6181811149604504,1.4871231596056549,1.5020067363304754,1.6165097120337708,1.5605169848450575,1.5458315420847475,1.6588477471236598,1.4667620604240095,1.536107697566283,1.5073792587134263,1.6899906630074093,1.4293517445544281,1.5086705252171106,1.5355025910948992,1.4831797875074555,1.598428289361154,1.4963306590015502,1.6330543777564492,1.493063601205911,1.55862353363229,1.5045461843328334,1.6888020165354864,1.3911157256282791,1.6680060715927911,1.5235184164462066,1.4077624822482266,1.483857462863951,1.6812390901228937,1.472093687226071,1.4777009036950988,1.4455233549455255,1.5549676672385555,1.4118775292166075,1.6377015834103004,1.4286125451144898,1.577001654566304,1.506244248976908,1.5238542283552643,1.6203098108603904,1.48520752521405,1.5050492689659813,1.4419474168585718,1.5821001543747015,1.4767118016391028,1.5955082321662826,1.5541107491699127,1.4467925008740667,1.6250603988028505,1.4741371179738183,1.4261380909997603,1.613619863301242,1.548270308086609,1.5473073576275216,1.6131782537681938
159.0,1.614707796634891,1.4090398963569268,1.4766972588662453,1.4063511317994115,1.4728196645193399,1.5178947617977119,1.4723917818994827,1.6311990983117393,1.5263493401672261,1.5808787797931343,1.5651261981528954,1.555925039168456,1.5523678024681964,1.500658965383612,1.5186139498444715,1.6007902744356006,1.602873082064669,1.460202776248208,1.5653311708444775,1.6842264959105964,1.581189839522172,1.5006294177011925,1.4585206006340197,1.4975407022558491,1.5699034365154412,1.564861412266296,1.4951092074942391,1.511964807985372,1.5994431205207587,1.480648335821819,1.535058156623245,1.5106967885920113,1.4874321322266855,1.480070941101962,1.4604754286012795,1.5562196140824252,1.512813959702243,1.4352568295720822,1.6684786028358871,1.5177188090651321,1.5948190051750055,1.550134144981072,1.5855032652377812,1.5368267813912098,1.4628630417914155,1.6208703872057804,1.612290041815558,1.4892557739485701,1.493588477958411,1.6143949524688606,1.5558070009226324,1.5408166823162728,1.656161546492424,1.4640240936221103,1.5259873688876358,1.50121149785721,1.6816902041780855,1.4322621261576998,1.50721848600651,1.5335515497915457,1.4897581082083118,1.5924130428354115,1.4985389164694163,1.6137206085916806,1.4876562648280673,1.557863730187603,1.4966662739157144,1.685308331111628,1.39133267221109,1.6518749675438553,1.5195753371408562,1.4046123466893903,1.4787450751981752,1.6815933139873416,1.4766449160807729,1.4725042872787022,1.444320307879431,1.5508056600264448,1.4115825669380553,1.631955190317043,1.4321034300159774,1.568488812496474,1.5123408640971887,1.5282613320126401,1.6082022343380393,1.4748671741268218,1.498659092039617,1.4403800331660215,1.5645911550223415,1.4731574757952024,1.5964010682434537,1.5424259917913854,1.4420621138991707,1.6056861787558876,1.4744399373288886,1.4264137147667333,1.608414085165089,1.5332309030551854,1.5498791198432678,1.6046122602006896
160.0,1.602740981061258,1.4089806510232035,1.4751190073529867,1.4016181742330982,1.4658940807361807,1.5041775725701694,1.4748847446829816,1.629175239459127,1.5237122817517006,1.5796595413719323,1.5586760516434068,1.5391610745370286,1.553833058663089,1.4991415480436647,1.5084159280566067,1.596958884861395,1.6025147940531665,1.4632996446447404,1.5557165682170429,1.6831345736034364,1.5691349309730815,1.4925718122023988,1.4564377097867376,1.4873266422962441,1.5645706198425975,1.5646950882289627,1.4962447831429633,1.516526808155724,1.6009227123394518,1.486920181382311,1.5314195979746894,1.5045432033050088,1.4772579533891472,1.481361022874482,1.4685838953020829,1.5571025971280195,1.5091140495296553,1.424286725130948,1.6623982463130005,1.5262640194865738,1.5859376529186813,1.5506528082841244,1.5775601492162896,1.5378637305147373,1.4527151449631808,1.6061464442156304,1.604763129301819,1.488811428731188,1.486485208921305,1.6199280802388134,1.5623329803043577,1.5376305351015298,1.6580733887436432,1.459083525579513,1.5205003311171463,1.4944087500773064,1.6750696284515156,1.4369419835243524,1.5023574496714616,1.5333275611840256,1.494511536605058,1.5852238154925322,1.4992111694386097,1.5908628575952664,1.484250457628829,1.5594857039095509,1.4984972707208966,1.6836278141228285,1.3952501431672795,1.6354578262700945,1.5209384849469572,1.3912679901686056,1.476805750974553,1.6790990564150188,1.4750489762213825,1.4690961606711075,1.4426540693051504,1.5456260966134439,1.4148467089525267,1.6254607831637127,1.4351746347284269,1.553862163895295,1.5164344516644703,1.535091217805331,1.6010297042234405,1.4728636489012699,1.499161152434631,1.4313493165542415,1.5557818836246784,1.4685971822467594,1.5983668550077077,1.5342956622244361,1.4403887945632337,1.5970891866738584,1.4780432003429766,1.432752105347231,1.5986930457160442,1.5316160212348335,1.556163976800233,1.5894913546208569
161.0,1.5918402997484193,1.413978218050752,1.4705522924002885,1.3924936327398432,1.4644956367922746,1.5000934642528045,1.4734777853044851,1.6267174529332855,1.5166644933903999,1.5720641965852111,1.5560975921541327,1.526445060542794,1.5490507014571209,1.4913140762329749,1.5043417965298043,1.5904560097009546,1.5993567636303612,1.465343157596261,1.5475167623144699,1.682150273071732,1.5592803398470154,1.4936886800792504,1.4533377928139337,1.4843068944499678,1.5553554024650258,1.5607489898061635,1.4929943448437788,1.5147984644496404,1.5947294652028594,1.4952816933687132,1.5321139085002733,1.4958333361373581,1.470232607509336,1.4831120583986757,1.4641071307458084,1.5535627703135002,1.496082969341187,1.4189066155699772,1.6639268348712806,1.5253046311010436,1.5759919950973544,1.5560935432418384,1.5705673445751493,1.5377114433264876,1.4496703416914103,1.5879108619371605,1.5981502670643606,1.4855069986572036,1.4847646252197055,1.6220695267858125,1.5626406100239376,1.5312316938766837,1.6547598015990257,1.4495063786155578,1.5190803447001548,1.4939857645681314,1.665351952287092,1.4349753520940307,1.4946738931957995,1.5324821767204762,1.5029888118430077,1.587990612221335,1.503965970885305,1.5782291954350538,1.4808053435958861,1.5607774284422808,1.4981900004519644,1.6837720743747764,1.3933213965020512,1.6139750349233029,1.5148211473546043,1.3903181373280753,1.485478128296281,1.6755837547257173,1.4736591925238702,1.4661259907182116,1.4433131568846824,1.5506766631367956,1.4162625931788848,1.626535802589096,1.441395003488648,1.5489209000947124,1.5192128534616536,1.5330636110789648,1.5905388601243666,1.4703185576544688,1.5021592814098523,1.4284814272220587,1.5404817189630469,1.4568424158291482,1.59594881412585,1.5298013147476457,1.4371828924232957,1.5716612331446085,1.480976513625198,1.4310583346053132,1.5894683005981083,1.5250460659899485,1.5638195674363784,1.5826680005959528
162.0,1.579686322567979,1.4130937570567323,1.4684226091581016,1.3888928928241717,1.464094807268278,1.490151300367944,1.4706280412054868,1.6192906502664992,1.51799317303853,1.5629144756264803,1.5568670773234656,1.510869628744541,1.5505729072141303,1.4943387041219416,1.4895049950292207,1.5811100484537222,1.588269366597403,1.4704745241927095,1.5409096245183282,1.6803449800843515,1.5537193453751252,1.4891043551789316,1.4595645905757415,1.4834703652046366,1.551421591830754,1.554079012829878,1.497323314265375,1.5133411235579637,1.5948620634923596,1.4972211995369988,1.5341980685370276,1.503215034520767,1.458238488124619,1.4836643802435645,1.4628575564441377,1.5508483697718587,1.4913667484829654,1.4141310158009368,1.6622432341310462,1.5292131719639908,1.5703642225332484,1.5587029313115457,1.5697489628598278,1.5365709963481462,1.443278964402014,1.5686732012153386,1.594602089662782,1.4797576749059826,1.4786288247885568,1.6224189935650435,1.5597358105495902,1.5353513403625143,1.6475470728410482,1.4455990703691481,1.5219750279766942,1.492391596525189,1.656906815554984,1.4344565824864648,1.4808470943517322,1.527846642295782,1.5068507085496,1.5872563312511105,1.5064028149383084,1.5584084589861935,1.4755130554511746,1.561356101372137,1.4971876120700962,1.6759521827326518,1.3870614035990199,1.6105502807250152,1.5040184996996222,1.3923396974759703,1.4896256355079462,1.6792692808768754,1.4746820559733067,1.4689863733272746,1.4487763547632588,1.551042749105457,1.4221065565599669,1.6275930986872704,1.44693656369117,1.5380281510743345,1.5182995225143114,1.5314515660820174,1.5806860681261712,1.468023127799135,1.5024044475614937,1.4285609323625985,1.535124776027872,1.4519028104778169,1.5982795451225564,1.5213566751447585,1.4390384523967676,1.5414605683068479,1.4897518622330108,1.427625722263624,1.5903902901565554,1.519086062103224,1.565319646835924,1.5763942277545868
163.0,1.5701523625746845,1.4117233694238247,1.4642028490055305,1.3863010118502184,1.4598084142571448,1.4832175567876738,1.4680911304158804,1.6133894297044642,1.5174258738662283,1.5475421330056227,1.5432263156307016,1.4967305356686293,1.5540906885846286,1.4894752979774293,1.477648989684742,1.569368827608087,1.5759799862754185,1.4715574031849483,1.5391445363063414,1.6746058960713928,1.5384568190560708,1.4780472267403746,1.457588153045385,1.4770616384140518,1.5447999539405284,1.5583933641986998,1.4918189556939077,1.5146081498546615,1.5924099716095952,1.5031198038805014,1.5320440689584807,1.5030032153548112,1.4597961636773444,1.4839231854864376,1.4619542270979822,1.555009862187945,1.4829952312491417,1.4114125705872043,1.659305018851946,1.526609027092161,1.5611941050233957,1.5610894232768928,1.5624772838813001,1.5360310417124845,1.4364939856406767,1.548252060084382,1.594209341521613,1.4761355045906266,1.4724098207753564,1.6252373259415978,1.5512543135605743,1.5371137511075441,1.6389668871719363,1.444066484920068,1.5241927750197073,1.4831359918364608,1.6419930396466413,1.4365575475870205,1.4757583375834902,1.528056910453143,1.509323165935617,1.581968450047095,1.5089052776295104,1.5415571289081769,1.471449134067524,1.5614213318852848,1.4969635247609892,1.6716077837580874,1.3916244139203002,1.6039241307804721,1.4981749710177843,1.394104718056346,1.4919911839615836,1.6851132308874495,1.477872566948712,1.4674364476293347,1.4502201505405796,1.5539526354270492,1.4265749749531176,1.6275279904547364,1.448503397857904,1.5360717603864789,1.5153124567828098,1.526484842000908,1.5763803899849247,1.4692371989511295,1.5034447794923242,1.433474081075587,1.5213826882385617,1.4475592586130417,1.5985721099327805,1.5179432879488504,1.435988985953472,1.5093106529950622,1.493780622745144,1.42318929615285,1.5901017787966318,1.5246571708364478,1.5702136476286963,1.5710137310479484
164.0,1.564891092846754,1.4169909075268106,1.4682065121070798,1.3858054329854488,1.4537103243821545,1.4758188531687706,1.4693186567656955,1.6091011664038275,1.5164703529464099,1.5352553023949358,1.537359078761075,1.491194289557404,1.5595742770993395,1.475861637548392,1.4677074259738054,1.5684297850991433,1.5696455112814256,1.4705092422473351,1.5354872652374938,1.6746657730461876,1.5269167642466297,1.470985192018011,1.4501302257561557,1.4665659233717532,1.5526573241350938,1.5546933000556056,1.4822664322960821,1.5151279142404603,1.5840577918359746,1.5022322838972508,1.5328799093196714,1.4895487622597616,1.4572167182301545,1.4868244645446589,1.4639819797744544,1.5559053817904802,1.4749447693868236,1.4111344854016712,1.6467579938120267,1.523640723620451,1.5529399432274633,1.5626018242970559,1.561237677215518,1.5313533416692813,1.4318388611948663,1.5277260373364392,1.5933055716112332,1.4673641944622873,1.4697423442863669,1.6225584593569902,1.5457269679797039,1.5382656423346956,1.6378860479519757,1.44959693363352,1.5249812281233557,1.4768387692602245,1.6273792978221233,1.4306481653603382,1.4691691365301627,1.528223414445127,1.5106967885920113,1.5754174668880319,1.5112742691770809,1.5231851225488684,1.4692088220021493,1.5599131090256055,1.4942945218302346,1.6699305126303172,1.3873876506641796,1.5990834071893425,1.483541348486573,1.3975589128258687,1.4911207462593814,1.6835354071429738,1.48065111759925,1.47017421776463,1.4533149456447712,1.5515145500860554,1.4283435942909886,1.6277337383186283,1.451860954063033,1.5335862730305518,1.516561870980081,1.5245352742818765,1.5704806449146025,1.4727249298567169,1.5031238398729831,1.4344512450735678,1.5110511232054376,1.4445498094110731,1.5995229452390582,1.511056040804796,1.4345108289626936,1.49426466632815,1.4998662048451856,1.4230712100809177,1.5909615062514986,1.5185135171074962,1.5724955614583054,1.564801728888254
165.0,1.55258899296718,1.415789904320154,1.4742703751714945,1.3899982482488518,1.4475937097499676,1.4791449829108738,1.4659963211805063,1.5996927286061822,1.5161155359595029,1.5335146078625377,1.5267687683817226,1.4925304875218166,1.558282645011738,1.4769309645628532,1.4650616141517154,1.562281767069901,1.5640075828288493,1.471411932117316,1.5334543668431933,1.6663935149947986,1.5091042258210168,1.468801603223774,1.450006253722204,1.462635675435618,1.552081157575632,1.548424871279675,1.477657412036852,1.5178712560696015,1.5811377976472396,1.5055639757107893,1.5291865323278475,1.4878950505361612,1.4547857270394275,1.489256576256657,1.4700266385796648,1.5610140684377345,1.464736566114893,1.4072739057824892,1.6381569038381107,1.525999807018426,1.543609219241106,1.5622560957338092,1.5503656821035028,1.5225785263498008,1.4289114555157714,1.508449215835059,1.5873956860033185,1.4683881760321307,1.4646881093316153,1.6249853383770734,1.539007440100183,1.5382900279589338,1.6381137043439287,1.4455776033635503,1.5229897920552866,1.4825197763754363,1.6079099322230044,1.4347281406390884,1.4622504705303527,1.5282002466486402,1.5132854741819977,1.5798786400042435,1.5119317646902595,1.5052825621961503,1.4719332285708948,1.569652829028015,1.493871558319205,1.6601847728484747,1.390282514220628,1.5800087757397874,1.4763203559718932,1.3967195707267606,1.4863863814841471,1.69157974578571,1.4817354376076555,1.4715641927699272,1.4560261188827683,1.551150454830956,1.432624250433111,1.6270841605113333,1.4557726362908001,1.5341638533139776,1.5145580377260477,1.525608656858412,1.5664334608766513,1.4781689185209088,1.5042391071017271,1.4364850274208611,1.5049582838061024,1.4424936219539215,1.597967982604518,1.5076448165926042,1.4347561366190458,1.4659541529737592,1.5009310029045801,1.42345235209226,1.586629414303249,1.5192784157345198,1.575303733147396,1.5636577361948636
166.0,1.550613680542432,1.4172450247742914,1.4739808233739597,1.384589621680383,1.4477527440805333,1.4819075277967215,1.4696034992059877,1.5997738618018253,1.5109896217209289,1.5251698307951902,1.5243419938838683,1.4758023934618996,1.5599943254166808,1.4754906943948194,1.463168268443149,1.5514361507002083,1.5637021102367332,1.4745630426251692,1.5331373645918576,1.663721765468033,1.5067564832912277,1.4671354176916933,1.449421202579403,1.4564928858920914,1.5541539508580393,1.542851041614194,1.4729935419995124,1.5214947831223138,1.5718706765970336,1.509250887481798,1.5228655048055333,1.480383925140018,1.4530843885272593,1.487850236328768,1.4713603230428653,1.567532497388108,1.4592246910350868,1.4104408896329836,1.637496806341846,1.5232231275594015,1.5422926027947685,1.5641705033349385,1.5390902296063864,1.5180586857736065,1.4236217497350145,1.4866727320231639,1.5802566462071497,1.4648645016844513,1.4623855799676673,1.6245007388937271,1.5302560212848733,1.5414897776643703,1.6333330543227045,1.4511146193688385,1.5223008716831357,1.4856515144771851,1.5939017567616445,1.4311456069988553,1.4598537218903802,1.5284019709481407,1.5170033039151112,1.581152444954725,1.5135912886399565,1.4949737481474148,1.477197303031303,1.5718131197647787,1.4969658595455049,1.6610951560386673,1.3882648540890332,1.5703497401883406,1.4708820599058394,1.399281094460472,1.4892140295720326,1.6934814953321389,1.4811995181691011,1.4743882311802592,1.4613184432172681,1.5448817933433125,1.4348834380217144,1.6256050505625201,1.4589327655598059,1.5345995813121294,1.5119842079060273,1.5300707010765362,1.555014073591697,1.4849905067454416,1.4984912498685392,1.4374024605878288,1.49416378037348,1.4405157614658888,1.5933487713147645,1.4973707526009588,1.4285889645059922,1.4556902421958071,1.5024973897664542,1.4229398436345175,1.5870187563648734,1.5218644243521269,1.5770076238351034,1.5511239276005464
167.0,1.5416355412686487,1.4234424967537043,1.4802824496641946,1.3817625856449036,1.4542673803141029,1.4839977450549742,1.4688073740665892,1.5997221374092365,1.5076565790240235,1.5271954423304348,1.5221513391081867,1.4716473418508067,1.5625349334301266,1.4749343253596459,1.4637865527888618,1.5415025614148685,1.5632188084970289,1.4855091795993722,1.5333740455455889,1.6637360648379609,1.5059972927625755,1.4606885465921187,1.4537517029813178,1.4497233892693007,1.553070906598665,1.5310840620507389,1.4749992786179291,1.5213260738393621,1.5612952999545495,1.50783193887,1.5157035448671135,1.4763852191884919,1.4474723328014338,1.4894451503187949,1.4799340499811862,1.572441104221308,1.4617038972501442,1.4158502885706905,1.6325240261028466,1.5218079566809268,1.535852982766393,1.5658724639880843,1.5328730790121432,1.5204201643242885,1.4202805833867547,1.47476817712962,1.5765638757882556,1.4633886490295112,1.4598242120899274,1.6195639389987435,1.5282601763731247,1.5463747824529197,1.6291217773983124,1.4542552171290681,1.5217391953409745,1.485065949539419,1.5834452654096418,1.4375301788260946,1.4615810117778978,1.5261080118158565,1.5200092676028085,1.5786726413850336,1.5159373022148894,1.4820022709135676,1.4749790566296699,1.5707296691664778,1.5051586293055679,1.666380294418817,1.3967909715588764,1.5544514658797832,1.4627528437741917,1.3985723182891476,1.4837338076829674,1.6945533125993757,1.4825899501335773,1.4771378376206856,1.4621537756536602,1.5459062236297092,1.4362849493127017,1.6253958959335983,1.4627421380543064,1.5312342647744077,1.5072869428708933,1.530412649991122,1.5496745415388489,1.4866668335051079,1.5061667269840366,1.439123809732606,1.48173688367644,1.4336669029705706,1.5898335049474885,1.4976481933637418,1.4249862660027446,1.4477050335974389,1.5093270835448314,1.423286854213673,1.5825063243461142,1.5209266427503312,1.578393795170457,1.550653016006269
168.0,1.5429481632487816,1.4311306763808644,1.4810309713151786,1.3835431006117556,1.4569173271714329,1.4885892374797374,1.4673409297516546,1.5963838973942182,1.5064056035748086,1.5178691732527565,1.5244292851238679,1.470658578092254,1.5579942755671898,1.4707555082972776,1.458565942290166,1.5364642146367646,1.5563468975493349,1.4861116686671816,1.5365236368621544,1.6556376747831871,1.5118809456418678,1.4513389849849723,1.4537864006549273,1.4416176597456303,1.5529185163190566,1.53342975833725,1.465187140127992,1.5254068807760246,1.5625033801951032,1.5101012961887037,1.5168265045633293,1.4798341257806493,1.445795833483138,1.4893246938425357,1.4767744835297891,1.5787503698510024,1.4585480583477488,1.41873106707506,1.63052808997463,1.5201697132237884,1.5302226896527091,1.566673874932507,1.5245535475042697,1.5195193427438731,1.4206019380745225,1.4631895942068651,1.5761622989156574,1.46199152613063,1.458192186710046,1.6136479361070555,1.514530582157321,1.541328419848054,1.6269227097433072,1.4565955542558675,1.5206863315380712,1.4861378285595983,1.572138627421222,1.4374912766403203,1.4519164646445448,1.5253744313010171,1.5219130312464053,1.57281233578009,1.5185804185090166,1.4751810982475697,1.4753574997339685,1.5719509364315252,1.5120723548684292,1.6661180466342032,1.4016969280304639,1.5473635635431247,1.460987086314324,1.399991410850999,1.4850436222600285,1.6959439166566346,1.4842090499188956,1.4736283843142244,1.4620160623511873,1.5470017402239522,1.4404766027037097,1.6167914438975526,1.468236204718441,1.522367545763647,1.5033494549325976,1.5349521383640163,1.545166251922111,1.4916186711224342,1.5073522520302496,1.4393189115394014,1.4697736464252655,1.4371519562154271,1.5880168201083324,1.5020683161402644,1.4229493609376855,1.4343432130776979,1.513805330285429,1.425816474549964,1.582921964246075,1.523006425373713,1.5829757869710708,1.5494866417773934
169.0,1.5370420836258885,1.4264823736429886,1.4847262449138035,1.384285752224289,1.457387248966879,1.4950563194660904,1.4691834318690915,1.5958582527229048,1.5074838875728231,1.5057331639954823,1.5194018984883384,1.4651740419619412,1.5615532702862887,1.4750676265470055,1.4639287756339179,1.5249598360979155,1.5599825067189816,1.4923041646648227,1.5439827235648511,1.6462635084290382,1.507530664121502,1.4484383436315462,1.4510350744146994,1.4336185698686854,1.554496984713244,1.5351330777120251,1.4549194596286041,1.529120058617529,1.5604970977135793,1.515399224168613,1.5173316262118535,1.4774688125254507,1.4461966025107373,1.4902054663517612,1.4744944706781125,1.5794801676588297,1.4617213635010602,1.425025863913929,1.6210671050999494,1.5193421421745668,1.5294594241429655,1.570872471461772,1.521517096065572,1.5231989783184692,1.41950430630579,1.458559698246304,1.5707665644544662,1.4677038184743227,1.4516573412327824,1.6060519714028907,1.5030340526679422,1.5421038952932173,1.6146404762902022,1.4576837904294313,1.5155855425147435,1.4906055847821968,1.5600873118743468,1.4403499347050155,1.4495618876847725,1.527964299846603,1.5260816089148888,1.5724940651492243,1.5250471022700203,1.4689386960305382,1.4743265275959963,1.5773926684439934,1.5196899900274718,1.663222418280563,1.4024846361283667,1.5320384677109349,1.4559451494828262,1.4112599055096577,1.4934616219218564,1.6966402076374418,1.4873938282372043,1.4773142752276207,1.4653319372606737,1.5474150326010123,1.4451188529230174,1.6038891357751373,1.4724337841725816,1.5130503777725084,1.4957662464832193,1.53780093650287,1.5427547777025157,1.494386418799111,1.506554575919504,1.4373349022718016,1.4617824092629885,1.4385340906068418,1.5891475660580723,1.500559483555371,1.4259289616863553,1.4105498753843544,1.5197663828533972,1.426395104242951,1.5898218718834007,1.5272743664216575,1.5894924973194093,1.5400426281185988
170.0,1.5376132912096139,1.4220477267130787,1.4824887558455546,1.3841921171831628,1.4563933887640885,1.4973245631647318,1.4669003273261834,1.5960693642916586,1.5028336966004545,1.5000542910256718,1.517935913129528,1.4598374633157636,1.5605811059794208,1.478853428033758,1.467783479941754,1.5183669416170817,1.561469820929326,1.4930811319537822,1.5457379084076668,1.6427023491316133,1.4994118773718936,1.4493117903782216,1.447773549844613,1.426105407043017,1.5552272889943295,1.5351916325839674,1.4441184618896166,1.5317238865046587,1.5500559257975757,1.5217639311582631,1.5207679564105756,1.477592448421301,1.452964023114812,1.498918884082938,1.4754990775585228,1.5768182106329456,1.459759151064408,1.4366745955798206,1.607711967149645,1.5115744217898501,1.5244288423268306,1.5752771488425081,1.514873659927268,1.5112296019956757,1.4223935639973555,1.4555370040100981,1.5661714660040895,1.4669912237733638,1.453581577327403,1.6022088654347306,1.4936682713238072,1.5383670013253548,1.6099517757050839,1.4585596733921928,1.5116112150126266,1.496006042578706,1.5554642862725534,1.442311237523904,1.4550701492635778,1.5253986115548859,1.524217953687699,1.5753815942863358,1.5317840698621152,1.4674648206603207,1.48280920249036,1.579279282406663,1.521627204115042,1.6539362560453474,1.403191326165161,1.523596638875307,1.4542643174530172,1.4135498589789146,1.495526495541673,1.6958647842908408,1.4937904086434686,1.4737704349852816,1.471526700551434,1.549966661305482,1.4488476089112632,1.6051064784732454,1.4784984339333433,1.5047760241698453,1.4928074932132027,1.539063336007409,1.534475174640792,1.496190835334271,1.5068047646873357,1.4386182177766538,1.4457732039419156,1.4367942308592079,1.5902760673738243,1.5005038209852493,1.4287791846245004,1.4120006249041528,1.525747319681488,1.426393726970744,1.5899225266132082,1.5281817835284657,1.5909374659948308,1.5400765383842168
171.0,1.5309648448935052,1.4194114423852406,1.483178539447341,1.3873071076309786,1.4642639528476802,1.502995345384234,1.4671385939245578,1.5886477429379342,1.507864677336888,1.5000466475357677,1.5214180590910016,1.461487512040462,1.5596472434310689,1.4791373245182478,1.469081307171963,1.5132909875757563,1.5565108269329442,1.5022711196130227,1.5477881420524728,1.6346226508506605,1.4946607976989676,1.4445213417310874,1.451365823222211,1.424208416919859,1.5489693651452312,1.534780046904952,1.4450949589012252,1.5338297178387348,1.5474477061718384,1.5234959397056367,1.5177588460627374,1.4766884563568277,1.4524858452319023,1.5027807617348992,1.4672783120433726,1.573746489317401,1.4610435991037165,1.438443907489712,1.6042753580331546,1.503961413121496,1.5246560923321961,1.5785358484720675,1.5099919315063437,1.5047996398438594,1.4273086919572437,1.4505193167634491,1.568312839676423,1.4618233973853398,1.4567516415070714,1.6000712869157838,1.4940713471422198,1.5365931694267618,1.6071782756223199,1.4597980236034658,1.5076077394700198,1.4983206224845778,1.5463971008541826,1.4429097131547803,1.4559623311240346,1.529715424648572,1.5226120685099391,1.5689152354099403,1.534010970141515,1.4698828331338978,1.4870747845288705,1.5806485123024996,1.5282411761229533,1.6462528756443133,1.409471679323219,1.5159128819390715,1.4443132447382954,1.415826261634177,1.497385558535243,1.693245740542255,1.4893208822096808,1.4671680881206148,1.4752778805382332,1.551979593070006,1.44852537046062,1.6053010313751104,1.4816412153778524,1.5027469635382504,1.4947887356001939,1.5438577382975858,1.5275926757589844,1.495113998181235,1.5146200857737415,1.439077172981751,1.43168910572164,1.4311567728873602,1.5904726590383353,1.4973012774476133,1.429949573668482,1.4132930300230664,1.5301057100233562,1.4306562673116254,1.588627379218022,1.5289718606255702,1.5945613204485065,1.5334109637437248
172.0,1.529957747881179,1.415223814967167,1.4803266385544638,1.3817522596950473,1.4681421639108916,1.5035085776989496,1.4655523812713769,1.587448631750826,1.5113979037344063,1.4917621861110115,1.5190777078686977,1.4661127615535008,1.560203096900218,1.484242054297246,1.465140711299538,1.5170192510353002,1.5563456023763313,1.5036419814610564,1.5458447168632587,1.6242652449037474,1.4807981223692481,1.4500302313393805,1.44903343394417,1.4187923121267596,1.548337253564818,1.5304584314479666,1.4352168475418186,1.5346212229097898,1.5464454007585486,1.5284335313538395,1.5221426473151485,1.4744613639686035,1.4555141146041308,1.5065258593773687,1.4646249030660796,1.5728256644087681,1.4579409744486458,1.438559688608345,1.5964176689274852,1.4927670806045343,1.5245277681109173,1.5807135394636418,1.5079550097383154,1.5022292459389075,1.428118207089906,1.4415334855881985,1.563268935547947,1.4579900822866383,1.4537413298054025,1.5968451723415684,1.4942231929939496,1.5430449612392718,1.595831177736937,1.4622872078451388,1.4972208853160653,1.5024539974236741,1.5326753502013986,1.4484192352463376,1.4605469711095886,1.5329912649872828,1.5271184472177466,1.571222162620649,1.5353621548432173,1.4699608041627021,1.4873641009645446,1.586395899149372,1.5298829007573422,1.6441712478108452,1.4133009239681549,1.4943016270754463,1.4392099170568833,1.4213641998091957,1.4990931091095638,1.6967234190030742,1.4849509218245291,1.4581970228169674,1.4764224246819904,1.552088776685943,1.4502222681061807,1.5986854411813294,1.483452983951888,1.4966218519887073,1.496080514266116,1.549298234974129,1.5244382155158227,1.4993942531205384,1.5172572415097676,1.4418208547853828,1.424512765726024,1.431227853975796,1.5831017299536758,1.4911457820278693,1.4326804360540333,1.4057528670497181,1.5316698402322368,1.4342447165482806,1.5900434270741521,1.530396300884248,1.5930181205524443,1.5303524417778358
173.0,1.5303872185567264,1.4154047273150414,1.4799965727858078,1.3806197892913432,1.4668935239926835,1.510213617409821,1.4654279653015734,1.5924454145224904,1.5117289356073635,1.4871459012604806,1.5199469657046178,1.4602690297522964,1.5616663550052103,1.48904646575866,1.4677319304732332,1.515043998203328,1.5496772434274169,1.5064301138246627,1.5464694575234381,1.615322506757379,1.4753194590353804,1.4497892095326603,1.450509578703463,1.4175977637564012,1.5493269912324759,1.529135947342891,1.4296013215517887,1.5377838847132108,1.5441810503415467,1.5292468697345698,1.5261138393821996,1.4761071412648845,1.4620554293865837,1.5091331726439352,1.4621010112158976,1.5746070869354276,1.4554092822967262,1.4391686579308,1.595329706100193,1.485378426419205,1.5240458604776579,1.5860765334406064,1.5041082490767697,1.4952243435897608,1.4302287209877862,1.4311194637356304,1.5668476250644665,1.4504064035641264,1.4568186084230714,1.5927404227091153,1.496899949230806,1.546682190961994,1.5855381294618232,1.4657546680492088,1.4962828449674999,1.5051726314771123,1.5234515572015683,1.4524548969914393,1.463541642416618,1.5357169144374583,1.52524358374665,1.5725414288460302,1.5394304996447168,1.469974057558331,1.48817287978034,1.5885982347024694,1.5310596132616332,1.639518576377098,1.4221729060400654,1.4838442532033955,1.4314431314135252,1.4235623856437065,1.5060958273386609,1.6968209117943729,1.4846680584463077,1.4521443654423614,1.4778553848183,1.5525486535760817,1.4509419859045871,1.590966224492158,1.4868441471221119,1.5019510992318617,1.4989062168535512,1.5484040032394424,1.5223018216632398,1.5026595826547422,1.5219973312615767,1.438514508428891,1.419240033120457,1.4275560859728387,1.5816304069266496,1.4912703019105384,1.4368689622716455,1.396933380406823,1.5315068711156308,1.4370319125015911,1.5915963314393424,1.532610362986606,1.5972175653647354,1.5208257132251057
174.0,1.529066473607855,1.4196031291198261,1.476318852950873,1.3794323146828367,1.4654390284022392,1.5147139307058197,1.4700079087967763,1.5901715746648801,1.5153367395845583,1.4923139366624976,1.5173183235093057,1.4605831068757755,1.5611442618301778,1.4931341546851953,1.4608819438149696,1.512360787289484,1.5502773239442031,1.5117345787682697,1.5474121252589172,1.6027010341683459,1.471097773234839,1.4519938885350712,1.4559364951304479,1.4133137831325548,1.5455028326069113,1.5304978093267578,1.4296411549198258,1.5388261708305182,1.5399866226594443,1.529906868953766,1.5282174209870076,1.4778068697721873,1.4664147731276393,1.50939645001788,1.4571046750141918,1.5768963274038916,1.4553365438430912,1.441006638809089,1.5796392123996068,1.4793934102875026,1.52652102578455,1.5884494901410384,1.5015908550193122,1.4925071615777616,1.4341159475840095,1.4262010855577727,1.5601530001775479,1.4470401808388778,1.4592716843696258,1.589710075673466,1.502238752626972,1.5492387038914968,1.5763159980328367,1.4663520790008313,1.4932555236334928,1.5069591155173216,1.5182611459956543,1.4546138838505396,1.468547585069555,1.531575994672101,1.5198558646198892,1.573578212230535,1.5422711773358029,1.4694822939028913,1.4974359200155787,1.5901222564122823,1.5345873028685582,1.6379088013748246,1.4259832459494362,1.4820073372916849,1.4313271983381213,1.4308370177812995,1.5074729389478756,1.6986093005719545,1.4857249318731538,1.4538289723963451,1.4802316317477024,1.556385440614102,1.4556789222025017,1.5830342614025357,1.4870772436132447,1.5019200646936888,1.4950173235762205,1.550617176517323,1.527089056597123,1.5044709482477285,1.524418806750194,1.4381887632254424,1.4161205023860688,1.4286125451144898,1.579256580620719,1.4882076926741115,1.439623835584543,1.3878246591321204,1.5312383340715938,1.435139127239245,1.5948871644916096,1.5347651139056855,1.5970809652195828,1.5136531310382728
175.0,1.5358019096379831,1.4237222839582508,1.48129584714366,1.3782986985082881,1.4626321952648347,1.5204965044320304,1.4740896104409982,1.588678000957934,1.5199631984173603,1.4950904627802803,1.5157453551105087,1.4648232860389665,1.5635439153232804,1.4947359498498016,1.4591498919613803,1.5131548867560596,1.5404349274550606,1.516058890502237,1.5439754163417514,1.596976589968084,1.4769641571389491,1.4471580914686872,1.459239722489172,1.4085672135096265,1.5464555376553135,1.529962570823034,1.4183803431852842,1.539426429712434,1.541388156784164,1.5322061710248838,1.5303115966390148,1.4827592511888983,1.4743462016919877,1.5096925191873836,1.4485401254593775,1.5806875590277767,1.457601277675666,1.4443650460819655,1.5784489342533388,1.476871333263391,1.5285633487192711,1.5928182912435938,1.501251663667433,1.4873780632034301,1.4366300771145668,1.4207368407122143,1.5589503628269836,1.4474964226166533,1.4644589805426096,1.5882969573303092,1.50577238257345,1.548014857265385,1.5808658025612423,1.4705716752160574,1.4882863377706734,1.5095250204442006,1.5117739283667277,1.4563488114525802,1.477630217264077,1.5387157891191674,1.5180681354224168,1.576937600479352,1.5430949741756534,1.4674604202876949,1.4935683132337545,1.594025426522476,1.5387606169329624,1.6407628501043068,1.4317923933605101,1.4673624393427287,1.4207550259515516,1.435718732743466,1.5102820622942876,1.6992751718723174,1.487287478613192,1.4534712666796326,1.4804631891957014,1.5587048069912584,1.4587846424004531,1.576285446120079,1.4902774558877097,1.5085627492179199,1.493524050167546,1.5554933512658302,1.5266557015554458,1.5084052445589726,1.528927915105083,1.4387186302190638,1.407417768433327,1.4288343967421764,1.5842983534445905,1.488777250213378,1.4427363452982747,1.3916121108859847,1.530674086884021,1.4347119162417694,1.59747803977008,1.5345896995088288,1.6018837352656667,1.5181383216355318
176.0,1.5367197153454841,1.417602834706929,1.484737928952946,1.3699856434820155,1.4676386322586827,1.5269274157285737,1.476459035217177,1.5888415580366426,1.5207261346228187,1.5008991220682486,1.5148025970992565,1.4620307700555755,1.5658616189842511,1.4975627298816117,1.459783980116926,1.5176473253141332,1.531307856216694,1.518689290736261,1.5503342028010543,1.5895891129950677,1.4749778955343968,1.4454472994572172,1.4664110770205707,1.414352564034968,1.5466907213232723,1.5323937317157574,1.4163891065422702,1.5422438887868049,1.5409649766173712,1.5339280807853706,1.537782463071693,1.4841306440340918,1.475771680077425,1.5137212663127932,1.4516520580762904,1.5826834279964033,1.4653431548430116,1.4521596904949394,1.572057955139448,1.475788141419326,1.5315908466575134,1.593275348605164,1.50100303290539,1.485274532057588,1.434557833997128,1.4146754047057077,1.5559925433372852,1.4475489554411802,1.4689277454920233,1.5857375848633526,1.5128375622228563,1.5510889930212546,1.5758788893683457,1.470370428568748,1.487607045490511,1.51494476027552,1.5079844369852793,1.4581267476097284,1.4829741557037464,1.5414209188027856,1.5152865009616596,1.580169195571332,1.5456693483474797,1.4761113023423273,1.4936927703142684,1.596225122476134,1.5442274925966004,1.6354198333069194,1.4347046676467987,1.4594101488731888,1.4168103244735117,1.4427541515180433,1.5130077935495938,1.7021410080283859,1.48706408206247,1.4585613087999325,1.482547007685975,1.5592591252028127,1.461067641544209,1.56901453394763,1.493124616901608,1.5090141053873167,1.4874114190421766,1.5581368526770025,1.5242483746533602,1.5143838972999037,1.5293188274285905,1.4402146016844266,1.4090969726245555,1.4310050751882328,1.5862127972640363,1.4845381901881007,1.4460743424663178,1.3850322552302214,1.5286697121944268,1.4357145242853724,1.5970157276187453,1.540527039215523,1.605554139196496,1.5181751052752916
177.0,1.5347358047657134,1.4187375436864926,1.4814447497799923,1.3648156176595831,1.4700086839477622,1.5294777775680977,1.4806361607181004,1.5840618003326645,1.522705184647519,1.4990664009655768,1.512785634057221,1.4654867388383157,1.5664130173739783,1.4994476758287667,1.454438805698119,1.513959910173498,1.5180405334235314,1.5191142212587447,1.5484382010110151,1.5834619066007303,1.4760561344025405,1.4413579631970583,1.4678594434621142,1.4127284370606144,1.5399757316031848,1.5319611733203937,1.4209616643559155,1.5464036400877563,1.5421664478036692,1.53585061014926,1.5385718075815953,1.4851959019925183,1.4808775275386463,1.515605018168983,1.452115959868557,1.5867992860673947,1.4703819402620721,1.4550000529360636,1.5697722134399568,1.4651441817523856,1.535383313328287,1.5941592871961718,1.5026433070590552,1.4814018464411678,1.433991586211725,1.409596412582773,1.5509794448740069,1.4505635401446666,1.4747734108311807,1.5789903098267353,1.5203959495836712,1.5513018650670438,1.5735614216282452,1.4724164988363564,1.4821865698703791,1.5160628223875745,1.51012193502804,1.468108500210909,1.4817390802606163,1.5427151297374533,1.5137231228863886,1.5826938823460843,1.5463070688741236,1.4809619326685697,1.4895130031638808,1.594783144008899,1.5481284187442563,1.6275010120724127,1.436324822614527,1.4560836699594777,1.4137734508082391,1.445757321040828,1.5170148023380956,1.7034717896284313,1.4879275028045744,1.4592995575574597,1.4862452591340523,1.562239200294985,1.4634245901765668,1.5641227719438269,1.4943731926370907,1.5109231424737222,1.484659900260347,1.5609032128255724,1.517555616726362,1.5170497291934788,1.526786706983634,1.4421591850037658,1.4054135587719268,1.4358444660723584,1.579796423481995,1.484699460813931,1.4491031438865216,1.3807168436406225,1.524517870617785,1.4380964200592334,1.6006521513136762,1.5416469837259086,1.6107746271771444,1.5141960009375366
178.0,1.5387405742924334,1.4170863714830575,1.481364587199712,1.3519692506114467,1.4738051276504285,1.531730018561388,1.481429049278654,1.5827848889813267,1.5250453890223878,1.5023901502076569,1.5161753836886198,1.467797501624297,1.5655358667855404,1.5011491765572755,1.4532596903766624,1.5067317877996227,1.5133983244663427,1.5298946954493593,1.553198141006148,1.575699462838966,1.478143360030916,1.4462510130693853,1.466582553447755,1.4158647019854769,1.5411843905515565,1.5336408810189752,1.4228701482334627,1.5489339103764508,1.544805766661761,1.5398887669675467,1.540881148311664,1.4874211548147027,1.4836392373715783,1.5180964372789594,1.4533853764691858,1.5907605988525033,1.4709287372226003,1.4586907401584777,1.5614894840816422,1.461952769523174,1.539988670841655,1.5974284701030206,1.4969081962856148,1.4763763767687395,1.4336692975548284,1.4156606763287245,1.5535090721428502,1.4514532807112368,1.4798429730508595,1.5716906702766773,1.5204129478149548,1.5530571662663541,1.5708626017663878,1.46657952791515,1.4786886805680433,1.5210800327846457,1.5096217109414667,1.471421857800546,1.4803981270225879,1.54258671076596,1.516986183778492,1.5883388924804693,1.547144763858425,1.4844894667618167,1.4908841608386565,1.5962320283119193,1.5500575001083694,1.6173426346199868,1.4459151604249487,1.4549035527292702,1.41088203845006,1.4500291318305298,1.5205627468859988,1.7057617736953687,1.4810616035279605,1.4619391128761756,1.4871162281486445,1.5676151924917527,1.4666291711154973,1.5518087907182079,1.496995149583026,1.5158170199464438,1.4857341553445167,1.5632629317120994,1.5152281120665545,1.5244125485238953,1.5359977304273207,1.4473264214581842,1.4079758272412468,1.4365326981822581,1.5786483725111835,1.4846831164751095,1.4572165297624227,1.373111214146429,1.5231319782804313,1.4408658733053705,1.6013533834701312,1.543203200813743,1.612053722051729,1.5142762456354164
179.0,1.5399624273594732,1.413939044481827,1.4829424891483354,1.351678649637491,1.4767585490853432,1.5364995729876447,1.486028770630202,1.584226395461617,1.5337371409864957,1.5062161406275258,1.5144328984837692,1.470475836284101,1.5550253013027722,1.4994797392451635,1.449922811715193,1.5050510335305434,1.514453602167106,1.5339423411086461,1.5526562242112454,1.569124982186551,1.480979101291864,1.4482634751416488,1.470591648202117,1.4160235917713573,1.5373524068819444,1.536434765275308,1.4221569627776582,1.5512791296341506,1.5503360697960755,1.5392611778681786,1.5451834540427238,1.4884095756471467,1.4876096688359148,1.518427285109717,1.4545869646982597,1.594500150075177,1.473080682320462,1.4624787812090534,1.5596333118291332,1.443864173357596,1.5434001845547232,1.6017018960225422,1.4935487100606457,1.4738765259762583,1.4332308938170633,1.4197416728835717,1.555805266708039,1.4516267057859389,1.484532222183944,1.5713817821415204,1.5265802087170082,1.556628281997159,1.5633369934561072,1.4646686955669543,1.4802385477551718,1.5237836855912903,1.5158885029300055,1.4761601535807793,1.4838067156320511,1.5427159267382355,1.5187064861163686,1.5935301697359818,1.5430664392271212,1.4875981585319464,1.4936532301627905,1.6014796512213563,1.5513178313947837,1.6144085309308283,1.449773838900694,1.4544129220877666,1.4061465027024869,1.4504217861218132,1.5177822093006406,1.703542392157344,1.4827647820863439,1.464344539492446,1.4927638471094573,1.5725727082200334,1.4693434379864236,1.5520676063386958,1.498727440246959,1.5201223199490517,1.480037906850919,1.5665414688133696,1.511536662579949,1.5269908152689136,1.5382816301244884,1.4490117714965522,1.4072280068686571,1.4418530778140057,1.579396437516058,1.490245860106241,1.4601788865213496,1.3702411984591876,1.521798229667115,1.4476191146436908,1.5989428740141025,1.5439927609453632,1.613742213710596,1.509325119170899
180.0,1.5426370459033092,1.417138114559655,1.4796008069610425,1.3457544537703683,1.477500260161759,1.538473009413883,1.4901528827566635,1.5810465127519044,1.5385926447030256,1.507124878203592,1.5083805256255407,1.4721889420085357,1.554848494800958,1.4993889327912502,1.4511057163758285,1.5042416082934507,1.511241919862228,1.5360619709676706,1.5542590176548083,1.5699720347338093,1.4829174818511546,1.4471900834296076,1.4755648850858476,1.41563618584155,1.5342963594417895,1.5333618348970883,1.426292482146953,1.553916238308639,1.553050248867064,1.5431594562610091,1.5469756642112364,1.495434622374701,1.4900585043050796,1.5230824727821848,1.45404549908585,1.5950294670293896,1.4765347918644929,1.4636040417523277,1.5572844641940593,1.4330807189205583,1.5450719059399678,1.6054037058545445,1.4895323335056656,1.4726234450952713,1.4248903583941868,1.4265516775296754,1.561095590169898,1.455916960949914,1.4901925998377203,1.571653890275996,1.5331679403177196,1.5605793201769131,1.5643991993616622,1.470220079017808,1.4784370546160936,1.527711187426645,1.5192152953878666,1.477757486546046,1.4855721153806483,1.5413055665741155,1.5234273866833543,1.5975194283255219,1.5421687528186725,1.493082925234244,1.4926555063665747,1.6040183655877434,1.554316252766924,1.603479330563788,1.4515879550768649,1.454469374729887,1.4044630216376197,1.452163392203815,1.5164755578849118,1.7023268223026577,1.485198235372453,1.4657232919577403,1.4943576185980496,1.5751229982087989,1.4722139233537046,1.5441842462493085,1.5009926473812938,1.5187592122581286,1.47566245525811,1.5717187754018134,1.5086521221754716,1.5272888325266942,1.5396126153622587,1.4511546383696605,1.4035529960130992,1.4437522349219243,1.5769044684510143,1.4889131011980068,1.465341652695489,1.369351717096618,1.5216722942512972,1.4481227568180466,1.604807855729525,1.5485934431024713,1.6140288970688383,1.5132749921553654
181.0,1.5436605565208776,1.4210482936373914,1.4808880542091336,1.3364509180717243,1.4773014917532803,1.5422766979487947,1.4927499271174631,1.5714809782067944,1.543015584757152,1.5098469537788175,1.502559611288914,1.4732806738345106,1.5515370481004278,1.506436155828172,1.450358801252119,1.504094383379215,1.5116982476333143,1.5393131644394573,1.553894145800808,1.5663211808230566,1.4847271051381894,1.4487007261996143,1.4765236310048524,1.4177986218389207,1.5323726654723187,1.5319685331218758,1.4323778538691518,1.5583349608274017,1.5600924042119784,1.5449543324161825,1.5506919936296413,1.496737703824867,1.4908156924490406,1.525435351141577,1.4531910697354549,1.5954897953632603,1.4789368332708883,1.4663343492686007,1.5545611333319862,1.4200622272586088,1.5473558699619525,1.6078754937404658,1.489041234285386,1.4716217640196925,1.4190031153385825,1.4286418777922334,1.5635246838891865,1.456933122412759,1.4983307734920068,1.5746514364800572,1.532629510282211,1.5614044906637627,1.5626880994809762,1.4686297514870896,1.4741944074366249,1.5291306968407983,1.5204825759320468,1.4831333266492681,1.4871991784424208,1.5436816156862119,1.5225296353931248,1.600573207702274,1.5380748621918718,1.4938369960270568,1.495639738188835,1.6042253427806759,1.5589057374435973,1.5962467754557703,1.4529498277556279,1.4513117393147053,1.4092518063106514,1.4539739809576637,1.5166563905594719,1.7030254453032394,1.4859817933088215,1.4670914958879904,1.4971707985060272,1.5761377426780725,1.47549839520326,1.539156164386848,1.5027331056141393,1.524347925953802,1.4736970871055135,1.5757437198443087,1.5033837066507707,1.5298341437691383,1.541296476168793,1.4493358802593785,1.3947048407558758,1.4482457943775882,1.5762980867796064,1.4897414473191148,1.4715353795266866,1.3595873561475027,1.5178672965147535,1.4513868342232512,1.6042228404370271,1.559976503718466,1.6166133808049377,1.5066219192389616
182.0,1.544848836803658,1.4257281064395522,1.4785802965392603,1.3293622710622688,1.4727544533281722,1.5468695874241793,1.4976256729676887,1.5702329582460115,1.5505466136171189,1.5189082019927556,1.4989163401371022,1.47125110279962,1.5509488099111268,1.5078430304330215,1.448209999619191,1.503977863865992,1.5179194858713998,1.5425427863583467,1.554612988220397,1.5668986496725446,1.4897825531284012,1.452219899738785,1.478799783608332,1.4188065320196834,1.5303770582715785,1.5347178925701876,1.4377743457492544,1.558855747518138,1.5580210574365991,1.545130518322952,1.553288019036922,1.4986821560260972,1.492180962674748,1.5287730643716888,1.4542808146434982,1.6002743034803293,1.4801704639769797,1.472328653226336,1.544944090664621,1.4152739577848035,1.548487035355301,1.6089497160817894,1.4899666798893902,1.4705344206354825,1.410449916417971,1.433760533358423,1.5667096581220978,1.458275549489553,1.497479761360056,1.576559907514354,1.543403952856128,1.5651924321436852,1.5661335651263544,1.469227865880596,1.4678462791258517,1.5326202211755462,1.5213882002561447,1.486304254865209,1.4915063924496406,1.5437763569543155,1.5190955493644955,1.602644279383517,1.5386267155513476,1.4950302588430715,1.4946166640362295,1.6046009205113276,1.561049400486248,1.5820221580002025,1.4562435405329535,1.4485072987774998,1.4086541979853935,1.458178143908965,1.5204983534804712,1.70343543703854,1.4867849207329256,1.4678457779991627,1.5035496464902218,1.5808783191602302,1.4802682678985106,1.5326638100358287,1.5037415856948297,1.5290424016344213,1.476338108142243,1.5775212170828432,1.5045904952598903,1.5340699558001294,1.543875831602032,1.447681589331776,1.3901254023727718,1.4518874032778333,1.5777461546961955,1.4886680062361497,1.4756286260820024,1.3565429292952669,1.5190506508461958,1.4520722427547899,1.6029347057450891,1.563999398636771,1.6221796342473986,1.5065223269623904
183.0,1.5495907810981886,1.424512873375588,1.4779788896972728,1.328359659935804,1.472511849183945,1.548621010653396,1.502532430963834,1.5630245840083452,1.5529353705483968,1.5210845671490638,1.4963263483416145,1.4805884536355387,1.5553787865858493,1.506716746330898,1.4473431175246916,1.508074324685721,1.518145282081464,1.549102740611637,1.5574650981910527,1.5653939153590992,1.4901268319505767,1.4534126843500483,1.4786146050604747,1.4202888390711552,1.5328491420421058,1.538406960684925,1.4438277231524732,1.561811696045874,1.5613778135363192,1.5442652099112606,1.5577882849154847,1.5018196376986677,1.4979875560700144,1.5324182354260885,1.4544277896904434,1.604186957109523,1.4845935405838027,1.477573848944679,1.5419228437269727,1.4105664144238315,1.5471582880116812,1.6110798214546966,1.4849900106684182,1.4671253899847503,1.4067361679398365,1.4360829472763768,1.5704877668475252,1.46530133020971,1.4992741728209142,1.5745865278440707,1.5420738321183773,1.5694800875641675,1.5685541411599095,1.4651770460288145,1.4585980435938555,1.5360507190050896,1.5234076339472244,1.4869798551682367,1.4933823032828895,1.5454241125976043,1.524799102174654,1.6047413013938399,1.541823855995641,1.4981031953277777,1.494626579327901,1.6045483174948192,1.5625811877238598,1.5690837131508106,1.4610933102547643,1.447870954904702,1.4030508837986455,1.4638846412242952,1.521859868872536,1.7035304061518277,1.4901381016753905,1.465926017164419,1.5057342408146654,1.5828773606000448,1.482711475304291,1.520482167309653,1.506451723882669,1.5319222949373261,1.4773884762038731,1.581152757227683,1.5027542011541262,1.5361256298057666,1.54784679134609,1.4485227184329545,1.3903506568885056,1.454342697597358,1.5766630503823513,1.4868524058332684,1.4780034212010866,1.3524547717111515,1.5164341153173932,1.4586857083200546,1.607122330720697,1.56424529210295,1.6270878018918085,1.5058054973315478
184.0,1.5547589674953564,1.4315995714787821,1.4778091784588288,1.3239822689545335,1.4732778029689406,1.5523833009449373,1.5051866502935936,1.5642581078742872,1.554642110146419,1.5221557314809928,1.4975602763594051,1.4815067017168255,1.5563689598874302,1.509897940904253,1.4489164996604842,1.505312160748848,1.5195455970650165,1.5499520799368247,1.5577243844385054,1.5565151751362791,1.4991078713076225,1.4517088178191857,1.4825758156709457,1.4130074153296164,1.5359134210014893,1.5425546265644754,1.4472266820502975,1.5661643918363841,1.566393795919547,1.5443351042175089,1.5609668951901037,1.5041063603895037,1.5025208522988516,1.534847965669825,1.4608068910113525,1.6066868712996003,1.4877644020717604,1.4765237119849624,1.5394126229009535,1.4083811324982918,1.5504899017527807,1.6142871060350592,1.4837275449493221,1.4642380375378168,1.403353867778897,1.4445706243481444,1.573452944444252,1.4684305101124462,1.5025540537459023,1.5752504728507382,1.5428521668635167,1.5738177711416674,1.5692267925163892,1.4662954567553348,1.4467593653093005,1.5383119744934806,1.5234114201566273,1.4922621845360073,1.493196376954861,1.5462947503215165,1.522609769458292,1.6105049996017164,1.5418762741121141,1.4993560073133956,1.5020975536027559,1.608320647914124,1.5640660107264595,1.5681641394217771,1.4658711671725253,1.452397849109579,1.3959007282034714,1.4657068241666442,1.5219439528397898,1.7091190033804446,1.4948957215847207,1.4651072693376594,1.5085043344203708,1.590080108337334,1.483279544725927,1.5165569987229532,1.507004541456692,1.5377662104370629,1.4799434615427987,1.5838171324371457,1.503386333982225,1.5371503482157929,1.5493320697470936,1.4470831758079734,1.3915535938462855,1.457802481745379,1.5773118046675971,1.4900167158261337,1.480423126004887,1.3523440220044747,1.516998023093567,1.463247221667381,1.610047472150108,1.568478777956982,1.6309037988482964,1.503870092873402
185.0,1.5570169027719296,1.430806051409227,1.4794577798388722,1.3254036140835745,1.470311004830928,1.556278093477037,1.5056821728147616,1.5597837010358802,1.5555020490028388,1.527790080760247,1.4926477415959225,1.4898414834310074,1.5596005942708107,1.5067793909841174,1.4512709598951337,1.5131264229826231,1.5248075003805304,1.5502581908442132,1.5569702725513976,1.5607729337634493,1.5004084118049221,1.4562339647082494,1.4837592302461045,1.4097511983124136,1.5324916476625667,1.5448717004742394,1.4491789412728293,1.5678101475469686,1.5620604636844495,1.5471114701178128,1.5614618042270332,1.5075116958245063,1.5060929833531385,1.5421804515331905,1.4603678998043645,1.6086312104765952,1.4899168827649865,1.4779761272078158,1.5350959633589543,1.4059056652966033,1.5512566417800788,1.6153393272019827,1.482014547016852,1.4631597669689107,1.4007091299784022,1.4458519808537234,1.5747975901047433,1.471475204683515,1.5023810945654386,1.5739799852347793,1.5418764537498428,1.5776043174022005,1.5684228174516237,1.467572539915235,1.443310955640368,1.540562022832503,1.517321653398864,1.4931112049276034,1.5012945869347567,1.5448119151118849,1.5230808038878836,1.61323429430164,1.5431642305272952,1.5039989580367017,1.5075033029566751,1.6094840712435297,1.5662465747464336,1.5680524611554478,1.4668421050472646,1.4542343613130777,1.393227288212796,1.4704393277547814,1.5243277003435391,1.7056590514233496,1.5101856853187898,1.4616047877624614,1.5090445579124938,1.5869344115087785,1.4842266216521165,1.507175879123584,1.511178313337388,1.5409914510108733,1.4809910961208417,1.5847560841815695,1.5004720411362882,1.5394306391824437,1.5478941172845926,1.4503637204863113,1.3888505317421205,1.4626843969125911,1.5781373530654839,1.4896492430948198,1.485224613132625,1.348746532128269,1.5175421203583215,1.4657368902122312,1.6134106764117246,1.5650863353583286,1.6326863770315143,1.5119732878742032
186.0,1.5591482006521435,1.4317260836609342,1.4825756526505736,1.3258802438526538,1.4685072251971398,1.5597054782142212,1.51043843209306,1.566315653799177,1.561119255592614,1.534636668607065,1.4906218886837082,1.4932689171945588,1.5641098082348044,1.5108371113050074,1.449485312811232,1.516062156330012,1.532458486332709,1.5549722271742576,1.557488820698201,1.5558401121899217,1.505254596567703,1.4612216184698792,1.4833717686046037,1.4100845709263794,1.5309792138156417,1.5487914273257661,1.4534528947749097,1.571486348921567,1.5598362197048226,1.5520701230610814,1.5636017814068868,1.5093621053755608,1.5080577787516476,1.545342917351666,1.4638144694431783,1.611976252300854,1.493838875618582,1.4830942564647862,1.5354230130062088,1.410016560627849,1.5526582857028548,1.6244715489911956,1.4807058896620722,1.46083254212229,1.3996020315897675,1.4518936866349386,1.5820848455680638,1.4757873924991447,1.5013444191313465,1.5699364868630252,1.5435601868796878,1.582473047065378,1.5735617734795908,1.468341346204848,1.442636823912109,1.5421360754698146,1.514709344010835,1.500104687763301,1.505554047264003,1.5453660961134752,1.5273214792391383,1.6180574434444581,1.54083435186825,1.5081834384086896,1.5087654076191475,1.61014718658051,1.5672722276689324,1.5519170601776946,1.4711881645793958,1.4519092423428595,1.3841047967455729,1.473549635793574,1.52739080888356,1.700049705958211,1.511814643211115,1.4616521770498208,1.5142973436844887,1.5854635073751162,1.4854860228596127,1.498683575454833,1.511192774504614,1.5459140407371315,1.4809533630709744,1.5897601316832097,1.5014437115494863,1.5407490021123933,1.5531884333256243,1.453642172791317,1.3845823358227454,1.4682792530969377,1.5790032484546181,1.4871577007001933,1.4880143779357848,1.3537544056664113,1.5182477671722057,1.4662068435961864,1.6191792702556438,1.5681100386339761,1.6371924854702928,1.5129698461575
187.0,1.5622553377955046,1.4353258331706682,1.484349566501935,1.326463997092345,1.4675150142756077,1.5646321644954095,1.5123597456274185,1.5637419271529642,1.5641014088599587,1.5404753191424299,1.4863315825949366,1.4978519317446966,1.5637900478638962,1.5136850294710982,1.4466322330632362,1.518430701104423,1.5330361058111484,1.5603160118373371,1.5594570875360612,1.5507604900824565,1.5089918151833908,1.4656287135761707,1.4855331337567914,1.4109710539430118,1.532605233803348,1.5527384706191416,1.459855792337826,1.5752467633527132,1.557685596986249,1.5524112875316585,1.5667127757427441,1.514035261065727,1.513230459923648,1.5461564617561008,1.4655472258047222,1.6162313658312808,1.4996875576199822,1.4846779435436113,1.534997580159975,1.4095009694273894,1.553329978888201,1.6254836878776113,1.4777273308388144,1.4650692518453,1.4034693982267998,1.4559731624492769,1.5855900953154811,1.4780590662592272,1.5074524347132563,1.5715913416120972,1.5440078566280788,1.5847695811458056,1.5752156217509616,1.4707562064525124,1.4396846129268934,1.544413993071291,1.515906542991455,1.5012838230031391,1.5087576594740177,1.5444385164574668,1.5282275281348279,1.622967978950104,1.5416454370726071,1.5130833028655115,1.5111551092415796,1.6108602864417763,1.5665175748259585,1.5383208715334051,1.4757751469670406,1.4538195836151502,1.3797740805432852,1.4736911110560182,1.5308785666987972,1.7019630393889484,1.511924444054682,1.4658027322297422,1.5152937615552962,1.5828340084409254,1.4897568546377733,1.489733763659924,1.5117478176512062,1.5471751508061633,1.4826733055258834,1.59037031541806,1.5047848557036172,1.5426194677156833,1.5575079885034484,1.456237960131091,1.384175703109548,1.4696560224562527,1.5826596420554644,1.489771749010793,1.4921590224728887,1.3543488633161702,1.5202916870881231,1.4662975441809045,1.6201633969934104,1.5674187052830206,1.6387199016822065,1.5171107696932273
188.0,1.563092199121058,1.436339009142323,1.4871419494179767,1.328522759569795,1.4700776637294783,1.5677462975064078,1.517116938925819,1.5575787939629555,1.566212170347796,1.5411353174571112,1.4829070864837517,1.4977023526373707,1.5681243971091572,1.510062003122281,1.4449656878343158,1.518935627836933,1.531615574711405,1.5616991762833665,1.562345663370468,1.5407553060109673,1.5088118525162648,1.4689942227771815,1.4901923266009203,1.413278985491831,1.5303113227380252,1.5537639188512546,1.4635351493069626,1.5793741607485534,1.5577435995374393,1.5541377237980576,1.5653838049901727,1.5154773445533767,1.5162024928004791,1.5498255772871856,1.4687128435593895,1.6178322061241113,1.5033429771154307,1.489775878060672,1.5276616289850955,1.4128953664398398,1.5547553386134838,1.628242543642886,1.4737455233625767,1.465236995823056,1.406754409526242,1.456954774419014,1.5870904953023557,1.4807160856582786,1.5077621371364789,1.5724062901837874,1.5415977241954264,1.5893931904666283,1.5774603698036584,1.4708615450199574,1.4427101113641043,1.5457656497764118,1.5161603735036635,1.5027122016050345,1.5114730379140449,1.539293152287081,1.5286865913871877,1.6251710252285667,1.5409601226358132,1.517643900249056,1.5141421955606635,1.612930976023423,1.5685452498781902,1.5344993251700154,1.4752455849907844,1.4578862393438743,1.376334327589448,1.4769848285347242,1.5330269706198207,1.698521036450799,1.5115543716342783,1.4698027019938793,1.5189217378100568,1.582868068298219,1.4930412148169816,1.4893329325278124,1.5146318011200646,1.5521035454545646,1.4842042167810692,1.5922808243403068,1.4990737897546775,1.5444887244039205,1.5586059155000822,1.45774669360729,1.3879714116668216,1.4734500750665793,1.5827746213055784,1.492390214120304,1.4937266725634732,1.3577271780414197,1.5187965068843305,1.4677105880830694,1.6228874029253464,1.5711692201606842,1.641574886591761,1.52734352599786
189.0,1.5662127688739682,1.4412643670482554,1.4903587624455843,1.333134990112948,1.4728586129038403,1.5726103359360188,1.5203901098796575,1.559070264453406,1.5672142777052382,1.5445395619780287,1.4747000309151301,1.5013906415123917,1.5668462062047168,1.508570134334908,1.4506229503583108,1.5226689792381365,1.5318408842021096,1.5633055353130025,1.5676914604356909,1.5266915330553164,1.5093867008419406,1.47406463859725,1.495318126561022,1.4200386182995055,1.5251551874933222,1.5527506148008807,1.4686554830664285,1.5837294690219847,1.5606847782027684,1.5562662250510342,1.5691140842123097,1.5164801426809766,1.5245705408465948,1.5509794448740069,1.4749652487598097,1.6244728275161286,1.5055290297665374,1.4939112296299653,1.5277608774369604,1.414301207802039,1.5573120793643247,1.6289528329718352,1.4687720457661724,1.4708372733757769,1.4111114662241793,1.460228353328441,1.5904563265830631,1.4796547722005242,1.5153649778881535,1.5757377230955223,1.5419989637658902,1.593250301490946,1.577967607740085,1.4725476791041918,1.4443176399440238,1.5489583802052846,1.513878743372304,1.5067812564803356,1.5116203284674814,1.5274423767574257,1.5342370220672015,1.6285972170194059,1.5404247963668096,1.522276824363226,1.518717357409437,1.6184334888148229,1.572095404328055,1.5287297864865352,1.4753377095873816,1.4589333791851484,1.373815559024666,1.480021005972628,1.537306913805288,1.6996202512997294,1.514399542580554,1.4710453973550843,1.5193310499930854,1.5782559843029735,1.4958300723672326,1.4821491898010777,1.5168859903392493,1.5585970464307355,1.4859064550126564,1.593915156701427,1.5036104132165213,1.5487308899009415,1.561239013325024,1.4586809458602372,1.3885820126950086,1.4783592575826465,1.5921513910372715,1.4990962558472232,1.4969818048082457,1.3564993044331275,1.521383148154171,1.473228834445282,1.6236161298368275,1.5731622657168776,1.6426689700987245,1.5279942669885782
190.0,1.5680391662600612,1.4463992137284973,1.4913428881659523,1.3392505773258834,1.4734616247798826,1.5733408863449279,1.5222750826301557,1.5603509128461903,1.5713678753629061,1.5490409625280135,1.4689065188986024,1.5041414889395932,1.563881602692419,1.5068870423103822,1.4480975726339649,1.5251919670183187,1.5394376539833154,1.5650081251771102,1.5715889968923915,1.5212049793939513,1.5118968216112327,1.4752127065829623,1.4978127803299603,1.4256816807161048,1.5280978697845384,1.555013348892307,1.4724220086926827,1.5870983176818572,1.5624102452240636,1.5590345661052252,1.5692773552487362,1.5229608573333462,1.5280880233776433,1.5516862464565648,1.4775313252266782,1.6281401070841501,1.5109408761785263,1.4954337026453042,1.522191238927407,1.4168767423828863,1.563785743216532,1.6334647744541888,1.4643969453701948,1.4713131831606328,1.4154328708461197,1.4653537232618075,1.5928493466023816,1.479924837644924,1.51821384380269,1.5786518019981481,1.5469763911353935,1.5943029665870825,1.5780487229567297,1.4744506374065331,1.441051181752572,1.55455742663393,1.5144894753736797,1.5087955337927663,1.5108195166425489,1.5206661284039744,1.529886000723129,1.631890641988833,1.5420101508933965,1.5274695804461493,1.5235636565130268,1.6190751815276077,1.579903487749719,1.521158910799134,1.4769996749260808,1.466777844990439,1.3728829334753343,1.480822649838709,1.5392207350242497,1.7012367952173515,1.5192953153532098,1.4725489835456695,1.5219619020797734,1.576743259958707,1.5000790906262367,1.483242005451091,1.5190713081261262,1.561549474394363,1.490848989753766,1.5960254983733293,1.5059497326373301,1.5502730942496414,1.5627155518647038,1.4541122923065457,1.4000102317728687,1.479699533669112,1.5946868157053464,1.5016582850942153,1.502362017821092,1.3605712252469262,1.5224410547019656,1.4769363846163643,1.62459027245753,1.573945161063275,1.643741779763558,1.5304132842742484
