t,0,1,2,3,4,5,6,7,8,9,10,11,12,13,14,15,16,17,18,19,20,21,22,23,24,25,26,27,28,29,30,31,32,33,34,35,36,37,38,39,40,41,42,43,44,45,46,47,48,49,50,51,52,53,54,55,56,57,58,59,60,61,62,63,64,65,66,67,68,69,70,71,72,73,74,75,76,77,78,79,80,81,82,83,84,85,86,87,88,89,90,91,92,93,94,95,96,97,98,99
0.0,1.4163886384129842,2.165724287911738,2.0827034601036085,0.29164810198200103,0.5416235700772645,0.8332316695839741,2.6655209604130192,2.373677266217578,1.416381124135858,2.1659196591170278,0.2915815785286161,1.1245942290351667,2.374193762265952,0.33331565268127084,2.499164589190049,2.207653954277833,1.2081282377694087,1.6246035113774993,2.4158847398292043,2.66561997206457,0.41663793560706514,0.8748886118920064,0.4166357255255574,0.4582992980781131,0.7498607648650082,1.4580239219222406,0.29164964903905655,1.5413232200003535,1.7912105058434553,2.540736443360031,0.33330858042044587,0.24998806555985778,0.4582701250022101,2.457485767075089,1.791220009193939,0.20832559804805598,2.082659258473452,0.12499270673102424,2.2076656677098248,0.16663484149295424,0.20832449300730202,0.20832228292579424,0.8747354532435155,1.9573673067062711,2.290913028872505,0.24998673951095313,0.8748375590091761,0.12499204370657188,0.4583017291677716,2.0411143672978658,0.3333050442900334,2.415846284410969,0.41664014568857305,0.24998939160876252,0.41662467511801826,0.45821664102972115,0.2916388196396683,0.29164964903905655,0.24998408741314374,0.24992574126133774,0.3749721529730016,2.8322512774271114,2.332603122403154,2.6657331282377688,0.08333112325182551,0.12498408741314378,1.499689704556304,0.16665517424282603,0.08333112325182551,2.332541240120935,1.457992980781131,2.4574857670750894,1.8328665641188846,2.166046075779274,0.3749741420463586,0.20832228292579424,0.2916125196697254,0.41663793560706514,2.832070934776074,2.2076890945738077,1.4580239219222406,2.2907306971481107,0.16666047843844478,0.20832338796654817,2.665733128237769,0.41663130536254167,0.3749781201930727,2.415859102883714,0.8332360897469897,2.415782192047242,0.2499880655598578,0.41661141462897144,0.24993900175038455,0.3333138846160646,0.24998806555985778,2.207548533389911,0.08333068123552395,0.4166357255255573,0.24998939160876252,0.29165274315316747
1.0,2.57882520907371,3.43203004826818,2.132569676503002,0.29164810198200103,1.7484869781997556,2.6334719791132564,1.6017841988012516,2.2781860535016527,1.9634641701585955,1.4714647536201133,0.2915815785286161,1.3048838381159493,2.674740315422832,0.16665782634063542,2.1051875033151224,2.2887250481797765,1.7281302489435808,3.1648862250039778,2.3551748321811443,2.301348739074831,1.3115044687848085,2.1096330085986903,1.6985392245266002,2.0439371781174147,2.6062636656706557,2.6906142258526495,1.0549004873966419,1.2345572028029728,3.34713915999222,2.112045054721618,2.2949615445817644,2.1502085580249535,1.4987269930515035,1.7765613489158811,1.6445587793277816,2.0395332749871815,2.4362303081737644,0.12497281599745397,2.2887372036280693,0.16663484149295424,2.136347589832446,0.20832228292579424,1.99639314697926,2.9336826367156417,2.313379170423805,0.24998673951095313,1.0949641082763133,2.4610633917678886,2.5950352729008643,2.498541346204848,0.3333050442900334,2.6885990735338314,0.30553610683828686,0.1944300052452601,0.33329974009441465,2.28699897452218,0.29163417846850187,2.264718966035467,1.5540786317532724,0.19438668764770708,0.2706609469757244,3.1819037421100087,1.8933959817771406,2.4382338207299754,0.08333112325182551,1.0818048409625347,1.027210818201642,1.4985678671829417,0.08330460227373185,2.35636459272618,2.247446029809579,2.1488725637534847,2.4123981152424894,3.1880735161512757,0.37494231687264623,0.20832228292579424,0.2915661079580615,1.3115044687848085,1.9416597417446089,2.262795311091073,3.10307466539366,1.3645961991649678,1.3051677599203193,0.5554494716431808,1.164271822344808,2.2051589932636717,0.6664156014073798,2.6886133653942488,0.8332272494209585,2.0198913650221124,0.19442897387388977,1.4779191861595855,1.6093677988177535,0.33330858042044587,2.1502085580249535,3.0289409289414593,2.4507573949327246,0.4165097508796124,0.19443619347348196,0.29156301384395056
2.0,2.4518461874948025,2.1591576053324846,2.257642517106031,1.4460544740890044,1.9979404881880611,2.3758461174270327,2.8439888975327636,1.7994306570026302,2.424464128903741,2.553876974093915,2.076780441662689,1.830890751250906,1.9082449654343248,2.6825273481800287,1.9613044516038265,2.19686588341378,2.306922240492229,1.8128583345790152,1.6479920304460831,2.010882521711037,2.0175598342733547,1.8868333289131698,1.9801652130644856,2.016004994264188,1.9221873096316155,2.22687309742466,2.1978146714050815,1.8490749762009118,2.138412984670875,1.9648402168724153,2.230688827803969,2.2433601351217827,2.610409162435365,2.9416464996729075,1.9873101855710722,2.2081306246574375,2.0462980029703495,2.78298533649921,2.196877596845771,2.080316572075178,2.2384951997029647,3.0343205937434967,2.6234671703442416,2.9300287089587864,2.145936928501749,2.6662174798784357,1.8113491221556248,1.771979169143482,2.0436838396314343,2.99310034654078,3.5149421769008176,1.9115521490832577,2.3613178765143967,1.4947090648703125,2.2854673880372713,2.2692287491562686,1.8732059110840007,2.2210423333745877,2.0807981856704205,2.323877720610336,1.717058027900069,2.060437165172651,1.986527343128414,1.6790414655492492,1.4045534751321627,2.1781602304440355,2.2696406470613493,2.0669612705316576,1.5337104536051651,2.347179779990286,2.0502759949786946,2.265324277417415,2.080676543350919,2.1916227725261117,1.9956293428101624,1.3933678769073001,2.8021220422609177,2.0175598342733547,1.9849947922443016,2.0036341106926687,2.256622582907524,2.174178651856829,1.5103777390946538,1.9618055481886167,1.7203852024729336,1.9233705384768873,1.5865463900126813,1.91156236850015,2.566318947176105,1.7193593317499325,1.4947011085768842,2.6028784905223668,2.183353918663949,1.8784507107622126,2.2433601351217827,1.8484151821233452,1.7691824405518555,2.930978491486765,2.324471790519634,2.0896742229353413
3.0,2.158782455896974,1.9844086253621964,2.056606755323803,2.214675825244435,1.8046330606812317,2.0793796729191625,2.2953476552411973,1.9760465269407412,1.8013479889865611,2.3773747155795104,2.2751602043883374,1.8112788808540148,1.9956705411514752,2.399061804228608,1.9247939506114244,1.8240975971993847,1.9100013849844113,2.090345719366797,2.086898222431443,1.9351585750482476,2.1588106556869815,2.0948672756875832,1.7989137500786379,1.7474038946056327,1.6585247610598544,1.6622714459994994,1.7441698426008165,1.9368510316660477,1.8843630191481457,1.9261679699168357,1.9279320501340085,1.842844583682714,2.090792177267957,2.239947106933514,1.7737016876182394,1.9636670887922347,1.787424433327855,1.9403320546326153,1.8241074276419311,1.5695520701517756,1.8411093875610212,2.1283354309016005,1.9218958975484794,2.300367872871499,1.851289513971068,2.183298141312047,2.1833064876085686,1.8859119489191625,1.767600436972968,1.9910212946525803,2.5611517297303377,1.996788563863605,2.0639056118389645,2.1128459499218977,2.163551312509247,2.019342080835941,2.075122980341966,1.819515492568575,2.2115009566770207,2.0556075766645705,2.1688842203548084,1.68442047563004,1.9089438683498643,2.09707989297312,2.201036881840202,2.1204971649523925,1.9548465373525419,2.2079221236461803,2.027501149242384,1.9208327288110383,1.811898089105874,1.7268162449831146,2.0660669695498366,1.9062368500150293,2.1810498771194675,1.9360584860922858,1.9456483570029313,2.1588106556869815,2.0993688007213698,2.090926011319039,1.8993738439676062,1.7198007570315803,1.8811127462287784,1.9408171997383263,1.7533196652070304,2.3050091140909665,2.03941208885117,1.9967993781254483,2.656328006405447,1.8982239400641272,2.112834565746948,2.089463222649553,1.9756787118610826,2.076518383030224,1.842844583682714,1.9155030626301428,1.8848703255581472,2.5942893307238504,2.056139511710906,2.2858254794015753
4.0,1.8277289561290502,1.7743047502549238,1.762990814529811,1.8724407437293826,2.0239230662826846,1.7570357246880528,1.8832384066895818,1.7266782298131154,1.8608133017713135,2.0982742076255048,1.9812730329813582,1.8410045419212648,1.797420306237779,1.8914238612186687,1.7833587780978233,1.7741592548569556,2.4197875605940635,1.858246675470725,2.1205058449167176,1.6198402254654767,1.9496903158554446,1.7143458181117464,2.022173309001636,1.7892317167323795,1.8461816987159323,1.7938837718366458,1.6825842582880912,1.912505404653869,1.8826184676258024,1.7838765137136519,1.853755927111185,1.702645673640011,1.8868107292328733,1.9971105924786503,1.7992260458269407,1.7871046164182531,1.8761522376622268,1.7166672424510592,1.774169049536365,2.039786055269718,1.7021171625133857,2.031050082990074,1.6803397884552076,1.7692786538478176,1.8222838540285367,2.015210542709496,1.8351001755170293,1.8122029253772214,1.614329777286784,1.7880920539565717,1.709476285035061,1.7978156043038087,1.8826370353985467,1.8382838523113507,2.023297333848008,1.7355126390996785,1.978074727764058,1.850181047314706,2.005110781914208,1.8799157573356837,2.03685518000644,1.7882160404075698,2.0169083178023626,2.124398174713774,1.8692220136291742,1.9133226285021758,1.812757348205287,2.0040697646383747,1.839892501068773,1.8087657292800956,1.8997130424237156,1.752171165061815,1.9285007691083647,1.8869822305934059,2.0081297097670916,1.791046517795576,1.7185336679164094,1.9496903158554446,1.7642651677371812,1.8915213374607716,1.7716890800059466,1.5758736212892168,1.7667125599231193,1.794615054982175,1.9828577535082348,1.842187551305463,1.843383650655703,1.7978257062643082,1.7731101573468506,1.6336472802160416,1.8382736191569737,1.8863639708373485,1.7690839654166441,1.9786372165577242,1.702645673640011,1.8863486392980513,1.8117585176541313,2.0238911887580477,1.880415931697008,1.98404652172461
5.0,1.5899024223605556,1.4647872537863522,1.5420361808708911,1.7060098211369403,1.6953614137242596,1.5624636388970978,1.507359190823814,1.6277704590452418,1.6447100194491582,1.7240345485894386,1.6839216979775893,1.683396409460185,1.525864776559626,1.5851188351618075,1.7485516181942982,1.7256494579520092,1.8504751935251367,1.6562163479823186,1.7441938001530632,1.686906410485664,1.6875555929146737,1.6372646688209862,1.6947139516060903,1.76828425256981,1.6535224670236284,1.6808308230894176,1.6964585196167403,1.7802257549786318,1.7027356141813765,1.748709429748902,1.6709441877874993,1.7196007145287426,1.5815862985459335,1.7165448805160293,1.61681761962454,1.674315717163649,1.6564341400507745,1.5324574862608162,1.725659551889491,1.7771971000219566,1.719398915930603,1.7363955508584448,1.53795964618841,1.6308068956583113,1.611830698577033,1.552523068165798,1.5754538961104751,1.5909115019070987,1.6775303174341292,1.6578538957648834,1.562016321577034,1.5260204135217392,1.7172127462346527,1.622492149110459,1.7569654969875288,1.54857385620915,1.624288065685815,1.7067334410109942,1.588911337079308,1.7159088840225,1.7438020297975962,1.676863998964465,1.6402296782840016,1.7455085124815994,1.7047391623031125,1.7222452845034157,1.6721890415318512,1.5885409586070987,1.6501741324787438,1.6242379122044646,1.609892440767642,1.571513645478165,1.6688176856514194,1.659983911199933,1.610984495992566,1.6822653415821607,1.5330387141858635,1.6875555929146737,1.7195140714347683,1.6396829361686247,1.5129427875563426,1.5120077372136203,1.7406019732733857,1.6505688902220508,1.6508410450244975,1.5770555726376443,1.6513348892307151,1.5260296741410486,1.7375508162478406,1.5515492092685428,1.6224824723535802,1.5813959579640104,1.6962489770757643,1.624550980247539,1.7196007145287426,1.5966323856072597,1.5907757902734827,1.6788572287345958,1.7163925054241715,1.6607944660071527
6.0,1.282351645928213,1.2382065521499181,1.2419726388402734,1.466712910412136,1.4760314280390658,1.205100503281164,1.250119606066732,1.2906535557721395,1.3531919354638982,1.4528582456658765,1.3211204664934506,1.3900166551742426,1.218499708269241,1.2639288689040022,1.3908578498336002,1.4481606144110786,1.420938429209269,1.3357049745969312,1.417184834989179,1.3916449863061193,1.4793120824089097,1.3366294765553763,1.4757579312252305,1.4898580719656942,1.37799650714533,1.3341859986752227,1.4643698329594395,1.475053461420637,1.2610801726488887,1.3908903164770043,1.325971667453624,1.382877947631762,1.2968671586653842,1.3997609559694446,1.398000884090195,1.4139008645604367,1.4019479947891509,1.4008503315848861,1.4481698953501851,1.4657883664408384,1.3827998874370437,1.3478209876489537,1.2682999611025654,1.3260384730988877,1.3105020754128107,1.377548750188383,1.4376451227787546,1.30439387500034,1.3385262355179413,1.3538510522532736,1.3566342785293353,1.2185733825970884,1.3692232711316585,1.3032231038386954,1.4442067754926564,1.3152155447588525,1.3697178689654987,1.340859457423657,1.3516034104591932,1.3684659379861583,1.4641948392834505,1.5211427889460563,1.3073806553695544,1.4177162237312717,1.4661959347760745,1.3730771183043762,1.4024281332216844,1.3514385835252694,1.3332966495408491,1.3444217192945902,1.2878341141210843,1.2562744815237854,1.3224800029870876,1.4385842593118077,1.4479529149899912,1.4254801785793285,1.400999624104493,1.4793120824089097,1.3990156452360591,1.2866484035931247,1.2020752834821415,1.3189946414829041,1.3223927466954388,1.3780352429837495,1.3704991780159546,1.3120276396091997,1.3337682641491861,1.2185815603930925,1.3631308965227824,1.3557369616797053,1.3032144543191901,1.2967962658462844,1.322191756325148,1.3698593322974206,1.382877947631762,1.2965839365850096,1.3043509191082212,1.2937715588453413,1.3688964903810596,1.4138764668803774
7.0,1.0281093750070833,0.9482705179257176,0.9145023954818114,1.1276526344298767,1.0559188663165897,0.9569583016356414,0.9906460637607208,1.0317274354716048,1.0175972960338309,1.10118821042353,0.9988827788379511,1.16201737045106,0.9787375119171093,1.0109799913706528,1.088234163300924,1.1272767460344328,1.1419322906932472,0.9762915910387555,1.0483990328343593,1.081467774612303,1.1557436276364474,1.0477980271132865,1.055783404232748,1.065511429185993,1.0508936789588803,1.0128561399436895,1.0929886868036822,1.1942152674735267,0.9180126914691478,1.0882296307214223,1.0386632235810211,1.041633767557051,1.0057230835774673,1.1356230644017307,1.1225148699961116,1.0529953403045578,1.014232248152653,1.0765338972573895,1.1272848978122416,1.118561992211406,1.0415986164562345,1.0078902374603587,1.0249634578627003,1.021996685308655,0.9721756638041463,1.1020885346395954,1.1305921329215942,1.0166664467126088,1.0858361791534858,1.025567497662856,1.084004259517716,0.9787808169705103,1.1144699003303367,1.016087209954531,1.0896019611512706,1.0876978386873715,0.9781841672616421,1.0659543662654065,0.9978991974978769,1.1139162449424533,1.101886022208673,1.1179726629110158,1.0526729554535972,1.048665099691182,1.1274343809310474,1.0055949221557738,1.0728153083433256,0.9978113589157127,0.9751316549404516,0.9891329217086392,1.0488306120229316,1.004607178908867,1.0526550641531411,1.1479663466839802,1.0934957099504456,1.073470082848133,1.076525108812808,1.1557436276364474,1.0522450189606827,0.979068090059041,0.9611831169060787,1.1567951718559375,1.0608518551228208,1.0696064012065254,1.1408930677566367,1.0377723092280031,0.975364456455788,0.9787882781000455,1.1244236091584765,1.0616921764045926,1.016079540329903,1.0056888571021514,1.052004035406748,0.9782762524721772,1.041633767557051,0.9946733171494205,1.0166645440748716,1.002027400447948,1.1143151406434177,1.0991666217661964
8.0,0.7857130347734103,0.7361941350649788,0.6712263203543116,0.8695215598228541,0.7734420913565809,0.7109639230868012,0.7723139476689836,0.8057789371623106,0.7593217426070371,0.7890255030806469,0.7075316245593105,0.847330663554872,0.7499822709754108,0.743728707724642,0.7705300021046978,0.8760647038583836,0.8362242119086666,0.7013118130240412,0.8239553125911828,0.8006009163259077,0.8976612758446272,0.7667162219945313,0.7733566553469375,0.8188573442475064,0.8386681297708309,0.7518311715336062,0.8149195211793093,0.8887501722492096,0.6590998915372676,0.770519663048407,0.7678363743588127,0.7719878279872816,0.7815608211461823,0.8583374899664397,0.8631983836883925,0.7900710696824359,0.740838362118795,0.8111237667187206,0.8760716990571561,0.8357194659718561,0.7719664402384588,0.7547389425853706,0.7249635242218464,0.750682050371409,0.7531788730500424,0.8511698969597533,0.7969314402761455,0.7852274423445363,0.808101126767285,0.807245416321935,0.7818607846960097,0.750011638281816,0.7941481984490723,0.756953537293203,0.7699618919692235,0.7993405944889107,0.7453568977458972,0.7821476980278045,0.7088780232920098,0.793738641475242,0.8648586224099574,0.7938289437439867,0.8519110649897857,0.8241241608965691,0.8694030139199567,0.7112581078418743,0.8067883843556148,0.7088200060253731,0.7006007088866664,0.7282239657663392,0.8024426794883568,0.7755503584232933,0.764569962340211,0.8338192171424919,0.812735054911922,0.8246352149709707,0.8110762230377574,0.8976612758446272,0.7596261581632677,0.7333263875659194,0.7462656221764054,0.8736400075545367,0.8162786153263153,0.8119773487096951,0.8527658043489955,0.750920760161079,0.7007459246768752,0.7500179412713894,0.8630495954986286,0.7878168239428818,0.7569471292751773,0.7815394561469735,0.8159820591032714,0.7454272264935443,0.7719878279872816,0.7119416262030929,0.7852361909597021,0.7669160912213763,0.7940543008464892,0.7885139496278525
9.0,0.5807356920233151,0.5735535816148233,0.513074697902972,0.6537470954807152,0.5945827566391932,0.5522854274470582,0.5810919142006991,0.6466685394550279,0.5668607985860176,0.607783628925781,0.517057631825619,0.6447356170801761,0.5662944294173597,0.5344723123098108,0.5508780689825324,0.6949140986677667,0.6213864272010005,0.532328242327405,0.6326788172857385,0.6173540957129662,0.6444749795719489,0.5654269098721468,0.5945162339299436,0.6374869555815733,0.6420042475682632,0.5556503181540824,0.5734139612194646,0.6434061430768988,0.5010321288551285,0.5508705670464846,0.5658584185785335,0.5876645667594959,0.5656422075549192,0.6184933610946063,0.657429090711379,0.5841554982773328,0.5517012515236978,0.5792110667818499,0.6949201397180714,0.6371742224437376,0.587646791359841,0.5946188701399974,0.535939267786667,0.6049251357075376,0.5658590680694909,0.6194287304446223,0.5724016889949007,0.5945558393649534,0.6202908162455821,0.6245832484910738,0.5563947192422044,0.5663189188841223,0.5958442295121631,0.5453718856323062,0.5497393789986519,0.6058661340891677,0.5520743666507556,0.5713999093620544,0.5645176850399612,0.5955148419322146,0.6055180160709234,0.5958023128009465,0.6395671035534195,0.63280936566673,0.6536633336101728,0.5214864015754928,0.6260432059646902,0.5644687188289781,0.5317391468838232,0.5689300009904773,0.5874634965538974,0.5868331892068167,0.6086037112718621,0.6681478730107285,0.5879461313198092,0.599058721277759,0.5791799224994908,0.6444749795719489,0.5690590813194883,0.5868564939153281,0.5447352458686385,0.6105762187652337,0.5990569819146537,0.597970011167009,0.643650423316032,0.5608390409083494,0.5318592961034568,0.5663240169524384,0.6388927838604925,0.5743248103400357,0.5453669306790451,0.5656256905374043,0.6223798002742505,0.5521322409342044,0.5876645667594959,0.5520340174683536,0.5945637695678965,0.5528674185494848,0.5957708374222492,0.5888435937775132
10.0,0.46428942520200134,0.43161030778918164,0.4018337831169925,0.499389021813221,0.4583837076477998,0.4367370669321773,0.4753034498637156,0.49938881487355924,0.4390856042320509,0.46845351366885857,0.4130041678667484,0.49240736481759123,0.4473568367897586,0.40493440559188737,0.42929990618959757,0.5270005083761514,0.4948995795141844,0.406138492373534,0.49124661530023794,0.4695506398987311,0.4935475088149141,0.41961395606669966,0.4583179888654977,0.4606897034277519,0.4766231126522521,0.43422038815771496,0.460067172915045,0.5118267393490489,0.39567253890766835,0.4292964491073869,0.44951058104687397,0.4543460140702121,0.4164276725166881,0.4661992268811459,0.4948731849490349,0.47218959914183545,0.4431046549706562,0.4639285488284331,0.5270053198479708,0.4795283070706315,0.45432734790332785,0.45597916826083296,0.43426768804051014,0.46512419000787475,0.4473477966852982,0.46148803578053815,0.42856412843317027,0.4499914258366511,0.4731806372835824,0.4730705410939151,0.4077058958774477,0.44738032502018976,0.44288930058706494,0.42343870856125043,0.4290523828569431,0.47622799013562833,0.4481253573217767,0.44354818968336607,0.41962652241873943,0.44261209347388697,0.45230299295713994,0.49318109276870126,0.4997008634946312,0.49137363703472053,0.49930343242296965,0.4089779922324483,0.47474464086806956,0.4195783141521221,0.4055116067429748,0.4561878677471058,0.4611869186351429,0.4647979547231465,0.4794978592862099,0.5463289754760886,0.447864612328298,0.4745198986705053,0.4639125269742868,0.4935475088149141,0.4381721142701707,0.45351870064664196,0.41828894987531445,0.46504496047541416,0.47105884803102605,0.45726320582051905,0.4927912639195911,0.4343661453892956,0.4056371820614874,0.4473845599721492,0.48882648285193464,0.44875272754541934,0.42343466757573167,0.416409939218568,0.4781685581564248,0.44817800447359474,0.4543460140702121,0.4377245542830218,0.4499943059810875,0.4155307996916365,0.4428115057179902,0.46852009253717336
11.0,0.3740428769240859,0.3358125339643657,0.33932207483117655,0.3833951487331301,0.35813658531888115,0.3456644248317075,0.37908996564805975,0.37661232561378816,0.3541194121827014,0.37177295739775434,0.32429668808817247,0.3750241934860057,0.3603982408136024,0.32576426376836815,0.3327029452619263,0.4016556194163869,0.3827710300839615,0.33178787939997034,0.36618717177414284,0.35722105106167445,0.3992602664350441,0.3454000951226921,0.35806492314329097,0.35481995193455435,0.3604315244652023,0.343366306806741,0.36662444549609535,0.40278413517273237,0.3156822828885942,0.3327062170989037,0.3670826242534644,0.35830889964057555,0.3394914442876026,0.3583805485267787,0.3656010527416274,0.3587200483094979,0.3531166883466634,0.37204413545056264,0.4016595341503507,0.3707845321162782,0.35828791647033004,0.3466809443751403,0.35142594903252483,0.3666828352629646,0.33319880731540996,0.36195896014839757,0.3560021010614583,0.3576925209801737,0.36590687265235994,0.3705211448198208,0.3395490846043311,0.36042478557612834,0.37490932048497916,0.3504518082716597,0.3562774334401569,0.37579411857875983,0.3568612140860719,0.35637923949326245,0.33460426474897326,0.37464087338698937,0.3646278100277463,0.417057584876004,0.38328724413610815,0.36632713959493785,0.3832979794331666,0.32784856516499833,0.3791666440877089,0.33455116978112215,0.3309981110007987,0.3791630671899689,0.3413836176364564,0.3814862338628924,0.35833513783715926,0.4543205864429785,0.3480281758403858,0.3623927650035067,0.37205257262162345,0.3992602664350441,0.3435659510948082,0.35882003547861246,0.33307041756105027,0.3550231886230378,0.35891951399525035,0.3522072805079534,0.36342047615343853,0.35109077306824044,0.3311536055194271,0.36042841417186144,0.36432577293025037,0.3496412937687589,0.35044824926518797,0.3394701744835643,0.3701925434422609,0.3569120674404663,0.35830889964057555,0.3289003934465102,0.357688429989298,0.3373815183246342,0.374821178815601,0.361278167206788
12.0,0.3089158165891156,0.3036768338310389,0.2895016557037985,0.3203726023285333,0.29722329341761966,0.2845502694270512,0.31104070765914654,0.302108538557933,0.2935479015737714,0.30563614856497145,0.2741981240758278,0.3084661249139166,0.291431819480406,0.2844867066472623,0.28861382000360764,0.31605743592808766,0.32076228323411193,0.2638542216026354,0.28937841751710275,0.32111330827524753,0.3260152845420662,0.28865522870360005,0.2971401922249247,0.28837371699297965,0.30137800618266575,0.28955741422185455,0.2973499185322075,0.34432288147603635,0.274429111748561,0.2886245127683272,0.3088742531151366,0.28881292470669095,0.2614250975008794,0.29798956159507356,0.28822545343893335,0.2848652597068712,0.2991953773914608,0.28974800797137557,0.3160606748520169,0.3112466258690013,0.28878574571603427,0.2785942925778149,0.2914769897724715,0.2835585465037202,0.2901816390092854,0.30630974561008484,0.31402540412721663,0.30120973472711104,0.29192576408785115,0.3171015387945123,0.2973861779247249,0.2914641289947607,0.301621851250156,0.27997813471418587,0.29695885939569283,0.31304472647424636,0.28211362357087977,0.2900597025893315,0.283811990687799,0.3013562730118524,0.2964767838862261,0.3136857477713872,0.3194043295264098,0.28955583109585686,0.32025124503887514,0.2651677751721407,0.30541755223716854,0.28374626915924145,0.26288174028929867,0.30625377851476143,0.2802883004437159,0.301341402600828,0.3008606169578274,0.33475322465035146,0.28914187963617116,0.31372138776148256,0.28979278664298586,0.3260152845420662,0.27543265231696784,0.2839934749005933,0.2656434549975463,0.2913233642213721,0.30319144836728246,0.2921348153926658,0.3016714890269516,0.2885585997792725,0.2630708189236337,0.2914672080905571,0.2986350877813356,0.3008243491510876,0.2799751487903466,0.2613973375576897,0.28724800480991297,0.2821662140702953,0.28881292470669095,0.26990137858748814,0.30119822013726133,0.2826461517292062,0.30150889388488805,0.3011104875973296
13.0,0.2739564912512464,0.26452460172832876,0.2756660851494127,0.2778246941247192,0.2674900944588435,0.26227233331948796,0.2551153086004072,0.2913356708507978,0.2625685806186328,0.24697344108402475,0.2322689815656937,0.25569516911132517,0.25032226897043247,0.2495176280705399,0.2613752611583285,0.25620839051210875,0.2741012746345517,0.22970236404505154,0.2686669203020001,0.2739907269475012,0.27769203880118787,0.25356323485210136,0.26738387966789084,0.2609447468504126,0.2758319068428865,0.26048069267833873,0.27216072045250783,0.2876686526225061,0.2455915263063993,0.2613969657732073,0.25979722553132123,0.2505387843454166,0.23786401803274804,0.2566053597358906,0.2323024366327819,0.2609973601924,0.24839544667815072,0.2541680764147271,0.25621112783972805,0.263844991441994,0.2505018084907291,0.24321307633825537,0.2459696967655913,0.25294259262626434,0.23766912382249553,0.2562751184263676,0.26582402419519363,0.2624715993585249,0.25784768131289776,0.26758238280291863,0.2609444218525001,0.2503661159259361,0.2541832363295156,0.2341234806480475,0.2599956392262776,0.25966479834242384,0.2625962987236542,0.25202101963109436,0.2531175395031588,0.25389383370603635,0.25734570432220116,0.2866309871846279,0.2793531515643639,0.26890399187200376,0.2776659127920781,0.23765286397095658,0.28569381734798377,0.25302581008244185,0.22836263923579997,0.2606492260200513,0.2544942539786397,0.263069629647732,0.25162606070381266,0.28213644091713186,0.24491617231762844,0.2761821793453052,0.2542530825487946,0.27769203880118787,0.23815931725417333,0.23068952701681397,0.22146657127974134,0.2523175560426261,0.26772421233561755,0.2641858711637554,0.28101630913862385,0.25720158009028965,0.22862075857871175,0.25036887128956276,0.26260408853650385,0.2504145747674517,0.23412088412288726,0.2378265468796168,0.2603931232601346,0.2626587559558761,0.2505387843454166,0.23217049345084412,0.2624494862895295,0.2537248193988818,0.2540277454273093,0.2568585214366755
14.0,0.24656019752160468,0.23940198247844718,0.2562770966406854,0.2594965310426709,0.26098733521292267,0.2233720193864553,0.2402717418135877,0.26930566676124407,0.22600886046993196,0.23411957647897766,0.20745896950595702,0.23975761645019503,0.2432191696965633,0.22571052526216312,0.23890105882617407,0.2472927501566258,0.24959961742436684,0.23093685221171562,0.2502776057201926,0.2218957779381862,0.25730105820305443,0.2413079484386698,0.26084389160014154,0.22566354499945832,0.2522443478022936,0.26846034786976214,0.2580208323767735,0.27801442409696075,0.23848017489461276,0.23893836328783527,0.24660965938561213,0.2325630942439889,0.21713104925463497,0.2548465660852725,0.2119892289467636,0.23218403642743962,0.2394866562257763,0.24211057394705807,0.2472954402558366,0.24714205458118385,0.2325096153448578,0.23151645081429728,0.23330637033893808,0.21707769131096982,0.23744367539351313,0.2388661777592836,0.24400167443992424,0.2303664513285181,0.23186683374882858,0.22859731185517299,0.24249578377416073,0.2432813105166186,0.24173017530886534,0.2235087089260809,0.23148711939489253,0.24220886908190808,0.2402382384906344,0.2611931551249896,0.2329743007028294,0.2413789309549736,0.2324659691312011,0.29220918650640837,0.2611002324790128,0.25059453019073624,0.25926684274095824,0.21088976380316832,0.26921218715011325,0.23285517861344154,0.22890331201475314,0.2462826626745674,0.23634112948855193,0.2617717002214274,0.24581666433829907,0.27019622764110823,0.22511896716337104,0.24286313718581556,0.24225378250131682,0.25730105820305443,0.21778270273259237,0.23692252167850306,0.208120839703141,0.2293955374077904,0.24803498015524103,0.24956802983139234,0.2598332125155442,0.23911949766630047,0.22929284959605065,0.24328403141885235,0.23225879903047505,0.2409072731548576,0.22350618838806077,0.21707636216085183,0.23106408982448376,0.2403142277036737,0.2325630942439889,0.23480196950620472,0.2303255495786823,0.23364767884947288,0.24150866533957766,0.24508732463818825
15.0,0.23737617766164798,0.22695216499584506,0.24634371012056824,0.23042225576188335,0.25205167032289494,0.21485446962231333,0.23690852393113243,0.24601282537737912,0.21331596209268194,0.23643411169003914,0.20877369812125038,0.22393389881676778,0.24156112982379524,0.21228150918596123,0.24968623014480015,0.2599697963438073,0.23686916906828856,0.25566860588396056,0.23409966127292706,0.23731500554814616,0.2380477330480902,0.22890083999404698,0.2518502880066357,0.220901421028856,0.21172881864713192,0.2419652845175309,0.23552197789084878,0.26963046179569883,0.24379421523903239,0.24974736453906698,0.26469578108829034,0.20067056406798242,0.1913105475682366,0.23111144031299566,0.23687162040625726,0.23536697916470006,0.2297688484717903,0.23701006565291033,0.25997267884384995,0.2375761867389552,0.2005906801791895,0.23390176629714102,0.2197620226329185,0.20997560476244803,0.23332465900469038,0.22968905151286492,0.21367097485221925,0.22683447543621474,0.23548206692345572,0.2134132850465934,0.23610211676175613,0.24164858859635996,0.2602261139641369,0.21310464774029042,0.21159023881386113,0.24308499875253176,0.2340292898972071,0.23674681767480973,0.2677325225277693,0.25975995574414407,0.23897359001896776,0.2679373892291906,0.26274025466910284,0.23456295673829605,0.230085785720141,0.22446918418351264,0.2556402117943765,0.2675564129949879,0.2524528571153083,0.25163221614070397,0.2334202981677151,0.26937623755431866,0.22411842313428534,0.29878509253503666,0.2162432206856802,0.23379512449266346,0.23724131568621,0.2380477330480902,0.23107719855565417,0.23593055340817137,0.2039068421344518,0.22016028738917667,0.25268014668195987,0.2246586244065345,0.22409742193031207,0.2153545149759737,0.25306668589173836,0.2416513269170802,0.23418529423701742,0.22305947939911747,0.21310221886514233,0.19122840263564772,0.22385013951922347,0.23413018059230484,0.20067056406798242,0.21888958912262305,0.22676308436483328,0.23932109816210023,0.25990159953384173,0.2302914738370551
16.0,0.22368788768622097,0.2428935009090562,0.26151877666030926,0.1897207187261935,0.21840094525186085,0.19978603057777322,0.23314808401432544,0.27359376791235407,0.2094946379163992,0.24752847885029997,0.24364070118999007,0.23142788379927073,0.2639212274884894,0.24790766643473808,0.29607634386699033,0.2701458279781358,0.2241881160339099,0.28731561557869045,0.22821876270796865,0.2668664249499198,0.2359791911891668,0.21948826406536048,0.21810345446790078,0.22221959975912237,0.21223128959487828,0.23329783259188933,0.22569312720383566,0.278555993520041,0.24423511289096345,0.2961613224295712,0.24582175329087677,0.2156250411750854,0.19758215040726476,0.24264134410089702,0.2385054746203655,0.2182155425938086,0.2535499109207147,0.235911192903345,0.27014886400677124,0.2300015991753955,0.2155056390581596,0.23463943274699262,0.2216009552519253,0.2045688535146081,0.22056329056283525,0.28234346294054957,0.24611327211392153,0.23368048635640157,0.22267743998436515,0.21244708707169255,0.23352183863699394,0.2640396309104223,0.25937502312465466,0.21534954363955652,0.20680392673006,0.24484688883839545,0.2203580025809129,0.26233934671955145,0.27831171363599894,0.25875296920567037,0.24625026130963704,0.25738086335897836,0.27256144586894054,0.22887373741200717,0.18927021870112462,0.2252927621304007,0.2530308325242945,0.27806146582352625,0.28219704001774487,0.2401478331706058,0.21199209131652053,0.272931377967284,0.22870091256988478,0.28131644978400133,0.21585242558983675,0.22516661589541764,0.23629027633321728,0.2359791911891668,0.21935526966476943,0.26233132644497276,0.20345660160446716,0.23515723131145666,0.23140503539125895,0.22961238590860697,0.21209177802364673,0.21588343630342385,0.28317167089394985,0.2640426545188655,0.21672777542035745,0.22746684571940845,0.21534707301471553,0.1974588351531276,0.22161720625168513,0.22049962980412494,0.2156250411750854,0.21869025762516836,0.23357231538323733,0.22390688475661694,0.25889592829269803,0.23734889069981632
17.0,0.22869608966595353,0.22135751968302503,0.26577612739347073,0.20619931411975578,0.24302214491351373,0.23779943103311546,0.2591880050036245,0.30463727235593774,0.21254108295958396,0.260946430333383,0.2301450560795651,0.23114891392641712,0.21341718199922585,0.2457608368219261,0.2524184000393019,0.28228735561481794,0.2397367861930968,0.26021138802882626,0.2675657051565395,0.2651450189088123,0.253709513315942,0.22773892856320052,0.24258257948055068,0.25056566893912363,0.23406623845811242,0.21715373446547587,0.21479641682878206,0.25135323882709076,0.2520681358954933,0.25253841480492983,0.27876933988117936,0.2392275853533478,0.19648662400015282,0.23871060454935136,0.24932895346575726,0.2275369934902458,0.28934797543904844,0.2766020039845618,0.28229055187555313,0.2183659837068171,0.2390403516681695,0.2528595540532738,0.24038927491645892,0.22141889554502936,0.21977861988833167,0.2471588780332747,0.29215291059934284,0.2218272203818271,0.24882034124304347,0.2031576523680949,0.2408188392169721,0.2135763297859516,0.26108390932630005,0.21578508578063027,0.22235004289738472,0.19229737192707666,0.22476885704687646,0.2576719575389504,0.2504652259678785,0.2601989099486067,0.23364371176784504,0.22172436326318662,0.2855349517332083,0.26854569874314743,0.2055193510865147,0.23198494960494145,0.2616039211318942,0.25013039290371786,0.25346226311114906,0.2544945046323308,0.2311576270932872,0.27568920949804626,0.24120866053268203,0.24590405160808992,0.2217499901396363,0.2377305323965803,0.27719582354834416,0.253709513315942,0.19373110380310823,0.2500407760038191,0.1854690776380448,0.26127694802287527,0.20313342276554958,0.24666173853571086,0.25288603185518144,0.24455600363299687,0.2547449328438695,0.21357878096726016,0.23194824728809466,0.24059322815651527,0.21578259673772326,0.1963099724994635,0.20223085045797543,0.2249664614869091,0.2392275853533478,0.21132914496172334,0.2216497173506668,0.2325093044431479,0.26034356032764766,0.2211174666636557
18.0,0.27855719786513294,0.2630106409338869,0.21723192974214028,0.23501320440525805,0.22913490280489288,0.27815698664672184,0.30042226207302525,0.30414496998077856,0.2702490933388011,0.2599811048076907,0.20785894583792244,0.24382929963444702,0.18663210099188454,0.2600737042511971,0.26713898540635594,0.3180333199116056,0.2421613279543609,0.22871435571271137,0.2883326036401239,0.23614068462305007,0.22800558781515076,0.20120156459688818,0.2284078515783404,0.2665372728946243,0.27087196429518606,0.25729815998222705,0.23559939041742334,0.27448898942359284,0.2730485516063408,0.26729776865941146,0.3020926775301486,0.2757926457327746,0.2549687936491098,0.20742816082013618,0.3080195632316907,0.23094814403421862,0.36043666339394187,0.25249772228467254,0.3180369116415529,0.3032881030994965,0.2755316780805098,0.2875067498489344,0.2603864674814921,0.30888249565838233,0.24854708571955167,0.28201323420070884,0.2657304390476829,0.25536307745917086,0.2751913154706081,0.2774440305358461,0.2583357222079518,0.18684736293074486,0.2656646320820016,0.2519243713156417,0.24797667856509062,0.19369991240276938,0.26725780989227127,0.27751770275287746,0.2747202725667691,0.26458761843581236,0.22542890315128153,0.21872866130657734,0.2930464942213736,0.2895908286843475,0.23400864156128143,0.20502830944405226,0.25578372157180795,0.27421942791380016,0.21916037427096674,0.20043054132573246,0.24166784455368256,0.2590775032757301,0.33419512911636184,0.23247901054019446,0.23061789118782697,0.208690235356095,0.25333820296834714,0.22800558781515076,0.25720207527665834,0.3049648088418761,0.21629354597264216,0.2430264522460224,0.21056464731650076,0.22327581351379877,0.2401976082989052,0.31911613291787566,0.22097319749152344,0.1868495305587096,0.21995556262781638,0.2266540872562591,0.2519214479112748,0.2547016768835577,0.24893468177773065,0.2675647433331887,0.2757926457327746,0.22515930267508263,0.2551292976718093,0.23100044635306527,0.26473482623520633,0.3163978674625719
19.0,0.31824026292770086,0.264024780438448,0.21695852371606886,0.2944058964828507,0.2673839798947635,0.2694129630611888,0.37414065195672863,0.23841170947340284,0.32223777698635814,0.27463287260899044,0.22217344563009253,0.23751419873119628,0.2111389090251871,0.31879365470492216,0.2689237620028308,0.34652423638526647,0.27408829717639976,0.28010036637178204,0.24178472345538363,0.23046856802861493,0.2273148946233137,0.19542381075514065,0.2663246628082814,0.32431247853894535,0.31535170769943527,0.21373109074353572,0.27050501567952373,0.2853375408007436,0.3135581366973488,0.2691951530511028,0.3310259835109991,0.28714223691680857,0.26970213438830115,0.2849950097883747,0.23040182596934175,0.26704680068600933,0.3153230769314037,0.26141682456068643,0.34652816995890806,0.2707727803030361,0.2867616921348423,0.2560464421283789,0.2739879445961887,0.3275841445685578,0.2917018270542909,0.24790423445128582,0.2545639288176948,0.23734238172275224,0.2920097904688986,0.28270494108606226,0.23181566497148023,0.21146373811599506,0.26391572931829194,0.2913391252811552,0.24783190548397319,0.23067559851607325,0.23933400250757772,0.23785084952610736,0.231291617756602,0.26243651589764433,0.24200655937932927,0.19635410348716265,0.2778726540108956,0.24343239687375318,0.29285872618354064,0.2324869741196055,0.2699058116303329,0.2306243191988051,0.2677888942886556,0.23472116629439077,0.3148112170851437,0.27474322301233417,0.3297105403441969,0.2479626916140667,0.2178374061362212,0.23739442863844307,0.26257429859259107,0.2273148946233137,0.29194454931497865,0.24529314797379728,0.2261601390467976,0.2675277144221079,0.25039912957704163,0.23004880107828843,0.26541022689405336,0.2935801804941994,0.27012463585422797,0.21146619754003193,0.284590527505106,0.23679237940762543,0.2913357316188069,0.2693485338569475,0.2915686021929059,0.23975952967928066,0.28714223691680857,0.22792501404843116,0.2370213910631881,0.23258077731590945,0.2625831557835994,0.29532915608710253
20.0,0.3047939456007137,0.23876520494377726,0.19899211587841392,0.32250286270557654,0.2658555439689564,0.29162267805641484,0.3493924641574584,0.2425215606367147,0.41032095328082474,0.3033398751745964,0.23882446784637415,0.2748808766067293,0.20972284314988393,0.2560181586393458,0.230799796925082,0.3430433876811015,0.30769082278508525,0.23638778419078324,0.23010130042167376,0.24951230868061078,0.2297465647387008,0.28174298393839053,0.2646994115988358,0.28956865997075104,0.33459789517037386,0.2463702424981797,0.2554100308969394,0.26063779002382376,0.29626194614057366,0.23113224370000474,0.3700457607422016,0.25911601939879547,0.3506310445729238,0.33210531899153284,0.21607269778966592,0.4067624200266219,0.26754005813660336,0.21105380938600912,0.3430473125728395,0.258933363765486,0.25867688400348204,0.29476611731587,0.23522861886782745,0.2874554413566773,0.28689577361165314,0.27134789622607536,0.27677166448184326,0.24318835925244262,0.2559021729521384,0.29030081861419055,0.1899047093220434,0.21026336594150732,0.2583888145646663,0.3423859477392072,0.31836224119945544,0.28098581154460855,0.26361425612406886,0.3117231563500062,0.24209643142943457,0.2563785244251659,0.3284015364486642,0.2166643536498557,0.25519751027434284,0.2325979930711273,0.3202986886156361,0.32569100566286024,0.24988992728991602,0.24126876070928624,0.22050558852517455,0.34882323853652103,0.3380599052834532,0.2556444760050097,0.2798218338981997,0.2895452687221933,0.229792388671005,0.29755796262453027,0.21288624111799007,0.2297465647387008,0.27630875089359863,0.34847499340332627,0.2589981574234744,0.3274525073575622,0.26075120362066856,0.25734734028497813,0.27805738155168613,0.3007670802899211,0.22351619239345452,0.21026582228924032,0.33221428372615014,0.2286278614966814,0.3423819428036264,0.3501625901713255,0.26114935792099336,0.2641983672721486,0.25911601939879547,0.22305648589462837,0.24268911092235596,0.25687671801336026,0.25652154125518223,0.32572416750040084
21.0,0.2914213255184851,0.43654282564535574,0.19550315229579154,0.32165003881706794,0.21850088490418454,0.2732440275680949,0.3405174242826075,0.31251984306514563,0.4127045661723075,0.3389597380351387,0.205509038601915,0.3500579601657399,0.31908742921711675,0.31575448760614805,0.2375156785782259,0.27289587962226264,0.3584043057768839,0.26658230105526287,0.23094237106768845,0.34786746078052494,0.32955856937003836,0.36737324981636227,0.21692010387258573,0.24300240965489545,0.3237302134559865,0.2140114150112559,0.24344211571899818,0.32486194810864627,0.3334727682839135,0.23803451471290255,0.3835970038575021,0.24372893677513632,0.39566506632209036,0.4631093984031846,0.271183169806731,0.36583066650164725,0.24892780039757717,0.21329858940279683,0.2728990044319501,0.23082849009757195,0.24324434339683895,0.33179257349641184,0.2369246674379851,0.30236697273839896,0.2985287599779561,0.3141227251739732,0.20995452857755936,0.2657115010115858,0.24196259960807082,0.2794976110718963,0.2522258172881416,0.31994289149383826,0.3482867293058049,0.23125080510112067,0.3719337656580182,0.3029570061793879,0.2924502894034078,0.3363900287551696,0.22233135113578542,0.345445882780999,0.3390464419604902,0.241372325509478,0.2503740356927414,0.23423580890648757,0.3188247375896557,0.4592829169539773,0.25968123217897787,0.22113021042501757,0.24025558062581343,0.4656715774677769,0.37025364090022234,0.32246814720026873,0.2664998814843791,0.2584064870312417,0.27075014656699264,0.33168779504588125,0.2156747241166123,0.32955856937003836,0.4536687076769392,0.39499566824024457,0.2816356299057044,0.3140987287611167,0.34077902945173294,0.2570315953252356,0.3408873919270142,0.3577672577898006,0.24524341157701895,0.3199466486324016,0.3368938674112622,0.24274939409765434,0.23124808014348136,0.3951498042358913,0.33461597504256496,0.29323047523788587,0.24372893677513632,0.27350523087291456,0.26505921913400166,0.22261604323756934,0.34563906716879716,0.42134709691729794
22.0,0.38048891008725405,0.41535650183165856,0.2684174932371506,0.2952973105648137,0.23976096600347382,0.30276704414858824,0.258403767277876,0.18095695169237844,0.3500941960002642,0.299351603524638,0.30910233119397446,0.3456960372321172,0.28406012120703755,0.3233186101721613,0.26654467016743577,0.33455866049061195,0.35455423786726925,0.3432756863709497,0.27945623958247945,0.20594976042716454,0.38900342539369703,0.3958947936909004,0.237974504499726,0.24525918573019823,0.4019844831877398,0.19098763140162384,0.20840567666802223,0.37775155147721856,0.2584020498675991,0.2672378557321193,0.45376618244944017,0.3577095552757671,0.28969554487492066,0.43517520866468057,0.2562236596872994,0.35011427208320695,0.33684161671882457,0.2894236549443943,0.3345625009601173,0.3090024425632732,0.35705863586635045,0.26167184637606167,0.2686992994792214,0.36364239113138497,0.35560038672408056,0.45019047294300946,0.3156087978924663,0.3648699621400527,0.2570517351952667,0.2980201037433309,0.27520583225776035,0.2849288065929918,0.4827286730742793,0.26169572776510663,0.23912169965038832,0.20875125974645942,0.2687044833713467,0.23739712920612507,0.2697657061020982,0.4794017877665043,0.3057908018080138,0.21447551819044422,0.3760383364756674,0.28359010462124024,0.292566832864796,0.5000306464635748,0.3978843498298941,0.267964131850516,0.30177958441895214,0.41674653017203267,0.38148782687105504,0.2706837645739942,0.28569239538316077,0.2513773227956647,0.300979347391059,0.3277298213854901,0.2924355540232324,0.38900342539369703,0.45806727352104754,0.3352410396079081,0.29480883054967055,0.2939666462535501,0.3200886409346514,0.27600517328355667,0.403335529929598,0.38785369804438385,0.3096397861819811,0.2849321782522223,0.30911335356316594,0.2849411865738179,0.261692645438097,0.28909794596450517,0.2988150816561436,0.26965045350872546,0.3577095552757671,0.3553450821266288,0.3641914504372959,0.3166505330716596,0.47967154400082845,0.30420976325606885
23.0,0.4833183047790803,0.39754961317259085,0.2476642876367058,0.22377794718601135,0.22419808042520606,0.37059427961005514,0.40065019492918896,0.18481032483180684,0.26834441320862573,0.25369185198006244,0.3097172127041379,0.2607358358446027,0.2439337162754562,0.23662315397226336,0.22377285493801197,0.3352969699031933,0.41929755874396646,0.49919592662163587,0.3669835292097001,0.3194920348662459,0.5029114408284832,0.39974360998619674,0.22128900113836195,0.2830839758643025,0.3560735712491216,0.1952058027900069,0.26095449000159127,0.30140534662918367,0.23910140805992924,0.2246480795577594,0.4276254294925065,0.4146712427080841,0.3195195724818331,0.33149596160810113,0.23060977935674776,0.35393892033714947,0.32250711472905796,0.2981888243913436,0.33530081461102396,0.35400047367700405,0.41391104683532565,0.2841511389574193,0.28606826231872634,0.28022196325267146,0.2649682707532296,0.33619251577998194,0.5365627044325394,0.36022725531450933,0.33997246130632414,0.31856795353031225,0.23985572587917042,0.24503251679921953,0.4413759404901397,0.38433949728811756,0.37329381707597376,0.1798587905255279,0.2856717355736079,0.32132048629953464,0.31671064728867204,0.4377031466738674,0.32992208272641094,0.26427827962643097,0.4228195568484144,0.3724122050383123,0.2197856277365041,0.31091334404934584,0.3063735416176184,0.3148105076115207,0.45193453769057756,0.35114910637904323,0.3430460030921496,0.36657208967047034,0.2903948917210534,0.4543604466132711,0.47017429153807594,0.3074275408991369,0.30278043447992364,0.5029114408284832,0.39728601990841417,0.3478971984486787,0.45565120604147885,0.28625074897206654,0.2681298915572298,0.2895269920411807,0.4514976857563898,0.574830440878735,0.4608890411050773,0.2450354159061386,0.2740705742445172,0.38970025669092134,0.38433497223987784,0.31877504906380943,0.27613905719991894,0.28712401413364114,0.4146712427080841,0.29763259752353005,0.3594207818384342,0.26657530821165254,0.43794810407153256,0.2399195134040681
24.0,0.5667985547739431,0.28606316573682516,0.24122032842793464,0.24775882493167034,0.38493649245784173,0.2687301421189927,0.42483919446949203,0.2164147542094686,0.36302514885233805,0.21304640924459614,0.5171826049325651,0.22744053484903043,0.39347644906661394,0.20001892021951678,0.18432079775102106,0.2915043616808588,0.4202732685417801,0.3739413709577609,0.495377373873104,0.36051065652190134,0.3987378881560178,0.2752620917740527,0.3805666512980998,0.17238050089287293,0.2959374178929021,0.3346555145953783,0.29921613399424746,0.2844430809635286,0.28041842526009503,0.18567277827872958,0.35243447278335627,0.3849436179380208,0.3456948292253018,0.2877713798937363,0.2697926059513075,0.46077417061457,0.2971241399382809,0.2585216170358569,0.2915077108043745,0.27982209974601535,0.3841325852880063,0.23242160104197976,0.32059309747343473,0.3923040733916179,0.3088190525799925,0.2670687436381225,0.42851378849761074,0.3299379227772587,0.34317823241321144,0.3305981364592726,0.19988034618716735,0.39477077949117517,0.46163038650441185,0.3922116175144539,0.40080274580526526,0.20236063906036852,0.3267654532917355,0.4019085333340777,0.4115459709582661,0.4567916206567879,0.3088906831476537,0.40310041764775056,0.38519523228588093,0.5004378908160799,0.24125859416867704,0.2830742135547737,0.3072209390355044,0.4097361667841168,0.3082057590093446,0.45221749178109694,0.3482995941262407,0.2826949176581285,0.2955513900781232,0.2518113828037977,0.3676549574626573,0.3129631749239964,0.2636174248313174,0.3987378881560178,0.3792678546866163,0.3431729515287972,0.4426805160574322,0.2371927059895775,0.2211125550310295,0.3940324263158824,0.379409112608073,0.4045946121159615,0.3206537799971206,0.3947754282833123,0.3273123986725674,0.30810904354637453,0.39220698423643574,0.3447386346275118,0.32214569982431857,0.32849450051354245,0.3849436179380208,0.31262856646880405,0.3289992614927638,0.2794525284314708,0.45704686497928954,0.42552018688449217
25.0,0.46135441772653546,0.3154432086674868,0.38067944145780086,0.28024045686804927,0.5362699886086084,0.40644397365374835,0.2427049344418532,0.1686723893043842,0.3871710241054643,0.3483116930375647,0.2988892425019301,0.3238081329088065,0.4373522928858949,0.2000595064445977,0.19526525398256686,0.415112404745487,0.5212688731351716,0.30710318354874266,0.5533798776498877,0.32862585972170655,0.4505772732898389,0.40999354656199716,0.5330194891301876,0.24811276719885425,0.36544464843734403,0.3326309062849666,0.2882500598513965,0.2024017946471521,0.32995008751922766,0.19709319029685815,0.3473015077003832,0.49039733691761517,0.2717484175816404,0.2943943492636008,0.2858450013690559,0.3612960212639309,0.35234341949848186,0.18289927332520023,0.4151171895719515,0.34078475574179173,0.48960702117502597,0.3647627845848288,0.23470516903008207,0.29419201945882045,0.48057286116348324,0.3511568846132729,0.32887557566807274,0.4093079792782758,0.40654555420003896,0.3704046822088904,0.15299258036636387,0.4389255025725349,0.3869266259253927,0.4468201347265687,0.266938285683976,0.2336842942767729,0.4508914123535484,0.3460957419644519,0.2687057320673987,0.3813008950198654,0.33154516457085464,0.37413703684058536,0.2489827547339946,0.558118071394473,0.27392245266005405,0.4989665106349121,0.41756963050455825,0.2661795647023462,0.24954472320939194,0.51202005172056,0.3553620506413166,0.29889142311568445,0.35179260225070585,0.3920375183436764,0.4151841038079302,0.37260109716482703,0.18865255750632082,0.4505772732898389,0.36124204760671563,0.34525180385426807,0.5850353171024947,0.23723383988401492,0.27765025845120905,0.45856871371113134,0.41715067451687615,0.46792758004915214,0.2604438506692127,0.4389306410120404,0.3514620593298389,0.3455072873754251,0.4468148305309499,0.27058027900068954,0.30275960479861513,0.4525508568582095,0.49039733691761517,0.1728530570312696,0.4079445554396491,0.14006245690341057,0.381513820586846,0.4031892174078116
26.0,0.3190762540739169,0.3541926244304406,0.35666884728042103,0.42180479044638586,0.45199224114052,0.39964660796690193,0.22593369916209785,0.1376614765916203,0.5699762882810674,0.531380136966118,0.27974902314397354,0.5307773816905265,0.4357586767799995,0.18855777990565975,0.21123832761237943,0.3593663990994654,0.48116155990499593,0.38801514544300847,0.4759826088356287,0.33557811312081187,0.42391157905903554,0.47839338440515955,0.44883668676367455,0.3611369387303004,0.4049955301101505,0.4116445578149285,0.13726742575599518,0.27801184603688184,0.3464054129316289,0.21650375208694836,0.367143791691609,0.473720312767399,0.5025060315133513,0.4923722793896637,0.46425082657048383,0.40144038378802077,0.43551192967996666,0.16420183643039424,0.35937056141963847,0.5119707159627632,0.47302096791895715,0.4062058068701573,0.26887478365757683,0.3624422339945897,0.35231186719269647,0.3487259371236722,0.2343157145635531,0.3263754915852725,0.3353769325584156,0.33250676284941394,0.23446543179941046,0.4373318127972559,0.4758690924521296,0.30965322635245124,0.33248952421365296,0.7680546960794136,0.5114484017795577,0.49008756342933935,0.3991401082871936,0.46952859845471084,0.18956066589097506,0.34875616612740673,0.2694502643257483,0.4793505025659376,0.4150790230429411,0.24778820936249457,0.36773398869616974,0.3962220526693024,0.3113931175115071,0.3649123578701972,0.5061287401946051,0.3847058637417284,0.39810246821902784,0.30416581420665645,0.3784311957424989,0.408690629843762,0.17257411631118735,0.42391157905903554,0.3699111868700263,0.26215808339011537,0.481553775703248,0.3362727417387153,0.34358729298084667,0.366635615021482,0.39836122907233223,0.4887558752521631,0.3259016641422625,0.43733693281941566,0.38971815899925233,0.2756053495104751,0.30964955007052847,0.5008085281821557,0.36918251593767415,0.5126611149419191,0.473720312767399,0.2925854606946475,0.32461500380134023,0.3558731258508814,0.4697899892148021,0.3460895701833483
27.0,0.3733531906170212,0.3579406965671751,0.4200604678300536,0.3193232422933496,0.4811423161807946,0.30018398928552487,0.18762586033138418,0.11606640852914654,0.5092759330964125,0.4704575709630218,0.3301447081004711,0.3540062000153232,0.3629808266722815,0.3063106927383481,0.25950644459767674,0.3811519444489286,0.6424070920170318,0.6070889592185936,0.38474598694924,0.6336501116827855,0.4161310109116825,0.4139770166897668,0.4787011466287225,0.31583633904418407,0.562597617600137,0.43634041041615435,0.20683286479605367,0.09065975353171025,0.40305389062748637,0.26566616276808286,0.4039923456377071,0.3776575593328221,0.5199480188829363,0.40871246176558984,0.5063782952315281,0.29623608385343914,0.4115901417858924,0.17704047985289698,0.3866134961239187,0.3520912218984571,0.37701811907229915,0.3464285484666856,0.5536737180321756,0.5345443539957753,0.5023291076574903,0.3045648957283545,0.3422607681485579,0.44676797680298447,0.38063382518288014,0.2652311661063584,0.33184920332589135,0.3485838065586647,0.4968836903562145,0.227774432321064,0.30142189277273873,0.7388575727036447,0.57764264436395,0.5064856624170364,0.28020727126638656,0.4940363160593362,0.3200442710898606,0.3062578899909828,0.5389176904148574,0.3886910129245566,0.3111573754840078,0.24836081744168406,0.21539421873878703,0.27599041119303147,0.5306835929442411,0.3939652987735521,0.45431874483086493,0.3971524844573109,0.3382978639807792,0.3224329253262859,0.41023615647719275,0.3411086947553294,0.19247206948103351,0.4161310109116825,0.37769762548842795,0.35358983539312927,0.3367423840591241,0.5032960664478195,0.37361869905762124,0.42882738515396446,0.4028394495760431,0.4193115877386285,0.5448198881796984,0.3641471737477678,0.3111589667426934,0.4094222878511187,0.24303613717273892,0.5345811113513865,0.3323764417098369,0.5877015741673887,0.3776261462082043,0.3348962226090534,0.4316350084768904,0.6167776127583585,0.4829217719549497,0.24138421824996908
28.0,0.43873747116425216,0.6571971304301701,0.6317283721423645,0.28097145079853403,0.2214983959719546,0.4062990347294534,0.19283933591470853,0.29201585954490006,0.34840994304619954,0.37232093919623754,0.39086910852544965,0.32214653219267864,0.3533367179152995,0.14718789228946763,0.17872593221238,0.38452192711461786,0.4460169142342316,0.6059096899493653,0.3309590427694973,0.45243037563225325,0.3976077656791602,0.3237601442741208,0.301765855124737,0.3005588249252527,0.31352417463362947,0.12641161063162865,0.23011932230060644,0.43430517984169925,0.21454115091400935,0.18613085450591418,0.5105237794947656,0.4314120614333473,0.2837305095367472,0.43027454290812117,0.2950093639453423,0.21696905939466804,0.43380027729841275,0.360323652372663,0.41231001064184103,0.3327003659894977,0.3945560486492964,0.5099035052412733,0.368361662005681,0.38040250614097815,0.4542913771459891,0.36980851853816366,0.2588628168606858,0.26895157521980845,0.20003513068692408,0.24474308090743255,0.165945075054368,0.29922540453636753,0.22980162308385932,0.16800509202779398,0.13795963667867342,0.4439353398908907,0.4079385243727788,0.3824141892613869,0.383300093707456,0.3793459722794576,0.26291809641939595,0.32028784101557656,0.5950754787036545,0.35304074740807045,0.2742882906093005,0.35544378436676743,0.26144570824271995,0.3536177771379065,0.4479287116108842,0.40937573777720915,0.30244957397665184,0.3815258529020264,0.27565655628046226,0.3833520453567661,0.25258440131272036,0.3732606658533566,0.17785990861628687,0.4064232986586964,0.32164275989927077,0.4086661716084089,0.2560021259644661,0.32142138690963806,0.3538649021375908,0.41672874112988584,0.29238972733314406,0.2494888646842133,0.7019458820498441,0.34520238106381357,0.41792013184183063,0.28791863036501375,0.1733160062943121,0.3555184966525914,0.18875422125567987,0.3474881419081281,0.32980516842294477,0.10051922181556722,0.24468929468664255,0.52448851346971,0.4280887888669143,0.29611391896704575
29.0,0.41793998730415105,0.5630592058735128,0.4947891250729327,0.23407927073824164,0.3349796872121547,0.14997836575768472,0.3446620638035798,0.1557736169309924,0.2691841348657325,0.5111114215749419,0.14236179757582185,0.27663964783863326,0.33583764469233623,0.38914967850681004,0.22316077016920383,0.35581899727128596,0.369098345680322,0.4377123687412501,0.25541979249064267,0.29321829122391363,0.3748035790059937,0.35223511225951143,0.35434860837667687,0.17777290784378863,0.28718657886960014,0.06940115631464487,0.4489373633432935,0.18492971940805175,0.49488959363347634,0.35995980598431143,0.3745911349210559,0.3580048720977317,0.38206041478809744,0.3736208393470813,0.2834860383335148,0.3063342089099724,0.27438653662547074,0.13682117346487738,0.38895726845137746,0.27577595961739065,0.4196200933033267,0.16697859059147366,0.42383312474942453,0.44555339287869455,0.45647776899102943,0.20848752902007023,0.24599831591789106,0.2785091674180943,0.37682207959829556,0.2802098901407483,0.2360749836453968,0.23552248633016537,0.4149680611649529,0.14589435613941,0.3475739935288813,0.2031772131756219,0.38936922964089277,0.3098386588497383,0.5810707009985638,0.41733630755052237,0.1903750655657514,0.22964886961697814,0.4480515241402102,0.1935111739042148,0.28052534189960926,0.3634562138651673,0.1886415070987818,0.6068702102622432,0.3455797216757876,0.35812147655709253,0.3574607754733995,0.44766579553616087,0.5421202981743745,0.42348624150592,0.27403536572428794,0.4877569882777277,0.13478813527214312,0.4528415794460986,0.3140307140843143,0.1487773829098817,0.2304240802623023,0.188126558107463,0.16143698236733828,0.32305203415901973,0.36944120299156635,0.3066023194935429,0.48656319949079707,0.4208680146123788,0.2726742575599521,0.31061369543308753,0.24604051619645956,0.36245940816963995,0.2356284784227286,0.28707907650073156,0.4075235594688731,0.14169827083222827,0.18691764352269305,0.3016396152690112,0.18526270848868903,0.40640945738078815
30.0,0.19692680799401213,0.38896031985659635,0.2977657180996835,0.48508603847309895,0.3438829364026946,0.16669934187172822,0.4722984595100438,0.03900705458017291,0.30180169118711164,0.6588447461942397,0.16549473411246074,0.4880969770165122,0.3970229907412318,0.16778433645775712,0.19883661309429093,0.446001982644029,0.4094444518113827,0.37506160099911756,0.3809032317111854,0.3413687476794144,0.2787681889708093,0.4324608815573117,0.3799366774813322,0.2374734053525227,0.1546338550345047,0.17368190738874448,0.5313571060750721,0.16093997713302333,0.41136930220895634,0.4699297194080517,0.33341034520210244,0.375094452569125,0.27481157476516305,0.4990425611182255,0.25189122199826725,0.12399898908271738,0.22487378425425414,0.2390186943427807,0.32170583667792335,0.32815697651625036,0.4500027783881813,0.11647605563693189,0.40249731843443715,0.5901715149540427,0.4065367669159638,0.15501195969821654,0.21553847530896939,0.239373872858431,0.3685565957672519,0.19695201344739877,0.22814671405081416,0.3363370796670537,0.6188758641418696,0.30871286747340954,0.5670182906345584,0.5685976369808518,0.4026391832461216,0.2511476563255653,0.7212017981223147,0.4684880264098424,0.31718967017725835,0.4753968815258796,0.49179547021694153,0.3726844730478104,0.28189607312717696,0.6311108753690836,0.224734713346663,0.16264652840396754,0.3956972124041025,0.5239136089338974,0.31034255000467276,0.5419968528439328,0.35957043873555833,0.13193821938153077,0.43968500712851744,0.3243169695054875,0.3523618404380087,0.5447798894823241,0.2537808774387599,0.12803570481393642,0.28525197875964325,0.3320992238193745,0.4983902748555589,0.19969426284941388,0.40982061618432486,0.24069799755084534,0.23650811541929667,0.3414655492494562,0.16074836306629656,0.3385234422182331,0.23885228572944056,0.16920794467471387,0.6075142771265404,0.38076247180567446,0.33533155966206657,0.4725927792216977,0.1973565215085132,0.25134647005781574,0.40044192324549777,0.4554480719248926
31.0,0.13891570454451693,0.389818979590634,0.269389045067982,0.5645255397019042,0.4751624164343626,0.4797058528851877,0.25182121766650756,0.03903976378648844,0.13410435040480653,0.6580225643007428,0.4582825014586538,0.4430115012641666,0.29931926889463684,0.5904188546473593,0.037303523753956035,0.4025088845276614,0.3529815860661572,0.4008639038607743,0.37033067431700795,0.3090481999833296,0.2841001618244944,0.5040588347807358,0.2606190732980899,0.34135863655651616,0.1993313398398133,0.07715129333969836,0.4771088597747485,0.11542062271256563,0.29539293775821124,0.17715604501494012,0.19797033186583918,0.3062569617567495,0.4158205211751066,0.37836852586759756,0.3451724988708491,0.13107750313831573,0.25414561323804225,0.6036174614119769,0.314296133241394,0.2934776958574232,0.3190312770734985,0.1945710084454581,0.33560050861342433,0.4780586265164316,0.2825743913435528,0.3953468312482793,0.24391907123534715,0.32866978934183094,0.36650362579657647,0.1954828746811455,0.8965435798605587,0.37382261591140814,0.3734448761470323,0.23811167689197715,0.24143571314910095,0.4991518001850575,0.3810705738827648,0.3541326866634842,0.19047587475026073,0.4719633650089015,0.45447740412666415,0.16067618548772078,0.31141374493891333,0.47780449142964393,0.14671272476528935,0.24488993794091124,0.17111811083592765,0.17867890167789385,0.47898532947895117,0.2571842014533496,0.2490349310749247,0.3207485796941056,0.41194107038667577,0.20748598808324048,0.21280138144828115,0.6257869261942518,0.25928482867448155,0.191277110720896,0.38116321009918847,0.09684435721989426,0.348864226112659,0.734063740715202,0.39876725336963764,0.23577679944836363,0.3048229945720398,0.2653198153697909,0.4230782899273325,0.3418927027528775,0.32436914451182736,0.31558931009165075,0.26290687600558704,0.12870763273749533,0.5256178756443964,0.4037408944641878,0.267446056003138,0.29461862833501296,0.29094187043618175,0.12067391278723691,0.38010908225628687,0.23401038175742467
32.0,0.3980768361848296,0.3329918845807033,0.2546113740674755,0.5243896274894618,0.2401048834891557,0.34667232447532664,0.8340415171178178,0.03930232146961579,0.14418231744386728,0.4279001573578033,0.23748360119521209,0.3448999606605492,0.3637744656022914,0.4820414402337702,0.037504199154864824,0.2751318092611255,0.3551639196066453,0.4199282165526263,0.28112254459944486,0.17986451568905287,0.31921479455466667,0.49051503739457913,0.3285342925552357,0.09653143493646331,0.5725083541080995,0.7771265404268108,0.48953128591382444,0.07729273855619793,0.07596668965151435,0.4188906716879717,0.29401929024623913,0.20787308385933273,0.3610247705935395,0.4000150570714337,0.181600806237734,0.24399565055959263,0.17947143690659312,0.19615136406230665,0.14790010684165464,0.3553049533609657,0.45243999312980376,0.669032190573855,0.2674049443943492,0.43760829399388246,0.43233992821655254,0.31151598330946445,0.11524956240386144,0.5821372372213086,0.3997713302333257,0.12009442941589017,0.20924874909386657,0.19719047071789342,0.3022028987429056,0.4607490408246256,0.18716075248855177,0.19224093889845814,0.40902867150372085,0.22432132817058292,0.2331668291926606,0.47932577553460176,0.5937301645184675,0.17998956841528316,0.2711961930704392,0.34958707258076066,0.20960125709436164,0.26437869723372237,0.21483819256587522,0.17367991831538743,0.6147877044816523,0.3165084248307077,0.37642550257253476,0.449024455763864,0.2782130504973023,0.2545025990558532,0.1554588129210205,0.444593104179889,0.22770381371664988,0.25640449474322063,0.34090860870948925,0.15019360314008381,0.4478621881574992,0.4769176140549397,0.3228187855568113,0.10708220619176437,0.34000309931430267,0.32465920543149634,0.4404613513574952,0.2628470933008009,0.3257754070970137,0.18644910624303823,0.21235844427942502,0.36034292361368947,0.38570917095422463,0.3503572333652427,0.22829374947348052,0.22756590463056278,0.3890826393677398,0.13015479410880673,0.7113850658812295,0.1490901410158292
33.0,0.43503598012694705,0.401313181319016,0.3998675311145474,0.6766523306046193,0.31963001195484086,0.5155504281664574,0.4170490107675171,0.03940575328418112,0.4616387312364079,0.3534370369060692,0.23055481886171958,0.15534231952474406,0.08695344684311955,0.20269696246397562,0.03761558726285824,0.3568738635080862,0.41122357970339724,0.4144375784578935,0.28516675801670227,0.24188531739717226,0.21850050389858378,0.47433754385433163,0.6487055868334709,0.1671000952229404,0.2808135457369001,0.5460863876659771,0.37315243500466005,0.9691980940257074,0.4328373910429817,0.6302980073905126,0.42767888399724174,0.5482449742746512,0.3589417517718053,0.18766936591288153,0.33851928959140015,0.33930806768153604,0.2926476776463516,0.4663897434537385,0.10661678002684738,0.22362488728584307,0.604417068901501,0.43839950317367704,0.12401112916680727,0.3883357994794571,0.43186237380434583,0.20587592670417681,0.03851774253434466,0.6319416450078678,0.47442422956558633,0.25437154122244027,0.21003885323290725,0.23649028742846703,0.5738203689952085,0.607966901819339,0.2116349188458071,0.18104623698522,0.6208485000176805,0.2166574395763715,0.1491397810251242,0.4347335754927827,0.16290893874832774,0.9566684052641198,0.41399048658983506,0.3028559515179682,0.11513552219805867,0.1814307846673385,0.22046555121397324,0.18109231068441806,0.24154710125709433,0.3420125444226383,0.3355440388641533,0.22001461868459166,0.3123950211283793,0.8048005180431056,0.14896833395215617,0.25243601077341066,0.6467538322813345,0.277084106861861,0.40202617115376355,0.13845055605650738,0.7079140205963521,0.45347690022808046,0.22382141453376797,0.19505421645664575,0.5057516424062862,0.3768169730099646,0.15553385465998842,0.38025778390707043,0.22946247029018996,0.3779489485905574,0.25387942974003547,0.39418996772600956,0.6898026839229829,0.41036907841161185,0.4459449424494775,0.3237601442741209,0.1134965257518697,0.16940805176894924,0.5611780618469208,0.12958149896568186
34.0,0.2450339836866517,0.5009333616223767,0.32270562598348623,0.549818508106579,0.48949516686746836,0.4095502042115314,0.11531188670238159,0.03962057320673986,0.06589457469191463,0.3990643497154397,0.5465941759932106,0.16770907711076385,0.29410211334308284,0.4713967232929731,0.03773935182729539,0.3640314334792667,0.4246920725007766,0.3462438928081001,0.3445711557842253,0.3071553598896727,0.36477218479817536,0.32960523524107577,0.3684548878162626,0.3871988150034084,0.30752311745257166,0.0912835858719803,0.16066697539805266,0.9341079300671274,0.42231430895171407,0.1633571432781108,0.25501653140967834,0.559652309977192,0.16836268321575695,0.10860340529358722,0.11107692851712372,0.11829185010343181,0.2577572534875086,1.0308372672784174,0.10949053201082054,0.29250621635653185,0.5368379332496449,0.34371983238741843,0.27508442511359815,0.22778868084654955,0.5450735553561998,0.1293747090059348,0.03868217259852543,0.43836100355381097,0.12409948650334793,0.12293993882494386,0.19148588199932812,0.3650493290192543,0.5233794476885761,0.45158794356335863,0.16628847751905088,0.09966436228834785,0.5206221232105708,0.11161353630721903,0.18393348096677803,0.43556538936584555,0.3120498063968599,0.18409360137201858,0.5680581339839813,0.4610477238686277,0.06432663236620166,0.20461465018829889,0.27514772184798175,0.03905169822663059,0.49015322885108,0.3482787885217206,0.33468398781213715,0.28252128624217954,0.32877968139464986,0.4003370058573474,0.17921603988755108,0.22303884733935653,0.37359257098290666,0.3342723366910499,0.44588441778875665,0.17051729167771706,0.4732708322282925,0.30389504764935726,0.14817971372498506,0.07628936155165401,0.4851931339227791,0.25113934121890413,0.16946706094520764,0.3902998742593627,0.20974875793419262,0.4510900121996499,0.21446418783924748,0.261545742056967,0.17727163227779835,0.5195393469814871,0.548587731915553,0.31881162443937594,0.03792897682066514,0.42435642426492687,0.26313208331123245,0.42086564472497745
35.0,0.09086551212008698,0.5349142436373053,0.2847482717162609,0.25521800243993,0.5188650857443622,0.4940050655068159,0.1798299121271592,0.03985793596067823,0.14157726886967592,0.5882247089904253,0.6617144633627421,0.3230366519917255,0.09179865273431281,0.14871196449725066,0.037822892908290454,0.41877331635990733,0.3169062860301444,1.272849885370439,0.1384442794250252,0.1793039127283014,0.14133869057090825,0.3390343964456838,0.346265846284411,0.2874294492869786,0.1387561661274068,1.0990912144839902,0.12685278499737737,0.8650258761543125,0.23065825067628495,0.20393571314910094,0.756665047491162,0.22240196776351845,0.44173482558036725,0.4165856303447137,0.08620544475680263,0.34155969872168895,0.25501051998797714,0.7139622749286993,0.058168461252851,0.3099694767652122,0.48789361551654037,0.15316041655616255,0.06338661103154818,0.14462561219257764,0.3311280698032143,0.22075740698771512,0.038701179299492565,0.46742546131768,0.3028412807864353,0.13099188458070332,0.19208481408794356,0.10603926872823068,0.7251344466250583,0.11447514984352622,0.11356680634381795,0.251967288267877,0.309952991566329,0.11194372248448521,0.2915550575505224,0.3886832680302293,0.13920743530354732,0.43558319630827996,0.6363142528348621,0.364356468466557,0.057953641330292245,0.12836448074871665,0.37551592142718226,0.03920949804628794,0.5301977328352441,0.5978056950740344,0.4168589437578457,0.3808618192748039,0.16224690146572607,0.1016848398511794,0.12180101752152624,0.37475209864687176,0.42070492759772976,0.34996844003606853,0.7459104651779558,0.15206067999787828,0.29979850371167405,0.11977770368742627,0.1693847133082268,0.8984463127000123,0.372301534680599,0.32561528669177325,0.17603859096990163,0.31243098045455914,0.09018405558797007,0.8194264959037142,0.1435679997878322,0.29694929188988484,0.11987896488622499,0.35843101893597834,0.47168752983610035,0.5287145281917996,0.19027475733305044,0.18592054314963136,0.4139560016973426,0.5374106022030092
36.0,0.478537376094794,0.39596610029644563,0.23516151275659047,0.18391736687249027,0.30991354161141466,0.576864424759985,0.35421519374205945,0.24889230714828767,0.4117187361869905,0.5911201871791699,0.5147379486264543,0.3019888322572245,0.6010832346163593,0.3282507141720529,0.13315365370674873,0.2887600076509003,0.2155720869652339,0.3336505242313335,0.36273938582854937,0.656424706943192,0.11629714103856151,0.3388595193612962,0.15474813911137045,0.44013287010024926,0.3096943015258402,0.3158577768348097,0.1300420799519086,0.4915722673591332,0.1997848117305233,0.4362950635619442,0.3951539542778338,0.2132000801522893,0.13188204647654075,0.4299054969147263,0.16052006164654017,0.27190997453986104,0.9053413249880655,0.36777595077706465,0.05841643239802683,0.4554780185293234,0.5112121678247494,0.11563279053731501,0.9400880496472709,0.1362321744648165,0.17266617314585692,0.2721374533181673,0.06487988943698911,0.3272258920909003,0.46563168549656114,0.20922983079615975,0.23170582931098493,0.10326915256634664,0.42035945696203586,0.3605734719496455,0.18088699411234285,0.1051303358734537,0.4071319129340399,0.10007484809373102,0.1692010408010514,0.23371280432822358,0.5670099238974219,0.21277839660059997,0.5418303280068447,0.14985573692957796,0.051694690500185644,0.1701879453314238,0.24412486665841573,0.26757439134355276,0.24616785127035481,0.5396479536609754,0.39919641436376174,0.4520333381323675,0.41036093577797816,0.28619742216092925,0.23234712129516671,0.3514455160884111,0.4324494112342863,0.23167400413727257,0.3368236413892278,0.12402192842872044,0.40213441252665777,0.25750322671900133,0.2321487296451493,0.1445061793878958,0.0990535799531715,0.40778465297300165,0.371322777984052,0.26552293248575004,0.20718961615304368,0.494194767271438,0.4794108806732792,0.33983252002333836,0.5771428950299686,0.45155678141409833,0.455599120950126,0.34633745292526386,0.8675803143619936,0.5057413497409785,0.47411070338455896,0.6906320672379123
37.0,0.1932672076946198,0.5714499608078879,0.07217013796802159,0.2994523016190655,0.3326186609762168,0.3723414377022224,0.8163634434837955,0.23213900528651493,0.1313887562839984,0.5110651835125393,0.2656964408847398,0.2291407596001029,0.154044449159285,0.3873608498681431,0.13396121748970102,0.32251189023851196,0.16851546485034363,0.5151143054155836,0.7635572293239508,0.20196096112024609,0.7019837691614067,0.2938318835198642,0.28755644548170933,0.3451161618840502,0.471406296964232,0.2379700843367103,0.4166761384445573,0.3526348591736063,0.2646197775773971,0.6577441256033522,0.24316705942972316,0.38347976701952197,0.32658551247370005,0.39126733651079915,0.09706677982283986,0.17271720681058716,0.47392987853392043,0.4601749113757314,0.05878706306688589,0.3744282887486224,0.33445624692029946,0.15470216941600806,0.5770832228292581,0.21193267207694613,0.3518070363101658,0.22646448841033257,0.03917944093778177,0.1906946728195336,0.32450781484821156,0.46744284729220803,0.15517247476086918,0.07783818667232445,0.37346633343837715,0.2995102459378702,0.15302073940486924,0.6531049435103167,0.4577578944111457,0.10364342986969359,0.11760860340529358,0.18640976679219926,0.34538269771389163,0.30053903887975386,0.5287350745828838,0.3319958723714094,0.038866493396276444,0.19433909722590564,0.19404073622235188,0.2369649392669602,0.3203269571318632,0.3311275419837483,0.5060041600048496,0.10991836360743162,0.38420531094641314,0.09996640676108133,0.14206459184214712,0.30133842536112726,0.17597271714653562,0.49954676753478666,0.45513675984370305,0.1529800739051256,0.35499301614243534,0.07712388832900156,0.11669893385668062,0.0775040223483442,0.12724670571564964,0.29826977138916877,0.3144675250623243,0.5706591279086372,0.42313056572193053,0.644238086891949,0.4177352410756909,0.13450114040205802,0.07735550487101965,0.3209648331830478,0.4715429905054897,0.1624614119768737,0.581975989674499,0.05852782050602026,0.2455706177872412,0.37152673412817677
38.0,0.18253332802913771,0.4829341631452701,0.508140045919179,0.4170696381949234,0.40790733162239023,0.34947621068264995,0.6583080401782996,0.13500798576118153,0.10393628145577435,0.5173381126927539,0.16724697092543056,0.5075743913435528,0.48256024682190274,0.1912758611109006,0.8074988065559856,0.3678878693046199,0.30698562562987314,0.9756875563570784,0.4482913859863152,0.20696750296150918,0.36496932406867166,0.4426083823971428,0.182305203415902,0.3512817490486827,0.27986733617402476,0.20725437154122242,0.4693155230231559,0.3763223827694765,0.23458600753195774,0.5398793000819203,0.3724273767216535,0.23439417245708022,0.35246531434936473,0.7316738567985054,0.37062160752488554,0.6541027953110912,0.5994490266801039,0.35938081374218855,0.03938365246910306,0.31780163823870394,0.3551484069732491,0.1552732544776251,0.43462247387683656,0.19367828285507172,0.22079093134097638,0.3196008887474437,0.039370833996357775,0.3371279548789759,0.5427879988785416,0.5274246804222139,0.27365892254106333,0.07803797804063013,0.2583917678883997,0.2079689461447338,0.23100037129369325,0.14585565515656215,0.22174678764652836,0.16408882759596177,0.13802378931735002,0.2872718753867642,0.4908762531162149,0.4418602698067504,0.4781720563187704,0.312675259463569,0.03910960236213511,0.20859397561248724,0.19490045792888838,0.5876339751410031,0.41677142453013666,0.41053015435209245,0.5209241922397654,0.37915274315316744,0.16276299969942895,0.1006161707243763,0.14278563093406885,0.6072172941738091,0.1612618807667341,0.6290133606794085,0.45651954399633815,0.15352110185823653,0.5534138547450682,0.12883449141604345,0.8325748333598544,0.07799642850828337,0.10714176788839971,0.4443856983731274,0.17827047861525133,0.37166080794150586,0.08865255750632084,0.39902040347247997,0.7265268127088526,0.05141297877732396,0.10384200569316994,0.4757697111142186,0.35002779791407596,0.1552007638041691,0.4855006865986551,0.07855336904825048,0.5441707521601967,0.26565227943788383
39.0,0.30240744178645307,0.5381776712652435,0.10886297936667903,0.21253072013295854,0.5665957230502661,0.18883960407126477,0.37087355681677536,0.1422426139076009,0.11530658250676284,0.6150385880231262,0.8460146547347523,0.10628300914594872,0.37978270478615245,0.3683880549514666,0.0385822769143726,0.13997575786150548,0.3604615313212751,1.4598781803072893,0.40992170591251403,0.21658577768348095,0.1574656553333687,0.4801049094119162,0.7152829346346293,0.15464028713378947,0.21121810852384235,0.4906519579714826,0.23218851111228983,0.2262163657167105,0.10797198500680703,0.3743585238423593,0.5310282183206916,0.2069487488412858,0.7869419544192789,0.16731075808742493,0.3216012482540356,0.9917863425803145,0.3861186253882377,0.5048104634098906,0.039571067380965004,0.3778166015429317,0.3587842132249416,0.1562562987322972,0.3102388656093637,0.1950617938789582,0.46487031241712196,0.5443782985466504,0.039565763185346256,0.8712039087501546,0.6588064012800792,0.7067257200445551,0.15711381035732597,0.07835799784296044,0.4424942316872646,0.3133168829599769,0.23170317721317557,0.18978710284835307,0.2243201449269449,0.09514621899255646,0.1585194221962906,0.6721002748359136,0.3847564048162096,0.4442670485687511,0.28132901041390407,0.2551835251684082,0.03926032992096748,0.07838982301667283,0.19577565020597956,0.6916140667267808,0.34597017756196663,0.4450903240220589,0.3113456744284729,0.21463344693152284,0.43436028454062714,0.04044051344613589,0.19135106702735197,0.56257359571421,0.17091112820240809,0.7699146024505383,0.647918152332569,0.15397903074665392,0.3189876697097034,1.008586608674128,0.0784746901465726,0.1696262604831533,0.2345992680210046,0.29048447706751424,0.3068371081525486,0.5459574451962931,0.28696361321805547,0.23137553262964336,0.7307342774801533,0.03873919270142682,0.09783257306529465,0.4055099478925924,0.3524352888134514,0.19439213918209303,0.3640105227080774,0.07896090807828991,0.7342696896161531,0.505173579801623
40.0,0.13737866652522143,0.38978364322076203,0.3694239643558054,0.2930466415601407,0.500558413927639,0.2551461747909263,0.4416092676926496,0.1429991248077229,0.057959608550363334,0.5484646809329884,0.22323915439334735,0.08829198270832227,0.09072561396064285,0.4303777176635608,0.0386415070987818,0.09486766031931256,0.16111862538823762,1.4709807457699036,0.16113951802542475,0.7637246061634753,0.4581732350289079,0.47384578493254825,1.2187967432238902,0.12944005374918227,0.33430267508265704,0.34599240820001437,0.57021045869505,0.12584727158070927,0.1083244930073021,0.3849917784967909,0.372613680278243,0.15268834314609522,0.8283409065459668,0.35202784800925674,0.3748837497126894,0.7521389168832546,0.33037423511088176,0.5725346657100503,0.039783677222015944,0.3271968841639451,0.42880225369378294,0.15729945720398164,0.29217167029120034,0.11728769957036016,0.3359056672919188,0.5001985583754645,0.03966610088580066,0.09886008907119606,0.5800292954804174,0.9547958768719389,0.27571960253894157,0.0785542530808536,0.16774120829576192,0.7206562566916357,0.4261554306122809,0.06009521031135627,0.567098556776592,0.19136874767941445,0.17234038791350625,0.45659841934970563,0.19466618928906096,0.4456819427500486,0.20402843456866687,0.19710832935518663,0.7606396270561123,0.07878852172068104,0.19654033840768045,0.37383499236785184,0.3536660832051486,0.3006061516882076,0.6585566068176594,0.13417007019218868,0.48257129722944186,0.04055720574974805,0.24998607648650079,0.4829229341978133,0.42614943181961684,0.4522969377110628,0.4725049063809473,0.1543998302657402,0.3248424861908907,0.058490028112236775,0.1183763857211054,0.07871072685160627,0.23511377499602182,0.16784685019183507,0.3087289379232306,0.6340520027267493,0.11530923460457221,0.16491816918207947,0.4795365740361231,0.039005728531268234,0.039298343322901746,0.426533419552513,0.22905645339147473,0.1949711805371382,0.6654801589082604,0.07925352286992343,0.5284648452380376,0.6031176883136784
41.0,0.1970331865839212,0.5271529730016443,0.6005628130422592,0.6026772927385562,0.4059594943948489,0.7883979561166216,0.11108355876164715,0.30712618681376974,0.1939965345921957,0.3406070799224408,0.18766023090931594,0.4032384324333881,0.09118869970591181,0.35421113350660366,0.03881168337488286,0.09271203521985891,0.11651328701002493,1.4791606994465953,0.08551895660578629,0.5342571474035962,0.933971162856486,0.45920357502784703,0.5688686150745239,0.23355168938630452,0.18729910359094043,0.4470751441313155,0.7538714734466073,0.3056927279478068,0.138370330097774,0.4830740907724677,0.1386479605367846,0.17857989002634417,0.3051570778596981,0.4709401142714143,0.08922087996605314,0.7057934192613023,0.3943563760449666,0.23068690136928616,0.03993573082975299,0.3823927226436111,0.769950405770965,0.15801021941689206,0.2423753956045899,0.7868243780830637,0.32503610720663373,0.3747028236001344,0.03983406708039391,0.15551724747608692,0.4763060108323462,0.6050274302687709,0.2765364486642267,0.07886896868756518,0.23778708958786396,0.3996003067593132,1.3890760091232164,0.04019077423575381,0.4325024230529986,0.11546438232642021,0.1399684400360685,0.09824143814423875,0.1775820583172198,0.44713573436588333,0.4812328718683145,0.2854336179918315,0.5302404568680492,0.07904842730599904,0.19807413497409787,0.10064379674322388,0.30260467577472827,0.45662742666949546,0.5978677133612686,0.09610539436694426,0.4267972382821479,0.0407844021287505,0.2125137025053484,0.5357187111394002,0.14435486247399468,0.42146902644436196,0.7397063243692426,0.15525557382556268,0.33214115222283686,0.48395604589897273,0.1782448416697608,0.07910412135999574,0.23582453720893226,0.3646634487879913,0.3101964320444138,0.3149519801909341,0.19297105677257378,0.38291297583054856,0.46149761753213453,0.039215686274509796,0.03947117169681218,0.3764473767125865,0.4552007638041692,0.19601654909033042,0.34617635098382427,0.079481603281529,0.6206966498379004,0.400545602821832
42.0,0.3561953004826817,0.7426072773563888,0.1600399582736611,0.6640892696122634,0.37474937675701486,0.4025518485121731,0.15723403879135062,0.23244664863240158,0.19492697890698207,0.3869057090825509,0.7574128098288709,0.794271370505922,0.07853126823317243,0.12576531965356028,0.038961968917413665,0.039881804840962536,0.35576190349900105,1.4845356176735796,0.28889282493881224,0.6071084430165212,1.2374047454870136,0.14861480931416748,0.5773927605307227,0.22119276625588613,0.5703736048071167,0.24947400060114217,0.2086411240179871,0.30655686981735897,0.07936402694531373,0.34932106296080195,0.4018854647359395,0.10580466857617707,0.18966894241916782,0.3437277886808466,0.11928605526971832,0.6768768896196892,0.17382512067045033,0.47150148750117477,0.04006524160611042,0.5029878337468643,0.5892738556197953,0.15857600028289037,0.5768861940628369,0.11859650983928287,0.3128379214625435,0.4905499634826533,0.03999275093265439,0.5999042298013284,0.4402359704025885,0.2710849142783053,0.2781206350890221,0.07925705900033592,0.42911950352729006,0.693800910806162,0.6953011899078838,0.0403560883325377,0.38183597153920174,0.11612342863204796,0.12049673791969447,0.14167453455683446,0.1491086299262717,0.44840962534698275,0.30770688572994576,0.2545476405169822,0.4539431642810415,0.07941795293410418,0.19900899945189982,0.20223129829028094,0.6752130518573525,0.48781576539542776,0.5290248304357463,0.19277214943687124,0.55820780070369,0.04088783394331583,0.18095410692079655,0.5215589030923461,0.15796071359111724,0.7534207641577823,0.7427801057302994,0.1558496437348609,0.49345159163755675,0.33966241741662095,0.07951873265086017,0.07936402694531372,0.23607648650082216,0.2786281329484002,0.31147297512332256,0.2748750861931788,0.15495677080570727,0.3375436017508897,0.29844472664151844,0.0393102777630439,0.039665216853197544,0.3295218120310944,0.2522546146501883,0.19675029615092204,0.2962276364307871,0.07990240280061527,0.5702192722322144,0.28958318382781956
43.0,0.27298098003854376,0.7180159950965657,0.3329177117194938,0.49990889552895595,0.44602905183714614,0.3301235582901631,0.21684347318729116,0.04112475468095263,0.07818737955055781,0.6255539095710421,0.6391454609345992,0.5465016177796639,0.06557901188729173,0.08960038779563523,0.03914717374776781,0.040000707226082496,0.17619211796531056,1.4884996198659803,0.17890720309765024,0.6340644724977457,0.22009870224013864,0.1176324722855779,0.6576090650667641,0.600168555549662,1.0015573118336603,0.22159964895868992,0.5959642143602254,0.4958606646746466,0.07975034919287824,0.19964384536501706,0.23275871214130378,0.07726091338248553,0.2223624887285843,0.1577437818128955,0.11951678777913326,0.9305547083576441,0.5038106225357591,0.4227165122135418,0.040207570855213134,0.5267716013366573,0.4184925476051557,0.15930267508265702,0.574897599556805,0.11889752294064604,0.6506396673804067,0.5038730099794652,0.04009087855160097,0.48180539348291157,0.5086588783394332,0.43831087890521403,0.27904886932230055,0.0795523258897788,0.45786302798847217,0.33399083258190554,0.33553513708131,0.040554995668240244,0.10491805017769054,0.11655837267278417,0.12077255609186867,0.6630117222723173,0.19700887568733536,0.4496348945349104,0.1433533124701639,0.2553397337293799,0.27383793914319554,0.07956293428101627,0.1992963100479146,0.040565162043176145,0.5836024007110836,0.21098911461188014,0.4926284941388637,0.19320090524938563,0.2533792146254354,0.04098861366007178,0.1427146873176683,0.4571159099347583,0.18502596109077832,0.3100851323396807,1.4530410721547409,0.15649675560034654,0.31635478926989136,0.33533226705400887,0.07993599603953393,0.0797423928994501,0.23659099347583937,0.2691641692745628,0.3123817606393323,0.6079119877941098,0.12940321905738547,0.4263736661153519,0.2004041011254717,0.039491946462985546,0.03971870082568645,0.3811084969004133,0.5343411305008927,0.1973182870984282,0.48816280344419105,0.08037359217807952,0.4237698686327551,0.20065109001219963
44.0,0.6013625889189459,1.361316854965611,0.362393253063173,0.20609352622924734,0.4154312311038031,0.13919955267950282,0.21771866546438234,0.14414858819993281,0.06539778520365164,0.5889178935776292,0.7110487600237242,0.25098628570755027,0.06569246273802577,0.07722908820877313,0.03928729291536272,0.04009397266571191,0.6999297194080518,1.4926819781113523,0.6084604130200321,0.4819270754705433,0.18702475880643812,0.1180276348591736,0.20551474271704473,0.03925060556233313,0.10971021411269649,0.6414159451978366,0.5751164081502754,0.5741546438232641,0.08003942785409926,0.639927553528174,0.23349864743011722,0.07751109460916919,0.21661738184904256,0.27429005867450673,0.12011085768843154,0.6636534415389238,0.1295210900711352,0.49939184871423764,0.040338407680475245,0.16910493909015364,0.47308289110654783,0.15933980445198817,0.4191068913288188,0.11907123534715959,0.49180796454439896,0.29227624114777356,0.04015497091532735,0.17322583496879362,0.4772474117936379,0.5355534044095546,0.2796893509432628,0.07969288707367526,0.6468371081525487,0.5629144344843438,0.1664768943345297,0.040657101433900875,0.09095870389033281,0.11694160080623776,0.12119954383917678,0.0924510982631706,0.14501611886113028,0.451025477819622,0.3510901595384171,0.28069493802931444,0.2799492565285807,0.07981930373592176,0.19977810781661628,0.04070218709666012,0.431928299515686,0.1853126823317244,0.5242432957177461,0.19425732421011688,0.24596237052079625,0.041108400077794864,0.1794975158683852,0.3014939168734321,0.1791001432132817,0.15928322636538833,1.4585852826252235,0.15718983716119447,0.45352003171350636,0.3987140482883865,0.14018812213794446,0.08016761258155199,0.2371718028960908,0.16154895281426868,0.3132693293728673,0.3540287470563818,0.09738834668222562,0.6596097984093652,0.40686849130995945,0.03961880514153361,0.039804009971887766,0.2836320732080027,0.3540515803556169,0.19799899220283246,0.28793500220077584,0.0807484220018034,0.4315251101275429,0.19733733063408712
45.0,0.13604448452058912,0.8623994412913948,0.5350930002298484,0.7101867076857794,0.673527201683198,0.1729399093571904,0.1588164571509397,0.1443775526441415,0.09849449247688254,0.5469217984759278,0.6606731908272776,0.5506633401782716,0.11851031666047843,0.07754910801110346,0.03946100532187626,0.040253540550575506,0.49615604943510305,1.500341236584805,0.49268242012765423,0.48922353206386254,0.16062872398734065,0.03955648084301348,0.45607605430710507,0.07875669654696864,0.46021146059866685,0.3566082542124154,0.4447237294111407,0.6562317668275606,0.08023745115719867,0.41426209798617364,0.13701665517424283,0.07785321522657754,0.07915539525097684,0.15423540020155946,0.12056038826711926,0.3883809139325503,0.15614314255909756,0.5358761647129546,0.040486483141498254,0.34196193355610954,0.3309383416727076,0.16002581375201116,0.5197533549037288,0.11941733411128203,0.5585435857541091,0.3145494085821885,0.04030525645785815,0.15811099913364804,0.32186636963171206,0.32071995615198284,0.28065780865998335,0.07991124312664649,0.13360237392221694,0.7147802090941114,0.1713999245625512,0.04082462561219258,0.15646139429622163,0.11715907282660586,0.12167294329814884,0.3971649074417864,0.29717750490638095,0.4529022790360508,0.37627895716794035,0.3622182146077548,0.04016204317615233,0.08001113881079933,0.20027758623738043,0.0408118071394473,0.5627276893971849,0.1492368588553546,0.31936997036450704,0.1947766933644513,0.3435626955922134,0.04121006382715394,0.1302666242331017,0.2040908608709489,0.17980228610831167,0.341797159701472,1.463180926112555,0.15773440124471788,0.3469314912619692,0.4374979127007982,0.1406445039693064,0.08050531303594477,0.2379011297936668,0.19135214049551288,0.31509043653529933,0.4096730663260194,0.18233614455701125,0.5225968038964434,0.11865883413780298,0.03980489400449087,0.03991318799837337,0.2765641916873894,0.20948197296789026,0.198584663802401,0.573912197881858,0.0810003712936933,0.53866467805859,0.17365472338619847
46.0,0.15122006699607077,0.4671405081419401,0.18208972046889083,0.15826482080659135,0.47034234794007773,0.13984931664279776,0.15921250375713855,0.04138068211955657,0.09883595006983856,0.9693629661061898,0.14204085802239944,0.3339545872451777,0.11901951943987694,0.07780194133559645,0.03960554465248678,0.04034282784349086,0.7452743546070867,1.5036669672377516,0.3958204411912044,1.0375257899511334,0.22156221821460778,0.0396714050814194,0.17112661114941918,0.039530401881221366,0.0401372902632649,0.35087802854835953,0.6862314522159576,0.15189724447037609,0.0805185735249916,0.5963787211745095,0.23542141834190844,0.1560405947771354,0.07945773440124469,0.12584060450149404,0.08071748086069412,0.3544369596350713,0.2479460975854123,0.6213781184250076,0.040593009070174504,0.41876103812930837,0.25680557765637063,0.16059689881362824,0.08885190685832492,0.11977934546226064,0.396810202360263,0.2432531311754777,0.04045244788627803,0.07919871284852985,0.46820134726568724,0.09048195247440725,0.2814220548453827,0.08017910500539258,0.12037208932265421,0.6662651064887061,0.23781891476157632,0.04096872292650152,0.09152286402989207,0.11740969606959106,0.12200445552431974,0.18297238282147843,0.29819193231846386,0.4539816828444633,0.31024770593539486,0.5243016142435333,0.04028580774058947,0.08020562598348625,0.20112625753637792,0.04090595661167983,0.37015970048975405,0.5690841643239802,0.39919690290809484,0.19569387719019074,0.61829558514118,0.041318799837337994,1.058537102848353,0.3633904418394949,0.2005538464258562,0.2004676532470518,1.466026627062006,0.1582082427199915,0.48047098310319014,0.7408630810304283,0.08059548436146324,0.08072190102370974,0.23927491645891896,0.3951183719655581,0.3155996393146978,0.29425356707155353,0.11767490585052773,0.5959066498793527,0.31713785604413086,0.03989683339521561,0.039971534150179455,0.5105258361928386,0.19245831786276277,0.1994267048568751,0.6122637888148473,0.08127442140066124,0.4307902897858873,0.7071675153379658
47.0,0.09202425785462966,0.7992459201895366,0.22050582381033768,0.14886225003978149,0.47893415309156606,0.08023126292897682,0.15975706784066196,0.04146024505383759,0.0993243780830637,1.3160946975724463,0.4837518022210112,0.45908807616824915,0.09287292915362717,0.07807333934475502,0.03976113439063632,0.04052007638041691,0.53455550840715,1.5087899361728458,0.1967902383512631,0.3949212768966918,0.2223109938294524,0.03973549744514576,0.11515579969589276,0.03962808748386639,0.08046464753620113,0.5679074616771868,0.491455824890822,0.7991723981447102,0.08074842200180342,0.4294314098748406,0.236689121094786,0.07823069714811082,0.19931399069997693,0.11646024505383758,0.08081207234922824,0.3616852789530878,0.33393447550345656,0.75810895905841,0.04078970632436924,0.202639014126841,0.1429294188369667,0.16133241393942604,0.03960731271769303,0.12027926589932636,0.38421948761470326,0.21220688291711468,0.04059212503757138,0.07934015806502943,0.3437560777241465,0.22840146277928058,0.282099665835676,0.08036651991725453,0.49583340700271683,0.4990387618828716,0.11907786559168299,0.04111061015930267,0.05899392669601654,0.11776640322495094,0.12243409536943721,0.2795624922647147,0.07962304849802859,0.455688307784791,0.2707545597138765,0.4175564454817094,0.04048117894587951,0.08034883926519208,0.20167877791332944,0.04100452624692799,0.2876178375276662,0.533071659682809,0.4224806728372141,0.19627291854523593,0.507060263239651,0.041454498841917285,0.2120845488781626,0.7484117470252303,0.2011417281069326,0.2817036192294772,1.470949362612493,0.15850527767464062,0.2642193697436894,0.5177561631806314,0.08079085556675329,0.08092257642461852,0.2397363814777489,0.7318439594052228,0.3167382733075196,0.25960245053837583,0.11817615233649814,0.679213615112411,0.4765554553651938,0.040006011421701224,0.0400860163722838,0.7222242260294559,0.19928695403619814,0.2002223341996853,0.6500009072966191,0.08143885146484202,0.341793025674613,0.4823312271256564
48.0,0.6622160536391692,0.6074437439538484,0.25958874803302745,0.17869437224844853,0.43010238028104786,0.10057417917572799,0.16011598507752967,0.04160566841705122,0.13920883502183562,1.2732332608426598,0.44759756773163123,0.8586901208552935,0.07975565338849697,0.0782855071695044,0.03988622500397814,0.04062571827649004,0.3612028589614384,1.5109063102247209,0.40238069980020863,0.433530417351792,0.6381076619105713,0.6888329001573579,0.14894509652373122,0.03972223695609893,0.08078555137113455,0.687430873561728,0.4251962980136643,0.203506515320285,0.08089959157693735,0.38783024645221637,0.23712936933114095,0.07857370179812233,0.18966112820240807,0.1555915062147492,0.08102777630439009,0.33613240156296964,0.03939381884403896,0.5136596297671459,0.040882971763998646,0.45596412595696534,0.26551590879814496,0.1616648101982001,0.03964665216853197,0.12042247918103219,0.22420143028787948,0.46581180713944725,0.04069511483583514,0.07954613766155695,0.5612673428253176,0.2828546296787425,0.28224508919888963,0.0805353701444509,0.7719243769043536,0.36298039371692026,0.11941866016018667,0.04118265881645714,0.05908807616824907,0.11816952209197475,0.12285843101893597,0.19748363519646603,0.3923884056177324,0.456753125055252,0.44005496472709915,0.5178196219876589,0.41841970331865835,0.08063703389380998,0.20215173535599992,0.041153485740554115,0.4126556142946107,0.8425210841775843,0.3740530990782939,0.1968895312859138,0.38150338584487004,0.04157782139005286,0.259786240916565,0.35034534733640976,0.20143345886596298,0.547917042380523,1.4731899432451068,0.1590091762584204,0.13284340246468287,0.4877978453178687,0.08106755777153062,0.08116480135787407,0.24035166816952208,0.7021633540702124,0.31759755299775455,0.273779424604227,0.11843075372619741,0.4439067354909312,0.2142518432079775,0.040130218002439925,0.04012226170901183,0.6077788975524083,0.3869985325058788,0.2006709807457699,0.3447979101469262,0.08169256882193815,0.26992416396106156,0.3424368197971868
49.0,0.3409414442061765,0.34745596217588504,0.25233437649180496,0.17945022012411818,0.4612658394841601,0.09423433936243567,0.16056684170512206,0.041756837992185145,0.07984936084442794,1.436592466863511,0.49367462043428734,0.34319866754185896,0.07993422797432768,0.07850121112466626,0.039929984617832696,0.04073754840078502,0.2983875245319047,1.5138121253911843,0.9143773169021141,0.33548226058577035,0.6193534627557066,0.18334243886914547,0.10043715412224401,0.0398194805424424,0.04047499071765766,0.4142021679426204,0.45863293198253136,0.04082683569370038,0.08108347035838682,0.4942847292208136,0.2377817853922453,0.07880443430753725,0.22011571986774864,0.15609186866811645,0.08122756767269576,0.9036806697431002,0.03955869092452129,0.4910821277338709,0.040981983415548366,0.11764573277462473,0.10026465726055976,0.16211743489099878,0.03975273608090666,0.1207062536466345,0.5844961576728405,0.2251026951207294,0.04080827100903481,0.07975918951890945,0.38911415513004116,0.34423654944394344,0.28303718241128734,0.08059990452447885,0.7558971289146856,0.31472020607038903,0.1597252426669495,0.04134134266871761,0.05916697607807775,0.11848777382909881,0.12333183047790802,0.16587810958468147,0.45621466079669004,0.45792004809137354,0.5033478314680246,0.6787853171024947,0.820362718577061,0.08097208225039336,0.20260480206510015,0.041271062076769394,0.27007942541809826,0.08049116851429479,0.6962782227408546,0.1973249173429516,0.5663718016102252,0.04172280273696493,0.5256339987152058,0.2812604426351244,0.20179591223324317,0.48485121731289443,1.4780799695892786,0.15930974734348202,0.09778395127212293,0.5413376765335106,0.08131331883519864,0.08132569529164235,0.24103590940433883,0.22557859933874355,0.3186831450343888,0.2781395377861535,0.1187158542407044,0.3033717887515692,0.26396028121880766,0.040167789388072625,0.04022613553987871,0.420573050734111,0.3759116586219699,0.20121687087819798,0.38226977410926904,0.08192330133135309,0.2841757561291587,0.20290537315016183
50.0,0.1756980910789323,0.43684862097714156,0.2857600028289043,0.6532510298979828,0.4545179959570243,0.12145281917997135,0.16084265987729626,0.0418792765077176,0.14018348096677805,0.6998541346204848,0.34387691818074256,0.4622294860234446,0.04008203822556976,0.07865414876500644,0.04007408193214165,0.04076760550929119,0.23453672271433368,1.514987888753337,0.2603317872585363,0.45645225929265604,0.5300937958591913,0.1799454993900175,0.14110243285772378,0.03992468042221397,0.04055322760303399,0.14029290600237337,0.41648174014287287,0.14345550663908485,0.08118071394473028,0.3562509945366784,0.2382167294329815,0.07911030958821762,0.12040656659417595,0.1564666984918404,0.08145476405169821,0.5501182077880747,0.03965637652716632,0.5033419747520288,0.04103679343694195,0.1179600063650347,0.3444803214342545,0.16243215049771034,0.03982920490107675,0.12102317933485386,0.4071604115045478,0.7176178857476263,0.04084893650877844,0.0798988666702028,0.49626505530787124,0.2301097084460475,0.28365291111936203,0.08079615976237202,0.4651523188175179,0.4328362070707454,0.16004172633886735,0.04147085344507505,0.03953659010944323,0.11895984723916617,0.12355858484060891,0.1308398088721512,0.1605703778355346,0.45875148075461014,0.5489544104386569,0.7097588359058681,0.7921497904842729,0.08127972559627997,0.20328108700648875,0.041346204848034786,0.22245516481314492,0.2746468289750526,0.6202019934131533,0.19783986633427042,0.774362700896409,0.04184258915468802,0.5007912091797945,0.19766084973213813,0.20219814706766387,0.3343672094626849,1.4822013295850351,0.1596686645803497,0.7657660584522356,0.37841582397558826,0.08150957407309181,0.08152106649693239,0.24166445658515884,0.1597588359058682,0.3190862639014127,0.5244261996953874,0.11922373097119822,0.23306422340855928,0.31200236331382564,0.04023276578440212,0.040274315316748875,0.4137289821248608,0.4271910748068389,0.2018600045969695,0.4425922664827879,0.0820771230042964,0.24466511582090006,0.16268144769179088
51.0,0.21317595342916246,0.6657724676886083,0.32743860393571317,0.2001648720804823,0.42737517459643914,0.24322123799925732,0.16136777524355098,0.04191198571403313,0.04018016584451634,0.6260638227337822,0.3396004982997106,0.2619755476581976,0.04015762301313672,0.07878144945985607,0.04018989020315068,0.04084451634576283,0.26515403163068646,1.5189854841846566,0.11480062118024245,0.6184644732554878,0.3571265183259959,0.08014551176647393,0.25254325129510774,0.0400051273890981,0.04061864601566505,0.2264098109938294,0.446693020143846,0.1436179476299086,0.08155200763804168,0.1389659470641277,0.2386675860605739,0.07927297158719213,0.08042486606906062,0.15688396188051415,0.08164129493095704,0.13775863053829424,0.039735497445145776,0.48346599022571946,0.04106464046394031,0.07880708640534662,0.6934657835180962,0.1627574744956594,0.039919818242896796,0.12131491009388426,0.37616010861813926,0.4660921928134042,0.04101513463816545,0.0800500362453367,0.5635410809950672,0.19313172969819128,0.2841170282360014,0.08103396453261194,0.21984855258604794,0.3842717830544702,0.1604784384448098,0.041558372672784165,0.03960908078289927,0.11937357449742747,0.12385296769744868,0.16143496172138827,0.19085788733888503,0.4597044679007761,0.5754366016018672,0.6842382880413963,0.6686760727735637,0.08144327162785762,0.20380708640534662,0.041426209798617365,0.1731130324086352,0.3033734684135151,0.49103573259781796,0.19805866440354322,0.6478026985287391,0.0420136494633922,0.11894923884792871,0.15879170423805233,0.2027351968740607,0.25970473311055703,1.4836078254566027,0.1602291412507293,0.28804198565509764,0.4888401084231987,0.08166781590905071,0.08173500238688802,0.24198536042009228,0.15009050283774464,0.3197263035060733,0.49358855354585474,0.11956850368641594,0.14235700772644494,0.6393535953605968,0.04034636397390336,0.04040647819091568,0.2922773342880885,0.3745877645467565,0.2022158277197263,0.4300592238698906,0.08238034618716739,0.1496330159656288,0.456473417139624
52.0,0.8537898477695858,0.6390657796030945,0.328181191322336,0.18069140189890204,0.5311170635973054,0.04061068972223695,0.16190880319666187,0.04200657720256722,0.04027254725154264,0.6178459661592319,0.23979408160572965,0.16550164430064176,0.04025486659948019,0.07889637369826198,0.04027298926784419,0.0408710373238565,0.3835619820516123,1.522663943846249,0.11605074852303408,0.6384440436829977,0.1124828718683145,0.04013552219805866,0.18190473664668752,0.04009574073091816,0.040678318216375804,0.48579506945549483,0.5155382285165343,0.2878083063703389,0.08179069644088474,0.5168028076875474,0.2392192224049223,0.07946038649905407,0.08050884916635724,0.15738962852950014,0.08181633338637527,0.1194836365565162,0.03978058310790502,0.47987764988772785,0.041106632012588615,0.07890344595908695,0.03918076698668647,0.1630827984936084,0.04001485174773245,0.12156420728796477,0.20317755910142318,0.09998629749465159,0.04110442193108081,0.08022330663554872,0.4833619052670663,0.12224049222935342,0.28447903958698,0.0812894499549143,0.12195008751922772,0.24431421334522524,0.16112201417988292,0.04165694230803231,0.03967007903251472,0.11965204476741102,0.12408502625576831,0.08099595113067769,0.10073551512579783,0.4606234197917219,0.6974185695468449,0.7591896294135329,0.4840478772412682,0.08165809155041637,0.20437507735285276,0.04155527855867324,0.11828488834668219,0.0810755140649587,0.4092025487813033,0.19851615127565905,0.4329056695610934,0.042049894800120224,0.2778390707049276,0.19874820983397867,0.2030976502413409,0.19342986969359427,1.487025937516576,0.1607418801605403,0.5508698880814724,0.4779663713997772,0.08185876695132516,0.08196573489630296,0.24279690234975868,0.29423964355805443,0.3204370657189837,0.2202974517128763,0.1198642125921604,0.4950815640626281,0.4252517282837391,0.040389681571456344,0.04050327976095758,0.2970953635436742,0.0682693072720522,0.20293852437277884,0.2650298535131188,0.08253947205572941,0.6805004508566276,0.14310432468749446
53.0,0.1467506497639633,0.32510746889678627,0.5911907919164058,0.24125338142470693,0.6124031542283278,0.04074152654749906,0.1622535759118796,0.042077741827118584,0.04033796566417369,0.609127747131314,0.5145319931399069,0.10768813687182115,0.04036139252815643,0.07899096518679607,0.04033708163157057,0.040856450785904976,0.772583275871214,1.5253178097208226,0.18318967803532593,0.4073158378080983,0.8462393253063173,0.0402398380452271,0.30353922452660054,0.04016513729026326,0.040806944960130126,0.34387763220707573,0.4647669761736488,0.20578731943634082,0.0819595466680811,0.6358316094697573,0.24008911048639472,0.07980162308385932,0.0806096288831132,0.15771495252744921,0.08188086776640321,0.19941344436782826,0.039850421683551684,0.4695356124733881,0.0411000017680652,0.07904135504517405,0.07855690517866298,0.1633939779699075,0.040078060078855705,0.12184135150904365,0.2908698880814724,0.5508119839459678,0.04117514453933061,0.08030552166763909,0.43056996148469573,0.1631835782103644,0.28520615640304814,0.08144503969306385,0.7880540674340069,0.3650347424813027,0.16141020880850085,0.04171528845983839,0.03978102512420657,0.11992521084177583,0.1241738715323821,0.06774710184644943,0.08071748086069412,0.4613430223306636,0.5097884509980727,0.3782359209771292,0.41076020910317834,0.08185965098392826,0.20481046340989054,0.04164279778638236,0.2528078643540373,0.08114446860800226,0.4628859244328931,0.19905541116356373,0.40621217746874144,0.0421219434572747,0.2778297883625948,0.7968758287805654,0.20350872540179282,0.28542893261903496,1.4903622765607596,0.16099294541982706,0.6112345073286302,0.4255247198779848,0.08195777860287487,0.08215933803638677,0.24325041107516046,0.8037005604766703,0.32067045032620795,0.4591427691853275,0.12019042062271255,0.31582860375890665,0.4411795647023462,0.04042371682667656,0.04056472002687459,0.38043627561484467,0.05872473876836578,0.2035374564613943,0.27238094940941426,0.08274279955444756,0.20072844286497288,0.2049032868332184
54.0,0.14941477041673298,0.5464727099135415,0.33685691048285854,0.24140720309765024,0.6644704821513817,0.04086131296522215,0.16260365282271608,0.04211708127795753,0.04040250004420162,0.6391555720574975,0.4142169103196525,0.11125638713555756,0.04041355045174066,0.07919340865291111,0.040418412631057825,0.04091612298661575,0.3930725437154121,1.5281900316483672,0.1733074090772468,0.42443191082664905,1.1342628936155168,0.040337965664173685,0.10125930444314786,0.04022259940946621,0.04087766756837991,0.25322406690358745,0.4312835564042268,0.10288702947364699,0.08210275994978693,0.7428852424648847,0.24082904577520817,0.07992008345267773,0.08076698668646896,0.15817818561148536,0.08197369118973107,0.25292629525510235,0.03991760816138899,0.39846595085283887,0.04112298661574639,0.0791500910553581,0.07876023267738112,0.16354426351243828,0.04016734737177107,0.12200843367103378,0.27252447070247954,0.1735834850922635,0.04127680828868969,0.08050442900334163,0.3068388762177549,0.16326844534026416,0.28532373273926337,0.08152637069255113,0.12245000795629345,0.3470531175007916,0.16163475308969394,0.04174004137272582,0.039849979667250124,0.12023550628547182,0.12441919057974858,0.04072959210735691,0.22235718453296552,0.4620674870489223,0.7351217312894499,0.3169713632372095,0.3620030410721547,0.08213723722130871,0.20513313531003022,0.04175418589437578,0.059375165756113076,0.08124436429215508,0.6109137360985872,0.19928083947735992,0.4502809750290257,0.042157746777701156,0.2781020704043564,0.15947240934245654,0.20374520412312808,0.10211350094591487,1.4913271981470675,0.1612970526353012,0.37517349139836276,0.4543776031602903,0.08204883396099645,0.08233968068742374,0.2436031400838063,0.20113067769939355,0.3216145971463428,0.4915033806446781,0.12045297830583991,0.4050653460826909,0.254429592696712,0.04050593185876694,0.04067566611856645,0.46613271097438064,0.05882949663183578,0.20380266624233098,0.38109125664554505,0.08288424477094715,0.29143438710019626,0.205340882971764
55.0,0.14953632489966232,0.602494900739212,0.22609863151753032,0.24167771707420574,0.37323199793894113,0.06132578369490267,0.16283703742994038,0.042185151788397955,0.04041355045174065,0.4251531033964532,0.5892956912250924,0.08106932583673684,0.0404962075001326,0.0792756236850015,0.04044935377216711,0.04096607082869216,0.24987240462761606,1.5295337612051132,0.17340885181845506,0.27105072392964585,0.527314713080904,0.04033089340334871,0.12153901235877579,0.040322937109920604,0.04098993970897645,0.6638189029744749,0.46049764159746653,0.04120387559893209,0.08220177160133664,0.21499691325282738,0.24109160345833552,0.08007036899520854,0.08090843190296856,0.15837267278417227,0.08214784561254619,1.079601389699252,0.03999540303046376,0.4699438344619483,0.04114420339822132,0.07928004384801711,0.03948708428366838,0.16368394066373163,0.04021508513233968,0.12219938471330823,0.20422702951784866,0.44171440442723525,0.04132896621227391,0.08061846920914441,0.47967570368995205,0.1634399476652699,0.28592399087678355,0.08162891847451331,0.6783271451051115,0.2200455375016453,0.16182570413196837,0.04177319259534291,0.039876058629042234,0.12045828250145865,0.12484883042486605,0.16318181014515817,0.0809252285224279,0.46311285560211457,0.3602835872586981,0.29068649551795467,0.3476597131187912,0.08230873954631446,0.20545138704715432,0.04186203787195671,0.03962941353277108,0.08134072384589543,0.471607925462791,0.19954383917678883,0.4447634328754044,0.04225233826623525,0.2782908113651231,0.4982186743047083,0.204008203822557,0.12267543627008964,1.4936495517954704,0.16163652115490018,0.03955692285931504,0.5666838421572415,0.08203734153715586,0.0824881981647483,0.2439001750384554,0.12071818808677665,0.32193992114429176,0.3229536273718826,0.1205179547021694,0.37464550292614796,0.3307736660439149,0.04058682084195264,0.040717215650913206,0.12529487398606373,0.07860199084142223,0.2039883130889867,0.4022775816746315,0.08287805654272529,0.36256431337187717,0.16453791615834792
56.0,0.8837195082421305,0.7601008460192014,0.20564587421984118,0.6044528722219276,0.29442666556653724,0.040912144839901694,0.16312346399335204,0.04221962905991974,0.04043918739723121,0.5661181244364291,0.422332652628229,0.05406625529682867,0.04052891670644813,0.07936933114093249,0.04049443943492636,0.041060220300924696,0.5132720919747521,1.531179829912127,0.12251763645043229,0.3059302675082657,0.2922422823953747,0.040406036174614114,0.12157348963029756,0.040418412631057825,0.04103281529022789,0.34365662405629516,0.36201313868899926,0.04122332431620077,0.08236531763291428,0.19863770575858836,0.24105712618681377,0.08020916211389877,0.08108170229318055,0.15865025902155272,0.08229105889425202,0.1405114570625365,0.040051539100762035,0.4353498117010555,0.04119857140331335,0.07933308580420444,0.039522003571491715,0.16399512014003076,0.0403070245230644,0.1224380735161513,0.34616108842094095,0.1908956797326685,0.041377145989144076,0.08078289927332519,0.2960068247316961,0.04094131791580473,0.28673774288795767,0.0816474831591789,0.4419800562244735,0.1311623192663345,0.16212981134744248,0.04179661945932565,0.039903021623437465,0.12053917148464435,0.12485148252267544,0.04084053819904878,0.08105341324988065,0.46385676903764206,0.44037518975128376,0.2564396723522592,0.32447532665004686,0.08251206704503261,0.20558620201913047,0.041907565551017524,0.039640463940310115,0.0814777488993794,0.37845711418258154,0.19981788928375677,0.7411023886560937,0.04228106932583673,0.2784826464400007,0.3666604784384448,0.20428446401103273,0.12284782262769851,1.496233579094397,0.16192648384872432,0.0395984723916618,0.6391325341678599,0.08211071624321503,0.08264732403331032,0.2441335596456797,0.08051945755759472,0.3220813663607913,0.3016117177258639,0.12071023179334851,0.40921086198230416,0.33678797201313504,0.040657543450202435,0.0407468307431178,0.11683286479605368,0.07876465284039674,0.2044767411022118,0.4485531891933416,0.08298060432468748,0.18164814618363123,0.1443079350766456
57.0,0.9803002174720202,0.8303240863523046,0.4700123511983692,0.7928265174419634,0.6235291325965153,0.040953252355946886,0.16329319825315156,0.04220150639155571,0.04050195371205289,0.7648190937781785,0.4965065873057969,0.05416703501358463,0.04055145953782775,0.07948602344454463,0.04052980073905125,0.041097349670255835,0.3382374157958945,1.5316165420180696,0.12275367315546597,0.1387987666762928,0.48266628162135505,0.04046924450573736,0.1217472020368111,0.04046217224491239,0.041079669018193384,0.531377983220021,0.34573173817271063,0.04121227390866175,0.08256245690341057,0.2854747013978966,0.2414284198801252,0.0802303788963737,0.08120281475980833,0.15892077299810817,0.08236001343729557,0.1878416049317232,0.04010988525256811,0.42409017670658644,0.04125161335950069,0.0794259092275323,0.09891661804487348,0.164156014073799,0.04035122615322053,0.12250570201029014,0.4205590622182146,0.1323139174515613,0.04143902827136264,0.08087660672925616,0.3658030220654538,0.04101646068707013,0.2873596598242543,0.08170582931098498,0.6693868349864743,0.36018506591094507,0.16217931717321732,0.04186690005127388,0.03992247034070616,0.12071686203787195,0.12487800350076911,0.04087810958468147,0.08114888877101786,0.46455692285931505,0.35619891697969447,0.21002568746163935,0.21309241234816736,0.08263759967467597,0.20580721016991105,0.04190844958362064,0.039652398380452265,0.0816156579854665,0.33883994975068005,0.19984220018034263,0.24031263115088944,0.042297865945296054,0.2785259640375537,0.3985218974875793,0.20456072419950852,0.12293136370869358,1.4992428260754256,0.16227125656394206,0.03968466557046623,0.38634020257149837,0.08207977510210575,0.08278169698898494,0.24427942502519492,0.10074214537032125,0.32247387683657774,0.5548241659152389,0.12084283668381689,0.4384121282642903,0.134342014533496,0.040760975264767754,0.04085070457398469,0.10581030428402197,0.07884775190509026,0.20454967379196942,0.25781910466487634,0.08310083275871213,0.10111454410438657,0.14453071129263248
58.0,0.8007177713285492,0.8169342338678781,0.5593988578298768,0.6585141180006719,0.4812909233425863,0.040991265757881146,0.16359200127300694,0.042280185293233616,0.040537315016177786,0.996128102954437,0.48433265285490396,0.040671245955550835,0.04066549974363055,0.07950458812921019,0.04054615534220901,0.04110707402889018,0.597828521249197,1.5311294400537494,0.532518697289556,0.31148386479766094,0.17787590539672435,0.04044802772326243,0.8527223784013155,0.04048869322300606,0.04111856645273077,0.6430373960524997,0.3805110976840651,0.04123614278894605,0.08263936773988226,0.5116103243220944,0.2417997135734366,0.08031082586325783,0.08133718771548293,0.15901094432362664,0.08242808394773599,0.1307679812231475,0.04017795576300853,0.4389692621863894,0.041267083930055334,0.07948779150975087,0.09907242879117384,0.16468289750526,0.040409130288725045,0.12270593539489735,0.2899025796071359,0.17469058858890718,0.04148986014604219,0.08098003854382148,0.3925450591417811,0.041004968263229545,0.2877959299138952,0.0818295938754221,0.6975879170423805,0.25249940126882786,0.1622093742817235,0.04192392015417528,0.039931752683038946,0.12081631570572324,0.12486739510953163,0.32743506780530063,0.0812602768790113,0.46516469527396165,0.48581830477908017,0.7813035392245264,0.21950060998249615,0.08269771389168833,0.206012747750137,0.04188458070333634,0.039650630315246016,0.0818048409625347,0.47466942380835,0.200270955992857,0.3914096026147158,0.04236328435792711,0.2790859986916317,0.17554217719549498,0.20464691737831295,0.12308518538163686,1.5002568114712072,0.16230661786806694,0.039771300765572226,0.4497266047319973,0.08221326402517724,0.08300447320497178,0.24476210682649974,0.16144203398221324,0.3225658162273024,0.28884512927503425,0.1209462684983822,0.3770055458311969,0.10486836754539507,0.04079943068300358,0.040913028872504816,0.42902897858873035,0.07890344595908697,0.20476405169822662,0.10658415204574966,0.08319365618203999,0.0405395250976856,0.1446900581693453
59.0,0.17724956829741215,0.6221373919270143,0.7556836113615869,0.716461792110893,0.4222564048162097,0.0410509379585919,0.16391025301013099,0.042305380222422605,0.04055720574974804,0.8169157428525964,0.42167925099023595,0.040702629112961686,0.04070616524337418,0.07953906540073198,0.04059345108647606,0.04115967396877597,0.12884244770947154,1.533480966778055,0.15045041461129088,0.18928022065453773,0.41051379974893465,0.04049267136972011,0.23032010820559062,0.04054350324439964,0.04114110928411039,0.22048008863900237,0.30987921734553564,0.04128388054951467,0.08271451051114764,1.1073123493461108,0.24206757545218271,0.08050000884032603,0.08147156067115753,0.15922488021358228,0.08252886366449194,0.32236072066337806,0.04018502802383352,0.35446480666206975,0.04128874272883184,0.07956912250923813,0.039691295814989654,0.1648066620696971,0.04042725295708905,0.12278417228027369,0.6646585062420739,0.2218442246150038,0.04156058275429197,0.0810755140649587,0.3192090560299864,0.04107082869216216,0.28804655315688044,0.0818764476033876,0.6982191163210097,0.2527778715388114,0.16217578104280483,0.041996852843932876,0.039970650117576334,0.1209396382538588,0.12499734790219062,0.04098419349705616,0.08129740624834243,0.46600585229583263,0.747187302934399,0.4527135782585844,0.0950212757179818,0.08275429197828815,0.2061895542707615,0.04191552184444562,0.039718258809384885,0.0818561148535158,0.2156146355262948,0.200487543980622,0.28457795301268485,0.04241190615109885,0.27921285737017976,0.1276811824820099,0.20494306830035897,0.12315413992468041,1.5007965133754133,0.16240916565002914,0.03978323520571439,0.5144640994359873,0.08224155306847716,0.08298590852030621,0.24509361905267063,0.16156226241623792,0.32297600735515125,0.4210146110188543,0.12120484803479552,0.4271603441496827,0.04034459590869711,0.040827719726303495,0.040949716225534394,0.12678441980940255,0.07904047101257093,0.2048635053660779,0.2965907914112443,0.08325200233384605,0.0406204140808713,0.20709126752594637
60.0,0.21287416679927149,0.5752430813398397,0.6298814806956746,0.6018787018865255,0.2974491449720855,0.04108895136052617,0.16395622270549337,0.0423031701409148,0.040565604059477706,0.7777485555889523,0.3379199095132899,0.04074241058010219,0.04077423575381459,0.07947718311851341,0.040649587156774344,0.04116851429480719,0.6678090946327434,1.534220018034265,0.12324298520129422,0.25403080979912246,0.3285524850156474,0.04053466291836842,0.2714127430352965,0.04057577043441362,0.04116542018069626,0.3700247971145176,0.21726171366463143,0.04132764016336922,0.08281440619530048,0.37546582203665957,0.24221078873388852,0.0805742675789883,0.0814936614862356,0.15953959582029384,0.08260754256616984,0.10757851682903397,0.04023939602892554,0.41181173917944097,0.041306865397195844,0.07955586202019128,0.03970632436924273,0.16500998956841528,0.04046924450573736,0.1227762159868456,0.5925118018352517,0.12110141622023021,0.04157914743895755,0.08117982991212716,0.29353907820396274,0.04110751604519174,0.288195070634205,0.0819436340812249,0.6840370785374563,0.5806338845276614,0.16239502112837922,0.04202690995243904,0.04000601142170124,0.12103643982390071,0.1252479711451758,0.041058894252020015,0.0813946498346859,0.46616630421329935,0.5462941629537297,0.2626372460616347,0.12222325359359253,0.08274368358705068,0.2065188564154246,0.04197298396364858,0.03973505542884421,0.08199137184179353,0.3157544786530797,0.20074391343552747,0.32045546464753616,0.0424967732809986,0.27942635124383386,0.8647953169846238,0.20507567319082728,0.12325624569034105,1.5006329673438357,0.1626619989745222,0.0398252267543627,0.37242721011550906,0.08225392952492087,0.08309641259569651,0.24540921869198534,0.1618027192842872,0.3230325854417511,0.1389411941512403,0.12130430170264679,0.3970954428799334,0.04035874043034706,0.04088562386180801,0.04103104722502165,0.12490319842995806,0.0791730759030393,0.2049253876482965,0.22807398227755724,0.08331211655085836,0.04070439717816793,0.16589755830195016
61.0,0.5119432804681836,0.3266073721889772,0.6156182039993634,0.2356709365441397,0.24125984882111923,0.04103325730652946,0.1640605385526618,0.0422974239289945,0.04060184939620573,0.5000806679750349,0.35642603299209674,0.08153432698597923,0.04087368942166587,0.07957619477006311,0.040661079580614934,0.041190615109885254,0.5030200763804168,1.534001661981294,0.10275442458317864,0.9302029738856767,0.33435110744027097,0.04057798051592143,0.33256002581375194,0.04063455860252125,0.041171608408918106,0.6276253873957157,0.40391390060552385,0.041377588005445644,0.08282943474955355,0.19921895719514135,0.24211000901713256,0.08063968599161936,0.081568804257501,0.15957849325483126,0.08267561307661027,0.4776411947405954,0.040301278311144106,0.31388815219505295,0.04131791580473488,0.0797574214537032,0.03975141003200197,0.16526635902332074,0.040512562103290364,0.12289158224155307,0.5063935447939322,0.12131623614278894,0.041627327215827716,0.08126116091161441,0.3518175955884809,0.041133152990682285,0.28824148234586894,0.082081543167312,0.5153363336039832,0.35290241164094127,0.16255061086652872,0.04214979048427305,0.04008115419296663,0.12106693894870844,0.12540046676921443,0.5135621651726516,0.08147598083417315,0.46613226895807913,0.42800582544743515,0.5302719284287204,0.08155465973585103,0.08276932053254124,0.20662052016478363,0.04203354019696246,0.03975229406460509,0.0818914761576407,0.2649852228425184,0.20064666984918403,0.1077378570085301,0.04255953959582029,0.279550115808271,0.6896309605898264,0.20519280751074098,0.12324696334800828,1.502889902579607,0.16278929966937178,0.03984379143902827,0.3590323732739263,0.0823105076115207,0.08312558567159956,0.24562138651673474,0.16168779504588127,0.322887604094839,0.1875974645944942,0.1214647536201135,0.30199727828462314,0.04038879753885324,0.040913470888806376,0.041066850545448105,0.07825456602839512,0.07925263883732031,0.2049320178928199,0.1334009618274722,0.08341731643062995,0.04076539542778337,0.16601425060556232
62.0,0.500718030925425,0.5177434987438698,0.5670724376314997,0.5462154564260329,0.30325957554647953,0.04111679838752453,0.1641666224650365,0.042343393624356865,0.040636768684029066,0.3949327803709401,0.3713400288133661,0.040858660867412785,0.040924963312646966,0.07973178450821267,0.04072296186283349,0.041260895701833486,0.3406154738986773,1.5358996799801976,0.10284724800650648,0.16192471578351808,0.2618969792605951,0.040634116586219696,0.23650594953941903,0.04068494846089923,0.041214041973867986,0.39872964514931314,0.5231162646528403,0.04140543503244399,0.08293198253151575,0.12539004781353477,0.2421869198536042,0.08072190102370974,0.08170052511536623,0.15968988136282466,0.08274368358705068,0.5785956552744332,0.04033000937074558,0.32908660646404636,0.04137537792393784,0.07985908520306227,0.03981682844463304,0.16545554200038895,0.04055057550522463,0.12314883572906168,0.7092160398875509,0.12150055694053997,0.041656058275429196,0.0813433759437048,0.339842023373822,0.04121978818578828,0.288454976219523,0.08216641029721175,0.6486332335936548,0.5306523387082516,0.1626513905832847,0.042194876147032295,0.04015452889902579,0.121110698562563,0.12550124648597039,0.2263101363178274,0.08158471684435721,0.4669393907247299,0.5542818809782705,0.6838190208454887,0.21780913146743514,0.08295850350960943,0.20686362913064232,0.042075531745610774,0.03986324015629696,0.08208242719991513,0.3496541872464256,0.20081463604377728,0.25845067166077085,0.042631588252974764,0.2797605155678141,0.5361634753089692,0.20572322707261448,0.12333846072243142,1.5043454622606482,0.16310755140649585,0.03988887710178751,0.30566533993773687,0.0823697377959299,0.08325288636644917,0.24587068371081525,0.1618858183489807,0.32344277656959985,0.3086420817199738,0.12164509627115047,0.2590866764499608,0.040422832794073445,0.040976237203628064,0.041124312664651066,0.6794397590716478,0.07931894128255448,0.20527900068954535,0.2490294795405388,0.0835180961473859,0.04082860375890662,0.12446427624250782
63.0,0.6913928375678495,0.34657172156509125,0.4499801092664296,0.5451673152251308,0.17303833165367138,0.041216694071677364,0.16432751639880477,0.042384059124100495,0.04067920224897894,0.9120564366413833,0.4061741605726071,0.04090639862798139,0.041009388426245165,0.07985024487703106,0.04077202567230679,0.04127415619088032,0.5650530966820152,1.5368738839088385,0.12351349917784968,0.8372596168013342,0.11824891927014268,0.04065091320567902,0.07346284410969076,0.040715005569405396,0.04126354779964284,0.42476604708610227,0.5669952110690983,0.04148941812974062,0.08311762937817146,0.06655439452607012,0.24262451599214982,0.08078908750154704,0.08170671334358809,0.1598649198182429,0.08282413055393482,0.35327434625789,0.04039498576707508,0.434221491421937,0.041388196396683105,0.07992361958309022,0.03986324015629696,0.16545377393518268,0.040581958662635476,0.12322176841881928,0.5510926642974592,0.12154033840768048,0.04169230361215721,0.08147156067115754,0.2629399443501476,0.04127813433759436,0.2887303523753956,0.0822831026008239,0.4810962628301731,0.5069206492335437,0.16289891971215897,0.042252338266235256,0.04016071712724765,0.12123269506179388,0.12564711186548558,0.2265337965664174,0.08167223607206632,0.467391573401227,0.5237425156239762,0.43863820250071767,0.26594330698916174,0.08300358917236866,0.20698297353206385,0.042113987163846595,0.03989727541151717,0.08213723722130871,0.3918235824537209,0.20118150957407308,0.48325235594688726,0.0426289361551654,0.28040718541699816,0.1601884757509857,0.20609894092894146,0.12345117487932954,1.5069621987658908,0.1632083311232518,0.039911861949468684,0.19785533690482504,0.0824802418713202,0.08335985431142698,0.24612263300270515,0.16208560971728636,0.32388125674074864,0.2260144274120829,0.12180157004190313,0.4266701934914727,0.04051344613589349,0.040987729627468654,0.041189731077282125,0.4316156579854664,0.07942679326013542,0.20558399193762264,0.1238716586724861,0.08358263052741384,0.040898442334553295,0.20772335083717888
64.0,0.517319082727771,0.3004127169352862,0.49928413759899454,0.4220288769249809,0.4712707821331117,0.04131614773952863,0.16461040683180395,0.04240748598808325,0.040726497993245986,0.4873044814559427,0.3605564203207814,0.040913028872504816,0.04104740182817943,0.07998373380010255,0.04083700206863629,0.04131261160911615,0.331965734896303,1.5395109531639526,0.12369649392669603,0.5550490048739665,0.16467759330964124,0.040672572004455516,0.1836710337877261,0.040738432433388136,0.041332060326384826,0.2122920944753014,0.47793177357835487,0.04149737442316872,0.08318127972559627,0.0799978783217525,0.24290563835994272,0.08086865043582805,0.08179600063650347,0.15995332307855514,0.08287540444491591,0.48502095157269404,0.0404016160115985,0.45957015809028745,0.04144698456479075,0.08001997913683055,0.03989683339521561,0.16558637882565105,0.040623066178680674,0.12323768100567548,0.29006230433649355,0.12156951148358353,0.041746671617249244,0.0816077016920384,0.30800717441570363,0.041304655315688034,0.2889036227656076,0.08235470924167682,0.3864937498894959,0.4719408683220809,0.16328789405753283,0.04227267101610707,0.040227461588783396,0.1212565639420782,0.1257425873866228,0.19235488604819748,0.08172174189784118,0.46827649003695254,0.37564526579740254,0.668625413861785,0.04096120864937498,0.0830522109655404,0.20721061192736787,0.04212857370179812,0.03994943333510139,0.0821796707862586,0.343454561638716,0.2014798705776269,0.37404467648195433,0.042658993263671556,0.28062996163298504,0.12832900157357802,0.20629121802012057,0.12361162679679627,1.5080743117806186,0.16347884509980726,0.03997507028059195,0.2696610860099429,0.08260931063137607,0.08347743064764226,0.2463851906858325,0.16227479269435452,0.32429852012942234,0.09321018759171837,0.1220389327958415,0.33227894764758914,0.040531126787955944,0.04102353294789511,0.041240120935660096,0.07855867324386923,0.07951519652044767,0.20599285701656675,0.14488484001956659,0.0838372319171131,0.04094706412772502,0.20803939249279513
65.0,0.6302339150267863,0.48802691500405393,0.4347516076392897,0.4387169713364482,0.09502784702699835,0.041400130836825255,0.16474831591789102,0.04244373132481126,0.04076893155819586,0.7523456921091248,0.4490663952686575,0.04099878003500769,0.041107074028890175,0.08001997913683057,0.040855124737000294,0.04136300146749412,0.48609605576799125,1.5407035131455646,0.12396435580544211,0.2742116639261656,0.19926102241317326,0.040726497993245986,0.30662891847451335,0.040764511395180246,0.04134885694584416,0.33575039634128373,0.360934599268021,0.04154511218373733,0.08323608974698984,0.08004296398451173,0.24326632366201667,0.08099241500026519,0.08192595342916245,0.16032108064145406,0.08300093707455931,0.14166092045474638,0.040460846196007705,0.48992628477767886,0.0414805778037094,0.08006418076698667,0.03993661486235611,0.1656906946728195,0.040649145140472784,0.12336763379833447,0.3857161327109744,0.12189041531851694,0.04177938082356477,0.08165013525698826,0.3722908820877314,0.041344878799130104,0.28906142258526496,0.0825589207729981,0.5038640367162003,0.5405512069570839,0.16348768542583847,0.042303170140914795,0.04025619264838486,0.12136264785445286,0.12594945101575344,0.041296257005958376,0.08175003094114111,0.46832511183012426,0.377522112674052,0.48348861823265415,0.04101778673597481,0.08312116550858394,0.20738078820346895,0.04219399211442918,0.039983910606623166,0.0822512774271115,0.2275701887885625,0.2015572234304001,0.12776599067640282,0.04273413603493697,0.2808836789900811,0.14712144250546627,0.20638404144344843,0.12382114252373627,1.5090882971764,0.1636874767941441,0.0400051273890981,0.19475265447789716,0.0826535122615322,0.08357202213617636,0.2466371399777224,0.162451599214979,0.32468395834438374,0.24011828356229772,0.12209330080093352,0.7372437884080593,0.0405633939779699,0.04111237822450891,0.041267525946356895,0.09175801670232266,0.07958061493307873,0.2061232518255273,0.15814989656818543,0.08396453261196272,0.04104695981187785,0.20834659382238016
66.0,0.34947021890611774,0.5273738485475344,0.36534415389239555,0.39074731294271947,0.3172227231740306,0.04143062996163298,0.16480489400449086,0.042475114482222104,0.04079854665040047,1.521370604147881,0.36845852388079553,0.04103590940433883,0.04115525380576036,0.08010396223412719,0.04094573807882035,0.04141162326066585,0.3182144562062878,1.5416273272158276,0.12405983132657931,0.5185583859332731,0.1711064678351052,0.040753018971339657,0.2866170724376315,0.04082153149808165,0.041427535847522054,0.21655472603829629,0.21866584874432776,0.04158798776498877,0.08335720221361763,0.16051203168372846,0.24354214183419085,0.08113386021676479,0.08200021216782474,0.16051733587934724,0.08302657402004984,0.715557942443584,0.04050018564684665,0.27841630863346234,0.04151107692851712,0.0801437437012677,0.040020155943351184,0.16596120864937494,0.04065533336869464,0.1234790219063279,0.43156703619229486,0.12200843367103378,0.04180369172015064,0.08182959387542212,0.4865266115152258,0.04136388550009723,0.28928419880125184,0.08268445340264148,0.4081946205812433,0.6255184851217312,0.16383776233667496,0.04231775667886631,0.040291111936208206,0.12142099400625894,0.1261152071288389,0.04134399476652699,0.08182075354939089,0.4689669194999911,0.4340726055976944,0.3641702596277464,0.04100585229583266,0.08320956876889618,0.20753770399052315,0.042222723174030655,0.040007337470605905,0.08238388231757986,0.27038695875103874,0.20168098799483722,0.34883980543424675,0.04276154104563376,0.2810786081790696,0.14041244541098674,0.20649233543733095,0.12404657083753247,1.5106583390795456,0.16384483459749993,0.04002015594335119,0.11864557364875614,0.08284092717339415,0.08364539684223553,0.24703495464912742,0.1626195654095723,0.3249668487773829,0.0801959016248519,0.12218745027316605,0.3156481137691024,0.04061378383634789,0.0411534857405541,0.04129227885924432,0.09177761275835852,0.07970172739970649,0.20635531038384694,0.11876624409908236,0.08408652911119363,0.04112077653423858,0.20850792977245
67.0,0.34027151588017235,0.596609292950724,0.35914001308368254,0.34294132113046866,0.6545490107675171,0.04144433246698138,0.16490390565604057,0.04247467246592054,0.04072472992803974,0.9928240126829209,0.40873881828761843,0.04106994465955905,0.041148181544935374,0.0801278311144115,0.04097270107321558,0.04135327710885977,0.35697301237898216,1.5401996145617851,0.12409961279371984,0.20358165809155038,0.2062669071235347,0.04075920719956152,0.5733517212114781,0.040800756731908264,0.04139129051079403,0.4792089572263425,0.21634131504269877,0.04155351049346699,0.08346682225640481,0.08032850651532028,0.2436270089640906,0.08115684506444597,0.08195070634204987,0.16058098622677205,0.0829452430205626,0.12153370816315705,0.040524938559734075,0.5301460274521591,0.04144875262999699,0.08009777400590534,0.040046234905143294,0.1658834137803002,0.04065356530348839,0.12343261019466398,0.567898439808746,0.12209330080093356,0.041762584204105446,0.081742074647713,0.35271691507982816,0.04139482664120652,0.2891263989815944,0.08267207694619777,0.6184713308226807,0.17269473764859117,0.163989815944412,0.04231687264626319,0.0403127707349847,0.12138386463692781,0.12607012146607965,0.04132322000035361,0.08174826287593484,0.4694093778178539,0.20835797872874195,0.46474759954664363,0.0410270690783076,0.08314149825845576,0.20772556091868666,0.04221609292950724,0.040006895454304345,0.08245548895843277,0.19994331140932478,0.20174508035856362,0.09942383175091497,0.04278319984441026,0.2811869021729521,0.12045828250145864,0.20624480630845665,0.1239789423433936,1.5108382397142808,0.16391025301013096,0.040009989568415276,0.3916227463196114,0.08296380770522817,0.0836798741137573,0.24701904206227127,0.16235965982425427,0.3248218674304708,0.05344389634423051,0.12213308226807403,0.38227018590223383,0.04060096536360261,0.041135363072190095,0.041270620060467826,0.07864796053678459,0.0797574214537032,0.206388461606464,0.3614612301187381,0.08394685195990027,0.04114243533301507,0.20845709789777048
68.0,0.3160825421241535,0.6031042068164807,0.33069208947981554,0.14875837620891458,0.37850438560537747,0.04140941317915805,0.16489860146042185,0.042434890998780034,0.040700419031453876,0.6757953199313991,0.39815438548929244,0.04107657490408246,0.04115613783836347,0.08015435209250517,0.04099170777418271,0.041318799837338,0.43354090418854635,1.541795293410421,0.12413806821195565,0.2308987075443342,0.12383175091497374,0.040760533248466194,0.1228014109160346,0.04077511978641772,0.0413939426086034,0.4059656484575596,0.23202673314591843,0.0415261054827702,0.08343234498488303,0.08040541735179194,0.24359253169256884,0.08113562828197102,0.08195247440725613,0.16057391396594706,0.08300182110716242,0.09463966831096729,0.040501511695751335,0.2842266114440968,0.04140499301614243,0.08007213706041479,0.040037394579112075,0.16590816669318761,0.04065754345020244,0.12335569935819234,0.4741860358210011,0.12209727894764759,0.04182093035591153,0.08175887126717234,0.18368740607153594,0.04139129051079403,0.2888695875103874,0.08269859792429143,0.6819711311786512,0.17089739412446675,0.1641896073127177,0.04230449618981948,0.04031100266977846,0.12135071341431072,0.1261960961120246,0.0413506250110504,0.08169610495235062,0.469749730370056,0.21394060479617152,0.350548877552949,0.04101027245884827,0.08316448310613694,0.2078205944235223,0.04223907777718842,0.040051539100762035,0.08246874944747962,0.14972617090118281,0.20171634929896212,0.3921446757242122,0.04280264856167896,0.28111883166251167,0.12044502201241182,0.20627132728655034,0.12405717922876995,1.5100859279690235,0.16384306653229366,0.04000998956841528,0.2402050292614791,0.08290546155342209,0.08370020686362911,0.24676444067257197,0.16242861436729786,0.32512951077635743,0.08019236549443942,0.12205086723598366,0.3995924609699606,0.04062527626018848,0.04115260170795098,0.04127592425608656,0.0786444244063721,0.07979101469262187,0.20629563818313618,0.39027978526848073,0.08388673774288796,0.04116851429480719,0.20835101398539582
69.0,0.35509108061619593,0.48190545492317743,0.20901957837538382,0.21292765077176043,0.17853922452660054,0.041389080429286226,0.1648879930691844,0.04243135486836754,0.040740642514895946,0.3062586561525722,0.4165627695717839,0.041087183295319935,0.041162768082886894,0.080088049647271,0.04099435987199208,0.04131040152760833,0.39770858749270677,1.5415265474990716,0.12410624303824325,0.3262540002475291,0.11014928363891392,0.0407844021287505,0.12285312682331724,0.040766279460386495,0.0413961526901112,0.5341694176919342,0.2531484821160204,0.04148941812974062,0.08333068123552395,0.08040188122137944,0.24347583938895667,0.08112944005374917,0.08192506939655934,0.16061634753089693,0.08299828497674994,0.2027440372000919,0.040506373875068495,0.25441030265196185,0.041407203097650246,0.08007390512562103,0.040058611361587004,0.16574373662900685,0.04058858890715889,0.12321646422320057,0.27407443554518296,0.12219805866440354,0.041851429480719245,0.08172350996304743,0.47644707296805106,0.041374051875033145,0.28902738733004474,0.0827649003695256,0.5700533955692284,0.13965284039675382,0.1642232005516363,0.042298307961597614,0.0403207270284128,0.12133082268074047,0.12609399034636395,0.04135283509255821,0.08171024947400059,0.46993935536342585,0.3607741473505543,0.25501172227231733,0.041055800137909076,0.08322282925794301,0.2078139641789989,0.04220194840785728,0.04004800297034954,0.08239007054580173,0.12536690299804923,0.2016301561201577,0.07951431248784456,0.042830937604978865,0.28099506709807454,0.12052458494669284,0.2060392687282307,0.12414469845647906,1.510691048285861,0.16375643133718767,0.039995845046765316,0.6903277992892377,0.08293375059672202,0.08368075814636043,0.24711451758340844,0.16235789175904805,0.3249703849077954,0.08023745115719866,0.12200843367103376,0.12156142889978352,0.04068583249350236,0.041161442033982205,0.041275040223483446,0.07876111670998426,0.07976360968192506,0.20649012535582312,0.41829134178468497,0.08382308739546315,0.04120078148482115,0.20835985431142698
70.0,0.41702921825979167,0.4370272635654803,0.16692608603405296,0.7370631552891671,0.21162797550640333,0.041388196396683105,0.16496578793825917,0.042420304460828506,0.04076981559079899,0.4789317350023868,0.5803394269180648,0.04106110433352782,0.041150833642744744,0.0801393235382521,0.04097225905691402,0.04133559645679732,0.20374636441591967,1.54206403932177,0.12407972206014957,0.32663236620166547,0.12401872381053411,0.040766279460386495,0.12296318888240598,0.04075964921586307,0.04139482664120652,0.41054871903675805,0.19294232571297232,0.041483229901518766,0.083316536713874,0.0803921568627451,0.24323449848830428,0.08115330893403347,0.08197634328754043,0.16080022631234636,0.08303541434608107,0.12169548612952845,0.040484715076292005,0.13690827698677907,0.04139261655969871,0.08007390512562103,0.04007850209515727,0.1657455046942131,0.040661521596916494,0.12322309446772398,0.4715961477702776,0.1221370604147881,0.04187043618168638,0.08165367138740076,0.2719535834663401,0.04137007372831909,0.2890150108736011,0.08276666843473186,0.44907138689560583,0.13469209144433245,0.16424264926890503,0.04231687264626319,0.040366696723775165,0.12124197740412668,0.12623189943245106,0.041345320815431665,0.08174030658250676,0.4696524867837125,0.33880413509650226,0.3081992162818332,0.04100850439364202,0.08318304779080252,0.2081697873017557,0.042250128184727447,0.04009441468201347,0.08238299828497675,0.14502220886350736,0.20168540815785285,0.15931505153910075,0.04283226365388356,0.2812271256563942,0.1205099984087413,0.2060503191357697,0.12418978411923831,1.5107728213016498,0.16381831361940624,0.04001617779663714,0.23973434140251088,0.08285772379285346,0.08375059672200708,0.24702699835569933,0.16212450715182378,0.3250623242985201,0.08025159567884861,0.12209064870312417,0.17407176576672148,0.04070086104775545,0.041185752930568066,0.04126531586484909,0.07884067964426526,0.07976714581233756,0.20645697413320602,0.4770600906428095,0.08376385721105394,0.04116895631110875,0.20821398893191181
71.0,0.279101174584652,0.8990711469438992,0.5005064180766986,0.7625703542613319,0.3111228982124861,0.041379798086953454,0.16498700472073408,0.04245036156933468,0.040792800438480166,0.6876713918209303,0.6613658598395777,0.04105801021941688,0.041162768082886894,0.08021977050513622,0.040969606959104655,0.04140897116285648,0.21126155320108203,1.5446843119574247,0.12411287328276667,0.32683746176558987,0.7434678830955286,0.04079059035697236,0.12305601230573385,0.0408016407645114,0.04139792075531745,0.5578613980533601,0.25438922187450275,0.041496932406867165,0.083316536713874,0.08038950476493571,0.24330875722696654,0.08118867023815837,0.08206032638483705,0.16093283120281474,0.08307696387842783,0.10147478739015894,0.040481620962181074,0.24209321239767323,0.041453172793012596,0.0800765572234304,0.040099276861330635,0.16581976343287536,0.04068936862391484,0.12318596509839283,0.3508183931823406,0.1222497745716862,0.04190137732279566,0.08173323432168178,0.575827012500221,0.041389080429286226,0.2891325872098163,0.08284623136901288,0.35531189933141877,0.13981682844463306,0.16426740218179245,0.042271786983503944,0.040343269859792426,0.12119821779027211,0.12614438020474192,0.041357255255573815,0.08177831998444103,0.4697691790873247,0.2877025076297716,0.4116726191528611,0.04101513463816544,0.08332979720292083,0.20825156031754455,0.042253664315139945,0.040144804540391446,0.08230166728548949,0.1439857051928075,0.20176497109213384,0.13936508778443749,0.04282519139305858,0.2812178433140614,0.12059619158754574,0.20594644530490283,0.12414735055428845,1.5119667073321663,0.16395975883590583,0.040038278611715196,0.3015510612031372,0.08288424477094714,0.08377004543927578,0.24695539171484646,0.16197952580491165,0.325624569034106,0.08031613005887656,0.12207738821407732,0.09677836418607116,0.04070174508035856,0.04126354779964284,0.04127415619088032,0.07882741915521843,0.07983698438798421,0.20654537739351825,0.39817226259304445,0.08387966548206297,0.04118000671864778,0.20838416520801287
72.0,0.6494348379568238,0.9357577927473966,0.0732305203415902,0.21262829523152812,0.30129624437692115,0.04142532576601425,0.1651514347849148,0.04248837497126894,0.040795452536289536,0.41140402058027903,0.359749708269241,0.041109284110397985,0.04113315299068229,0.08028342085256103,0.04096120864937498,0.04138996446188935,0.4195608911834446,1.544684311957425,0.12410093884262453,0.32698951537332693,1.0203210364398236,0.040819763432875404,0.12317005251153662,0.04087236337276118,0.041394384624904954,0.3747041142877349,0.5542262836153398,0.04150754079810463,0.08337930302869569,0.08036651991725453,0.2437065718983716,0.08120458282501455,0.08207270284128076,0.16081437083399633,0.08310260082391836,0.10144163616754186,0.040516098233702856,0.35960501423292496,0.04145759295602821,0.08006594883219294,0.04012181969271026,0.16576848954189427,0.040696882901041384,0.1232217684188193,0.45155547458329387,0.12224844852278154,0.041942042822539286,0.08171997383263495,0.39372287738860695,0.041411181244364284,0.2894976926749058,0.0827649003695256,0.5163480789971534,0.1864141869552149,0.16433812479004223,0.04227488109761487,0.040371116886790785,0.12133745292526389,0.12618150957407306,0.041336922505702,0.0818136812885659,0.4697594547286903,0.39796259444669,0.3506206891132367,0.0410213228663873,0.0833518980179989,0.20845267773475484,0.042277091179122685,0.04018591205643664,0.08247316961049522,0.09610428932619035,0.20185337435244613,0.1595024664509627,0.04286408882759596,0.2813477961067204,0.12076327374953587,0.2060326384837073,0.12418050177690554,1.513847486695309,0.16389787655368726,0.040049771035555785,0.3675011934440142,0.08287894057532841,0.08389999823193478,0.2470376067469368,0.1621810852384236,0.32564224968616845,0.08023745115719867,0.12200180342651035,0.05807828992733251,0.04071412153680228,0.04125956965292879,0.04127636627238812,0.07882565109001219,0.07986085326826854,0.2064415035626514,0.18565953883807804,0.08387170918863486,0.0411592319524744,0.20865379515196522
73.0,0.5610894154776429,0.7322717869835039,0.32555031029544373,0.6394978694814264,0.7887623985572588,0.04146112908644071,0.16497462826429038,0.04250075142771265,0.040829487791509744,0.5250920277939849,0.2027605546513608,0.041091603458335534,0.04115613783836347,0.08028695698297353,0.04097004897540621,0.04139482664120652,0.3093839078562995,1.5453393801163384,0.12418182782581022,0.32736788132746325,0.49099804334117164,0.04083877013384253,0.12325624569034105,0.04089137007372832,0.04136786364681129,0.32910311677749227,0.7604128937418068,0.041601690270337166,0.08341820046323309,0.08036828798246079,0.24420516628653263,0.0812532046181863,0.08215138174295866,0.16092752700719598,0.0831591789105182,0.12184665570466238,0.04056295196166834,0.3472033923277758,0.0414748315917891,0.08009777400590534,0.040145246556693,0.16579501051998793,0.04069290475432733,0.1233331565268127,0.5188647904703144,0.12219805866440354,0.04195309323007832,0.08190650471189377,0.29639034754268406,0.041427535847522054,0.28979472762955505,0.08281087006488798,0.27026341358742034,0.6391343552750226,0.16441238352870455,0.042272228999805504,0.04039056560405947,0.12132949663183579,0.1263008539754946,0.04135018299474884,0.0818251737124065,0.46943368871443963,0.38499282326259454,0.5319890613020353,0.04104430771406848,0.08336427447444261,0.20854108099506707,0.042322176841881935,0.04020359270849908,0.08252355946887323,0.179349293068595,0.20201913046553155,0.15958733358086247,0.042893261903499,0.2815643840944854,0.12079907706996235,0.20606136954330875,0.12404922293534186,1.514714280662671,0.16391378914054347,0.04007673402995102,0.4010385909699017,0.08298944465071871,0.08395746035113774,0.24688378507399353,0.16244099082374155,0.32576247812019304,0.08027281246132356,0.12198589083965415,0.05813332095687688,0.04074594671051468,0.0413152637069255,0.041265757881150646,0.07893173500238689,0.07992361958309022,0.2065873689421666,0.24467193550098126,0.08386728902561927,0.04117205042521968,0.20865600523347302
74.0,0.44168257925352283,0.5467581419402748,0.10858631399659352,0.9058179953676689,0.8157585196186479,0.04154201806962641,0.16495341148181542,0.04250914973744232,0.04089358015523612,0.6745416290952808,0.12926981432789528,0.04114155130041195,0.04116984034371188,0.08034265103697023,0.040981541399246806,0.04134929896214572,0.17121236231192205,1.5465151434784912,0.12422028324404605,0.32736788132746325,0.5930813398398131,0.0408471684435722,0.12333978677133611,0.04089048604112519,0.041368747679414404,0.3789547198500681,0.5280564101204052,0.04153892395551547,0.08343764918050177,0.08039038879753885,0.2440937781785392,0.08129917431354866,0.08216552626460863,0.16089039763786483,0.08318304779080252,0.12199517318198694,0.04058195866263546,0.15293985042168354,0.04143239802683922,0.08014993192948955,0.04015762301313672,0.1656659417599321,0.04070174508035856,0.12337426404285791,0.5825020690572592,0.12224314432716277,0.04195353524637988,0.08191799713573436,0.2600330713745109,0.04142223165190332,0.28967096306511786,0.08277462472815997,0.3636304566912428,0.09981059601478103,0.1645149313106667,0.042300518043105424,0.040391449636662594,0.12137060414788098,0.12632737495358826,0.041347530896939474,0.08178981240828159,0.46972055729415296,0.32866298909103764,0.311647760997997,0.041031931257624776,0.08336515850704573,0.20871346735267596,0.04232571297229441,0.04023939602892554,0.08260047030534486,0.1665098982183796,0.20200586997648473,0.15964214360225606,0.0428817694796584,0.28162626637670396,0.12090516098233701,0.2064061422585265,0.12396037765872805,1.5155483654237167,0.16414186955214904,0.040063473540904185,0.25454308373074613,0.08299386481373432,0.08393977969907529,0.24715429905054898,0.16258420410544738,0.32597464594494246,0.080247175515833,0.12209064870312417,0.03878251029897982,0.040727824042150675,0.04131879983733799,0.041266641913753774,0.07888222917661203,0.07999611025654624,0.2065873689421666,0.12838617638218497,0.08387878144945984,0.041177796637139975,0.20867589596704328
75.0,0.2265186206733971,0.5257305547206359,0.07133402729892678,0.36390494881451224,0.396974840432115,0.041549974363054513,0.9878003500769106,0.04256793790554996,0.1841921710072667,0.4391094089800031,0.44716980980440374,0.04115878993617284,0.04118442688166339,0.6961957130312297,0.08199667603741226,0.9495089198889655,0.2567369177908615,1.5483123817606388,0.24857051928075105,0.3069438550893756,0.28526661958029853,0.08169964108276313,0.18506139606428684,0.04090153644866422,0.04135681323927225,0.3912840010994151,0.5028699676444067,0.04152522145016708,0.2502705139765555,0.662746645096271,0.24435103166604782,0.36598949769267486,0.22578258986191407,0.4258863310878904,0.16626708393005535,0.12206545377393517,0.3450180342651037,0.142706583685473,0.04145494085821885,0.1603140083806291,0.040168673420675746,0.2276958574232217,0.08149277745363248,0.18510714475149842,0.48363270669680364,0.12215960324616772,0.041958839441998616,0.30753726197422154,0.24548094909740267,0.04143062996163297,0.16557400236920738,0.8414161907624487,0.37489758222283237,0.0399551795470217,0.16465107233154758,0.042285931505153904,0.10092668717622305,0.10124272883183931,0.1262743329974009,0.04134266871762231,0.08177920401704414,0.363446798917944,0.5298995946970525,0.3002365363756354,0.041043423681465366,0.30564955768902097,0.20891900493290194,0.10585074877561483,0.10068578829187219,0.12398689863682172,0.15385349811701057,0.9414461005321875,1.1167771707420568,1.1768661928251913,0.28165720751781326,0.3430192365494439,0.20634647005781573,0.9999335870506904,1.515188564154246,0.16428685089906114,0.04004269877473081,0.31533796566417366,0.24921763114623666,0.10492693470535192,0.24705617143160238,0.7920291200339469,0.16302268427659614,0.28106004349440405,0.10174110221184955,0.11639526865750809,0.14258296645980303,0.08259074594671051,0.14439147615764067,0.09856742516664013,0.2602028412807864,0.2065564278010573,0.17789476475892435,0.08396630067716898,0.041208737778249266,0.20861180360331688
76.0,0.4346752948248731,0.9023526001924664,0.1630209162113899,0.5131325569001268,0.6048736296442231,0.9386897752789123,0.23528148860987136,0.04256882193815308,0.20468006860093002,0.6471842677557947,0.3013516858501742,0.04116542018069626,0.041241889000866346,0.5418951890945738,0.04102662706200604,0.7226071447514983,0.25505684329638073,1.5484299580968544,0.1243608444279425,0.3074046570837532,0.3592923982036457,0.04084230626425503,0.12342067575452183,0.04092496331264696,0.041401014869428376,0.37557615351520834,0.5099559751763645,0.041517265156738974,0.08347654661503914,0.5758206769332319,0.24435103166604785,0.0813318835198642,0.08209126752594634,0.5165794000197012,0.08319896037765873,0.12213838646369277,0.04060538552661822,0.3112395905160983,0.0414646652168532,0.16041655616259126,0.040194310366166296,0.3312929860853268,0.04076362736257713,0.12342730599904525,0.24329201112365595,0.12230414257677823,0.04202204777312187,0.46534916341047994,0.27271605524180154,0.04147173747767817,0.16569599886843825,0.11046635666590049,0.29711688552788107,0.04001750384554183,0.16463162361427888,0.04227046093459926,0.040395427783376646,0.10127809013596423,0.12631278841563676,0.0413917325270956,0.13640328388644304,0.47086316943368867,0.4028584792388961,0.34202027970791565,0.04103458335543413,0.22907914743895755,0.20907592071995615,0.04236063226011775,0.04026635902332077,0.12398292049010769,0.07704432539472056,0.530347828942217,0.2196416573843243,0.6068121784331405,0.28175621916936294,0.12109743807351614,0.20653653706748706,0.4431269780229495,1.5155320108205592,0.16436287770292965,0.1803472922081366,0.4514935050804673,0.24952792658993259,0.10494793047967609,0.24709860499655228,0.5995422921197334,0.1630014674941212,0.080377128308492,1.037252028854824,0.1164509627115048,0.04079280043848017,0.04133029226117858,0.04123791085415229,0.0985961562262416,0.08011103449495217,0.20671334358811153,0.15835145600169734,0.08404321151364061,0.061923831750914975,0.2088195512650507
77.0,0.5295134284552413,1.0791327787502134,0.17639912893320842,0.6973461681266804,0.3989980227137444,0.6518515431420537,1.012832440460404,1.2991444774483283,0.19449225587439667,0.5280798222505112,0.30571282268890076,0.10297101257094358,0.04125912763662722,0.35100790767163487,0.04101646068707014,0.2891387754380381,0.1993272511890239,0.9651890061705475,0.7454251312788416,0.4782469044125014,0.5898795947594546,0.04085026255768312,0.1372563753484562,0.040907282660584514,0.062135336551212,0.6012747042910941,0.3371662946929483,0.04152477943386552,0.0833952156155519,0.5730741349740978,0.16301561201577114,0.5687662440990824,0.08202496508071216,0.4896371930196785,0.5199990275641366,0.16281935677787793,0.18278390707049275,0.1883097738644601,0.041512402977421814,0.13359942714687323,0.16079492211672766,1.2099065798546647,0.12240227019572483,0.19195265121377678,0.2648477175838246,0.18358948178008805,0.18922651567389803,0.46482817352970646,0.24352023320011348,0.5597968493078025,0.2628223035532217,0.19332850062176957,0.36970390801346087,0.06013499177849679,0.4114597146342757,1.3076574904082463,1.2158885706371518,0.12144088473982921,0.12625842041054472,0.041441238352870446,0.0818446224296752,0.47154387453809293,0.3069481647483158,0.304126860643065,0.041062430382432485,0.6875802259587332,0.31340834349970825,0.1903105606534769,0.040303488392651916,0.08274014745663819,0.07708587492706731,0.8458441627327217,0.13987561661274067,0.384396382538588,0.26176868402906694,0.12113456744284727,0.6260704750791208,0.9097069431920648,0.7790188122137944,0.18494801888293638,0.12014533495995333,0.32765195047060003,0.08321487296451492,0.7688888299533819,1.3863786783123229,0.2390292658993264,0.4485020067540091,0.12057497480507079,0.10840243521514405,0.19423964355805437,0.04084716844357219,0.06203323078555137,0.10316218462136884,0.07899184921939921,0.7075537639161464,0.8479052847469014,0.4116586219699782,0.08402111069856256,0.06884772243733682,0.12529703495464914
78.0,0.17643935241665046,1.0725958733358085,0.9226129646328023,0.39031678288295263,0.5577108796629562,0.19082895737194788,0.5076250758794651,0.042653247051751275,0.409439700136141,0.47531957778602874,0.4388710398496639,0.04116497816439469,0.04125912763662722,0.6192769202661528,0.04102574302940292,0.3013432875404445,0.4391617602857193,0.964090595661168,0.9152660643457865,0.2050182110716243,0.6099958370101052,0.04093468767128131,0.12358643186760727,0.04090242048126734,0.0414337240757439,0.5175663490361416,0.2895243315240133,0.10385725525557382,0.08347035838681731,0.3205608302834208,0.16319772273201436,0.7179474825698238,0.0820700507434714,0.2562612714156897,0.0831786276277869,0.142669601654909,0.43319954973272745,0.7016734737177107,0.041508424830707755,0.5454403366396152,0.040219505295355285,0.5837344946995929,0.04080782899273325,0.9725431260571556,0.1406466403814306,0.4284357927120352,0.18917877791332946,0.9436124224261391,0.35721844767089556,0.6804645212458292,0.2905342209020669,0.09667353265321757,0.1556677224541755,0.04010900121996499,0.3292880001414452,0.9701873265086016,0.38452525038214314,0.1214236461040683,0.1266138015169999,0.04147527360809066,0.08180307289732844,0.47199119503527287,0.29789761446402147,0.5074528921126611,0.04105977828462313,0.49989922028324396,0.2510661433193656,0.04236284234162556,0.040299952262239425,0.0827445676196538,0.05801397655545537,0.4371708083594123,0.23965681854346785,0.540583347856726,0.2819356777877968,0.12113456744284727,0.7861136158701534,0.49765253178900876,0.8605845223571845,0.16433989285524844,0.04007319789953853,0.6798764711775903,0.08318835198642126,0.7549567708057073,0.6493381247900424,0.15689696978881723,0.16306511784154598,0.08040099718877632,0.6709296928870735,0.07771707420569669,0.8178362418005977,0.041371841793525335,0.1031544493360915,0.0988138492547605,1.1799426262840573,0.20694761222793895,0.1089796716702912,0.08412189041531852,0.04135327710885978,0.1253474248130271
79.0,0.10850734041738126,0.3471712061740837,0.31565433883201616,0.34641613182694175,0.5264779643823264,0.22136412124212476,0.5021799296815208,0.10680108382397144,0.7317304839980275,0.48710916287164086,0.09360126151452465,0.9375792314220546,0.04127857635389592,0.4139526865750809,0.04106154634982938,0.22295443695963504,0.10273507058368883,0.9103185758824119,0.26211404609935346,0.32824837780017324,0.5342128076433458,0.04093424565497975,0.1030030587528068,0.04090021039975954,0.04145626690712352,0.5845057601853388,0.28163363331506336,0.04156190880319666,0.08352251631040152,0.6859465337081632,0.24498753514029595,0.35201294223730967,0.4244076981559079,0.8562527626018847,0.45785683976025027,0.14270518396718468,0.31509938736540594,0.4485506285471808,0.23539725478408977,0.24059566116798395,0.04024337417563959,0.6971223854735762,0.04082108948178008,0.3387504641171167,0.5304628163258089,0.36757280008486715,0.04204282253929524,0.2216583567601973,0.31583618118121914,0.14193724378840805,0.1660531480400997,0.08289927332520022,0.26751428817694795,0.04012093566010714,0.7155553492812813,0.0506089216570307,0.45900625895083,0.12151646952739617,0.12662971410385612,0.04150754079810463,0.08183047790802525,0.47210788733888503,0.4568735142224773,0.4087592476124805,0.041066850545448105,0.29179352534521474,0.20936765147898653,0.04235886419491151,0.040336197598967435,0.08271009034813202,0.05809022436747468,0.35525615184688014,0.13971936385013878,0.12827003659894978,0.2821955833731148,0.12114517583408475,0.6494987535140295,0.38596904253828873,0.7018770222245797,0.16438232642019834,0.040156296964232036,0.7152628936155164,0.08319277214943685,1.0687218214607754,0.1702457989507796,0.10858395657631853,0.16312346399335206,0.08042663413426686,0.18696573489630294,0.07772591453172792,0.8182605774500963,0.04138333421736593,0.0413108435439099,0.07903428278434908,0.8047206788486359,0.20694982230944678,0.09259652162638425,0.08418112059972772,0.04137979808695345,0.20906929047543274
80.0,0.6350437596138545,0.45925033515236036,0.27693116922152095,0.31737584692649773,0.3774942316872646,0.5319937292620686,0.49857018776852485,0.09981405847580994,0.8653105115405544,0.3398966439596577,0.6590468581481285,0.4580636481373432,0.04127194610937251,0.3721702796399131,0.041095581605049586,0.12394976926749057,0.1098111043335278,0.8878858360296327,0.20680174684842378,0.5952642373450733,0.5041469969412472,0.040884739829204896,0.12362488728584309,1.0839727099135414,0.041463781184250065,0.37924123481674,0.24961544581764175,0.041557488640181044,0.0834544457999611,0.5980222717280479,0.24509627115048002,0.3722490725457954,0.2873132481125904,0.560950511854877,0.6443466115030321,0.25836839995992383,0.15240280061528666,0.22640499301614242,0.2702816969889849,0.21073237681005674,0.040257960713591105,0.3579855493820612,0.04082639367739882,0.7735755287988355,0.39000798576118156,0.2181462425667592,0.04204238052299369,0.4350649763963295,0.31978383929465987,0.1587377782492618,0.16603900351844975,0.9114252373627539,0.4235486394738238,0.040117841545996215,0.214591793034216,0.14325518485121727,0.4231665943840009,0.12152442582082428,0.12665756113085447,0.04148809208083594,0.08184639049488145,0.47267676231899425,0.5508680396496659,0.2917150544512081,0.0410350253717357,0.09712939879889436,0.20925714740359624,0.04238759525451298,0.0402990682296363,0.08267738114181651,0.07739175020774766,0.5257085288673866,0.13968223448080763,0.13530376833630955,0.9467060945207657,0.12117037076327375,0.15055089965051247,0.5392187172434346,0.3187693873261157,0.16432044413797978,0.1405346629183684,0.3122297070315953,0.08322548135575239,1.0987624648597036,0.657713184462243,0.16284234162555913,0.20368774200392506,0.08047083576442297,0.1353468649257118,0.03888019590162484,0.4907760038190208,0.041362559451192556,0.041347088880637914,0.079105889425202,0.44614642821360584,0.20673102424017395,0.1191110168143001,0.08415636768684027,0.04138068211955657,0.209100231616542
81.0,0.5021244776840703,0.42022185903216114,0.3668209303559115,0.3967202832440459,0.25217392036465924,0.5369375342562633,0.49170423805229935,0.08556463162361427,0.2881025532221628,0.4542951064035241,0.7525659046305629,0.3925306120845292,0.041265757881150646,0.3265648722342271,0.04108232111600275,0.06880646758252444,0.13323402700424922,0.5090204476741101,0.40025253864695853,0.32820594423522337,0.22654062772744146,0.04085247263919093,0.12359704025884474,0.1090684064428296,0.041474389575487526,0.4322900195586239,0.25456508911048636,0.04156456090100603,0.08346682225640481,0.18698762943710698,0.2452129634540922,0.5351392351349917,0.3284145759295603,0.3998877278594034,0.5576006597409026,0.20412312806096286,0.10841422231651901,0.15621209710214112,1.1220879966053148,0.5017769055322759,0.0403048144415566,0.5069852941176469,0.04082374157958945,0.42576131782740145,0.4205588830224167,0.13613365394249072,0.04207022754999204,0.5878962676143497,0.12521052604991498,0.15731881751799004,0.16603369932283102,0.11035791533325082,1.1905828426952385,0.040106791138457186,0.4586045103343412,0.1686928693930232,0.2065885687006993,0.12166631305362542,0.1266244099082374,0.0414907441786453,0.08190120051627503,0.47297335525734174,0.3896701772583595,0.18679166887674814,0.04096386074718435,0.06233424388691455,0.20925051715907278,0.04239908767835358,0.040295532099223805,0.0826057745009636,0.07740235859898512,0.2990174379449295,0.15966159231952476,0.4523024629148323,0.28219558337311484,0.12126452023550627,0.5332139889319119,0.562578457893527,0.3754250723433348,0.16435403737689844,0.060296769744868174,0.307650337780821,0.8944648508636998,0.4685726409589985,0.5338805495146661,0.21383499973479017,0.48880284304885163,0.08045050301455117,0.2433564949875351,0.03889389840697324,0.507113279937764,0.041348856945844156,0.04145228876040948,0.07913152637069254,0.18401748616488975,0.18616930992414998,0.11917201506391556,0.08419968528439328,0.04139482664120652,0.209259357485104
82.0,0.41144154285298934,0.48900943655690915,0.4483707279124455,0.6629838908458944,0.3925940168673421,0.44339534042015466,0.2218396939479128,0.5026766297141039,0.3016069618963336,0.7017170438960073,0.17843595344523583,0.5031284808783748,0.5569504853338991,0.3757369109667501,0.04110265386587457,0.14443169964108277,0.559013596421436,0.8420777860287487,0.11670299236999497,0.27344896479782166,0.39539863792676666,0.12263565480294913,0.123851641648544,0.22905107940380837,0.041473505542884405,0.374400851814526,0.27522336557105564,0.6785629460681175,0.3544296663660955,0.3155242202832441,0.24517583408476107,0.2979324486577974,0.24633214872964512,0.4655197817028826,0.4625926024151771,0.1428645308438975,0.21335231793348536,0.03906274863416962,0.858936980262499,0.35428446401103275,0.04029376403401757,0.3773443339135801,0.06123030817376544,0.22573639915840096,0.33508274240326397,0.08167754026768506,0.04210072667479976,0.48273395922841644,0.4244359208967626,0.6827739617037074,0.12445897204688909,0.19656873795505572,0.22643964709418476,0.04012226170901183,0.28214922691348865,0.32344660737754666,0.274591650606741,0.14197497303700563,0.21111361587015326,0.041482787885217205,0.6969266606552449,0.3869702434625789,0.4205733540786317,0.4858409549572759,0.12272715217737228,0.2389682676497109,0.20904497957884685,0.042432680917272224,0.0604731342491911,0.690971927544688,0.07741473505542884,0.49854153564040576,0.19962561219257763,0.6177093831220494,0.24191110168143,0.12138651673473717,0.33396238567564085,0.45806750472957436,0.4399243489099878,0.4312065718983715,0.04016999946958043,0.34810120405240547,0.08322017716013366,0.3284992536239021,0.25647167117523295,0.10860988819934346,0.5228155554376845,0.3016893863045669,0.8310149578316447,0.7785056312876818,0.5714395586909247,0.6475633114682602,0.12448814512279212,0.07916335154440494,0.13604749023143972,0.4553965770257605,0.09269759602067455,0.0631630244523418,0.04137935607065188,0.20909139129051077
83.0,0.462770381371665,0.5097686865548744,0.22016893863045667,0.582235630050036,0.4900646388566082,0.34122907052812107,0.638534471151296,0.5478173235028908,0.18831362572080232,0.3146806874237522,0.41738576404412087,0.5182569308156084,0.10318870559946251,0.33889014126840994,0.041097791686557396,0.3026252821537392,0.2895789131703177,0.5509471146438737,0.28987826871055,0.1845740730918156,0.24475680263088095,0.040927173394154776,0.12399485493024982,0.6674952998933267,0.041500468537279636,0.42681817751950313,0.8828886649339629,0.6785629460681176,0.06256696546968653,0.2693394990589071,0.24537739351827295,0.5832213190355793,0.1505168643952922,0.4512844591890366,0.4738410332573065,0.12251763645043227,0.2844078749624286,0.03906053855266182,0.7608338195512652,0.24572719416892094,0.04032205307731748,0.39205238616472904,0.04085291465549249,0.1641507098781803,0.3440727564032562,0.12257200445552431,0.04209586449548259,0.15008413043606383,0.2681331160220461,0.5071136998532505,1.0166748439682456,0.49628706306688586,0.12143955869092452,0.040187680121642894,0.4515943527997312,0.04220018034265103,0.24681015778719056,0.14208481408794357,0.12669071235347157,0.04151417104262805,0.5193906657944211,0.47280317898124075,0.6446960695910465,0.3052851336657296,0.1228809738503156,0.27035639774394876,0.2088770133842536,0.04247202036811118,0.04033442953376119,0.881024534851512,0.077488109761488,0.29583974256970597,0.23965416644565843,0.3692362547664091,0.28234719496455024,0.12140375537049805,0.5733455329832564,0.5235668011436263,0.6283310348485651,1.1494881451227916,0.040202708675895954,0.2874681306246574,0.4493078024717552,0.5466945284275416,0.5557605604494693,0.1629077600381902,0.5558826476187108,0.3015667267808836,0.6685593804699517,0.40861335066037235,0.6804325276849543,0.18611361587015327,0.04151372902632648,0.07921727753319542,0.43368576766444483,0.2621644359577314,0.03974168567336763,0.08410509379585918,0.041397478739015885,0.2092195760179635
84.0,0.30944571646913444,0.5367351247914023,0.20395516186636964,0.37387100196255224,0.35521269824431123,0.5310577096483319,0.5894874631547838,0.3103352251631041,0.31434917519758127,0.33735627103260896,0.3527422691348857,0.3127538831132091,0.08264467193550097,0.1595289874290564,0.041098675719160524,0.8112382644671936,0.3000152495624039,0.2936831710353477,0.3002406778762,0.3282802029738856,0.25181182482009934,0.040990381725278024,0.12404657083753248,0.476632808217967,0.04150754079810462,0.4255656040594777,0.8062178433140614,0.04157119114552944,0.08346859032161107,0.1086057416654669,0.24567177637511275,0.3542605951307484,0.616022648915292,0.348277933956871,0.4933062156332325,0.12262239431390229,0.5958114535264061,0.039107834296928864,0.5069200107655526,0.46146700790325135,0.04040205802790007,0.17808851523777527,0.04085910288371434,0.1437943121342315,0.33067446927442684,0.9201154988595978,0.04210956700083098,0.35933111146472413,0.3926194604307007,0.7038773669972949,0.9229133515444049,0.28957504552767904,0.16210859456496757,0.040187238105341326,0.16430276348591732,0.04223775172828373,0.7232668540815785,0.1015985519545961,0.12673447196732615,0.041561024770593535,0.1778069508536808,0.47278859244328925,0.5260341287100954,0.7416812532046182,0.04098728761116709,0.5141069502643258,0.20908697112749522,0.04248704892236425,0.04037465301720326,0.22306900758499967,0.07764281546703443,0.2607745893668559,0.6791253381424707,0.38976643858625504,0.262662219982673,0.12147536201135098,0.4841113556934646,0.4350057410117285,0.7280391567507676,0.848714911272594,0.04021375908343498,0.3106667373892749,0.4090876341519475,0.40919102176488265,0.5148790054043859,0.16332679149207022,0.5200318251737124,0.3459067522410225,0.5910003400925425,0.4204789688643717,0.4341080271767695,0.22073704744897654,0.04154422815113421,0.07933043370639509,0.620607020986934,0.18634037023285416,0.039783677222015944,0.08416078784985588,0.04141825350518927,0.20929913895224453
85.0,0.31615657985466505,0.43410995597517643,0.14564437136441594,0.40015766264218444,0.2988403702328542,0.4668387767640871,0.40012898035679556,0.6311304345904277,0.47203707001285633,0.5779136086117802,0.38993898779197506,0.5437609399034635,0.2478571049700313,0.299342279743277,0.04115657985466504,0.3467251896249934,0.2079048427305999,0.4106909377817853,1.0096939857999105,0.20547127778072452,0.45701303064057003,0.04097314308951713,0.12408635230467298,0.12263565480294913,0.04154378613483264,0.4928589032217166,0.5858452014710303,0.665853356671794,0.1462494916812532,0.1668003765978889,0.24588659629767146,0.40039693063880194,0.292465887391927,0.3534032729412775,0.643373733623296,0.9008548595272193,0.457049275977298,0.039179882954083346,0.16586219699782526,0.410404723726211,0.040407362223518796,0.6106655770964833,0.04091921710072667,0.08221591612298662,0.3174149545393855,0.6339053024275535,0.0421356459626231,0.43320019802330306,0.27817000638809647,0.5844646740571792,0.24890203150692197,0.2483053094998143,0.16223412719461094,0.0402296716702912,0.1725791651196096,0.04227532311391643,0.5934658940221715,0.12198986898636822,0.126932053254124,0.04157693735744974,0.25511050407539027,0.27985775915415756,0.27538750095770204,0.1925868562032568,0.041016018670768574,0.38920242578546294,0.2092858784631977,0.04253788079704379,0.04036890680528297,0.214807192489259,0.0777206103361092,0.26082917838009867,0.16000990116515496,0.5115419296663661,0.28290722961862835,0.12167294329814884,0.3352476175321346,0.4255763700391357,0.7848589771546329,0.5686967738703536,0.04033089340334871,0.3339236591045478,0.7368189475970729,0.2884712504560804,0.15828477468534752,0.16376173553280643,0.9095064169716578,0.6434979402040346,0.6009504370521185,0.11681827825810215,0.39408685325648146,0.09322488463374527,0.04159727010732156,0.07938877985820116,0.45349664362288344,0.2073586873883909,0.03978102512420658,0.08420940964302763,0.041445216499584506,0.2092902986262133
86.0,0.378180926112555,0.6233113503892692,0.4160324616771866,0.461147773060905,0.4316627717230211,0.22451344613589347,0.4288720628016761,0.6334791987128486,0.30155732165624494,0.6595772934962985,0.5847859549060169,0.5288272423486977,0.5532928446401102,0.13120433024427083,0.04115436977315723,0.11574214537032126,0.3398669972948602,0.6700415495323467,0.32539599135416114,0.20596412595696528,0.4024620939448817,0.04101999681748262,0.1243038243250411,0.12261841616718824,0.04156942308032319,0.4716968121784331,0.44012619074280357,0.04164721794939797,0.08366130942909174,0.1601106808819109,0.24627645467564843,0.6385810613695433,0.5375298803019856,0.4189724447037606,0.40291553952509773,0.9014577697625485,0.44699959334500255,0.03923248289396913,0.4288062023727434,0.45669336445128084,0.040440955462437436,0.6062646630407729,0.04092938347566258,0.12349758659099347,0.47335525734189077,0.4502815643840945,0.0421652610548277,0.3868851352328784,0.2695934776074541,0.43253566391528514,0.6315932035573472,0.15178589319707445,0.20305786877420043,0.040289343871001956,0.7266700849260654,0.042329691119008465,0.5824649923089165,0.1220654537739352,0.12710443961173287,0.04161627680828868,0.05490726497993246,0.4740138616312169,0.1770402981350841,0.32791421347619304,0.04101292455665764,0.08345090966954861,0.20928808854470551,0.04257324210116869,0.040377305115012634,0.2620384613117865,0.07779928923778708,0.2720626052244362,0.20606799978783208,0.7496571216403604,0.2832290174861649,0.12180422213971252,0.3428917658483245,0.29392083348454945,0.6236754665797789,0.34290151287446147,0.0403720009193939,0.18579683752070109,0.5447547398881405,0.245090141857765,0.14599503763032115,0.16383599427146872,0.39069850362748043,0.7924544028612347,0.45458017291677705,0.3019826641206528,0.45637717855876625,0.41413391325872095,0.04163042132993865,0.079402040347248,0.3510041250321311,0.2074603511377499,0.039833625064092354,0.08430488516416483,0.04151505507523117,0.20932565993033822
87.0,0.7814239334146642,0.4908468000966542,0.0408458423946675,0.43331058422767965,0.24988330769638784,0.30133701894562237,0.2704397178167931,0.12132802324416392,0.3039237787089588,0.48825581904851945,0.45458766392988786,0.44622705935394896,0.37173394154776424,0.15196069591046518,0.04122376633250234,0.21505083187467955,0.4362472626561896,0.4913471543645344,0.44392050778832726,0.3298537810074435,0.510799563287894,0.04102662706200604,0.12432238900970667,0.13072791244541093,0.04156809703141851,0.410282298515517,0.3502145252450244,0.1041843473187291,0.08381336303682879,0.24534275049063806,0.24649657879382592,0.3934091833306812,0.4920437065718984,0.31194609832210607,0.745464912745982,0.6292308326997765,0.20323246521331706,0.03927580049152212,0.13635287297966975,0.44332019071530027,0.04049974363054508,0.40311066963058684,0.04097933131773899,0.12359836630774944,0.33198478303629836,0.13304635424954472,0.04220636857087289,0.3993631650135257,0.2418061228098092,0.30969540656659417,0.9738777206103361,0.12434227974327693,0.20335180961473862,0.04030260436004879,0.5586895100691315,0.042382291058894246,0.5629183684294276,0.12224844852278152,0.12718930674163262,0.04164235577008079,0.08240686716526106,0.47447576866634833,0.23910783429692886,0.29870122981564134,0.04110265386587456,0.08348450290846728,0.20937870188652555,0.0426289361551654,0.0606110433352782,0.6293491751975813,0.07787266394384625,0.33761735532806453,0.21573318348980708,0.8032097960915655,0.28356008769603425,0.12200445552431972,0.17387661556958223,0.3552756855672837,0.5897883384848325,0.26369631712017527,0.040404710125709425,0.4143149390258603,0.5095859443867717,0.3666443618440648,0.6009065201824643,0.16382361781502502,0.3422634853648402,0.522526034760162,0.4336274636094293,0.1405749748050708,0.4341926130235683,0.508135912779736,0.04164942803090577,0.07952757297689138,0.3832850430523877,0.2076703088809915,0.039890203150692194,0.08434201453349598,0.04153273572729362,0.2094383740872363
88.0,0.4235008627118168,0.46550537933839004,0.368034265103697,0.30008029454746976,0.2150333673194756,0.4560653476900228,0.3121552904299682,0.44133621527961947,0.42016206843422665,0.29666761805413483,0.32896002404568686,0.21743643805583548,0.4072156003970569,0.6915324831465499,0.0412595696529288,0.1656924627380258,0.5583823971428067,0.42024502972760547,0.3843029130914348,0.3304407786559168,0.4401035496855791,0.041086299262716806,0.12441388638412984,0.6406937887869305,0.0416410297211761,0.42711880984383466,0.4733169787301755,0.10426833041602572,0.08386375289520677,0.26048440566488085,0.2468121784331406,0.20823172483601193,0.5015690473664668,0.2046457018334836,0.4922249332555385,0.2325593627892997,0.10153666967237751,0.03932707438250322,0.20761063668028074,0.4483436267879559,0.040565604059477706,0.5119599410826271,0.04102662706200604,0.14437909970119694,0.42927507116462454,0.12292075531745608,0.042253664315139945,0.19917342951608055,0.16999597363332575,0.3449487955687233,0.41911458694596654,0.6844441202991567,0.20365901094432362,0.04036139252815644,0.7553506073303983,0.04240925405328947,0.6763782952315279,0.12243144327162787,0.12724234869781997,0.04169672377517282,0.14431412330486745,0.4750592301844091,0.37289438167812966,0.1771505861136159,0.041198129387011784,0.0836639615269011,0.2097212645202355,0.04264396470941849,0.06066474831591788,0.5316703943374765,0.07799289237787088,0.7283398751745964,0.1406909156809703,0.4399783117334699,0.28396232253045495,0.12231872911472978,0.2558998125850882,0.22786345527089713,0.48064499018723816,0.5014213770870536,0.04042857900599373,0.42576778231581164,0.3935951837903781,0.4181518414399123,0.2873472833678106,0.16403224950936188,0.33565968280910197,0.23121386516734738,0.2760773544601052,0.04894280751074099,0.36171962021959364,0.802056348238123,0.04168655740023691,0.079611556074188,0.7558527869618942,0.20804160257430293,0.039942803090577975,0.08445075054368004,0.0415910818790997,0.209612970526353
89.0,0.18443504596449511,0.4511767578988313,0.37841280786435405,0.3062886764263866,0.21331060689518228,0.5970162671821558,0.5814044846973956,0.3579701222238219,0.5438574762637245,0.5191415790842938,0.4766528850636642,0.1641984476387489,0.54763874891706,0.5078864208512011,0.041319241853639554,0.041523011368659275,0.48699481956894564,0.4550343945716976,0.41929445357944795,0.3307519581322159,0.5102746689297901,0.04113138492547604,0.12479048427306,0.2181038090018093,0.04170910023161653,0.34195016148930263,0.47361056595767254,0.10426943545677962,0.08399370568786575,0.6302699192637132,0.24722060149578318,0.1139289945013172,0.5066269294011562,0.3073415267555067,0.24354518069626407,0.12318596509839282,0.5229764493714527,0.03941680369172015,0.6285943292255284,0.12473680384888149,0.040606269559221336,0.5218689775278912,0.04108762531162149,0.14448275252391307,0.35198642125921603,0.6842338678783806,0.042304496189819484,0.12317800880496473,0.32295793379970966,0.36202702955685,0.365351933379303,0.4843216817836241,0.2039816828444633,0.04040028996269382,0.6661955755150472,0.042473788433317415,0.5594452990092942,0.12255343977085875,0.1273842359306211,0.04175374387807422,0.1446111582595166,0.4756086564472497,0.392518800426693,0.22847159603246173,0.04123835287045385,0.08372407574391341,0.2101632808217967,0.04270717304054174,0.04049399741862479,0.7096323455742382,0.07804328223624887,0.2969513583160947,0.6238956222705494,0.27883770608005476,0.28458733358086247,0.12260648172704611,0.1955305351661369,0.23875490128075927,0.6211712547958769,0.5220669271616071,0.040526706624940324,0.31744072561396064,0.5699393132666352,0.8084439847474908,0.4411115531274127,0.1642178963560176,0.6440674229565587,0.16763284063249587,0.5843279331570319,0.039176788839972415,0.36085824991171617,0.550374277303347,0.04176700436712105,0.07966548206297848,0.34613265203887383,0.20827145105111478,0.03998170052511536,0.0845329655757704,0.041639703672271426,0.20988702063332093
90.0,0.2853330150815962,0.6432066514613058,0.09018175710320196,0.31024831795796626,0.31703177213175626,0.2705558517840243,0.6079952511375891,0.6748773650327781,0.2197375380870713,0.3727818990535798,0.5964562669071236,0.1746411932672077,0.6095229760073552,0.6770159774159138,0.04134929896214573,0.04156942308032321,0.4597514146848052,0.4661554238120301,0.4349331108785837,0.33116214926006465,0.6914749095946658,0.04123746883785074,0.12490982867448151,0.5864580939078367,0.041765678318216364,0.2652241285469419,0.4619370922399618,1.2516575611308547,0.0840697324917343,0.1782838373301429,0.24740094414682012,0.5501359200127302,0.31809284926428083,0.4385053660779008,0.38622422194930545,0.5961230750190066,0.18301265050655066,0.0394742658109231,0.6233888505808093,0.16447952580491165,0.04067743418377268,0.47619439119200413,0.04114420339822132,0.144635911172404,0.1816154441066109,0.6858766951325166,0.04237698686327552,0.11314291271062075,0.20781977353610515,0.3210358958038372,0.20797087996605315,0.08308668823706217,0.20405019537120528,0.04046349829381707,0.41085415230113687,0.04251843207977509,0.627472550787673,0.12265554553651938,0.12758049116851428,0.04179750349192878,0.13784720380487633,0.4764109160345833,0.7543081855525497,0.20195061793878963,0.041354603157764444,0.0837665093088633,0.21059424671581886,0.04279690234975866,0.04053775703247935,0.9487029681654661,0.07810251242065808,0.1370979861737301,0.7797733340405593,0.24949698544882332,0.284782262769851,0.12280406301384394,0.20521711840732687,0.15183462023222274,1.367082751345203,0.8128103901614748,0.040550575505224624,0.2766068029255585,0.5917609634776663,0.506800420799519,0.49734746017433124,0.16442829611556073,0.30986179623637855,0.614338345798193,0.41622394313902294,0.03920198376916141,0.23498597703283294,0.5716662499084395,0.04185010343181456,0.07975653742110007,0.4142919340865291,0.20867589596704325,0.04006524160611043,0.08460987641224207,0.04167108682968228,0.21000636503474243
91.0,0.28289921018001424,0.9271512933396984,0.5943861719620218,0.5374468188905326,0.46796610618999623,0.5770270169669119,0.390091762584204,0.8372663575499331,0.693581107271236,0.5042380522993687,0.5677248260665854,0.28094062542359893,0.4839026843309982,0.5910095652327657,0.04137891405435032,0.6098469444886461,0.4163760593657361,0.3774506857146224,0.13599175197581284,0.7173034648184493,0.44914951853900553,0.12384633745292525,0.12498010926642975,0.4194129139482664,0.041783800986580376,0.3039340461161921,0.2613883921467595,0.6336423911313849,0.8681541988601872,0.3268646141955429,0.14435589384536504,0.08162803444191022,0.3366001738144102,0.20380794717393386,0.2457371607864898,0.534460916918616,0.4799207022754998,0.03949106243038243,0.5007613080770418,0.14453243515620856,0.04074594671051468,0.2588818755635708,0.4737886543255715,0.2562012235011227,0.2569648508636998,0.2881703177213175,0.04241853639562228,0.12356123693841826,0.5531622828472136,0.2870281967110058,0.17782066675346261,0.13873418318334246,0.18376849838222034,0.04052361251082939,0.38190145309701873,0.3403949857670751,0.2723741776041144,0.12290086458388587,0.9215678907571444,0.06278907866122102,0.10351690270337169,0.28179997878321744,0.5362286285118195,0.19208404055941583,0.062166498700472056,1.0894817800880496,0.21073569193231848,0.5482360013437295,0.040576212450715174,0.46156601955480125,0.07825633409360136,0.2075342310052966,0.1076079845824714,0.13516379650748186,1.038379170423805,0.7370869357661912,0.5332427199915132,0.8254627173983511,0.7111205407922111,0.3714634275712088,0.040578864548524544,0.8419595024664508,0.6853061726371013,0.6192148673811511,0.670809096106131,0.520622417888105,0.5231349122155626,0.3766403224950936,0.24325041107516046,0.07846496578793825,0.2393158275232746,0.5663170997746397,0.06284941388638413,0.07990063473540904,0.5020714512372269,0.20871346735267596,0.6944718494551413,0.08462844109690765,0.5836056153750949,0.9242516664014567
92.0,0.19767580461700762,1.134477271521774,0.10946563175916592,0.5727987256670026,0.3030229093030769,0.44569387719019077,0.47163957925286804,0.5547048215138174,0.21525071164624554,0.326745743383016,0.21506216671009956,0.5456499166598354,0.30749779419606926,0.3746906868147519,0.0414452164995845,0.6236872115843632,0.34006729698191274,0.3417230237451157,0.6216774813321782,0.22772746158878335,0.4856846161865759,0.12397496419667957,0.1251617779663714,0.24574603511377496,0.04181872027440371,0.28385597340829927,0.276655993982149,0.2727509190538947,0.9576189465867502,0.22314701855093305,0.14449822309446772,0.1771978523901295,0.5247176535870641,0.2486540112488238,0.4982920490107674,0.3649115856892802,0.3970833554341484,0.03953482204423699,0.5224036780995001,0.22954790572676317,0.04082639367739881,0.13198818932442224,0.4533350129952793,0.2068569988861189,0.2800202443466115,0.46159727010732154,0.04247776658003147,0.08251295107763573,0.45958202938524373,0.49047322265245147,0.2828944995491434,0.08338814335472691,0.20432424547817324,0.04057179228769957,0.37011085768843155,0.12795708905744443,0.536788961526901,0.12305336020792447,0.6065049329019255,0.062866652522145,0.10356994465955904,0.477218037801234,0.267419862444527,0.918755635707845,0.04149339627645467,0.7022922965398964,0.21104068318039568,0.6345782280450503,0.04059963931469791,0.3003970043081856,0.07833943315829488,0.16827560600434943,0.1515126902880178,0.3163699853250588,0.275145533867289,0.2322387536319006,0.7793631429127105,0.22797849527547717,0.780177778956488,0.20976086181391698,0.04064030481444155,0.3817610322357577,0.6375003208182833,0.49760177329252947,0.3382012328614679,0.45236743931116186,0.3858413185864501,0.5731631570572322,0.30598330946445307,0.03930011138810799,0.2549865466311125,0.5879152743153168,0.06290311886702382,0.08002528333244928,0.4178795995814507,0.2092107356919323,0.2674434366472769,0.2541160558001379,0.5842863204794992,0.9525698827772768
93.0,0.2970520827808129,0.9960063827153944,0.1438237062182853,0.3375176902611125,0.22929684046747645,0.5611081036668634,0.6646790191686786,0.3804757436695645,0.4150094984391914,0.3028170100731496,0.2110679408523253,0.4433405508280859,0.23660107144751497,0.48596220686952274,0.22117317019985028,0.5374451297036563,0.5302230052607976,0.34869929336327254,0.3801322745414429,0.5385752046535476,0.3903768970999649,0.7282922258172881,0.8895772556091869,0.41010714475149834,1.1843878368900909,0.4142067087710056,0.25599999242257765,0.36239772847822627,0.5227045111201479,0.31500777948690745,0.2480268392298308,0.13643717180289608,0.5112438265056548,0.3847542951929522,0.6092188814209182,0.5780900154143139,0.43772432327304234,0.1319094514872375,0.568859841050938,0.3954092186919854,0.16349652575186968,0.14447811135274666,0.2403946174201571,0.2762896562291884,0.30312063508902204,0.4237885596077926,0.04250030941141109,0.08260754256616984,0.5094994165384819,0.3172485074582884,0.2264138628099271,0.27125280680351493,0.8329587981871438,1.1563086776640323,0.14697042026909948,0.7178028695698297,0.3725644717610519,0.3011082822067811,0.3196175674958892,0.04200525115366254,0.897740265327652,0.39078528616135355,0.5784034371187609,0.852527449212327,0.041545554200038894,0.7381332767552466,0.12669601654909032,0.6436972895560389,0.040697766933644505,0.3797018747384736,0.07847380611396947,0.38400011492423836,0.473027533826876,0.19988802253693783,0.8155200763804168,0.31673663153268516,0.5938606145794657,0.3250430818555255,0.8735539120968495,0.4251952692015281,0.040676550151169576,0.24575121301902178,0.3305224591566658,0.38404464156638085,0.563050973319896,0.277917307590304,0.4774942979897099,0.3364259740565898,0.36256794772813444,0.039338566806343817,0.2783841108060065,0.47533367030576085,0.7462851181951591,0.08005268834314609,0.3027293125320461,0.6002126098410508,0.10040621298113474,0.5083434997082692,0.14639800915857779,0.6903286833218409
94.0,0.0957277651066438,0.9173628423416255,0.6577414735055428,0.29469779345462255,0.40905709082550956,0.43631620667503546,0.40427015110222025,0.42925926908184364,0.29716126930761205,0.309145538287452,0.23815276707404964,0.5529145376214807,0.39665482062978485,0.26112010466946023,0.8210966424441732,0.29163881963966826,0.3420711999858555,0.20088093848901148,0.45706335249644003,0.4509090065241606,0.3020893918393797,0.28985660991177353,0.6152744258208241,0.24621545642603296,0.6698138227337823,0.39481216517265155,0.33691035025371735,0.29795372973355255,0.49952584911331527,0.414410819471022,1.2538464258561859,0.14338434201453348,0.4365152429321593,0.5650502470531114,0.3620804646475362,0.42679644265280514,0.5164904495011109,0.2674388691454941,0.30726733735273487,0.23489482958798186,0.277956116621581,0.1650665676550151,0.43025002406533197,0.773965829193114,0.2165955651873012,0.6420799519086263,0.08504747255078766,0.17905770964833184,0.709609876412242,0.473043829231422,0.326906692568822,0.3026858015523613,0.6560724199508479,0.7705197227673756,0.3600233826623525,0.5495877461294104,0.1815239977629322,0.3013967715129334,0.3348964924112115,0.21018980179989036,0.8356514141574876,0.5066457150939726,0.61448281145942,0.2842438869145494,0.27706465814459236,0.5091904029420604,0.21131694336887144,0.10731713785604412,0.6241137573153698,0.47991306476958623,0.07857546986332856,0.6309271733941547,0.3982880708640535,0.6168737071023179,0.5184658624495785,0.34489842465390125,0.524028367802568,0.4395774967089877,0.5833074999361532,0.6742285047472549,0.16292367262504637,0.22433311795084454,0.34480485611737927,0.22430167189783345,0.2960904578994207,0.5766562350819499,0.3750226585975539,0.1480549809343635,0.4638831518856416,0.09838067327923052,0.25143317758286193,0.4272487763515386,0.6221337452925264,1.3743592237015034,0.17359306211213066,0.20941627327215825,0.16069591046517792,0.6305148163864283,0.35578223624887284,0.2058949258493098
95.0,0.12311701055534925,0.7986969359429976,0.164415919659117,0.33823262901935824,0.4203740468234182,0.34333291282052747,0.4265537580225958,0.3313511461250058,0.5112067550194108,0.8018851995261587,0.5272162437350689,0.47113735912475185,0.32316259920217577,0.39210153703801925,0.32760577450096356,0.3396960317039349,0.2783465054191198,0.31098318831924443,0.3462536466344879,0.5067122555479846,0.2683356711084393,0.11054886637552526,0.12535935925316924,0.061600938842624506,0.19897275411517173,0.43397852338881204,0.30263577720746343,0.3865083364274474,0.6071348664066004,0.5700436712105942,0.6616877950458814,0.08202319701550594,0.43705511059247865,0.4399195158106904,0.507242743112366,0.5051879113301698,0.1428691720150639,0.11891078342969288,0.3728279318941282,0.21302571524552108,0.6130854505914178,0.6403591824466485,0.5102812991743135,0.12457964249721529,0.21198729792488077,0.30905558797008426,0.0425617496773281,0.08279584151063492,0.2528651128320279,0.5173469297547693,0.5433689394464868,0.626014427412083,0.21874502731660744,0.7365001591258684,0.6427814870312416,0.4434850848965977,0.3455310018040362,0.13726374228681554,0.2913732415118136,0.04209409643027634,0.8286125992326596,0.5867507823688536,0.5971258135555595,0.2033297087996605,0.06237137325624568,0.5792942767729272,0.2116241446984565,0.4648972754115172,0.5024515697472256,0.3989743697609637,0.21626244275888892,0.3336561157375484,0.1456479074948284,0.492891272830142,0.6466173597482274,0.272155735603529,0.4503518144921597,0.45086016372283816,0.5847480265981301,0.8766314821690624,0.040804292862320755,0.3969177319259534,0.3527167252454586,0.38169990109235213,0.3038063791792642,0.5772936225888009,0.3217622305910642,0.5738473098887886,0.41668682261001777,0.03942564401775137,0.39867350907901483,0.38905536602147334,0.8382397142806626,0.457878372268655,0.3237499410644931,0.17810527502254284,0.16090631022472107,0.756640926584039,0.11165567519463451,0.31833483618875863
96.0,0.8423325642249686,1.211826293487037,0.149104474973037,0.47081631570572313,0.24549349646681637,0.3675123505451433,0.30842877485321657,0.49285567473156977,0.28460589826552807,0.8444920348662457,0.18678938900319272,0.7613965063031524,0.4248854862053027,0.42223847158340333,0.4228669766674328,0.31615891622654474,0.22233301427793017,0.6537084615180607,0.45517583408476114,0.6913009865803851,0.3818360473134249,1.087960138969925,0.1045479057267632,0.802915097508796,0.28307596934174933,0.38493031901277386,0.18941269294011562,0.7777530248648902,0.5166944031895896,0.3483687187474383,0.7445181138280381,0.19181444745015536,0.4123302255569003,0.4206309480272579,0.3971966484219176,0.233566377928018,0.5610043273395922,0.03971295461376615,0.5213451525640653,0.29591223324316196,0.4337858696228717,0.7676088686150744,0.41596717586944604,0.8860599845588971,0.2129839636485793,0.25872982195583377,0.9942900334164323,0.08300005304195618,0.19240527590657547,0.5063285683976025,0.792339099751713,0.6319831629676216,0.462596580561891,0.3924546343935831,0.3699278629395851,0.6349551206115148,0.34185717569263957,0.5976292455665766,0.20726737944952553,0.9888996446188935,0.21240673456037057,1.4244235370733802,0.5051060839123747,0.5794896700790325,0.7486792552909349,0.5785195990028111,0.7759551972276737,0.31922766000498987,0.255967346361448,0.36035541057420856,0.4454112814347259,0.4800016038877228,0.1781483053094998,0.5690582963245138,0.6860401731615863,0.24206457956391655,0.2312769261597034,0.193557107243258,0.2887547185240191,0.29960693700383667,0.2722702546603252,0.10736294681820589,0.30608523842359303,0.3209928409432466,0.5519423556340757,0.3710178751392351,0.18708964679950732,0.6023447759298817,0.22760303399989393,0.03946365741968563,0.4809325659930338,0.3900464397419659,0.4028427646983049,0.5610990293322017,0.07358503214931901,0.23718565274020642,0.2217615675666119,0.5095035272900864,0.2514506975017239,0.35413992468042227
97.0,0.5757032479357839,1.7204865715447584,0.09880443430753726,0.43172262593044425,0.17947408900440248,0.4628555090585424,0.307177588656838,0.4465865195021436,0.5820697787334397,0.6938653539764768,0.20335244106659794,0.5598492885144877,0.3272994404790405,0.24266284512001376,0.6292869196571526,0.4525764393524167,0.29437958591912866,0.5623167463558912,0.4290199488271414,0.9430051551729799,0.2266689798853115,0.8398401921634298,1.046484644353684,0.15050714003665788,0.40552520376951495,0.4181434198661667,0.2321062960801994,0.7142209644691696,0.3495538582129576,0.3233566570601791,0.5710412135999576,0.1439536590109443,0.3723549744514577,0.3839089858967332,0.3279225652578909,0.45793007846129363,0.5820028642656341,0.039761576406937886,0.44403872428608265,0.22220645697413327,0.47344772715217737,0.8366788442157747,0.7412480772290883,0.8622445145776975,0.17142033098180656,0.32982902809455616,1.0909887609988391,0.08304955886773104,0.4822659999700789,0.591726385395409,0.4057833689156456,0.18569006602741286,0.2145525518092218,0.5689642674021818,0.5425141887232799,0.7042001020426203,0.3034709798885261,0.4121359995756643,0.25614491062430383,0.8716836148345721,0.44733145918421463,0.7969598671298996,0.2265323097843121,0.9903015729886785,0.4850487985996923,0.9170391390701157,0.9227487225728883,0.35297289764046497,0.09508315800020038,0.3925272547251542,0.0786638731236408,0.5969735143832104,0.18229857317137857,0.21854824165915238,0.5273126895647184,0.6256333602472148,0.35626063852871254,0.17265342385827187,0.35121809646885227,0.5830071253027811,0.498588907158896,0.3332785233119397,0.35027858077405893,0.1886973371577943,0.23753399105359008,0.6475310174893795,0.3528973711309093,0.3637736699729486,0.1478584712022361,0.03954454640287133,0.1427392192224049,0.6971717456939811,0.3990961343176075,0.490766721476688,0.09636768684029065,0.3286363321079281,0.04034857405541116,0.4171223156815286,0.3942011881398186,0.2763848370727912
98.0,0.6991433724075744,0.6806357078449053,0.3341446788113101,0.44850030848085043,0.17973266854081577,0.3561900482889809,0.16221791993022036,0.3241215191216252,0.1383062819356778,0.6404115814700336,0.26505821845820793,0.41032109537533074,0.2987573678592266,0.3046409671588688,0.30294618598867257,0.11706890150108736,0.3231666637198913,0.5721784331406142,0.5956261141693513,0.47777998785928566,0.22198577296864042,0.6587761968328057,0.3268169522091975,0.7093655676878505,0.6373578033557876,0.5337840079542133,0.3355534452110593,0.46441785143406455,0.2587870630668859,0.424675746146781,0.38466784369293255,0.08231757987234568,0.2920005271044396,0.5261066358562085,0.3324236361587015,0.11405862314868839,0.3949115083364274,0.039801799890379956,0.58542661538206,0.5821651726515674,0.47558080942025144,0.3805130728776833,0.5935309019910939,0.31216185752930564,0.40938533213104894,0.42022795182504513,0.6135503885954743,0.08312558567159956,0.5888334119657068,0.31154721059796897,0.5116202156646648,0.14204989480012023,0.13158365600523347,0.21139624109337155,0.347522940646051,0.8092420304460827,0.19993723368517827,0.8248289396912958,0.4437822450891989,0.9574576990399404,0.300869050576901,0.19832437934596736,0.19699760427164556,0.26498368959847235,0.3970879966053148,0.8907265783598461,0.7430732509414945,0.6101529376403402,0.3531430305816345,0.4959264708208754,0.09839724889053908,1.1966201223501123,0.12158011987482097,0.47672038269771383,0.3834050662645581,0.2260986315175304,0.30689597319305656,0.35211362372822086,0.5102071246292326,0.4787031241712194,0.6207089941477041,0.36110155513963915,0.5185794922116728,0.27048856061811555,0.5048431149619058,0.6225400687777364,0.479436664957537,0.28288557081985183,0.2849648155023957,0.039597146342757114,0.16322954790572677,0.498598245757849,0.657235712138778,0.5496525541385776,0.09376197127483393,0.4222386839808471,0.04038393535953606,0.654955374964755,0.14255335136759845,0.3985948301773368
99.0,0.9398741579589455,1.0419950847787265,0.6547761629448893,0.5149611467670927,0.2292012845797389,0.28863965866697533,0.2712109157131169,0.5147622394313902,0.3971738582718931,0.4521050079184063,0.4772989267844199,0.2387678217572664,0.3718370673510439,0.4368094673998243,0.5222869441243174,0.09065894316849071,0.5512589427934466,0.4195376509485669,0.5731913405869633,0.48125850881380505,0.3409719870468823,0.3781333062230001,0.8222459732314927,0.7920619765790295,0.5976111228982124,0.3889036227656076,0.6376181353568319,0.43606877773652286,0.2211396305386651,0.39823646104068317,0.39356578970632444,0.08238388231757986,0.2944399400878476,0.3103064764228504,0.19835534021994727,0.2524415717594522,0.6939585211902614,0.039865008221503205,0.49442826173651505,0.5523124819510011,0.437429969883956,0.377606876141592,0.4806993581923301,0.8233458865962975,0.5340069661769126,0.24111676438627055,0.6828051918554757,0.08321133683410244,0.28919800562244735,0.14650841123020616,0.35462862106068754,0.1394016277986999,0.3015782928741078,0.5048715500627663,0.1438066885906752,0.5697628745390233,0.41317469368270304,0.18157711416397038,0.8037440254129905,0.6391627839024175,0.3180593902408383,0.2387378666525221,0.30321318650231827,0.36709542247918103,0.37944198757050146,0.737693768896197,0.1569602412651264,0.8405799143372408,0.8012065571644947,0.3350373841787285,0.0788618964267402,0.20308659983380184,0.34514577697625487,0.368486712989975,0.31742295655863795,0.24684665570466235,0.42624741911592806,0.4177815580695758,0.36571106951948196,0.4748007932338995,0.388392430912852,0.11849705617143161,0.3895622054931629,0.3192817824454699,0.6956992403213164,0.17210748550588365,0.28850227196379,0.3064836214016715,0.33677294345888203,0.03964532611962728,0.6940336639615269,0.527774438099055,0.548920463586697,0.42546721123075004,0.08047702399264485,0.5727953552927031,0.040421948761470324,0.2648435800399275,0.42792605951307483,0.22811011510104492
100.0,0.7841394605633055,1.2243895754875438,0.3651561075286742,0.19303537975350094,0.5065076586691184,0.3332400798400904,0.44432434493184103,0.4656946728195336,0.1141926130235683,0.49099789600240445,0.2891591965911703,0.26400782074176227,0.31206272309545,0.5618448489630298,0.5650670649233545,0.6734398297942561,0.4354117743498743,0.3349639314697926,0.43124704401598335,0.7075077205514007,0.30703179933275937,0.25469539958738935,0.6391847451334005,0.3453715091762585,0.9200993652645907,0.3845856808242566,0.3138401381742959,0.6914761576406938,0.42414906661757684,0.26893111617956467,0.5459630651178417,0.08250853091462013,0.43247482717162605,0.3290156796634833,0.4400313536896574,0.5847533843714823,0.7233200223281376,0.03989064516699376,0.3843139294977198,0.5614494377552645,0.3415242014125481,0.42953163952686574,0.3766803525964037,1.0005516363443483,0.32591453172793006,0.4704310984989126,0.3255510469892796,0.08328382750755847,0.4115866440354319,0.4074446595590446,0.4834872312159837,0.1966747113633551,0.20577626902880178,0.19358313884616069,0.31332893357107,0.6354554021998843,0.3948642905950371,0.5370064887993069,0.8893851679535655,0.47885345239118626,0.32563404081199654,0.2047554008077532,0.5108663077494298,0.36717498541346205,0.5236911897310772,0.6249534114818154,0.6567562191693629,0.620765168105114,0.5783037182411286,0.486356253351957,0.07895825598048055,0.3865741968563801,0.28438002793543027,0.17802879770205923,0.3777108228322889,0.2468095263353313,0.49996876418135633,0.49443589879594746,0.33951104622001615,0.478616376462873,0.30676815360950505,0.10537786500232794,0.46512181969271016,0.4213245239484432,0.4102067575452183,0.35275931833508867,0.4209241676833041,0.18453709106125168,0.15399425575259662,0.039704114287734925,0.6718670286378343,0.37640726940009545,0.5654723701924411,0.37187951224974514,0.5444073887444969,0.5650241340900652,0.04045598401669054,0.3712966106189996,0.46187299987623537,0.14563022684276597
101.0,0.4550355049594229,0.6431513994236108,0.45607860817906964,0.22377626086850078,0.28001423292491023,0.42897713007655724,0.47508961880514144,0.5932321621164245,0.38263969925210845,0.584137360985873,0.5136732217684188,0.6033269546980893,0.2960606287849551,0.2934960183940279,0.23339344755034563,0.48648756166127405,0.4740452447886278,0.4249002237797125,0.466387740121791,0.6191422526329438,0.12226568715854239,0.19652674640640744,1.106103007478916,0.2586764484874202,0.4459909121448398,0.1740834349970827,0.27926589932636714,0.661987629437107,0.3952414366708511,0.35896461446683336,0.5808085362188157,0.08261903499001041,0.22580402765253982,0.32527329499578606,0.21460262734489646,0.3146714050814194,0.5988065559857848,0.03992423840591241,0.4180438789582559,0.1582636153075871,0.23777235571114527,0.6451366051379974,0.4058357804963119,1.2026233036045797,0.40333907150859344,0.6912686139864838,0.4078502095157269,0.08336162237663323,0.3562318773316359,0.4249811038031083,0.3940835813197203,0.4709230626425503,0.16480135787407837,0.11417528598454711,0.5735601950428503,0.47645709422820104,0.2759255821354691,0.6581570793330858,0.4901107692851712,0.309850153199576,0.252995397136913,0.7472661291748439,0.3778552553018155,0.3674534556834456,0.4217896356017609,0.6277439819480543,0.47881975753932476,0.21282642903870297,0.5303753602432857,0.35252488551777794,0.145037188304838,0.3868135486836754,0.18988578298767658,0.11048336376931295,0.9147047263103066,0.3119353873199415,0.5131047028569969,0.45333015081596206,0.34113659440331584,0.317553524330499,0.43764644000070724,0.07920313301154545,0.4578893330981395,0.40559062218214603,0.34977027781356007,0.38400018859362195,0.4229596527519935,0.22968640416791905,0.3183424388691455,0.03975052599939885,0.5331161770388949,0.36286955258031867,0.3484931111759402,0.2280182598012263,0.10096646864336355,0.513331830477908,0.04048648314149826,0.3298084596026568,0.593080676815361,0.24340080712176662
102.0,0.2637502691099248,1.730046942131226,0.17070726396960945,0.2821065773633004,0.42552881725278024,0.3607940380841244,0.37297339945897207,0.5906756428545505,0.49696850486512606,0.6543004257108113,0.4403858139288177,0.5948298826594057,0.37296770113215105,0.277498562146972,0.7251965867501192,0.69811718736187,0.5064859378329661,0.3634682937429312,0.4496084493310399,0.35662631210252826,0.15309566116798387,0.3105705988436854,0.6471808200286426,0.29607676153318757,0.4557725434628315,0.26010007249067346,0.2681551841881928,0.34466147865819,0.281365112745358,0.39733060590057173,0.24887285843101892,0.0827958415106349,0.38045411951156394,0.26888074553928676,0.3766912096218108,0.14128861643845997,0.4397973797273642,0.03996711398716384,0.26271813504482044,0.22851045328369893,0.38488127442140063,0.48832192931275303,0.27252957089057445,0.2634213829806043,0.33345520354219227,0.7126282289290831,0.5709778525722936,0.08343322901748616,0.15605881050156284,0.42895692993157586,0.6586785195476718,0.5651792818119133,0.16507010378542758,0.25166735915887245,0.6459318859679544,0.4397231799242089,0.2485675830296049,0.349305512023647,0.5254352387182706,0.4463744254501008,0.29617016675574986,0.40025902155271487,0.43853291842736497,0.3678950299687052,0.27614267528472164,0.5167748975153632,0.4013678194451811,0.40321445785355337,0.40356157090629063,0.16426740218179245,0.17809367209462684,0.20388443925811983,0.5088491663572553,0.21515364486642263,0.5814783382544483,0.35316471042880637,0.5836187718603061,0.634519263070422,0.5831286797857106,0.3012162928568805,0.30379401535185757,0.07924821867430469,0.36570602158807625,0.4190959514253552,0.5064070262911298,0.1565176187697802,0.2996753832281334,0.18257107622129104,0.30654604041797057,0.039780141091603445,0.36368965287439803,0.3150242360938271,0.2900957537313977,0.3334849940376913,0.10107697271875386,0.6487475783821193,0.04051654025000442,0.5874217631146237,0.8738234886102599,0.21173906893686237
103.0,0.6482966391800529,1.7304080694496011,0.32474942586993716,0.1935888376991915,0.2606452995986492,0.31508466822256403,0.4833245331906023,0.36773775556465155,0.08180042079951906,0.6132880708640533,0.23862764386023277,0.3388047216181333,0.3243975317809721,0.49203894639634316,0.5946223943139022,0.8114122715512414,0.3818993061606969,0.4092657667214767,0.35205275222163085,0.5286288696422362,0.14978105459196003,0.5797194080517689,0.6427588889478244,0.3346753684942568,0.43343903837459236,0.3359396382538588,0.2850949311431658,0.33195692614286465,0.5094774188605409,0.39751965709638226,0.43334315591781253,0.08298502448770309,0.46231933811496734,0.3174596439116674,0.5366789547198499,0.20633541965027669,0.5041088362005456,0.040007337470605905,0.5521433940806316,0.43642711593203554,0.47235832114631243,0.22393148375101551,0.5175699111926105,0.5449300288194627,0.402250304991248,0.17855395840331925,0.3358101917707815,0.08349334323449849,0.18176493320502227,0.41856781896298145,0.5058837452925264,0.1754457533484744,0.2063862515249562,0.33678492812814936,0.5392388395093534,0.39942021419644697,0.3404268109407875,0.6411402252515073,0.36455230931416743,0.5698011700171501,0.4238646681289605,0.31641118124436424,0.49493992367009926,0.36859518379037814,0.515987022401386,0.29012270372531335,0.2061331419402747,0.38236752771442206,0.530398345090967,0.12324033310348484,0.07917042380522993,0.20406124577874432,0.16284410969076538,0.20140207570855206,0.4112538613281201,0.6542834817525849,0.36095151375849405,0.30647339188154976,0.5796424972152973,0.4018608254843866,0.3781838434201453,0.07931982531515762,0.42465295405808845,0.41971858831244585,0.5499425240677877,0.1588934311325973,0.4149209548562436,0.10155103520217826,0.11257282218568218,0.03981771247723615,0.4180527708528557,0.3010123140216411,0.23530386042303905,0.3794920152210769,1.0132892201064374,0.9000475720044555,0.04056250994536678,0.5653374683958344,0.7199531035945982,0.23310016973425976
104.0,0.3382204620150836,1.7328789405753284,0.5006039416066999,0.46059137360985875,0.12037208932265421,0.23683587050690427,0.42191257138563276,0.33216698491840385,0.040965186796089036,0.5868133974675723,0.29943949175702744,0.3885207846465377,0.34466486324015627,0.4492398715454099,0.4161471955085703,0.7915994801888293,0.31933732916069946,0.49290574886401806,0.3725434048061746,0.4258310790501953,0.25555448734949343,0.5169270142682861,0.6935892481429001,0.6454109527559375,0.6127599055853179,0.3563578324768617,0.3510509107575887,0.3425552667715719,0.41476237203628064,0.3163760556822669,0.15221862715630288,0.083056631128556,0.5443026308810268,0.5287365647135975,0.4621170812779575,0.5933858890715888,0.5930402323237679,0.04002590215527148,0.5515424221988163,0.2902602886661127,0.5323979605367845,0.1598979605367846,0.4574397089764671,0.5080539474581537,0.8235983663077494,0.45710609516369866,0.5558584840608922,0.08359854311427005,0.260758546775205,0.3022941449717028,0.47207475938028387,0.16792906522392545,0.20646581445923723,0.2588163098121726,0.46893790016888853,0.5230181871700021,0.33921904559840166,1.299022038932796,0.33307143867465827,0.4104223655196975,0.48672755051206285,0.23176270207511926,0.2676270073567586,0.3686827030180873,0.4995650559592638,0.29989778373026393,0.3341775844693151,0.7003361533973371,0.2921931817512097,0.12339945897204689,0.07920666914195794,0.20447453102070404,0.12220468890892695,0.15553439770858743,0.4032615277851448,0.42901277132433985,0.4046113497999139,0.44791305160477185,0.6775064810640214,0.7139157676897029,1.0923955515479409,0.07935253452147314,0.4737086935766191,0.7642198854293746,0.4243211261059879,0.2884147527360809,0.3945885270248767,0.09485006807051045,0.2457699039940593,0.039871638466026614,0.41972472155299395,0.4640101241378228,0.337313095693176,0.29082825014586533,0.08113651231457415,0.8230512483522614,0.04061466786895101,0.36928479901286126,0.5039695876711204,0.11311256092458022
105.0,0.18524041266641908,1.7338862957265861,0.517031512122167,0.3931911808907513,0.14063986279814,0.1509259136476953,0.4700694849626055,0.26322647435051355,0.12294992839335914,0.5438854411617366,0.571763386633699,0.3149233543733092,0.30190612163109903,0.3526328701002493,0.565355887416037,0.5722177283898231,0.13587165614667868,0.4294747520288549,0.31404260124597266,0.38358984537414254,0.10227815201824643,0.31868911225446,0.6081662171700892,0.31285279531109106,0.45953257881150655,0.18719911318900867,0.35818036622523963,0.4722331989603776,0.21789405753284177,0.2589063127505285,0.176606176735798,0.0831468024540745,0.5363513275843297,0.45406273095351757,0.45707314485758227,0.2990357414381442,0.3101264092953081,0.04010944323626655,0.4804636471835185,0.14671564207287965,0.35127810713659113,0.30513345454402574,0.34861067961900716,0.30917915915238947,0.8567547457816911,0.6430554417028719,0.5813305329144982,0.08364274474442616,0.30201302260390994,0.2217837420510735,0.42245386823199366,0.41646879070233445,0.20672218391414274,0.3134733935654213,0.4091517265156738,0.4324582515603175,0.3806617868066974,0.8037037871956717,0.5277163669796141,0.3089897275411518,0.4022992951313378,0.3475804027652539,0.28226365388355523,0.3692396435580544,0.669445623154582,0.39415994461875753,0.30368034827669893,0.515005392598879,0.24509096695486135,0.18519068583249348,0.07925794303293905,0.20458061493307872,0.16304390105907107,0.17308297530012903,0.3715457057484851,0.3799624065135523,0.4007727918338962,0.6600682473169609,0.40799185679682154,0.42508386254739616,0.6669177319259533,0.07941972099931044,0.3761425905777649,0.5976994751566438,0.2157322442051663,1.1168997750137022,0.18088420940964303,0.7327507558478756,0.17766138015170002,0.039917166145087425,0.36217055721378627,0.4459573869084292,0.4334037285221004,0.38034479132643034,0.12184665570466238,0.4549078964317918,0.04063544263512438,0.5857529305680793,0.47521137219540655,0.21243745469332911
106.0,0.8296868595786538,1.734836630774943,0.5181383108297922,0.27821743665906395,0.2514326853374353,0.08885729945720397,0.2720961423343007,0.37136914977166285,0.21322583496879363,0.40653056023836587,0.5607596555303817,0.33748347350161384,0.2923810534132499,0.3022157908850345,0.34426773369401864,0.37547574767057407,0.18004893120458282,0.30997585066799327,0.4834411548270314,0.4294331779400468,0.28691101327816965,0.620385349811701,0.581408312156734,0.18676047910146923,0.33967177637511264,0.3825640039604659,0.5087602579354555,0.49188458070333635,0.7421003288601283,0.23912465547284942,0.7757562898919713,0.08318039569299315,0.3742588317183453,0.5120247403890923,0.46732792305380216,0.6123621759170479,0.30130447047250725,0.040143478491486764,0.38999996383502983,0.3448360039154607,0.3309468165985961,0.5187306302142136,0.27984764378110266,0.3787194689517927,0.6836698282887218,0.5383264599798441,0.6180630138439505,0.08369667073321663,0.2525516301041182,0.4495690601069366,0.5073360528177789,0.4088616533177743,0.20680395692993153,0.10626010007249065,0.2692594851787023,0.3108231601581466,0.6463145859485965,0.3689850421683551,0.5918907287482579,0.3078213378145749,0.34232957479892906,0.5038275075584787,0.6051291571633162,0.36961756749588925,0.40919589324980615,0.38675045085662746,0.45720824111265945,0.46233267578146375,0.4147463584171269,0.3914032249509361,0.07933396983680757,0.20480604324687493,0.16324546049258296,0.47590524938559714,0.353661110521756,0.1368895018181604,0.6107781254972683,0.29726940009547553,0.5130635286876999,0.4372016389964461,0.47538484885989263,0.07950812425962268,0.462461668898849,0.26489485595386647,0.49802816527873556,0.440805795717746,0.43494391795391635,0.8551265050655068,0.24664509627115047,0.039928216552626454,0.3223702890162589,0.33473423033174793,0.47815218825270284,0.4169117647058823,0.1219010237097544,0.8138221260100071,0.04067389805336021,0.4019166893771594,0.42991486766031917,0.21253469827967253
107.0,0.40487588182252165,1.7363951802542477,0.5130708873174821,0.6195128096324193,0.3088273602197115,0.12951714139217455,0.3673319175714904,0.3704871608998273,0.2670121024063367,0.3004074408041946,0.5320649845566304,0.41060747773711226,0.12201241181774783,0.787034777842607,0.38856033781257554,0.4820500863405176,0.15439755703904642,0.4177964835974729,0.5306457522843098,0.47301729495191186,0.36903277992892375,0.20683047790802525,0.32100229406460506,0.4809929675206422,0.3550031127253235,0.40054721618133277,0.19369817358864194,0.5757507892446628,0.6968902679797497,0.3056581622730247,0.7430372960726219,0.08324227797521172,0.4923550628547181,0.383011603120097,0.3742531624566313,0.21759240953533637,0.2807374347394503,0.040183701974928834,0.3233509327499673,0.17851684745133398,0.33214070704927595,0.608643732780865,0.3594950153190221,0.44907270505136226,0.19177540267685073,0.2790430248845356,0.5790789927332519,0.08376916140667269,0.2758098622677204,0.48929929535801275,0.5129147691538292,0.5291570829495829,0.20694098198341554,0.13648432020839593,0.21563809473293372,0.3554747255078767,0.12879960370081306,0.46395173347743063,0.6170171855938046,0.2879265899326367,0.29839282872752343,0.6762310890692316,0.4080717087957315,0.36982840927173394,0.34552958313102583,0.5225713033262184,0.5026552722900783,0.45005523679575365,0.5634835599403573,0.08250057462119204,0.07944093778178539,0.20497621952297598,0.16348591736063225,0.44175383228133436,0.33973744841364917,0.1979101469262186,0.843634154894299,0.1411272594399948,0.36809489711123394,0.33731436133883136,0.39964466940969345,0.07962039640021923,0.30601624804138994,0.4628278182327935,0.4955803895047649,0.39827849384418634,0.4686002301431543,0.27916133089845496,0.14400780600788554,0.03993838292756236,0.19403173304820953,0.4292425553404409,0.31185682817637483,0.3927731660743648,0.08137431708481407,0.6582549568638616,0.04070793330858042,0.3846597974654517,0.3362855233767688,0.2128728407503669
108.0,0.49896947056550306,1.738314857051928,0.4293109849891264,0.4379549294920854,0.5479831680192365,0.12156818543467884,0.5229523910556108,0.28442930170264674,0.6301729167771707,0.38507990047400215,0.4532653217583997,0.48414551373099085,0.12870549632537115,0.4221456215726288,0.312165066567655,0.4738964621015223,0.16022560512031683,0.3630236148372309,0.6818307725855595,0.3397232038667585,0.28723589525981713,0.4483529735909993,0.2396005661530902,0.28633241393942604,0.2179359294770791,0.33363720480677994,0.5302366500026522,0.5595103306576613,0.5258006995297986,0.39138948226228765,0.36121510961324255,0.08328382750755847,0.2907057784791103,0.4390479410880674,0.2593125257316632,0.23649973720121706,0.21544084495836208,0.040219505295355285,0.21551636775583785,0.6423891423115684,0.2662779523308819,0.8497901369745372,0.5416585630344714,0.43545299598649184,0.3217630806224133,0.6083138355031423,0.5305592390247351,0.0838257394932725,0.35427054049753354,0.5072761408440744,0.5282630113611355,0.4701920781838434,0.20712883891157904,0.7577169416008064,0.4381870339741765,0.34303258877772314,0.20046102300252833,0.37988737424636215,0.3638190369188088,0.5142980240889062,0.38551813703389376,0.698567686358091,0.48686757513071627,0.37015063915557206,0.30903456062316714,0.44691223485049403,0.4977482805565869,0.4554303912728301,0.5273732297247122,0.06192714687317667,0.0795797309004756,0.20498948001202283,0.16363266677275057,0.36831980763450545,0.38132506910188185,0.13159921497904842,0.3964123304867484,0.2204235105524025,0.3743027192842871,0.3074445446348061,0.3638559380469951,0.07964161318269417,0.3851074041958494,0.3843249969058859,0.2314877258387575,0.2911053354314373,0.5325494321563913,0.2617734199180123,0.1372946834279248,0.03999628706306687,0.5362190757595139,0.31871455765955314,0.346058319630828,0.314082786706507,0.08141763468236707,0.40362541770540483,0.040729150091055356,0.5840042772444114,0.3861278340611869,0.21307174808606943
109.0,0.3865394543750774,1.740310560653477,0.2119177995284466,0.2540831905880689,0.8255872186566241,0.1757747072378696,0.2580250269629944,0.2684607395417517,0.6989254583709048,0.4828667248520852,0.3699933617188164,0.5595612948023705,0.32552909351296866,0.43965858660867413,0.1702507699547789,0.4861709011828355,0.6813871355575591,0.3717385827189306,0.3095423952568704,0.3889593168196042,0.12324961544581763,0.431039563405765,0.4190596033392237,0.29411958088014284,0.2360810540026049,0.2000765179330925,0.3699025022542831,0.4308288258451459,0.44787865326473236,0.21486707096424384,0.588351632808218,0.08343676514789863,0.20810019183507486,0.3036863731792493,0.26663986440547194,0.12396170370763274,0.12325491964143635,0.0402455842571474,0.27269446623507254,0.22220724278089155,0.3696046385190685,0.6109725144441104,0.49558644396489543,0.3355416467759331,0.2541546812246436,0.34037754085704014,0.48612245619618444,0.0838611007973974,0.28868497203510196,0.2468114838360953,0.43664768206651455,0.4177186654643823,0.20762168708781975,0.23561844710832933,0.32800792093212394,0.3900743317674426,0.10714828762884773,0.3373063968599162,0.194707423095478,0.47037371004909334,0.23899946343064607,0.527004087652688,0.6333388585371028,0.37045695645255394,0.5764415547434864,0.3274845736310756,0.45069533584398597,0.6587671203313978,0.5962799908060609,0.06204383917678883,0.07961774430240985,0.2052414293039127,0.16389964461889353,0.8016290510794036,0.5262049974058216,0.49781811913223356,0.4617770823387966,0.5064585211902614,0.5049775708299551,0.41766873530295784,0.5490949495217382,0.07969111900846902,0.3893180572499513,0.39443501476334447,0.2749517433507295,0.26739997171095664,0.3822577182360771,0.08150780600788556,0.12360632260117754,0.04003872062801675,0.7845026874591133,0.44909924444680177,0.5178548920368053,0.22707261443802046,0.08153432698597923,0.47402235370198026,0.040749482840927165,0.30140675588115684,0.3882379982173742,0.21345409218691985
110.0,0.35639155572057496,1.7427244116763023,0.19990486449140243,0.350165178091768,0.3000996010066184,0.16926277574450277,0.35498496162316245,0.40019929409996635,0.7923274810375006,0.5907855241701314,0.3337063170889741,0.27729185452359484,0.3120094355746506,0.441814283740414,0.2649907986939891,0.31371022054202446,0.6011377499602184,0.41771565975353164,0.4311849934661953,0.3324957552176459,0.12341271946109372,0.3275130836825262,0.5085400965042135,0.6027956426032992,0.2989656818543467,0.19808277884843953,0.16371892795406295,0.35748691055204374,0.45975600700153824,0.3492394372837803,0.35492565285807737,0.08352782050602024,0.1348488598926195,0.44140818816255073,0.24806131650135252,0.10747829699959335,0.2343909457380788,0.040260170795098915,0.406977669336445,0.4544739232482894,0.5571451935147367,0.35369664126546324,0.4326667727505791,0.30451829063455854,0.324730910298194,0.3167896832035166,0.47498117371384985,0.08396541664456583,0.5189312144054095,0.272817869523028,0.18322450891988895,0.40952364113664697,0.20767030888099147,0.8487019244126865,0.23728486698256096,0.4633418880488312,0.3487682479063161,0.3421370185395594,0.43526995408924013,0.5042159830568838,0.4226275020578315,0.4407266174571112,0.5867860956277285,0.37103776587280535,0.48572716361779417,0.3557838093068872,0.38483202117636955,0.35093512780666236,0.5379748581127672,0.08277727682596935,0.0797653777471313,0.20546685761770894,0.1639297017273997,0.17342067575452177,0.4684870726997928,0.14975202885482417,0.23076016700638777,0.3806778762000742,0.48477408546827205,0.32833434997082694,0.3976954743424271,0.07989179440937781,0.3990984072947156,0.4104040993395472,0.17566361380741058,0.4451963275678333,0.23922129648141427,0.29348220442369916,0.12366732085079296,0.04011209533407591,0.45641339132587205,0.29865954746066203,0.4564523425710897,0.24935813339462626,0.08165455542000387,0.37222230049594224,0.04078882229176612,0.397136906223055,0.36333554341484103,0.21378560441309075
111.0,0.26293543705891875,1.7439598472391662,0.303375340482557,0.4475259882321302,0.12923142205484536,0.050820824271999146,0.6480111677427756,0.45254944394349267,0.797269775809332,0.45090171325518486,0.284751723461743,0.3032128270604906,0.8956328789405754,0.35753187222706057,0.4670156269047412,0.2879168383729992,0.15243939956505595,0.39167658046085874,0.4295910111564914,0.3868097031418518,0.12359306211213067,0.21855590748472514,0.5411195524890958,0.42031784409986817,0.4071869886116955,0.2522287093376575,0.345629121802012,0.29319122622575655,0.47581628623796984,0.4173326378943522,0.2763863841298466,0.08360384730988878,0.3201365388355522,0.3638869301499839,0.09109390194310366,0.38249737000300565,0.24293074488587138,0.04030393040895348,0.4993007428399673,0.12265421948761471,0.50936301030782,0.3427983941547764,0.34469116321009924,0.2003872639344678,0.31738118601814036,0.2913674216305096,0.38670967485280855,0.08403260312240315,0.576521162267131,0.43088301596562883,0.3547278063614986,0.22304828662950654,0.2079598295585141,0.5178662989091037,0.24591576937357454,0.44469295583176666,0.9262584204105444,0.3575171502325005,0.3937656915787054,0.20347352483086847,0.5708089714348665,0.41086545205120495,0.49332984140455105,0.37147138386463696,0.35553644361261183,0.3830715568883203,0.3932330251006324,0.42064606255722187,0.4939534932548312,0.08289220106437525,0.07984670874661855,0.20569007584999735,0.16404993016142433,0.17344012447179047,0.6285833907954524,0.3924123481674004,0.4287929025933587,0.19530332421516847,0.4495079474531021,0.28735238664692864,0.2968973770752666,0.08008804964727097,0.27450274591933405,0.4711621934616948,0.4690621158529379,0.25295203744256944,0.3235775599689831,0.25837679826965354,0.12377870895878638,0.04015497091532735,0.47505895817437743,0.33726223943139017,0.4994029522966701,0.1593840060821443,0.08173411835428489,0.3792773219581601,0.04082020544917696,0.3356236484208434,0.2450318014557645,0.21394915044466842
112.0,0.35265679423257135,1.7457084637281421,0.4143555107645704,0.5494359998282451,0.26921444862886545,0.054281959251990544,0.47927100707029635,0.28242957284475173,0.4269573365865733,0.46886615678386223,0.3674890209950943,0.17916307953437322,0.5213444367828286,0.4283196137176764,0.5472758645838858,0.3151180941267399,0.13057404657083752,0.44107950989232475,0.42668478077987637,0.4276950765277557,0.12374157958945525,0.3931458742198412,0.5246640952368324,0.4627842901512874,0.42834410590205413,0.27790614667868946,0.24907339570183346,0.28683117833385696,0.6073444165763691,0.5754710788733888,0.3040927670662494,0.08369048250499478,0.20269983556993582,0.39394957036015493,0.2775822592337205,0.3720323025513181,0.3605687202744037,0.04032470517512685,0.41821881743379646,0.1310235329478951,0.5055433971604872,0.44188401968264585,0.477849773813944,0.20184318788586006,0.3326494135649177,0.7895203302240643,0.4117934199413274,0.08411481815449352,0.2706916671086829,0.489728940870006,0.30032267190013967,0.39983741836762565,0.20820293852437277,0.34245212963454097,0.43833980334694744,0.4440976580994085,0.34217388037270813,0.4629195471395652,0.10245159921497902,0.18662679679626581,0.4120062561591481,0.39244019519439877,0.2714198085989047,0.37209993104545697,0.40141561245778745,0.27829169539772625,0.37610582278274424,0.44292934044162263,0.32772534875086184,0.08298590852030623,0.07989091037677466,0.20588235294117646,0.16423204087766755,0.04337726975370851,0.37486171962021947,0.4691384218249969,0.4782156685938577,0.6966657826340633,0.4337231327758036,0.29248603859938926,0.20059516732908142,0.08013490337523647,0.49859400379903407,0.45370453862338433,0.2565263706925512,0.15456757545218264,0.43657650165566675,0.1359745280739287,0.12386490213759083,0.04021862126275216,0.39760837608262417,0.2715407402406818,0.4894027168243703,0.41879143902827126,0.0818251737124065,0.4695128356333781,0.040861312965222156,0.42949934707877735,0.31850245645755065,0.2141635283509256
113.0,0.4672181210043027,0.7711579943068302,0.26434033487155006,0.3888107993422798,0.6534310042021017,0.04075743913435527,0.3972926285911668,0.3426195433087573,0.2589311093793139,0.4317488254421368,0.22559694301525837,0.14876982844945505,0.3209126200074259,0.3961555000719854,0.406636068738215,1.0246267909027151,0.21102245000795627,0.3945545713325908,0.38818739562387783,0.4271477857264666,0.10321191145529446,0.3389482664120652,0.374890224654188,0.49384503932083956,0.23288530561007087,0.35655445881935033,0.14619443609524763,0.2957298010605176,0.27135578776145264,0.3234038791350625,0.29111900846903227,0.08371700348308846,0.08695565692462737,0.41662816472039904,0.41379356070651874,0.7239685549603069,0.7171858590144804,0.04034857405541116,0.33613287240642126,0.3842558213546915,0.5151740796200562,0.45514981137958915,0.10139301437437012,0.40454337505967225,0.36848653065825066,0.36927942502519484,0.37467207301716404,0.9982755839035343,0.24397572582476837,0.5000411773080927,0.328914124142372,0.2081852578723103,0.20828913170317714,0.4675376597888931,0.39156295356900034,0.5548372830476475,0.15670140914796937,0.6290450611818563,0.6656871585424071,0.49688643717180286,0.3358392865949948,0.5424904271898118,0.32513408394501586,0.227759065754345,0.4541469969412472,0.47965018049865676,0.46039450734943105,0.439174750653693,0.20045398474295728,0.08309376049788716,0.23973372937993953,0.20612546190703512,0.3697090648703124,1.0751190128891948,0.42601224333153404,0.512429498399901,0.3331396341027491,0.3981117063597304,0.4536331833251343,0.5776983699369359,0.45754212415353873,0.08021004614650189,0.52539074241058,0.5280376058163762,0.5072744832829433,0.5879866599480188,0.20720508672359836,0.7766756837992185,0.14455237009140895,0.12064260329920969,0.4706768711945885,0.5471727833686142,0.34374824772109025,0.20457774182711858,0.08184639049488145,0.6057395556748132,0.04090109443236266,0.3353504010561243,0.11895680223797765,0.1931688590675224
114.0,0.5845401641269673,0.5380037880797043,0.6392630451639626,0.36833501752877984,0.23451908626390136,0.040780865998338016,0.23909643027634858,0.3642145139704055,0.34528172856157796,0.30111552285476856,0.18647606923743346,0.09013702505348396,0.4034304394034941,0.4050916299793137,0.2628985456983654,0.7304160257430292,0.24147085344507505,0.3709443267839147,0.2644232865974763,0.46518940800354897,0.10329036934882159,0.5057206732006497,0.4269742946380732,0.4324465697009191,0.32737200091939384,0.3788841445805855,0.6186389434042326,0.4409458199336909,0.587594650424041,0.28952907583231674,0.1414201983769161,0.08375324881981647,0.3658621969978252,0.339684886578617,0.5190294258052236,0.1034439700136141,0.08253858802312629,0.04035962446295019,0.23584748093881794,0.533122049541187,0.3229226265197993,0.43738069460001683,0.3802652429321593,0.2578707536646995,0.30186773988224685,0.5004900697880595,0.3387917042380523,0.40982270726144376,0.12730625162598852,0.42139737962020885,0.35009328870364526,0.23452714957180248,0.2084151063491221,0.09861772662175779,0.2598381041626149,0.4556529892564374,0.14772435274079576,0.5286170193956753,0.23830030734866836,0.6840303298957093,0.48636473470717356,0.5132766096413636,0.3846897340240575,0.3734286320479499,0.39484480960071594,0.3996657527979632,0.3867435719779345,0.38720589440793113,0.4298447026726346,0.08318127972559627,0.23980003182517368,0.2063000583461518,0.16444774483282945,0.8651719148735538,0.5080802474280964,0.39292305782055414,0.334506806247378,0.34361564283062174,0.31280830637033896,0.6151700299534633,0.46809893548874076,0.24085556675330186,0.41325843231792264,0.6672774991941702,0.5296918925369967,0.7369358924814288,0.1581445923725667,0.4438962600369272,0.4443766686115384,0.643738397072084,0.4121012040524055,0.43257284428649734,0.2629610230025283,0.15970225781926836,0.4092407928004384,0.6139449512898035,0.04094175993210629,0.4354679156051146,0.17668564216648305,0.21493042663413425
115.0,0.4502637363932649,0.5050185267975539,0.7585101398539577,0.35826613422645887,0.357326051851459,0.04079722060149578,0.348591736063226,0.5199876898460014,0.5993979737972737,0.6611092297083916,0.5010595130748422,0.06829520206038532,0.2898203203734154,0.47185063385137643,0.23214796507641147,0.38440878355149294,0.24166180448734942,0.3818611980409838,0.41372692674905853,0.4032527292050975,0.10338429781290333,0.5518999518202229,0.46225949508670044,0.39749447479623046,0.6087318846985743,0.30579271203521985,0.47830915504163796,0.2813576728847691,0.6424698819649226,0.6949306034406547,0.42158857343658834,0.08377800173270387,0.3613610958861051,0.4641429524920878,0.5617869329878028,0.44185599698250205,0.18999734790219064,0.040419296663660946,0.2999564195819434,0.28449785685238926,0.3931819476613408,0.4911038439097634,0.5801219148962213,0.414885340971375,0.2842704631446808,0.4616818094084642,0.2715406667626473,0.578629395852119,0.30508506603723545,0.4297191133742347,0.5685150525494237,0.29841470853445073,0.20848582895737192,0.3085881557311833,0.2738909810993829,0.31591846447837535,0.19343340582400675,0.30556629747255076,0.6287572490673455,0.3502667568379921,0.37403783451533684,0.42915362718577055,0.45923819773699054,0.3739139659470641,0.4112387064834951,0.32829503338290017,0.42494165384819377,0.3305298022899857,0.512066313419432,0.08322990151876801,0.46631393765802076,0.20653653706748704,0.16450432291942926,0.6404330511709271,0.34466781001550006,0.2886744172215981,0.2991439617626432,0.5960609164765996,0.35037217772591456,0.4977246560853165,0.2760320373415371,0.08036298378684205,0.382647029355776,0.6840216525249966,0.48895030459834476,0.4844208039392492,0.3820631258214136,0.29992191045339084,0.14485095210311355,0.0402420481267349,0.4854588634371692,0.21935868194819025,0.36254044449159284,0.1699015629696423,0.4096386074718435,0.4854469816180154,0.04096297671458123,0.3134693513583737,0.5031495701561473,0.2153039304089535
116.0,0.24311700251868928,0.4129966789841877,0.7940983877771125,0.4227407073439535,0.26982737790036365,0.04084937852508,0.6468791754754201,0.2957145113148136,0.7051097715912334,0.4652146771172921,0.2572602383030432,0.04103679343694196,0.2756706492335438,0.387517043628569,0.289303923778709,0.3615403477132868,1.2296069149030213,0.44362636603128835,0.40209263613938373,0.38223773022478796,0.12421630509733199,0.3852960557185348,0.526323649387618,0.38760108109150715,0.47704189430506194,0.3592252202261219,0.37055959263777644,0.32459555508407145,0.3577577803231545,0.5928980900815621,0.6954835577972478,0.08384872434095368,0.10845429846119388,0.41646785542146436,0.46332502342686394,0.4420210164017516,0.1377234392404392,0.04047101257094361,0.28481322780373336,0.31198376916140663,0.45330166532097266,0.4809678094261449,0.26681499803186426,0.27492303391149064,0.3711364375118154,0.3794643462284222,0.42550874439212283,0.4665621948137447,0.23259428207712302,0.2754303765389534,0.4027605023073251,0.5480711088624948,0.20860959352180905,0.609597573625182,0.19210735691932315,0.3452774174675199,0.7034028940701618,0.5387069132331822,0.3231185944470965,0.46403369834057245,0.39825766014250596,0.3452527654801304,0.3063272347277271,0.37465787938259165,0.26357438968599156,0.513947445524648,0.6174057699247948,0.3685235771495252,0.6009843564905673,0.0832891317031772,0.4730383316536713,0.20656968829010416,0.16482257465655334,0.4279315674205542,0.3026817129015718,0.46649419190579744,0.40611394422512015,0.33187644760338764,0.357221095219652,0.2951692736322852,0.5684188508586481,0.08038331653671388,0.2870756735591741,0.3380902123124846,0.17064396092070727,0.5538265351226153,0.8873371169928745,0.461667904312311,0.12425476051556782,0.24168567336763375,0.4743564242649268,0.4018075309474556,0.3797204801764153,0.10413400166198129,0.08199225587439664,0.41422776029874714,0.04100231616542018,0.29489524213653,0.26970282752916813,0.2155580897823512
117.0,0.2726242728831839,0.6328138378886269,0.39385561979525807,0.3289518876715432,0.43456921091249845,0.04086219699782528,0.3443938374552516,0.5586781252666511,0.5905085839565763,0.31822698421117773,0.2027882048289941,1.1705564101204053,0.1577801183593365,0.3928172566614012,0.665057316151029,0.6772026692344413,0.8341445805854654,0.4118396522019288,0.6757073280862597,0.43113062595114354,0.12425078236885376,0.44234295160805526,0.4567943799100643,0.3138403608567508,0.34861851488416223,0.2942436217047685,0.3551512579783942,0.290744056709777,0.3574291466677802,0.5668299640640747,0.40242973598366305,0.8663271981470677,0.6608000053041955,0.2846472010911018,0.40792712035219847,0.10364398239007055,0.46365403089399265,0.04048559910889513,0.341309738503156,0.19724818331300056,0.2969947842076415,0.5015818944884168,0.2958902884338374,0.428906687411965,0.4058379303028696,0.39945156177359814,0.4865830003477195,0.28503049175786943,0.3492295655863788,0.5898844167554718,0.5991895946836805,0.47481901441616065,0.971789046246692,0.5946938153079085,0.17853863517153176,0.3536694930451892,0.3053935811374946,0.4212012282796773,0.6477147441483355,0.3088608216292068,0.49502654788343375,0.33037955939815067,0.4919674587598791,0.3125828780565427,0.38244327825810215,0.45706372043858123,0.5461785078815524,0.4598869038742979,0.3243481959614671,0.08341466433282059,0.24724430964286684,1.5135315923784602,0.18559645679732667,0.3548062326824327,0.32931019918236804,0.49123216464223207,0.5495332307855514,0.6875490638094731,0.2978117614644295,0.3322109167661966,0.4937545468384191,0.1207447090648703,0.30500775001915403,0.48113721954065664,0.22030367502175702,0.4708624327398526,0.17292810383846957,0.6875865615257224,0.15189124041561322,0.040316306865397195,0.49865595843174676,0.3042908222455244,0.3979177572938456,0.14705661344790394,0.2667563959758836,0.4020263180349569,0.041084973213812125,0.49490102623556176,0.5639057065567435,0.21579898866670208
118.0,0.5518460810834702,0.7987029768324523,0.3773061042872213,0.261660900053994,0.20226886967591365,0.04088960200852207,0.3398221326402518,0.4462312500085003,0.3673370285896144,0.42539590847610464,0.19961481436578235,0.20556631128556024,0.16396329496631834,0.3270033652174426,0.34178303102270025,0.4760900121996498,0.18852024729338687,0.5404020580279,0.6072959857588816,0.3732555253674792,0.12441256033522516,0.20139650630315245,0.40062158542407045,0.37087374625233316,0.4878388482709176,0.16262063887773323,0.310958698765506,0.23464984731494037,0.2732224374164649,0.6089703770497278,0.5238527024876677,0.3143432079775102,0.8168238771312551,0.4491489594936261,0.8509669548612953,0.8085782103643985,0.4188710019625523,0.040526706624940324,0.42349038172527803,0.2720708132215916,0.4300688956075367,0.4470936970914108,0.5229427677292737,0.355903948594767,0.4099045244788628,0.3182827586317747,0.611454410438657,0.3321094217669033,0.6395613430223307,0.6245396130697104,0.29509223775172827,0.20561807919476072,0.4998886118920064,0.41814526030831123,0.1959829558514118,0.3449527726969667,0.28302171184073266,0.332342736914423,0.4674547817323503,0.3192316998936634,0.5155616092329031,0.5062536466344879,0.580144072380056,0.37558876571367955,0.24353010539028674,0.3111497551229689,0.6927839030521628,0.416282954420121,0.384119162543286,0.08352605244081401,0.29784556343326823,0.18582122208667054,0.28903976378648844,0.34642408812036984,0.3581633704444123,0.35784203221414806,0.3558012939517209,0.5876807645756885,0.3790389485119766,0.32204873608595824,0.32046979648707,0.1208335543414841,0.4180375317119743,0.2900805815809396,0.3469171257321684,0.6984370303576796,0.3275559276911847,0.641747194000151,0.5089994518997859,0.04036006647925175,0.3993749889495925,0.3948620025106525,0.5602759949786947,0.14715547776068647,0.082204423699146,0.41173529928840374,0.04112121855054014,0.45998614278894595,0.31829207111158253,0.216004526246928
119.0,0.625895770591575,0.519782881592673,0.3203298651338472,0.2432057844293298,0.14836616041066256,0.040913470888806376,0.1743399766057056,0.41751704288568453,0.45663654325571523,0.47775420357502774,0.26409258473452496,0.7398557258791704,0.6011922653040779,0.39810971728637334,0.5645578952951785,0.5063085926608973,0.995820883207506,0.3663471148815968,0.35009254820563057,0.20073286302798846,0.12451731819869516,0.19927004165056467,0.4213657111302172,0.36853284424991667,0.3971471883535238,0.24865715447585704,0.6065422280273696,0.3431822521614597,0.23429847592779218,0.4696297966135658,0.22283524525475407,0.4956289744632449,0.8433596206742388,0.30826723347890406,0.25827565020597953,0.569847415972701,0.26298000961184537,0.04053112678795594,0.4794557453278877,0.38614057886454856,0.36236938418288855,0.5644235386243149,0.24739356247458408,0.526607613288778,0.17711095935218094,0.3130052246326845,0.4475247087112573,0.5484280200253786,0.8107744630764838,0.5960998139111372,0.38283755177618223,0.3254990364044626,0.5518900617054756,0.3939516067924014,0.15694761222793893,0.16743117806184693,0.33968917413674204,0.37011304450592347,0.20753378109584678,0.509674712167021,0.5464950041107516,0.534238877396465,0.4287682950547216,0.3342668717622306,0.3769892417441879,0.31146562455593724,0.5860675872392841,0.4927116349032084,0.25579851718264707,0.08356583390795454,0.3568071190465505,0.4954808253328383,0.1652009406106897,0.25539120968495604,0.27073205825348085,0.3947017716013366,0.36650049800503304,0.3258931381389345,0.5350105199879771,0.4286168931053034,0.5032318671912621,0.14096629183684295,0.385173945640647,0.3799874059355309,0.32427730334694743,0.5058080942025143,0.19206308728665913,0.4009875626435324,0.42473191711310315,0.1414381442387595,0.38784585853787146,0.1975127742711151,0.43110548931859416,0.08036740394985765,0.08213193302568998,0.29767542548920417,0.34972197174631797,0.48803762995279276,0.3649485493024982,1.1009806131650133
120.0,0.4665657569451161,0.44100187414911857,0.3672784761635342,0.1989914293039127,0.17378060331436448,0.041031931257624776,0.4415126842605227,0.45602291412507284,0.38904786741868375,0.6075242425849754,0.5518538163687478,1.033626979496337,0.23657987506579245,0.49336093781805346,0.52795183058765,0.607037076327375,0.20215836560052333,0.5891260530557931,0.3011412788444622,0.5613218055481884,0.12457036015488251,0.40659753531710247,0.39068535029390067,0.43277077490875926,0.5533507361465776,0.3926475008398311,0.47519208765562115,0.4121248754987417,0.3315012437658701,0.5016711336314084,1.0237273948845054,0.8130753726197423,0.5144249228332592,0.35914468412081524,0.31187918810445725,0.45146562783013217,0.683719066225829,0.10137643876306156,0.4223320737973578,0.3583244528240019,0.42614403124450373,0.5429872640369643,0.3649870047207341,0.15076126257536376,0.5943531613809553,0.23261764393870846,0.3014937606050427,0.5090744841669761,0.36596056571657265,0.5508203822556976,0.20509818202095292,0.3556415424600859,0.48230096742634526,0.38460359978076,0.3857411434667044,0.328623760144274,0.46689900650808724,0.3379114815302775,0.3584441531346532,0.596445115467287,0.4157069932457419,0.461581269117205,0.3219974490957099,0.38714207729981076,0.3297407977971445,0.3694096508279224,0.4912833880170643,0.4213682312182621,0.3249075732579684,0.08367987411375732,0.6534503792499866,0.42190455984016695,0.16546968652203892,0.4162050996440749,0.3469306756366508,0.4843988452008396,0.44214507564372313,0.4795054353271214,0.4261118149107106,0.5097585567376777,0.5342478248779633,0.08062288937216004,0.4317035701165547,0.2665360140148635,0.13537485929147733,0.5952257819268375,0.34082436040241154,0.3526575914405437,0.7126904648243426,0.6162392369030569,0.5534094611694992,0.3301010007249068,0.42577618062554146,0.080463763503598,0.8224155306847717,0.3217078483273817,0.0411570218709666,0.3316640833269486,0.28220535193337926,0.8935951837903782
121.0,0.5014240818058512,0.48184150231460526,0.5415180191845474,0.20054301702646793,0.25709185688101505,0.0410522640074966,0.2783335396076074,0.5276996738566546,0.3186018140349016,0.549420476445353,0.34120240221126025,0.1677762749223525,0.17896548897450607,0.3224727654813052,0.3407154265373116,0.6813398398132926,0.5947150636629763,0.5336827642203444,0.2114058672261611,0.4495219983712998,0.12462075001326048,0.44923527779704514,0.2973177105554261,0.31584470748794724,0.52273138290483,0.7855778921126609,0.3387437554503461,0.3495924057179229,0.37228785111880636,0.4028006152866917,0.6784161879890128,0.46747093541900747,0.35994520102901395,0.47020670543382265,0.1416477862560714,0.49768737071023184,0.4495654979755653,0.04057090825509643,0.18454817093654413,0.4613556197952581,0.45340726565995754,0.2540320727028412,0.626123725988469,0.16656058275429197,0.2514255025725349,0.38221294255877614,0.41707748181752946,0.318771548294701,0.2973759978518008,0.5235724531020705,0.3406230661786806,0.37625528209480363,0.35109361147524826,0.32101704635866973,0.7513074105506345,0.4948304565051307,0.5010293675630756,0.30810137300085855,0.24910161886770382,0.28635887177233377,0.291859441026185,0.5143643510906016,0.30480212035219856,0.9093360473134248,0.42306383259414604,0.46870671923713875,0.5587362803051288,0.2549766062872399,0.1900533473492684,0.08371523541788219,0.672649487313092,0.2511629047061073,0.2481647483159179,0.2674891384539716,0.4135650574967118,0.5316187713176774,0.3972205656566236,0.392478208596333,0.4240357683903576,0.3477327050071607,0.47441905572731763,0.605188829364027,0.3552212733605615,0.38430245407450625,0.16260542088792235,0.5015058611361587,0.7450963917003803,0.4568343200497234,0.3147888046111141,0.48508990611573755,0.5501015655235143,0.3222149731548767,0.3624280055523919,0.08052741385102281,0.9297164612764253,0.5670662862379696,0.5993623599124049,0.3582058465263567,0.44608237794667005,0.34568150073374704
122.0,0.35731921793275734,0.48025317430849696,0.46399547375307204,0.6121472709913541,0.300103652822716,0.041074364822574656,0.4112317078920537,0.39258283045478715,0.47269614789107706,1.0899879771565975,0.2253948924525226,0.21999642746824502,0.1777284192907701,0.24473514383210448,0.4317863131125609,0.364956575387974,0.5301968838832999,0.3335195695350578,0.28821695044113227,0.23185871494940727,0.12478915822415527,0.27104193620052014,0.2758554734387493,0.29696034229742396,0.6058106772352764,0.4235631032294693,0.41284854366679036,0.5407972758535334,0.30229642843141097,0.39803744762106813,0.6063385817668955,0.5684123984176748,0.2625817624915912,0.6531086549230556,0.8856585916602888,0.28104427824631506,0.619847747484927,0.0406009653636026,0.1650052256149429,0.4155964648339867,0.36942484838840844,0.42377612269319215,0.5167380522993688,0.6166732085079297,0.23826718729386737,0.2760565662994985,0.382397370129296,0.3618611513837074,0.23629167864763478,0.29064374560800466,0.19951731819869517,0.38556794674587597,0.476892995086386,0.4017113665697446,0.3538948020847453,0.43190228345621384,0.3233154758747502,0.24390455099984085,0.6604840218086188,0.4806296459070552,0.23485598544619005,0.3984709725568363,0.26657711416397034,0.4021861021234463,0.4027468530076426,0.20858059725242667,0.5187350989504493,0.29231755461427134,0.4481997412731248,0.11170753844068435,0.6219493771358857,0.40782236248872855,0.16551388815219503,0.29492231764416554,0.5849813665572432,0.4917433196602957,0.1729743866287122,0.44291560828318893,0.39586836312523205,0.2170315195510125,0.36948118091039633,0.2018158029668134,0.2152558902161785,0.39485836968917404,0.3784167860110681,0.443172695137568,0.38301596562881235,0.4164313579884826,0.43166114882983553,0.4456624940327798,0.7996428508283385,0.3669990923931941,0.26147719997680957,0.08067239519793488,0.22831387909086087,0.41913024452341796,0.2703994311881651,0.49153705388654734,0.5893002133918698,0.5104435191569864
123.0,0.43089097225905676,0.5666251171343198,0.22532559762708806,0.9176560759560811,0.5569458441627327,0.04114685549603069,0.3820756764054912,0.4356182629348704,0.4679936548559911,0.3582480241871319,0.2789769311692215,0.3318116072120739,0.6023462225286871,0.2515722287206373,0.5477821218157636,0.37597396282884005,0.5825534397708587,0.3268630659691323,0.46540844717262264,0.3877657120721884,0.12494961014162201,0.3183967395193725,0.2574879918904742,0.453887162648881,0.33323385640146613,0.1574585830725437,0.24566192572610643,0.55732258939043,0.5314167506497639,0.39712789338105564,0.46364004504486117,0.4157373715942645,0.2838849696776817,0.33285702587237725,0.3477591246898518,0.13829364026945315,0.424928393359147,0.04062881239060096,0.2407733517212115,0.585780188240009,0.2735087106679161,0.3493525566222882,0.45408652107453357,0.41677717074205695,0.12678859887261731,0.35406605884513914,0.4950659930338231,0.4018449286838269,0.47459349234133097,0.36941423999717105,0.3460330510322554,0.5110758971457534,0.29165429021022293,0.439870922820586,0.18206333209568767,0.3994285427141289,0.4313701915993328,0.2636164674726177,0.5992180179105006,0.3093523028439633,0.26599923257550695,0.36389242501930136,0.32639459191530845,0.5017185593804698,0.240696076871315,0.1849471008490793,0.4091040850919915,0.3666534061776198,0.45220541271062076,0.10489157340122704,0.4413878806707534,0.8415283155642781,0.16575080888983182,0.47141855128459237,0.4380318782156686,0.4001985673231629,0.2550654288130146,0.3627394465450742,0.42852932336144545,0.23400016592611933,0.2987388900326372,0.6259715518308315,0.2879846448737029,0.46515473517329975,0.18369490266801036,0.2706495735562727,0.402808367572596,0.3057609457970143,0.34058642793857347,0.24322389009706677,0.44806110433352775,0.17417104262805214,0.378567674303101,0.08074134974097844,0.24901601646068708,0.5069230508554489,0.17051498687843034,0.414921225715857,0.5227114290260738,0.6663032029764114
124.0,0.6540151434784914,0.30583107905019535,0.25087718135044823,0.8621480813545737,0.7506917153286429,0.04119326720769462,0.31088072853126825,0.43317048932764635,0.32783593086499235,0.36433458865962964,0.5871217345041139,0.6864641087963324,0.5787316980694692,0.31883692652403195,0.5852315924320379,0.5249400971820884,0.7084825138351102,0.4554413090754787,0.4101068500739641,0.5143790358543978,0.12508619317880443,0.4099214979048426,0.23662110258626337,0.42343119574249893,0.33155009566055116,0.1444277951637523,0.3108190435777557,0.5695513479287118,0.5611661488378722,0.4429156102477058,0.43400055694053996,0.32039330610512917,0.2479090173290035,0.31264328695108945,0.3378676169213483,0.20086974074270528,0.36070223469841567,0.04066682579253522,0.5439993831416947,0.31749784674915954,0.3353061994259681,0.36102633975140996,0.32483954808253324,0.3335172121147828,0.21830333248144734,0.3708878118425007,0.5001743312293356,0.4060644452400737,0.8536413302922612,0.32372716233434257,0.4715910818790997,0.34690824838999373,0.371495114614827,0.32232925565109655,0.33092522852242795,0.5342819224172988,0.7477406336745698,0.28514723317440394,0.5350888613499337,0.268754530667091,0.3954934350756634,0.4397261659898906,0.5420488213319593,0.6429696202195936,0.5373824973331682,0.34778824187863633,0.35727237633857273,0.2282940683273452,0.2849806789763295,0.10496671617249244,0.43468369313460276,0.3942252981199037,0.1658498205413816,0.5342777825856743,0.36662473826320424,0.3532594282077123,0.25451983769161407,0.5007867890167789,0.40075826104574847,0.4006170547569794,0.32638905909056826,0.13467794692268253,0.40359817845082124,0.412954821773827,0.1908387701338425,0.3298163043395897,0.21994377552644137,0.4058296148711964,0.1945483749440679,0.05411870789794727,0.36173136522417804,0.274915722225169,0.39373559763550753,0.08076963878427836,0.17805595337022698,0.5778411901164248,0.5510545403914497,0.4252197189365678,0.4083185994566146,0.3370270701833483
125.0,0.6339914072030977,0.4953754554467969,0.196957462212259,0.4328323078555137,0.8354926461116456,0.041253823441008496,0.4277442582082427,0.29897864766585924,0.26169111016814295,0.6914684960248,0.5139649950290167,0.18646257073960887,0.5562200533955693,0.2560107144751498,0.4904236570947439,0.4892908290457752,0.43349012283001565,0.42579361264343424,0.3762232005516363,0.5479379729048215,0.12513260489046835,0.4843019678565744,0.5422874955628363,0.42037739351827297,0.4678210832415499,0.27592071995615197,0.32551625177620747,0.5030684771654378,0.3880039354184716,0.4990053829548871,0.4127636627238812,0.5147202595147498,0.26583567601973157,0.35547820703627553,0.24800031825173713,0.41597270107321566,0.22466236754811514,0.04067876023267738,0.5668892771265405,0.27099479883990535,0.26936245608738046,0.3795082415292536,0.3129135402513644,0.40755003133404444,0.30240704397178164,0.4701774816000669,0.3737847364538077,0.5351382204193081,0.46439465634861044,0.3350971083813571,0.23999363496525752,0.2940507699923973,0.3929208229199493,0.2270515081596209,0.5110377364050519,0.7479649569476121,0.7279928923778709,0.2970157911036662,0.5046105700378228,0.7399210853562945,0.4821627041605295,0.4062654573100655,0.5320145576059754,0.2510873601018405,0.2216625190803703,0.36919241581629525,0.3949107744225682,0.3200035950659194,0.3421634332576888,0.08402111069856256,0.316502305667533,0.28639609028780977,0.10378211248430841,0.6077265554553651,0.29237347835888183,0.42988526816869,0.30616685070618127,0.4278011736230726,0.38869009305279395,0.20426735798016232,0.3761078519775809,0.23248466203433582,0.3836033316242036,0.4056273095351755,0.26603524637988646,0.32494527034520665,0.42862871982718714,0.5326917466716172,0.24866069060626952,0.12187582878056541,0.34898708807237944,0.3565175303665199,0.3157365106233813,0.08086511430541556,0.3242228862289331,0.3005678573146707,0.6911632100991886,0.45139519989941673,0.43285048387067265,0.6292117322377758
126.0,0.5808513486548813,1.008854286379415,0.4480025704300355,0.22350775296592937,0.4034258620791268,0.0412732721582772,0.4780734498488304,0.2617851316882882,0.23743069184391521,1.95559460032886,0.2360844427942502,0.32522446391459275,0.6143982390070546,0.4044827083222829,0.45134415894401037,0.25591886839897765,0.26326844534026417,0.4505744443855089,0.30882548691252876,0.4091666640665707,0.12529173075903038,0.3646379746906117,0.5704163185788292,0.4598015851967477,0.5434384153420911,0.2367023815838328,0.3891493838292756,0.482783417268645,0.4063378418996093,0.4918713462152483,0.5258663376924695,0.43481421423393524,0.3317063733310485,0.3156091110925885,0.36599000285416233,1.071858148128503,0.4113447903958697,0.04072340387913506,0.41671788530561005,0.26968218373078784,0.28415517424282605,0.33128094495159455,0.19315902420481268,0.38536351420640397,0.8032509897146823,0.5860316586809055,0.26740474083421034,0.409870047207341,0.2715061189790013,0.29286097771285796,0.6328841563676869,0.3410691448205372,0.5124635336551212,0.498942191845178,0.43314143025594776,0.40934239340461154,0.45959854974451453,0.4538669461281247,0.326546909716697,0.6207105592128311,0.37124856746534995,0.4789454538787094,0.5661496006499036,0.23906262234379771,0.17620922399618097,0.46335134625971897,0.3631635822348176,0.23300694849626055,0.474963202142895,0.08419880125179016,0.46189576371576585,0.1692548489188281,0.1038229989922028,0.6003074152084407,0.5090102876136928,0.5594681931869646,0.4895109531639527,0.48338014687799863,0.429978820223541,0.5126564001013691,0.49278375973172556,0.12151116533177742,0.4686873441892537,0.5117487932954966,0.25942378754928486,0.37618197168202466,0.6025900795221327,0.44376270796866996,0.4518058576000283,0.16252585795364127,0.339678361022165,0.21325518485121733,0.4520808013486494,0.08094998143531532,0.4694621987658905,0.3245506272842771,0.6004085114659029,0.2679163673010806,0.34518710550045084,0.4457438402742086
127.0,0.4632050896703737,0.5427106311680774,0.6016640708254775,0.6659338036386782,0.4395947889224821,0.9710021835605297,0.5184153296836744,0.3609435658844241,0.31634128373321074,1.959211619724535,0.35456823847663504,0.3552370493241972,0.5236075602468219,0.44268971339663,0.37388992026025925,0.1813524127214256,0.2089299193354251,0.38944730281652784,0.2885974282509317,0.2613635760886861,0.12533283827507555,0.4429097217486333,0.864737328655538,0.3646433200456433,0.4582542713508607,0.1579200480913736,0.31945100535307736,0.3869430001651632,0.436847268212966,0.39333704627026644,0.34410363350496664,0.8314451822789675,0.2745338938100037,0.3757590430220781,0.37750167626182046,0.8741181774783854,0.5211503240239499,0.04077953994943333,0.22645507748143934,0.2877552644141516,0.16659506002581373,0.43493243780830637,0.3846578181803345,0.5791519796704647,0.3940205968546119,0.2669889963606374,0.3099343063317629,0.7522456542110317,0.34996986922211026,0.3131886080510373,0.5722595620755064,0.4573039293689152,0.6059048957725561,0.6490920985165932,0.3310984989126399,0.31289382890372025,0.41058808448855594,0.49500913079388653,0.5766382424183804,0.37813519895947095,0.1978913383704901,0.4216719387156453,0.5792386837512282,0.2930868650435828,0.1230507081101151,0.43841298467087453,0.3499135720000353,0.27723792853480433,0.5549269230733439,0.08424300288194628,0.40318746317526355,0.40977585353347834,0.5402071288389115,0.4903909923784196,0.35436931589899107,0.4783506730013916,0.5061332413939426,0.5243117174732833,0.5949158400961828,0.1405656040594777,0.41026699391946303,0.12153768630987109,0.37241322451276343,0.5032958178762937,0.5053844952468513,0.5646897803305272,0.3896750649763962,0.6674445908009532,0.26437950856627596,0.268252267543627,0.4520792848658439,0.2180249827613642,0.42945995553316,0.08095616966353718,0.37865828477468527,0.4274735366179698,0.6568362241199455,0.39206620029035555,0.30999354656199724,0.43596204216582934
128.0,0.569832701107436,0.5549702670367815,0.3874623917796754,0.568464060954568,0.4785754233352967,0.04136786364681129,0.3784167307590304,0.29562282306971477,0.4271942029222037,1.9604245124560191,0.285428932619035,0.4409775632525326,0.2921601462947667,0.27776154488925375,0.3086411976873707,0.4358483130331531,0.35765640545914235,0.4453696858590145,0.2887550561753606,0.3215650913205679,0.12544820452978303,0.3869310022375848,0.43978345621386516,0.3881685344141698,0.4345697283949978,0.1448880814724447,0.4061795536519386,0.3326246338631636,0.3124982003622008,0.5801576230131367,0.5102370465422763,0.4668098560555995,0.2898897058823529,0.18985926200958292,0.566759932106296,0.6238065559857846,0.7307271315499446,0.04079987269930515,0.2411923831750915,0.3619229477183118,0.18171577467777011,0.28050458500909503,0.25544778777155586,0.6236872115843632,0.5456948875131656,0.35021192672494855,0.28826803380784544,0.5642313690128892,0.23137696918262343,0.5195111653317773,0.32683581999075556,0.4952050071606642,0.5231978363933489,0.445750013260489,0.389410527060238,0.2711531036103321,0.2203652890718609,0.3198366181459058,0.6852444855309121,0.4901358537102849,0.23428153517258238,0.4555794665326305,0.37749890163119026,1.2574789158224156,0.6786551310234543,0.3057142441606794,0.44880105533847653,0.34341248371906624,0.3981195598586699,0.21069370038367013,0.37067806805395837,0.5126711550264831,0.5819286055269719,0.40834863489765494,0.4254103805634066,0.579778284623137,0.22868597393871884,0.6403313354196503,0.5277019162808188,0.3915583726727842,0.36527256332486274,0.08106667373892748,0.35340722238563427,0.30533104810905415,0.6694445917832116,0.4015107012146608,0.356211213069538,0.7125629873229726,0.53978765536873,0.2848286744815148,0.3230911526017079,0.13094480984458706,0.40508290992283424,0.08098180660902773,0.26521475362011354,0.4695625431635615,0.376989515373327,0.5111940716773635,0.4043195777860287,0.27144986107087626
129.0,0.38099965726736,0.575292036770316,0.5275043759613853,0.35544151534975277,0.2533747944624198,0.041404550999840875,0.35222132135090284,0.5673789127914465,0.28995915769373576,1.9632184974981872,0.4145215615551901,0.5967768171290156,0.17463268445340263,0.38483265262822886,0.39659240024076436,0.32048025071164626,0.5478206386251525,0.5035884923435976,0.6087846319772272,0.38046191507179133,0.12564180766986685,0.37080873013564486,0.2752459896927895,0.34710908709741783,0.38048347223045575,0.09898181544935376,0.5518689001750383,0.35516583070333635,0.47132954967379187,0.7076266056947498,0.5289668111347042,0.4388870981561801,0.3152912224402836,0.306161737727646,0.22262027263565473,0.5290316306865397,0.8535518956605785,0.04081932141657384,0.3768077663067851,0.30009713308226804,0.3272172863735214,0.4036671681542525,0.256334668222564,0.4634712571532971,0.5506075895113494,0.2795434515624936,0.4273021229022926,0.7379143902827137,0.347133082268074,0.3753962195690994,0.1928266058452236,0.7742534344666631,0.49897982637599675,0.5267239212303888,0.3778835375448646,0.4411575191393058,0.3579689940298332,0.23874714899485497,0.6381941295672404,0.4258094021689337,0.35168119426911126,0.2910818790997012,0.4331420798588526,0.8634324333881433,0.9879012402977422,0.3508937569617566,0.42953688132018314,0.4545115800234348,0.39927616673360067,0.18291916405877046,0.27282339017662977,0.2960378178747233,0.7108999009883483,0.44715830733473805,0.42429904014860065,0.4750663524848155,0.3645796696982185,0.672352079957612,0.308428366838169,0.5057465655333369,0.3085544760108144,0.21295549779875883,0.2795808212073528,0.4117910196653052,0.29183605713600935,0.5316181259098168,0.5537040966070829,0.3010924376224329,0.2854160036422144,0.29846325665823886,0.36876285530743697,0.4592952239507164,0.3200511854877207,0.08107728213016495,0.2718952434965801,0.3221181139887711,0.3495824971858295,0.5319197832424223,0.5806076302007063,0.494489887929924
130.0,0.2277140563012929,0.3793491521358612,0.7607458267346612,0.37515797662617795,0.38134462398973273,0.062135336551212006,0.5278630658755838,0.777771098420332,0.26933152769674146,1.041983592354886,0.2649899220283244,0.21528428523999518,0.18089656060801235,0.35426970066656055,0.29909396480764433,0.31579931281198986,0.3338556001500891,0.3238309497604271,0.5507035057786264,0.5464340204866756,0.12577839070704927,0.34760152578669523,0.4623731337004813,0.3743770575858837,0.3602083296498641,0.10564543220353965,0.5207472948602345,0.44454740745384147,0.5424241107123141,0.4665364095349149,0.6201311904383032,0.33824473246573333,0.6111096377234392,0.2943366661362471,0.4238799826937617,0.39311379857022455,0.2869264838487243,0.18379037818914762,0.28220795982955843,0.5252315870742646,0.6189424612646383,0.304642202537763,0.351537592706419,0.45043254452367054,0.48117579976349517,0.3109903317582179,0.444950201763441,0.5844227751893684,0.34765024134090067,0.26929292352301953,0.18772196585276735,0.5137756302191555,0.2606305205697277,0.45020823540385957,0.19557364875616612,0.22826053324846618,0.20191304655315684,0.18325715278466423,0.585289833489059,0.4082979371331845,0.24773776056860977,0.32638002142150574,0.5081976198364162,0.5137250481797768,0.4798231934793756,0.41368588553545854,0.5354928816261231,0.3021176172227232,0.46646154096526715,0.42218303011015046,0.36190261496844006,0.4869776840703219,0.7933565932133799,0.37195955597368735,0.38266104663030875,0.2772061782791092,0.3663966894241916,0.5457187991093111,0.3999758207678443,0.5625965805618911,0.22489777088095278,0.21315274757333047,0.2774741420463586,0.41439285587995334,0.3967231858177596,0.35633393985657147,0.4296239325306317,0.5197995386280371,0.27295554831490754,0.19003430046500114,0.3728687533996253,0.47037599379998474,0.2669882777276826,0.08117894587952403,0.4897276148211013,0.44009955814443147,0.3644705936754947,0.42198936600230086,0.4304165056464425,0.5528354347643823
131.0,0.27117608297394,0.45488022577583004,0.6759157420106605,0.32390711469438993,0.4753007184238288,0.06215257518697289,0.30260785934451934,0.1414384822512254,0.3080184971767213,1.0830146395799076,0.16510598077523767,0.42007213706041474,0.4836458388585371,0.37297039374812135,0.447844388501048,0.4525056641231785,0.49529942184267767,0.4678141409855195,0.43716119450485336,0.5554855830355749,0.1258553015435209,0.2520439623099014,0.61125795119324,0.33370276590537495,0.39244377032624955,0.0793313177389982,0.4258546987940187,0.4339565192841731,0.2182271806628673,0.47065971761788583,0.35826793129167644,0.4638458096334593,0.3199904398188491,0.2784159651236509,0.4300602453960436,0.4870341244272045,0.6554005551724748,0.18398132923142205,0.11624233101716792,0.5344035929295072,0.6528560682408875,0.35373822331395166,0.27256170807579383,0.49917772338872424,0.279558321937,0.20118592973708868,0.2521232518255273,0.7164846328228237,0.23763806694905185,0.34912673786075893,0.9249977899184922,0.3817501528766725,0.4053365512120087,0.3376861538653545,0.3851549930161424,0.23286593266702532,0.22415807949542632,0.27668654477119975,0.7126107998862998,0.4980663554871903,0.2610275068849301,0.4376733651079909,0.4178615650570999,0.8298135575240015,0.30449252108417757,0.7284192907701104,0.5723442107571953,0.3885645471493878,0.3778816171251034,0.0844887639456143,0.24759936526459092,0.547240871100469,0.5328942751408672,0.5627946558669084,0.48924979840213023,0.35704787759845313,0.623771405165613,0.3190122333001963,0.4917671306574929,0.6749005463321487,0.5231712312216741,0.08128326172669245,0.2523105665470276,0.504925463114494,0.46348869574881346,0.45305307459739114,0.4017297493721042,0.40298468745027305,0.16040399027058974,0.40755671069149024,0.4485569641141699,0.3079364026945314,0.2573946032220577,0.08120988702063332,0.5900769108364715,0.2533849608373556,0.43657318653340504,0.34895109531639523,0.29839230983882165,0.5094882817460126
132.0,0.20909481691684786,0.5888148689406425,0.4338453971637018,0.2980587220578434,0.5492268532136192,0.04145759295602821,0.5690432863163993,0.38071630215055663,0.391651758662314,1.9660774589366852,0.2152606759565864,0.2731601623967892,0.6154786215658491,0.43993606234197924,0.32961392401866074,0.5046866988454535,0.3727338627884959,0.545783164483106,0.571650790481153,0.42942767729273856,0.12598127618946586,0.29858714225094896,0.4844162732721582,0.36423274810375017,0.1563181810145158,0.03966831096730847,0.3019465717895676,0.43790162706200597,0.38169218995082255,0.33281705829310987,0.40212071081558853,0.37465415997712725,0.285342297423929,0.26781792759183626,0.2514854203378576,0.30137601198870145,0.5016286090631021,0.1842518432079775,0.115663037081379,0.5413933493761984,0.38014470140325446,0.32942251454233623,0.3542667833589702,0.4376134140160422,0.33655436926799565,0.29022648915292004,0.3080047946713729,0.3791505330716597,0.16216661925037248,0.3468344450043317,0.6705092617149055,0.31353386312887216,0.4245674624924612,0.2584443222007963,0.4321770186884492,0.31385029479887216,0.5142846408175533,0.536351641648544,0.49421409080614503,0.48621394523067746,0.38874169746046905,0.5474179487739507,0.38742423840591234,0.4779074948284092,0.4461754907854335,0.4682454383917679,0.249364266489632,0.4336050260200262,0.4621115912856561,0.2218804699517318,0.39899984711436154,0.3628575239246128,0.42504705464446607,0.38033469474354215,0.3702837413143796,0.3929839328996192,0.43579777730310804,0.2882496350909866,0.4627352263418141,0.5226754362700897,0.4421352039463214,0.08141763468236707,0.37992700837473553,0.4602086151187254,0.5232022091974751,0.45218796643413756,0.430721482271424,0.48543028392601406,0.29812010466946026,0.7337293799395321,0.2651825319317776,0.588165937741602,0.3755393101170298,0.08135221626973604,0.3886905709082551,0.42806626708393,0.37584326186140216,0.2383274068480979,0.43050898369305773,0.36121944193968536
133.0,0.1312163278295989,0.6545851179741509,0.4810632328120261,0.11279741669600046,0.21404051181407568,0.041495164341660916,0.24300855128580623,0.30801856861369936,0.6759886326036274,1.9679184568326875,0.17196688413868705,0.47886737742887947,0.3776032023870564,0.3152558711819837,0.5308924309128521,0.04095678848635938,0.35271320656305805,0.34412501399718287,0.42040331174686446,0.5439148720804824,0.1260820559062218,0.4322451055698638,0.3632029006372612,0.34343367783403855,0.1870065818553704,0.7837983344825757,0.33517201590585133,0.5028891792802046,0.5022069613927362,0.29817097498033984,0.40383051326932934,0.48599601797216724,0.5296111140578864,0.1889924522559249,0.42091943550878147,0.44329800149696186,0.2604993432157778,0.12306264255025726,0.23516000990116512,0.4799493557567301,0.29286685142948077,0.2768891776728726,0.3025017140409916,0.29597603480669,0.34952322514381595,0.43156551676125815,0.33035986862433586,0.35032593281285496,0.07762690288017822,0.283382520907371,0.1947959210735692,0.3306247378039665,0.4657534609876412,0.2795291305581445,0.682798327852331,0.3001709583049423,0.4148324095192631,0.5437891531725404,0.49686389434042316,0.3414755066712315,0.6334411853109143,0.7091230124566994,0.3932906850747511,0.9387492706731022,0.2169144678055727,0.4467611026873981,0.41068193594979785,0.6560832609822437,0.3310865644724978,0.16908361180360332,0.3293593121047637,0.2263101363178274,0.5589867962751517,0.3074101615680086,0.3607304368496221,0.4419673984849288,0.41626403401757456,0.4249039629986959,0.4176821991195036,0.2601178736926362,0.32365955861330203,0.08143708339963575,0.4873842359306211,0.3249509650176768,0.24306778467323203,0.3337722895220376,0.2917166881781266,0.3222463952857678,0.6538103068098294,0.6958111320600049,0.21990532010820552,0.41674004137272574,0.4943366180909968,0.08139730193249527,0.3955869092452129,0.40073890391744305,0.5383429607335531,0.21608174768944938,0.46080916767067504,0.4657804007180204
134.0,0.24245165815048594,0.4021670896064751,0.40410133883114663,0.27598790643398924,0.502580064394154,0.04150267861878746,0.4372854894888524,0.49739714280662656,0.7327777448432297,1.971817040612457,0.21831428243073606,0.7984028477636923,0.232106016912009,0.4486033547774384,0.4228738384443046,1.2312761894658675,0.3326705740907725,0.4517332343216818,0.536419785828368,0.35914228631037626,0.1261881398185965,0.3762137339883159,0.5004911612977021,0.504785805214782,0.33882242777113614,0.5230327327805183,0.41470742940999666,0.27166891603851245,0.28086452495034686,0.32022503183856815,0.30649046814397535,0.374959507463157,0.33119728955603883,0.38682909292361367,0.5234375333417469,0.564284544727053,0.18112479888258276,0.1232376810056755,0.29754916694661027,0.4316186968475396,0.29490275641365654,0.2884068885293823,0.5844140631906504,0.3381714780141092,0.33075007219599595,0.454349108895136,0.4284387907356458,0.4326099703571993,0.17476197422160925,0.32458431018935974,0.24217100726674803,0.2900040393489712,0.26479276507717603,0.37525003388791645,0.5108119397443378,0.4815437256483914,0.5103190473664668,0.4055065200804606,0.5586908209237256,0.3250060021160948,0.519921398451175,0.39050055399376465,0.34460994652517263,0.4753982566877067,0.4950209073710638,0.3056307825204021,0.25632308739546317,0.2618268292643723,0.3332947781049649,0.6753938365246911,0.506568804257501,0.38721232105706727,0.49563464700578147,0.4055742483608882,0.4189732788312973,0.40078928736978775,0.33798290280945553,0.5012522451828023,0.37758170671334357,0.22597924291447866,0.29986621319637735,0.8057632737495358,0.27094538446577904,0.30310932967207826,0.21129414795674806,0.29487272497061306,0.26346725961990314,0.30703673581111307,0.2772679856433105,0.4507974710774,0.23694480296877787,0.3838876217754911,0.4295831851760174,0.08146890857334818,0.42202000409775114,0.3803341487234049,0.4009923498610207,0.32439489231219987,0.3974560285231594,0.5199695164757676
135.0,0.5195521490832581,0.5095337776522314,0.4135374046387934,0.36554280864735433,0.3385958754158853,0.041546880248943575,0.6097959905332736,0.36321411751847227,0.5596333032762247,1.9758455771848862,0.2383281175409749,0.52203001210321,0.5733748386640499,0.3625933538428897,0.2785822821145643,0.06164602450538376,0.35806790254424575,0.6574909165650028,0.4120000405614958,0.43074367614256553,0.10530375360243285,0.41931383429420876,0.4636362581552006,0.508743805744283,0.42114285524850154,0.32651056615412416,0.31658561483536984,0.3370870746856001,0.3764695681976752,0.3654034774605304,0.3832634225917599,0.36890725863303175,0.10198642125921603,0.33921616847411146,0.4779749397157767,0.5114019157407478,0.1862760058590961,0.04112077653423859,0.5178821009918846,0.3848148246373993,0.10781190143625832,0.19558441315315708,0.6368643068889714,0.459475945472869,0.28331390617783536,0.4184559486553864,0.20471823986582904,0.44892762066686637,0.10364044625965807,0.3249606989853611,0.9685461199809049,0.4384877485710244,0.25047507912091793,0.2767741004288238,0.6961977757739705,0.5545693339083388,0.3091172492441521,0.34565250446436463,0.49745741614950767,0.4530150914187937,0.5669237938638033,0.44253964886224995,0.24991528587574308,0.6080442546721123,0.5953812832617268,0.27380401919657577,0.3805619647919281,0.37127348685190936,0.37427684608870443,1.1207435724515233,0.2570935660107145,0.706733750007367,0.46724973269645753,0.46698189229218773,0.5768224332113369,0.3798749080053572,0.33079350766456267,0.4451888927837572,0.3668390530242755,0.14536625470747355,0.38350198710884004,0.6852948543408949,0.15498329178380102,0.38075308668447516,0.9717794692268251,0.35841141647390906,0.47528096163459227,0.33032457409443056,0.6608618875864142,0.6151236172256699,0.27733997115527903,0.7984267619789819,0.3841976409589985,0.08160239749641965,0.4833561185607493,0.6127871833488976,0.3655426192117964,0.4529886554899071,0.4519547394421419,0.5278260610899977
136.0,0.3319719820600317,0.4176038296292367,0.39272400701349136,0.5625173036381582,0.297174715994002,0.24961544581764172,0.7302651462410933,0.48081778455989455,0.34774071867770484,1.1091360349369686,0.5302840102076298,0.6205412455611362,0.8341755217265747,0.18943185824693212,0.3953305397903075,0.5618208419526513,0.3781337482393018,0.567965177955763,0.41330517689492374,0.4354965611131738,0.12666286532647325,0.5939119621398303,0.4050067781499782,0.44708446047490236,0.5039648862250039,0.3772982637599675,0.5158560087696036,0.33729331165319587,0.32525746286365137,0.5130375694742109,0.4041689059379302,0.26361322968748974,0.42005137492327854,0.3777569538986819,0.537659432428255,0.46825162661998976,0.18339093145755217,0.0411649781643947,0.2236237822450892,0.24441409265840391,0.30876335994271475,0.3918899250822552,0.6882218475164732,0.3875611200296169,0.31169608285153555,0.4341368084654962,0.23735343476134063,0.3830293524082311,0.3112006930815608,0.64601005602328,0.5243648225746567,0.5132572095710501,0.29141187584140954,0.44882480143645487,0.7344613589349173,0.38414513527258887,0.26031864955179546,0.4900213899055264,0.36364489589042703,0.22255828273207584,0.4837113778210686,0.48974652185172585,0.3575891285688797,0.3865012641666224,0.6109836630774943,0.3603833558270517,0.43544588885549207,0.30499124807722905,0.3363566007612606,0.4512081085550435,0.3606026450255485,0.20590445375625455,0.6559155205347676,0.44073150751133056,0.5552716278576353,0.4219052014767335,0.3982536615950396,0.4749337485566467,0.33555728531268225,0.5115298478874567,0.4635094961677186,0.36126329364026943,0.1551618663696317,0.4643911667462295,0.38549484830000535,0.4931492384550253,0.453061916712962,0.44538122432621974,0.5438575003737046,0.5856858423160869,0.38378646983448106,0.3918295845698157,0.42884376541844593,0.12255343977085874,0.36064834951112995,0.3253762316468516,0.5518454086544158,0.3420865588891339,0.4525514241765236,0.5152245148134397
137.0,0.3529173855931807,0.40028386286886253,0.4024054125297959,0.27842889725773085,0.4210047560954047,0.04163395746035113,0.38583505539276125,0.31649704291094255,0.45267056049027077,1.978098092257642,0.6532537311087143,0.34568248677011204,0.6017301780946824,0.2878620113509786,0.3816212670199139,0.6081949822309446,0.41575043001871625,0.48349416587594857,0.3865293192012922,0.34045686804929365,0.1268193390972259,0.5528965770257607,0.4505245014547248,0.163422709029509,0.3985188033734684,0.37050160009901156,0.30282501458653793,0.3302760765817043,0.2967472020368111,0.45163826182754685,0.3692017464761994,0.3927257966607141,0.4078351809614738,0.2899667947531683,0.45833904639403095,0.5797816504954184,0.35395418943050616,0.04119547728920243,0.2280510617231563,0.2938469032337912,0.3161048639473824,0.5655255845835594,0.5502476027982579,0.5228572571395778,0.47067568284350747,0.3399130038249144,0.12039993634965257,0.3796774276934068,0.25290515214201104,0.28658912718478835,0.36666859546507347,0.432126849838222,0.48929082904577514,0.35615894107723073,0.8546016107074028,0.3582957619477006,0.16237026821549178,0.3834479404730881,0.45509973852280117,0.2087594710492923,0.47449386533375354,0.3640955462437454,0.39522091974752027,0.1537242820181875,0.4395191785107817,0.19544761885818346,0.6149861511720139,0.14541073417644781,0.4291620062774002,0.5799556308689295,0.30857139594641586,0.49734378803890283,0.5979626755731525,0.43544053811681316,0.45618027192842864,0.3439494253235559,0.38701258230974983,0.4784090082242234,0.3609032411304008,0.364115790590357,0.35466792478464493,0.5773693702244791,0.206962640782192,0.29710146110188546,0.4733311674534556,0.5164654915951561,0.4106214970208102,0.3247869481426475,0.3638788698527201,0.5041302356830919,0.2592587748272519,0.4290600670686068,0.2864635618131967,0.08179334853869409,0.5146130589296132,0.3750060926571296,0.5096934174932372,0.2743322712313059,0.4275584070332967,0.5517887858479731
138.0,0.35759837072791245,0.45710568328487233,0.38713689555465397,0.402923566541134,0.4047582002443296,0.041641471737477675,0.3188010599362819,0.39028030262847,0.32681683433818365,1.97879117381849,0.2545532983256422,0.18856465940749606,0.513360644740578,0.3835198642125921,0.2609605308910459,0.534575841157022,0.42727635795208124,0.5167871476814351,0.20426212518717693,0.4930803821378266,0.12701029013950033,0.46337072111219463,0.335914289782165,0.45183692152344357,0.315227447330193,0.3504815030911674,0.2857303877366997,0.27107514080674844,0.6314782645850644,0.39611467670927697,0.28602661666162243,0.3814219681755196,0.4128883665729592,0.21073922806273093,0.3717312894499548,0.41453027355390804,0.5351734471967327,0.0412162520553758,0.13254930691843914,0.3893893434289856,0.08114535264060538,0.5501878909294173,0.3898102473130321,0.4247793534989206,0.5282428384895005,0.2923297251202625,0.2298291084611564,0.3856262486960519,0.24937640340175748,0.3502105521789574,0.26243237150586124,0.4286180197483577,0.3764791993676875,0.6455230133331761,0.5605039575192867,0.3038870109893289,0.32515072755883234,0.5234788217480025,0.38568849321601995,0.34179407487899505,0.41199946565140444,0.4088110645520607,0.33208016321398026,0.5867368588553545,0.4364434530871814,0.19789069820894992,0.48470594925270577,0.13972615195762705,0.3078825671181662,0.4402256595223232,0.16587578899909824,0.5343115154086884,0.6879450040043401,0.3959371586502159,0.5390183909982599,0.40018294786832953,0.3698642125921604,0.47109066605017896,0.4049083747229874,0.4132236248872858,0.5326234551530259,0.3541923281686185,0.5744325394720557,0.406325392859436,0.2989107613288778,0.38510971499443714,0.4587516752417829,0.35097672973607846,0.43471587613103563,0.3747723754177053,0.3667593427512273,0.28145670892342506,0.2933123552396612,0.06144910624303824,0.6434837956823848,0.48146688792739817,0.41850368641595503,0.3034902870074991,0.49790219063279056,0.5147835575092676
139.0,0.3148397248890539,0.3599969721883343,0.36996475704217524,0.5417849874513897,0.5689130896017008,0.041702912003394675,0.3671854739358719,0.6591008209716108,0.43800415359318445,1.9798091373609854,0.38155837267278414,1.0053058163451736,0.4469617693786261,0.33971723877176585,0.18569742869508335,0.4887849413886385,0.5219010237097544,0.4197855542493802,0.38306723951979343,0.4799554447568026,0.12712300429639845,0.46420983482061295,0.3646808071365005,0.6158774116642053,0.5002068026613647,0.3970146218992555,0.4361948142647501,0.2704870305616871,0.7343334342170538,0.39976976716118684,0.3038122137944446,0.4601668867442567,0.3002336257070251,0.29634109105943823,0.3822446903061297,0.28683949764067296,0.45990517092770383,0.04123570077264449,0.13252632207075798,0.48340011708520697,0.04065533336869463,0.5091269490463253,0.4379235989556629,0.39712538098405065,0.28564387309149414,0.907893035984056,0.586398097561838,0.395053519333793,0.6399839106066232,0.422290096280973,0.48452766138015185,0.4005463321487296,0.5124476763203026,0.3250960370013041,0.4806490286089023,0.4814875938079142,0.34854248281819483,0.4370566047320896,0.2689332410531108,0.39063315888423294,0.377611302304829,0.5719699262508801,0.34226295648005717,0.4924190889159992,0.44105220584745686,0.3814204446431413,0.5231720025834553,0.12820594423522338,0.4298436378965235,0.5937636902271178,0.3516999946958043,0.16057855513711344,0.5171641941189272,0.508377144344432,0.44241342558213537,0.38455860252126106,0.5271763409301201,0.3956872377369944,0.47643649869737026,0.3339223200551636,0.5210436249399516,0.45354032956735446,0.6314784320154817,0.4760384570255678,0.30928101628388055,0.5130027743249258,0.3392615675666119,0.2752492971940804,0.45584875970225786,0.4722514000509887,0.42238285094620953,0.13903556463162364,0.3678000644663775,0.08203115330893403,0.4403821672943299,0.5613991584009619,0.3266574727275942,0.30888452766138014,0.42005449140130957,0.3982647454464349
140.0,0.35450679821071795,0.47013856456391956,0.33018432364946904,0.32262248576555086,0.47177885040400275,0.041762142187803886,0.27273018080758665,0.328494791364096,0.30561139694831946,1.9816717940557642,0.747722605723985,0.5720897941382745,0.34784119238317507,0.2772306668384216,0.5824426073405017,0.6587843004650011,0.5939089269612264,0.4383298479877724,0.340592567053873,0.3304908370020686,0.12723969660001058,0.3818168921616999,0.3887539145504911,0.6365666194340676,0.5466376872360005,0.31205466857617703,0.36683579606205347,0.45899451992842116,0.4384953905736407,0.3855667443116996,0.4570960168500375,0.3229689350943263,0.24462419774041264,0.19102618504570448,0.32546555032101093,0.5539208564900763,0.6979636308987075,0.041255149489913184,0.8774728601990842,0.2986921710072667,0.2169250988643128,0.5743934155041638,0.34610652150851323,0.3433351174718597,0.22317994411958242,0.42848202761717846,0.28414911861949466,0.33285946465705657,0.7544782144898836,0.5888391199581726,0.6663641065082481,0.4402606128114004,0.3644260860340529,0.3536580929104665,0.5166949557099666,0.5086529405871155,0.8499551554370415,0.3805444890013023,0.2499224352216027,0.25012116771866544,0.43021158359450734,0.5308527378489719,0.4492855401507208,0.5513544642383552,0.5393669721697231,0.3657461677186655,0.39009246158672756,0.14983291783800984,0.3982228665530685,0.4135810671855472,0.5527651908373808,0.5266865397195848,0.4673306271535294,0.37695292931569985,0.37249788289433483,0.3901116118787461,0.4535201461473142,0.3700011066778513,0.3846200990437983,0.8713461459125279,0.44108994998994827,0.4665044466839937,0.31829929807811314,0.49019228780672575,0.28853851730051805,0.4163693633449772,0.3477006311992786,0.4012398557258791,0.3933306370338938,0.43969942891493846,0.18254984243818909,0.248302657402005,0.36193386060966815,0.0820691667108683,0.516258555615531,0.3209388805116276,0.34754249986739505,0.3505678848635938,0.42120935660107134,0.4577676869940355
141.0,0.47013892572358074,0.45799795346452377,0.2894192259410527,0.408315966370259,0.589772468951512,0.11144704350029762,0.37668390914604755,0.2543964501410812,0.583688419762254,1.092920224897894,0.7221032461677186,0.4463538837381288,0.323702295390654,0.4036088973461341,0.26065982299141477,0.6872349228239538,0.504153809192483,0.46393416032661544,0.11248998096383127,0.3495599928634458,0.5930983574674235,0.3867623901012947,0.35838397115207554,0.575928707822173,0.4906181155961032,0.24408948430589544,0.1930593126941188,0.42859439969189544,0.39627816748881695,0.3509327552070296,0.3048071040859986,0.39791955418620184,0.23451031224031543,0.310588529971652,0.4520940743294612,0.3329151457287563,0.5068815042698774,0.04129139482664121,0.6597265687158543,0.4109600293122641,0.718923601902438,0.3721743847913111,0.29242587059203334,0.5052644071354623,0.2345533696185941,0.3015736460360658,0.19934666147009236,0.40291032127709314,0.5074767057409076,0.32892643080676814,0.5493718064322213,0.3096903336585751,0.39654459090934024,0.36493447457289585,0.4215176187697802,0.2965343711876094,0.2809578640593598,0.420372603017275,0.3881298793688401,0.2604248808029374,0.4795813160623846,0.4730422606874629,0.22581021588076164,0.5506573413856073,0.4196530393040894,0.4560290219866944,0.4108616665782634,0.3741872583118007,0.43118193705833185,0.3459356261058908,0.4995694761222793,0.7676970828753129,0.3714224084584239,0.25419805521452016,0.4442466952599816,0.39222918231546955,0.3865145586569233,0.41841026627062,0.3250926095444722,0.6323675277144222,0.3906036854639199,0.17497305709725483,0.36416503120635085,0.4438498220147692,0.7147598083417317,0.44424111694572627,0.4149553563535423,0.42781717789752083,0.5096148859303264,0.2865616053649788,0.23885992629693897,0.5518819089603579,0.2857533618034955,0.39411446454145227,0.509789228619344,0.30218429301386923,0.27793189412825536,0.22663417445017187,0.35074416066498426,0.41473400061721544
142.0,0.41093971402808194,0.3960205385707959,0.2907397032302551,0.4699573713381998,0.6190495908069735,0.6269625523789317,0.4116652522145017,0.27040164916282117,0.7117250881249538,0.8616143571946361,0.5773670627787568,0.32468665955511544,0.41620351822404994,0.35038000772897077,0.249770955189191,0.4492653689068053,0.42227231740306576,0.43214142386627813,0.4193694069151556,0.2403065825067628,0.31060249768678133,0.3435186044661327,0.39119454672856746,0.4264262097986173,0.4017897641883214,0.36185045704485574,0.1730810211227958,0.3729311427005427,0.36667855306155855,0.3896762672607365,0.3507509120269689,0.4900148878306958,0.38730065064799585,0.7749740978447284,0.5437502881772946,0.37153220530773173,0.7152818295938753,0.8081071093901944,0.3927200467653247,0.510101905241192,0.4648142394920095,0.3543096589402217,0.4980043530672078,0.4956701620547071,0.3201495341148181,0.24739308607923688,0.23934411210176335,0.30074169054195293,0.3467995809685462,0.3113196068004321,0.6922581476233416,0.44833229171230965,0.37124844691544945,0.5240017108852252,0.49344378829580127,0.33313680718222305,0.3988489895507345,0.33890097066779806,0.41370681681887966,0.49383380091490203,0.5267817157096752,0.31817005251153657,0.2847051677599203,0.6963806097896161,0.22455011028306718,0.6854104282093195,0.4200741005433543,0.10656924627380256,0.37945025412537214,0.5017926881143376,0.4326857499837928,0.5765097540368717,0.47447869377422636,0.33634886676842857,0.4121087737607655,0.17584909928303555,0.44891408649696446,0.38279906906362926,0.43486630199620174,0.4563718009920206,0.35170266412758633,0.460382907671635,0.27453044416104144,0.42133842159928636,0.630655996393147,0.39517301088386714,0.5505760710054987,0.26738057399556897,0.508847086280542,0.36069458441627317,0.4589740801640764,0.6092254025964841,0.4257366938359352,0.08886325194339835,0.43048606638327097,0.5216741540384532,0.29203212820044355,0.23954719850068068,0.2178464165154637,0.3599532462061548
143.0,0.3217244251968012,0.5243350026456293,0.3276448992581703,0.2230410673761864,0.5331319337780581,0.3669124768432572,0.30728213208677047,0.25803190584168745,0.45137028897103987,0.8375395162573596,0.5540630138439505,0.6764142311568451,0.415206103737276,0.5158424536030222,0.42500414390282715,0.3038508460192012,0.2387567996841057,0.4489341881928605,0.15394593477607452,0.3079056088921893,0.6841631184812641,0.30108197790334507,0.32019272446525404,0.3706014773658186,0.4044705313122192,0.47083028342085254,0.1594923737454104,0.5710570181383844,0.35039976884873825,0.3316512519297501,0.5013023005742997,0.4667650778432405,0.5071584540037836,0.6456450513894951,0.4886274781813953,0.5389514575541446,0.4919695874173312,0.7548857535199233,0.1584856816186048,0.39809238764725635,0.6994872610901889,0.4042494306544864,0.39630912626355524,0.5017294088715083,0.3630764565205861,0.29353982124860767,0.20474034355114287,0.31087432904525514,0.33922187450273167,0.3215747376763255,0.381504473884997,0.4435614175885589,0.5375092250439232,0.5195876408184229,0.3875400024752913,0.4093014197563606,0.34970809243444895,0.33002370640942746,0.2895927069616414,0.43300774412560333,0.4463233906392048,0.39623485314138374,0.422575619922196,0.4416546518599242,0.48935910214702044,0.4280280976762423,0.37743017962502456,0.22577043441362113,0.4117606841565669,0.27003287864589776,0.3395995498063969,0.5480256236850014,0.48691331176293784,0.5065219272655196,0.3690682990960135,0.2190664123338438,0.4464743862395154,0.4044614826994819,0.34265026174165303,0.3888574249327993,0.23042768054020524,0.4140110327268869,0.23531123251825525,0.37415579396772225,0.452848795063562,0.33385608619866597,0.48776276344933667,0.41499558503717604,0.4157812785468862,0.447157056390335,0.523708564371854,0.49520743825032265,0.25244435014763345,0.43792381996381363,0.3675807563782952,0.34190962829375815,0.2620912769977242,0.37355593274279947,0.36612151912162516,0.4110924670901862
144.0,0.5590134675000148,0.616325856588819,0.3575094283416566,0.29967323944907087,0.2905851292795678,0.9900676284941389,0.31945230479634973,0.5786243863340347,0.36509897499653926,0.6195659989273739,0.4513424965639048,0.558133030883679,0.4216377346905644,0.2635381792880521,0.35182547207341003,0.3420506130766103,0.25424762931923606,0.43552435613825435,0.17226568715854243,0.15103531268233172,0.5880117698740729,0.6012398699844695,0.41272354124420096,0.5577932351386499,0.33407825590041723,0.4057483617268532,0.43090787938259156,0.5412797129672428,0.22621673129410275,0.3136222845293883,0.6188110350843071,0.3402984052051839,0.3553924220725261,0.19457615754763768,0.46574703475064166,0.43335873573956174,0.3501675241782917,0.436140136848247,0.3323211160027582,0.29486405728913545,0.3160414346081083,0.3918453001880043,0.3086079460065032,0.4182958604222184,0.2557739705440336,0.35120081095257466,0.483323608974699,0.4146454145228876,0.26532485251389404,0.3087827042950233,0.5597890894660641,0.4141296986846828,0.31880473740442966,0.5412533814247069,0.43414156415906807,0.6993437649180501,0.4476316766562351,0.2715145246556692,0.3456923417651432,0.36829094263057033,0.37891698049824074,0.40121400595772483,0.3269854790665732,0.3418696994878504,0.4600192262832588,0.5443306620814844,0.39559574957124416,0.08217701868844922,0.42041552324028647,0.15644636574196855,0.360782482515098,0.5106236372918067,0.3632019752336742,0.2691994547425576,0.515835068247317,0.2918032637361126,0.2582860223471249,0.3127310640216412,0.30524254454504285,0.2819240423586821,0.3904762520812498,0.5728463145720815,0.2769403042250864,0.39643995958943057,0.4265822174430884,0.39548151291375183,0.4263909958332597,0.4666338355248196,0.341605336904825,0.41258417908565664,0.3961096136134591,0.30297042641889155,0.3261881398185965,0.378792843657852,0.28542417599584946,0.46390907724676883,0.3025188210541204,0.39921335832198823,0.4497573800734536,0.41395120452042267
145.0,0.4597623088910948,0.43178947142427754,0.5524996021853285,0.31977669336445125,0.2865055832973405,0.5956510016089394,0.22365542918642192,0.4648292241191769,0.3736587131649204,0.5568286214395586,0.16694696527680664,0.4033716072922453,0.4113426444780186,0.4125345509409054,0.38378424196284355,0.43899735031318865,0.2904658643810784,0.32463691732137523,0.1250177437972484,0.18143531533442953,0.596379238199638,0.5670939944265144,0.5444671688794209,0.4005411319569466,0.2543629811994295,0.3570506020262027,0.30690075849997345,0.48290921869198533,0.41397064158208907,0.42892577292204026,0.39871994235244945,0.4048792594942598,0.35740907724676885,0.362139314697926,0.4156168377671587,0.3848621572163581,0.5293781891476157,0.7341825826536482,0.7807722908820878,0.31190029773146516,0.25964680486507247,0.36992422858332796,0.38064053988674734,0.42041495901035497,0.41348459131172755,0.367582998032396,0.3036297018634047,0.39272224177809484,0.47891926032009835,0.2069460852625335,0.39593234498488306,0.380374564613943,0.2465163323499232,0.365694056895179,0.32718185043385717,0.4072535895123812,0.565829782469044,0.2872500397814671,0.33070666688047917,0.40835125199417355,0.4300965952957678,0.3045503368164218,0.3918324612159523,0.34289019541540683,0.4464389588116581,0.2859705319590723,0.3024665424143601,0.04113094290917448,0.3144098559425294,0.3867682018294652,0.60978859833684,0.3497138891625179,0.4502264483514152,0.31775890950672214,0.4648173115787301,0.4091564207287965,0.3190640984010221,0.33887427288318395,0.3156670676505116,0.28491591454103343,0.36964720267974377,0.24404502746394618,0.36867086680378996,0.36126278163805353,0.6493457995027154,0.503396685901355,0.3803741815331483,0.34966508223914206,0.449702658340162,0.37193702517541943,0.3980185089226089,0.22794971622553437,0.35668542676906556,0.38092876465284037,0.3728433287952993,0.3947624460483125,0.26291990385447517,0.14249861113825243,0.24966442926051471,0.4628109727267386
146.0,0.2964084584239467,0.43371817831588994,0.470147829896411,0.26279811236938416,0.3191081591275133,0.373118336604254,0.4153533625653448,0.5776403029533203,0.40530441662688516,0.607370376263921,0.2887622328011457,0.3300058346151805,0.3989333744810326,0.6073647196108592,0.48093597835888185,0.8034799943421914,0.47151910057681024,0.3707296489380242,0.1932242689681824,0.32302197705051366,0.518151009409227,0.374065872216034,0.490058952345591,0.29313439479648,0.4355914556986004,0.3075219019077423,0.5179785710497001,0.4565669730471088,0.34409743624448313,0.2283118513410775,0.29203489013864015,0.3672542628788816,0.7039722531633633,0.5442298261433566,0.4978024860908221,0.45137761747319904,0.4544184459522867,0.6571408996420931,0.4602394376304598,0.6144606615314194,0.5511085768843155,0.39373530295797315,0.3773397361964477,0.3738080293734566,0.42194825917907125,0.44151947523824675,0.18708434681356761,0.30073850916074607,0.30439755218172443,0.32960204219950673,0.6503402346811884,0.29654784005576984,0.48252937697374526,0.34058909212571764,0.30894935671894247,0.41435566585800937,0.365993475839389,0.40077578433506417,0.37606269081365884,0.36203394906204145,0.517002888066512,0.4673965375843061,0.507604726758619,0.26880477318670176,0.33884983784584954,0.22898108552513682,0.37382163189892736,0.04115304372425255,0.3401389859985309,0.3180259873438677,0.3749939001750385,0.4882607971188037,0.57247736474703,0.4416840821089482,0.3744870447843393,0.2704730849078365,0.29626407821920475,0.34600617333925165,0.36978044633304935,0.42259884368535505,0.3139277126540426,0.36653763326791494,0.6284238242706391,0.37614246822725145,0.48390530242755353,0.44647392545837095,0.3446863148437914,0.374795019744676,0.40084277774831,0.37423954386927144,0.25628874792902356,0.260471697696211,0.2894197938019954,0.5230105951307482,0.31694361610090077,0.29664622783288247,0.3631770177578885,0.11865921721859765,0.29767468364773836,0.3811585499844663
147.0,0.30505423540020155,0.4738090371706241,0.32791590630458195,0.244701520109303,0.521960424673189,0.405390446451839,0.2718375370720709,0.4372883057641452,0.19347824761570312,0.47927843178856433,0.27892435885535455,0.36249826966789267,0.3179091744903552,0.7253361023954562,0.5207452730167034,0.4501972307221448,0.2739854330038218,0.2522254415742852,0.5630674542134257,0.3232376810056755,0.5884014922470341,0.30816404108983536,0.37810923935624746,0.35337526037149436,0.41616476428553917,0.3583621748970102,0.3596617580756377,0.5054141471737478,0.2216142160978069,0.4114765112537351,0.4056083028342084,0.362764723563005,0.5385856501966738,0.5384196409163567,0.39446212509650685,0.4345786405935984,0.43940879311558834,0.5413759640759898,0.24700968605055484,0.38729889558326897,0.6230406522392545,0.40844740300688964,0.4411804310542973,0.27422864311757555,0.29248221831564003,0.3645374741420464,0.34407167736346106,0.3609856792922031,0.1273274368358705,0.31277238026760645,0.538535644194558,0.4070156511657864,0.3697687370710232,0.32593311319802487,0.4921444862886542,0.2860985568320173,0.3382760061454224,0.27796284316251296,0.34309588493873655,0.46708216199013425,0.3643144769179087,0.45104262805212264,0.3507067840661963,0.533690261496844,0.38229022686356673,0.2519130313112154,0.4141688325465443,0.04121978818578829,0.4245425484891883,0.8257720256723069,0.5411442373994753,0.4643786498846077,0.5406196405523436,0.4044175993210629,0.4198876924980993,0.4584301349033751,0.2820437823461215,0.5456166716761848,0.2869237580815314,0.3835652242302972,0.24242560865644716,0.2788910695026432,0.42018740271830873,0.37560523365435056,0.30570264016336923,0.43132540061410796,0.48435060733039825,0.502118790407657,0.3927850427123752,0.49840634638969117,0.43655392725169406,0.437718543059868,0.2956371383703903,0.6658925856185578,0.4795993751249546,0.3695169886956341,0.3801985537226613,0.3744190432409813,0.35411323794621546,0.5111692625652605
148.0,0.3057266790094457,0.3866935909225546,0.3729069132280125,0.4843542015543818,0.5644980782635944,0.7442003859620859,0.3875598932088614,0.4901006430935354,0.33216401078014607,0.44548430946133283,0.2611023614550904,0.3636262691683858,0.330612391484998,0.3066320125886242,0.4164480327748773,0.5862123408084262,0.4235092263536013,0.27757487124696584,0.7261166436818192,0.18218917413674215,0.5072888488127442,0.3018362830554524,0.289060753246294,0.4229299729744763,0.41441003626972384,0.34233561413744934,0.699890781790214,0.4206627308272271,0.26721684243540983,0.3539125072932689,0.31890317609650276,0.46333644784819655,0.5962934833536662,0.3629140053007735,0.37909457045079614,0.2963361810008043,0.3645837876278655,0.4903457697880553,0.292570694007195,0.5877381394397252,0.5269569829735321,0.4396150480029704,0.32791510855920364,0.33913558393050475,0.33549607337104803,0.5816283559083113,0.4806545516977613,0.41020088167518276,0.15087007751703024,0.37193768343676514,0.38789464688791064,0.4004723680876017,0.47582928572691474,0.48406774653116813,0.449384832772092,0.5283016723371043,0.1660171747134034,0.3217210450721423,0.41125031945723606,0.6017934811435848,0.34155678141409856,0.26335331247016386,0.29895818336351665,0.3373772575982602,0.49045120424719246,0.30284150179458613,0.38289506116985594,0.14436672324475325,0.42930973471444484,0.6240330692486847,0.4275872319171131,0.41068299324410995,0.46470785184329744,0.38432901925423,0.37790274315316746,0.3579275844693152,0.22628967524064222,0.5008897549222695,0.42289753941579905,0.30532173482558034,0.22903676191925776,0.44073445428667407,0.33875656851466057,0.3093621424465452,0.36112612065391037,0.3375520453345263,0.7149831121255621,0.5383629848268804,0.41935528898095237,0.45506127365977256,0.4967749810613014,0.3301321881322411,0.3611019761075455,0.6943192064923355,0.3772929435492653,0.27398507812900347,0.4050227364766165,0.5641735339926609,0.2983167541381089,0.49161023193670517
149.0,0.3846909747715706,0.4669588394419986,0.3744577520818967,0.5530871814341985,0.47027989327730274,0.6185195784439135,0.4553548617373008,0.5727585025928349,0.49429475544423923,0.6342446009408828,0.5101172795538412,0.40017160632884136,0.31009476829505467,0.2170824566676685,0.3402498781297912,0.39354048710649786,0.48496614155130036,0.4338981319408838,0.6716759074074652,0.25690709406696255,0.6143678188137294,0.33668412360435607,0.3512427911674716,0.38969313754957935,0.5920012730069485,0.5060733039834509,0.5476020615640304,0.4608037240065588,0.329305520060307,0.38235372320531175,0.21486562704432535,0.43964942936529444,0.47408098643236096,0.35097139109763087,0.41770160765347203,0.3354410880673279,0.4255488205367977,0.5070119971940058,0.34786847952285815,0.4829508215711271,0.7667119487811155,0.3188846241013005,0.3818215445259305,0.3433128278887204,0.268360725714993,0.7744177382404721,0.40223483442069335,0.3521982643372948,0.7891835958910166,0.5307593840060821,0.30209203158269615,0.40561617357609436,0.3874547669984735,0.3638635760886861,0.44381636690594484,0.43049116851429475,0.21342346305731755,0.3057528081635651,0.3344684769215668,0.4457374239813816,0.29132054986106254,0.3184604308557777,0.2549922057792158,0.5587460108028782,0.32572108100726066,0.34561094388161034,0.501390791292383,0.49570360154882503,0.28970490009449323,0.594987223128789,0.31044771831185136,0.43432347584978936,0.4391511087709401,0.3620128810350526,0.26065065755300726,0.4235502826213796,0.29343152369007747,0.41310258977351083,0.4497244099652718,0.2586021572475593,0.29362145920385985,0.5183723225712563,0.25389814176346825,0.2595783124299806,0.4542533460634029,0.39981380913328085,0.4098024060841649,0.47352537596369154,0.4255943922128515,0.37907824640572735,0.6523171174552915,0.3403873107567479,0.6151234023962416,0.47617900481503095,0.44754526648760984,0.2807235330839001,0.2572191870436181,0.2569647488599379,0.2748997763682686,0.3395586909245213
150.0,0.4480838593327322,0.3938486584718578,0.35060106596041607,0.5492600835203908,0.4336770810832141,0.43393323627918245,0.3598619410127323,0.4735129098227809,0.4607477283762225,0.6285751751857941,0.3848180660902773,0.4331969574912922,0.38928025965597607,0.331004665166337,0.46866750336074975,0.37461899389444075,0.4714885897584496,0.22580424866069054,0.23995402539334545,0.5277665800314716,0.5878840532305498,0.34148974382596287,0.5353871344525186,0.31017662971410376,0.44217080835941225,0.40147312982902805,0.3372849413886383,0.46321862582550105,0.43151137897298986,0.3367143160239749,0.639071736298968,0.31814041701857954,0.4318094344652764,0.3791350625011049,0.3700943815307909,0.33620214913526014,0.43559388047374037,0.48490447724972374,0.2400342513520788,0.42002422249332555,0.7300082657048392,0.40072581132606117,0.33121372916233155,0.401111991460245,0.28012596104544335,0.46853568839618803,0.48447323572075945,0.31026466626459553,0.7421670291200338,0.33978102512420666,0.3891415469997129,0.577072311341128,0.4332529968705245,0.32624077133107526,0.30735092161923067,0.4176577003659894,0.2038689686875652,0.3683525997188776,0.277544483840564,0.3021918115006748,0.4771873097751273,0.2946961465874345,0.24012154768267852,0.32874842824203354,0.3872731330482412,0.3395055428844215,0.47047845808997896,0.8374730054330117,0.3035397402122857,0.532743978264585,0.3914680908431901,0.38826835608697235,0.40328001880042663,0.28953906540073193,0.2775346891345077,0.2648823804900994,0.37465183849313693,0.39186634998654307,0.4163258419606878,0.23997507028059184,0.30281561858287037,0.4447289850716361,0.2647335083717887,0.29551374081342785,0.3046175613991126,0.41535275311862596,0.42002752598357923,0.39943306074645263,0.38598961942831206,0.4651076327859354,0.37459181494613514,0.3366238009079996,0.3579783464576335,0.32812496684877734,0.4634957570278669,0.4754262300050769,0.49780106499023336,0.19731263560428677,0.4073488683119776,0.4129865429437038
151.0,0.40512120086988807,0.3571472682851318,0.4068329355186618,0.38678684292827537,0.39821761346558465,0.4627261636681888,0.40222537527184,0.29502171773428343,0.3849338112161006,0.7120243424142698,0.5162721554855152,0.44722718262738415,0.5231678281714384,0.32412902696942364,0.4634398494394252,0.4787040832126495,0.4698775750849692,0.3465452282130164,0.5035642911284762,0.4268206651461306,0.3981959758337859,0.3338010250165852,0.4714529625366097,0.5875573516151273,0.4494135163239705,0.299130029040471,0.5532026121123346,0.452577946226172,0.3005779363142913,0.5190499203388398,0.7358384535931362,0.35784243933442583,0.48597819312576235,0.47598301662865317,0.4108345930797927,0.3719457778602875,0.39880390994299314,0.46405633296066645,0.2626334152536879,0.25629661061899955,0.6069555264245765,0.43998469360692866,0.3911638415510479,0.39995838879095996,0.3125755405859368,0.33807848883466823,0.4609435456779646,0.33469350213465654,0.5691674180943792,0.30797490020955787,0.42118960952279916,0.4540473030471451,0.5560876695132515,0.2854262173760397,0.3965751536916681,0.3299956342389907,0.15195527920160606,0.28530362638798507,0.19055617437837774,0.393625493479628,0.31555543768454186,0.41443956186437486,0.37931278988902445,0.5636164466962933,0.3924312125241348,0.34819624513466335,0.3620031421044523,0.6769319752512472,0.40200012376456445,0.5667767287257555,0.31642143602256045,0.3568158603513859,0.26294806117314473,0.26691951523310115,0.4400360685302074,0.3153920729929853,0.4844531456552675,0.4051059903089225,0.34103991081506874,0.28785297106519186,0.33157852861613535,0.5084562138651673,0.5605133577326332,0.2770366122102584,0.5785818280978202,0.36587185821127366,0.38239714280662657,0.40958824440233216,0.33473612825485066,0.32324139126372187,0.41924030658250677,0.3951837903781892,0.3257297689138775,0.3665050631804143,0.31983789562159054,0.290054882557402,0.4712219527262226,0.3176678595906616,0.4161515212236583,0.5735932313949694
152.0,0.7693806191322337,0.3536181244364292,0.20473170414161235,0.4260120059314744,0.4149909470282886,0.3767484270534182,0.47850348435135986,0.24905449766320717,0.3434461052923631,0.7466490112726786,0.5703130801463958,0.5771177158870762,0.488310724713481,0.43701612475468093,0.45376768930020744,0.39104187662440987,0.5675285002288664,0.36549866621580995,0.4581108610035538,0.6367258084478156,0.40806601292455663,0.41230542899663514,0.4221680767927147,0.5632996811589078,0.3347369360072909,0.41629341152601707,0.5208852113132599,0.42626178929154573,0.27448363655651625,0.3667171345279214,0.6356030870418502,0.4501787071907213,0.3531302207758756,0.27280101668527906,0.25090140384377363,0.5147721111287917,0.26071280228814836,0.4335122867902796,0.7049464838808709,0.38635724052169723,0.5002421964160747,0.3641650312063508,0.2881019130034295,0.3482935223984394,0.1861227656075956,0.28069188235140374,0.34355309023796793,0.3791925025194929,0.5430575505224633,0.4067501690712353,0.3009146882753702,0.3199169159826699,0.47244265441236727,0.3456191572171268,0.3531309959511307,0.36927818121188116,0.24473293375059668,0.4793876285599273,0.27675171060308706,0.41731497829068503,0.5126058745362317,0.47116006180243397,0.19686399256626808,0.5425628629035691,0.44257092532607084,0.33732491466406495,0.39025658394150425,0.6086469684557522,0.5029087829902024,0.5359412836369895,0.3748865344153892,0.3927175919962214,0.3321789896463841,0.3330487150184281,0.3758282418580597,0.3547173840823882,0.3387785763538959,0.3887400767340299,0.2701832828779911,0.24280709635071343,0.25796248165632346,0.5638070955505115,0.3303051757418379,0.34790087931776253,0.49600985187364016,0.20725662180603036,0.34356468466557044,0.41007946821650204,0.35475136583037176,0.4922599788337335,0.496913463311384,0.5658723987340651,0.2965128019867318,0.4960476530795508,0.32452674787979513,0.33969477669336434,0.2739338994564055,0.5770463586697078,0.3004372855324958,0.4244449055281158
153.0,0.4807199195713234,0.3141996953556508,0.3251321440649625,0.37746502211931804,0.4700778594714573,0.39802651776342973,0.5030316290792076,0.32168163120476573,0.4497126025793544,0.6071801605881062,0.4930159803626891,0.445691841016736,0.2835333967116707,0.6071996793908426,0.26757349193646957,0.4752421229294937,0.2790674340069662,0.39345377393518266,0.4856849203325892,0.7153349268021004,0.47779536466880657,0.350774434122106,0.3108211733899594,0.25892772738791936,0.3264153914496367,0.30189256646451784,0.4072522394625914,0.46176400318977084,0.4201406142258526,0.38148495568690477,0.3227071609855517,0.35516358790680624,0.4096028322159442,0.2777449949020786,0.3785546415194217,0.4839872227821095,0.3605915646508026,0.3150663370378143,0.5005109708446046,0.32567382227913705,0.3824737187822638,0.35865332713470466,0.39869902970442594,0.23721229158931378,0.2907454349021655,0.2759724125994187,0.4185198030103349,0.39265899326367154,0.5602114100825181,0.4268860835587616,0.5153161774947722,0.4005635306011904,0.2886408084278535,0.3950100691313495,0.4686760163459509,0.42217696957552686,0.1510592920666914,0.3734993546561997,0.4735987136062721,0.40597252426669483,0.3259521031135628,0.523185665667995,0.14774148087248126,0.456346080043432,0.4656956305215202,0.29724108158442214,0.5334046552857208,0.45052282907503965,0.3211421027683691,0.4638063093872164,0.36232344048848514,0.269052899563793,0.45358580577876356,0.6006613005887658,0.41480441798693535,0.3441606015715573,0.3465966007683505,0.33641538671374766,0.2490269484710025,0.2652594525186089,0.2848940776522045,0.5495606136954331,0.4301782666986137,0.3072317525001356,0.5199024256143598,0.28727955664782695,0.35058133983981327,0.32840023802577833,0.5104253098187594,0.4146586206099281,0.28483478470685997,0.4165938813156762,0.34572339027863347,0.45977740059053374,0.3618959702315789,0.33392851933379303,0.30221715376863095,0.5003324551942807,0.2622549359620382,0.3821674071850407
154.0,0.3531120041391337,0.39270042333215305,0.29722855778921126,0.41302293685734,0.38485281897196355,0.48067413329593417,0.3348252388093527,0.5520137710178752,0.28631701270476184,0.5383971273360563,0.2601087520835041,0.3144999622586081,0.45664839570896276,0.7367032932424548,0.4344590015146424,0.23198493497940204,0.4995694171867725,0.3111025887266301,0.3942254990364044,0.41838379799446995,0.40866540351450775,0.3387551583302393,0.3546917820329214,0.2769586985493025,0.436512118122472,0.2915039232436365,0.5540645672155246,0.3980920808359412,0.3495495301366714,0.4495248208438136,0.4185409596975705,0.23265207214390454,0.37665552785586737,0.3080144274120829,0.3992917062781275,0.2502118256185804,0.4233818832052086,0.31909723670303614,0.3778240421506745,0.3795057069829735,0.5232708219488436,0.2659581697873017,0.3138810799342279,0.34109544202095426,0.34206050319135767,0.3607676497109213,0.2360380752842165,0.319412825545006,0.465348337628087,0.2684427723599208,0.39271067516970026,0.45251153662547083,0.16535244550853515,0.30420768998913056,0.3483946520447674,0.3142561423981105,0.32126418872328016,0.29163966523607127,0.6326509706677981,0.3972145395579332,0.30696654525952255,0.4580380369761371,0.574357043087749,0.44096231369012884,0.4124490819696006,0.36573576560170207,0.40119641183795435,0.43397796990753024,0.3390739908601036,0.38616135363072185,0.2623482354029217,0.3514070938936228,0.40567110165022885,0.5799733022153857,0.4002879812414378,0.3006519003754192,0.37903321122967853,0.31608903730814036,0.3382949663183578,0.4656659417599321,0.22680034579069214,0.4703290288982222,0.24751245854518542,0.2774046876848818,0.48239143059596024,0.3953171555366961,0.31412662630426375,0.310334492678947,0.46021262980307737,0.3247516686933933,0.15649675560034654,0.3892514895949363,0.3311805845741055,0.368609156917952,0.30471030527855864,0.2920058036740395,0.2980228610831167,0.5071928330494605,0.2633160022759821,0.5329101074268894
155.0,0.4003518449760427,0.3012745636146017,0.3280917253419795,0.2915823334006116,0.30365894022171536,0.5067589458933012,0.3550668819777184,0.4756736328435791,0.22624385309069325,0.35332766637950846,0.3606826499761311,0.3723112148376032,0.297037754085704,0.4149001485174775,0.4570921635049361,0.42381711133506605,0.6231806609027741,0.6487999257412613,0.40982158522006296,0.35391626443183216,0.4826350826374032,0.32147733755359664,0.4260052148617979,0.4150436646622045,0.3034459590869711,0.2913120811895542,0.42569448797635295,0.252894403109223,0.3568409600088908,0.25339016522284175,0.37433358675601286,0.3095979684930781,0.4617744730167584,0.38205723227072613,0.2545782714126874,0.3648125556203846,0.3421849047792882,0.341787767799543,0.14581328473679822,0.3699562403861455,0.3967159072826605,0.4126239855725879,0.3722754278881509,0.37642125921603986,0.5714588811178214,0.5382692978002743,0.38304779080252477,0.4644384486774872,0.4611280856490817,0.19514162202302018,0.3527891329086762,0.39692690621985705,0.1125155287305943,0.5054422002759138,0.38292037023884756,0.2784779156709353,0.6895796130294618,0.46881026892271793,0.4328373910429817,0.31020797358117674,0.3481001229325338,0.3189347656474904,0.29413336319399014,0.5405318257904793,0.2953978525585166,0.2210880231262929,0.3287016366902742,0.5055406579690955,0.3057271315499449,0.4392925801103544,0.46463612740200017,0.4102375438106157,0.3850501835841039,0.5323048574901007,0.29905187503315117,0.3033265831129566,0.2763925723580685,0.4981902292556549,0.30225859279690237,0.3490898884350855,0.17046003862027836,0.5180451251986616,0.3996740498122905,0.264639579907707,0.3849658200848992,0.3691987666592101,0.2243051503739458,0.33475011934440135,0.29914094443070655,0.35687076769391257,0.3225496996329224,0.2858604878681259,0.28217717942164977,0.33129250723433346,0.2541180073438089,0.34621978818578825,0.38112468187826765,0.40377941618486884,0.4332134263657098,0.3735454099031042
156.0,0.34455242534344666,0.38920065772025675,0.39098924681855785,0.26699236746539734,0.32075620148871087,0.35385185010561465,0.37210239370770853,0.3780245970016829,0.3975672960210077,0.3640329935701362,0.44482904943327417,0.5179019519439877,0.29952134734729013,0.4266413722838099,0.37967962658462834,0.5509206315528916,0.36972099931045455,0.42080835941229505,0.4253294216085284,0.5549221461954184,0.40332709353654295,0.5056841672647417,0.5440957263244609,0.5873688007213705,0.21675636197462964,0.33522854801832447,0.35580226762399364,0.2207814209743611,0.3670238158383281,0.30512023647068454,0.41343982137489804,0.35103759094720516,0.499851003671682,0.32258993067219865,0.34073294955032835,0.4480245002269017,0.32711188728366325,0.333692250570201,0.2500751980233031,0.4058194258931542,0.4711565109300891,0.4418066897437611,0.3464986474301171,0.31636971590559876,0.36502811223677933,0.4644029243798511,0.7200214343905003,0.5223596232435948,0.2821802601413274,0.4412253870589414,0.3920721345346073,0.3769376100304865,0.19492837862527035,0.32124606125039107,0.3555024137086786,0.3089144122757198,0.6608829254575289,0.32439361677944395,0.5943517632792366,0.369226412536761,0.3808647484988212,0.3450668647881956,0.37156102477059355,0.40835636890419663,0.46227565972633067,0.35859800287212373,0.4875311219659598,0.4974269094472776,0.2574857020726925,0.44405432657431027,0.34437633411271557,0.2968449552419493,0.35845081976792786,0.18502523215161432,0.36152637409267646,0.4085225794555874,0.32092434448982476,0.4232815003514626,0.35186474484075525,0.5239994450995352,0.2603874659647448,0.4977957909944861,0.4963118159797734,0.171524472348856,0.44158472436803886,0.4794608916605415,0.2105137317464268,0.4017489975375118,0.4188707697166989,0.3978319100408423,0.7634905585317987,0.37417934148411386,0.2947631750325618,0.3059799535406866,0.25829576194770065,0.24443756077724144,0.6467278696396216,0.24487865705344353,0.2155632171714493,0.3648791259542863
157.0,0.32285059904259267,0.3578943307792828,0.337648259634482,0.3216392573783927,0.3401428494682884,0.34581358651204736,0.2605936720946268,0.45781336142949675,0.40047246519724367,0.4136441653357064,0.4714692023003098,0.4406236666536563,0.3777588447461941,0.38871280109395795,0.3696129101533947,0.3926769045329348,0.4994543677104145,0.5307105714479802,0.3222307931287934,0.40279877921897755,0.43156112422426135,0.4102922912023411,0.4196065252738373,0.47490047654010104,0.22927505537832804,0.23980212730986264,0.3140833465938223,0.3185113480318488,0.4068214035733637,0.2844258871267171,0.32216812101976267,0.4753465147794651,0.4359997435186422,0.30297244555927605,0.5005339827545084,0.41241636420122596,0.306403378183254,0.3526278558511036,0.4719644846216214,0.23481149899093995,0.4647652077408614,0.42335205798580333,0.3950549057915922,0.40278116656942303,0.39070957508341475,0.47317039507417025,0.40922036859891797,0.3620663936401763,0.3657638987760956,0.20400470169339846,0.44166934265724916,0.2867714245301367,0.410273416550269,0.3333221037299964,0.3557690655443872,0.36687058352045343,0.3859027319975179,0.3894267490585053,0.4624460676966908,0.3875898983154498,0.15045881292102056,0.2865479478883181,0.24414454690803283,0.5282407138078479,0.43032261296463276,0.4093346924373701,0.3801454878737009,0.38190408180772223,0.3024754386275099,0.39738125322883816,0.3533681263307847,0.39323069608301126,0.31170913811872797,0.3512020191304654,0.2713638633992821,0.3650821610078757,0.2648517782163392,0.19139264704358155,0.4121091249845294,0.4004888700295266,0.2747532443996534,0.33541494494187907,0.44953814075041465,0.12843633673209873,0.3927034692487734,0.44043987180956906,0.2572897529369974,0.46742972638725655,0.21566159093280693,0.3717484940844618,0.2296971304301703,0.5184071134750344,0.37177107091709555,0.4984609197968616,0.355767851500972,0.38693908131331883,0.4865100226377831,0.5280233338483784,0.11134881765550625,0.24799586062971285
158.0,0.378368035890583,0.3229484760540826,0.39645348220442367,0.3117861436729786,0.24214949580673867,0.32323561471260315,0.21465660916732504,0.5103574287726709,0.431534265103697,0.37771041238858033,0.46226965960182015,0.46847716543786133,0.4244578670061351,0.35582044610249675,0.39642414979706303,0.5147442886582546,0.5045206212659668,0.5033323117845474,0.3588530813587834,0.3310936707345767,0.4093022847305985,0.36518325995862727,0.3115710577914588,0.4676421966442122,0.3220315069219753,0.2669707247692183,0.2542337928695538,0.4774829823723898,0.39104169771304975,0.11501264166622463,0.3633195053523896,0.39962782227408544,0.4155640141202437,0.3195713844133468,0.2867000995461829,0.35004494230612093,0.3500121724489199,0.3455729188209892,0.6977579459797144,0.13925834084761046,0.3517941381948436,0.24999489981190504,0.48703483088456295,0.1874294807192489,0.4721557724382208,0.46017977142997035,0.36605862904223907,0.4769622417728819,0.39447055287398997,0.2794593464606974,0.3903708222092564,0.38884542816224765,0.8233697807346562,0.3421315859610383,0.268904541854676,0.3447949238416692,0.5850103431814565,0.395709251670245,0.4205657717989973,0.35125844987829813,0.23485365892675075,0.3825816625117134,0.1293372407574391,0.40857905756230956,0.31908657331282375,0.45107986792552907,0.37722930251970727,0.39071196670733216,0.24750735476689598,0.46065060976746114,0.4093343465115688,0.29121344140824085,0.44517722992571335,0.3654394934085169,0.47158855501924246,0.3905044548774666,0.29243667543496044,0.1900189719711149,0.3935604539381126,0.4824658763415195,0.2669852824172155,0.3341452878115479,0.2634523241217136,0.20785250800049504,0.4138773640005741,0.2623954174188564,0.26736674361593926,0.282193261138217,0.37416086605274007,0.288780422999778,0.3362746360942935,0.47529785584206624,0.5087510829399389,0.5343629178862298,0.4443590648318761,0.30808516328082175,0.4416789356056316,0.7219752824484167,0.12555185735249916,0.39599263109712374
159.0,0.3083097044047555,0.27040446051650385,0.3678912458779285,0.37866966045335654,0.4560589538728234,0.3772186749935649,0.29669860971139284,0.353751292897682,0.38444367828285514,0.36033699322831014,0.4251167751816687,0.41163016453951584,0.3614874143225068,0.27347390989170983,0.5139208614013684,0.38450831735095437,0.35874557667972506,0.30522589558817215,0.32517468006382233,0.42553506073303976,0.3717323868697381,0.3906975110294699,0.2788762177549108,0.3973909987800349,0.34077748899379406,0.36771995132998675,0.23184548637062824,0.3566234937289941,0.34218732912795746,0.22474142046358667,0.4688116041167873,0.3724599533230786,0.3557583989411815,0.43761240474548696,0.2960888885476832,0.34639147713989904,0.27965272332216584,0.3042034866245867,0.7966463525280075,0.28996734799579404,0.3100328425358228,0.3118776992074414,0.4123968812803149,0.24897246584367075,0.5049064730340588,0.49056046059705954,0.3699948685925718,0.2195705996992007,0.39285554732948685,0.23742110009017134,0.3497918801140122,0.3699247319907824,0.8090588026340957,0.2989126398981595,0.4442508314817762,0.40296807631979753,0.5707386681754154,0.3140092454435806,0.3623643378301124,0.27720487107322095,0.2296052573418908,0.4963815741888197,0.24752957089057442,0.5200388684066011,0.41984639999493323,0.1969229323438318,0.42125525215176385,0.1658923344729317,0.48732148729645136,0.3770582459614444,0.34073036563588466,0.2705495464515428,0.3979954383917679,0.4320363470004774,0.5792363473793483,0.5574819642107021,0.3723235912940469,0.5976713375734751,0.3607153390907965,0.5526416290022249,0.17093217922876994,0.4702091460405787,0.19766785884777716,0.37409880676399343,0.2854381225997525,0.3306802579879145,0.4005199585094031,0.2616082321116003,0.6124612970526353,0.3524418085538994,0.22076725189624993,0.38434852901184513,0.3829758894841374,0.5191757570649342,0.41779877441880053,0.2689102151230194,0.3020716004006227,0.3315177770732929,0.18049824077511983,0.3923520571438674
160.0,0.45248859196108976,0.21675075691943033,0.34333999304561025,0.4343818866706471,0.44880920808359404,0.41427538745989606,0.34821189672141767,0.4317560682369674,0.35522198058664406,0.35681737042462114,0.3414915623790333,0.432283381131644,0.34388487022401376,0.2451099982122896,0.4193429339274032,0.4345358587733806,0.4515479696052481,0.2542025252391308,0.4006938627989623,0.41138076372256605,0.3809563380506997,0.3355840250888453,0.3019394529344316,0.40663793176344515,0.4806104775544122,0.3366600032709205,0.2486952376698389,0.1902009958627274,0.30998790643398927,0.3097815997453986,0.34138382043529764,0.32168070113527825,0.3537020783439701,0.2941041103095882,0.32533610349227093,0.3319783109730119,0.300145095415635,0.2804893253897166,0.36348149719761663,0.2401950765277557,0.37004951481593673,0.16223332604006435,0.3964913099595113,0.2178965033563771,0.4793281808491161,0.5009331474144767,0.4370068595226567,0.21176859562580663,0.252903872621138,0.24397667785987945,0.19662512265952367,0.44282008681770496,0.450796375245319,0.3885369334087708,0.36501968445929617,0.36892237930415717,0.4330587016259686,0.2967909616506657,0.34166710868296823,0.32996984839145693,0.08982307192489261,0.2938639788146498,0.19049355540232324,0.6979598283475105,0.33717183303356585,0.2929517738114182,0.2666105305963683,0.4661181244364292,0.33118633639208606,0.415955757114989,0.5391550416379356,0.3031924452900139,0.2596030204572668,0.2498689517756371,0.45895929641885186,0.31186929473958996,0.45529467926777134,0.38950619498847117,0.31805562147026706,0.7331094962782226,0.15859923771131534,0.4160830066923072,0.25836746904680385,0.3937524020096387,0.4421037152327788,0.34965642072879644,0.3322493199263474,0.2491927114347448,0.5144325394720558,0.3831295275874692,0.2651444730281653,0.46854267009757555,0.2962852950016796,0.39795286971171157,0.24190257708132848,0.2980935836913665,0.3221684033888988,0.3328046208689004,0.09692091444332465,0.40997909664726606
161.0,0.5207811754097491,0.3426060822752773,0.4342164341183065,0.4372167152191238,0.4443384542931033,0.26481863461469285,0.6907191163210099,0.2995719015450623,0.3313992344688836,0.4199751685064368,0.35502823010779305,0.36885255477589096,0.41068713814165453,0.38884545580959934,0.35088848273334483,0.3093404232748103,0.45817836241800586,0.2801543520925051,0.37965556432221215,0.23234570606753444,0.3764174191237323,0.3500798922797606,0.23254852286571379,0.2725148283468694,0.460818054303176,0.3859466192597053,0.35319304775960125,0.4081896780353258,0.3844370480383316,0.38204510839502615,0.31459864919818237,0.35964081755335137,0.3861075539323032,0.1438901980990773,0.3433634453128286,0.45039404792379173,0.34223377358156964,0.3267350417955703,0.275641288781165,0.33979561166215816,0.3085553467147351,0.2639645326119626,0.508678562323443,0.2932798604112519,0.35604883522390013,0.44820673986456616,0.47045511709439586,0.30488876344045274,0.26860514389104,0.2998096383127944,0.25477641515419086,0.4305669216890242,0.3079632551848512,0.38684829607627036,0.32301582994008726,0.42047081969110295,0.5511381146236672,0.3171001683384188,0.5007556067758687,0.33893538479413404,0.523608974698987,0.45366185752930566,0.6742719991513287,0.4576143201494605,0.37348948822089695,0.2742762833093284,0.19170789205372563,0.3537223398253473,0.36896161530437244,0.4045505955576714,0.44638068211955656,0.32069723651408255,0.22951629051079397,0.3817487601442741,0.19695506020262027,0.20388985977381788,0.3466851816244983,0.3491738715323821,0.49114853515797663,0.3155035007691084,0.3784220018034265,0.4485125131414846,0.549444704742933,0.3345382697713892,0.33210386873644165,0.43032263975349944,0.4224894105523182,0.43709472630350604,0.3334631368737346,0.36039563405765074,0.3640257398147389,0.3530370136414267,0.3609037417516175,0.4498762569973336,0.20274066945684194,0.44202153945437506,0.41999566824024465,0.4901433413140138,0.0388784278364186,0.3714027210523524
162.0,0.4389951629158019,0.42040501953712045,0.3682469789485836,0.410357698202436,0.2852076453000639,0.42758794356335855,0.2865839212150144,0.33550510277954193,0.26454188004647156,0.5153368798415199,0.24889931310666735,0.360451524563337,0.2864476033876128,0.25954115761122604,0.3545297830583992,0.526319087147934,0.5265086110418306,0.4661123380412088,0.31900027819964777,0.5740967195961094,0.35005702010290135,0.2359704025884474,0.3082791863363921,0.4321806568226235,0.39120160083211186,0.5129235694879094,0.4388942520200146,0.38675401329753417,0.3616286579175355,0.35012900561486987,0.25452320192679817,0.29693637651356586,0.3607198813492241,0.31906485066724816,0.37421984122774443,0.5460343476134066,0.3323380987343445,0.23269640462821278,0.2403505262940764,0.24304988301301883,0.3299893211624145,0.2380247838540285,0.4816784795523259,0.6855136957450989,0.35616546929361864,0.4336101725009083,0.4211059837220131,0.3432323036487378,0.19493665753979214,0.2886671842275724,0.5077572755883238,0.5942529890502362,0.4093469188096037,0.3627321911632101,0.22449884602906944,0.4061871354593335,0.37312616660731013,0.31800002047233394,0.4725165882403456,0.3197214413267562,0.3257344416576369,0.37221811224608486,0.1782911060426575,0.4006434283963059,0.34598613836878295,0.19384403896815713,0.27094859758427886,0.5634240350784137,0.3162468681844986,0.3468946274738612,0.3490052468237069,0.4193319460335983,0.27538885156306786,0.31747031544809085,0.35779707915627923,0.22603236471877206,0.3701569633888097,0.1463051857352499,0.40677844627481285,0.343850945472869,0.037185063385137634,0.47348102909510714,0.39766733263789433,0.36500601142170125,0.33460657602385707,0.4063874046109603,0.3998710919731446,0.4056576441888013,0.37560080415765734,0.35986471839309275,0.3505950899469172,0.3992568369642402,0.3199067408748892,0.5913311762937816,0.30930090701745083,0.5980909039675384,0.3258607383440301,0.4711353251850785,0.03890892696122632,0.3495778854824166
163.0,0.33085561457801643,0.3162040127764049,0.27329443589879593,0.3393268567744778,0.28265120272635647,0.3357298692175768,0.396860034064723,0.45857193146616587,0.34193374651657155,0.48167518284741,0.5109804323401629,0.3282760428204593,0.23472919625720237,0.3678380098658038,0.2825373639779834,0.4003914791044161,0.41709628441096913,0.4695003595065918,0.3604408590225171,0.43672700820634847,0.46320217825633414,0.4288808715551144,0.3298658627863528,0.32787429023023873,0.4248105802284845,0.43036715411455667,0.5647733763203795,0.23748519245389763,0.30850302740983265,0.4535670715535989,0.3581333946262605,0.3439254583709047,0.3009710984807787,0.4375705481281307,0.3491975930738992,0.29963809534261143,0.4985383270087544,0.26891073176544983,0.7963515421948759,0.36045050301455117,0.421152930506042,0.2298537006408432,0.4177896886437172,0.47597331989603764,0.38364016198250717,0.49702775457635984,0.23956527544322043,0.5982879235252861,0.2574308670133384,0.2913806821195566,0.47566643057795965,0.22294518152264234,0.46501283384722525,0.45198086842942753,0.25214104659816217,0.30141107974432463,0.42259374125717764,0.4016894747078271,0.4676372913413533,0.21883408541588495,0.2967355328064499,0.7075939229388781,0.4437088703831398,0.38346910794596417,0.2233166952300649,0.2132940822857547,0.3820480413800419,0.3143399598274154,0.34751211124666276,0.4066350182994749,0.3586134947961228,0.25665726779276343,0.2201641482787885,0.4179883974120965,0.312468814586724,0.25629425688219376,0.3790121139667631,0.4135752677987335,0.5029584151063491,0.22592425608656438,0.5396000194487172,0.2807304347900479,0.46979688547277254,0.36080864567047133,0.33638410278448616,0.26601793407474195,0.18966698491840375,0.27591942242442796,0.33767367059416065,0.34343873042037787,0.2807119240843316,0.3887403242631588,0.24807916825649945,0.34778866790948715,0.22717074205696713,0.6787803886207323,0.3325098937982166,0.30560653476900235,0.03898009158577768,0.27731126212306806
164.0,0.2776844534026414,0.33509803241543545,0.2534347613406649,0.2870249218195422,0.30333782109884205,0.27137143678323966,0.17173241904717002,0.4280197080334989,0.3552340355766866,0.3638030380560434,0.4160261036216489,0.32260124659647443,0.1942064923354373,0.4576608914781221,0.3064762704310604,0.3095054500609983,0.5025552102917111,0.22689221653494582,0.31340351165484315,0.3452275098087436,0.34719399842894766,0.33832311723156344,0.2799986477575367,0.2832924686149749,0.3001817088832418,0.346043561197648,0.5268471861242243,0.1821590969365859,0.4826134361168573,0.3590235417882211,0.29538506154019994,0.36701275018884766,0.3218980137892248,0.40160309112200065,0.36343208959768647,0.35088447461942396,0.4211836523007158,0.30602956228917616,0.6688627255883542,0.37803755524242866,0.40930698699678236,0.3669889596956907,0.37438220456705584,0.49793532661346623,0.35533943063248746,0.4603505280723029,0.2611448560222901,0.4483296077673629,0.3069436340812248,0.416883917678884,0.4397880831264412,0.25070722608249796,0.34202383425567395,0.3519077285445287,0.25852159384159823,0.33915369348821583,0.40823719818786913,0.3023099035225753,0.25480938994172964,0.43207375058362524,0.6243331742074648,0.42081855978848504,0.4084136329614503,0.35085236929453445,0.2925568874980109,0.24551618663696317,0.29111854723463065,0.29319963813598776,0.1795608531209298,0.36265200526220404,0.3885013437295568,0.2533945776785113,0.4922664827878852,0.38210939019431034,0.29018420713641635,0.32861243716001576,0.16820201029013948,0.461405216624389,0.3229989922028324,0.28308235647730684,0.10248015346805989,0.19356355611331114,0.34332201771601334,0.3171466963701622,0.36687099678772733,0.22052783979400425,0.3641988012517901,0.2840010726262251,0.32951881098286295,0.33114176739727047,0.5171743733908906,0.4210193353716599,0.28635153114446854,0.40313160914829077,0.3080626893519833,0.3673468721004692,0.3343671180110364,0.35534776074541624,0.03902473523223536,0.3840549986150156
165.0,0.33822702581271197,0.4147880973850316,0.23605468811795038,0.3269002280804116,0.3933310660497159,0.23606025136152967,0.29184623578917596,0.3463517835590408,0.4964043703497003,0.41090066045272106,0.37636704308321556,0.297403998077631,0.28348339786771326,0.3319092033377348,0.3739249135601143,0.43111295404033945,0.38989815944412026,0.20594732933750598,0.2916793920833484,0.4482337028589614,0.39295613602717466,0.339735286046045,0.3691741991444644,0.3437230738402965,0.3414528470967903,0.5189517385263237,0.43185235771495245,0.24591129395852115,0.3734079182495423,0.4498981397989513,0.325890441839495,0.2977393260430111,0.33667745617677886,0.34375281360376575,0.36359665407618114,0.2251648720804823,0.34717018511642705,0.22290814698360828,0.35168552870775327,0.3431395091850987,0.3305699514198084,0.36495352198589076,0.6845035337586177,0.33439252226288774,0.33819795426436283,0.3550007333862309,0.3726034415173622,0.26036009594700515,0.343562278132373,0.7749973479021907,0.5265299657584704,0.25211073834403014,0.34854286870544227,0.231608814353763,0.4034275838378633,0.23865322053077317,0.42126969814075316,0.24304433325278818,0.2516940812344727,0.3389828173529707,0.1524302056259835,0.4532729097049099,0.4085645078590498,0.4000927214195659,0.260393044657189,0.3987394800120228,0.5554151417104263,0.5088809530947674,0.2604090017021645,0.39259018605939516,0.44090718443473975,0.2951959872655104,0.3568534351296876,0.1819810581280904,0.34946408680694996,0.19113938434244576,0.11853374352446117,0.42261256595143226,0.20907474200981868,0.2790395869799678,0.11943775526441415,0.35702187096660115,0.2970690965979377,0.1618331079050195,0.4217289109812845,0.16331883519864213,0.3914570956876888,0.37070581163033295,0.2755266976564936,0.2991248077229088,0.5109646563765272,0.3007073905536799,0.3577136441591966,0.40302424661832736,0.2485198883225722,0.47195936986156045,0.33739366829060774,0.41194345727470427,0.07814140985519547,0.5170811849014676
166.0,0.5086341523787591,0.4876323140902699,0.1851479639960426,0.4065652800734751,0.3064339892855248,0.3835407273820259,0.36454027357862295,0.24334841675857552,0.19652070678711459,0.3105145659105241,0.2666011122490197,0.39304047744189907,0.32388744496897043,0.3009584702531448,0.33071000058482153,0.5402059469257574,0.27450380378538997,0.34994843143148446,0.3078519775809332,0.4313068780262329,0.42314686951861674,0.262173570961297,0.25446340694378144,0.36368036506757795,0.40175745681500735,0.4299781667839801,0.32936525827643953,0.38890217884568923,0.6064133029226118,0.7990262380876608,0.44453108472019753,0.2865566753301861,0.31489928904133535,0.20994122790521239,0.29395467304834194,0.15139812702959152,0.3938025296191105,0.19133291278639503,0.4362131665659732,0.3958379745044997,0.37011939965345914,0.6077584469315227,0.36958786400042437,0.37203016793600807,0.3404294869313698,0.42018489748443977,0.4825095412375951,0.39079719208431485,0.4162743550982159,0.20266907123534714,0.37847652321417613,0.2663072143574339,0.38866509308863306,0.34017042511490786,0.539001584628441,0.25517117817971796,0.32009626533447605,0.28798638982694574,0.34311483262048165,0.29136802438001186,0.19083390795452532,0.32582520599881465,0.21082166410297215,0.39551557508016233,0.1946309274386039,0.37265516666540377,0.2873586954250508,0.27725472515426364,0.44559356549069523,0.39016336922505696,0.30985759057119605,0.2997016205791003,0.4522906680587852,0.28683984865361833,0.3852056623848288,0.14423603763559428,0.19697130430170268,0.4577372467246591,0.34962092681978113,0.3900584019854441,0.14015839654166443,0.3296583361327699,0.29157437671128894,0.2797795222687813,0.3742213927951703,0.30986863275517595,0.23402969101500457,0.2739184541125877,0.31945663512592093,0.27652831762016783,0.46584040367234836,0.3387294064605103,0.2419413521720681,0.33444938356734,0.32938819050313245,0.40588986721830295,0.3150599983782574,0.25202036811117595,0.07820594423522338,0.3721821720785063
167.0,0.41503645411889606,0.44616642661781364,0.16056131650135258,0.37454660493593284,0.3339633999451899,0.365656982429512,0.4053226497993246,0.18999895757822213,0.39156743400696614,0.5229644747480104,0.5448949432493165,0.2810416361375747,0.4020543444308893,0.2662578457893527,0.3951690270337169,0.3531778371986359,0.279637973048446,0.30655030271802136,0.2956057921816156,0.2882564932194699,0.2969620956287535,0.4136502102473402,0.2822031271179947,0.4393049652274948,0.39575857230341915,0.3609017540566896,0.36122251605782074,0.3749855694678019,0.5708054781208478,0.4400154297690499,0.5045853788865511,0.3016493800833747,0.2656178110959843,0.38966742693470524,0.6409828674481515,0.12330347828942216,0.29614167988697243,0.26265240090625963,0.24996421589767356,0.36461363547261527,0.5255984269271279,0.40936057921816155,0.35445283378572745,0.33008378103270164,0.33314709713160884,0.42013585761042865,0.3232432530899618,0.3512433220642439,0.2863127860263594,0.5282314983026574,0.39998060831709287,0.19120096349153357,0.5100825525718116,0.3656575908090919,0.4516513097574466,0.2485676196538128,0.29500553952260744,0.3482010357494365,0.540360879218903,0.3938605114423287,0.19109248749093866,0.508677484463127,0.30693965593451084,0.4198492945419826,0.4510051450697501,0.4615059369103818,0.1394329814883573,0.3816391368513671,0.3068158084920172,0.57208375119293,0.3828002340476317,0.26059669789712747,0.2625116203759278,0.3074941653848194,0.30756216222587623,0.3839364330042205,1.0884677946922683,0.4372608937373165,0.31413435527502254,0.5554878143905947,0.037436570660725955,0.2749731106749884,0.35277517648643986,0.3815970933008008,0.27357923450782895,0.5440932001572217,0.1815583432050307,0.2760027812434418,0.5075544685798157,0.34759956476924597,0.41163475308969383,0.21922373097119827,0.4126622276036437,0.384578969939078,0.3143362462207606,0.3690570908255096,0.4008467979918146,0.40087187715482947,0.078253681995792,0.3978695919305505
168.0,0.4430023997466844,0.4844519745888227,0.26041154664450694,0.37140143478491494,0.31153293147736993,0.28580155236125104,0.4177536215868975,0.31934821381212536,0.308993504771365,0.5422377787905062,0.2917386133200593,0.33722221664724183,0.32189748757934183,0.3577736915826344,0.30964083523400343,0.300457476592667,0.26785911133967844,0.5147260677640457,0.19075909669548613,0.41685601803089734,0.31790425063434474,0.37913230839953377,0.36235991240499804,0.23948235210914576,0.3068930813747358,0.39417080847887614,0.4929118060292667,0.28274201752560635,0.4121118114613845,0.13484286811608723,0.276124209527514,0.23309057798051588,0.28475253135756695,0.24837603210806414,0.4582263653883555,0.11010962004278718,0.39439876942661645,0.13575566554394525,0.3741014103266796,0.3809061376278795,0.47373267126091606,0.14822680740465705,0.29798771058676643,0.3225809600901559,0.28697962980874736,0.2924291143029769,0.36326037204252093,0.5246813062465743,0.4490315975353171,0.44362170476847185,0.37903979914779246,0.47957637677677545,0.4370911875420442,0.14718479817535668,0.4284895549910844,0.18080561211097465,0.29624315044738847,0.2904446735995623,0.4570476847186124,0.5429782650384146,0.08925797250069249,0.5853578740783958,0.30730034123658473,0.36697482569823847,0.23357271673322166,0.3611033691286171,0.20425160746595,0.20148208065913467,0.24537636214690262,0.5073690789414427,0.31075685609380516,0.18277153061404902,0.2919914504224693,0.2917291874168764,0.4836409766792199,0.2778647076504181,0.3991997897609736,0.31591561782512817,0.34557541682137244,0.4238641654437548,0.037518343676514784,0.42611314946674544,0.6212990505489842,0.3949701491657679,0.29815972625836396,0.45057079038408265,0.27461466001088336,0.3805896276454676,0.3324663285581972,0.40260222797016754,0.32267242015885544,0.18618880008044697,0.27194822336352115,0.35764394289562695,0.2612744758026676,0.37912750169594667,0.34543927580049144,0.21560664843033694,0.03919623755724111,0.37132671824365454
169.0,0.4178285357050761,0.6251352569882777,0.2409386658179954,0.45774843116954905,0.3498015978257849,0.1753838911579059,0.2196887061194817,0.32181300721370604,0.23165944522533993,0.45815333347044856,0.31755221749969437,0.39868183161452136,0.2812391961015522,0.2545349533096841,0.2893861631216959,0.3582937436845879,0.24049457543994232,0.4436399379409113,0.09983188646663956,0.531596810410368,0.34665865143773167,0.43009148177384776,0.38825494245518094,0.29872056242724554,0.3455517819497183,0.16827305213238483,0.39532496358465696,0.2755792869196571,0.17469434572747042,0.2279902402800615,0.4169598472391661,0.2873737601442741,0.20777531061552446,0.40013746706978554,0.3918747523408662,0.22296363089870752,0.18399355413941948,0.20667692144486288,0.42460604012192255,0.31135879427596924,0.4786227979502518,0.15629342810162838,0.3002733952680027,0.4021110698562563,0.21647718425920065,0.3504881641228958,0.48704381462032764,0.5127464750900013,0.5651139686412587,0.8159779476145342,0.5435038383590588,0.49645720534173304,0.5133301066143319,0.34124413308362805,0.42910480894090935,0.25124811803059294,0.3538801942336387,0.35994103967817476,0.3838374453042931,0.6178366838168993,0.5939213918209303,0.46683199998155056,0.30801817571032014,0.353667606369431,0.32530000475167525,0.2041178238653441,0.21397579771313396,0.325507839895802,0.11667674463834227,0.3974164147173749,0.3371843809740054,0.12065453773935181,0.2086215279619512,0.2585596456797326,0.6551235315012962,0.3779845638601888,0.24116530967662084,0.14230302280214757,0.4303674039498578,0.5477997257288849,0.037584204105447404,0.46297608312937427,0.3738197736990604,0.5051668169522091,0.367851584677554,0.27641053716346764,0.27250857511625026,0.3046992381500082,0.41198126748108505,0.33911209915691964,0.33972754115171766,0.2159562444662959,0.30430727589581336,0.38936501512422345,0.13769638784278365,0.31408926961226324,0.24582166642937364,0.16455621563323256,0.03928950299687052,0.4015617795984316
170.0,0.26586646982207374,0.4989368207899507,0.7535700551636344,0.316319081120439,0.5157080069779639,0.233181334977634,0.4105112458769702,0.4785471100974204,0.5461471532754338,0.45024990368156403,0.34525240959852116,0.3912152400706854,0.3141180346731187,0.35771476641532224,0.20439336286932785,0.48184752248784884,0.261065043189904,0.5792190455984016,0.09944912139788285,0.5857254371541222,0.3958952959821522,0.22465451690144048,0.3761251367093275,0.3375414645292118,0.2646287947099489,0.33023860719983356,0.36322948290332946,0.34916193709223997,0.34815148782687105,0.08569226383069009,0.3490229871290556,0.3235339887722155,0.36759288025399517,0.363994867559287,0.4220819944892198,0.7470800403118864,0.3186162264452192,0.2076274332997401,0.37194552001744496,0.4962141303771283,0.35198936803455977,0.24788171054415153,0.28465758017155673,0.6361530356875924,0.289267013207447,0.3492035061253059,0.3888590099574965,0.298726531817102,0.4490677448442362,0.2629584445741026,0.42031580591358875,0.5374240241980123,0.4529303470712,0.3569803214342544,0.3227911641744983,0.19030569847415976,0.31546191313190797,0.31827501664928065,0.17680930724899044,0.5027750713972647,0.7495564050687903,0.36947183812138984,0.3087855160098304,0.2616334199114941,0.30955508965486433,0.18969470565503027,0.44212547958768716,0.5142925121078464,0.13131225799607488,0.3185393877326196,0.26034385748146394,0.31507300846398073,0.1860339203309818,0.3939786771336127,0.34919940447403697,0.44630608676848,0.21767416915669185,0.26415990381725274,0.7803293905479234,0.49172543273395913,0.03767525946356901,0.38687375390404394,0.3448306533544957,0.07659700489754061,0.38746904833469314,0.49368005092027795,0.12170936544139746,0.28262939781663593,0.36689102254746886,0.3467415315991139,0.3409055485966322,0.35181162390359866,0.15490372884951997,0.3353099136581871,0.18314645866361776,0.30385398924623447,0.34022554618480993,0.1770937759684577,0.03931779204017044,0.323128376688818
171.0,0.25748628276077495,0.5336406552128188,0.41627062006046794,0.2903021623437472,0.2682020391172896,0.26196626531586487,0.2891283143855679,0.34534159019784644,0.40348279377876795,0.4373472833678105,0.24951890945738076,0.3733799120289335,0.31401807098645795,0.3129843761971274,0.21485616789547202,0.42748673067062715,0.6287275234710656,1.440562067929065,0.31614265634116595,0.5156672678088368,0.31042889243573474,0.46950417022288865,0.37415900873424207,0.3537094849962828,0.33582477121756243,0.46726817464338427,0.33131693533221135,0.19416671086829684,0.3764990483816785,0.1016543196779764,0.27312635920012723,0.4568872770027759,0.2925227162377748,0.42853590940433883,0.42823914457076284,1.0214581233755902,0.1509842134590827,0.15428995431877843,0.38372634897060715,0.518376827737407,0.2750119987334224,0.2743148747325801,0.29928910518219903,0.522799970270311,0.2928443851009224,0.37627115917543236,0.33928208276576555,0.5465430273401816,0.341900961307453,0.23916955584594685,0.43063726203125596,0.5400404886932229,0.37943893765802084,0.13329159436542873,0.3540076986610695,0.20141628337538803,0.33422334952750093,0.18269240969606956,0.12964975558824923,0.22831286017828337,0.4866908260148063,0.3844715253098534,0.30906840644282957,0.2738887526005292,0.42956166348414926,0.08468767128131684,0.6069607622129105,0.4523941076280227,0.07924409318882344,0.2993785824847194,0.3171627014720582,0.21029872724563226,0.11400175038455418,0.31781590905072576,0.3540260502307325,0.4524954118707897,0.47788062023727435,0.08748740253540549,0.5574775897735109,0.4662951519652045,0.037728301419756353,0.522374312664651,0.28049524711925916,0.1534769002280804,0.43272290882087733,0.5840599401305918,0.2161556958220619,0.5121351786882472,0.30829280097102985,0.3888820330318782,0.3844306830035892,0.3032055022189218,0.14994021729521387,0.25923316801923657,0.23040099718877635,0.17276501824053936,0.4821837120781586,0.1340927173394155,0.039377464240881205,0.3130174053390517
172.0,0.37888325712149945,0.5018416167188245,0.28760799611333143,0.34720529858658433,0.32155203883919237,0.19593188823470475,0.32507492176311464,0.2649439471327702,0.3904373309287647,0.41706315528916704,0.2832227049408582,0.39709979504044113,0.4558141105355077,0.3560184259595493,0.36388174295868025,0.3400819735402573,0.6447759256519274,0.8155680351491363,0.4470501796550702,0.7151514347849146,0.3807654688191692,0.21219925210841772,0.3536780176452907,0.33933348361887583,0.4383118892281889,0.35747918103219645,0.34290059006849855,0.6549843021067758,0.33427525307133327,0.14006317886336986,0.1912803444191022,0.319829356449523,0.31730913736098576,0.20601230573383544,0.4490815381706059,0.8187862368364144,0.35250722361792214,0.3683367062577268,0.35460663864283315,0.5112151096132426,0.30449548661172804,0.15690694672819533,0.2867311018625488,0.31934970561714315,0.16192613023568306,0.3851956999549144,0.32251312788415626,0.4397966061988365,0.25041276285905784,0.41996499230891643,0.3061338917893578,0.37749991419683543,0.4066776320069175,0.3522440536178402,0.4178119309040118,0.05725812867978571,0.6084613593882675,0.3132753407945684,0.27748417814280557,0.13681367146598145,0.3313866935412578,0.4117882490664149,0.2126303948089605,0.2843581039268728,0.5263461459125278,0.14101575346098766,0.17740324263158827,0.32466529543387335,0.09942878864801101,0.3476321588558367,0.505819427953836,0.239783677222016,0.12360532806449899,0.23265454363290253,0.27048832039186477,0.40763546326255173,0.21891644123835283,0.641887895825598,0.4555928322636538,0.34456440498980145,0.03776366272388126,0.3771756581407112,0.34402769674145584,0.23068742375218795,0.4347125535648291,0.2889824784738061,0.4295801729167771,0.19126702078486937,0.3614778986937927,0.3043721265953802,0.6965521844445622,0.41753057868774207,0.15193789769188912,0.31827721465384046,0.2382482009936527,0.1648013578740784,0.4344103060520871,0.3143666790431231,0.6166850840125649,0.4219134795024574
173.0,0.23551097084460473,0.33434858952598173,0.31902003217878677,0.5185089432526843,0.3556684170512209,0.3706870259375166,0.40650237552189494,0.44856727782787287,0.12306681013252911,0.42462636481492894,0.23413796212804325,0.5706388291600195,0.18938474277598025,0.30788704420752366,0.41909775632525315,0.2795668722444302,0.574811095329492,1.443249527042557,0.18142006577202568,0.33139597588359054,0.47302241906681514,0.2251216807733012,0.29387537301264566,0.24339780000022562,0.38343040011315627,0.277359579108234,0.3751929874745209,0.44207155359889677,0.31651240297742184,0.420398610300748,0.1737200681294459,0.28247043331910465,0.1842748280556587,0.15278028253682,0.2162995405556271,0.3428459907156932,0.27595526523018166,0.433273955810157,0.2775977298042751,0.3685189359783589,0.21050514694497086,0.15722343040011313,0.3715655824497918,0.4259070514520576,0.2478376562527626,0.34745769903994067,0.31771035555791294,0.5435125797839423,0.22828373910429814,0.44854415430841094,0.24332539311322524,0.14969412471931967,0.5349984971445747,0.4536397279831681,0.3270593111732025,0.07643787902897858,0.40713917227045104,0.410946533708163,0.23713747296333615,0.41088420940964304,0.31480906158676275,0.270631093194717,0.309772096394915,0.30041182859732957,0.28678093048071607,0.21562306617868068,0.18594540857575917,0.5911867658845925,0.061273773110085625,0.42473925610790314,0.3788679741508866,0.5908520306228895,0.11440486925157797,0.36582892522530774,0.5007442140066125,0.3734998420075066,0.16187647286146198,0.13620135610601317,0.4604714766880602,0.5205199341664762,0.03782200887568733,0.2688382927562369,0.40148860689982235,0.5958739988330769,0.23123012725546527,0.17514427412082956,0.19129581498965678,0.49362492517295464,0.335215748156792,0.16269645024508503,0.3404566600416223,0.5296009476829505,0.25175834084761045,0.4811679875587146,0.6148835729061689,0.20211269058269538,0.3845623596598241,0.15351933379303026,0.2102795311091073,0.3859842297650604
174.0,0.2759786374860899,0.4433647695327003,0.28811541464386053,0.35953965285465544,0.37954790572676317,0.18869879921171492,0.2189830972966283,0.505782201352849,0.20705776269028806,0.31515735100310494,0.3352398516457287,0.43230724349114,0.28862371594264397,0.2870105553492812,0.35955800449920583,0.16969200304107215,0.3469628279890963,0.7802352410756908,0.18765683078391932,0.2984314661524717,0.3163927248085888,0.27571571279548784,0.2444139548253636,0.30104099750309904,0.6418326585217797,0.3130937857559614,0.3189036841066453,0.1868222564048162,0.383093439031486,0.6309406990929826,0.36287715890962063,0.2788920045371273,0.13929474404730333,0.15282271610176984,0.3546383398727852,0.23361735643310527,0.3690444933609151,0.3085112890963419,0.5797034704451219,0.43177648561678955,0.20206104015930923,0.15737371594264393,0.33087445979293423,0.5920282851142662,0.3991761619804901,0.33019643204441385,0.32560948847793497,0.4742856771002158,0.2634873539136123,0.2683212073527938,0.16560093936264367,0.15827889165885772,0.3187532402646623,0.520325323997949,0.3695428554071742,0.07650064534380027,0.34154836416081297,0.20299434471714745,0.12328617650847534,0.34944792163935007,0.47279032893590267,0.2298846058284734,0.3101398539578139,0.2755558957741634,0.27114161760285715,0.07847734224438196,0.24799505089081014,0.3964739339586844,0.03682703018087306,0.2827650413022595,0.24747478008728085,0.24444703760674696,0.09541916405877046,0.2342095422479181,0.1766921081944239,0.34856141613421615,0.17644082580432233,0.24685711675713262,0.34170585877873844,0.5085435713795954,0.03783438533213104,0.2059746153438139,0.43847644890617243,0.8466221114234691,0.22713775659046304,0.17782698892601828,0.3064339892855248,0.5053321310489931,0.30361202721156355,0.24115894779913766,0.27356609911773544,0.355244346611503,0.16682557152707791,0.45055773283333783,0.7092449316803532,0.9054065665941758,0.45244943333510124,0.7810730093059166,0.354878533920331,0.4431872127898621
175.0,0.2075800933538429,0.4338339609964816,0.30260789617921113,0.36169751940451567,0.33955500745534156,0.18111270657947573,0.10926485813241237,0.3557736169309924,0.3512286790279682,0.42416215810039076,0.3789738002204188,0.23526380552914794,0.26615252803856737,0.22965072551875715,0.3762164730635265,0.29359344028163314,0.4367262504641171,1.4486916317473786,0.2965396017138446,0.4566502103163601,0.26335167700984813,0.2572975786347,0.2900919099229713,0.2660244660934206,0.5251720212137075,0.1946716039887551,0.25263917733286007,0.249186866811648,0.32437400091315366,0.7846209268197814,0.29665682979479185,0.2121671014499742,0.33016574629050094,0.15285807740589472,0.3796874171219434,0.14245416970977887,0.23908488788544777,0.40948787991301117,0.35535908947080586,0.37589711812738313,0.22674914995692633,0.15764953411481814,0.4065253209038349,0.43887206595893546,0.4136508778443749,0.3852287974602726,0.4527009721832826,0.30531403048144407,0.15265843337635626,0.2896750174215391,0.3897158107190993,0.2783257708362466,0.3615797449230618,0.2512277886808465,0.39680595746297054,0.03829231422054845,0.3150530821394874,0.38925299245036155,0.25600541027953105,0.3162840573560354,0.15806844769768444,0.1891433724075744,0.3102812991743135,0.360953966130419,0.333004252196821,0.07860199084142223,0.33181153435224403,0.5423844434861018,0.036914107392280626,0.39561304345904275,0.3526515367886767,0.17318581775962566,0.09554624374546931,0.42644920569670614,0.2777058343625999,0.30269378749322406,0.15127565904630563,0.15604943510316657,0.6967944977810783,0.3762539180119381,0.03788521720681058,0.18242289025619265,0.452045703445543,0.6040194015688632,0.4841330211894578,0.15266889442882653,0.3069573365865732,0.281872764134208,0.29355272611544814,0.17346722007107623,0.33281860535016533,0.4800588323697378,0.17325801375554734,0.3230631056149541,0.2871591937994884,0.2721232105706725,0.3484329502072036,0.16649649039056563,0.23699941653848192,0.36537067487048924
176.0,0.1564119068877927,0.5019375985495436,0.17426793260135434,0.41088710260725325,0.3652263565480295,0.23107728213016493,0.10096005940699093,0.3104493308528033,0.2229004225675843,0.4069201519652045,0.5349166357255256,0.3335231444388301,0.19491592849944303,0.12862939585211902,0.3667536740860265,0.23185434678830957,0.5124757548085401,1.4504216835516892,0.16703646430480354,0.48122214771090277,0.2348060369323563,0.3795888038666655,0.16866944252904048,0.44847430117222714,0.38615017321838824,0.38492989621457235,0.2871903675807564,0.09745133400519813,0.2675633519864213,0.6511647129546139,0.36572119379762724,0.27984052051839675,0.2559663360384731,0.153105606534769,0.40214913237111294,0.12394389676519839,0.22231520935529134,0.18669663537191253,0.3691555973155717,0.23144547092848,0.19731961314733287,0.15770788026662422,0.24890340666874902,0.3891205201647837,0.4701015945641988,0.38467604204290673,0.2724955356353543,0.2788155478602622,0.17791819162290706,0.3137573153697908,0.27581497983423403,0.12072270647563706,0.4802405452713096,0.5399777223784011,0.33456342192480704,0.05756113085450591,0.2992483733800102,0.26972471224738764,0.29840705361577363,0.19306609027740942,0.4439495545738585,0.26829275623684995,0.3106632012588624,0.33810833934859863,0.37886101239413705,0.07867713361268765,0.4322267770949678,0.44676030568136377,0.036964497250658604,0.4019852675217509,0.2773237565697074,0.1488710903658127,0.15306140490461287,0.5851305716154812,0.23189804325697816,0.23086232262351095,0.13247449565939992,0.585443961173288,0.5604810905426192,0.48298856061811557,0.03793516504888699,0.21423811860181402,0.33620281475980834,0.09649768383457982,0.5529656218938745,0.11476555455365192,0.3070846372814229,0.3118602834072521,0.3279563944603991,0.15517291677717074,0.4127459820718188,0.37593108892189275,0.037186831450343884,0.27138585371028484,0.3149139836277163,0.45080295418437893,0.3766653516681695,0.3594040441544818,0.3955559681041037,0.29530634944362205
177.0,0.25143412189041536,0.554292466030285,0.6317719277486954,0.29418152802344916,0.2360168923029881,0.3744729271329812,0.40202841280786433,0.3388283694902668,0.2692590922753231,0.40667922545483476,0.7309850901586965,0.25034035255220216,0.19781028281465876,0.22177485962825164,0.3972167294329814,0.3666702027970791,0.46979558956134304,0.8972517636450431,0.24083804396420425,0.3826480875160129,0.4390026058999765,0.40087307059884364,0.15295759907625392,0.29932644402882097,0.4205360552697183,0.2983069670609451,0.36945720933945614,0.06506848305898856,0.20947304079431592,0.08945908991790284,0.17055312657073649,0.1681625858361656,0.15559277701161625,0.09577056701851165,0.3538576744089632,0.09215406330852148,0.36784018837471866,0.24092177097269124,0.3390206417769208,0.3996796448749582,0.25706194711127617,0.2169698898495376,0.33629342810162827,0.36602789337897806,0.28859313788635377,0.31611165866308777,0.36114271527667274,0.2569854696241197,0.07508354108099506,0.45656232135174485,0.3398442887073675,0.32719410577576385,0.2802734892987853,0.5312683727565344,0.32409316955609324,0.03840060821443095,0.28975045432107965,0.2256378295231528,0.7041956187344189,0.3617463822974882,0.2906833768473826,0.20626803672074978,0.7381862303081737,0.3523788111851019,0.33797532959682225,0.5309214713838646,0.21368062554147,0.4870222393135192,0.036993228310260085,0.23846510359302042,0.3200045211953131,0.17891688325465444,0.15330186177266217,0.2881331883519864,0.43529628120053493,0.35007276693364453,0.2729263247228558,0.10745416290952807,0.5486158996210446,0.4476371702874116,0.037956823847663496,0.5248577387534051,0.3576169091020839,0.0772830141975636,0.16334877699854788,0.07659081666931875,0.30688307784791097,0.16546732910176393,0.30115742482536234,0.32080718070215763,0.18571182305203415,0.43071289996447787,0.03723722130872187,0.29772436290209,0.3276973843886272,0.32704573984688556,0.5773003733832248,0.14447800084867132,0.43590896232253046,0.436764175462791
178.0,0.3357396700790325,0.3333027822066078,0.44794226677746546,0.3561803947107348,0.2783654341172102,0.36015488251206706,0.15179547021694156,0.25930355911526015,0.269522091974752,0.2953300977740059,0.35558001379090853,0.24434904259269083,0.3732770836017003,0.20843433405824008,0.37032356953324436,0.5096323771468311,0.4658112066644716,1.4566868226100178,0.30630659036483043,0.41104738575485933,0.35395373181362927,0.34276965108386237,0.1500380134019343,0.20642423218494227,0.2677626355621901,0.4412082957619476,0.3527926589932636,0.39083965416644567,0.16855962156975254,0.09599157516929224,0.17074300414485,0.2559954775417832,0.53953772672279,0.09587112572711683,0.34293615385572457,0.6923157676055093,0.3791924509509244,0.25676853248062076,0.30090750259064664,0.415645401814919,0.1641568981064022,0.1579907706996234,0.3188552902921968,0.3360002298484768,0.3192037057109275,0.2696455705286411,0.4217875883683642,0.37588265130218,0.5956501175763361,0.5155240697690724,0.14500057462119198,0.37390705944235214,0.37061699235467804,0.4194975158683852,0.4015137820682826,0.03847575098569635,0.4212792413001582,0.25608957018334827,0.6202247014425447,0.2863657211677967,0.15295001679661943,0.197912799024028,0.2040931814565321,0.30922988973166665,0.17668629219045598,0.38041808848577013,0.11665650029173076,0.3968820170087873,0.03713157941264874,0.2531779473721905,0.3947226259304442,0.3734153715589031,0.15354231864071144,0.15008373051655288,0.533136194062837,0.3308430298613117,0.8344083169787302,0.1566099117735462,0.5119472586148978,0.3637156795903608,0.03799881539631181,0.4230446898881631,0.45611563146448836,0.07736522922965397,0.5938460280415141,0.15362895383581746,0.8082878056542725,0.1575205635806071,0.33299274924878275,0.2731021477572093,0.5521421767534788,0.2936623702682155,0.03735568167754027,0.3580550925718141,0.2846837562797888,0.17538853232907228,0.3975876110310948,0.15423186407114692,0.05948257571739246,0.40440660784903076
179.0,0.4510559367611295,0.4471966411638502,0.4590100602910236,0.4386773104192083,0.39485227815201823,0.2600649522863494,0.1710801994377553,0.47941088067327925,0.15450060998249612,0.34352490319842993,0.40640240521161325,0.24589667426934705,0.5072811716875064,0.3504750570201029,0.4179849303810066,0.4451631419023876,0.30482313176389186,1.4590047560954047,0.7281251657561131,0.37429725173481787,0.2767494044310788,0.28687336822315335,0.12524089888435083,0.3016012682160621,0.4087364030874347,0.3524936033926644,0.30754551294518406,0.07825191393058577,0.2494873593160338,0.3647637864884457,0.19308377092947185,0.13421893754997238,0.8195343210924286,0.3260407273820259,0.4785707760711739,0.38300741998031557,0.2846350160893934,0.393784808783748,0.3224471664229262,0.36864724821051403,0.1105154415237691,0.15823476369808515,0.3247266444900774,0.37330886331087887,0.30867605881515436,0.19120708430986194,0.20368777600517907,0.4940186354072738,0.10768906300121489,0.29697778080142545,0.17062811498710295,0.3939170821619901,0.30294170689015004,0.7265125537829835,0.40634234457233454,0.03852304672996341,0.25533794798352155,0.21379621280432823,0.6013207447090648,0.5348247428628327,0.24000315840739114,0.2280267066249403,0.7609429091744903,0.28117872487137324,0.3625367738344798,0.41008186141904923,0.2646137661556958,0.5549417422514541,0.037192577662264185,0.18286479605367845,0.3341428861896427,0.5322806715111653,1.1028483530472604,0.25484997124789194,0.18269577582021224,0.26479809375369767,0.19005595926377764,0.1961160027581817,0.5375411811854288,0.3624486524396353,0.09508102158807615,0.14030142564991133,0.3595269431036616,0.0774686610442193,0.5061637766837204,0.15378807970437947,0.6678707190721191,0.36407136795205003,0.35253547529780255,0.5752722820417617,0.3335102698587524,0.27342983754695416,0.037402977421807315,0.3613237792023724,0.30901969624639763,0.17720223571845328,0.35094724093424556,0.07716366979614207,0.10318242896798034,0.3507008905155089
180.0,0.17638660513799748,0.24132345264051233,0.31033257306529466,0.43029341247686614,0.45523952863381606,0.14372096900076528,0.1808932928446401,0.3076648278788522,0.20640864701756867,0.6110928411039798,0.4547630366978304,0.25894143726020613,0.6674752964889344,0.5948881256740748,0.35077898006211805,0.3401800139014126,0.2915407472727594,1.4603484856521507,0.4177767906080376,0.42521267567326604,0.21488578298767655,0.20730937099817384,0.5019831798063379,0.16808148717858049,0.22161170394873256,0.14124468843744287,0.3219735143832104,0.078340317190898,0.7686516882075943,0.07690730034123659,0.23191004084230624,0.12868650435828075,0.15903994059300905,0.15371558903092344,0.3844749693535364,0.07927385561979523,0.14071370898825417,0.3377048745557735,0.5055402970090803,0.4388476458211778,0.12043392249195038,0.09903706748704891,0.5380701764725526,0.35856400690724144,0.49146374100094997,0.24930463706469236,0.3511510104492654,0.3649505383758553,0.08310728619671491,0.20268810513731741,0.29390258603646385,0.1168951890945738,0.39880518975357987,0.2745275022542831,0.3364658660278058,0.03858360296327729,0.21507692346550886,0.24543507664562667,0.4210906183934349,0.341805216676391,0.21847026998355704,0.43685222511006205,0.8041211074150127,0.15798956097079803,0.2721164865651154,0.14472762955497803,0.3272471224738769,0.5540549795476457,0.03722661291748439,0.4058116598006801,0.37962238547357624,0.14954472320939194,0.5177935872274969,0.37044900015912585,0.28013226827805404,0.24210125709436164,0.7797640516982268,0.11779822839866332,1.389388956664722,0.36863687782805427,0.09517826517441962,0.6163762619565409,0.4080515649417151,0.07761894658675011,0.3638524555682166,0.15384112166056682,0.17993717474967139,0.4858709489205962,0.3889894192631158,0.31402778916304613,0.3700895369021209,0.18656677098251387,0.037477678176771154,0.46099379016209246,0.27584469315228344,0.16792751816687,0.3095751781325695,0.3092204600505667,0.0793976201842324,0.46845918341104775
181.0,0.16501352569882774,0.2289291849083394,0.20447753673155472,0.43384127806633516,0.3598089495040577,0.16147960536784595,0.20332749871815273,0.3298659610121977,0.2584351444214596,0.6946961727281836,0.4844969412471931,0.32972813787372485,0.3474318189854841,0.2624822992562874,0.24473669088915995,0.26750758258873675,0.2839238805066524,1.4622297070315953,0.18139759661002963,0.3188199329083939,0.44275741556015247,0.3351429480719248,0.5273546208384164,0.4123149130406596,0.38858379239883506,0.2984439921144292,0.1323740279541509,0.03924043918739723,0.5550840715005568,0.34637723439240437,0.2322680740465708,0.07575275376155871,0.20838328117540975,0.15386057037783557,0.2654156674771849,0.11894128255450061,0.2217005140649587,0.17374108232111599,0.35161645361480925,0.4910463297035329,0.387498010926643,0.0991431513994236,0.26671995173181984,0.4323200109620042,0.48500769108364716,0.3075229814475558,0.11716570307112925,0.41197731572340385,0.8083971310195254,0.22070445958046928,0.1924317968846691,0.0779699075301897,0.21710459431743845,0.2908885234887462,0.48663876807109985,0.03861100797397408,0.2872420834880391,0.33110115101044924,0.43108523842359303,0.2868754658619178,0.30111823809776395,0.417510475786347,0.7404842288583603,0.16246811455133733,0.3793693311409324,0.45007717604625264,0.11707287964780143,0.3855588134555518,0.03725269187927651,0.3099977990636571,0.44924455136486074,0.25258645838858534,0.39003319542424725,0.23233049306286982,0.16752917860110678,0.18465695114835837,0.1142430912852066,0.11786055269718347,1.3912860906310223,0.42848731112267235,0.09525340794568501,0.7283602079244683,0.2060001983307927,0.07773917502077476,0.575222285086763,0.15400731978995383,0.28940354320267325,0.3788485096473214,0.32503308322010915,0.15457119658573007,0.31039153312863066,0.26166948820405833,0.05635575240014852,0.3899508196589563,0.22280078689302066,0.12456903410597783,0.233838521131326,0.07762425078236884,0.07948513941194152,0.43268397120303964
182.0,0.14677387035367198,0.43255140649587154,0.34496863244316456,0.307916301477008,0.4725528814344777,0.0621227390866175,0.16233092876465285,0.527549712875516,0.13606057391396595,0.9099197298396364,0.4135040577096484,0.33605696978104554,0.5129679689729815,0.1900758499973479,0.2597446913842182,0.350215122354765,0.28050183718048244,1.4642117081277957,0.44995567207947196,0.34002224970477957,0.19518538163687477,0.26847080040311877,0.6409753531710249,0.2403755370498064,0.2671823651638881,0.5842813902976742,0.1515852472639191,0.039257235806856555,0.7939803273278051,0.8211837785910878,0.23254654431655436,0.07582524443501476,0.24642629820187767,0.1540638978765537,0.2691327640163369,0.11917068901501085,0.08308297530012905,0.11765921427182234,0.3477381306287691,0.2993292232617539,0.3554374635336552,0.15872982195583374,0.33345478257428607,0.3429512453752628,0.422630055929796,0.32144692562928395,0.14525931202057019,0.18321339957684304,0.9852569882777276,0.426980269865686,0.21635778567513567,0.0780954401598331,0.3061473417139624,0.2469289012206356,0.47818833725254456,0.038668912109478606,0.1896760462525858,0.21972400502130515,0.2829323985468584,0.48051143811898067,0.7322897880973849,0.4377809013596421,0.4376534112292347,0.19975368641595495,0.4686227782366327,0.1480914841139341,0.1171776375112714,0.408023765916487,0.037309269965876336,0.42980456525486666,0.4973445267934209,0.22490585052776743,0.4390914165485851,0.16988211425237365,0.31664861200081057,0.21152608022469574,0.22903781891476155,0.11806874237521878,1.39393553634258,0.4056014792075532,0.03812213794444739,0.18104394147199007,0.4297373097119821,0.07780989762902456,0.4453667851270355,0.15427606570130303,0.3090436535299421,0.46244962714224896,0.2938730806338083,0.4472550787673049,0.15392444173341113,0.41206564919166844,0.037632825898619146,0.3913643363567248,0.3827728566629537,0.17198863134072384,0.36352516840821086,0.8552767906080374,0.2655162455724701,0.1624868500150285
183.0,0.20759442941589018,0.38848247945606457,0.1857237574921763,0.3084092593264664,0.5027779704515504,0.06475759826022383,0.10205036628417523,0.5988068619970704,0.1037724617950577,0.4736783712583321,0.28226072184208817,0.3543990014851748,0.42551730641159374,0.38011191852755527,0.2658752364787213,0.4132567118166227,0.2433591470853445,1.467940557647766,0.23358616665782636,0.4370141850831459,0.22276642848302527,0.5899318631871142,0.11312788415636768,0.30969884797922775,0.27984171656250684,0.5251698226630598,0.14205984016690537,0.03930541558372673,0.32080902243674747,0.6639583222829258,0.23296292367262503,0.07593663254300817,0.07599409466221113,0.15428844215774676,0.5118970387627895,0.11934970561714316,0.09458596333032764,0.33536660832051485,0.356978253429415,0.30980403687722785,0.15505401439205074,0.1588677310419208,0.40468881684023167,0.2955300548984247,0.4515889280542121,0.2042504287558125,0.09790882087731394,0.13151996145617847,0.7737781785392245,0.5752097051624978,0.3707887338885058,0.07822450891988895,0.3427481963630057,0.19902372557394649,0.36795489435041673,0.0387223960819675,0.2705073695749478,0.4245124560193779,0.26910743648225743,0.3404575752753761,0.805790855566753,0.2987322972471225,0.28590253299450774,0.19049134532081544,0.3476174584652015,0.13822954790572678,0.15635177425343447,0.5436767122865107,0.037385738786046424,0.35398875510528827,0.3308673357206747,0.4132755176010891,0.32039919965581665,0.40606099067219303,0.2058909477025957,0.28967697448681906,0.13374308244488053,0.11815891370073726,1.3957018334836186,0.37164220307354023,0.038168107639809754,0.0769037642108241,0.30666907881276945,0.07792482186743047,0.39728144732598425,0.15441751091780262,0.17412348167400407,0.5304318499266252,0.4158529863338115,0.16526787450778327,0.14128918474513338,0.5270183244358052,0.03767393341466433,0.2826906416308634,0.2231088332537704,0.14994430594600328,0.4432306087448505,0.7647568615663878,0.03989815944412029,0.3274141008581265
184.0,0.2599792547015801,0.538855619795258,0.13243427217595785,0.2538981307130607,0.17682732139161292,0.038909810993829445,0.15325412401209357,0.5445407273820259,0.0389434042327481,0.4381196626531586,0.4258142124448216,0.3735228920242578,0.3552955320992238,0.46427040789264307,0.1309314400146656,0.3610262650296067,0.18758503902512813,1.4685956258066797,0.17523736275393836,0.5184951571384324,0.15611513479889866,0.1976313672448239,0.17626961815685094,0.41642456228331154,0.2594311692215209,0.5800668328647961,0.07423840591241004,0.03937260206156403,0.3446479306156811,0.37212453661957723,0.23327587121413035,0.07602503580332041,0.3552703077022814,0.1544546402871338,0.45515586757696763,0.11947833236089746,0.06315234239172074,0.5234004535087254,0.3728866042960617,0.29267804308818024,0.11645096271150479,0.15905868208419524,0.41972394608579827,0.22100182296828366,0.42841709202235384,0.16218571340911056,0.1699039940593009,0.4829205637770587,0.42250078457893514,0.2681255730425623,0.3478213016496048,0.0783606499407698,0.31565527443318775,0.2649019481552765,0.3871977784072591,0.03875819940239396,0.47510050770672424,0.4431287092534638,0.33577010605865426,0.5488154766784162,0.20875472220748836,0.27942635124383386,0.4487765971031233,0.19066152159691643,0.22503031495134868,0.11865087784437489,0.19557674287027707,0.46152537975367974,0.03745690341059778,0.27507000142375776,0.32815334429533755,0.5076433458865963,0.1682269842111777,0.8437368254585674,0.15156915787054226,0.4100254880557889,0.19131349564171926,0.11845860075319575,1.3962905991972983,0.2549741247500686,0.038180926112555025,0.07708410686186107,0.35187503315122254,0.07801587722555207,0.2982283331794461,0.23176947965840977,0.30977209639491493,0.5799492859963341,0.39645812337559005,0.10278160858572465,0.38536951299906796,0.3722032891906387,0.037714156898106393,0.3293759937281121,0.19129360490814903,0.15021305185735248,0.34870772114075554,0.5880053572375749,0.03995694761222794,0.3159206111521392
185.0,0.05204240999074712,0.6695589687633394,0.2839998939160876,0.38416322563673116,0.35505331453290667,0.16235811276719883,0.114979048427306,0.26168028076875477,0.03896152690111211,0.5177842803287029,0.5005983132657934,0.2655956611679838,0.2166398970544033,0.4134438153079084,0.21140457310065594,0.25203501705142883,0.17428313796212805,1.0823953747414206,0.482859845471101,0.4361928387918947,0.23337650359211912,0.35316009508976137,0.13229039586979965,0.4641580433304562,0.4199394816537977,0.25883187246945666,0.1411671882459025,0.07880708640534664,0.3825783694902668,0.13764229767650973,1.050087519227709,0.07613730794391697,0.11436243568662813,0.13550363337399882,0.17011106169595533,0.11957513393093937,0.12326199190226136,0.3612914327137528,0.3930389686104957,0.36754834184951407,0.12515529506061518,0.1591523895401262,0.46944552706408144,0.34088046700495644,0.5163560765454364,0.13422744390813135,0.11771601336657295,0.11931758576589638,0.5287650268541904,0.26546327728566627,0.15843199137184177,0.07847115401616012,0.29125456013484446,0.3486451758340847,0.268911160760682,0.03879311869021729,0.4263682212781826,0.4370473753072012,0.2091150391626443,0.44479415300836295,0.16300345656747822,0.25974027122120263,0.6035339497987353,0.19102176488268885,0.19904765132182523,0.0791456708923425,0.19573144857582347,0.39948250941494723,0.03747723616046959,0.2971439518507624,0.2792432091562204,0.29385668063438175,0.12315635000618821,0.5428145093324376,0.1968547593368577,0.6949079489419991,0.19137316784243003,1.0948221105394362,1.3969774925299243,0.42151650226934445,0.15296416131826943,0.15438568574409026,0.3206079050195371,0.07804947046447072,0.29472370241014484,0.1546774165031206,1.1612608072985728,0.3500416298989469,0.2569888111956327,0.07489259003872063,0.36507658669118387,0.2890318878596606,0.05668461252851005,0.27808721085633636,0.30620060467830057,0.13158339079545253,0.11109973655828427,0.4695529383980823,0.11995438391767889,0.2596566319143628
186.0,0.1041991548648314,0.6953988313088988,0.6976654467016744,0.3213549441417685,0.24196195565692463,0.07804416626885198,0.11520182464329282,0.30466359023320777,0.07808571580119875,0.44123330125557886,0.31162060856804397,0.12348465761417281,0.3589137007372832,0.24574153458415907,0.3203818689333262,0.2069048666514821,0.1756630244523418,0.5679608903976379,0.5647819091568097,0.473922020466337,0.09565343269859791,0.22724247498819183,0.11341165862196997,0.4567037034230585,0.28471776857312314,0.19896556398333298,0.13644895890427103,0.03946144733817784,0.5106439882836212,0.14155262646086386,0.15570466238794886,0.07620007425873866,0.11446321540338404,0.15506992697890695,0.1433041763307503,0.11973956399512013,0.03799041708658215,0.20590538690178006,0.4069935580305282,0.2805412754822398,0.6374177407662796,0.1596615923195247,0.48324491581443063,0.284238504716054,0.24333830159656294,0.23449945270345204,0.11803028695698296,0.12581257330103668,0.33478423175155786,0.3573194839425678,0.6525751869728955,0.07860994713485034,0.16393187162560735,0.42860426406811597,0.367113608292731,0.03882317579872346,0.29074612351703527,0.14480029703495462,0.36180758146360437,0.36906960328696925,0.4801346823670857,0.2602057143867465,0.3585312006306792,0.3444478332360897,0.22125965805618908,0.33648932972648027,0.19582869216216695,0.3696173055603032,0.03754353860570377,0.16021569658822352,0.3724452620970557,0.10059112313395452,0.26620809484544694,0.5717419469541148,0.45061271496056404,0.17099110158039774,0.19175330186177267,0.7887692498099329,1.3981059601478103,0.3587778294212643,0.03824413444367828,0.07733959228416343,0.402388066738568,0.07819356777877967,0.1700124353919506,0.1547905726763203,0.31026361852225104,0.42293834756625803,0.2310403134940343,0.037535140295974115,0.3557186461763982,0.36737944952552704,0.12610577744773896,0.24436908066502822,0.3095152480890162,0.18806025566222884,0.1722829257943033,0.36683372556464083,0.06007797167559539,0.28534470395712636
187.0,0.039124630916388195,0.766004463101742,0.3307203855392472,0.23099601661457422,0.32756369454905493,0.05863987163846601,0.1152946480666207,0.37973192595342914,0.0781794232571297,0.4513848370727912,0.42412480772290884,0.08701103525269438,0.6710201736240033,0.3398790422390778,0.3587634151947524,0.3039869238948961,0.26037964780141093,0.7761629448894074,0.1403553811064552,0.5044111206249857,0.0894126782062389,0.21244113816250876,0.11353763326791491,0.28768125825623303,0.33812580860156033,0.16392194188566117,0.14925299245036155,0.039518909457380784,0.14812795045881294,0.2767439016484261,0.23385137643876305,0.07635301189907882,0.07645997984405664,0.1551547941088067,0.22538588023126288,0.11992653689068053,0.038077052281688145,0.11354028536572429,0.1786810187033382,0.28966654290210225,0.4549189784119238,0.1597323149277745,0.3140894169510304,0.30642507529011004,0.2972700418376614,0.23720186000459703,0.13788300712530277,0.12089605544652483,0.2400194079157639,0.49390386903183264,0.6520411049902377,0.0786877420039251,0.422810398580833,0.4228959140013083,0.2525510389244207,0.03886428331476865,0.4069761804394293,0.17156752241022646,0.2015821657788453,0.23808766067292558,0.24499267357980162,0.44115525380576026,0.34307470959528985,0.34516389964461885,0.11457460351137749,0.1584009618274722,0.14358663814188136,0.33884116846229295,0.037616471295461376,0.21444240220101055,0.33327003659894977,0.16979127990240275,0.40510462525857954,0.5133204672588325,0.29661896819643596,0.16749193710264038,0.17266747997666154,0.9345317026720515,1.400624569034106,0.4019983789633741,0.038259162997931355,0.07739617037076328,0.29781221575896166,0.07822804505030144,0.36183904881459644,0.1549373220884386,0.2331008327587121,0.2716586882724234,0.19683532612893284,0.037562103290369346,0.21017272389733005,0.5678406619636132,0.03789670963065118,0.2848114712070581,0.2619329667544806,0.17555178368311555,0.0795558620201913,0.3285141124754681,0.04007894411145883,0.30135802878410156
188.0,0.039145405682561564,1.0081256961756748,0.3571473151929843,0.26662023971306137,0.1971267835357768,0.21527542035750274,0.16683934770180994,0.3210032001980232,0.039124188900086634,0.3967414558248908,0.26456532116904474,0.10470581605049592,0.2882214258561856,0.280805221096554,0.3317615724779041,0.154802949132764,0.6501932242689681,0.7572243144327161,0.18540108559203666,0.5494359068326077,0.48297326685408143,0.31103840995370186,0.11375245319047365,0.22937329502905612,0.4253385844869958,0.06992149790484271,0.22420039251047583,0.13852812991743135,0.28950598048056014,0.06440840538199047,0.4719048545177013,0.1719056648809208,0.1722497745716862,0.13596001520536075,0.5892554677416503,0.10001060839123746,0.038131420286780175,0.14221211478279316,0.3942327022650225,0.252790780423982,0.18392475114482223,0.15990381725278024,0.27670411619915675,0.41286223235912944,0.23582160382802184,0.12491380682119557,0.059138466026627055,0.08510250358033204,0.10943340140384378,0.5289183861100798,0.36940156886319303,0.07882918722042469,0.3983060672420456,0.2111873773404763,0.22342332785233113,0.03889080429286232,0.5720657975643919,0.10683233437649177,0.20046146501882992,0.6686903001732705,0.08456885729945719,0.36122367792924204,0.16700047737760565,0.21131517530366523,0.39009467989179436,0.13872924733464173,0.1371899255644548,0.5340187811531895,0.7020751191970627,0.23318702593751664,0.3314118165143047,0.1889000866351951,0.3218468030434295,0.6003051472538307,0.6254495305786877,0.196987548400785,0.19212238547357627,0.5195327003659894,0.7771000194487172,0.2894469197357332,0.03830292261178592,0.11630111918527555,0.20779252638837317,0.07828550716950441,0.4747786050849555,0.15506639084849447,0.17490717657667215,0.374931487473258,0.26217016375230584,0.03762354355628636,0.4006229483076669,0.4576649706841188,0.03792676673915734,0.32251233225481357,0.44881564889255976,0.20703159532523557,0.461916229070528,0.2884690323379126,0.10030344419102176,0.186237454103974
189.0,0.0391962375572411,0.4818486005763893,0.36778762000742593,0.24626815108369768,0.17349207838785097,0.16992506350300868,0.154203575027847,0.3574317305822239,0.0391462897151647,0.5658245372089322,0.6268969732331001,0.15252744921232694,0.11721476688060256,0.3806158171113351,0.19982932645555965,0.05814194027475734,0.33274163926165584,0.8161406672678087,0.28680375065565755,0.5497220107477563,0.2939675088550599,0.29343950564896837,0.11398053360207923,0.15848107728213018,0.42694832985440495,0.3728425184320797,0.2527296716702912,0.03964797821743666,0.3661475835228803,0.15473045845930797,0.3164586734403209,0.07645555968104104,0.10560410367934368,0.1554730458459308,0.056555322760303395,0.12030578687742004,0.07634151947523825,0.11397522940646052,0.6022108673145643,0.20605562333138844,0.12983639503291552,0.1599656995349988,0.3302443605699125,0.5266058452235718,0.25099150570958767,0.6272844033916541,0.03947559185982778,0.12605420887922347,0.2624178954719851,0.3260643752541593,0.3269430232950627,0.0789441114588306,0.2906801746848423,0.4354065457934089,0.22518925984946842,0.038943404232748106,0.4005681729542185,0.09554955886773102,0.6206483495111298,0.36266717687976907,0.5520939785592626,0.35165767163492984,0.22241420463586695,0.3464011032726887,0.6002868685797131,0.3177319259534292,0.17663965947064128,0.3698355920366342,0.12539855136524103,0.16420698195349442,0.2661917968269364,0.18914098551954595,0.30952103113562823,0.29110457979404564,0.5599998821289862,0.22529305680793507,0.19221741897841194,0.46015501851708285,1.4043370639509185,0.2954865191021465,0.13417780547746602,0.0971496578793826,0.35101966846251564,0.07833766509308863,0.39208601958694783,0.1552997754557188,0.1945645255397019,0.36148928954318005,0.40024001485174776,0.03770133842536113,0.17975868435742196,0.17809665570466238,0.03798113474424937,0.4575082249033345,0.3717192530060509,0.20748377800173265,0.05975971993847132,0.22106502354473498,0.040143036475185204,0.1542071111582595
190.0,0.039233808942873816,0.31198695167877794,0.1522728478226277,0.26372451776021505,0.2632441344436783,0.05884938736540602,0.21222926501529377,0.14941880381548475,0.0392099400625895,1.1064857051928074,0.3759525451298643,0.03817694796584097,0.7503035669733279,0.46491078146517595,0.4323183031717483,0.18106962051427128,0.42072631013631784,0.8167718665464382,0.1566770982513835,0.4699599643734861,0.19193894870842837,0.3199842200180342,0.11410385615021482,0.1305842330374235,0.5093101113569067,0.19437445853003052,0.19688776322070758,0.03970190420622712,0.3653278332904918,0.0774607047507912,0.4526715465266358,0.07665535104934669,0.11537023285418765,0.15553492812814934,0.07549284817624073,0.12047286903941018,0.03825385880231263,0.057034026414894176,0.3645533675108025,0.27257235806856545,0.12689647094184836,0.1602291412507293,0.3464112956485835,0.4796100090171325,0.5185826810435625,0.5592885858130449,0.03951493131066674,0.07565816227302463,0.2675016354603158,0.2938126558107462,0.17431841086299263,0.07898654502378047,0.6285966866458034,0.496257359571421,0.3111479693771106,0.03902473523223536,0.4482978583678737,0.11477748899379407,0.11456399512014002,0.5765871635345913,0.7094518801408951,0.3118930011138811,0.1360280857158012,0.34714899485493017,0.4318676072773563,0.15891546880248944,0.1968011280256016,0.3092606344210863,0.2352908025247971,0.3568189854841847,0.17474817017197544,0.2081669141957955,0.31947070757969553,0.40156971039091915,0.20767100347803683,0.24156443461063412,0.19243842712919254,0.41634252137885513,1.4066267083930055,0.37982597908414933,0.1425142644975032,0.07782139005286513,0.08522383705511058,0.1568150073374706,0.25285887724491657,0.15541823582453715,0.19468608002263119,0.35581538747148994,0.36371439769174874,0.037725649321947,0.3148818048409625,0.19775243550982158,0.03805804558072101,0.4554211089304973,0.327308391133465,0.20778037094008023,0.03986677628670945,0.40064033428219514,0.04016292720875546,0.14152993629071706
