,SEX_PARTNERS_MALE_ANAL_UNCODED,MPX_VERHALTEN_REDUCED
0,2,0.0
1,2,0.0
2,1,1.0
3,2,0.0
4,1,1.0
5,1,1.0
6,3,1.0
7,2,1.0
8,14,0.0
9,1,0.0
10,3,0.0
11,3,0.0
12,15,0.0
13,13,1.0
14,3,0.0
15,31,1.0
16,7,1.0
17,5,0.0
18,1,0.0
19,4,1.0
20,6,0.0
21,4,1.0
22,7,1.0
23,1,1.0
24,1,1.0
25,13,1.0
26,18,0.0
27,16,0.0
28,7,1.0
29,3,0.0
30,3,1.0
31,2,0.0
32,35,0.0
33,1,0.0
34,2,1.0
35,9,1.0
36,3,1.0
37,44,0.0
38,3,1.0
39,3,1.0
40,5,1.0
41,4,1.0
42,4,1.0
43,6,1.0
44,3,1.0
45,5,0.0
46,1,0.0
47,11,0.0
48,1,0.0
49,1,0.0
50,1,0.0
51,8,1.0
52,23,0.0
53,18,1.0
54,5,1.0
55,8,0.0
56,6,0.0
57,7,1.0
58,19,0.0
59,12,0.0
60,1,0.0
61,16,1.0
62,3,1.0
63,2,1.0
64,1,0.0
65,1,0.0
66,3,1.0
67,2,0.0
68,2,0.0
69,1,1.0
70,6,1.0
71,3,1.0
72,3,0.0
73,3,1.0
74,2,0.0
75,3,0.0
76,6,1.0
77,1,1.0
78,7,1.0
79,1,1.0
80,4,0.0
81,4,1.0
82,2,1.0
83,3,1.0
84,3,1.0
85,6,1.0
86,5,1.0
87,6,1.0
88,15,0.0
89,6,1.0
90,2,0.0
91,1,1.0
92,2,1.0
93,3,0.0
94,3,0.0
95,50,0.0
96,8,1.0
97,2,1.0
98,3,0.0
99,6,1.0
100,2,0.0
101,7,1.0
102,10,1.0
103,13,0.0
104,1,0.0
105,1,0.0
106,4,0.0
107,2,1.0
108,2,1.0
109,52,1.0
110,4,1.0
111,7,0.0
112,2,0.0
113,2,1.0
114,6,0.0
115,2,0.0
116,1,0.0
117,1,1.0
118,4,1.0
119,13,1.0
120,15,0.0
121,10,1.0
122,1,0.0
123,3,0.0
124,3,1.0
125,4,1.0
126,6,0.0
127,1,1.0
128,4,1.0
129,9,0.0
130,1,1.0
131,6,0.0
132,20,0.0
133,1,0.0
134,1,0.0
135,8,0.0
136,9,0.0
137,8,1.0
138,4,0.0
139,1,1.0
140,6,0.0
141,3,0.0
142,5,1.0
143,1,1.0
144,1,0.0
145,6,1.0
146,2,0.0
147,7,0.0
148,7,0.0
149,1,1.0
150,1,0.0
151,9,0.0
152,8,0.0
153,8,0.0
154,53,0.0
155,4,1.0
156,2,0.0
157,5,1.0
158,10,0.0
159,11,1.0
160,2,0.0
161,8,0.0
162,4,1.0
163,6,1.0
164,1,0.0
165,4,1.0
166,8,1.0
167,3,1.0
168,4,0.0
169,4,1.0
170,2,0.0
171,40,1.0
172,3,1.0
173,3,1.0
174,5,0.0
175,3,0.0
176,6,0.0
177,6,1.0
178,14,1.0
179,3,0.0
180,2,1.0
181,10,1.0
182,1,1.0
183,51,1.0
184,3,0.0
185,9,0.0
186,1,0.0
187,6,0.0
188,2,1.0
189,2,1.0
190,9,0.0
191,1,1.0
192,16,1.0
193,1,0.0
194,29,1.0
195,7,1.0
196,51,0.0
197,1,0.0
198,1,1.0
199,1,1.0
200,9,1.0
201,7,0.0
202,5,1.0
203,8,1.0
204,21,1.0
205,6,0.0
206,4,1.0
207,25,0.0
208,1,0.0
209,2,0.0
210,42,0.0
211,4,0.0
212,3,0.0
213,5,1.0
214,5,1.0
215,11,1.0
216,1,1.0
217,4,1.0
218,12,1.0
219,6,1.0
220,4,1.0
221,11,0.0
222,35,0.0
223,7,0.0
224,15,1.0
225,1,1.0
226,6,0.0
227,47,0.0
228,1,1.0
229,58,0.0
230,4,0.0
231,2,1.0
232,1,1.0
233,5,1.0
234,2,0.0
235,39,0.0
236,2,1.0
237,5,1.0
238,12,0.0
239,3,1.0
240,5,0.0
241,2,0.0
242,1,0.0
243,2,0.0
244,11,1.0
245,17,1.0
246,1,1.0
247,2,1.0
248,1,1.0
249,43,1.0
250,1,1.0
251,2,0.0
252,1,0.0
253,5,1.0
254,1,0.0
255,6,1.0
256,2,0.0
257,1,0.0
258,1,0.0
259,5,0.0
260,6,0.0
261,4,1.0
262,2,0.0
263,1,1.0
264,4,1.0
265,2,0.0
266,3,1.0
267,1,0.0
268,43,1.0
269,1,0.0
270,1,0.0
271,2,1.0
272,2,0.0
273,2,1.0
274,5,1.0
275,2,1.0
276,3,1.0
277,4,1.0
278,6,0.0
279,2,1.0
280,2,0.0
281,2,1.0
282,1,1.0
283,3,0.0
284,1,1.0
285,6,1.0
286,1,0.0
287,5,1.0
288,14,0.0
289,6,0.0
290,6,1.0
291,8,0.0
292,10,1.0
293,1,0.0
294,10,1.0
295,9,1.0
296,2,0.0
297,1,0.0
298,12,1.0
299,3,1.0
300,9,0.0
301,4,1.0
302,1,0.0
303,46,0.0
304,1,0.0
305,4,1.0
306,14,0.0
307,1,0.0
308,3,1.0
309,1,0.0
310,1,0.0
311,4,1.0
312,2,0.0
313,6,0.0
314,1,0.0
315,9,0.0
316,2,0.0
317,4,1.0
318,2,1.0
319,3,1.0
320,4,1.0
321,1,0.0
322,2,0.0
323,3,1.0
324,5,1.0
325,10,1.0
326,2,1.0
327,3,1.0
328,1,0.0
329,1,1.0
330,2,1.0
331,2,1.0
332,1,0.0
333,3,1.0
334,2,0.0
335,2,1.0
336,2,1.0
337,1,1.0
338,3,0.0
339,1,1.0
340,1,1.0
341,20,1.0
342,5,0.0
343,5,0.0
344,5,0.0
345,1,0.0
346,14,0.0
347,6,1.0
348,40,0.0
349,9,0.0
350,1,0.0
351,13,0.0
352,1,1.0
353,1,0.0
354,6,0.0
355,6,1.0
356,14,1.0
357,1,0.0
358,3,1.0
359,5,0.0
360,3,1.0
361,1,1.0
362,6,1.0
363,8,1.0
364,2,1.0
365,2,0.0
366,4,0.0
367,4,0.0
368,2,0.0
369,7,1.0
370,1,1.0
371,3,0.0
372,2,1.0
373,14,1.0
374,5,1.0
375,3,0.0
376,3,1.0
377,3,1.0
378,4,0.0
379,3,0.0
380,1,1.0
381,1,0.0
382,2,0.0
383,3,0.0
384,20,1.0
385,6,1.0
386,10,1.0
387,1,0.0
388,3,0.0
389,1,0.0
390,5,1.0
391,2,0.0
392,8,0.0
393,1,0.0
394,5,1.0
395,4,0.0
396,19,0.0
397,7,0.0
398,10,0.0
399,9,1.0
400,2,0.0
401,2,0.0
402,1,1.0
403,1,1.0
404,23,0.0
405,12,0.0
406,1,1.0
407,3,1.0
408,3,1.0
409,4,0.0
410,1,0.0
411,6,1.0
412,10,0.0
413,5,0.0
414,1,0.0
415,3,0.0
416,10,0.0
417,7,0.0
418,3,0.0
419,2,1.0
420,1,0.0
421,1,1.0
422,2,1.0
423,6,1.0
424,8,0.0
425,15,1.0
426,4,0.0
427,3,1.0
428,10,0.0
429,7,0.0
430,43,0.0
431,9,1.0
432,1,0.0
433,10,0.0
434,4,1.0
435,2,0.0
436,5,0.0
437,5,1.0
438,1,0.0
439,6,0.0
440,15,1.0
441,7,0.0
442,8,0.0
443,7,1.0
444,3,0.0
445,15,0.0
446,4,1.0
447,1,1.0
448,5,1.0
449,6,1.0
450,5,0.0
451,1,0.0
452,10,0.0
453,1,1.0
454,1,0.0
455,1,1.0
456,2,1.0
457,7,1.0
458,6,0.0
459,3,1.0
460,3,0.0
461,1,1.0
462,2,0.0
463,1,0.0
464,5,0.0
465,1,0.0
466,7,1.0
467,4,1.0
468,5,1.0
469,12,1.0
470,2,0.0
471,3,1.0
472,8,1.0
473,1,1.0
474,2,1.0
475,4,0.0
476,1,0.0
477,1,0.0
478,10,0.0
479,3,1.0
480,1,1.0
481,2,0.0
482,6,1.0
483,7,0.0
484,1,0.0
485,1,1.0
486,2,1.0
487,2,1.0
488,3,0.0
489,1,1.0
490,10,0.0
491,10,1.0
492,11,0.0
493,6,0.0
494,8,1.0
495,6,0.0
496,1,0.0
497,3,0.0
498,6,1.0
499,1,0.0
500,8,1.0
501,3,0.0
502,37,1.0
503,5,0.0
504,1,0.0
505,1,0.0
506,5,1.0
507,3,0.0
508,2,0.0
509,2,1.0
510,6,0.0
511,2,1.0
512,4,1.0
513,5,1.0
514,1,0.0
515,2,1.0
516,8,1.0
517,4,0.0
518,1,0.0
519,3,0.0
520,1,0.0
521,1,1.0
522,2,0.0
523,2,0.0
524,3,0.0
525,3,0.0
526,1,1.0
527,3,1.0
528,2,1.0
529,41,0.0
530,3,0.0
531,57,0.0
532,1,0.0
533,4,1.0
534,1,1.0
535,1,0.0
536,39,0.0
537,4,1.0
538,2,0.0
539,47,0.0
540,2,0.0
541,1,0.0
542,1,0.0
543,7,1.0
544,1,1.0
545,2,0.0
546,1,0.0
547,6,0.0
548,2,0.0
549,6,1.0
550,2,0.0
551,3,1.0
552,1,1.0
553,2,1.0
554,1,0.0
555,3,1.0
556,4,1.0
557,1,0.0
558,3,0.0
559,4,1.0
560,1,0.0
561,8,0.0
562,3,1.0
563,1,1.0
564,1,0.0
565,1,1.0
566,49,1.0
567,4,1.0
568,11,0.0
569,5,1.0
570,4,1.0
571,8,1.0
572,3,1.0
573,4,1.0
574,11,0.0
575,5,1.0
576,7,0.0
577,13,0.0
578,2,1.0
579,1,0.0
580,3,0.0
581,1,1.0
582,1,1.0
583,2,0.0
584,4,1.0
585,6,1.0
586,13,0.0
587,1,0.0
588,2,1.0
589,6,0.0
590,6,0.0
591,3,0.0
592,10,1.0
593,5,0.0
594,5,1.0
595,13,0.0
596,1,1.0
597,2,0.0
598,4,0.0
599,5,1.0
600,1,0.0
601,56,0.0
602,12,0.0
603,3,1.0
604,1,0.0
605,1,0.0
606,5,0.0
607,7,0.0
608,4,0.0
609,4,1.0
610,1,1.0
611,2,1.0
612,5,0.0
613,3,0.0
614,3,1.0
615,1,0.0
616,1,0.0
617,51,0.0
618,1,1.0
619,5,0.0
620,13,1.0
621,4,1.0
622,7,1.0
623,1,1.0
624,10,1.0
625,1,1.0
626,7,0.0
627,1,0.0
628,2,1.0
629,2,1.0
630,43,0.0
631,3,1.0
632,1,1.0
633,48,0.0
634,2,0.0
635,1,0.0
636,5,0.0
637,2,1.0
638,2,1.0
639,3,0.0
640,49,0.0
641,3,1.0
642,1,1.0
643,1,1.0
644,16,1.0
645,1,1.0
646,25,1.0
647,4,1.0
648,5,1.0
649,5,1.0
650,5,1.0
651,13,0.0
652,1,1.0
653,5,1.0
654,7,1.0
655,2,0.0
656,4,1.0
657,34,0.0
658,3,1.0
659,9,0.0
660,1,0.0
661,1,0.0
662,15,0.0
663,1,0.0
664,4,1.0
665,2,0.0
666,5,0.0
667,3,1.0
668,4,1.0
669,7,1.0
670,5,0.0
671,1,1.0
672,8,0.0
673,12,1.0
674,8,1.0
675,8,0.0
676,2,1.0
677,3,1.0
678,6,0.0
679,8,1.0
680,3,1.0
681,4,1.0
682,7,1.0
683,5,1.0
684,6,1.0
685,3,1.0
686,2,0.0
687,4,1.0
688,3,0.0
689,8,0.0
690,1,0.0
691,6,1.0
692,5,1.0
693,1,1.0
694,7,1.0
695,8,1.0
696,3,1.0
697,30,0.0
698,2,0.0
699,2,0.0
700,1,0.0
701,4,0.0
702,14,0.0
703,19,0.0
704,6,1.0
705,12,0.0
706,1,1.0
707,3,1.0
708,16,1.0
709,6,0.0
710,3,1.0
711,2,1.0
712,3,1.0
713,6,1.0
714,3,0.0
715,5,0.0
716,1,0.0
717,2,0.0
718,1,0.0
719,4,1.0
720,1,0.0
721,9,0.0
722,1,0.0
723,2,0.0
724,1,1.0
725,1,1.0
726,1,0.0
727,2,0.0
728,21,1.0
729,1,0.0
730,2,1.0
731,18,0.0
732,3,0.0
733,2,1.0
734,4,1.0
735,8,1.0
736,1,1.0
737,45,0.0
738,2,0.0
739,10,1.0
740,3,0.0
741,2,0.0
742,21,0.0
743,3,1.0
744,3,0.0
745,1,0.0
746,2,0.0
747,3,1.0
748,5,1.0
749,5,1.0
750,4,1.0
751,10,0.0
752,3,0.0
753,4,1.0
754,2,0.0
755,1,1.0
756,1,1.0
757,20,0.0
758,3,0.0
759,8,1.0
760,4,1.0
761,5,1.0
762,14,1.0
763,18,0.0
764,19,0.0
765,3,0.0
766,9,0.0
767,43,0.0
768,3,0.0
769,4,1.0
770,1,0.0
771,1,1.0
772,2,0.0
773,3,1.0
774,2,0.0
775,3,1.0
776,5,0.0
777,3,1.0
778,14,0.0
779,6,0.0
780,15,1.0
781,3,0.0
782,6,1.0
783,5,0.0
784,1,0.0
785,5,0.0
786,3,1.0
787,2,1.0
788,16,0.0
789,5,1.0
790,7,1.0
791,1,0.0
792,5,1.0
793,7,0.0
794,52,0.0
795,6,1.0
796,2,0.0
797,16,0.0
798,2,0.0
799,1,0.0
800,2,0.0
801,2,0.0
802,2,0.0
803,5,1.0
804,5,1.0
805,4,1.0
806,2,1.0
807,3,1.0
808,4,1.0
809,5,1.0
810,9,1.0
811,3,1.0
812,5,1.0
813,1,1.0
814,1,0.0
815,38,0.0
816,1,1.0
817,5,1.0
818,6,1.0
819,2,0.0
820,1,1.0
821,8,1.0
822,3,0.0
823,3,0.0
824,6,1.0
825,48,0.0
826,5,1.0
827,5,0.0
828,20,1.0
829,10,0.0
830,5,1.0
831,1,0.0
832,13,1.0
833,4,1.0
834,9,1.0
835,3,0.0
836,6,0.0
837,3,1.0
838,5,1.0
839,2,1.0
840,6,1.0
841,1,0.0
842,7,1.0
843,3,0.0
844,5,0.0
845,3,1.0
846,2,1.0
847,5,1.0
848,9,1.0
849,6,1.0
850,3,1.0
851,2,0.0
852,5,0.0
853,1,0.0
854,12,0.0
855,2,0.0
856,2,0.0
857,4,0.0
858,5,0.0
859,1,1.0
860,4,1.0
861,1,1.0
862,1,0.0
863,4,1.0
864,2,1.0
865,5,0.0
866,8,0.0
867,30,0.0
868,8,1.0
869,2,1.0
870,8,0.0
871,10,0.0
872,3,1.0
873,5,1.0
874,5,1.0
875,2,1.0
876,11,1.0
877,1,0.0
878,3,1.0
879,7,0.0
880,1,1.0
881,1,0.0
882,1,1.0
883,3,1.0
884,2,0.0
885,1,1.0
886,9,1.0
887,2,0.0
888,2,1.0
889,10,1.0
890,1,0.0
891,2,1.0
892,2,1.0
893,2,1.0
894,7,0.0
895,1,0.0
896,1,0.0
897,17,0.0
898,3,0.0
899,56,0.0
900,1,0.0
901,2,0.0
902,10,0.0
903,4,0.0
904,3,1.0
905,9,1.0
906,51,0.0
907,7,1.0
908,1,0.0
909,2,0.0
910,5,0.0
911,7,1.0
912,1,1.0
913,2,1.0
914,1,1.0
915,1,0.0
916,10,1.0
917,3,1.0
918,28,0.0
919,3,1.0
920,6,1.0
921,1,0.0
922,1,1.0
923,3,0.0
924,7,0.0
925,5,0.0
926,9,0.0
927,1,1.0
928,42,1.0
929,3,1.0
930,2,1.0
931,1,0.0
932,1,1.0
933,6,1.0
934,1,1.0
935,2,0.0
936,1,1.0
937,5,0.0
938,4,1.0
939,1,1.0
940,25,0.0
941,3,1.0
942,2,0.0
943,8,0.0
944,13,0.0
945,1,0.0
946,1,0.0
947,21,0.0
948,1,0.0
949,2,0.0
950,10,0.0
951,4,1.0
952,1,1.0
953,3,1.0
954,6,1.0
955,1,0.0
956,2,1.0
957,3,1.0
958,1,0.0
959,2,0.0
960,5,1.0
961,5,1.0
962,3,0.0
963,9,1.0
964,56,1.0
965,4,0.0
966,3,0.0
967,4,1.0
968,29,0.0
969,5,0.0
970,1,0.0
971,1,0.0
972,3,0.0
973,1,0.0
974,2,1.0
975,5,0.0
976,6,0.0
977,5,1.0
978,5,1.0
979,49,0.0
980,4,1.0
981,4,1.0
982,4,1.0
983,11,1.0
984,8,0.0
985,4,1.0
986,6,1.0
987,11,1.0
988,1,0.0
989,1,1.0
990,1,0.0
991,3,1.0
992,6,1.0
993,7,1.0
994,5,1.0
995,1,0.0
996,6,0.0
997,6,0.0
998,1,0.0
999,3,1.0
1000,2,1.0
1001,7,1.0
1002,4,1.0
1003,2,1.0
1004,1,1.0
1005,6,1.0
1006,22,0.0
1007,5,0.0
1008,3,0.0
1009,4,1.0
1010,10,0.0
1011,3,1.0
1012,1,1.0
1013,5,1.0
1014,2,1.0
1015,5,0.0
1016,10,1.0
1017,6,1.0
1018,8,1.0
1019,3,1.0
1020,3,0.0
1021,4,1.0
1022,51,0.0
1023,4,1.0
1024,1,1.0
1025,6,0.0
1026,5,0.0
1027,2,1.0
1028,1,0.0
1029,7,1.0
1030,3,1.0
1031,52,1.0
1032,2,1.0
1033,2,1.0
1034,7,0.0
1035,6,1.0
1036,43,0.0
1037,1,1.0
1038,7,0.0
1039,3,1.0
1040,4,0.0
1041,4,0.0
1042,8,1.0
1043,2,0.0
1044,13,0.0
1045,2,0.0
1046,8,1.0
1047,2,1.0
1048,3,1.0
1049,3,0.0
1050,1,0.0
1051,3,1.0
1052,5,0.0
1053,7,1.0
1054,41,0.0
1055,14,1.0
1056,1,0.0
1057,1,1.0
1058,2,1.0
1059,2,0.0
1060,6,1.0
1061,9,0.0
1062,51,0.0
1063,3,1.0
1064,1,0.0
1065,4,1.0
1066,3,0.0
1067,19,0.0
1068,1,0.0
1069,1,0.0
1070,3,0.0
1071,2,1.0
1072,5,1.0
1073,5,1.0
1074,1,1.0
1075,4,1.0
1076,5,1.0
1077,6,0.0
1078,8,0.0
1079,4,1.0
1080,50,0.0
1081,14,1.0
1082,4,1.0
1083,2,1.0
1084,1,0.0
1085,12,0.0
1086,1,0.0
1087,5,1.0
1088,2,1.0
1089,2,0.0
1090,1,0.0
1091,9,1.0
1092,1,0.0
1093,3,0.0
1094,2,0.0
1095,17,0.0
1096,7,1.0
1097,1,1.0
1098,2,0.0
1099,7,1.0
1100,2,1.0
1101,2,0.0
1102,1,1.0
1103,42,0.0
1104,9,0.0
1105,1,0.0
1106,1,0.0
1107,1,0.0
1108,5,1.0
1109,8,1.0
1110,1,0.0
1111,3,1.0
1112,2,0.0
1113,2,1.0
1114,2,1.0
1115,8,0.0
1116,2,0.0
1117,3,0.0
1118,20,0.0
1119,4,1.0
1120,3,0.0
1121,6,1.0
1122,4,1.0
1123,5,1.0
1124,3,1.0
1125,3,1.0
1126,1,0.0
1127,7,1.0
1128,1,1.0
1129,3,1.0
1130,2,0.0
1131,2,0.0
1132,7,0.0
1133,1,1.0
1134,6,0.0
1135,1,0.0
1136,1,0.0
1137,8,1.0
1138,17,1.0
1139,4,1.0
1140,1,1.0
1141,3,0.0
1142,2,1.0
1143,1,1.0
1144,4,0.0
1145,12,0.0
1146,1,1.0
1147,1,1.0
1148,1,0.0
1149,11,0.0
1150,1,0.0
1151,7,1.0
1152,18,1.0
1153,1,0.0
1154,5,1.0
1155,27,0.0
1156,2,1.0
1157,25,1.0
1158,6,0.0
1159,3,0.0
1160,1,1.0
1161,1,1.0
1162,1,0.0
1163,1,1.0
1164,8,0.0
1165,2,0.0
1166,7,1.0
1167,4,1.0
1168,6,0.0
1169,7,0.0
1170,1,1.0
1171,1,0.0
1172,12,0.0
1173,2,1.0
1174,3,1.0
1175,53,0.0
1176,1,1.0
1177,2,0.0
1178,1,1.0
1179,3,1.0
1180,11,1.0
1181,1,0.0
1182,8,0.0
1183,1,1.0
1184,7,1.0
1185,12,0.0
1186,2,0.0
1187,1,1.0
1188,4,1.0
1189,1,0.0
1190,1,1.0
1191,15,0.0
1192,12,0.0
1193,2,1.0
1194,1,0.0
1195,1,1.0
1196,3,0.0
1197,10,0.0
1198,2,1.0
1199,2,1.0
1200,52,1.0
1201,3,1.0
1202,2,1.0
1203,10,1.0
1204,4,1.0
1205,7,1.0
1206,1,0.0
1207,4,1.0
1208,12,0.0
1209,7,0.0
1210,22,0.0
1211,12,0.0
1212,10,1.0
1213,1,1.0
1214,5,0.0
1215,5,0.0
1216,8,1.0
1217,12,1.0
1218,1,0.0
1219,3,0.0
1220,4,1.0
1221,2,1.0
1222,4,1.0
1223,4,0.0
1224,44,1.0
1225,4,1.0
1226,4,0.0
1227,3,0.0
1228,9,0.0
1229,2,1.0
1230,1,0.0
1231,1,1.0
1232,3,0.0
1233,5,0.0
1234,2,1.0
1235,3,1.0
1236,10,0.0
1237,2,0.0
1238,10,0.0
1239,1,0.0
1240,1,0.0
1241,4,1.0
1242,7,0.0
1243,3,1.0
1244,13,1.0
1245,2,1.0
1246,10,0.0
1247,2,0.0
1248,1,0.0
1249,7,0.0
1250,9,0.0
1251,10,0.0
1252,2,0.0
1253,1,0.0
1254,7,0.0
1255,14,0.0
1256,5,0.0
1257,2,1.0
1258,51,0.0
1259,5,0.0
1260,9,0.0
1261,5,1.0
1262,3,1.0
1263,3,1.0
1264,3,0.0
1265,2,0.0
1266,5,0.0
1267,5,0.0
1268,3,1.0
1269,3,0.0
1270,9,1.0
1271,7,1.0
1272,8,0.0
1273,5,0.0
1274,10,1.0
1275,3,0.0
1276,1,1.0
1277,1,0.0
1278,5,1.0
1279,3,1.0
1280,3,1.0
1281,2,1.0
1282,3,0.0
1283,57,1.0
1284,6,1.0
1285,1,0.0
1286,4,1.0
1287,2,0.0
1288,5,0.0
1289,17,0.0
1290,12,0.0
1291,4,0.0
1292,8,0.0
1293,1,0.0
1294,1,0.0
1295,7,1.0
1296,9,1.0
1297,7,0.0
1298,2,1.0
1299,2,0.0
1300,2,1.0
1301,54,0.0
1302,6,1.0
1303,6,0.0
1304,1,1.0
1305,2,1.0
1306,3,1.0
1307,2,1.0
1308,4,1.0
1309,16,0.0
1310,3,0.0
1311,31,1.0
1312,8,0.0
1313,17,1.0
1314,4,0.0
1315,1,0.0
1316,2,1.0
1317,6,0.0
1318,5,0.0
1319,9,0.0
1320,2,0.0
1321,6,0.0
1322,1,0.0
1323,8,1.0
1324,4,1.0
1325,4,1.0
1326,2,0.0
1327,2,0.0
1328,2,1.0
1329,2,0.0
1330,3,1.0
1331,59,0.0
1332,2,0.0
1333,1,1.0
1334,3,1.0
1335,4,1.0
1336,9,0.0
1337,2,0.0
1338,1,0.0
1339,5,1.0
1340,13,0.0
1341,4,1.0
1342,13,1.0
1343,7,1.0
1344,1,0.0
1345,2,1.0
1346,5,0.0
1347,9,1.0
1348,2,0.0
1349,2,0.0
1350,3,1.0
1351,3,1.0
1352,1,0.0
1353,3,0.0
1354,2,0.0
1355,3,0.0
1356,1,0.0
1357,13,1.0
1358,4,1.0
1359,5,0.0
1360,4,1.0
1361,3,1.0
1362,15,0.0
1363,3,1.0
1364,4,1.0
1365,3,0.0
1366,4,1.0
1367,14,1.0
1368,22,1.0
1369,21,1.0
1370,4,0.0
1371,1,1.0
1372,9,0.0
1373,1,0.0
1374,8,0.0
1375,1,1.0
1376,1,1.0
1377,16,0.0
1378,7,0.0
1379,2,1.0
1380,2,0.0
1381,2,0.0
1382,1,0.0
1383,1,1.0
1384,9,0.0
1385,1,0.0
1386,3,0.0
1387,5,1.0
1388,3,1.0
1389,2,1.0
1390,3,0.0
1391,2,0.0
1392,11,0.0
1393,5,1.0
1394,6,1.0
1395,7,1.0
1396,1,1.0
1397,3,0.0
1398,4,0.0
1399,7,0.0
1400,15,0.0
1401,1,0.0
1402,23,0.0
1403,1,0.0
1404,1,0.0
1405,1,1.0
1406,2,1.0
1407,6,1.0
1408,1,0.0
1409,3,0.0
1410,4,0.0
1411,10,1.0
1412,1,0.0
1413,4,1.0
1414,5,1.0
1415,7,1.0
1416,4,1.0
1417,6,1.0
1418,6,0.0
1419,3,1.0
1420,6,0.0
1421,7,1.0
1422,3,1.0
1423,1,1.0
1424,55,1.0
1425,2,1.0
1426,2,0.0
1427,11,0.0
1428,6,1.0
1429,1,0.0
1430,1,1.0
1431,3,1.0
1432,6,0.0
1433,7,1.0
1434,4,1.0
1435,1,0.0
1436,2,1.0
1437,2,0.0
1438,4,1.0
1439,2,0.0
1440,13,0.0
1441,60,1.0
1442,1,1.0
1443,1,0.0
1444,3,1.0
1445,1,0.0
1446,1,0.0
1447,32,1.0
1448,3,0.0
1449,8,1.0
1450,9,0.0
1451,5,1.0
1452,8,0.0
1453,1,0.0
1454,4,1.0
1455,3,0.0
1456,7,1.0
1457,1,1.0
1458,8,0.0
1459,2,1.0
1460,5,0.0
1461,9,0.0
1462,3,0.0
1463,4,1.0
1464,17,1.0
1465,9,1.0
1466,4,1.0
1467,2,0.0
1468,22,0.0
1469,9,1.0
1470,36,1.0
1471,48,0.0
1472,6,1.0
1473,1,1.0
1474,4,1.0
1475,1,1.0
1476,2,1.0
1477,6,0.0
1478,10,0.0
1479,28,1.0
1480,6,0.0
1481,13,0.0
1482,7,0.0
1483,8,1.0
1484,3,0.0
1485,11,0.0
1486,4,1.0
1487,1,1.0
1488,2,0.0
1489,13,1.0
1490,4,1.0
1491,5,1.0
1492,2,1.0
1493,8,1.0
1494,5,1.0
1495,1,0.0
1496,4,1.0
1497,1,0.0
1498,1,1.0
1499,1,0.0
1500,1,0.0
1501,5,1.0
1502,49,0.0
1503,3,0.0
1504,1,1.0
1505,22,1.0
1506,8,0.0
1507,6,0.0
1508,10,1.0
1509,2,1.0
1510,1,1.0
1511,2,0.0
1512,60,0.0
1513,1,1.0
1514,5,0.0
1515,6,0.0
1516,2,0.0
1517,3,0.0
1518,5,1.0
1519,1,0.0
1520,14,0.0
1521,6,0.0
1522,19,0.0
1523,3,0.0
1524,2,0.0
1525,3,0.0
1526,14,0.0
1527,6,1.0
1528,13,1.0
1529,9,0.0
1530,8,0.0
1531,3,0.0
1532,2,0.0
1533,1,0.0
1534,9,1.0
1535,5,0.0
1536,2,1.0
1537,1,0.0
1538,6,1.0
1539,2,0.0
1540,15,0.0
1541,3,0.0
1542,6,1.0
1543,3,1.0
1544,7,1.0
1545,18,0.0
1546,2,1.0
1547,6,0.0
1548,17,1.0
1549,3,0.0
1550,2,0.0
1551,3,0.0
1552,1,0.0
1553,9,0.0
1554,2,0.0
1555,7,0.0
1556,5,0.0
1557,2,1.0
1558,10,0.0
1559,1,0.0
1560,3,1.0
1561,6,1.0
1562,6,1.0
1563,2,1.0
1564,4,1.0
1565,3,1.0
1566,9,1.0
1567,3,0.0
1568,5,1.0
1569,2,0.0
1570,2,1.0
1571,1,1.0
1572,4,0.0
1573,50,0.0
1574,7,0.0
1575,3,0.0
1576,3,1.0
1577,3,1.0
1578,2,1.0
1579,1,1.0
1580,3,1.0
1581,6,1.0
1582,4,1.0
1583,1,1.0
1584,12,0.0
1585,4,1.0
1586,1,1.0
1587,6,1.0
1588,1,1.0
1589,1,0.0
1590,2,0.0
1591,11,0.0
1592,5,0.0
1593,5,1.0
1594,4,1.0
1595,19,0.0
1596,9,1.0
1597,44,0.0
1598,2,1.0
1599,4,0.0
1600,3,0.0
1601,6,0.0
1602,5,1.0
1603,45,0.0
1604,1,1.0
1605,8,0.0
1606,2,1.0
1607,4,1.0
1608,1,1.0
1609,9,1.0
1610,3,1.0
1611,6,1.0
1612,9,0.0
1613,2,0.0
1614,8,1.0
1615,2,0.0
1616,3,1.0
1617,18,1.0
1618,47,0.0
1619,6,0.0
1620,4,1.0
1621,3,0.0
1622,5,1.0
1623,1,0.0
1624,1,0.0
1625,5,1.0
1626,3,1.0
1627,2,0.0
1628,10,0.0
1629,7,0.0
1630,8,0.0
1631,56,0.0
1632,2,0.0
1633,2,0.0
1634,9,1.0
1635,3,0.0
1636,8,1.0
1637,50,0.0
1638,1,1.0
1639,3,1.0
1640,7,1.0
1641,40,1.0
1642,4,1.0
1643,46,1.0
1644,7,0.0
1645,2,0.0
1646,9,0.0
1647,2,0.0
1648,8,0.0
1649,6,0.0
1650,1,0.0
1651,2,1.0
1652,15,1.0
1653,4,1.0
1654,3,0.0
1655,1,1.0
1656,24,0.0
1657,1,0.0
1658,7,0.0
1659,4,1.0
1660,8,1.0
1661,15,0.0
1662,6,0.0
1663,5,0.0
1664,2,1.0
1665,7,0.0
1666,2,1.0
1667,14,1.0
1668,7,1.0
1669,1,0.0
1670,12,0.0
1671,5,1.0
1672,1,0.0
1673,1,0.0
1674,15,0.0
1675,19,0.0
1676,1,0.0
1677,9,0.0
1678,6,0.0
1679,1,0.0
1680,1,1.0
1681,8,0.0
1682,5,1.0
1683,3,0.0
1684,8,0.0
1685,4,1.0
1686,16,1.0
1687,8,1.0
1688,17,0.0
1689,4,1.0
1690,4,1.0
1691,2,0.0
1692,8,0.0
1693,5,1.0
1694,16,1.0
1695,9,1.0
1696,3,0.0
1697,4,1.0
1698,2,0.0
1699,2,1.0
1700,4,1.0
1701,3,0.0
1702,9,1.0
1703,7,1.0
1704,2,1.0
1705,46,0.0
1706,1,1.0
1707,3,1.0
1708,5,0.0
1709,1,0.0
1710,3,0.0
1711,2,1.0
1712,8,0.0
1713,2,1.0
1714,3,1.0
1715,1,0.0
1716,4,1.0
1717,1,0.0
1718,1,0.0
1719,4,1.0
1720,2,1.0
1721,10,1.0
1722,3,0.0
1723,17,0.0
1724,6,0.0
1725,2,1.0
1726,3,0.0
1727,1,0.0
1728,11,1.0
1729,6,1.0
1730,5,1.0
1731,16,1.0
1732,3,1.0
1733,41,0.0
1734,2,0.0
1735,6,1.0
1736,8,1.0
1737,3,1.0
1738,1,0.0
1739,5,1.0
1740,5,1.0
1741,2,1.0
1742,7,0.0
1743,7,1.0
1744,8,1.0
1745,22,0.0
1746,7,1.0
1747,8,0.0
1748,1,0.0
1749,2,0.0
1750,9,0.0
1751,4,0.0
1752,3,0.0
1753,1,0.0
1754,2,0.0
1755,24,1.0
1756,1,0.0
1757,17,1.0
1758,1,0.0
1759,3,1.0
1760,2,0.0
1761,1,0.0
1762,46,0.0
1763,11,1.0
1764,1,1.0
1765,2,1.0
1766,5,1.0
1767,9,0.0
1768,1,0.0
1769,4,1.0
1770,5,1.0
1771,5,0.0
1772,7,1.0
1773,2,0.0
1774,2,1.0
1775,12,1.0
1776,1,0.0
1777,2,1.0
1778,22,0.0
1779,9,0.0
1780,1,0.0
1781,7,0.0
1782,4,1.0
1783,1,0.0
1784,1,0.0
1785,1,0.0
1786,40,1.0
1787,16,0.0
1788,7,1.0
1789,6,0.0
1790,9,0.0
1791,3,0.0
1792,3,1.0
1793,14,0.0
1794,28,1.0
1795,2,0.0
1796,1,0.0
1797,2,0.0
1798,1,1.0
1799,2,1.0
1800,1,0.0
1801,2,0.0
1802,1,1.0
1803,3,1.0
1804,48,0.0
1805,5,1.0
1806,1,1.0
1807,3,0.0
1808,4,1.0
1809,5,1.0
1810,3,0.0
1811,1,1.0
1812,4,0.0
1813,1,0.0
1814,6,1.0
1815,24,0.0
1816,2,0.0
1817,5,1.0
1818,3,1.0
1819,7,1.0
1820,2,1.0
1821,1,0.0
1822,4,1.0
1823,14,0.0
1824,6,1.0
1825,3,0.0
1826,2,0.0
1827,4,0.0
1828,1,1.0
1829,1,0.0
1830,1,1.0
1831,7,0.0
1832,1,0.0
1833,9,1.0
1834,3,1.0
1835,3,0.0
1836,4,1.0
1837,3,0.0
1838,1,0.0
1839,5,0.0
1840,3,0.0
1841,2,1.0
1842,11,1.0
1843,2,0.0
1844,5,1.0
1845,3,0.0
1846,12,0.0
1847,6,1.0
1848,13,1.0
1849,4,1.0
1850,2,1.0
1851,5,1.0
1852,12,1.0
1853,5,1.0
1854,3,0.0
1855,4,1.0
1856,1,1.0
1857,6,0.0
1858,2,0.0
1859,2,0.0
1860,2,1.0
1861,3,0.0
1862,1,0.0
1863,4,1.0
1864,15,0.0
1865,10,1.0
1866,2,0.0
1867,7,1.0
1868,6,1.0
1869,3,1.0
1870,19,0.0
1871,7,1.0
1872,2,0.0
1873,20,1.0
1874,6,0.0
1875,9,1.0
1876,19,0.0
1877,3,1.0
1878,12,0.0
1879,2,0.0
1880,1,1.0
1881,11,0.0
1882,4,0.0
1883,6,1.0
1884,4,1.0
1885,5,1.0
1886,1,1.0
1887,10,0.0
1888,6,1.0
1889,16,0.0
1890,1,1.0
1891,1,0.0
1892,4,1.0
1893,2,0.0
1894,2,0.0
1895,5,1.0
1896,15,1.0
1897,2,0.0
1898,8,0.0
1899,1,0.0
1900,1,0.0
1901,1,0.0
1902,47,0.0
1903,1,1.0
1904,8,0.0
1905,2,0.0
1906,2,1.0
1907,1,1.0
1908,2,1.0
1909,3,0.0
1910,4,1.0
1911,7,1.0
1912,1,1.0
1913,2,0.0
1914,5,0.0
1915,10,0.0
1916,1,1.0
1917,7,1.0
1918,1,1.0
1919,6,1.0
1920,5,1.0
1921,2,0.0
1922,37,0.0
1923,15,0.0
1924,3,1.0
1925,5,1.0
1926,3,1.0
1927,3,0.0
1928,3,1.0
1929,4,1.0
1930,3,1.0
1931,1,0.0
1932,21,0.0
1933,45,0.0
1934,2,0.0
1935,2,0.0
1936,3,1.0
1937,2,0.0
1938,7,1.0
1939,3,0.0
1940,7,0.0
1941,3,0.0
1942,6,0.0
1943,2,1.0
1944,1,1.0
1945,2,0.0
1946,10,0.0
1947,41,0.0
1948,7,1.0
1949,4,1.0
1950,5,0.0
1951,2,0.0
1952,8,0.0
1953,3,1.0
1954,1,1.0
1955,6,0.0
1956,3,0.0
1957,11,0.0
1958,9,0.0
1959,1,0.0
1960,15,1.0
1961,1,1.0
1962,1,0.0
1963,5,0.0
1964,1,1.0
1965,9,0.0
1966,1,0.0
1967,58,0.0
1968,3,1.0
1969,3,0.0
1970,1,0.0
1971,1,0.0
1972,4,1.0
1973,3,0.0
1974,7,1.0
1975,1,1.0
1976,2,0.0
1977,3,1.0
1978,2,0.0
1979,1,0.0
1980,2,1.0
1981,2,0.0
1982,3,0.0
1983,4,1.0
1984,7,1.0
1985,2,1.0
1986,4,1.0
1987,2,0.0
1988,3,0.0
1989,4,0.0
1990,4,1.0
1991,1,1.0
1992,3,1.0
1993,9,1.0
1994,2,1.0
1995,8,0.0
1996,6,1.0
1997,3,0.0
1998,11,0.0
1999,3,0.0
2000,7,0.0
2001,3,1.0
2002,6,1.0
2003,1,0.0
2004,12,1.0
2005,4,1.0
2006,4,0.0
2007,1,0.0
2008,7,1.0
2009,35,0.0
2010,5,0.0
2011,1,1.0
2012,2,1.0
2013,6,0.0
2014,4,0.0
2015,6,1.0
2016,6,1.0
2017,14,0.0
2018,2,1.0
2019,6,0.0
2020,2,0.0
2021,3,0.0
2022,4,0.0
2023,7,0.0
2024,36,0.0
2025,2,0.0
2026,14,0.0
2027,1,1.0
2028,12,1.0
2029,2,0.0
2030,9,1.0
2031,4,0.0
2032,4,1.0
2033,26,1.0
2034,4,0.0
2035,4,1.0
2036,6,0.0
2037,3,1.0
2038,1,0.0
2039,7,0.0
2040,3,0.0
2041,36,0.0
2042,2,0.0
2043,2,0.0
2044,7,1.0
2045,1,0.0
2046,5,1.0
2047,2,0.0
2048,10,1.0
2049,6,0.0
2050,4,1.0
2051,6,0.0
2052,3,1.0
2053,3,0.0
2054,4,1.0
2055,3,1.0
2056,7,1.0
2057,4,1.0
2058,4,1.0
2059,7,1.0
2060,4,1.0
2061,15,1.0
2062,2,0.0
2063,8,1.0
2064,10,0.0
2065,7,1.0
2066,5,0.0
2067,7,0.0
2068,1,0.0
2069,25,0.0
2070,5,0.0
2071,5,0.0
2072,12,0.0
2073,16,0.0
2074,1,1.0
2075,4,0.0
2076,7,1.0
2077,11,0.0
2078,1,1.0
2079,6,0.0
2080,8,1.0
2081,4,1.0
2082,3,0.0
2083,15,1.0
2084,1,1.0
2085,3,0.0
2086,8,1.0
2087,1,1.0
2088,4,0.0
2089,1,0.0
2090,3,0.0
2091,7,1.0
2092,3,0.0
2093,60,0.0
2094,1,1.0
2095,6,1.0
2096,2,1.0
2097,2,0.0
2098,5,0.0
2099,1,0.0
2100,5,1.0
2101,8,1.0
2102,1,1.0
2103,1,0.0
2104,2,0.0
2105,3,0.0
2106,6,0.0
2107,2,1.0
2108,5,1.0
2109,30,0.0
2110,2,0.0
2111,6,1.0
2112,7,0.0
2113,2,0.0
2114,49,0.0
2115,5,1.0
2116,1,0.0
2117,1,0.0
2118,3,1.0
2119,2,0.0
2120,3,1.0
2121,1,1.0
2122,54,1.0
2123,9,1.0
2124,3,1.0
2125,2,1.0
2126,1,0.0
2127,7,1.0
2128,2,1.0
2129,4,0.0
2130,6,1.0
2131,13,1.0
2132,3,1.0
2133,9,1.0
2134,2,0.0
2135,4,0.0
2136,3,1.0
2137,2,0.0
2138,2,1.0
2139,20,1.0
2140,3,1.0
2141,18,0.0
2142,5,0.0
2143,1,0.0
2144,1,0.0
2145,1,1.0
2146,54,0.0
2147,1,0.0
2148,1,1.0
2149,34,0.0
2150,11,0.0
2151,1,0.0
2152,1,0.0
2153,6,0.0
2154,2,0.0
2155,5,1.0
2156,4,1.0
2157,29,1.0
2158,8,0.0
2159,6,1.0
2160,29,0.0
2161,2,0.0
2162,10,0.0
2163,7,0.0
2164,1,0.0
2165,5,0.0
2166,1,0.0
2167,5,0.0
2168,2,0.0
2169,3,0.0
2170,11,0.0
2171,1,0.0
2172,1,1.0
2173,15,1.0
2174,5,1.0
2175,3,1.0
2176,2,1.0
2177,2,1.0
2178,2,0.0
2179,2,0.0
2180,2,0.0
2181,1,0.0
2182,1,1.0
2183,3,1.0
2184,2,1.0
2185,1,0.0
2186,13,0.0
2187,2,0.0
2188,5,1.0
2189,2,1.0
2190,1,1.0
2191,55,1.0
2192,6,1.0
2193,6,1.0
2194,11,1.0
2195,3,0.0
2196,5,1.0
2197,1,1.0
2198,51,0.0
2199,8,0.0
2200,2,0.0
2201,1,0.0
2202,4,1.0
2203,7,0.0
2204,7,0.0
2205,5,0.0
2206,2,1.0
2207,14,1.0
2208,8,1.0
2209,11,1.0
2210,6,0.0
2211,5,0.0
2212,2,0.0
2213,13,1.0
2214,4,1.0
2215,2,0.0
2216,7,0.0
2217,1,1.0
2218,3,0.0
2219,4,1.0
2220,3,1.0
2221,9,1.0
2222,2,1.0
2223,2,1.0
2224,22,1.0
2225,2,0.0
2226,5,0.0
2227,11,1.0
2228,3,0.0
2229,7,0.0
2230,11,0.0
2231,4,0.0
2232,3,1.0
2233,13,0.0
2234,4,1.0
2235,4,1.0
2236,19,0.0
2237,20,1.0
2238,4,1.0
2239,8,0.0
2240,2,1.0
2241,1,0.0
2242,13,1.0
2243,2,1.0
2244,4,1.0
2245,22,1.0
2246,7,1.0
2247,3,1.0
2248,2,0.0
2249,3,1.0
2250,3,0.0
2251,5,1.0
2252,7,1.0
2253,15,0.0
2254,1,0.0
2255,2,0.0
2256,4,1.0
2257,6,0.0
2258,5,0.0
2259,5,1.0
2260,9,0.0
2261,2,1.0
2262,8,1.0
2263,8,0.0
2264,2,0.0
2265,1,1.0
2266,8,1.0
2267,2,1.0
2268,15,0.0
2269,6,1.0
2270,11,1.0
2271,16,1.0
2272,4,1.0
2273,4,1.0
2274,9,0.0
2275,4,1.0
2276,2,0.0
2277,1,1.0
2278,1,0.0
2279,3,0.0
2280,1,1.0
2281,3,0.0
2282,2,1.0
2283,7,0.0
2284,8,0.0
2285,11,0.0
2286,36,0.0
2287,3,0.0
2288,2,1.0
2289,3,1.0
2290,3,0.0
2291,3,1.0
2292,2,1.0
2293,1,0.0
2294,2,0.0
2295,1,0.0
2296,1,1.0
2297,3,1.0
2298,5,0.0
2299,2,1.0
2300,1,1.0
2301,10,0.0
2302,7,1.0
2303,4,0.0
2304,6,0.0
2305,8,0.0
2306,1,1.0
2307,2,0.0
2308,3,1.0
2309,2,1.0
2310,4,1.0
2311,16,1.0
2312,3,0.0
2313,1,1.0
2314,1,0.0
2315,22,0.0
2316,4,0.0
2317,13,0.0
2318,1,0.0
2319,1,1.0
2320,1,0.0
2321,2,0.0
2322,5,1.0
2323,3,0.0
2324,2,1.0
2325,1,1.0
2326,2,1.0
2327,3,0.0
2328,2,0.0
2329,40,0.0
2330,3,0.0
2331,2,0.0
2332,3,0.0
2333,21,1.0
2334,5,0.0
2335,2,1.0
2336,1,0.0
2337,1,1.0
2338,1,0.0
2339,2,0.0
2340,3,1.0
2341,5,1.0
2342,1,1.0
2343,8,1.0
2344,2,0.0
2345,1,0.0
2346,2,0.0
2347,3,0.0
2348,10,1.0
2349,10,0.0
2350,2,0.0
2351,1,0.0
2352,2,1.0
2353,8,0.0
2354,2,1.0
2355,8,1.0
2356,6,1.0
2357,57,0.0
2358,1,1.0
2359,12,1.0
2360,3,0.0
2361,8,0.0
2362,3,1.0
2363,1,0.0
2364,11,0.0
2365,7,1.0
2366,9,1.0
2367,7,1.0
2368,5,1.0
2369,1,0.0
2370,4,0.0
2371,1,1.0
2372,6,1.0
2373,3,1.0
2374,11,0.0
2375,3,1.0
2376,1,1.0
2377,7,0.0
2378,54,1.0
2379,2,1.0
2380,9,0.0
2381,1,0.0
2382,2,0.0
2383,1,0.0
2384,3,1.0
2385,6,0.0
2386,1,0.0
2387,4,0.0
2388,1,0.0
2389,4,1.0
2390,2,0.0
2391,2,0.0
2392,7,1.0
2393,8,1.0
2394,1,0.0
2395,7,1.0
2396,32,0.0
2397,12,1.0
2398,4,0.0
2399,2,0.0
2400,6,0.0
2401,10,1.0
2402,4,0.0
2403,2,0.0
2404,9,1.0
2405,3,1.0
2406,43,0.0
2407,11,0.0
2408,4,0.0
2409,60,1.0
2410,52,0.0
2411,1,0.0
2412,13,0.0
2413,2,1.0
2414,3,1.0
2415,4,1.0
2416,3,1.0
2417,2,1.0
2418,36,1.0
2419,2,0.0
2420,8,0.0
2421,5,1.0
2422,3,1.0
2423,13,1.0
2424,2,1.0
2425,4,0.0
2426,13,0.0
2427,21,0.0
2428,1,0.0
2429,5,0.0
2430,1,1.0
2431,1,1.0
2432,8,0.0
2433,2,1.0
2434,1,0.0
2435,2,1.0
2436,2,1.0
2437,7,0.0
2438,3,1.0
2439,3,1.0
2440,5,1.0
2441,5,0.0
2442,2,1.0
2443,3,0.0
2444,5,1.0
2445,3,0.0
2446,8,1.0
2447,5,0.0
2448,2,0.0
2449,11,0.0
2450,6,0.0
2451,13,0.0
2452,1,0.0
2453,5,0.0
2454,3,0.0
2455,4,1.0
2456,1,1.0
2457,42,0.0
2458,3,0.0
2459,3,1.0
2460,1,0.0
2461,6,0.0
2462,4,1.0
2463,8,1.0
2464,1,0.0
2465,2,0.0
2466,7,1.0
2467,2,1.0
2468,4,1.0
2469,6,0.0
2470,1,1.0
2471,13,1.0
2472,2,1.0
2473,11,0.0
2474,4,0.0
2475,9,1.0
2476,1,1.0
2477,1,0.0
2478,1,1.0
2479,16,1.0
2480,9,0.0
2481,2,0.0
2482,11,1.0
2483,8,0.0
2484,24,1.0
2485,3,1.0
2486,3,1.0
2487,5,0.0
2488,5,1.0
2489,4,1.0
2490,18,1.0
2491,43,0.0
2492,6,1.0
2493,7,0.0
2494,1,1.0
2495,1,0.0
2496,1,0.0
2497,1,1.0
2498,1,1.0
2499,7,0.0
2500,1,0.0
2501,5,0.0
2502,5,0.0
2503,2,1.0
2504,3,1.0
2505,1,0.0
2506,2,0.0
2507,2,1.0
2508,5,0.0
2509,1,0.0
2510,2,1.0
2511,3,0.0
2512,5,0.0
2513,8,0.0
2514,4,1.0
2515,4,0.0
2516,16,0.0
2517,6,1.0
2518,4,1.0
2519,4,0.0
2520,1,1.0
2521,1,0.0
2522,13,0.0
2523,7,0.0
2524,3,0.0
2525,2,1.0
2526,8,1.0
2527,5,1.0
2528,1,0.0
2529,10,0.0
2530,1,0.0
2531,1,0.0
2532,17,0.0
2533,4,1.0
2534,9,0.0
2535,1,0.0
2536,1,0.0
2537,5,1.0
2538,7,0.0
2539,2,0.0
2540,1,0.0
2541,1,0.0
2542,8,1.0
2543,1,0.0
2544,4,1.0
2545,1,1.0
2546,3,0.0
2547,1,0.0
2548,2,0.0
2549,14,0.0
2550,1,0.0
2551,3,0.0
2552,3,0.0
2553,8,0.0
2554,25,0.0
2555,8,1.0
2556,1,1.0
2557,5,1.0
2558,1,1.0
2559,1,1.0
2560,2,0.0
2561,5,0.0
2562,3,0.0
2563,1,1.0
2564,1,1.0
2565,4,1.0
2566,8,1.0
2567,1,0.0
2568,15,1.0
2569,2,0.0
2570,1,1.0
2571,6,0.0
2572,2,0.0
2573,5,1.0
2574,18,0.0
2575,14,1.0
2576,3,0.0
2577,1,1.0
2578,5,1.0
2579,3,1.0
2580,18,0.0
2581,45,0.0
2582,8,1.0
2583,3,0.0
2584,4,1.0
2585,4,1.0
2586,5,1.0
2587,3,1.0
2588,8,1.0
2589,3,1.0
2590,1,1.0
2591,18,1.0
2592,6,1.0
2593,1,0.0
2594,6,1.0
2595,5,0.0
2596,36,0.0
2597,4,1.0
2598,5,0.0
2599,1,0.0
2600,1,1.0
2601,3,0.0
2602,16,1.0
2603,2,1.0
2604,10,0.0
2605,1,1.0
2606,10,0.0
2607,3,0.0
2608,1,0.0
2609,2,0.0
2610,1,0.0
2611,8,1.0
2612,17,0.0
2613,1,0.0
2614,1,0.0
2615,1,0.0
2616,4,0.0
2617,3,1.0
2618,3,1.0
2619,4,0.0
2620,6,1.0
2621,4,1.0
2622,2,0.0
2623,4,1.0
2624,7,1.0
2625,17,0.0
2626,2,1.0
2627,2,0.0
2628,2,0.0
2629,1,0.0
2630,11,0.0
2631,7,1.0
2632,9,0.0
2633,11,0.0
2634,5,1.0
2635,8,1.0
2636,5,1.0
2637,1,1.0
2638,2,0.0
2639,2,1.0
2640,4,0.0
2641,2,0.0
2642,5,0.0
2643,7,0.0
2644,60,0.0
2645,9,1.0
2646,4,1.0
2647,6,1.0
2648,14,0.0
2649,1,1.0
2650,3,1.0
2651,1,0.0
2652,3,1.0
2653,1,1.0
2654,3,1.0
2655,60,0.0
2656,13,1.0
2657,6,0.0
2658,3,1.0
2659,2,1.0
2660,11,0.0
2661,9,0.0
2662,1,0.0
2663,2,0.0
2664,1,0.0
2665,1,0.0
2666,2,0.0
2667,1,0.0
2668,1,1.0
2669,2,1.0
2670,4,1.0
2671,7,0.0
2672,2,1.0
2673,4,1.0
2674,41,0.0
2675,13,0.0
2676,2,1.0
2677,4,1.0
2678,9,1.0
2679,10,0.0
2680,3,0.0
2681,1,0.0
2682,2,0.0
2683,2,1.0
2684,11,0.0
2685,2,1.0
2686,4,1.0
2687,51,1.0
2688,2,0.0
2689,13,0.0
2690,3,1.0
2691,2,0.0
2692,1,0.0
2693,3,1.0
2694,9,0.0
2695,25,0.0
2696,5,0.0
2697,4,1.0
2698,2,0.0
2699,22,0.0
2700,6,1.0
2701,2,1.0
2702,2,0.0
2703,2,1.0
2704,10,1.0
2705,9,1.0
2706,59,1.0
2707,2,0.0
2708,1,0.0
2709,7,1.0
2710,1,1.0
2711,9,1.0
2712,5,1.0
2713,5,1.0
2714,5,1.0
2715,32,0.0
2716,1,1.0
2717,4,0.0
2718,2,0.0
2719,11,1.0
2720,51,0.0
2721,60,1.0
2722,3,0.0
2723,1,0.0
2724,1,0.0
2725,1,0.0
2726,3,1.0
2727,5,0.0
2728,3,0.0
2729,2,0.0
2730,7,0.0
2731,56,0.0
2732,7,0.0
2733,10,0.0
2734,1,0.0
2735,2,1.0
2736,6,1.0
2737,2,0.0
2738,1,0.0
2739,4,0.0
2740,12,0.0
2741,5,0.0
2742,5,0.0
2743,1,1.0
2744,1,0.0
2745,6,0.0
2746,2,1.0
2747,8,0.0
2748,3,0.0
2749,1,0.0
2750,2,0.0
2751,8,1.0
2752,3,0.0
2753,1,1.0
2754,2,1.0
2755,8,0.0
2756,1,0.0
2757,1,0.0
2758,1,0.0
2759,1,0.0
2760,3,0.0
2761,2,0.0
2762,14,0.0
2763,4,1.0
2764,9,1.0
2765,1,0.0
2766,2,0.0
2767,6,1.0
2768,4,1.0
2769,6,0.0
2770,1,1.0
2771,42,0.0
2772,1,1.0
2773,4,0.0
2774,3,1.0
2775,2,0.0
2776,2,0.0
2777,9,1.0
2778,7,1.0
2779,3,0.0
2780,2,0.0
2781,1,1.0
2782,5,1.0
2783,1,0.0
2784,1,0.0
2785,4,1.0
2786,6,0.0
2787,3,0.0
2788,1,1.0
2789,4,1.0
2790,5,1.0
2791,3,0.0
2792,1,0.0
2793,15,0.0
2794,7,0.0
2795,5,0.0
2796,3,1.0
2797,11,0.0
2798,3,1.0
2799,51,1.0
2800,2,1.0
2801,1,0.0
2802,2,1.0
2803,1,1.0
2804,2,0.0
2805,1,0.0
2806,5,0.0
2807,6,0.0
2808,1,0.0
2809,2,1.0
2810,10,1.0
2811,8,0.0
2812,1,1.0
2813,2,0.0
2814,5,1.0
2815,7,1.0
2816,35,0.0
2817,1,0.0
2818,1,0.0
2819,5,0.0
2820,1,0.0
2821,2,0.0
2822,10,0.0
2823,38,0.0
2824,3,1.0
2825,2,1.0
2826,1,0.0
2827,1,0.0
2828,1,0.0
2829,3,1.0
2830,4,1.0
2831,5,0.0
2832,7,0.0
2833,3,1.0
2834,6,0.0
2835,22,0.0
2836,2,1.0
2837,8,0.0
2838,16,0.0
2839,1,0.0
2840,2,1.0
2841,43,1.0
2842,2,0.0
2843,3,1.0
2844,1,0.0
2845,1,0.0
2846,2,1.0
2847,2,0.0
2848,1,1.0
2849,4,1.0
2850,5,0.0
2851,2,0.0
2852,1,1.0
2853,2,0.0
2854,2,0.0
2855,4,0.0
2856,6,0.0
2857,2,0.0
2858,1,0.0
2859,2,1.0
2860,1,1.0
2861,1,0.0
2862,5,0.0
2863,1,1.0
2864,8,0.0
2865,8,0.0
2866,1,1.0
2867,1,1.0
2868,1,0.0
2869,4,1.0
2870,40,0.0
2871,48,0.0
2872,9,0.0
2873,4,0.0
2874,1,1.0
2875,5,0.0
2876,4,1.0
2877,4,1.0
2878,13,0.0
2879,2,0.0
2880,4,0.0
2881,3,1.0
2882,3,0.0
2883,1,0.0
2884,8,1.0
2885,2,0.0
2886,2,0.0
2887,5,1.0
2888,3,1.0
2889,3,1.0
2890,2,1.0
2891,5,1.0
2892,1,1.0
2893,1,0.0
2894,8,1.0
2895,50,1.0
2896,4,1.0
2897,5,0.0
2898,1,1.0
2899,5,1.0
2900,6,1.0
2901,4,0.0
2902,24,0.0
2903,44,1.0
2904,1,0.0
2905,3,0.0
2906,1,1.0
2907,4,1.0
2908,2,0.0
2909,12,0.0
2910,2,0.0
2911,4,0.0
2912,1,0.0
2913,28,1.0
2914,1,1.0
2915,5,1.0
2916,2,1.0
2917,2,0.0
2918,8,0.0
2919,2,0.0
2920,1,1.0
2921,3,1.0
2922,1,0.0
2923,8,0.0
2924,2,0.0
2925,1,0.0
2926,9,0.0
2927,10,0.0
2928,5,1.0
2929,1,1.0
2930,7,1.0
2931,9,0.0
2932,8,0.0
2933,13,0.0
2934,12,1.0
2935,5,1.0
2936,1,1.0
2937,4,0.0
2938,6,1.0
2939,3,0.0
2940,5,0.0
2941,8,0.0
2942,2,1.0
2943,5,1.0
2944,1,1.0
2945,5,0.0
2946,2,0.0
2947,1,0.0
2948,2,0.0
2949,1,0.0
2950,2,0.0
2951,1,0.0
2952,6,0.0
2953,1,1.0
2954,5,0.0
2955,4,1.0
2956,2,0.0
2957,3,1.0
2958,17,0.0
2959,8,0.0
2960,2,1.0
2961,1,1.0
2962,1,0.0
2963,20,0.0
2964,1,1.0
2965,3,0.0
2966,9,0.0
2967,13,1.0
2968,2,0.0
2969,2,1.0
2970,2,1.0
2971,1,0.0
2972,1,0.0
2973,5,0.0
2974,2,1.0
2975,4,1.0
2976,1,1.0
2977,1,0.0
2978,2,0.0
2979,11,0.0
2980,1,0.0
2981,1,0.0
2982,1,0.0
2983,1,0.0
2984,1,0.0
2985,2,1.0
2986,2,0.0
2987,2,0.0
2988,3,0.0
2989,11,0.0
2990,5,0.0
2991,1,0.0
2992,1,0.0
2993,1,1.0
2994,1,1.0
2995,8,1.0
2996,23,0.0
2997,5,1.0
2998,1,0.0
2999,5,1.0
3000,1,0.0
3001,2,0.0
3002,8,0.0
3003,9,1.0
3004,7,1.0
3005,10,1.0
3006,1,0.0
3007,8,0.0
3008,5,0.0
3009,1,1.0
3010,51,0.0
3011,4,0.0
3012,1,0.0
3013,5,0.0
3014,11,0.0
3015,2,1.0
3016,2,0.0
3017,7,1.0
3018,3,0.0
3019,1,0.0
3020,2,0.0
3021,2,0.0
3022,1,1.0
3023,9,0.0
3024,12,1.0
3025,12,1.0
3026,2,0.0
3027,1,1.0
3028,4,1.0
3029,2,1.0
3030,6,1.0
3031,4,0.0
3032,6,0.0
3033,20,0.0
3034,2,0.0
3035,4,1.0
3036,10,0.0
3037,53,0.0
3038,4,1.0
3039,4,0.0
3040,1,0.0
3041,3,1.0
3042,4,1.0
3043,5,1.0
3044,23,0.0
3045,3,0.0
3046,5,0.0
3047,5,1.0
3048,8,0.0
3049,1,1.0
3050,1,0.0
3051,3,1.0
3052,12,1.0
3053,4,1.0
3054,4,1.0
3055,25,1.0
3056,2,1.0
3057,3,1.0
3058,4,1.0
3059,2,0.0
3060,4,1.0
3061,15,0.0
3062,4,1.0
3063,2,0.0
3064,1,1.0
3065,4,1.0
3066,6,0.0
3067,7,0.0
3068,6,1.0
3069,1,0.0
3070,25,0.0
3071,5,0.0
3072,6,1.0
3073,4,1.0
3074,2,1.0
3075,10,1.0
3076,1,1.0
3077,6,0.0
3078,1,0.0
3079,2,0.0
3080,1,0.0
3081,1,1.0
3082,11,1.0
3083,7,1.0
3084,2,0.0
3085,5,0.0
3086,2,1.0
3087,1,0.0
3088,2,0.0
3089,5,1.0
3090,4,1.0
3091,7,1.0
3092,12,0.0
3093,1,0.0
3094,4,0.0
3095,7,1.0
3096,11,1.0
3097,3,0.0
3098,1,1.0
3099,3,0.0
3100,2,1.0
3101,1,0.0
3102,1,0.0
3103,14,0.0
3104,20,0.0
3105,3,1.0
3106,8,1.0
3107,1,0.0
3108,2,1.0
3109,9,0.0
3110,7,1.0
3111,4,1.0
3112,1,1.0
3113,4,0.0
3114,2,1.0
3115,4,1.0
3116,2,0.0
3117,8,0.0
3118,7,0.0
3119,9,1.0
3120,27,0.0
3121,7,1.0
3122,5,1.0
3123,6,1.0
3124,7,1.0
3125,1,1.0
3126,2,0.0
3127,10,0.0
3128,35,0.0
3129,4,1.0
3130,46,0.0
3131,7,0.0
3132,42,1.0
3133,5,1.0
3134,5,1.0
3135,2,1.0
3136,11,0.0
3137,1,1.0
3138,1,0.0
3139,19,1.0
3140,7,0.0
3141,1,0.0
3142,4,1.0
3143,6,0.0
3144,2,1.0
3145,7,0.0
3146,3,1.0
3147,13,0.0
3148,3,0.0
3149,8,0.0
3150,11,1.0
3151,2,1.0
3152,9,1.0
3153,6,0.0
3154,1,1.0
3155,1,1.0
3156,7,0.0
3157,2,0.0
3158,3,0.0
3159,2,0.0
3160,3,0.0
3161,8,1.0
3162,41,1.0
3163,4,0.0
3164,18,0.0
3165,38,0.0
3166,5,1.0
3167,2,0.0
3168,1,0.0
3169,1,0.0
3170,4,0.0
3171,1,0.0
3172,19,1.0
3173,4,1.0
3174,1,0.0
3175,2,1.0
3176,3,1.0
3177,3,1.0
3178,11,1.0
3179,1,0.0
3180,2,1.0
3181,3,1.0
3182,55,0.0
3183,11,0.0
3184,11,0.0
3185,7,0.0
3186,1,0.0
3187,6,1.0
3188,5,1.0
3189,2,1.0
3190,5,1.0
3191,5,0.0
3192,11,0.0
3193,4,1.0
3194,2,0.0
3195,3,0.0
3196,11,1.0
3197,3,1.0
3198,1,1.0
3199,7,0.0
3200,1,0.0
3201,6,1.0
3202,4,0.0
3203,2,1.0
3204,1,0.0
3205,43,0.0
3206,1,1.0
3207,6,0.0
3208,5,0.0
3209,2,1.0
3210,6,1.0
3211,8,1.0
3212,1,0.0
3213,9,1.0
3214,3,1.0
3215,2,0.0
3216,3,1.0
3217,5,1.0
3218,4,1.0
3219,5,0.0
3220,1,0.0
3221,1,0.0
3222,17,1.0
3223,3,1.0
3224,4,0.0
3225,5,0.0
3226,7,1.0
3227,2,0.0
3228,2,1.0
3229,2,1.0
3230,5,1.0
3231,2,0.0
3232,2,0.0
3233,35,0.0
3234,11,0.0
3235,1,0.0
3236,4,1.0
3237,1,0.0
3238,4,1.0
3239,5,1.0
3240,1,0.0
3241,4,1.0
3242,2,1.0
3243,9,1.0
3244,8,1.0
3245,6,0.0
3246,2,0.0
3247,2,0.0
3248,4,1.0
3249,2,1.0
3250,6,0.0
3251,29,1.0
3252,49,0.0
3253,11,0.0
3254,5,1.0
3255,1,0.0
3256,4,1.0
3257,8,0.0
3258,2,1.0
3259,1,1.0
3260,2,1.0
3261,12,0.0
3262,5,0.0
3263,1,1.0
3264,7,0.0
3265,3,0.0
3266,2,0.0
3267,4,0.0
3268,2,0.0
3269,13,1.0
3270,11,1.0
3271,1,0.0
3272,3,1.0
3273,2,1.0
3274,3,0.0
3275,7,0.0
3276,4,1.0
3277,3,0.0
3278,2,0.0
3279,1,0.0
3280,1,1.0
3281,3,1.0
3282,6,1.0
3283,5,1.0
3284,55,0.0
3285,1,0.0
3286,2,0.0
3287,59,1.0
3288,1,1.0
3289,3,1.0
3290,3,0.0
3291,3,0.0
3292,15,1.0
3293,1,1.0
3294,2,1.0
3295,4,0.0
3296,1,0.0
3297,5,0.0
3298,3,1.0
3299,8,1.0
3300,2,0.0
3301,1,1.0
3302,2,0.0
3303,2,1.0
3304,10,0.0
3305,3,1.0
3306,29,1.0
3307,13,1.0
3308,14,1.0
3309,7,1.0
3310,46,0.0
3311,6,1.0
3312,43,1.0
3313,6,1.0
3314,33,0.0
3315,3,1.0
3316,11,1.0
3317,7,0.0
3318,1,1.0
3319,13,1.0
3320,32,0.0
3321,1,0.0
3322,5,1.0
3323,3,0.0
3324,1,0.0
3325,5,0.0
3326,5,0.0
3327,4,0.0
3328,5,1.0
3329,26,0.0
3330,2,0.0
3331,10,0.0
3332,2,1.0
3333,2,1.0
3334,3,1.0
3335,1,0.0
3336,1,1.0
3337,19,1.0
3338,1,0.0
3339,1,1.0
3340,8,0.0
3341,2,1.0
3342,23,0.0
3343,2,1.0
3344,55,0.0
3345,8,1.0
3346,2,0.0
3347,1,1.0
3348,1,0.0
3349,3,1.0
3350,1,0.0
3351,2,1.0
3352,5,0.0
3353,3,0.0
3354,4,0.0
3355,8,0.0
3356,2,1.0
3357,10,0.0
3358,3,1.0
3359,9,0.0
3360,8,0.0
3361,3,0.0
3362,2,1.0
3363,4,1.0
3364,5,1.0
3365,1,0.0
3366,3,0.0
3367,1,1.0
3368,13,0.0
3369,2,0.0
3370,3,0.0
3371,15,0.0
3372,1,0.0
3373,58,0.0
3374,13,1.0
3375,5,0.0
3376,36,1.0
3377,47,0.0
3378,13,0.0
3379,4,1.0
3380,4,1.0
3381,1,0.0
3382,3,0.0
3383,4,0.0
3384,3,1.0
3385,1,1.0
3386,3,0.0
3387,6,1.0
3388,5,0.0
3389,4,0.0
3390,2,1.0
3391,2,0.0
3392,3,0.0
3393,21,0.0
3394,1,1.0
3395,1,0.0
3396,10,1.0
3397,1,0.0
3398,8,1.0
3399,6,0.0
3400,15,1.0
3401,2,1.0
3402,37,0.0
3403,6,1.0
3404,2,0.0
3405,2,0.0
3406,34,0.0
3407,19,1.0
3408,4,1.0
3409,1,1.0
3410,3,1.0
3411,1,0.0
3412,35,0.0
3413,3,0.0
3414,3,1.0
3415,5,1.0
3416,9,0.0
3417,19,0.0
3418,37,1.0
3419,1,0.0
3420,1,0.0
3421,40,0.0
3422,29,1.0
3423,6,1.0
3424,7,1.0
3425,4,0.0
3426,9,1.0
3427,1,0.0
3428,15,1.0
3429,1,1.0
3430,8,0.0
3431,1,1.0
3432,12,0.0
3433,4,0.0
3434,17,0.0
3435,50,0.0
3436,3,0.0
3437,2,0.0
3438,2,1.0
3439,20,0.0
3440,1,0.0
3441,10,1.0
3442,3,1.0
3443,2,1.0
3444,2,0.0
3445,2,0.0
3446,4,1.0
3447,44,0.0
3448,4,1.0
3449,1,1.0
3450,3,1.0
3451,5,1.0
3452,1,0.0
3453,7,1.0
3454,10,0.0
3455,2,1.0
3456,4,0.0
3457,4,0.0
3458,10,1.0
3459,4,1.0
3460,7,1.0
3461,1,1.0
3462,1,0.0
3463,46,0.0
3464,2,1.0
3465,7,0.0
3466,2,1.0
3467,13,0.0
3468,5,1.0
3469,1,0.0
3470,2,0.0
3471,2,0.0
3472,6,1.0
3473,1,0.0
3474,2,1.0
3475,3,0.0
3476,9,0.0
3477,8,1.0
3478,3,0.0
3479,2,0.0
3480,3,0.0
3481,4,1.0
3482,12,1.0
3483,1,0.0
3484,6,1.0
3485,6,1.0
3486,3,0.0
3487,3,0.0
3488,6,0.0
3489,2,1.0
3490,38,0.0
3491,4,1.0
3492,4,0.0
3493,1,0.0
3494,1,0.0
3495,6,0.0
3496,5,1.0
3497,3,0.0
3498,8,0.0
3499,1,0.0
3500,7,1.0
3501,2,0.0
3502,10,0.0
3503,1,0.0
3504,15,0.0
3505,8,1.0
3506,2,0.0
3507,2,1.0
3508,56,0.0
3509,6,0.0
3510,2,0.0
3511,2,0.0
3512,2,0.0
3513,9,1.0
3514,4,1.0
3515,30,1.0
3516,2,0.0
3517,3,0.0
3518,1,0.0
3519,3,1.0
3520,3,0.0
3521,12,0.0
3522,2,1.0
3523,2,1.0
3524,10,1.0
3525,15,0.0
3526,11,1.0
3527,5,0.0
3528,2,0.0
3529,1,0.0
3530,4,1.0
3531,2,0.0
3532,3,0.0
3533,5,1.0
3534,47,1.0
3535,4,1.0
3536,3,0.0
3537,53,1.0
3538,9,0.0
3539,6,0.0
3540,4,1.0
3541,4,0.0
3542,4,1.0
3543,3,1.0
3544,3,0.0
3545,1,0.0
3546,1,0.0
3547,7,1.0
3548,4,0.0
3549,12,1.0
3550,4,1.0
3551,7,1.0
3552,6,0.0
3553,8,1.0
3554,7,0.0
3555,15,1.0
3556,5,0.0
3557,1,0.0
3558,2,0.0
3559,3,1.0
3560,10,0.0
3561,2,0.0
3562,1,0.0
3563,5,1.0
3564,15,1.0
3565,1,1.0
3566,2,0.0
3567,4,1.0
3568,2,0.0
3569,23,0.0
3570,1,0.0
3571,5,1.0
3572,10,1.0
3573,55,0.0
3574,2,0.0
3575,10,0.0
3576,2,1.0
3577,3,1.0
3578,1,1.0
3579,3,0.0
3580,3,1.0
3581,25,1.0
3582,5,0.0
3583,2,0.0
3584,6,0.0
3585,11,0.0
3586,1,1.0
3587,2,0.0
3588,5,0.0
3589,7,1.0
3590,22,0.0
3591,8,0.0
3592,7,0.0
3593,4,1.0
3594,48,0.0
3595,7,0.0
3596,4,1.0
3597,1,0.0
3598,10,1.0
3599,1,1.0
3600,4,1.0
3601,5,1.0
3602,3,1.0
3603,2,0.0
3604,1,1.0
3605,1,1.0
3606,9,1.0
3607,15,0.0
3608,1,1.0
3609,2,1.0
3610,2,0.0
3611,5,1.0
3612,5,1.0
3613,2,1.0
3614,34,0.0
3615,15,1.0
3616,11,0.0
3617,1,1.0
3618,5,1.0
3619,4,1.0
3620,9,0.0
3621,1,0.0
3622,9,0.0
3623,3,1.0
3624,1,0.0
3625,5,0.0
3626,12,0.0
3627,1,0.0
3628,6,0.0
3629,6,0.0
3630,2,1.0
3631,39,1.0
3632,16,1.0
3633,4,1.0
3634,6,0.0
3635,8,1.0
3636,1,0.0
3637,11,1.0
3638,2,0.0
3639,1,1.0
3640,11,1.0
3641,1,1.0
3642,1,1.0
3643,53,0.0
3644,7,0.0
3645,5,0.0
3646,48,1.0
3647,3,0.0
3648,9,0.0
3649,6,1.0
3650,43,0.0
3651,57,0.0
3652,12,0.0
3653,2,1.0
3654,5,1.0
3655,8,1.0
3656,41,0.0
3657,4,1.0
3658,9,0.0
3659,6,0.0
3660,8,1.0
3661,6,1.0
3662,12,1.0
3663,47,0.0
3664,6,0.0
3665,2,1.0
3666,1,1.0
3667,2,0.0
3668,5,1.0
3669,1,1.0
3670,14,0.0
3671,1,0.0
3672,11,1.0
3673,11,1.0
3674,4,1.0
3675,3,1.0
3676,3,1.0
3677,12,0.0
3678,3,0.0
3679,3,0.0
3680,4,1.0
3681,9,0.0
3682,8,1.0
3683,13,1.0
3684,1,0.0
3685,13,0.0
3686,9,1.0
3687,5,1.0
3688,3,0.0
3689,1,0.0
3690,1,1.0
3691,3,1.0
3692,4,1.0
3693,2,1.0
3694,5,1.0
3695,3,0.0
3696,6,0.0
3697,1,0.0
3698,1,0.0
3699,1,1.0
3700,1,0.0
3701,1,1.0
3702,5,1.0
3703,18,0.0
3704,2,0.0
3705,2,1.0
3706,38,1.0
3707,14,0.0
3708,3,0.0
3709,1,1.0
3710,6,1.0
3711,4,0.0
3712,12,0.0
3713,12,0.0
3714,3,0.0
3715,5,0.0
3716,10,0.0
3717,1,1.0
3718,1,0.0
3719,53,0.0
3720,1,0.0
3721,7,1.0
3722,3,0.0
3723,4,0.0
3724,3,0.0
3725,4,0.0
3726,8,0.0
3727,1,0.0
3728,3,1.0
3729,5,1.0
3730,9,1.0
3731,5,1.0
3732,9,1.0
3733,1,0.0
3734,11,1.0
3735,3,1.0
3736,3,1.0
3737,3,1.0
3738,3,0.0
3739,4,1.0
3740,8,0.0
3741,2,1.0
3742,3,1.0
3743,5,0.0
3744,38,1.0
3745,1,0.0
3746,7,1.0
3747,1,0.0
3748,8,1.0
3749,3,1.0
3750,4,1.0
3751,1,0.0
3752,9,1.0
3753,1,0.0
3754,4,1.0
3755,9,0.0
3756,7,0.0
3757,3,1.0
3758,4,1.0
3759,1,1.0
3760,2,1.0
3761,42,0.0
3762,7,0.0
3763,2,1.0
3764,1,0.0
3765,4,0.0
3766,3,1.0
3767,4,1.0
3768,1,1.0
3769,8,0.0
3770,2,1.0
3771,6,0.0
3772,13,0.0
3773,14,0.0
3774,6,1.0
3775,4,0.0
3776,3,1.0
3777,15,1.0
3778,1,1.0
3779,2,1.0
3780,3,1.0
3781,41,0.0
3782,7,1.0
3783,5,1.0
3784,6,1.0
3785,1,0.0
3786,5,1.0
3787,3,1.0
3788,2,0.0
3789,26,0.0
3790,58,0.0
3791,2,1.0
3792,1,0.0
3793,1,1.0
3794,13,1.0
3795,3,0.0
3796,14,0.0
3797,3,0.0
3798,3,0.0
3799,5,0.0
3800,1,0.0
3801,3,0.0
3802,4,1.0
3803,2,0.0
3804,5,0.0
3805,7,1.0
3806,4,1.0
3807,4,1.0
3808,4,1.0
3809,40,0.0
3810,2,0.0
3811,3,1.0
3812,2,1.0
3813,47,0.0
3814,1,0.0
3815,3,0.0
3816,5,0.0
3817,8,0.0
3818,14,0.0
3819,2,1.0
3820,4,1.0
3821,3,0.0
3822,3,1.0
3823,1,1.0
3824,1,0.0
3825,1,1.0
3826,4,1.0
3827,42,0.0
3828,18,1.0
3829,31,1.0
3830,1,0.0
3831,13,0.0
3832,2,1.0
3833,60,0.0
3834,10,1.0
3835,1,0.0
3836,1,1.0
3837,5,0.0
3838,4,0.0
3839,4,1.0
3840,4,0.0
3841,1,1.0
3842,3,0.0
3843,1,1.0
3844,3,1.0
3845,1,1.0
3846,2,1.0
3847,6,1.0
3848,4,0.0
3849,11,1.0
3850,5,0.0
3851,19,0.0
3852,3,1.0
3853,10,0.0
3854,2,1.0
3855,2,1.0
3856,4,1.0
3857,3,1.0
3858,8,1.0
3859,1,1.0
3860,22,0.0
3861,3,1.0
3862,2,0.0
3863,7,1.0
3864,3,0.0
3865,11,0.0
3866,1,1.0
3867,9,1.0
3868,7,0.0
3869,8,1.0
3870,2,1.0
3871,1,1.0
3872,3,1.0
3873,4,1.0
3874,31,0.0
3875,2,1.0
3876,11,0.0
3877,6,0.0
3878,2,1.0
3879,5,0.0
3880,4,1.0
3881,7,1.0
3882,4,1.0
3883,1,1.0
3884,2,1.0
3885,19,0.0
3886,10,1.0
3887,1,0.0
3888,7,0.0
3889,3,0.0
3890,1,0.0
3891,1,1.0
3892,54,0.0
3893,12,0.0
3894,58,1.0
3895,10,0.0
3896,4,1.0
3897,2,1.0
3898,43,1.0
3899,1,0.0
3900,1,1.0
3901,11,1.0
3902,5,1.0
3903,3,0.0
3904,2,0.0
3905,53,0.0
3906,5,1.0
3907,4,1.0
3908,4,1.0
3909,4,1.0
3910,1,1.0
3911,4,1.0
3912,1,1.0
3913,6,0.0
3914,4,1.0
3915,7,0.0
3916,14,1.0
3917,13,1.0
3918,2,0.0
3919,17,1.0
3920,2,1.0
3921,3,0.0
3922,3,1.0
3923,1,1.0
3924,3,1.0
3925,1,1.0
3926,9,1.0
3927,4,0.0
3928,1,0.0
3929,1,0.0
3930,2,1.0
3931,14,0.0
3932,4,1.0
3933,4,1.0
3934,6,1.0
3935,1,1.0
3936,1,0.0
3937,10,0.0
3938,4,0.0
3939,12,0.0
3940,2,1.0
3941,24,1.0
3942,9,1.0
3943,4,0.0
3944,3,0.0
3945,12,0.0
3946,3,1.0
3947,2,0.0
3948,6,1.0
3949,4,1.0
3950,4,1.0
3951,9,1.0
3952,1,0.0
3953,8,1.0
3954,9,0.0
3955,9,0.0
3956,2,0.0
3957,1,1.0
3958,5,1.0
3959,29,1.0
3960,4,1.0
3961,13,0.0
3962,3,0.0
3963,51,0.0
3964,1,1.0
3965,3,0.0
3966,4,1.0
3967,5,0.0
3968,3,0.0
3969,4,0.0
3970,7,1.0
3971,3,1.0
3972,2,0.0
3973,2,0.0
3974,22,1.0
3975,9,1.0
3976,2,1.0
3977,6,1.0
3978,2,1.0
3979,5,1.0
3980,3,0.0
3981,5,0.0
3982,2,1.0
3983,1,1.0
3984,1,0.0
3985,2,1.0
3986,6,0.0
3987,3,1.0
3988,4,0.0
3989,12,0.0
3990,11,1.0
3991,4,1.0
3992,1,1.0
3993,2,0.0
3994,2,1.0
3995,56,0.0
3996,1,0.0
3997,9,0.0
3998,18,0.0
3999,6,0.0
4000,16,1.0
4001,5,1.0
4002,2,1.0
4003,3,0.0
4004,1,1.0
4005,2,1.0
4006,3,0.0
4007,8,1.0
4008,2,1.0
4009,23,1.0
4010,2,1.0
4011,2,0.0
4012,3,0.0
4013,1,0.0
4014,5,1.0
4015,1,0.0
4016,11,1.0
4017,1,0.0
4018,1,0.0
4019,2,1.0
4020,1,1.0
4021,6,0.0
4022,2,1.0
4023,5,1.0
4024,1,0.0
4025,4,0.0
4026,2,1.0
4027,1,0.0
4028,4,1.0
4029,2,1.0
4030,1,1.0
4031,6,0.0
4032,5,0.0
4033,1,1.0
4034,1,0.0
4035,3,1.0
4036,9,0.0
4037,6,0.0
4038,2,1.0
4039,3,1.0
4040,5,1.0
4041,3,0.0
4042,11,0.0
4043,3,1.0
4044,1,1.0
4045,1,0.0
4046,6,0.0
4047,1,1.0
4048,1,1.0
4049,5,1.0
4050,10,1.0
4051,11,0.0
4052,5,1.0
4053,2,0.0
4054,6,0.0
4055,3,0.0
4056,3,1.0
4057,1,0.0
4058,1,1.0
4059,2,0.0
4060,1,0.0
4061,13,1.0
4062,1,0.0
4063,2,0.0
4064,1,1.0
4065,1,1.0
4066,2,0.0
4067,5,1.0
4068,2,0.0
4069,1,0.0
4070,22,0.0
4071,3,0.0
4072,5,1.0
4073,9,0.0
4074,10,1.0
4075,2,0.0
4076,3,1.0
4077,1,0.0
4078,2,0.0
4079,6,1.0
4080,3,1.0
4081,7,0.0
4082,2,1.0
4083,8,1.0
4084,1,0.0
4085,6,1.0
4086,3,0.0
4087,3,1.0
4088,5,1.0
4089,1,0.0
4090,10,0.0
4091,2,0.0
4092,4,1.0
4093,18,1.0
4094,1,1.0
4095,1,0.0
4096,2,0.0
4097,1,0.0
4098,3,1.0
4099,1,0.0
4100,4,1.0
4101,16,1.0
4102,11,0.0
4103,12,1.0
4104,7,1.0
4105,10,0.0
4106,9,1.0
4107,7,0.0
4108,5,1.0
4109,1,0.0
4110,4,1.0
4111,2,0.0
4112,1,0.0
4113,2,1.0
4114,4,1.0
4115,11,0.0
4116,9,1.0
4117,1,0.0
4118,47,0.0
4119,1,0.0
4120,2,1.0
4121,3,0.0
4122,46,0.0
4123,5,0.0
4124,3,1.0
4125,1,1.0
4126,1,0.0
4127,9,1.0
4128,3,0.0
4129,34,0.0
4130,5,1.0
4131,4,0.0
4132,1,1.0
4133,2,1.0
4134,1,0.0
4135,47,0.0
4136,2,1.0
4137,1,0.0
4138,16,1.0
4139,38,0.0
4140,8,0.0
4141,6,1.0
4142,2,0.0
4143,3,1.0
4144,30,1.0
4145,7,1.0
4146,4,1.0
4147,3,1.0
4148,13,0.0
4149,7,0.0
4150,2,1.0
4151,40,1.0
4152,3,1.0
4153,9,0.0
4154,35,0.0
4155,10,0.0
4156,1,0.0
4157,59,0.0
4158,3,0.0
4159,8,0.0
4160,1,1.0
4161,6,1.0
4162,25,0.0
4163,3,0.0
4164,44,1.0
4165,8,1.0
4166,6,0.0
4167,16,0.0
4168,1,1.0
4169,2,0.0
4170,14,0.0
4171,1,1.0
4172,3,1.0
4173,4,1.0
4174,7,1.0
4175,7,1.0
4176,1,1.0
4177,13,0.0
4178,1,0.0
4179,7,1.0
4180,3,1.0
4181,3,0.0
4182,1,1.0
4183,1,1.0
4184,10,1.0
4185,3,0.0
4186,2,0.0
4187,11,0.0
4188,6,1.0
4189,1,1.0
4190,2,1.0
4191,3,0.0
4192,1,1.0
4193,2,1.0
4194,12,0.0
4195,5,1.0
4196,2,1.0
4197,13,0.0
4198,2,0.0
4199,1,0.0
4200,3,1.0
4201,1,1.0
4202,3,0.0
4203,9,1.0
4204,1,1.0
4205,7,1.0
4206,8,1.0
4207,15,1.0
4208,7,0.0
4209,3,0.0
4210,5,1.0
4211,9,0.0
4212,2,0.0
4213,6,1.0
4214,2,1.0
4215,9,1.0
4216,3,1.0
4217,4,1.0
4218,3,1.0
4219,7,1.0
4220,6,1.0
4221,6,0.0
4222,2,1.0
4223,18,0.0
4224,2,1.0
4225,3,1.0
4226,1,1.0
4227,4,1.0
4228,1,1.0
4229,8,1.0
4230,7,1.0
4231,5,1.0
4232,2,0.0
4233,1,1.0
4234,4,1.0
4235,4,0.0
4236,7,0.0
4237,2,1.0
4238,31,1.0
4239,2,0.0
4240,1,1.0
4241,5,1.0
4242,1,1.0
4243,2,0.0
4244,1,1.0
4245,24,0.0
4246,1,0.0
4247,7,0.0
4248,12,1.0
4249,10,0.0
4250,5,1.0
4251,35,1.0
4252,2,1.0
4253,7,1.0
4254,1,0.0
4255,18,1.0
4256,7,1.0
4257,1,0.0
4258,16,0.0
4259,7,0.0
4260,1,0.0
4261,7,1.0
4262,2,0.0
4263,4,1.0
4264,8,0.0
4265,58,0.0
4266,1,1.0
4267,2,0.0
4268,4,1.0
4269,4,0.0
4270,31,1.0
4271,2,1.0
4272,3,0.0
4273,7,1.0
4274,38,0.0
4275,5,1.0
4276,3,0.0
4277,7,0.0
4278,3,0.0
4279,13,0.0
4280,10,1.0
4281,22,0.0
4282,5,0.0
4283,4,0.0
4284,7,1.0
4285,3,0.0
4286,1,1.0
4287,1,0.0
4288,4,0.0
4289,2,1.0
4290,2,1.0
4291,11,0.0
4292,1,0.0
4293,35,1.0
4294,2,1.0
4295,3,1.0
4296,5,0.0
4297,4,1.0
4298,1,0.0
4299,1,1.0
4300,8,0.0
4301,5,1.0
4302,4,0.0
4303,6,1.0
4304,3,1.0
4305,2,1.0
4306,1,1.0
4307,1,0.0
4308,1,1.0
4309,45,0.0
4310,4,1.0
4311,1,0.0
4312,4,0.0
4313,1,1.0
4314,2,1.0
4315,2,1.0
4316,5,0.0
4317,1,0.0
4318,1,1.0
4319,3,0.0
4320,1,1.0
4321,11,0.0
4322,3,0.0
4323,6,1.0
4324,5,0.0
4325,2,1.0
4326,1,1.0
4327,3,1.0
4328,11,1.0
4329,5,1.0
4330,1,0.0
4331,11,1.0
4332,2,0.0
4333,1,0.0
4334,4,1.0
4335,2,1.0
4336,5,0.0
4337,7,1.0
4338,14,1.0
4339,4,1.0
4340,4,0.0
4341,1,0.0
4342,11,0.0
4343,8,1.0
4344,3,1.0
4345,1,1.0
4346,1,1.0
4347,49,0.0
4348,3,0.0
4349,9,0.0
4350,8,0.0
4351,2,1.0
4352,14,1.0
4353,6,0.0
4354,38,1.0
4355,59,0.0
4356,8,0.0
4357,1,0.0
4358,54,0.0
4359,4,1.0
4360,26,1.0
4361,5,1.0
4362,1,0.0
4363,3,1.0
4364,45,1.0
4365,4,1.0
4366,9,0.0
4367,2,1.0
4368,3,1.0
4369,2,0.0
4370,3,1.0
4371,7,1.0
4372,7,0.0
4373,1,0.0
4374,1,0.0
4375,6,1.0
4376,3,1.0
4377,3,0.0
4378,2,1.0
4379,17,1.0
4380,5,1.0
4381,7,1.0
4382,2,0.0
4383,2,0.0
4384,3,0.0
4385,8,1.0
4386,1,1.0
4387,1,1.0
4388,59,0.0
4389,2,1.0
4390,7,0.0
4391,1,0.0
4392,1,0.0
4393,1,0.0
4394,5,0.0
4395,49,0.0
4396,4,0.0
4397,1,1.0
4398,10,0.0
4399,1,0.0
4400,12,1.0
4401,10,1.0
4402,3,1.0
4403,59,0.0
4404,1,0.0
4405,10,0.0
4406,7,0.0
4407,2,0.0
4408,5,1.0
4409,8,1.0
4410,1,0.0
4411,4,1.0
4412,3,0.0
4413,1,0.0
4414,47,0.0
4415,3,1.0
4416,4,1.0
4417,42,0.0
4418,2,0.0
4419,7,0.0
4420,3,1.0
4421,2,0.0
4422,3,0.0
4423,12,1.0
4424,1,0.0
4425,4,1.0
4426,4,1.0
4427,12,1.0
4428,8,0.0
4429,4,0.0
4430,3,1.0
4431,15,1.0
4432,4,1.0
4433,15,0.0
4434,1,0.0
4435,2,1.0
4436,4,0.0
4437,1,1.0
4438,17,0.0
4439,6,1.0
4440,15,1.0
4441,1,0.0
4442,6,0.0
4443,3,1.0
4444,1,1.0
4445,43,0.0
4446,46,0.0
4447,1,1.0
4448,1,0.0
4449,1,0.0
4450,2,1.0
4451,2,1.0
4452,8,1.0
4453,5,1.0
4454,11,0.0
4455,1,0.0
4456,1,0.0
4457,3,1.0
4458,7,1.0
4459,3,0.0
4460,2,1.0
4461,1,0.0
4462,4,1.0
4463,2,0.0
4464,4,1.0
4465,13,1.0
4466,3,0.0
4467,14,1.0
4468,5,0.0
4469,38,0.0
4470,4,1.0
4471,3,1.0
4472,3,0.0
4473,20,0.0
4474,1,1.0
4475,2,1.0
4476,5,1.0
4477,2,0.0
4478,3,0.0
4479,2,0.0
4480,1,0.0
4481,45,0.0
4482,3,1.0
4483,1,1.0
4484,1,1.0
4485,5,0.0
4486,1,1.0
4487,4,1.0
4488,2,0.0
4489,5,1.0
4490,9,1.0
4491,9,0.0
4492,2,1.0
4493,1,1.0
4494,3,0.0
4495,4,1.0
4496,2,0.0
4497,13,1.0
4498,3,1.0
4499,6,1.0
4500,2,0.0
4501,4,0.0
4502,47,1.0
4503,13,1.0
4504,15,1.0
4505,1,1.0
4506,1,0.0
4507,3,1.0
4508,1,0.0
4509,6,0.0
4510,1,1.0
4511,2,0.0
4512,9,1.0
4513,6,0.0
4514,9,0.0
4515,1,1.0
4516,1,0.0
4517,12,1.0
4518,2,0.0
4519,1,1.0
4520,5,0.0
4521,2,1.0
4522,2,1.0
4523,1,0.0
4524,6,1.0
4525,1,0.0
4526,7,1.0
4527,6,0.0
4528,10,0.0
4529,1,1.0
4530,3,0.0
4531,22,0.0
4532,1,1.0
4533,4,1.0
4534,1,0.0
4535,1,0.0
4536,1,0.0
4537,7,1.0
4538,9,1.0
4539,5,1.0
4540,10,1.0
4541,18,0.0
4542,1,0.0
4543,1,0.0
4544,2,1.0
4545,7,0.0
4546,5,0.0
4547,4,1.0
4548,7,0.0
4549,2,1.0
4550,30,0.0
4551,2,0.0
4552,1,0.0
4553,2,0.0
4554,4,0.0
4555,5,0.0
4556,1,0.0
4557,2,0.0
4558,2,0.0
4559,1,0.0
4560,3,1.0
4561,4,1.0
4562,2,0.0
4563,5,1.0
4564,2,0.0
4565,2,0.0
4566,8,1.0
4567,1,0.0
4568,5,0.0
4569,6,1.0
4570,1,1.0
4571,4,1.0
4572,6,1.0
4573,9,1.0
4574,4,0.0
4575,1,1.0
4576,3,1.0
4577,3,1.0
4578,32,1.0
4579,2,0.0
4580,24,0.0
4581,2,0.0
4582,5,1.0
4583,2,0.0
4584,2,0.0
4585,1,0.0
4586,1,1.0
4587,40,1.0
4588,2,1.0
4589,1,0.0
4590,26,1.0
4591,14,1.0
4592,3,0.0
4593,2,0.0
4594,13,0.0
4595,2,0.0
4596,3,1.0
4597,1,0.0
4598,12,1.0
4599,11,1.0
4600,7,1.0
4601,1,0.0
4602,4,1.0
4603,2,1.0
4604,3,1.0
4605,3,1.0
4606,5,1.0
4607,1,0.0
4608,2,1.0
4609,6,1.0
4610,2,1.0
4611,1,0.0
4612,1,0.0
4613,1,1.0
4614,6,1.0
4615,1,0.0
4616,5,1.0
4617,5,1.0
4618,11,1.0
4619,4,1.0
4620,1,1.0
4621,6,0.0
4622,2,0.0
4623,2,0.0
4624,1,0.0
4625,4,1.0
4626,1,0.0
4627,29,1.0
4628,9,1.0
4629,5,0.0
4630,4,1.0
4631,2,0.0
4632,5,0.0
4633,7,1.0
4634,54,0.0
4635,2,1.0
4636,3,1.0
4637,7,1.0
4638,4,0.0
4639,3,1.0
4640,1,1.0
4641,1,0.0
4642,6,1.0
4643,1,1.0
4644,17,0.0
4645,4,1.0
4646,7,1.0
4647,5,0.0
4648,6,1.0
4649,6,0.0
4650,2,0.0
4651,21,0.0
4652,6,1.0
4653,1,0.0
4654,4,1.0
4655,1,0.0
4656,2,0.0
4657,18,1.0
4658,2,1.0
4659,1,0.0
4660,14,0.0
4661,2,1.0
4662,4,1.0
4663,2,1.0
4664,5,0.0
4665,2,1.0
4666,4,1.0
4667,3,1.0
4668,29,1.0
4669,1,1.0
4670,2,0.0
4671,2,0.0
4672,1,0.0
4673,48,0.0
4674,1,0.0
4675,5,0.0
4676,10,1.0
4677,6,0.0
4678,8,0.0
4679,7,1.0
4680,7,1.0
4681,2,1.0
4682,3,0.0
4683,3,0.0
4684,11,1.0
4685,5,0.0
4686,3,1.0
4687,3,1.0
4688,2,1.0
4689,33,1.0
4690,2,1.0
4691,50,1.0
4692,2,0.0
4693,1,0.0
4694,6,1.0
4695,47,1.0
4696,7,0.0
4697,9,1.0
4698,5,1.0
4699,2,1.0
4700,10,0.0
4701,2,0.0
4702,6,0.0
4703,3,0.0
4704,11,0.0
4705,1,0.0
4706,2,0.0
4707,2,0.0
4708,1,0.0
4709,7,0.0
4710,2,0.0
4711,6,0.0
4712,5,1.0
4713,21,1.0
4714,2,1.0
4715,5,0.0
4716,4,1.0
4717,16,0.0
4718,4,1.0
4719,2,0.0
4720,4,0.0
4721,2,0.0
4722,12,1.0
4723,1,0.0
4724,40,1.0
4725,2,1.0
4726,6,0.0
4727,3,0.0
4728,1,1.0
4729,1,0.0
4730,3,1.0
4731,2,0.0
4732,10,0.0
4733,10,1.0
4734,4,1.0
4735,1,0.0
4736,6,1.0
4737,2,1.0
4738,1,0.0
4739,8,1.0
4740,3,1.0
4741,16,1.0
4742,1,1.0
4743,1,0.0
4744,1,0.0
4745,3,0.0
4746,1,1.0
4747,4,1.0
4748,9,0.0
4749,50,0.0
4750,10,1.0
4751,5,0.0
4752,7,0.0
4753,46,0.0
4754,3,1.0
4755,8,1.0
4756,7,1.0
4757,12,0.0
4758,20,0.0
4759,2,1.0
4760,3,1.0
4761,1,0.0
4762,1,0.0
4763,3,0.0
4764,1,1.0
4765,1,0.0
4766,1,0.0
4767,2,0.0
4768,6,0.0
4769,3,0.0
4770,11,0.0
4771,2,0.0
4772,13,1.0
4773,6,0.0
4774,4,1.0
4775,2,0.0
4776,4,1.0
4777,2,1.0
4778,2,1.0
4779,9,0.0
4780,1,1.0
4781,2,0.0
4782,1,0.0
4783,14,0.0
4784,10,0.0
4785,5,0.0
4786,2,1.0
4787,53,1.0
4788,12,0.0
4789,1,0.0
4790,2,0.0
4791,8,0.0
4792,3,1.0
4793,15,0.0
4794,2,1.0
4795,5,1.0
4796,2,0.0
4797,1,1.0
4798,5,1.0
4799,31,1.0
4800,2,1.0
4801,9,0.0
4802,3,0.0
4803,10,0.0
4804,2,1.0
4805,5,1.0
4806,2,0.0
4807,14,1.0
4808,7,1.0
4809,2,0.0
4810,1,0.0
4811,2,1.0
4812,10,1.0
4813,4,1.0
4814,2,1.0
4815,9,0.0
4816,2,1.0
4817,3,1.0
4818,4,1.0
4819,1,1.0
4820,10,1.0
4821,9,1.0
4822,4,1.0
4823,4,1.0
4824,19,0.0
4825,1,1.0
4826,6,1.0
4827,1,0.0
4828,6,1.0
4829,2,1.0
4830,2,1.0
4831,1,1.0
4832,4,1.0
4833,6,1.0
4834,7,0.0
4835,5,0.0
4836,2,0.0
4837,2,0.0
4838,4,1.0
4839,50,0.0
4840,6,0.0
4841,59,0.0
4842,4,1.0
4843,15,1.0
4844,3,0.0
4845,1,1.0
4846,1,1.0
4847,3,1.0
4848,6,0.0
4849,3,1.0
4850,7,1.0
4851,6,0.0
4852,2,0.0
4853,2,1.0
4854,2,0.0
4855,13,0.0
4856,5,0.0
4857,49,0.0
4858,29,1.0
4859,29,1.0
4860,6,1.0
4861,1,1.0
4862,11,0.0
4863,1,1.0
4864,1,0.0
4865,11,1.0
4866,1,0.0
4867,33,0.0
4868,2,1.0
4869,1,0.0
4870,1,1.0
4871,1,0.0
4872,2,1.0
4873,13,1.0
4874,16,0.0
4875,8,1.0
4876,5,0.0
4877,2,1.0
4878,4,0.0
4879,1,0.0
4880,1,0.0
4881,1,0.0
4882,2,1.0
4883,1,0.0
4884,1,1.0
4885,1,0.0
4886,8,0.0
4887,3,0.0
4888,32,0.0
4889,2,0.0
4890,4,1.0
4891,3,0.0
4892,10,1.0
4893,7,1.0
4894,1,1.0
4895,1,1.0
4896,7,1.0
4897,3,0.0
4898,4,1.0
4899,60,1.0
4900,1,1.0
4901,5,1.0
4902,45,0.0
4903,1,0.0
4904,4,1.0
4905,6,1.0
4906,5,1.0
4907,1,1.0
4908,4,0.0
4909,6,1.0
4910,8,1.0
4911,2,1.0
4912,3,0.0
4913,17,0.0
4914,1,0.0
4915,9,0.0
4916,2,0.0
4917,4,1.0
4918,1,0.0
4919,5,1.0
4920,6,0.0
4921,5,1.0
4922,3,0.0
4923,1,1.0
4924,2,0.0
4925,1,0.0
4926,6,1.0
4927,4,1.0
4928,3,0.0
4929,5,0.0
4930,2,0.0
4931,3,0.0
4932,2,0.0
4933,2,0.0
4934,1,0.0
4935,7,1.0
4936,3,0.0
4937,11,1.0
4938,1,1.0
4939,8,0.0
4940,3,0.0
4941,2,0.0
4942,7,0.0
4943,1,0.0
4944,11,0.0
4945,2,0.0
4946,4,1.0
4947,17,0.0
4948,4,1.0
4949,1,1.0
4950,3,1.0
4951,1,1.0
4952,1,0.0
4953,18,0.0
4954,1,1.0
4955,8,1.0
4956,3,0.0
4957,8,1.0
4958,1,1.0
4959,5,1.0
4960,1,1.0
4961,2,0.0
4962,9,1.0
4963,1,1.0
4964,5,0.0
4965,1,1.0
4966,3,1.0
4967,3,1.0
4968,2,1.0
4969,2,0.0
4970,6,0.0
4971,6,0.0
4972,5,0.0
4973,49,0.0
4974,2,1.0
4975,38,0.0
4976,30,1.0
4977,3,1.0
4978,6,1.0
4979,1,0.0
4980,1,0.0
4981,4,0.0
4982,5,0.0
4983,1,1.0
4984,4,1.0
4985,1,0.0
4986,11,1.0
4987,4,1.0
4988,4,1.0
4989,3,1.0
4990,13,1.0
4991,1,0.0
4992,12,0.0
4993,8,1.0
4994,6,1.0
4995,11,1.0
4996,5,0.0
4997,1,0.0
4998,2,0.0
4999,3,1.0
5000,3,1.0
5001,3,1.0
5002,2,0.0
5003,1,0.0
5004,2,0.0
5005,6,1.0
5006,10,0.0
5007,5,1.0
5008,1,1.0
5009,2,1.0
5010,6,0.0
5011,2,0.0
5012,4,1.0
5013,1,0.0
5014,1,0.0
5015,1,1.0
5016,2,0.0
5017,6,0.0
5018,1,1.0
5019,8,1.0
5020,14,0.0
5021,2,1.0
5022,8,1.0
5023,16,0.0
5024,3,1.0
5025,7,0.0
5026,4,1.0
5027,3,0.0
5028,6,1.0
5029,1,0.0
5030,3,1.0
5031,3,0.0
5032,1,1.0
5033,54,0.0
5034,3,0.0
5035,1,1.0
5036,2,0.0
5037,17,0.0
5038,2,1.0
5039,7,0.0
5040,35,0.0
5041,13,1.0
5042,4,0.0
5043,4,0.0
5044,3,0.0
5045,1,1.0
5046,1,0.0
5047,2,0.0
5048,5,1.0
5049,4,0.0
5050,3,1.0
5051,2,1.0
5052,11,1.0
5053,8,1.0
5054,1,0.0
5055,3,0.0
5056,21,1.0
5057,2,1.0
5058,2,0.0
5059,6,0.0
5060,42,0.0
5061,3,0.0
5062,12,1.0
5063,1,0.0
5064,10,0.0
5065,9,1.0
5066,2,1.0
5067,4,0.0
5068,5,0.0
5069,7,1.0
5070,33,0.0
5071,3,1.0
5072,4,1.0
5073,7,1.0
5074,7,0.0
5075,6,1.0
5076,14,0.0
5077,3,1.0
5078,1,0.0
5079,6,0.0
5080,2,0.0
5081,7,1.0
5082,2,0.0
5083,6,0.0
5084,10,1.0
5085,2,1.0
5086,3,0.0
5087,6,0.0
5088,8,1.0
5089,1,0.0
5090,11,1.0
5091,59,0.0
5092,1,0.0
5093,36,1.0
5094,14,0.0
5095,7,0.0
5096,1,0.0
5097,1,0.0
5098,11,1.0
5099,1,0.0
5100,4,1.0
5101,2,0.0
5102,10,0.0
5103,5,1.0
5104,17,0.0
5105,3,0.0
5106,3,1.0
5107,9,1.0
5108,5,1.0
5109,5,0.0
5110,4,1.0
5111,4,0.0
5112,4,1.0
5113,6,1.0
5114,2,1.0
5115,7,0.0
5116,1,0.0
5117,1,0.0
5118,4,1.0
5119,2,0.0
5120,2,1.0
5121,3,1.0
5122,13,1.0
5123,1,0.0
5124,3,0.0
5125,3,1.0
5126,8,0.0
5127,3,0.0
5128,4,1.0
5129,5,0.0
5130,3,0.0
5131,3,0.0
5132,16,0.0
5133,3,0.0
5134,8,1.0
5135,8,1.0
5136,9,1.0
5137,3,0.0
5138,4,1.0
5139,4,0.0
5140,2,0.0
5141,2,0.0
5142,2,1.0
5143,1,0.0
5144,9,1.0
5145,3,1.0
5146,1,1.0
5147,13,1.0
5148,2,1.0
5149,7,1.0
5150,1,0.0
5151,2,1.0
5152,1,0.0
5153,3,0.0
5154,3,0.0
5155,3,1.0
5156,60,0.0
5157,4,0.0
5158,8,0.0
5159,3,1.0
5160,5,1.0
5161,2,1.0
5162,5,1.0
5163,2,0.0
5164,9,0.0
5165,7,1.0
5166,2,0.0
5167,6,0.0
5168,3,0.0
5169,10,0.0
5170,4,0.0
5171,2,0.0
5172,1,1.0
5173,1,0.0
5174,8,0.0
5175,2,1.0
5176,6,0.0
5177,1,1.0
5178,3,0.0
5179,4,1.0
5180,7,0.0
5181,1,1.0
5182,4,1.0
5183,1,0.0
5184,1,0.0
5185,1,0.0
5186,1,0.0
5187,1,1.0
5188,3,1.0
5189,1,1.0
5190,5,0.0
5191,5,0.0
5192,12,0.0
5193,1,1.0
5194,7,1.0
5195,2,1.0
5196,9,1.0
5197,10,1.0
5198,20,1.0
5199,1,1.0
5200,7,1.0
5201,59,0.0
5202,1,0.0
5203,8,0.0
5204,5,1.0
5205,4,1.0
5206,2,0.0
5207,5,1.0
5208,9,1.0
5209,2,0.0
5210,11,1.0
5211,2,0.0
5212,1,0.0
5213,20,1.0
5214,25,1.0
5215,6,1.0
5216,5,1.0
5217,23,1.0
5218,1,1.0
5219,3,1.0
5220,3,1.0
5221,4,0.0
5222,6,0.0
5223,3,0.0
5224,2,0.0
5225,7,1.0
5226,11,0.0
5227,5,0.0
5228,7,1.0
5229,2,1.0
5230,2,0.0
5231,7,1.0
5232,3,0.0
5233,3,1.0
5234,2,1.0
5235,1,0.0
5236,6,0.0
5237,5,0.0
5238,4,1.0
5239,3,1.0
5240,2,1.0
5241,2,1.0
5242,5,1.0
5243,2,0.0
5244,3,1.0
5245,21,0.0
5246,3,0.0
5247,4,1.0
5248,5,1.0
5249,12,0.0
5250,7,1.0
5251,3,1.0
5252,5,1.0
5253,3,0.0
5254,3,0.0
5255,7,1.0
5256,14,0.0
5257,9,0.0
5258,1,0.0
5259,3,1.0
5260,1,0.0
5261,8,1.0
5262,3,0.0
5263,5,0.0
5264,3,0.0
5265,1,1.0
5266,1,0.0
5267,52,0.0
5268,1,0.0
5269,3,1.0
5270,3,0.0
5271,10,1.0
5272,4,1.0
5273,2,1.0
5274,4,1.0
5275,6,0.0
5276,2,1.0
5277,8,0.0
5278,8,1.0
5279,2,0.0
5280,1,0.0
5281,1,0.0
5282,3,1.0
5283,11,0.0
5284,3,0.0
5285,1,1.0
5286,6,1.0
5287,1,1.0
5288,1,1.0
5289,2,0.0
5290,5,0.0
5291,4,1.0
5292,6,1.0
5293,8,1.0
5294,1,0.0
5295,25,0.0
5296,1,0.0
5297,3,1.0
5298,1,0.0
5299,3,1.0
5300,4,1.0
5301,4,0.0
5302,6,1.0
5303,2,0.0
5304,3,1.0
5305,1,0.0
5306,7,1.0
5307,1,0.0
5308,2,1.0
5309,3,0.0
5310,14,0.0
5311,5,0.0
5312,8,1.0
5313,1,1.0
5314,4,1.0
5315,3,1.0
5316,8,1.0
5317,8,1.0
5318,4,1.0
5319,1,0.0
5320,6,1.0
5321,4,1.0
5322,1,1.0
5323,6,0.0
5324,1,1.0
5325,8,0.0
5326,8,0.0
5327,1,0.0
5328,5,1.0
5329,24,0.0
5330,2,1.0
5331,60,0.0
5332,3,0.0
5333,11,1.0
5334,1,1.0
5335,2,0.0
5336,5,0.0
5337,1,1.0
5338,9,1.0
5339,2,0.0
5340,2,1.0
5341,2,1.0
5342,4,1.0
5343,2,0.0
5344,6,1.0
5345,1,1.0
5346,9,0.0
5347,7,1.0
5348,1,1.0
5349,1,0.0
5350,60,1.0
5351,3,1.0
5352,1,0.0
5353,2,0.0
5354,13,1.0
5355,1,0.0
5356,15,1.0
5357,2,1.0
5358,7,1.0
5359,3,1.0
5360,1,0.0
5361,15,0.0
5362,2,1.0
5363,1,0.0
5364,3,0.0
5365,2,0.0
5366,7,1.0
5367,57,0.0
5368,1,1.0
5369,8,1.0
5370,7,1.0
5371,29,1.0
5372,7,1.0
5373,1,0.0
5374,2,0.0
5375,5,0.0
5376,4,1.0
5377,2,0.0
5378,6,0.0
5379,5,0.0
5380,1,1.0
5381,1,0.0
5382,1,0.0
5383,1,0.0
5384,2,0.0
5385,5,0.0
5386,6,1.0
5387,3,1.0
5388,29,0.0
5389,1,0.0
5390,4,1.0
5391,2,0.0
5392,11,0.0
5393,1,0.0
5394,3,1.0
5395,20,0.0
5396,16,0.0
5397,2,0.0
5398,5,0.0
5399,5,1.0
5400,1,1.0
5401,4,1.0
5402,3,1.0
5403,3,1.0
5404,1,0.0
5405,1,1.0
5406,1,0.0
5407,15,1.0
5408,6,0.0
5409,3,0.0
5410,2,0.0
5411,9,1.0
5412,24,1.0
5413,4,1.0
5414,52,0.0
5415,10,1.0
5416,1,1.0
5417,14,1.0
5418,1,1.0
5419,9,1.0
5420,2,1.0
5421,1,0.0
5422,3,0.0
5423,3,1.0
5424,1,0.0
5425,4,1.0
5426,4,1.0
5427,2,1.0
5428,2,0.0
5429,10,1.0
5430,4,1.0
5431,5,0.0
5432,1,1.0
5433,10,1.0
5434,3,0.0
5435,1,1.0
5436,10,0.0
5437,11,0.0
5438,4,1.0
5439,8,0.0
5440,3,0.0
5441,4,1.0
5442,4,1.0
5443,3,0.0
5444,5,0.0
5445,1,1.0
5446,7,0.0
5447,1,0.0
5448,1,1.0
5449,1,1.0
5450,8,1.0
5451,4,1.0
5452,7,1.0
5453,2,1.0
5454,6,1.0
5455,2,1.0
5456,6,1.0
5457,4,1.0
5458,11,0.0
5459,3,1.0
5460,1,1.0
5461,6,1.0
5462,1,0.0
5463,1,0.0
5464,2,0.0
5465,4,1.0
5466,1,1.0
5467,3,1.0
5468,1,0.0
5469,9,1.0
5470,2,0.0
5471,2,0.0
5472,3,0.0
5473,3,0.0
5474,33,1.0
5475,24,0.0
5476,28,1.0
5477,1,0.0
5478,10,1.0
5479,8,1.0
5480,4,1.0
5481,12,1.0
5482,1,1.0
5483,2,1.0
5484,16,0.0
5485,10,1.0
5486,1,0.0
5487,1,0.0
5488,4,0.0
5489,3,0.0
5490,2,0.0
5491,3,1.0
5492,3,1.0
5493,1,1.0
5494,5,0.0
5495,9,1.0
5496,3,0.0
5497,3,1.0
5498,3,1.0
5499,13,1.0
5500,1,1.0
5501,4,0.0
5502,5,1.0
5503,5,1.0
5504,5,1.0
5505,9,1.0
5506,3,0.0
5507,2,1.0
5508,2,0.0
5509,4,0.0
5510,1,1.0
5511,13,1.0
5512,10,1.0
5513,6,0.0
5514,30,1.0
5515,4,1.0
5516,2,1.0
5517,11,0.0
5518,2,1.0
5519,7,0.0
5520,6,1.0
5521,31,0.0
5522,2,0.0
5523,5,0.0
5524,3,1.0
5525,4,1.0
5526,12,1.0
5527,56,0.0
5528,45,0.0
5529,4,0.0
5530,4,0.0
5531,15,0.0
5532,2,1.0
5533,6,0.0
5534,36,1.0
5535,1,0.0
5536,3,0.0
5537,1,1.0
5538,15,1.0
5539,3,1.0
5540,2,1.0
5541,1,0.0
5542,1,1.0
5543,13,0.0
5544,4,1.0
5545,21,0.0
5546,4,1.0
5547,5,1.0
5548,3,1.0
5549,3,0.0
5550,16,1.0
5551,5,1.0
5552,22,1.0
5553,1,1.0
5554,4,1.0
5555,10,1.0
5556,45,0.0
5557,4,1.0
5558,1,0.0
5559,1,1.0
5560,6,0.0
5561,19,0.0
5562,10,0.0
5563,10,1.0
5564,10,1.0
5565,1,0.0
5566,9,0.0
5567,7,1.0
5568,4,0.0
5569,1,0.0
5570,5,1.0
5571,4,1.0
5572,4,1.0
5573,11,0.0
5574,4,1.0
5575,1,1.0
5576,57,0.0
5577,8,0.0
5578,6,1.0
5579,2,1.0
5580,1,0.0
5581,5,0.0
5582,1,0.0
5583,3,1.0
5584,10,1.0
5585,5,1.0
5586,4,0.0
5587,4,1.0
5588,5,1.0
5589,3,1.0
5590,6,1.0
5591,2,0.0
5592,6,1.0
5593,3,1.0
5594,3,0.0
5595,5,0.0
5596,3,0.0
5597,5,1.0
5598,1,0.0
5599,2,0.0
5600,3,0.0
5601,4,0.0
5602,9,0.0
5603,1,1.0
5604,7,0.0
5605,4,1.0
5606,57,1.0
5607,1,0.0
5608,2,1.0
5609,2,0.0
5610,8,0.0
5611,2,0.0
5612,1,1.0
5613,35,0.0
5614,2,1.0
5615,17,1.0
5616,1,1.0
5617,8,0.0
5618,3,1.0
5619,1,0.0
5620,1,1.0
5621,1,1.0
5622,8,1.0
5623,3,0.0
5624,13,0.0
5625,2,1.0
5626,10,1.0
5627,1,1.0
5628,3,0.0
5629,1,1.0
5630,1,0.0
5631,4,0.0
5632,3,1.0
5633,4,1.0
5634,2,1.0
5635,7,0.0
5636,7,1.0
5637,3,1.0
5638,8,1.0
5639,12,0.0
5640,11,1.0
5641,4,0.0
5642,17,0.0
5643,3,1.0
5644,3,0.0
5645,1,0.0
5646,4,1.0
5647,1,0.0
5648,2,1.0
5649,4,1.0
5650,3,0.0
5651,1,1.0
5652,20,1.0
5653,4,1.0
5654,5,1.0
5655,6,1.0
5656,3,0.0
5657,46,0.0
5658,28,0.0
5659,9,0.0
5660,9,0.0
5661,6,1.0
5662,4,1.0
5663,6,0.0
5664,3,0.0
5665,2,0.0
5666,11,0.0
5667,16,1.0
5668,3,1.0
5669,27,0.0
5670,6,0.0
5671,1,0.0
5672,50,1.0
5673,14,0.0
5674,2,0.0
5675,2,0.0
5676,39,1.0
5677,1,1.0
5678,2,0.0
5679,4,1.0
5680,31,0.0
5681,3,0.0
5682,5,1.0
5683,2,1.0
5684,8,0.0
5685,8,0.0
5686,2,0.0
5687,2,1.0
5688,3,1.0
5689,6,1.0
5690,6,0.0
5691,1,1.0
5692,1,0.0
5693,11,0.0
5694,4,1.0
5695,4,0.0
5696,6,0.0
5697,5,0.0
5698,3,1.0
5699,1,0.0
5700,1,0.0
5701,18,0.0
5702,8,1.0
5703,1,0.0
5704,25,0.0
5705,8,0.0
5706,2,0.0
5707,1,1.0
5708,2,0.0
5709,7,1.0
5710,10,1.0
5711,14,0.0
5712,9,1.0
5713,8,0.0
5714,5,1.0
5715,3,1.0
5716,2,1.0
5717,4,1.0
5718,1,1.0
5719,2,1.0
5720,1,0.0
5721,2,1.0
5722,6,1.0
5723,1,0.0
5724,24,1.0
5725,3,0.0
5726,2,1.0
5727,3,1.0
5728,3,1.0
5729,2,1.0
5730,12,0.0
5731,1,1.0
5732,1,0.0
5733,2,1.0
5734,1,1.0
5735,3,1.0
5736,3,0.0
5737,2,0.0
5738,6,1.0
5739,9,1.0
5740,7,1.0
5741,2,0.0
5742,1,1.0
5743,9,1.0
5744,2,1.0
5745,1,0.0
5746,2,0.0
5747,12,0.0
5748,2,1.0
5749,2,0.0
5750,9,1.0
5751,1,1.0
5752,5,1.0
5753,2,0.0
5754,1,1.0
5755,7,1.0
5756,2,0.0
5757,1,0.0
5758,1,0.0
5759,5,1.0
5760,1,0.0
5761,5,1.0
5762,5,1.0
5763,4,1.0
5764,13,0.0
5765,3,0.0
5766,60,0.0
5767,2,0.0
5768,46,1.0
5769,2,0.0
5770,1,1.0
5771,3,0.0
5772,2,0.0
5773,11,0.0
5774,10,1.0
5775,1,0.0
5776,9,1.0
5777,4,1.0
5778,5,1.0
5779,1,0.0
5780,16,1.0
5781,2,1.0
5782,21,0.0
5783,1,1.0
5784,5,1.0
5785,1,0.0
5786,2,0.0
5787,11,0.0
5788,2,0.0
5789,1,0.0
5790,6,0.0
5791,3,1.0
5792,7,1.0
5793,4,1.0
5794,9,1.0
5795,1,0.0
5796,4,0.0
5797,14,1.0
5798,1,1.0
5799,5,1.0
5800,7,0.0
5801,6,0.0
5802,6,1.0
5803,8,0.0
5804,4,0.0
5805,1,1.0
5806,5,0.0
5807,12,0.0
5808,6,1.0
5809,7,0.0
5810,56,0.0
5811,3,1.0
5812,21,1.0
5813,2,0.0
5814,2,1.0
5815,12,1.0
5816,2,1.0
5817,4,0.0
5818,5,1.0
5819,3,1.0
5820,2,0.0
5821,2,0.0
5822,1,0.0
5823,5,1.0
5824,2,1.0
5825,6,1.0
5826,3,1.0
5827,2,1.0
5828,4,1.0
5829,3,1.0
5830,10,1.0
5831,8,1.0
5832,6,1.0
5833,2,0.0
5834,1,0.0
5835,4,1.0
5836,4,1.0
5837,2,0.0
5838,10,1.0
5839,1,0.0
5840,1,0.0
5841,20,1.0
5842,1,0.0
5843,1,1.0
5844,5,0.0
5845,11,0.0
5846,11,0.0
5847,1,0.0
5848,11,0.0
5849,3,0.0
5850,5,1.0
5851,1,0.0
5852,5,1.0
5853,8,0.0
5854,1,1.0
5855,35,0.0
5856,9,0.0
5857,2,0.0
5858,3,1.0
5859,10,1.0
5860,1,1.0
5861,2,0.0
5862,10,1.0
5863,1,1.0
5864,2,1.0
5865,9,1.0
5866,5,0.0
5867,9,0.0
5868,4,1.0
5869,1,1.0
5870,8,0.0
5871,3,0.0
5872,14,0.0
5873,4,1.0
5874,1,0.0
5875,3,0.0
5876,18,0.0
5877,3,0.0
5878,11,1.0
5879,6,1.0
5880,7,1.0
5881,1,0.0
5882,4,1.0
5883,1,1.0
5884,1,0.0
5885,1,1.0
5886,3,0.0
5887,5,0.0
5888,7,0.0
5889,3,0.0
5890,12,0.0
5891,44,1.0
5892,2,1.0
5893,8,1.0
5894,5,0.0
5895,19,1.0
5896,1,1.0
5897,2,1.0
5898,6,0.0
5899,2,1.0
5900,2,1.0
5901,1,0.0
5902,4,1.0
5903,3,1.0
5904,1,0.0
5905,4,1.0
5906,1,0.0
5907,5,1.0
5908,7,1.0
5909,21,1.0
5910,3,0.0
5911,1,1.0
5912,4,0.0
5913,6,0.0
5914,17,0.0
5915,2,0.0
5916,11,0.0
5917,1,1.0
5918,2,0.0
5919,10,0.0
5920,1,1.0
5921,31,0.0
5922,2,0.0
5923,7,1.0
5924,14,1.0
5925,2,1.0
5926,1,0.0
5927,30,0.0
5928,2,1.0
5929,3,1.0
5930,2,0.0
5931,3,0.0
5932,1,1.0
5933,5,0.0
5934,15,0.0
5935,13,0.0
5936,46,0.0
5937,9,0.0
5938,55,0.0
5939,5,1.0
5940,7,1.0
5941,2,0.0
5942,1,1.0
5943,2,1.0
5944,4,1.0
5945,8,1.0
5946,15,1.0
5947,2,1.0
5948,2,0.0
5949,1,0.0
5950,5,1.0
5951,10,1.0
5952,12,0.0
5953,7,1.0
5954,1,0.0
5955,7,0.0
5956,3,1.0
5957,3,0.0
5958,7,0.0
5959,5,0.0
5960,1,0.0
5961,3,1.0
5962,10,0.0
5963,1,0.0
5964,3,1.0
5965,9,1.0
5966,1,0.0
5967,3,0.0
5968,44,0.0
5969,1,0.0
5970,5,0.0
5971,4,1.0
5972,2,1.0
5973,2,0.0
5974,2,1.0
5975,2,1.0
5976,1,1.0
5977,10,0.0
5978,2,0.0
5979,3,0.0
5980,2,0.0
5981,6,0.0
5982,3,0.0
5983,2,0.0
5984,1,0.0
5985,1,1.0
5986,3,1.0
5987,6,0.0
5988,2,0.0
5989,2,0.0
5990,1,0.0
5991,9,0.0
5992,3,1.0
5993,6,1.0
5994,5,1.0
5995,1,1.0
5996,3,1.0
5997,2,1.0
5998,4,0.0
5999,4,1.0
6000,2,0.0
6001,4,0.0
6002,2,0.0
6003,18,1.0
6004,1,1.0
6005,9,1.0
6006,7,0.0
6007,9,1.0
6008,1,0.0
6009,1,0.0
6010,6,1.0
6011,3,1.0
6012,8,1.0
6013,4,1.0
6014,8,0.0
6015,1,1.0
6016,13,0.0
6017,2,1.0
6018,2,1.0
6019,2,1.0
6020,6,1.0
6021,46,0.0
6022,5,1.0
6023,44,0.0
6024,30,1.0
6025,1,0.0
6026,1,1.0
6027,3,0.0
6028,2,1.0
6029,1,0.0
6030,1,1.0
6031,4,0.0
6032,13,0.0
6033,11,1.0
6034,3,0.0
6035,1,0.0
6036,1,0.0
6037,50,0.0
6038,1,0.0
6039,7,0.0
6040,5,1.0
6041,2,1.0
6042,9,0.0
6043,3,0.0
6044,1,0.0
6045,1,0.0
6046,13,0.0
6047,15,0.0
6048,1,0.0
6049,11,0.0
6050,19,0.0
6051,5,0.0
6052,2,0.0
6053,1,0.0
6054,3,0.0
6055,2,1.0
6056,7,0.0
6057,10,0.0
6058,3,0.0
6059,3,0.0
6060,4,1.0
6061,31,1.0
6062,6,0.0
6063,6,0.0
6064,2,1.0
6065,7,1.0
6066,12,1.0
6067,8,0.0
6068,4,0.0
6069,36,1.0
6070,3,0.0
6071,6,1.0
6072,12,0.0
6073,1,0.0
6074,4,1.0
6075,9,0.0
6076,1,0.0
6077,6,0.0
6078,10,0.0
6079,3,1.0
6080,3,1.0
6081,1,1.0
6082,2,1.0
6083,3,0.0
6084,13,1.0
6085,4,1.0
6086,3,0.0
6087,6,0.0
6088,8,1.0
6089,4,0.0
6090,3,1.0
6091,18,1.0
6092,12,0.0
6093,2,1.0
6094,11,0.0
6095,36,0.0
6096,2,1.0
6097,2,1.0
6098,13,1.0
6099,4,1.0
6100,2,1.0
6101,1,1.0
6102,1,0.0
6103,2,0.0
6104,6,0.0
6105,12,0.0
6106,6,0.0
6107,2,1.0
6108,7,1.0
6109,5,1.0
6110,3,1.0
6111,6,0.0
6112,1,0.0
6113,3,0.0
6114,12,0.0
6115,3,1.0
6116,3,0.0
6117,20,0.0
6118,3,1.0
6119,4,1.0
6120,3,1.0
6121,3,1.0
6122,2,0.0
6123,7,1.0
6124,2,1.0
6125,9,0.0
6126,10,0.0
6127,1,1.0
6128,5,1.0
6129,4,1.0
6130,2,1.0
6131,1,1.0
6132,7,1.0
6133,5,0.0
6134,2,1.0
6135,1,0.0
6136,1,1.0
6137,3,1.0
6138,15,0.0
6139,2,1.0
6140,8,0.0
6141,2,1.0
6142,2,0.0
6143,15,0.0
6144,1,0.0
6145,2,1.0
6146,4,0.0
6147,1,1.0
6148,6,0.0
6149,1,1.0
6150,6,1.0
6151,10,1.0
6152,1,1.0
6153,2,0.0
6154,1,0.0
6155,4,1.0
6156,3,0.0
6157,6,0.0
6158,12,1.0
6159,2,1.0
6160,1,0.0
6161,2,1.0
6162,2,1.0
6163,30,1.0
6164,1,1.0
6165,1,1.0
6166,5,0.0
6167,2,0.0
6168,1,0.0
6169,6,1.0
6170,2,1.0
6171,1,0.0
6172,8,0.0
6173,4,1.0
6174,2,1.0
6175,6,1.0
6176,4,1.0
6177,2,1.0
6178,10,1.0
6179,7,1.0
6180,6,0.0
6181,8,1.0
6182,4,1.0
6183,4,1.0
6184,4,0.0
6185,9,0.0
6186,3,0.0
6187,1,0.0
6188,4,1.0
6189,13,0.0
6190,5,0.0
6191,52,0.0
6192,3,1.0
6193,1,0.0
6194,1,1.0
6195,2,1.0
6196,1,1.0
6197,3,0.0
6198,1,0.0
6199,2,0.0
6200,6,0.0
6201,7,1.0
6202,7,1.0
6203,1,0.0
6204,1,1.0
6205,2,1.0
6206,1,1.0
6207,6,1.0
6208,12,0.0
6209,2,1.0
6210,1,1.0
6211,6,1.0
6212,3,1.0
6213,1,1.0
6214,2,1.0
6215,3,1.0
6216,7,0.0
6217,9,1.0
6218,5,0.0
6219,1,0.0
6220,6,1.0
6221,3,0.0
6222,5,1.0
6223,1,1.0
6224,14,0.0
6225,49,0.0
6226,1,0.0
6227,2,0.0
6228,1,0.0
6229,1,1.0
6230,3,1.0
6231,6,0.0
6232,7,1.0
6233,44,0.0
6234,5,1.0
6235,1,0.0
6236,1,0.0
6237,5,1.0
6238,1,0.0
6239,5,1.0
6240,24,0.0
6241,2,1.0
6242,3,0.0
6243,1,1.0
6244,2,1.0
6245,1,0.0
6246,4,1.0
6247,6,1.0
6248,1,0.0
6249,1,0.0
6250,1,0.0
6251,3,0.0
6252,3,0.0
6253,9,1.0
6254,31,0.0
6255,2,1.0
6256,1,0.0
6257,4,1.0
6258,3,1.0
6259,3,0.0
6260,7,0.0
6261,1,1.0
6262,2,1.0
6263,2,0.0
6264,2,0.0
6265,1,0.0
6266,2,1.0
6267,2,0.0
6268,1,0.0
6269,6,1.0
6270,1,1.0
6271,6,0.0
6272,6,1.0
6273,1,0.0
6274,14,1.0
6275,3,1.0
6276,2,0.0
6277,9,1.0
6278,10,1.0
6279,28,0.0
6280,12,1.0
6281,45,1.0
6282,4,1.0
6283,2,1.0
6284,5,0.0
6285,5,1.0
6286,7,1.0
6287,3,1.0
6288,1,1.0
6289,5,1.0
6290,2,0.0
6291,53,0.0
6292,4,0.0
6293,12,0.0
6294,13,0.0
6295,24,0.0
6296,4,1.0
6297,10,0.0
6298,3,1.0
6299,2,0.0
6300,4,1.0
6301,3,1.0
6302,5,1.0
6303,3,0.0
6304,6,1.0
6305,9,0.0
6306,2,0.0
6307,1,1.0
6308,2,1.0
6309,2,0.0
6310,1,0.0
6311,4,1.0
6312,1,0.0
6313,1,0.0
6314,7,1.0
6315,3,0.0
6316,1,1.0
6317,17,0.0
6318,1,0.0
6319,53,0.0
6320,1,0.0
6321,8,0.0
6322,3,1.0
6323,5,0.0
6324,16,0.0
6325,1,1.0
6326,1,1.0
6327,1,0.0
6328,3,0.0
6329,6,1.0
6330,5,1.0
6331,6,1.0
6332,4,0.0
6333,1,0.0
6334,3,0.0
6335,4,1.0
6336,5,1.0
6337,3,0.0
6338,10,0.0
6339,5,0.0
6340,1,1.0
6341,1,1.0
6342,3,0.0
6343,5,0.0
6344,1,1.0
6345,1,0.0
6346,11,0.0
6347,1,0.0
6348,11,0.0
6349,2,1.0
6350,1,0.0
6351,1,1.0
6352,5,0.0
6353,7,0.0
6354,19,1.0
6355,2,1.0
6356,4,1.0
6357,2,0.0
6358,12,0.0
6359,4,0.0
6360,2,0.0
6361,2,1.0
6362,3,0.0
6363,3,1.0
6364,1,0.0
6365,8,0.0
6366,2,0.0
6367,2,1.0
6368,1,0.0
6369,3,1.0
6370,6,1.0
6371,2,0.0
6372,5,0.0
6373,1,0.0
6374,1,1.0
6375,3,1.0
6376,8,1.0
6377,1,1.0
6378,11,1.0
6379,14,0.0
6380,2,0.0
6381,4,1.0
6382,13,0.0
6383,9,1.0
6384,6,0.0
6385,3,0.0
6386,7,0.0
6387,9,0.0
6388,6,0.0
6389,1,0.0
6390,58,0.0
6391,3,0.0
6392,14,1.0
6393,5,1.0
6394,2,1.0
6395,2,0.0
6396,9,0.0
6397,47,0.0
6398,7,1.0
6399,4,1.0
6400,5,1.0
6401,4,0.0
6402,1,0.0
6403,12,0.0
6404,2,0.0
6405,9,0.0
6406,4,0.0
6407,3,0.0
6408,3,1.0
6409,2,1.0
6410,43,0.0
6411,2,1.0
6412,51,0.0
6413,2,0.0
6414,2,0.0
6415,2,0.0
6416,3,0.0
6417,56,0.0
6418,2,0.0
6419,2,0.0
6420,8,1.0
6421,1,0.0
6422,3,1.0
6423,8,0.0
6424,3,1.0
6425,4,0.0
6426,1,0.0
6427,2,0.0
6428,34,0.0
6429,3,0.0
6430,6,1.0
6431,5,0.0
6432,2,1.0
6433,1,1.0
6434,20,0.0
6435,47,0.0
6436,14,1.0
6437,1,0.0
6438,1,0.0
6439,4,1.0
6440,5,1.0
6441,1,1.0
6442,8,1.0
6443,4,1.0
6444,1,1.0
6445,8,1.0
6446,2,0.0
6447,4,1.0
6448,11,0.0
6449,4,1.0
6450,6,0.0
6451,2,1.0
6452,3,0.0
6453,3,1.0
6454,1,1.0
6455,3,0.0
6456,8,1.0
6457,3,0.0
6458,3,1.0
6459,2,1.0
6460,27,1.0
6461,1,0.0
6462,7,1.0
6463,8,0.0
6464,12,0.0
6465,4,0.0
6466,2,1.0
6467,4,1.0
6468,58,0.0
6469,5,1.0
6470,1,0.0
6471,4,0.0
6472,5,0.0
6473,1,1.0
6474,8,1.0
6475,3,0.0
6476,7,1.0
6477,1,0.0
6478,1,0.0
6479,7,0.0
6480,1,0.0
6481,15,0.0
6482,1,0.0
6483,4,0.0
6484,6,0.0
6485,12,0.0
6486,8,1.0
6487,6,0.0
6488,11,0.0
6489,1,1.0
6490,13,1.0
6491,6,0.0
6492,9,0.0
6493,1,1.0
6494,3,1.0
6495,54,0.0
6496,1,1.0
6497,9,1.0
6498,2,1.0
6499,4,0.0
6500,1,0.0
6501,4,1.0
6502,3,1.0
6503,7,1.0
6504,2,1.0
6505,3,0.0
6506,4,1.0
6507,4,1.0
6508,2,1.0
6509,29,1.0
6510,1,1.0
6511,2,0.0
6512,16,0.0
6513,2,1.0
6514,4,0.0
6515,3,0.0
6516,1,0.0
6517,5,1.0
6518,7,1.0
6519,6,1.0
6520,3,1.0
6521,20,0.0
6522,3,1.0
6523,8,1.0
6524,9,1.0
6525,1,0.0
6526,1,0.0
6527,3,1.0
6528,3,1.0
6529,1,0.0
6530,8,0.0
6531,3,1.0
6532,21,1.0
6533,5,1.0
6534,5,1.0
6535,6,1.0
6536,1,1.0
6537,1,1.0
6538,1,1.0
6539,54,0.0
6540,1,1.0
6541,4,0.0
6542,1,0.0
6543,8,1.0
6544,3,1.0
6545,33,1.0
6546,2,0.0
6547,13,0.0
6548,1,0.0
6549,3,1.0
6550,7,1.0
6551,3,1.0
6552,1,1.0
6553,17,0.0
6554,1,1.0
6555,1,0.0
6556,3,1.0
6557,5,0.0
6558,3,1.0
6559,6,0.0
6560,54,0.0
6561,4,1.0
6562,6,1.0
6563,1,0.0
6564,3,0.0
6565,2,1.0
6566,2,1.0
6567,3,1.0
6568,2,1.0
6569,1,0.0
6570,6,0.0
6571,2,0.0
6572,1,1.0
6573,35,0.0
6574,1,0.0
6575,3,0.0
6576,2,0.0
6577,15,1.0
6578,4,0.0
6579,5,1.0
6580,20,0.0
6581,10,1.0
6582,1,0.0
6583,5,1.0
6584,5,1.0
6585,4,1.0
6586,4,1.0
6587,9,0.0
6588,3,0.0
6589,11,0.0
6590,5,1.0
6591,2,1.0
6592,5,1.0
6593,1,0.0
6594,1,1.0
6595,4,1.0
6596,2,0.0
6597,11,1.0
6598,11,1.0
6599,4,1.0
6600,4,0.0
6601,5,0.0
6602,1,0.0
6603,6,0.0
6604,7,1.0
6605,5,0.0
6606,2,0.0
6607,1,0.0
6608,6,1.0
6609,7,1.0
6610,2,0.0
6611,5,1.0
6612,6,1.0
6613,1,0.0
6614,6,0.0
6615,13,0.0
6616,11,1.0
6617,1,0.0
6618,7,1.0
6619,14,1.0
6620,1,1.0
6621,1,1.0
6622,8,0.0
6623,3,0.0
6624,3,1.0
6625,4,1.0
6626,3,0.0
6627,14,0.0
6628,1,0.0
6629,1,0.0
6630,1,0.0
6631,6,1.0
6632,2,0.0
6633,31,0.0
6634,16,0.0
6635,2,1.0
6636,2,0.0
6637,1,1.0
6638,2,0.0
6639,2,1.0
6640,2,1.0
6641,1,0.0
6642,9,0.0
6643,1,0.0
6644,8,1.0
6645,7,1.0
6646,2,1.0
6647,4,1.0
6648,4,0.0
6649,1,0.0
6650,3,1.0
6651,2,0.0
6652,13,0.0
6653,2,0.0
6654,7,0.0
6655,4,1.0
6656,1,0.0
6657,7,0.0
6658,7,1.0
6659,7,1.0
6660,6,1.0
6661,1,1.0
6662,1,0.0
6663,1,0.0
6664,4,1.0
6665,5,1.0
6666,1,0.0
6667,9,0.0
6668,5,1.0
6669,3,0.0
6670,2,1.0
6671,1,0.0
6672,1,0.0
6673,6,0.0
6674,4,1.0
6675,3,0.0
6676,1,1.0
6677,5,1.0
6678,5,0.0
6679,5,1.0
6680,4,1.0
6681,3,0.0
6682,22,1.0
6683,11,1.0
6684,1,0.0
6685,2,0.0
6686,9,0.0
6687,1,0.0
6688,1,0.0
6689,1,0.0
6690,1,0.0
6691,1,1.0
6692,9,0.0
6693,1,0.0
6694,3,0.0
6695,1,1.0
6696,9,1.0
6697,3,1.0
6698,1,0.0
6699,2,1.0
6700,4,1.0
6701,11,1.0
6702,2,1.0
6703,1,1.0
6704,2,1.0
6705,9,0.0
6706,3,1.0
6707,6,0.0
6708,4,1.0
6709,3,0.0
6710,2,1.0
6711,3,1.0
6712,1,0.0
6713,5,1.0
6714,2,1.0
6715,1,0.0
6716,10,1.0
6717,25,0.0
6718,1,1.0
6719,5,0.0
6720,8,1.0
6721,1,1.0
6722,11,0.0
6723,4,1.0
6724,7,1.0
6725,3,0.0
6726,10,1.0
6727,7,1.0
6728,2,1.0
6729,4,1.0
6730,5,1.0
6731,2,0.0
6732,12,0.0
6733,1,1.0
6734,21,1.0
6735,4,0.0
6736,46,0.0
6737,7,1.0
6738,32,0.0
6739,1,0.0
6740,2,0.0
6741,1,0.0
6742,41,0.0
6743,5,1.0
6744,8,1.0
6745,5,1.0
6746,5,1.0
6747,2,0.0
6748,4,1.0
6749,2,0.0
6750,9,0.0
6751,20,1.0
6752,2,1.0
6753,2,1.0
6754,5,1.0
6755,3,0.0
6756,2,1.0
6757,3,1.0
6758,2,1.0
6759,1,0.0
6760,3,0.0
6761,5,1.0
6762,1,0.0
6763,2,0.0
6764,6,1.0
6765,4,1.0
6766,1,1.0
6767,3,1.0
6768,1,0.0
6769,2,1.0
6770,2,0.0
6771,14,1.0
6772,7,1.0
6773,2,1.0
6774,2,1.0
6775,6,0.0
6776,2,0.0
6777,3,1.0
6778,2,1.0
6779,1,0.0
6780,5,0.0
6781,12,0.0
6782,2,1.0
6783,3,0.0
6784,1,0.0
6785,4,1.0
6786,11,1.0
6787,17,1.0
6788,1,1.0
6789,4,1.0
6790,2,1.0
6791,11,1.0
6792,1,0.0
6793,1,1.0
6794,1,1.0
6795,3,1.0
6796,7,1.0
6797,5,0.0
6798,3,1.0
6799,2,1.0
6800,5,0.0
6801,1,0.0
6802,2,0.0
6803,2,1.0
6804,1,0.0
6805,14,1.0
6806,1,1.0
6807,6,1.0
6808,28,0.0
6809,2,0.0
6810,5,1.0
6811,6,1.0
6812,4,1.0
6813,1,1.0
6814,1,0.0
6815,2,1.0
6816,1,0.0
6817,4,0.0
6818,7,0.0
6819,60,0.0
6820,4,1.0
6821,1,1.0
6822,4,0.0
6823,25,0.0
6824,3,1.0
6825,52,0.0
6826,1,0.0
6827,3,1.0
6828,1,0.0
6829,4,1.0
6830,2,0.0
6831,1,0.0
6832,2,1.0
6833,7,0.0
6834,3,0.0
6835,1,0.0
6836,1,0.0
6837,1,1.0
6838,3,0.0
6839,3,0.0
6840,1,1.0
6841,1,1.0
6842,2,1.0
6843,1,0.0
6844,1,0.0
6845,1,1.0
6846,6,1.0
6847,1,0.0
6848,6,1.0
6849,6,1.0
6850,2,0.0
6851,5,1.0
6852,9,1.0
6853,1,1.0
6854,6,1.0
6855,4,0.0
6856,2,1.0
6857,4,1.0
6858,5,0.0
6859,8,1.0
6860,1,0.0
6861,6,0.0
6862,2,1.0
6863,1,0.0
6864,3,0.0
6865,5,1.0
6866,7,1.0
6867,8,0.0
6868,5,0.0
6869,2,1.0
6870,2,0.0
6871,35,0.0
6872,2,1.0
6873,1,0.0
6874,11,0.0
6875,3,1.0
6876,1,0.0
6877,1,1.0
6878,4,0.0
6879,4,0.0
6880,6,1.0
6881,3,0.0
6882,3,1.0
6883,1,1.0
6884,9,1.0
6885,4,1.0
6886,4,1.0
6887,6,1.0
6888,4,1.0
6889,6,1.0
6890,6,1.0
6891,18,1.0
6892,1,0.0
6893,3,0.0
6894,1,0.0
6895,1,1.0
6896,1,0.0
6897,4,1.0
6898,2,1.0
6899,7,0.0
6900,5,1.0
6901,1,0.0
6902,1,1.0
6903,4,1.0
6904,2,1.0
6905,1,0.0
6906,1,1.0
6907,1,1.0
6908,5,0.0
6909,2,1.0
6910,1,1.0
6911,2,0.0
6912,3,0.0
6913,2,1.0
6914,6,1.0
6915,7,1.0
6916,3,0.0
6917,4,1.0
6918,3,1.0
6919,7,1.0
6920,1,1.0
6921,2,1.0
6922,2,1.0
6923,8,1.0
6924,4,1.0
6925,4,1.0
6926,2,1.0
6927,47,1.0
6928,19,1.0
6929,1,0.0
6930,3,0.0
6931,1,0.0
6932,6,1.0
6933,1,1.0
6934,3,1.0
6935,1,0.0
6936,15,1.0
6937,6,0.0
6938,3,1.0
6939,1,1.0
6940,8,1.0
6941,3,0.0
6942,6,0.0
6943,18,1.0
6944,2,0.0
6945,2,1.0
6946,13,0.0
6947,2,0.0
6948,13,1.0
6949,1,0.0
6950,4,1.0
6951,2,0.0
6952,6,1.0
6953,5,1.0
6954,2,1.0
6955,1,0.0
6956,3,1.0
6957,49,1.0
6958,3,0.0
6959,6,1.0
6960,2,1.0
6961,4,1.0
6962,3,0.0
6963,5,0.0
6964,11,0.0
6965,1,0.0
6966,3,1.0
6967,1,1.0
6968,1,0.0
6969,1,0.0
6970,7,0.0
6971,18,0.0
6972,11,1.0
6973,3,1.0
6974,3,1.0
6975,23,1.0
6976,3,1.0
6977,6,0.0
6978,3,0.0
6979,7,1.0
6980,5,0.0
6981,1,0.0
6982,1,0.0
6983,1,1.0
6984,38,0.0
6985,4,1.0
6986,1,0.0
6987,3,0.0
6988,10,0.0
6989,7,1.0
6990,15,0.0
6991,4,1.0
6992,2,0.0
6993,1,1.0
6994,5,1.0
6995,1,0.0
6996,1,1.0
6997,2,0.0
6998,2,1.0
6999,4,1.0
7000,47,0.0
7001,32,1.0
7002,30,1.0
7003,2,1.0
7004,10,0.0
7005,3,0.0
7006,5,1.0
7007,1,1.0
7008,6,0.0
7009,7,1.0
7010,20,1.0
7011,2,0.0
7012,7,1.0
7013,3,1.0
7014,2,1.0
7015,3,0.0
7016,2,0.0
7017,7,0.0
7018,5,1.0
7019,10,0.0
7020,4,1.0
7021,31,1.0
7022,2,0.0
7023,8,0.0
7024,5,0.0
7025,1,1.0
7026,51,0.0
7027,10,1.0
7028,1,0.0
7029,3,1.0
7030,1,1.0
7031,5,1.0
7032,13,0.0
7033,7,1.0
7034,11,1.0
7035,1,1.0
7036,1,1.0
7037,4,0.0
7038,2,0.0
7039,7,1.0
7040,7,1.0
7041,2,1.0
7042,4,1.0
7043,2,0.0
7044,5,0.0
7045,1,0.0
7046,11,0.0
7047,5,1.0
7048,1,0.0
7049,5,1.0
7050,2,1.0
7051,4,1.0
7052,10,1.0
7053,6,1.0
7054,6,0.0
7055,55,0.0
7056,1,1.0
7057,2,0.0
7058,5,1.0
7059,15,1.0
7060,6,1.0
7061,6,1.0
7062,2,1.0
7063,3,0.0
7064,13,1.0
7065,3,1.0
7066,1,0.0
7067,2,1.0
7068,6,1.0
7069,1,0.0
7070,8,1.0
7071,2,1.0
7072,6,1.0
7073,3,0.0
7074,8,1.0
7075,1,1.0
7076,4,0.0
7077,8,1.0
7078,1,0.0
7079,5,0.0
7080,5,1.0
7081,12,1.0
7082,1,0.0
7083,1,1.0
7084,2,1.0
7085,13,1.0
7086,5,1.0
7087,2,1.0
7088,9,0.0
7089,8,1.0
7090,2,0.0
7091,1,0.0
7092,9,0.0
7093,1,0.0
7094,5,1.0
7095,5,1.0
7096,4,1.0
7097,9,1.0
7098,3,0.0
7099,5,1.0
7100,5,0.0
7101,6,1.0
7102,2,1.0
7103,2,0.0
7104,4,0.0
7105,7,1.0
7106,7,0.0
7107,14,1.0
7108,2,1.0
7109,2,0.0
7110,8,1.0
7111,1,1.0
7112,6,0.0
7113,2,1.0
7114,14,0.0
7115,1,0.0
7116,7,1.0
7117,7,0.0
7118,1,0.0
7119,1,0.0
7120,6,1.0
7121,2,0.0
7122,2,1.0
7123,4,1.0
7124,7,1.0
7125,3,1.0
7126,5,0.0
7127,4,1.0
7128,10,1.0
7129,7,0.0
7130,7,1.0
7131,5,0.0
7132,2,0.0
7133,6,1.0
7134,6,1.0
7135,7,0.0
7136,9,0.0
7137,10,0.0
7138,2,0.0
7139,1,1.0
7140,5,1.0
7141,4,1.0
7142,7,1.0
7143,2,1.0
7144,3,0.0
7145,5,1.0
7146,1,1.0
7147,3,0.0
7148,8,1.0
7149,14,0.0
7150,1,0.0
7151,3,0.0
7152,46,0.0
7153,3,1.0
7154,1,0.0
7155,5,0.0
7156,2,0.0
7157,6,1.0
7158,4,0.0
7159,3,1.0
7160,1,0.0
7161,2,0.0
7162,10,0.0
7163,12,0.0
7164,5,1.0
7165,4,0.0
7166,2,0.0
7167,1,0.0
7168,7,1.0
7169,6,0.0
7170,10,1.0
7171,11,0.0
7172,1,0.0
7173,4,1.0
7174,13,0.0
7175,14,1.0
7176,2,1.0
7177,20,1.0
7178,2,1.0
7179,17,1.0
7180,3,0.0
7181,14,1.0
7182,4,1.0
7183,30,1.0
7184,1,0.0
7185,2,0.0
7186,5,0.0
7187,1,0.0
7188,8,1.0
7189,3,1.0
7190,4,1.0
7191,2,0.0
7192,59,0.0
7193,1,0.0
7194,3,0.0
7195,3,1.0
7196,4,1.0
7197,2,1.0
7198,57,1.0
7199,7,1.0
7200,2,0.0
7201,6,1.0
7202,36,0.0
7203,2,1.0
7204,2,0.0
7205,6,1.0
7206,10,1.0
7207,3,0.0
7208,6,1.0
7209,2,0.0
7210,7,0.0
7211,8,1.0
7212,2,1.0
7213,1,0.0
7214,4,0.0
7215,2,0.0
7216,5,0.0
7217,3,1.0
7218,12,0.0
7219,1,0.0
7220,2,1.0
7221,5,0.0
7222,2,0.0
7223,3,1.0
7224,7,1.0
7225,14,0.0
7226,1,1.0
7227,45,0.0
7228,1,0.0
7229,2,0.0
7230,3,0.0
7231,43,1.0
7232,1,1.0
7233,4,0.0
7234,6,0.0
7235,16,1.0
7236,1,0.0
7237,13,0.0
7238,3,0.0
7239,1,0.0
7240,6,1.0
7241,2,0.0
7242,4,0.0
7243,3,1.0
7244,3,1.0
7245,9,1.0
7246,3,0.0
7247,30,1.0
7248,5,0.0
7249,3,1.0
7250,15,1.0
7251,2,0.0
7252,14,0.0
7253,4,1.0
7254,4,0.0
7255,4,1.0
7256,1,1.0
7257,3,0.0
7258,3,0.0
7259,4,1.0
7260,52,0.0
7261,4,1.0
7262,16,1.0
7263,59,0.0
7264,15,0.0
7265,3,0.0
7266,7,1.0
7267,43,0.0
7268,10,0.0
7269,1,1.0
7270,4,1.0
7271,25,0.0
7272,5,1.0
7273,1,0.0
7274,4,0.0
7275,13,1.0
7276,7,0.0
7277,3,1.0
7278,42,0.0
7279,2,1.0
7280,14,0.0
7281,2,1.0
7282,5,0.0
7283,1,0.0
7284,1,1.0
7285,2,0.0
7286,4,1.0
7287,4,1.0
7288,1,1.0
7289,1,0.0
7290,8,0.0
7291,14,1.0
7292,4,1.0
7293,1,0.0
7294,2,0.0
7295,8,1.0
7296,15,1.0
7297,3,1.0
7298,10,0.0
7299,1,0.0
7300,5,1.0
7301,11,0.0
7302,2,0.0
7303,23,1.0
7304,1,0.0
7305,32,0.0
7306,1,1.0
7307,3,0.0
7308,3,0.0
7309,5,1.0
7310,7,1.0
7311,2,1.0
7312,17,1.0
7313,1,0.0
7314,1,0.0
7315,1,0.0
7316,2,0.0
7317,1,0.0
7318,3,1.0
7319,2,1.0
7320,2,0.0
7321,1,1.0
7322,7,1.0
7323,9,1.0
7324,5,0.0
7325,4,0.0
7326,6,1.0
7327,6,1.0
7328,2,0.0
7329,7,1.0
7330,1,0.0
7331,6,0.0
7332,3,0.0
7333,2,0.0
7334,3,0.0
7335,1,0.0
7336,1,0.0
7337,7,1.0
7338,1,1.0
7339,1,0.0
7340,4,0.0
7341,2,1.0
7342,16,0.0
7343,1,0.0
7344,9,1.0
7345,1,0.0
7346,1,1.0
7347,4,0.0
7348,1,0.0
7349,1,1.0
7350,5,1.0
7351,1,1.0
7352,1,1.0
7353,1,1.0
7354,1,0.0
7355,11,1.0
7356,4,1.0
7357,1,1.0
7358,4,1.0
7359,3,0.0
7360,3,1.0
7361,1,1.0
7362,1,0.0
7363,1,0.0
7364,4,1.0
7365,7,0.0
7366,2,1.0
7367,6,1.0
7368,4,0.0
7369,1,0.0
7370,4,0.0
7371,9,0.0
7372,15,0.0
7373,1,1.0
7374,12,0.0
7375,4,1.0
7376,1,0.0
7377,1,0.0
7378,8,0.0
7379,1,0.0
7380,54,1.0
7381,10,0.0
7382,2,1.0
7383,3,1.0
7384,3,0.0
7385,48,0.0
7386,2,1.0
7387,11,0.0
7388,9,0.0
7389,5,1.0
7390,1,1.0
7391,4,1.0
7392,2,0.0
7393,1,0.0
7394,2,1.0
7395,1,1.0
7396,5,0.0
7397,10,0.0
7398,7,0.0
7399,3,1.0
7400,22,0.0
7401,4,1.0
7402,2,1.0
7403,36,1.0
7404,2,0.0
7405,1,0.0
7406,4,1.0
7407,9,1.0
7408,1,0.0
7409,3,0.0
7410,1,0.0
7411,6,0.0
7412,4,1.0
7413,3,1.0
7414,1,0.0
7415,34,0.0
7416,4,1.0
7417,4,1.0
7418,5,1.0
7419,1,0.0
7420,4,1.0
7421,32,0.0
7422,34,0.0
7423,15,0.0
7424,12,1.0
7425,48,0.0
7426,27,1.0
7427,1,0.0
7428,5,1.0
7429,1,1.0
7430,4,1.0
7431,6,1.0
7432,1,0.0
7433,8,0.0
7434,10,0.0
7435,4,1.0
7436,1,0.0
7437,1,1.0
7438,7,1.0
7439,2,1.0
7440,1,1.0
7441,6,0.0
7442,48,0.0
7443,2,1.0
7444,3,0.0
7445,3,0.0
7446,7,1.0
7447,2,1.0
7448,4,0.0
7449,1,0.0
7450,5,0.0
7451,2,1.0
7452,4,1.0
7453,5,0.0
7454,10,1.0
7455,2,0.0
7456,15,0.0
7457,1,0.0
7458,10,0.0
7459,1,0.0
7460,1,1.0
7461,3,0.0
7462,5,0.0
7463,2,1.0
7464,2,0.0
7465,17,0.0
7466,12,1.0
7467,1,0.0
7468,1,0.0
7469,1,0.0
7470,4,0.0
7471,5,1.0
7472,7,1.0
7473,2,0.0
7474,8,0.0
7475,5,1.0
7476,1,0.0
7477,51,0.0
7478,1,1.0
7479,3,1.0
7480,1,0.0
7481,3,0.0
7482,1,0.0
7483,1,0.0
7484,6,1.0
7485,4,1.0
7486,8,1.0
7487,4,1.0
7488,4,0.0
7489,1,1.0
7490,5,0.0
7491,15,0.0
7492,5,0.0
7493,4,1.0
7494,8,1.0
7495,29,0.0
7496,3,0.0
7497,2,1.0
7498,8,0.0
7499,30,0.0
7500,7,0.0
7501,9,1.0
7502,4,1.0
7503,32,1.0
7504,1,0.0
7505,3,1.0
7506,11,1.0
7507,3,1.0
7508,1,1.0
7509,2,1.0
7510,3,1.0
7511,18,1.0
7512,7,0.0
7513,3,1.0
7514,2,0.0
7515,2,0.0
7516,4,1.0
7517,11,0.0
7518,11,0.0
7519,1,1.0
7520,1,0.0
7521,1,1.0
7522,11,1.0
7523,5,0.0
7524,9,0.0
7525,1,0.0
7526,2,1.0
7527,25,0.0
7528,4,1.0
7529,2,1.0
7530,1,1.0
7531,1,0.0
7532,6,1.0
7533,3,1.0
7534,5,1.0
7535,2,0.0
7536,4,1.0
7537,5,1.0
7538,4,1.0
7539,3,1.0
7540,3,1.0
7541,3,0.0
7542,32,0.0
7543,1,1.0
7544,4,1.0
7545,1,0.0
7546,2,0.0
7547,6,0.0
7548,19,1.0
7549,8,0.0
7550,2,1.0
7551,8,0.0
7552,3,1.0
7553,13,1.0
7554,1,1.0
7555,1,1.0
7556,2,1.0
7557,7,0.0
7558,3,0.0
7559,7,1.0
7560,1,1.0
7561,26,1.0
7562,5,0.0
7563,2,1.0
7564,2,1.0
7565,7,1.0
7566,1,0.0
7567,5,1.0
7568,2,0.0
7569,1,0.0
7570,15,0.0
7571,1,1.0
7572,3,0.0
7573,2,0.0
7574,6,0.0
7575,2,0.0
7576,2,1.0
7577,12,0.0
7578,8,1.0
7579,1,1.0
7580,11,0.0
7581,1,1.0
7582,5,0.0
7583,1,1.0
7584,1,0.0
7585,2,0.0
7586,4,1.0
7587,2,1.0
7588,2,0.0
7589,5,0.0
7590,1,0.0
7591,6,1.0
7592,1,1.0
7593,1,0.0
7594,4,1.0
7595,1,1.0
7596,1,1.0
7597,26,1.0
7598,7,1.0
7599,1,0.0
7600,1,1.0
7601,8,1.0
7602,2,0.0
7603,1,0.0
7604,1,0.0
7605,5,1.0
7606,1,0.0
7607,1,1.0
7608,3,0.0
7609,1,0.0
7610,1,1.0
7611,3,1.0
7612,3,1.0
7613,4,1.0
7614,52,1.0
7615,5,1.0
7616,23,1.0
7617,2,1.0
7618,12,1.0
7619,1,0.0
7620,3,1.0
7621,4,1.0
7622,2,1.0
7623,5,0.0
7624,5,1.0
7625,1,1.0
7626,3,1.0
7627,3,1.0
7628,1,1.0
7629,5,1.0
7630,1,0.0
7631,6,1.0
7632,3,1.0
7633,2,1.0
7634,6,0.0
7635,1,1.0
7636,1,0.0
7637,1,1.0
7638,1,1.0
7639,3,1.0
7640,2,1.0
7641,56,0.0
7642,2,1.0
7643,2,0.0
7644,12,1.0
7645,4,1.0
7646,1,0.0
7647,3,0.0
7648,1,1.0
7649,1,0.0
7650,5,0.0
7651,3,1.0
7652,6,1.0
7653,1,1.0
7654,2,0.0
7655,6,0.0
7656,1,0.0
7657,3,0.0
7658,4,0.0
7659,17,0.0
7660,9,0.0
7661,8,1.0
7662,2,0.0
7663,9,0.0
7664,5,0.0
7665,2,1.0
7666,2,0.0
7667,2,1.0
7668,7,1.0
7669,6,1.0
7670,3,1.0
7671,1,0.0
7672,10,1.0
7673,1,0.0
7674,4,0.0
7675,5,1.0
7676,8,0.0
7677,30,0.0
7678,2,1.0
7679,11,1.0
7680,7,1.0
7681,4,1.0
7682,60,0.0
7683,4,0.0
7684,19,0.0
7685,2,1.0
7686,2,1.0
7687,9,0.0
7688,6,1.0
7689,11,0.0
7690,3,1.0
7691,2,1.0
7692,8,0.0
7693,5,0.0
7694,43,0.0
7695,2,1.0
7696,5,1.0
7697,9,0.0
7698,1,1.0
7699,1,1.0
7700,4,0.0
7701,4,1.0
7702,3,1.0
7703,4,0.0
7704,2,0.0
7705,2,0.0
7706,3,1.0
7707,5,1.0
7708,2,0.0
7709,1,0.0
7710,6,1.0
7711,1,0.0
7712,3,1.0
7713,2,1.0
7714,3,1.0
7715,4,0.0
7716,10,1.0
7717,3,0.0
7718,2,0.0
7719,5,1.0
7720,6,0.0
7721,1,0.0
7722,32,0.0
7723,4,1.0
7724,7,1.0
7725,5,0.0
7726,34,0.0
7727,7,0.0
7728,4,1.0
7729,1,0.0
7730,1,1.0
7731,10,1.0
7732,2,0.0
7733,12,1.0
7734,13,1.0
7735,5,1.0
7736,3,0.0
7737,5,1.0
7738,4,1.0
7739,2,0.0
7740,4,1.0
7741,15,1.0
7742,6,1.0
7743,2,0.0
7744,4,1.0
7745,7,0.0
7746,33,0.0
7747,5,0.0
7748,3,0.0
7749,3,1.0
7750,1,1.0
7751,6,0.0
7752,5,0.0
7753,7,1.0
7754,11,1.0
7755,41,0.0
7756,4,1.0
7757,2,0.0
7758,2,1.0
7759,7,0.0
7760,1,0.0
7761,1,0.0
7762,4,1.0
7763,3,1.0
7764,3,1.0
7765,1,1.0
7766,4,0.0
7767,35,0.0
7768,7,1.0
7769,1,1.0
7770,1,1.0
7771,32,1.0
7772,1,0.0
7773,1,0.0
7774,5,0.0
7775,1,0.0
7776,1,0.0
7777,10,0.0
7778,3,0.0
7779,6,1.0
7780,1,1.0
7781,1,0.0
7782,9,1.0
7783,42,1.0
7784,2,0.0
7785,2,1.0
7786,1,1.0
7787,10,0.0
7788,20,1.0
7789,3,1.0
7790,1,0.0
7791,19,0.0
7792,4,0.0
7793,4,1.0
7794,3,0.0
7795,1,0.0
7796,1,0.0
7797,8,0.0
7798,4,1.0
7799,56,0.0
7800,3,0.0
7801,9,1.0
7802,1,0.0
7803,5,1.0
7804,4,0.0
7805,10,0.0
7806,6,1.0
7807,1,1.0
7808,30,1.0
7809,2,0.0
7810,15,0.0
7811,2,0.0
7812,3,0.0
7813,8,0.0
7814,3,0.0
7815,3,0.0
7816,5,0.0
7817,1,0.0
7818,5,0.0
7819,7,1.0
7820,3,0.0
7821,2,1.0
7822,2,1.0
7823,3,1.0
7824,5,1.0
7825,2,1.0
7826,3,0.0
7827,1,0.0
7828,5,1.0
7829,4,1.0
7830,4,1.0
7831,8,1.0
7832,2,0.0
7833,3,1.0
7834,15,0.0
7835,4,1.0
7836,13,1.0
7837,15,1.0
7838,11,1.0
7839,4,1.0
7840,2,0.0
7841,9,1.0
7842,4,1.0
7843,4,1.0
7844,1,0.0
7845,3,1.0
7846,3,0.0
7847,1,0.0
7848,7,1.0
7849,2,0.0
7850,1,1.0
7851,4,1.0
7852,4,1.0
7853,1,1.0
7854,16,1.0
7855,4,1.0
7856,7,1.0
7857,4,1.0
7858,1,0.0
7859,16,1.0
7860,3,0.0
7861,5,1.0
7862,4,1.0
7863,6,1.0
7864,3,0.0
7865,4,0.0
7866,2,1.0
7867,1,1.0
7868,9,1.0
7869,18,0.0
7870,2,0.0
7871,1,1.0
7872,1,1.0
7873,4,0.0
7874,7,1.0
7875,3,0.0
7876,1,1.0
7877,5,1.0
7878,2,0.0
7879,25,0.0
7880,5,0.0
7881,1,1.0
7882,1,1.0
7883,4,0.0
7884,5,0.0
7885,8,1.0
7886,9,1.0
7887,12,0.0
7888,8,1.0
7889,4,0.0
7890,5,1.0
7891,4,1.0
7892,9,0.0
7893,13,1.0
7894,2,1.0
7895,14,0.0
7896,2,0.0
7897,3,0.0
7898,4,1.0
7899,7,0.0
7900,4,1.0
7901,8,1.0
7902,22,1.0
7903,8,0.0
7904,1,1.0
7905,3,0.0
7906,22,1.0
7907,6,0.0
7908,4,1.0
7909,2,1.0
7910,6,1.0
7911,1,1.0
7912,3,0.0
7913,7,1.0
7914,8,0.0
7915,2,0.0
7916,4,1.0
7917,7,0.0
7918,7,0.0
7919,5,1.0
7920,8,0.0
7921,2,1.0
7922,18,1.0
7923,2,1.0
7924,2,1.0
7925,3,1.0
7926,1,1.0
7927,3,1.0
7928,14,0.0
7929,5,0.0
7930,7,1.0
7931,1,0.0
7932,2,1.0
7933,16,0.0
7934,3,1.0
7935,1,0.0
7936,2,1.0
7937,2,1.0
7938,1,1.0
7939,4,1.0
7940,2,0.0
7941,1,0.0
7942,1,0.0
7943,5,1.0
7944,3,0.0
7945,1,1.0
7946,1,0.0
7947,1,0.0
7948,13,1.0
7949,5,1.0
7950,2,1.0
7951,1,0.0
7952,2,0.0
7953,15,1.0
7954,4,0.0
7955,7,1.0
7956,40,1.0
7957,8,1.0
7958,3,0.0
7959,3,1.0
7960,6,1.0
7961,8,1.0
7962,3,1.0
7963,4,0.0
7964,5,0.0
7965,6,1.0
7966,4,0.0
7967,2,1.0
7968,13,0.0
7969,1,1.0
7970,1,1.0
7971,12,1.0
7972,60,0.0
7973,4,0.0
7974,8,1.0
7975,2,0.0
7976,6,0.0
7977,10,1.0
7978,1,1.0
7979,1,1.0
7980,10,0.0
7981,7,1.0
7982,8,0.0
7983,9,1.0
7984,1,0.0
7985,1,1.0
7986,8,1.0
7987,1,1.0
7988,2,1.0
7989,1,0.0
7990,1,1.0
7991,3,1.0
7992,5,1.0
7993,4,1.0
7994,6,0.0
7995,5,0.0
7996,1,0.0
7997,1,1.0
7998,4,1.0
7999,2,1.0
8000,3,0.0
8001,1,1.0
8002,5,1.0
8003,5,1.0
8004,14,0.0
8005,1,0.0
8006,4,1.0
8007,2,1.0
8008,6,1.0
8009,18,0.0
8010,3,1.0
8011,8,0.0
8012,1,1.0
8013,1,0.0
8014,14,0.0
8015,7,1.0
8016,7,0.0
8017,9,1.0
8018,7,0.0
8019,1,0.0
8020,4,0.0
8021,7,1.0
8022,1,0.0
8023,1,0.0
8024,4,1.0
8025,3,0.0
8026,3,0.0
8027,5,0.0
8028,4,1.0
8029,3,0.0
8030,13,1.0
8031,2,1.0
8032,4,1.0
8033,3,1.0
8034,39,0.0
8035,2,0.0
8036,2,1.0
8037,3,0.0
8038,4,1.0
8039,2,0.0
8040,16,0.0
8041,1,0.0
8042,1,0.0
8043,6,1.0
8044,1,0.0
8045,8,0.0
8046,1,1.0
8047,58,0.0
8048,20,1.0
8049,6,0.0
8050,7,0.0
8051,7,1.0
8052,8,1.0
8053,11,0.0
8054,3,1.0
8055,3,1.0
8056,41,0.0
8057,7,1.0
8058,1,1.0
8059,1,0.0
8060,2,1.0
8061,3,0.0
8062,6,1.0
8063,14,0.0
8064,9,1.0
8065,17,0.0
8066,6,1.0
8067,7,1.0
8068,7,1.0
8069,7,1.0
8070,5,1.0
8071,1,0.0
8072,2,0.0
8073,6,1.0
8074,8,1.0
8075,7,1.0
8076,9,1.0
8077,2,1.0
8078,3,1.0
8079,2,1.0
8080,8,0.0
8081,9,1.0
8082,5,1.0
8083,2,0.0
8084,6,1.0
8085,12,0.0
8086,4,1.0
8087,2,1.0
8088,5,1.0
8089,11,1.0
8090,5,0.0
8091,1,0.0
8092,2,0.0
8093,11,1.0
8094,24,1.0
8095,12,0.0
8096,8,1.0
8097,3,1.0
8098,1,0.0
8099,3,1.0
8100,5,0.0
8101,2,0.0
8102,2,0.0
8103,2,0.0
8104,1,0.0
8105,3,0.0
8106,8,1.0
8107,1,1.0
8108,7,0.0
8109,19,0.0
8110,1,1.0
8111,21,1.0
8112,1,0.0
8113,1,0.0
8114,3,1.0
8115,7,0.0
8116,10,1.0
8117,1,0.0
8118,8,1.0
8119,11,0.0
8120,6,0.0
8121,3,0.0
8122,4,1.0
8123,2,1.0
8124,1,0.0
8125,7,0.0
8126,2,1.0
8127,5,1.0
8128,1,0.0
8129,3,1.0
8130,16,1.0
8131,3,0.0
8132,1,1.0
8133,18,1.0
8134,1,0.0
8135,1,0.0
8136,33,0.0
8137,2,0.0
8138,2,1.0
8139,2,0.0
8140,1,0.0
8141,1,1.0
8142,2,1.0
8143,5,1.0
8144,2,0.0
8145,3,0.0
8146,20,0.0
8147,5,0.0
8148,60,0.0
8149,2,1.0
8150,1,1.0
8151,7,0.0
8152,1,1.0
8153,30,1.0
8154,1,0.0
8155,1,0.0
8156,3,0.0
8157,3,0.0
8158,11,1.0
8159,1,1.0
8160,5,0.0
8161,6,1.0
8162,6,1.0
8163,1,0.0
8164,2,1.0
8165,1,0.0
8166,5,1.0
8167,3,0.0
8168,2,1.0
8169,5,1.0
8170,2,0.0
8171,12,0.0
8172,2,0.0
8173,1,0.0
8174,2,0.0
8175,3,0.0
8176,10,1.0
8177,4,1.0
8178,2,0.0
8179,2,0.0
8180,5,1.0
8181,5,1.0
8182,3,0.0
8183,8,0.0
8184,2,0.0
8185,3,0.0
8186,10,0.0
8187,12,0.0
8188,2,1.0
8189,5,0.0
8190,4,1.0
8191,1,0.0
8192,3,1.0
8193,4,1.0
8194,5,1.0
8195,3,0.0
8196,30,0.0
8197,4,1.0
8198,2,1.0
8199,3,1.0
8200,2,0.0
8201,2,0.0
8202,4,1.0
8203,5,1.0
8204,2,0.0
8205,3,0.0
8206,4,0.0
8207,1,0.0
8208,3,0.0
8209,49,0.0
8210,2,0.0
8211,1,1.0
8212,4,1.0
8213,1,0.0
8214,4,1.0
8215,2,0.0
8216,9,0.0
8217,2,0.0
8218,4,0.0
8219,1,1.0
8220,1,0.0
8221,5,1.0
8222,7,0.0
8223,4,1.0
8224,1,0.0
8225,5,1.0
8226,4,1.0
8227,4,0.0
8228,3,1.0
8229,1,0.0
8230,11,0.0
8231,2,0.0
8232,1,1.0
8233,1,1.0
8234,5,1.0
8235,3,0.0
8236,7,1.0
8237,1,1.0
8238,6,1.0
8239,8,0.0
8240,5,0.0
8241,1,1.0
8242,1,0.0
8243,3,0.0
8244,5,1.0
8245,11,1.0
8246,2,1.0
8247,14,1.0
8248,1,0.0
8249,4,0.0
8250,5,0.0
8251,9,0.0
8252,10,0.0
8253,2,1.0
8254,2,1.0
8255,5,1.0
8256,2,1.0
8257,1,1.0
8258,3,0.0
8259,1,0.0
8260,21,1.0
8261,2,0.0
8262,8,0.0
8263,1,0.0
8264,2,0.0
8265,6,0.0
8266,6,0.0
8267,5,0.0
8268,7,1.0
8269,1,1.0
8270,7,1.0
8271,6,0.0
8272,2,0.0
8273,34,1.0
8274,3,1.0
8275,2,1.0
8276,5,0.0
8277,6,0.0
8278,8,1.0
8279,4,1.0
8280,1,0.0
8281,1,0.0
8282,7,1.0
8283,7,1.0
8284,36,1.0
8285,5,1.0
8286,5,1.0
8287,1,0.0
8288,1,1.0
8289,3,1.0
8290,14,1.0
8291,2,1.0
8292,10,1.0
8293,8,1.0
8294,6,1.0
8295,6,1.0
8296,2,0.0
8297,4,1.0
8298,2,0.0
8299,2,1.0
8300,23,0.0
8301,3,0.0
8302,10,0.0
8303,5,1.0
8304,2,0.0
8305,30,1.0
8306,1,0.0
8307,3,0.0
8308,1,1.0
8309,8,1.0
8310,4,0.0
8311,1,1.0
8312,2,1.0
8313,4,1.0
8314,3,1.0
8315,4,1.0
8316,1,1.0
8317,2,0.0
8318,4,1.0
8319,13,0.0
8320,4,1.0
8321,5,1.0
8322,20,0.0
8323,2,0.0
8324,4,1.0
8325,1,0.0
8326,1,0.0
8327,2,1.0
8328,2,0.0
8329,59,0.0
8330,4,1.0
8331,1,0.0
8332,8,1.0
8333,1,0.0
8334,39,1.0
8335,41,0.0
8336,1,0.0
8337,4,1.0
8338,1,0.0
8339,3,1.0
8340,6,1.0
8341,12,1.0
8342,6,0.0
8343,6,1.0
8344,9,0.0
8345,58,0.0
8346,8,0.0
8347,1,0.0
8348,4,1.0
8349,4,0.0
8350,6,1.0
8351,1,0.0
8352,2,0.0
8353,6,1.0
8354,5,1.0
8355,11,1.0
8356,3,1.0
8357,1,0.0
8358,1,1.0
8359,1,1.0
8360,3,1.0
8361,7,1.0
8362,6,1.0
8363,3,1.0
8364,4,1.0
8365,3,0.0
8366,2,1.0
8367,3,0.0
8368,2,1.0
8369,6,0.0
8370,1,0.0
8371,5,0.0
8372,6,0.0
8373,3,0.0
8374,4,0.0
8375,3,0.0
8376,7,1.0
8377,24,1.0
8378,8,0.0
8379,9,0.0
8380,12,0.0
8381,7,0.0
8382,8,0.0
8383,7,0.0
8384,9,1.0
8385,2,0.0
8386,7,0.0
8387,4,0.0
8388,5,0.0
8389,7,1.0
8390,20,0.0
8391,10,0.0
8392,2,1.0
8393,2,0.0
8394,4,1.0
8395,22,0.0
8396,7,0.0
8397,1,0.0
8398,2,1.0
8399,5,0.0
8400,2,1.0
8401,3,1.0
8402,1,0.0
8403,5,0.0
8404,3,0.0
8405,1,0.0
8406,1,0.0
8407,3,0.0
8408,4,1.0
8409,3,0.0
8410,29,1.0
8411,3,0.0
8412,6,1.0
8413,6,1.0
8414,3,1.0
8415,3,1.0
8416,4,1.0
8417,2,0.0
8418,3,1.0
8419,4,1.0
8420,41,0.0
8421,2,1.0
8422,2,0.0
8423,7,1.0
8424,1,0.0
8425,1,0.0
8426,9,1.0
8427,8,0.0
8428,8,0.0
8429,10,0.0
8430,1,1.0
8431,6,0.0
8432,3,1.0
8433,6,1.0
8434,1,1.0
8435,1,0.0
8436,35,0.0
8437,5,0.0
8438,3,1.0
8439,3,0.0
8440,6,1.0
8441,4,1.0
8442,2,1.0
8443,1,1.0
8444,4,1.0
8445,10,1.0
8446,2,1.0
8447,1,0.0
8448,1,1.0
8449,5,0.0
8450,33,0.0
8451,23,0.0
8452,3,0.0
8453,8,0.0
8454,1,1.0
8455,1,0.0
8456,2,1.0
8457,5,1.0
8458,1,1.0
8459,3,0.0
8460,3,0.0
8461,16,0.0
8462,6,1.0
8463,35,0.0
8464,11,0.0
8465,4,0.0
8466,5,0.0
8467,13,0.0
8468,1,1.0
8469,2,1.0
8470,2,0.0
8471,11,0.0
8472,1,0.0
8473,17,0.0
8474,3,1.0
8475,1,1.0
8476,2,0.0
8477,2,0.0
8478,2,1.0
8479,4,1.0
8480,15,0.0
8481,8,1.0
8482,1,1.0
8483,1,0.0
8484,5,1.0
8485,1,1.0
8486,4,1.0
8487,9,0.0
8488,2,1.0
8489,29,1.0
8490,51,0.0
8491,1,1.0
8492,5,1.0
8493,9,1.0
8494,3,0.0
8495,2,1.0
8496,6,0.0
8497,6,1.0
8498,46,0.0
8499,26,0.0
8500,2,0.0
8501,3,0.0
8502,29,1.0
8503,1,0.0
8504,11,1.0
8505,10,1.0
8506,2,0.0
8507,1,0.0
8508,2,0.0
8509,7,0.0
8510,20,0.0
8511,1,0.0
8512,2,1.0
8513,1,0.0
8514,3,0.0
8515,3,0.0
8516,6,0.0
8517,5,1.0
8518,14,1.0
8519,2,0.0
8520,4,0.0
8521,1,1.0
8522,2,1.0
8523,1,0.0
8524,8,1.0
8525,1,0.0
8526,4,0.0
8527,1,0.0
8528,9,0.0
8529,2,1.0
8530,7,0.0
8531,6,0.0
8532,1,1.0
8533,4,1.0
8534,2,1.0
8535,7,1.0
8536,6,1.0
8537,3,1.0
8538,6,0.0
8539,4,1.0
8540,1,1.0
8541,1,0.0
8542,1,0.0
8543,3,0.0
8544,3,1.0
8545,3,1.0
8546,4,0.0
8547,7,0.0
8548,6,0.0
8549,2,0.0
8550,1,0.0
8551,3,1.0
8552,13,1.0
8553,10,0.0
8554,3,1.0
8555,9,0.0
8556,4,1.0
8557,17,0.0
8558,10,1.0
8559,3,1.0
8560,1,0.0
8561,1,1.0
8562,2,0.0
8563,20,0.0
8564,8,1.0
8565,2,0.0
8566,4,1.0
8567,3,1.0
8568,1,1.0
8569,13,1.0
8570,12,1.0
8571,2,1.0
8572,1,0.0
8573,2,0.0
8574,3,1.0
8575,8,1.0
8576,17,0.0
8577,7,0.0
8578,6,0.0
8579,1,1.0
8580,12,1.0
8581,1,0.0
8582,1,0.0
8583,1,0.0
8584,10,0.0
8585,7,1.0
8586,1,0.0
8587,2,1.0
8588,3,1.0
8589,1,0.0
8590,15,0.0
8591,21,0.0
8592,2,0.0
8593,40,0.0
8594,7,1.0
8595,5,1.0
8596,8,0.0
8597,1,1.0
8598,4,1.0
8599,2,1.0
8600,9,1.0
8601,24,1.0
8602,4,1.0
8603,9,0.0
8604,2,0.0
8605,9,0.0
8606,9,0.0
8607,3,1.0
8608,5,1.0
8609,2,1.0
8610,2,1.0
8611,19,1.0
8612,1,0.0
8613,6,1.0
8614,6,1.0
8615,9,0.0
8616,1,0.0
8617,1,0.0
8618,51,1.0
8619,4,1.0
8620,3,0.0
8621,6,1.0
8622,4,0.0
8623,1,1.0
8624,14,0.0
8625,7,1.0
8626,4,1.0
8627,4,0.0
8628,1,0.0
8629,1,0.0
8630,6,0.0
8631,1,0.0
8632,3,0.0
8633,2,1.0
8634,3,0.0
8635,4,1.0
8636,4,1.0
8637,3,0.0
8638,12,0.0
8639,1,0.0
8640,6,0.0
8641,2,1.0
8642,4,1.0
8643,3,0.0
8644,4,0.0
8645,10,1.0
8646,6,0.0
8647,53,0.0
8648,1,0.0
8649,1,0.0
8650,14,1.0
8651,3,0.0
8652,2,0.0
8653,13,0.0
8654,7,0.0
8655,13,0.0
8656,5,0.0
8657,6,0.0
8658,6,0.0
8659,2,0.0
8660,4,1.0
8661,4,1.0
8662,19,1.0
8663,6,0.0
8664,5,0.0
8665,13,0.0
8666,5,1.0
8667,5,0.0
8668,3,1.0
8669,3,0.0
8670,11,1.0
8671,14,1.0
8672,24,0.0
8673,2,1.0
8674,26,0.0
8675,1,1.0
8676,4,1.0
8677,5,1.0
8678,3,1.0
8679,1,0.0
8680,49,0.0
8681,3,1.0
8682,4,0.0
8683,25,0.0
8684,9,0.0
8685,2,0.0
8686,10,1.0
8687,5,1.0
8688,4,1.0
8689,7,1.0
8690,2,1.0
8691,1,0.0
8692,6,0.0
8693,9,1.0
8694,1,1.0
8695,1,1.0
8696,2,1.0
8697,4,1.0
8698,5,1.0
8699,10,0.0
8700,6,1.0
8701,17,0.0
8702,9,1.0
8703,10,1.0
8704,2,0.0
8705,11,1.0
8706,10,1.0
8707,6,1.0
8708,11,0.0
8709,4,0.0
8710,3,1.0
8711,2,0.0
8712,2,1.0
8713,8,0.0
8714,1,1.0
8715,3,1.0
8716,9,0.0
8717,3,0.0
8718,3,0.0
8719,1,0.0
8720,14,1.0
8721,10,0.0
8722,2,1.0
8723,1,1.0
8724,4,1.0
8725,2,1.0
8726,2,1.0
8727,2,1.0
8728,8,1.0
8729,1,1.0
8730,9,1.0
8731,2,1.0
8732,8,1.0
8733,1,0.0
8734,4,1.0
8735,9,1.0
8736,3,1.0
8737,7,0.0
8738,15,0.0
8739,1,0.0
8740,4,0.0
8741,2,0.0
8742,1,0.0
8743,4,0.0
8744,6,1.0
8745,5,1.0
8746,7,0.0
8747,7,1.0
8748,1,0.0
8749,5,1.0
8750,1,1.0
8751,3,1.0
8752,7,0.0
8753,2,1.0
8754,11,1.0
8755,42,1.0
8756,2,0.0
8757,1,1.0
8758,7,0.0
8759,1,1.0
8760,7,1.0
8761,10,0.0
8762,1,1.0
8763,1,0.0
8764,47,0.0
8765,9,1.0
8766,1,1.0
8767,3,1.0
8768,4,1.0
8769,2,1.0
8770,4,0.0
8771,7,0.0
8772,3,0.0
8773,5,0.0
8774,2,0.0
8775,10,0.0
8776,2,1.0
8777,3,1.0
8778,2,0.0
8779,3,1.0
8780,3,1.0
8781,3,0.0
8782,5,1.0
8783,2,0.0
8784,8,0.0
8785,1,0.0
8786,2,0.0
8787,2,1.0
8788,4,1.0
8789,1,1.0
8790,5,0.0
8791,3,1.0
8792,3,0.0
8793,8,1.0
8794,12,0.0
8795,17,0.0
8796,16,0.0
8797,1,1.0
8798,10,0.0
8799,1,1.0
8800,1,0.0
8801,2,0.0
8802,13,0.0
8803,1,1.0
8804,25,1.0
8805,2,0.0
8806,5,1.0
8807,23,0.0
8808,2,1.0
8809,23,1.0
8810,6,1.0
8811,1,0.0
8812,3,1.0
8813,49,0.0
8814,10,1.0
8815,1,0.0
8816,1,1.0
8817,4,1.0
8818,2,0.0
8819,4,1.0
8820,2,1.0
8821,5,0.0
8822,7,0.0
8823,8,0.0
8824,59,0.0
8825,4,1.0
8826,12,0.0
8827,7,1.0
8828,13,1.0
8829,33,0.0
8830,1,0.0
8831,9,1.0
8832,1,0.0
8833,9,0.0
8834,3,1.0
8835,17,0.0
8836,14,0.0
8837,12,0.0
8838,15,0.0
8839,15,1.0
8840,6,0.0
8841,2,0.0
8842,4,1.0
8843,2,0.0
8844,3,1.0
8845,8,0.0
8846,5,1.0
8847,1,1.0
8848,3,0.0
8849,8,0.0
8850,3,1.0
8851,8,1.0
8852,4,0.0
8853,1,1.0
8854,2,1.0
8855,2,0.0
8856,7,0.0
8857,23,0.0
8858,1,1.0
8859,1,1.0
8860,13,1.0
8861,1,0.0
8862,1,0.0
8863,4,1.0
8864,6,0.0
8865,2,1.0
8866,3,1.0
8867,3,0.0
8868,2,0.0
8869,1,0.0
8870,3,1.0
8871,7,0.0
8872,28,1.0
8873,4,1.0
8874,1,1.0
8875,2,1.0
8876,14,0.0
8877,1,0.0
8878,22,1.0
8879,8,0.0
8880,1,1.0
8881,1,1.0
8882,2,0.0
8883,3,1.0
8884,2,0.0
8885,4,1.0
8886,19,1.0
8887,2,0.0
8888,15,0.0
8889,9,1.0
8890,1,0.0
8891,1,0.0
8892,6,1.0
8893,1,0.0
8894,2,1.0
8895,3,0.0
8896,57,0.0
8897,7,0.0
8898,20,1.0
8899,1,1.0
8900,4,0.0
8901,8,1.0
8902,1,1.0
8903,5,0.0
8904,21,0.0
8905,5,1.0
8906,4,0.0
8907,1,1.0
8908,1,0.0
8909,2,1.0
8910,4,0.0
8911,6,0.0
8912,17,1.0
8913,1,0.0
8914,1,1.0
8915,3,1.0
8916,2,1.0
8917,7,1.0
8918,2,0.0
8919,9,1.0
8920,7,0.0
8921,46,0.0
8922,1,0.0
8923,2,0.0
8924,10,1.0
8925,3,1.0
8926,1,0.0
8927,3,1.0
8928,5,1.0
8929,11,1.0
8930,6,0.0
8931,1,1.0
8932,7,1.0
8933,19,1.0
8934,4,1.0
8935,3,1.0
8936,17,1.0
8937,3,1.0
8938,2,0.0
8939,1,0.0
8940,3,1.0
8941,11,0.0
8942,5,1.0
8943,3,1.0
8944,1,1.0
8945,5,0.0
8946,3,0.0
8947,2,0.0
8948,4,1.0
8949,10,1.0
8950,7,1.0
8951,2,1.0
8952,1,0.0
8953,5,0.0
8954,8,0.0
8955,3,0.0
8956,7,1.0
8957,28,0.0
8958,16,0.0
8959,5,1.0
8960,1,0.0
8961,3,1.0
8962,5,1.0
8963,4,1.0
8964,4,1.0
8965,7,0.0
8966,10,1.0
8967,21,0.0
8968,1,1.0
8969,6,1.0
8970,2,0.0
8971,11,0.0
8972,9,1.0
8973,3,0.0
8974,5,0.0
8975,8,0.0
8976,3,1.0
8977,9,0.0
8978,5,1.0
8979,1,1.0
8980,5,0.0
8981,3,1.0
8982,5,1.0
8983,5,1.0
8984,1,1.0
8985,2,0.0
8986,5,1.0
8987,3,1.0
8988,5,1.0
8989,1,1.0
8990,1,0.0
8991,1,0.0
8992,3,1.0
8993,2,0.0
8994,2,0.0
8995,2,0.0
8996,2,0.0
8997,1,0.0
8998,31,1.0
8999,2,0.0
9000,1,1.0
9001,2,0.0
9002,2,0.0
9003,4,1.0
9004,1,0.0
9005,1,0.0
9006,1,0.0
9007,9,1.0
9008,4,1.0
9009,1,1.0
9010,1,1.0
9011,6,1.0
9012,5,0.0
9013,6,1.0
9014,2,1.0
9015,4,1.0
9016,6,0.0
9017,18,0.0
9018,9,0.0
9019,3,1.0
9020,4,1.0
9021,3,0.0
9022,3,1.0
9023,4,1.0
9024,2,1.0
9025,1,1.0
9026,3,1.0
9027,2,0.0
9028,3,1.0
9029,4,1.0
9030,37,0.0
9031,6,1.0
9032,5,1.0
9033,1,0.0
9034,2,1.0
9035,1,1.0
9036,23,0.0
9037,2,0.0
9038,1,1.0
9039,42,1.0
9040,6,1.0
9041,1,0.0
9042,4,1.0
9043,4,1.0
9044,4,0.0
9045,4,1.0
9046,1,1.0
9047,3,0.0
9048,14,1.0
9049,2,1.0
9050,2,1.0
9051,13,0.0
9052,2,1.0
9053,8,1.0
9054,4,1.0
9055,2,0.0
9056,4,1.0
9057,1,1.0
9058,4,0.0
9059,6,1.0
9060,1,1.0
9061,10,1.0
9062,1,1.0
9063,5,0.0
9064,1,1.0
9065,7,1.0
9066,2,0.0
9067,2,1.0
9068,20,1.0
9069,3,1.0
9070,8,0.0
9071,9,1.0
9072,6,1.0
9073,1,0.0
9074,2,0.0
9075,3,1.0
9076,1,1.0
9077,7,0.0
9078,1,0.0
9079,2,0.0
9080,6,1.0
9081,13,0.0
9082,8,1.0
9083,3,0.0
9084,2,0.0
9085,6,1.0
9086,7,1.0
9087,5,0.0
9088,10,1.0
9089,22,0.0
9090,14,0.0
9091,5,0.0
9092,2,0.0
9093,44,0.0
9094,2,0.0
9095,4,1.0
9096,1,0.0
9097,6,0.0
9098,4,1.0
9099,8,1.0
9100,3,0.0
9101,5,1.0
9102,1,0.0
9103,55,1.0
9104,4,1.0
9105,2,0.0
9106,6,1.0
9107,7,1.0
9108,2,0.0
9109,1,1.0
9110,2,1.0
9111,1,0.0
9112,3,0.0
9113,8,1.0
9114,1,0.0
9115,1,1.0
9116,2,1.0
9117,1,1.0
9118,4,1.0
9119,4,1.0
9120,3,1.0
9121,4,1.0
9122,3,0.0
9123,6,1.0
9124,7,1.0
9125,1,1.0
9126,3,1.0
9127,3,0.0
9128,6,0.0
9129,1,1.0
9130,2,1.0
9131,1,0.0
9132,4,0.0
9133,3,0.0
9134,9,0.0
9135,1,0.0
9136,15,1.0
9137,7,0.0
9138,1,0.0
9139,6,0.0
9140,4,1.0
9141,3,0.0
9142,1,1.0
9143,2,1.0
9144,3,0.0
9145,8,1.0
9146,5,1.0
9147,5,0.0
9148,1,1.0
9149,4,1.0
9150,18,0.0
9151,3,0.0
9152,6,1.0
9153,2,0.0
9154,8,1.0
9155,4,0.0
9156,3,1.0
9157,1,0.0
9158,1,0.0
9159,3,0.0
9160,12,0.0
9161,1,0.0
9162,4,1.0
9163,36,0.0
9164,23,0.0
9165,3,0.0
9166,1,1.0
9167,4,1.0
9168,1,0.0
9169,2,0.0
9170,1,0.0
9171,8,1.0
9172,4,1.0
9173,7,0.0
9174,14,0.0
9175,3,0.0
9176,1,1.0
9177,1,1.0
9178,8,1.0
9179,4,0.0
9180,2,1.0
9181,1,0.0
9182,44,1.0
9183,1,0.0
9184,14,0.0
9185,2,0.0
9186,8,0.0
9187,3,1.0
9188,7,1.0
9189,9,1.0
9190,10,0.0
9191,5,0.0
9192,1,1.0
9193,2,1.0
9194,1,0.0
9195,11,0.0
9196,3,0.0
9197,6,0.0
9198,2,1.0
9199,50,0.0
9200,3,1.0
9201,2,1.0
9202,4,1.0
9203,1,0.0
9204,6,0.0
9205,9,1.0
9206,18,1.0
9207,1,0.0
9208,6,0.0
9209,1,0.0
9210,2,0.0
9211,5,1.0
9212,2,1.0
9213,3,1.0
9214,1,1.0
9215,7,1.0
9216,3,0.0
9217,16,0.0
9218,3,0.0
9219,54,0.0
9220,6,1.0
9221,7,0.0
9222,2,0.0
9223,30,0.0
9224,8,0.0
9225,1,0.0
9226,16,1.0
9227,3,0.0
9228,11,0.0
9229,14,0.0
9230,1,1.0
9231,4,1.0
9232,6,0.0
9233,2,0.0
9234,7,1.0
9235,4,1.0
9236,6,0.0
9237,1,0.0
9238,1,1.0
9239,3,0.0
9240,10,1.0
9241,5,1.0
9242,5,1.0
9243,7,1.0
9244,2,0.0
9245,2,0.0
9246,2,0.0
9247,6,1.0
9248,1,0.0
9249,8,1.0
9250,5,1.0
9251,5,0.0
9252,4,1.0
9253,21,1.0
9254,3,0.0
9255,6,1.0
9256,5,0.0
9257,1,1.0
9258,26,0.0
9259,5,1.0
9260,9,1.0
9261,3,1.0
9262,4,1.0
9263,2,0.0
9264,8,1.0
9265,22,0.0
9266,4,0.0
9267,2,1.0
9268,2,0.0
9269,4,0.0
9270,6,0.0
9271,1,0.0
9272,3,1.0
9273,12,1.0
9274,5,0.0
9275,4,1.0
9276,6,1.0
9277,6,1.0
9278,4,1.0
9279,3,1.0
9280,3,1.0
9281,11,1.0
9282,1,1.0
9283,1,1.0
9284,5,0.0
9285,1,1.0
9286,1,0.0
9287,13,0.0
9288,9,1.0
9289,48,0.0
9290,2,0.0
9291,7,0.0
9292,2,1.0
9293,2,0.0
9294,9,1.0
9295,4,1.0
9296,3,1.0
9297,3,0.0
9298,11,0.0
9299,2,1.0
9300,41,0.0
9301,3,1.0
9302,37,0.0
9303,2,1.0
9304,1,1.0
9305,5,1.0
9306,1,0.0
9307,4,0.0
9308,17,1.0
9309,1,0.0
9310,5,1.0
9311,3,0.0
9312,4,0.0
9313,39,1.0
9314,3,0.0
9315,1,1.0
9316,3,0.0
9317,1,1.0
9318,7,0.0
9319,4,1.0
9320,13,0.0
9321,4,1.0
9322,3,1.0
9323,2,1.0
9324,2,0.0
9325,4,0.0
9326,3,1.0
9327,5,0.0
9328,23,0.0
9329,2,1.0
9330,5,1.0
9331,3,0.0
9332,6,0.0
9333,1,0.0
9334,5,1.0
9335,4,1.0
9336,6,1.0
9337,7,1.0
9338,1,0.0
9339,3,0.0
9340,2,1.0
9341,5,0.0
9342,1,0.0
9343,56,1.0
9344,3,1.0
9345,1,1.0
9346,1,0.0
9347,15,0.0
9348,3,1.0
9349,5,0.0
9350,3,1.0
9351,4,0.0
9352,2,0.0
9353,2,1.0
9354,1,1.0
9355,13,0.0
9356,1,0.0
9357,4,0.0
9358,3,0.0
9359,2,1.0
9360,27,1.0
9361,53,1.0
9362,1,0.0
9363,4,1.0
9364,3,1.0
9365,2,1.0
9366,10,0.0
9367,6,1.0
9368,1,1.0
9369,4,1.0
9370,3,0.0
9371,8,0.0
9372,3,1.0
9373,4,0.0
9374,3,1.0
9375,3,1.0
9376,3,0.0
9377,1,1.0
9378,8,1.0
9379,5,0.0
9380,47,1.0
9381,3,1.0
9382,33,0.0
9383,3,1.0
9384,3,1.0
9385,2,1.0
9386,1,1.0
9387,11,1.0
9388,13,0.0
9389,1,1.0
9390,5,1.0
9391,2,0.0
9392,2,1.0
9393,4,1.0
9394,2,0.0
9395,1,1.0
9396,9,0.0
9397,4,1.0
9398,2,1.0
9399,4,1.0
9400,1,0.0
9401,12,0.0
9402,2,0.0
9403,22,0.0
9404,6,0.0
9405,10,1.0
9406,4,1.0
9407,1,1.0
9408,6,1.0
9409,4,1.0
9410,2,1.0
9411,1,0.0
9412,10,1.0
9413,3,1.0
9414,4,1.0
9415,4,1.0
9416,4,0.0
9417,1,0.0
9418,4,1.0
9419,17,1.0
9420,46,0.0
9421,3,0.0
9422,2,0.0
9423,1,0.0
9424,3,1.0
9425,5,1.0
9426,2,1.0
9427,4,0.0
9428,6,0.0
9429,8,1.0
9430,1,1.0
9431,4,0.0
9432,36,0.0
9433,1,0.0
9434,6,1.0
9435,2,1.0
9436,7,0.0
9437,12,1.0
9438,3,0.0
9439,2,0.0
9440,59,0.0
9441,6,0.0
9442,7,1.0
9443,1,0.0
9444,1,1.0
9445,3,0.0
9446,3,1.0
9447,2,0.0
9448,15,1.0
9449,7,0.0
9450,9,1.0
9451,6,1.0
9452,2,0.0
9453,2,0.0
9454,3,0.0
9455,7,0.0
9456,58,0.0
9457,4,0.0
9458,2,1.0
9459,5,0.0
9460,1,0.0
9461,38,1.0
9462,2,0.0
9463,6,1.0
9464,7,1.0
9465,53,1.0
9466,4,1.0
9467,4,0.0
9468,3,1.0
9469,3,1.0
9470,6,0.0
9471,5,0.0
9472,2,0.0
9473,4,0.0
9474,2,0.0
9475,16,0.0
9476,14,1.0
9477,6,1.0
9478,7,1.0
9479,1,1.0
9480,5,0.0
9481,1,0.0
9482,3,0.0
9483,3,1.0
9484,6,1.0
9485,6,0.0
9486,5,1.0
9487,16,0.0
9488,13,0.0
9489,1,0.0
9490,1,0.0
9491,4,1.0
9492,6,1.0
9493,4,1.0
9494,2,1.0
9495,5,1.0
9496,1,0.0
9497,3,1.0
9498,20,0.0
9499,2,0.0
9500,4,1.0
9501,8,0.0
9502,2,1.0
9503,7,1.0
9504,4,1.0
9505,3,1.0
9506,7,0.0
9507,1,1.0
9508,9,1.0
9509,2,1.0
9510,12,0.0
9511,4,1.0
9512,6,1.0
9513,1,1.0
9514,1,0.0
9515,2,1.0
9516,2,0.0
9517,1,0.0
9518,3,0.0
9519,2,1.0
9520,4,0.0
9521,3,1.0
9522,17,0.0
9523,12,1.0
9524,1,0.0
9525,2,1.0
9526,5,0.0
9527,3,0.0
9528,9,0.0
9529,8,1.0
9530,1,0.0
9531,1,0.0
9532,4,1.0
9533,8,0.0
9534,3,1.0
9535,1,0.0
9536,3,0.0
9537,1,0.0
9538,1,0.0
9539,2,1.0
9540,2,1.0
9541,2,0.0
9542,3,1.0
9543,1,0.0
9544,8,1.0
9545,3,0.0
9546,2,0.0
9547,3,1.0
9548,6,1.0
9549,6,1.0
9550,4,0.0
9551,4,1.0
9552,2,1.0
9553,4,0.0
9554,6,1.0
9555,3,1.0
9556,1,0.0
9557,6,1.0
9558,1,0.0
9559,1,0.0
9560,1,0.0
9561,3,0.0
9562,3,0.0
9563,2,0.0
9564,11,0.0
9565,8,0.0
9566,4,0.0
9567,1,0.0
9568,5,1.0
9569,1,1.0
9570,1,1.0
9571,12,1.0
9572,1,0.0
9573,4,1.0
9574,3,1.0
9575,9,1.0
9576,7,1.0
9577,4,0.0
9578,4,1.0
9579,1,0.0
9580,1,0.0
9581,1,0.0
9582,2,1.0
9583,4,1.0
9584,10,1.0
9585,1,1.0
9586,4,1.0
9587,5,1.0
9588,1,1.0
9589,8,0.0
9590,1,1.0
9591,3,1.0
9592,49,0.0
9593,1,1.0
9594,5,0.0
9595,12,0.0
9596,4,0.0
9597,3,1.0
9598,2,1.0
9599,4,1.0
9600,4,1.0
9601,8,0.0
9602,2,0.0
9603,2,1.0
9604,5,1.0
9605,4,1.0
9606,2,0.0
9607,4,1.0
9608,4,0.0
9609,1,0.0
9610,16,0.0
9611,17,0.0
9612,3,0.0
9613,13,1.0
9614,9,1.0
9615,3,1.0
9616,3,1.0
9617,1,0.0
9618,2,0.0
9619,4,1.0
9620,2,0.0
9621,4,0.0
9622,6,0.0
9623,1,1.0
9624,11,1.0
9625,7,1.0
9626,3,1.0
9627,2,1.0
9628,26,0.0
9629,10,0.0
9630,3,1.0
9631,1,0.0
9632,3,1.0
9633,5,0.0
9634,1,0.0
9635,4,1.0
9636,2,1.0
9637,2,1.0
9638,3,1.0
9639,11,0.0
9640,2,1.0
9641,36,1.0
9642,5,0.0
9643,5,1.0
9644,1,0.0
9645,5,1.0
9646,8,1.0
9647,8,1.0
9648,1,1.0
9649,3,1.0
9650,8,1.0
9651,2,1.0
9652,3,1.0
9653,9,0.0
9654,5,1.0
9655,9,0.0
9656,3,0.0
9657,1,0.0
9658,46,1.0
9659,3,1.0
9660,9,1.0
9661,15,0.0
9662,1,1.0
9663,7,1.0
9664,50,1.0
9665,9,1.0
9666,2,0.0
9667,6,1.0
9668,3,0.0
9669,1,0.0
9670,10,0.0
9671,8,0.0
9672,6,1.0
9673,3,1.0
9674,3,1.0
9675,6,0.0
9676,4,0.0
9677,2,0.0
9678,3,0.0
9679,3,0.0
9680,17,1.0
9681,1,1.0
9682,11,1.0
9683,4,1.0
9684,50,0.0
9685,15,1.0
9686,1,1.0
9687,11,1.0
9688,4,0.0
9689,4,0.0
9690,1,0.0
9691,1,1.0
9692,36,0.0
9693,7,1.0
9694,17,1.0
9695,1,0.0
9696,24,1.0
9697,1,1.0
9698,7,1.0
9699,1,0.0
9700,9,1.0
9701,5,1.0
9702,14,0.0
9703,4,1.0
9704,3,1.0
9705,12,0.0
9706,6,0.0
9707,2,0.0
9708,4,0.0
9709,19,1.0
9710,2,1.0
9711,3,0.0
9712,10,0.0
9713,8,1.0
9714,4,1.0
9715,2,1.0
9716,2,0.0
9717,1,0.0
9718,1,1.0
9719,10,1.0
9720,4,1.0
9721,3,0.0
9722,2,0.0
9723,5,0.0
9724,1,0.0
9725,1,0.0
9726,5,1.0
9727,8,1.0
9728,2,1.0
9729,2,0.0
9730,1,1.0
9731,4,0.0
9732,20,1.0
9733,2,0.0
9734,6,1.0
9735,3,0.0
9736,9,1.0
9737,1,1.0
9738,4,0.0
9739,11,1.0
9740,10,1.0
9741,12,1.0
9742,2,1.0
9743,5,1.0
9744,3,1.0
9745,3,0.0
9746,2,0.0
9747,2,1.0
9748,2,1.0
9749,4,0.0
9750,1,0.0
9751,7,1.0
9752,1,0.0
9753,5,1.0
9754,6,1.0
9755,2,1.0
9756,18,1.0
9757,8,1.0
9758,1,0.0
9759,32,1.0
9760,1,1.0
9761,1,1.0
9762,3,0.0
9763,18,0.0
9764,5,0.0
9765,2,0.0
9766,7,0.0
9767,1,1.0
9768,11,0.0
9769,4,1.0
9770,1,1.0
9771,2,0.0
9772,4,1.0
9773,2,1.0
9774,6,1.0
9775,7,1.0
9776,7,1.0
9777,3,0.0
9778,2,1.0
9779,2,0.0
9780,1,1.0
9781,1,1.0
9782,1,0.0
9783,3,1.0
9784,6,1.0
9785,2,1.0
9786,2,0.0
9787,12,1.0
9788,7,0.0
9789,6,0.0
9790,13,0.0
9791,3,0.0
9792,3,1.0
9793,2,1.0
9794,40,0.0
9795,1,0.0
9796,5,1.0
9797,3,0.0
9798,1,1.0
9799,8,0.0
9800,47,0.0
9801,3,1.0
9802,2,0.0
9803,1,0.0
9804,1,1.0
9805,10,1.0
9806,4,1.0
9807,34,1.0
9808,1,0.0
9809,16,0.0
9810,8,1.0
9811,7,0.0
9812,6,1.0
9813,7,0.0
9814,1,0.0
9815,1,0.0
9816,5,1.0
9817,6,0.0
9818,2,1.0
9819,1,1.0
9820,4,0.0
9821,1,0.0
9822,2,0.0
9823,1,1.0
9824,5,1.0
9825,7,0.0
9826,2,0.0
9827,2,0.0
9828,1,0.0
9829,12,1.0
9830,46,0.0
9831,7,0.0
9832,2,1.0
9833,2,1.0
9834,2,1.0
9835,5,0.0
9836,12,0.0
9837,2,0.0
9838,1,1.0
9839,3,0.0
9840,1,1.0
9841,1,0.0
9842,1,1.0
9843,16,1.0
9844,5,0.0
9845,1,1.0
9846,11,1.0
9847,5,0.0
9848,3,1.0
9849,1,1.0
9850,3,1.0
9851,1,0.0
9852,3,1.0
9853,1,1.0
9854,5,1.0
9855,3,0.0
9856,5,1.0
9857,13,0.0
9858,6,1.0
9859,49,0.0
9860,14,1.0
9861,6,1.0
9862,5,1.0
9863,10,1.0
9864,2,0.0
9865,11,1.0
9866,34,1.0
9867,5,1.0
9868,1,1.0
9869,1,1.0
9870,4,1.0
9871,3,0.0
9872,3,1.0
9873,54,0.0
9874,40,1.0
9875,5,1.0
9876,3,1.0
9877,20,0.0
9878,5,1.0
9879,3,1.0
9880,5,1.0
9881,15,0.0
9882,12,1.0
9883,1,1.0
9884,2,0.0
9885,3,0.0
9886,3,0.0
9887,1,1.0
9888,2,0.0
9889,1,0.0
9890,7,1.0
9891,1,1.0
9892,9,1.0
9893,1,1.0
9894,15,1.0
9895,4,1.0
9896,2,0.0
9897,11,0.0
9898,1,1.0
9899,17,0.0
9900,29,0.0
9901,1,0.0
9902,6,1.0
9903,4,1.0
9904,7,0.0
9905,1,1.0
9906,2,1.0
9907,3,0.0
9908,7,0.0
9909,6,1.0
9910,1,0.0
9911,1,0.0
9912,2,1.0
9913,2,0.0
9914,3,0.0
9915,15,1.0
9916,1,1.0
9917,2,1.0
9918,7,1.0
9919,2,0.0
9920,12,0.0
9921,4,1.0
9922,5,1.0
9923,7,1.0
9924,3,1.0
9925,3,1.0
9926,4,1.0
9927,33,0.0
9928,3,0.0
9929,2,1.0
9930,1,1.0
9931,6,0.0
9932,6,1.0
9933,12,1.0
9934,15,1.0
9935,4,0.0
9936,4,1.0
9937,5,0.0
9938,5,1.0
9939,4,0.0
9940,3,1.0
9941,1,0.0
9942,1,1.0
9943,10,1.0
9944,55,0.0
9945,6,0.0
9946,6,1.0
9947,7,1.0
9948,3,1.0
9949,9,1.0
9950,1,0.0
9951,8,0.0
9952,4,1.0
9953,5,0.0
9954,4,1.0
9955,10,1.0
9956,1,1.0
9957,6,1.0
9958,6,0.0
9959,1,0.0
9960,4,1.0
9961,9,0.0
9962,4,1.0
9963,1,0.0
9964,1,0.0
9965,3,1.0
9966,1,0.0
9967,1,1.0
9968,2,0.0
9969,5,1.0
9970,9,1.0
9971,1,0.0
9972,9,1.0
9973,16,0.0
9974,7,1.0
9975,1,1.0
9976,5,0.0
9977,2,0.0
9978,2,0.0
9979,2,0.0
9980,2,0.0
9981,2,0.0
9982,4,1.0
9983,4,1.0
9984,4,1.0
9985,4,1.0
9986,1,1.0
9987,3,1.0
9988,9,0.0
9989,1,0.0
9990,4,1.0
9991,4,1.0
9992,10,1.0
9993,4,0.0
9994,2,1.0
9995,5,0.0
9996,2,0.0
9997,5,1.0
9998,4,1.0
9999,4,0.0
10000,1,0.0
10001,1,0.0
10002,3,1.0
10003,3,1.0
10004,26,0.0
10005,12,1.0
10006,2,0.0
10007,2,0.0
10008,7,1.0
10009,5,0.0
10010,2,0.0
10011,5,1.0
10012,11,0.0
10013,7,1.0
10014,10,1.0
10015,55,0.0
10016,2,0.0
10017,5,0.0
10018,14,1.0
10019,6,0.0
10020,1,0.0
10021,12,0.0
10022,2,1.0
10023,17,1.0
10024,7,1.0
10025,8,1.0
10026,1,0.0
10027,42,0.0
10028,6,1.0
10029,11,1.0
10030,3,1.0
10031,1,1.0
10032,2,0.0
10033,2,0.0
10034,2,1.0
10035,13,1.0
10036,4,0.0
10037,4,1.0
10038,5,0.0
10039,3,0.0
10040,1,1.0
10041,5,0.0
10042,11,1.0
10043,4,0.0
10044,13,0.0
10045,4,0.0
10046,4,1.0
10047,5,1.0
10048,1,0.0
10049,11,1.0
10050,4,0.0
10051,1,0.0
10052,4,1.0
10053,5,1.0
10054,50,1.0
10055,1,1.0
10056,5,0.0
10057,1,1.0
10058,8,1.0
10059,1,0.0
10060,1,0.0
10061,4,1.0
10062,1,0.0
10063,2,1.0
10064,4,1.0
10065,8,1.0
10066,3,1.0
10067,2,1.0
10068,6,1.0
10069,2,0.0
10070,57,1.0
10071,1,1.0
10072,1,0.0
10073,18,0.0
10074,6,1.0
10075,5,1.0
10076,3,1.0
10077,9,1.0
10078,14,0.0
10079,1,0.0
10080,2,1.0
10081,4,1.0
10082,7,1.0
10083,4,1.0
10084,3,1.0
10085,17,1.0
10086,8,1.0
10087,1,0.0
10088,19,0.0
10089,2,0.0
10090,8,0.0
10091,1,0.0
10092,6,1.0
10093,9,1.0
10094,11,0.0
10095,3,0.0
10096,1,1.0
10097,10,1.0
10098,3,1.0
10099,2,0.0
10100,1,0.0
10101,1,1.0
10102,3,0.0
10103,3,1.0
10104,1,0.0
10105,1,0.0
10106,4,1.0
10107,3,1.0
10108,4,1.0
10109,37,0.0
10110,13,0.0
10111,3,1.0
10112,11,1.0
10113,2,0.0
10114,2,0.0
10115,3,1.0
10116,1,1.0
10117,10,1.0
10118,1,0.0
10119,4,1.0
10120,8,1.0
10121,1,0.0
10122,4,1.0
10123,4,0.0
10124,2,1.0
10125,12,1.0
10126,2,1.0
10127,3,1.0
10128,6,0.0
10129,2,0.0
10130,2,0.0
10131,25,0.0
10132,4,1.0
10133,3,0.0
10134,1,1.0
10135,3,1.0
10136,3,0.0
10137,2,0.0
10138,1,1.0
10139,1,1.0
10140,7,0.0
10141,5,1.0
10142,3,0.0
10143,18,0.0
10144,1,1.0
10145,4,1.0
10146,2,1.0
10147,48,1.0
10148,24,0.0
10149,32,1.0
10150,1,0.0
10151,2,1.0
10152,1,0.0
10153,8,1.0
10154,1,0.0
10155,3,0.0
10156,2,1.0
10157,2,0.0
10158,2,1.0
10159,1,1.0
10160,1,1.0
10161,3,1.0
10162,3,1.0
10163,3,1.0
10164,15,1.0
10165,3,0.0
10166,6,1.0
10167,1,1.0
10168,1,0.0
10169,29,1.0
10170,2,1.0
10171,3,0.0
10172,2,1.0
10173,1,0.0
10174,14,1.0
10175,4,1.0
10176,8,0.0
10177,9,0.0
10178,3,1.0
10179,5,1.0
10180,2,0.0
10181,1,1.0
10182,2,0.0
10183,4,1.0
10184,1,1.0
10185,4,1.0
10186,10,1.0
10187,60,0.0
10188,1,1.0
10189,1,0.0
10190,9,1.0
10191,7,1.0
10192,1,0.0
10193,5,0.0
10194,1,1.0
10195,3,1.0
10196,2,0.0
10197,1,1.0
10198,1,1.0
10199,8,1.0
10200,2,1.0
10201,1,1.0
10202,18,1.0
10203,9,1.0
10204,27,0.0
10205,7,0.0
10206,2,1.0
10207,4,1.0
10208,5,0.0
10209,6,1.0
10210,2,1.0
10211,5,1.0
10212,1,1.0
10213,31,0.0
10214,2,0.0
10215,1,0.0
10216,4,1.0
10217,1,0.0
10218,37,0.0
10219,3,1.0
10220,2,0.0
10221,7,1.0
10222,2,0.0
10223,2,1.0
10224,3,0.0
10225,1,0.0
10226,4,0.0
10227,5,0.0
10228,1,0.0
10229,15,1.0
10230,23,0.0
10231,2,1.0
10232,4,1.0
10233,11,1.0
10234,2,1.0
10235,5,1.0
10236,7,0.0
10237,2,0.0
10238,6,0.0
10239,2,0.0
10240,2,1.0
10241,2,1.0
10242,15,0.0
10243,3,0.0
10244,2,1.0
10245,6,1.0
10246,8,1.0
10247,6,0.0
10248,12,0.0
10249,3,1.0
10250,6,1.0
10251,44,1.0
10252,10,0.0
10253,25,0.0
10254,3,1.0
10255,1,1.0
10256,1,1.0
10257,2,0.0
10258,2,1.0
10259,3,0.0
10260,13,1.0
10261,1,1.0
10262,2,0.0
10263,5,1.0
10264,6,0.0
10265,6,1.0
10266,1,0.0
10267,1,0.0
10268,1,0.0
10269,4,1.0
10270,1,1.0
10271,3,0.0
10272,2,1.0
10273,2,0.0
10274,7,1.0
10275,2,0.0
10276,5,1.0
10277,5,1.0
10278,1,0.0
10279,6,1.0
10280,6,0.0
10281,1,1.0
10282,15,1.0
10283,4,1.0
10284,3,0.0
10285,1,1.0
10286,1,0.0
10287,8,1.0
10288,3,1.0
10289,2,1.0
10290,1,1.0
10291,2,0.0
10292,1,1.0
10293,2,1.0
10294,16,0.0
10295,2,1.0
10296,5,1.0
10297,47,0.0
10298,37,1.0
10299,3,1.0
10300,6,1.0
10301,19,1.0
10302,2,0.0
10303,40,1.0
10304,1,1.0
10305,7,0.0
10306,3,0.0
10307,28,0.0
10308,1,0.0
10309,3,1.0
10310,1,1.0
10311,15,0.0
10312,4,1.0
10313,9,0.0
10314,3,1.0
10315,3,1.0
10316,6,0.0
10317,8,1.0
10318,3,1.0
10319,3,1.0
10320,6,1.0
10321,4,1.0
10322,1,1.0
10323,1,1.0
10324,2,1.0
10325,1,0.0
10326,5,1.0
10327,8,1.0
10328,6,1.0
10329,41,0.0
10330,5,1.0
10331,3,1.0
10332,2,1.0
10333,2,0.0
10334,3,0.0
10335,3,1.0
10336,3,0.0
10337,9,1.0
10338,3,0.0
10339,3,1.0
10340,2,0.0
10341,4,1.0
10342,5,0.0
10343,1,0.0
10344,14,0.0
10345,2,0.0
10346,12,0.0
10347,1,1.0
10348,3,0.0
10349,1,1.0
10350,1,1.0
10351,7,1.0
10352,2,1.0
10353,20,1.0
10354,6,1.0
10355,2,0.0
10356,1,0.0
10357,1,0.0
10358,1,0.0
10359,5,1.0
10360,3,0.0
10361,10,0.0
10362,7,1.0
10363,39,1.0
10364,1,1.0
10365,25,0.0
10366,3,0.0
10367,41,0.0
10368,2,0.0
10369,7,1.0
10370,5,1.0
10371,1,0.0
10372,13,0.0
10373,27,1.0
10374,2,1.0
10375,2,0.0
10376,29,0.0
10377,1,0.0
10378,7,0.0
10379,3,1.0
10380,7,0.0
10381,11,0.0
10382,3,1.0
10383,8,0.0
10384,8,0.0
10385,5,1.0
10386,1,0.0
10387,3,0.0
10388,8,0.0
10389,1,0.0
10390,14,0.0
10391,1,0.0
10392,7,0.0
10393,2,1.0
10394,31,0.0
10395,1,0.0
10396,2,1.0
10397,1,0.0
10398,1,1.0
10399,2,0.0
10400,1,0.0
10401,3,1.0
10402,5,1.0
10403,8,1.0
10404,41,0.0
10405,1,1.0
10406,1,1.0
10407,1,0.0
10408,2,0.0
10409,4,1.0
10410,2,0.0
10411,1,0.0
10412,2,0.0
10413,2,1.0
10414,33,1.0
10415,10,1.0
10416,1,1.0
10417,8,1.0
10418,4,0.0
10419,9,1.0
10420,4,0.0
10421,1,1.0
10422,4,1.0
10423,1,0.0
10424,5,1.0
10425,35,0.0
10426,7,0.0
10427,1,0.0
10428,2,0.0
10429,9,1.0
10430,8,1.0
10431,6,1.0
10432,1,1.0
10433,7,0.0
10434,3,1.0
10435,2,1.0
10436,9,0.0
10437,1,0.0
10438,4,0.0
10439,3,1.0
10440,3,1.0
10441,3,1.0
10442,4,1.0
10443,5,1.0
10444,9,0.0
10445,1,0.0
10446,52,0.0
10447,2,1.0
10448,1,1.0
10449,1,0.0
10450,2,1.0
10451,7,1.0
10452,6,1.0
10453,6,1.0
10454,1,0.0
10455,2,1.0
10456,38,1.0
10457,2,1.0
10458,1,1.0
10459,9,0.0
10460,2,1.0
10461,9,1.0
10462,3,1.0
10463,1,0.0
10464,4,1.0
10465,2,0.0
10466,6,0.0
10467,2,1.0
10468,1,0.0
10469,1,0.0
10470,5,1.0
10471,16,0.0
10472,3,1.0
10473,1,1.0
10474,1,0.0
10475,10,0.0
10476,1,1.0
10477,2,1.0
10478,47,0.0
10479,12,1.0
10480,1,1.0
10481,2,0.0
10482,1,0.0
10483,4,1.0
10484,1,0.0
10485,3,0.0
10486,5,1.0
10487,5,0.0
10488,1,0.0
10489,1,1.0
10490,2,0.0
10491,8,0.0
10492,3,1.0
10493,1,1.0
10494,2,0.0
10495,2,0.0
10496,2,1.0
10497,2,0.0
10498,1,1.0
10499,18,1.0
10500,6,1.0
10501,5,1.0
10502,22,0.0
10503,4,0.0
10504,3,0.0
10505,2,1.0
10506,3,1.0
10507,1,1.0
10508,7,0.0
10509,8,1.0
10510,3,1.0
10511,2,0.0
10512,10,0.0
10513,17,0.0
10514,33,0.0
10515,17,0.0
10516,12,0.0
10517,1,0.0
10518,8,1.0
10519,4,1.0
10520,10,1.0
10521,7,0.0
10522,4,1.0
10523,4,1.0
10524,2,1.0
10525,8,0.0
10526,5,1.0
10527,2,1.0
10528,7,0.0
10529,1,0.0
10530,2,1.0
10531,5,1.0
10532,8,0.0
10533,1,0.0
10534,1,0.0
10535,5,0.0
10536,1,1.0
10537,4,1.0
10538,9,0.0
10539,59,0.0
10540,34,0.0
10541,15,0.0
10542,3,1.0
10543,4,1.0
10544,2,0.0
10545,1,0.0
10546,8,0.0
10547,2,1.0
10548,1,0.0
10549,1,1.0
10550,6,1.0
10551,12,1.0
10552,54,0.0
10553,3,1.0
10554,5,1.0
10555,5,1.0
10556,7,0.0
10557,3,0.0
10558,6,1.0
10559,6,1.0
10560,2,0.0
10561,6,1.0
10562,4,1.0
10563,10,0.0
10564,3,1.0
10565,3,0.0
10566,10,1.0
10567,8,0.0
10568,1,1.0
10569,14,0.0
10570,46,0.0
10571,3,0.0
10572,3,1.0
10573,2,0.0
10574,3,0.0
10575,1,0.0
10576,4,1.0
10577,9,0.0
10578,1,0.0
10579,4,1.0
10580,6,0.0
10581,1,1.0
10582,1,1.0
10583,2,1.0
10584,3,1.0
10585,1,1.0
10586,14,1.0
10587,4,1.0
10588,1,1.0
10589,2,1.0
10590,3,1.0
10591,10,0.0
10592,2,0.0
10593,6,1.0
10594,1,1.0
10595,1,1.0
10596,2,1.0
10597,2,0.0
10598,9,1.0
10599,5,0.0
10600,1,0.0
10601,1,0.0
10602,4,0.0
10603,1,1.0
10604,6,1.0
10605,3,1.0
10606,10,1.0
10607,6,0.0
10608,46,0.0
10609,1,0.0
10610,8,1.0
10611,5,0.0
10612,38,0.0
10613,2,1.0
10614,3,1.0
10615,7,1.0
10616,6,1.0
10617,1,0.0
10618,9,0.0
10619,9,0.0
10620,5,1.0
10621,1,0.0
10622,2,1.0
10623,17,0.0
10624,2,0.0
10625,2,1.0
10626,6,0.0
10627,1,1.0
10628,4,0.0
10629,5,1.0
10630,3,0.0
10631,13,0.0
10632,1,1.0
10633,1,1.0
10634,1,0.0
10635,1,1.0
10636,3,0.0
10637,4,1.0
10638,2,1.0
10639,5,1.0
10640,1,1.0
10641,3,1.0
10642,2,0.0
10643,1,0.0
10644,1,0.0
10645,2,0.0
10646,1,0.0
10647,7,1.0
10648,1,1.0
10649,2,0.0
10650,40,1.0
10651,8,0.0
10652,10,1.0
10653,2,0.0
10654,7,0.0
10655,3,0.0
10656,2,1.0
10657,7,1.0
10658,3,0.0
10659,2,0.0
10660,2,0.0
10661,9,0.0
10662,60,0.0
10663,5,0.0
10664,3,0.0
10665,1,1.0
10666,9,0.0
10667,1,1.0
10668,3,1.0
10669,2,1.0
10670,22,1.0
10671,1,0.0
10672,3,1.0
10673,7,1.0
10674,4,1.0
10675,2,0.0
10676,4,1.0
10677,22,0.0
10678,1,1.0
10679,1,1.0
10680,3,1.0
10681,5,0.0
10682,3,0.0
10683,2,0.0
10684,9,1.0
10685,2,1.0
10686,13,1.0
10687,2,0.0
10688,6,1.0
10689,5,1.0
10690,12,0.0
10691,6,1.0
10692,5,1.0
10693,2,1.0
10694,9,1.0
10695,18,0.0
10696,5,0.0
10697,1,0.0
10698,56,0.0
10699,12,1.0
10700,14,1.0
10701,5,1.0
10702,3,0.0
10703,3,1.0
10704,1,1.0
10705,1,0.0
10706,4,0.0
10707,4,0.0
10708,6,0.0
10709,2,1.0
10710,3,0.0
10711,12,0.0
10712,11,0.0
10713,16,1.0
10714,6,1.0
10715,1,0.0
10716,2,0.0
10717,4,1.0
10718,3,1.0
10719,3,0.0
10720,1,1.0
10721,1,0.0
10722,2,1.0
10723,5,1.0
10724,1,0.0
10725,50,1.0
10726,1,1.0
10727,2,1.0
10728,6,1.0
10729,1,0.0
10730,6,0.0
10731,2,1.0
10732,6,0.0
10733,4,1.0
10734,5,0.0
10735,1,0.0
10736,6,1.0
10737,2,0.0
10738,1,0.0
10739,1,1.0
10740,2,0.0
10741,2,0.0
10742,4,0.0
10743,2,1.0
10744,3,0.0
10745,1,0.0
10746,4,1.0
10747,17,1.0
10748,1,0.0
10749,1,0.0
10750,4,1.0
10751,2,1.0
10752,1,0.0
10753,13,0.0
10754,2,0.0
10755,4,0.0
10756,2,1.0
10757,8,0.0
10758,1,0.0
10759,6,0.0
10760,4,1.0
10761,16,1.0
10762,9,0.0
10763,12,0.0
10764,4,1.0
10765,40,0.0
10766,5,1.0
10767,1,1.0
10768,1,1.0
10769,50,0.0
10770,8,0.0
10771,5,1.0
10772,2,0.0
10773,4,0.0
10774,6,1.0
10775,18,1.0
10776,4,1.0
10777,7,0.0
10778,2,0.0
10779,2,0.0
10780,5,0.0
10781,11,1.0
10782,5,0.0
10783,3,1.0
10784,7,1.0
10785,4,1.0
10786,1,0.0
10787,2,1.0
10788,1,0.0
10789,6,0.0
10790,11,0.0
10791,1,0.0
10792,5,0.0
10793,5,1.0
10794,4,1.0
10795,3,0.0
10796,1,1.0
10797,1,1.0
10798,40,0.0
10799,2,1.0
10800,1,1.0
10801,6,0.0
10802,1,0.0
10803,6,1.0
10804,7,0.0
10805,5,0.0
10806,9,0.0
10807,15,0.0
10808,1,1.0
10809,4,1.0
10810,9,0.0
10811,4,1.0
10812,2,1.0
10813,8,0.0
10814,3,1.0
10815,3,1.0
10816,6,1.0
10817,2,1.0
10818,1,1.0
10819,1,0.0
10820,9,1.0
10821,2,0.0
10822,6,1.0
10823,1,0.0
10824,1,0.0
10825,7,1.0
10826,2,1.0
10827,10,1.0
10828,3,1.0
10829,7,1.0
10830,8,1.0
10831,1,0.0
10832,2,1.0
10833,3,0.0
10834,4,1.0
10835,6,0.0
10836,3,1.0
10837,2,0.0
10838,2,1.0
10839,5,1.0
10840,4,1.0
10841,3,0.0
10842,4,1.0
10843,12,1.0
10844,3,1.0
10845,15,1.0
10846,7,0.0
10847,1,0.0
10848,8,1.0
10849,2,1.0
10850,4,1.0
10851,3,1.0
10852,10,1.0
10853,11,0.0
10854,5,1.0
10855,3,0.0
10856,1,0.0
10857,4,1.0
10858,9,1.0
10859,3,1.0
10860,12,1.0
10861,1,1.0
10862,13,1.0
10863,4,0.0
10864,5,1.0
10865,6,1.0
10866,1,1.0
10867,1,0.0
10868,9,1.0
10869,4,1.0
10870,2,0.0
10871,5,1.0
10872,6,1.0
10873,16,1.0
10874,3,1.0
10875,6,0.0
10876,5,0.0
10877,3,0.0
10878,2,1.0
10879,2,0.0
10880,1,0.0
10881,2,1.0
10882,5,0.0
10883,3,1.0
10884,10,0.0
10885,6,1.0
10886,10,1.0
10887,10,1.0
10888,1,0.0
10889,1,0.0
10890,1,0.0
10891,1,0.0
10892,10,1.0
10893,1,0.0
10894,6,1.0
10895,40,1.0
10896,6,0.0
10897,1,1.0
10898,2,1.0
10899,3,0.0
10900,4,1.0
10901,4,1.0
10902,3,0.0
10903,1,1.0
10904,8,0.0
10905,9,1.0
10906,10,0.0
10907,5,1.0
10908,5,0.0
10909,8,0.0
10910,3,0.0
10911,4,1.0
10912,18,1.0
10913,7,1.0
10914,17,0.0
10915,6,1.0
10916,9,1.0
10917,7,1.0
10918,2,1.0
10919,2,0.0
10920,2,0.0
10921,1,1.0
10922,3,1.0
10923,3,0.0
10924,3,0.0
10925,9,0.0
10926,1,1.0
10927,1,0.0
10928,2,0.0
10929,1,0.0
10930,4,1.0
10931,1,1.0
10932,7,1.0
10933,7,1.0
10934,1,1.0
10935,10,0.0
10936,5,0.0
10937,1,0.0
10938,3,0.0
10939,1,1.0
10940,1,0.0
10941,14,0.0
10942,1,0.0
10943,1,0.0
10944,2,0.0
10945,1,0.0
10946,3,0.0
10947,7,1.0
10948,26,1.0
10949,16,0.0
10950,4,1.0
10951,1,1.0
10952,2,0.0
10953,8,1.0
10954,2,1.0
10955,4,1.0
10956,3,1.0
10957,7,1.0
10958,4,1.0
10959,2,0.0
10960,5,1.0
10961,3,0.0
10962,8,1.0
10963,1,1.0
10964,2,0.0
10965,13,1.0
10966,4,0.0
10967,2,1.0
10968,10,0.0
10969,5,0.0
10970,1,0.0
10971,4,1.0
10972,8,1.0
10973,2,1.0
10974,2,1.0
10975,9,0.0
10976,1,0.0
10977,4,1.0
10978,3,1.0
10979,7,1.0
10980,1,0.0
10981,51,0.0
10982,2,0.0
10983,4,1.0
10984,2,1.0
10985,2,0.0
10986,1,0.0
10987,1,0.0
10988,8,1.0
10989,4,0.0
10990,3,1.0
10991,2,1.0
10992,5,1.0
10993,1,1.0
10994,11,0.0
10995,2,0.0
10996,2,1.0
10997,2,0.0
10998,12,0.0
10999,1,1.0
11000,3,0.0
11001,1,0.0
11002,6,1.0
11003,10,0.0
11004,1,0.0
11005,5,0.0
11006,1,1.0
11007,2,0.0
11008,1,1.0
11009,5,1.0
11010,1,0.0
11011,2,0.0
11012,14,1.0
11013,7,0.0
11014,3,0.0
11015,6,1.0
11016,4,1.0
11017,36,1.0
11018,1,1.0
11019,3,1.0
11020,2,0.0
11021,1,1.0
11022,3,1.0
11023,1,1.0
11024,5,0.0
11025,3,1.0
11026,6,0.0
11027,2,0.0
11028,11,1.0
11029,3,0.0
11030,4,1.0
11031,2,0.0
11032,2,1.0
11033,2,1.0
11034,3,0.0
11035,2,0.0
11036,2,0.0
11037,4,1.0
11038,3,0.0
11039,2,1.0
11040,6,1.0
11041,1,0.0
11042,3,0.0
11043,6,0.0
11044,6,0.0
11045,6,1.0
11046,8,1.0
11047,7,0.0
11048,1,0.0
11049,4,1.0
11050,3,1.0
11051,21,1.0
11052,14,0.0
11053,3,0.0
11054,57,0.0
11055,3,0.0
11056,1,0.0
11057,1,0.0
11058,13,1.0
11059,2,0.0
11060,9,0.0
11061,3,1.0
11062,3,1.0
11063,9,1.0
11064,6,0.0
11065,10,0.0
11066,1,1.0
11067,9,1.0
11068,51,0.0
11069,1,1.0
11070,1,1.0
11071,5,0.0
11072,8,0.0
11073,1,1.0
11074,3,1.0
11075,1,1.0
11076,1,1.0
11077,1,0.0
11078,5,0.0
11079,6,0.0
11080,1,0.0
11081,2,1.0
11082,2,0.0
11083,7,0.0
11084,5,0.0
11085,2,1.0
11086,1,0.0
11087,5,1.0
11088,11,0.0
11089,10,1.0
11090,4,1.0
11091,2,1.0
11092,2,0.0
11093,1,1.0
11094,26,0.0
11095,1,0.0
11096,46,1.0
11097,1,0.0
11098,2,1.0
11099,8,1.0
11100,3,0.0
11101,5,1.0
11102,6,0.0
11103,5,1.0
11104,5,0.0
11105,10,0.0
11106,18,0.0
11107,2,0.0
11108,1,0.0
11109,1,0.0
11110,1,1.0
11111,2,1.0
11112,4,1.0
11113,2,1.0
11114,4,0.0
11115,22,1.0
11116,2,0.0
11117,58,0.0
11118,3,1.0
11119,3,1.0
11120,5,1.0
11121,6,1.0
11122,7,0.0
11123,2,1.0
11124,6,1.0
11125,9,0.0
11126,2,1.0
11127,7,1.0
11128,4,0.0
11129,57,0.0
11130,6,0.0
11131,2,1.0
11132,5,1.0
11133,10,0.0
11134,5,1.0
11135,3,0.0
11136,1,0.0
11137,5,1.0
11138,1,1.0
11139,4,1.0
11140,40,0.0
11141,4,1.0
11142,5,1.0
11143,8,0.0
11144,1,0.0
11145,12,1.0
11146,6,1.0
11147,1,0.0
11148,53,0.0
11149,12,1.0
11150,11,1.0
11151,1,0.0
11152,13,1.0
11153,7,0.0
11154,9,1.0
11155,1,0.0
11156,13,1.0
11157,11,0.0
11158,13,0.0
11159,2,1.0
11160,1,1.0
11161,2,1.0
11162,4,1.0
11163,6,0.0
11164,14,0.0
11165,3,0.0
11166,1,0.0
11167,2,0.0
11168,6,0.0
11169,1,0.0
11170,5,1.0
11171,2,0.0
11172,6,1.0
11173,12,0.0
11174,2,1.0
11175,4,1.0
11176,1,1.0
11177,4,1.0
11178,1,1.0
11179,1,0.0
11180,1,1.0
11181,5,1.0
11182,7,1.0
11183,3,1.0
11184,14,1.0
11185,49,0.0
11186,5,1.0
11187,5,1.0
11188,2,1.0
11189,4,1.0
11190,2,1.0
11191,1,1.0
11192,10,0.0
11193,1,0.0
11194,6,1.0
11195,11,0.0
11196,3,1.0
11197,4,1.0
11198,3,0.0
11199,57,0.0
11200,1,0.0
11201,6,0.0
11202,2,0.0
11203,10,1.0
11204,3,1.0
11205,9,0.0
11206,6,0.0
11207,12,0.0
11208,2,0.0
11209,1,0.0
11210,2,1.0
11211,1,1.0
11212,1,0.0
11213,14,0.0
11214,2,0.0
11215,6,1.0
11216,4,0.0
11217,8,1.0
11218,1,0.0
11219,2,1.0
11220,2,1.0
11221,2,1.0
11222,6,0.0
11223,1,0.0
11224,3,0.0
11225,4,0.0
11226,2,1.0
11227,1,0.0
11228,2,0.0
11229,2,1.0
11230,39,0.0
11231,3,0.0
11232,2,1.0
11233,3,1.0
11234,7,1.0
11235,57,0.0
11236,2,1.0
11237,14,0.0
11238,4,0.0
11239,1,0.0
11240,2,1.0
11241,3,1.0
11242,41,0.0
11243,5,0.0
11244,10,1.0
11245,25,0.0
11246,10,0.0
11247,1,1.0
11248,1,0.0
11249,9,0.0
11250,2,1.0
11251,1,1.0
11252,2,0.0
11253,1,0.0
11254,8,1.0
11255,22,0.0
11256,1,0.0
11257,2,0.0
11258,6,1.0
11259,7,0.0
11260,2,0.0
11261,13,0.0
11262,5,1.0
11263,8,0.0
11264,6,0.0
11265,6,0.0
11266,15,0.0
11267,4,0.0
11268,1,0.0
11269,2,1.0
11270,2,0.0
11271,8,1.0
11272,3,0.0
11273,1,0.0
11274,6,1.0
11275,5,1.0
11276,2,0.0
11277,4,0.0
11278,4,1.0
11279,3,0.0
11280,2,1.0
11281,6,1.0
11282,2,0.0
11283,10,0.0
11284,1,0.0
11285,4,0.0
11286,14,0.0
11287,4,0.0
11288,3,0.0
11289,4,1.0
11290,7,1.0
11291,2,0.0
11292,5,1.0
11293,2,1.0
11294,4,1.0
11295,1,0.0
11296,2,1.0
11297,5,1.0
11298,3,0.0
11299,14,1.0
11300,37,0.0
11301,10,1.0
11302,2,1.0
11303,2,1.0
11304,1,0.0
11305,6,1.0
11306,4,0.0
11307,2,0.0
11308,1,0.0
11309,2,0.0
11310,1,1.0
11311,4,0.0
11312,4,1.0
11313,8,1.0
11314,12,0.0
11315,3,1.0
11316,2,1.0
11317,26,1.0
11318,1,1.0
11319,3,0.0
11320,41,0.0
11321,5,1.0
11322,2,0.0
11323,5,0.0
11324,5,1.0
11325,23,1.0
11326,7,1.0
11327,14,1.0
11328,3,0.0
11329,9,1.0
11330,6,1.0
11331,6,1.0
11332,7,0.0
11333,4,0.0
11334,2,0.0
11335,1,0.0
11336,13,0.0
11337,5,1.0
11338,20,0.0
11339,7,0.0
11340,1,1.0
11341,26,1.0
11342,1,1.0
11343,2,1.0
11344,1,0.0
11345,11,0.0
11346,2,1.0
11347,2,0.0
11348,2,0.0
11349,8,1.0
11350,4,0.0
11351,1,1.0
11352,29,1.0
11353,8,0.0
11354,12,1.0
11355,3,0.0
11356,7,1.0
11357,2,0.0
11358,2,0.0
11359,3,1.0
11360,22,1.0
11361,18,0.0
11362,3,1.0
11363,7,1.0
11364,4,1.0
11365,15,1.0
11366,1,1.0
11367,6,0.0
11368,4,1.0
11369,18,0.0
11370,2,0.0
11371,12,0.0
11372,1,1.0
11373,4,1.0
11374,6,1.0
11375,3,0.0
11376,10,1.0
11377,1,1.0
11378,19,0.0
11379,1,0.0
11380,5,1.0
11381,4,0.0
11382,6,0.0
11383,1,1.0
11384,1,0.0
11385,2,1.0
11386,5,1.0
11387,3,0.0
11388,7,1.0
11389,2,0.0
11390,1,1.0
11391,7,1.0
11392,1,0.0
11393,5,1.0
11394,8,0.0
11395,1,0.0
11396,8,0.0
11397,8,0.0
11398,3,1.0
11399,13,1.0
11400,4,1.0
11401,4,1.0
11402,6,1.0
11403,1,0.0
11404,3,0.0
11405,3,1.0
11406,1,1.0
11407,5,1.0
11408,51,0.0
11409,1,1.0
11410,6,1.0
11411,2,0.0
11412,7,0.0
11413,1,0.0
11414,1,1.0
11415,1,0.0
11416,7,0.0
11417,16,0.0
11418,8,1.0
11419,2,0.0
11420,3,0.0
11421,1,1.0
11422,4,0.0
11423,1,1.0
11424,51,0.0
11425,3,1.0
11426,33,1.0
11427,2,1.0
11428,1,0.0
11429,8,1.0
11430,2,0.0
11431,6,1.0
11432,5,1.0
11433,2,1.0
11434,6,1.0
11435,1,1.0
11436,2,0.0
11437,4,1.0
11438,33,0.0
11439,1,0.0
11440,1,0.0
11441,6,0.0
11442,2,1.0
11443,5,0.0
11444,17,0.0
11445,10,1.0
11446,5,1.0
11447,2,0.0
11448,7,1.0
11449,52,0.0
11450,18,0.0
11451,46,0.0
11452,1,0.0
11453,16,0.0
11454,2,0.0
11455,8,1.0
11456,1,1.0
11457,3,0.0
11458,13,0.0
11459,4,1.0
11460,10,1.0
11461,8,0.0
11462,56,0.0
11463,8,0.0
11464,4,0.0
11465,2,0.0
11466,2,0.0
11467,25,1.0
11468,3,1.0
11469,18,0.0
11470,1,1.0
11471,28,1.0
11472,1,0.0
11473,1,0.0
11474,1,0.0
11475,1,1.0
11476,2,0.0
11477,10,0.0
11478,42,0.0
11479,6,1.0
11480,2,1.0
11481,1,1.0
11482,2,0.0
11483,3,0.0
11484,58,0.0
11485,8,0.0
11486,7,1.0
11487,41,0.0
11488,3,0.0
11489,1,0.0
11490,48,1.0
11491,5,1.0
11492,1,1.0
11493,5,1.0
11494,8,0.0
11495,5,1.0
11496,9,1.0
11497,1,1.0
11498,45,0.0
11499,2,1.0
11500,3,1.0
11501,18,1.0
11502,22,1.0
11503,7,1.0
11504,4,0.0
11505,9,1.0
11506,1,0.0
11507,1,0.0
11508,3,0.0
11509,4,1.0
11510,1,1.0
11511,1,0.0
11512,3,0.0
11513,1,0.0
11514,4,1.0
11515,12,1.0
11516,1,1.0
11517,1,1.0
11518,8,1.0
11519,1,1.0
11520,2,0.0
11521,1,1.0
11522,2,1.0
11523,19,0.0
11524,3,1.0
11525,14,0.0
11526,9,0.0
11527,3,0.0
11528,6,1.0
11529,50,1.0
11530,29,0.0
11531,17,0.0
11532,1,0.0
11533,13,0.0
11534,25,0.0
11535,1,0.0
11536,3,1.0
11537,6,0.0
11538,5,0.0
11539,2,1.0
11540,3,0.0
11541,27,0.0
11542,2,1.0
11543,1,0.0
11544,14,1.0
11545,5,0.0
11546,5,1.0
11547,1,0.0
11548,47,1.0
11549,2,0.0
11550,1,1.0
11551,2,1.0
11552,10,0.0
11553,1,0.0
11554,1,0.0
11555,11,1.0
11556,2,1.0
11557,37,1.0
11558,2,0.0
11559,7,0.0
11560,7,0.0
11561,4,0.0
11562,2,0.0
11563,2,0.0
11564,21,1.0
11565,9,0.0
11566,7,0.0
11567,1,0.0
11568,3,0.0
11569,2,0.0
11570,2,1.0
11571,1,0.0
11572,2,0.0
11573,9,0.0
11574,6,1.0
11575,4,1.0
11576,5,1.0
11577,36,1.0
11578,3,1.0
11579,9,0.0
11580,2,1.0
11581,1,0.0
11582,9,0.0
11583,46,0.0
11584,1,0.0
11585,26,1.0
11586,1,1.0
11587,2,0.0
11588,3,0.0
11589,3,1.0
11590,2,1.0
11591,2,1.0
11592,6,1.0
11593,6,1.0
11594,4,1.0
11595,1,0.0
11596,3,0.0
11597,7,1.0
11598,3,1.0
11599,1,1.0
11600,2,0.0
11601,2,1.0
11602,1,0.0
11603,2,1.0
11604,3,0.0
11605,1,0.0
11606,22,0.0
11607,1,1.0
11608,3,1.0
11609,2,0.0
11610,2,1.0
11611,18,0.0
11612,3,0.0
11613,2,0.0
11614,3,0.0
11615,3,0.0
11616,2,1.0
11617,3,1.0
11618,4,1.0
11619,11,0.0
11620,2,0.0
11621,4,1.0
11622,1,0.0
11623,2,1.0
11624,1,1.0
11625,2,1.0
11626,6,0.0
11627,5,1.0
11628,6,0.0
11629,30,0.0
11630,1,1.0
11631,54,0.0
11632,3,0.0
11633,4,1.0
11634,5,1.0
11635,1,0.0
11636,7,1.0
11637,43,1.0
11638,14,0.0
11639,17,0.0
11640,7,0.0
11641,12,0.0
11642,1,0.0
11643,5,1.0
11644,1,0.0
11645,1,0.0
11646,57,1.0
11647,1,0.0
11648,39,1.0
11649,5,0.0
11650,1,0.0
11651,1,1.0
11652,2,1.0
11653,6,0.0
11654,3,1.0
11655,27,0.0
11656,38,0.0
11657,8,1.0
11658,7,1.0
11659,3,0.0
11660,1,1.0
11661,5,1.0
11662,3,1.0
11663,12,1.0
11664,2,1.0
11665,11,0.0
11666,2,1.0
11667,6,0.0
11668,54,0.0
11669,6,0.0
11670,5,1.0
11671,10,0.0
11672,3,1.0
11673,7,0.0
11674,5,0.0
11675,20,0.0
11676,3,1.0
11677,59,0.0
11678,1,1.0
11679,8,0.0
11680,8,0.0
11681,37,0.0
11682,4,1.0
11683,10,1.0
11684,21,0.0
11685,3,1.0
11686,9,1.0
11687,3,1.0
11688,9,0.0
11689,4,1.0
11690,1,0.0
11691,2,0.0
11692,1,0.0
11693,5,0.0
11694,1,0.0
11695,3,0.0
11696,3,1.0
11697,2,0.0
11698,6,1.0
11699,4,1.0
11700,4,1.0
11701,4,1.0
11702,6,0.0
11703,2,1.0
11704,5,0.0
11705,31,0.0
11706,4,1.0
11707,15,0.0
11708,5,1.0
11709,7,0.0
11710,2,0.0
11711,2,0.0
11712,1,0.0
11713,1,0.0
11714,44,0.0
11715,9,0.0
11716,5,1.0
11717,2,0.0
11718,1,0.0
11719,2,1.0
11720,2,0.0
11721,1,1.0
11722,4,0.0
11723,1,1.0
11724,1,0.0
11725,7,0.0
11726,1,0.0
11727,4,1.0
11728,7,0.0
11729,3,0.0
11730,3,0.0
11731,5,1.0
11732,1,1.0
11733,4,1.0
11734,6,0.0
11735,2,1.0
11736,2,0.0
11737,2,0.0
11738,55,1.0
11739,2,0.0
11740,2,1.0
11741,4,1.0
11742,6,0.0
11743,47,0.0
11744,1,1.0
11745,2,1.0
11746,11,0.0
11747,5,1.0
11748,3,1.0
11749,1,0.0
11750,2,0.0
11751,36,0.0
11752,18,1.0
11753,21,0.0
11754,6,1.0
11755,2,0.0
11756,1,1.0
11757,5,0.0
11758,1,0.0
11759,1,0.0
11760,2,1.0
11761,13,1.0
11762,4,0.0
11763,4,1.0
11764,3,1.0
11765,5,0.0
11766,12,1.0
11767,11,1.0
11768,3,0.0
11769,4,1.0
11770,2,0.0
11771,1,1.0
11772,5,0.0
11773,38,1.0
11774,5,1.0
11775,1,0.0
11776,8,1.0
11777,1,0.0
11778,6,1.0
11779,4,1.0
11780,19,1.0
11781,1,0.0
11782,1,1.0
11783,1,1.0
11784,24,0.0
11785,8,0.0
11786,4,1.0
11787,6,1.0
11788,3,0.0
11789,5,1.0
11790,1,0.0
11791,2,1.0
11792,1,1.0
11793,9,1.0
11794,2,1.0
11795,5,0.0
11796,7,1.0
11797,6,1.0
11798,1,1.0
11799,9,1.0
11800,6,1.0
11801,1,1.0
11802,4,0.0
11803,1,1.0
11804,1,0.0
11805,9,0.0
11806,1,0.0
11807,7,0.0
11808,7,0.0
11809,1,1.0
11810,1,0.0
11811,16,0.0
11812,2,0.0
11813,5,0.0
11814,12,1.0
11815,7,1.0
11816,5,1.0
11817,6,1.0
11818,13,0.0
11819,1,0.0
11820,1,0.0
11821,6,1.0
11822,7,1.0
11823,9,1.0
11824,34,0.0
11825,2,0.0
11826,2,1.0
11827,6,0.0
11828,3,1.0
11829,1,1.0
11830,3,0.0
11831,1,0.0
11832,12,1.0
11833,6,1.0
11834,10,1.0
11835,1,1.0
11836,6,1.0
11837,4,1.0
11838,1,1.0
11839,7,1.0
11840,2,0.0
11841,9,0.0
11842,35,0.0
11843,3,0.0
11844,2,0.0
11845,7,1.0
11846,2,0.0
11847,7,1.0
11848,7,0.0
11849,1,1.0
11850,2,1.0
11851,5,0.0
11852,9,1.0
11853,3,0.0
11854,12,0.0
11855,4,1.0
11856,1,0.0
11857,3,0.0
11858,1,0.0
11859,2,0.0
11860,5,0.0
11861,6,0.0
11862,1,1.0
11863,1,1.0
11864,3,1.0
11865,7,0.0
11866,21,0.0
11867,4,1.0
11868,10,0.0
11869,11,1.0
11870,19,1.0
11871,1,1.0
11872,4,1.0
11873,1,0.0
11874,2,0.0
11875,2,0.0
11876,5,1.0
11877,5,1.0
11878,1,0.0
11879,5,1.0
11880,2,0.0
11881,4,0.0
11882,5,0.0
11883,2,0.0
11884,9,0.0
11885,2,0.0
11886,6,1.0
11887,1,1.0
11888,1,0.0
11889,1,0.0
11890,1,0.0
11891,2,0.0
11892,13,0.0
11893,6,1.0
11894,2,1.0
11895,15,1.0
11896,2,1.0
11897,5,1.0
11898,5,0.0
11899,2,0.0
11900,8,1.0
11901,1,0.0
11902,2,1.0
11903,4,0.0
11904,2,0.0
11905,1,1.0
11906,1,1.0
11907,2,0.0
11908,1,0.0
11909,38,1.0
11910,2,1.0
11911,20,1.0
11912,9,0.0
11913,7,1.0
11914,3,1.0
11915,1,0.0
11916,15,0.0
11917,4,1.0
11918,4,1.0
11919,35,1.0
11920,14,0.0
11921,7,0.0
11922,3,1.0
11923,3,1.0
11924,3,1.0
11925,5,0.0
11926,13,1.0
11927,2,1.0
11928,18,1.0
11929,11,1.0
11930,16,0.0
11931,7,1.0
11932,5,1.0
11933,1,0.0
11934,3,1.0
11935,11,1.0
11936,7,1.0
11937,2,0.0
11938,21,1.0
11939,8,1.0
11940,1,0.0
11941,46,1.0
11942,1,1.0
11943,12,0.0
11944,2,0.0
11945,8,1.0
11946,5,0.0
11947,2,1.0
11948,2,1.0
11949,2,1.0
11950,2,1.0
11951,1,1.0
11952,1,1.0
11953,5,1.0
11954,56,1.0
11955,2,0.0
11956,5,1.0
11957,2,0.0
11958,9,1.0
11959,28,0.0
11960,3,0.0
11961,3,0.0
11962,4,1.0
11963,9,1.0
11964,4,0.0
11965,11,1.0
11966,6,1.0
11967,8,1.0
11968,5,0.0
11969,50,0.0
11970,2,1.0
11971,1,1.0
11972,1,1.0
11973,7,1.0
11974,15,0.0
11975,3,0.0
11976,2,0.0
11977,8,0.0
11978,1,1.0
11979,2,0.0
11980,2,1.0
11981,13,1.0
11982,4,1.0
11983,2,1.0
11984,5,1.0
11985,2,0.0
11986,3,1.0
11987,1,0.0
11988,5,1.0
11989,1,0.0
11990,2,0.0
11991,45,1.0
11992,2,0.0
11993,2,0.0
11994,1,0.0
11995,3,1.0
11996,2,0.0
11997,12,0.0
11998,6,0.0
11999,8,1.0
12000,1,0.0
12001,1,1.0
12002,2,0.0
12003,22,1.0
12004,3,1.0
12005,13,1.0
12006,14,0.0
12007,6,0.0
12008,4,1.0
12009,3,1.0
12010,3,0.0
12011,2,0.0
12012,19,0.0
12013,7,0.0
12014,2,0.0
12015,31,1.0
12016,8,0.0
12017,2,1.0
12018,54,0.0
12019,1,0.0
12020,54,0.0
12021,3,1.0
12022,2,1.0
12023,4,1.0
12024,3,0.0
12025,2,0.0
12026,3,1.0
12027,8,0.0
12028,10,1.0
12029,2,0.0
12030,4,1.0
12031,1,1.0
12032,3,0.0
12033,1,1.0
12034,4,1.0
12035,4,1.0
12036,1,0.0
12037,1,1.0
12038,3,0.0
12039,3,1.0
12040,3,1.0
12041,48,0.0
12042,59,0.0
12043,29,1.0
12044,1,0.0
12045,5,0.0
12046,8,0.0
12047,5,1.0
12048,5,1.0
12049,2,0.0
12050,10,1.0
12051,6,0.0
12052,3,0.0
12053,8,1.0
12054,3,1.0
12055,13,1.0
12056,5,0.0
12057,5,1.0
12058,10,1.0
12059,1,1.0
12060,4,0.0
12061,4,0.0
12062,2,0.0
12063,2,0.0
12064,1,1.0
12065,4,1.0
12066,55,1.0
12067,4,1.0
12068,22,0.0
12069,20,0.0
12070,2,1.0
12071,3,0.0
12072,1,1.0
12073,1,0.0
12074,4,0.0
12075,7,0.0
12076,3,0.0
12077,2,0.0
12078,2,0.0
12079,4,1.0
12080,1,0.0
12081,1,0.0
12082,3,0.0
12083,3,0.0
12084,52,0.0
12085,5,0.0
12086,3,1.0
12087,4,1.0
12088,8,1.0
12089,1,0.0
12090,1,0.0
12091,7,1.0
12092,10,0.0
12093,6,0.0
12094,9,0.0
12095,2,1.0
12096,25,0.0
12097,2,0.0
12098,6,1.0
12099,54,0.0
12100,6,1.0
12101,58,1.0
12102,1,0.0
12103,1,0.0
12104,5,1.0
12105,12,0.0
12106,8,0.0
12107,3,1.0
12108,7,0.0
12109,3,1.0
12110,1,0.0
12111,2,1.0
12112,2,0.0
12113,29,0.0
12114,2,1.0
12115,1,1.0
12116,2,1.0
12117,1,1.0
12118,6,1.0
12119,3,1.0
12120,10,0.0
12121,41,0.0
12122,3,1.0
12123,1,1.0
12124,1,1.0
12125,1,1.0
12126,3,1.0
12127,5,1.0
12128,5,1.0
12129,2,0.0
12130,1,1.0
12131,1,1.0
12132,4,1.0
12133,2,0.0
12134,1,1.0
12135,11,1.0
12136,8,0.0
12137,2,0.0
12138,1,1.0
12139,1,0.0
12140,1,1.0
12141,9,1.0
12142,3,1.0
12143,3,1.0
12144,2,0.0
12145,2,1.0
12146,1,1.0
12147,1,1.0
12148,2,0.0
12149,3,0.0
12150,1,1.0
12151,6,1.0
12152,1,0.0
12153,4,0.0
12154,3,1.0
12155,28,0.0
12156,6,1.0
12157,5,1.0
12158,3,0.0
12159,2,0.0
12160,3,0.0
12161,4,1.0
12162,2,0.0
12163,5,1.0
12164,1,0.0
12165,5,0.0
12166,10,1.0
12167,1,0.0
12168,7,1.0
12169,6,1.0
12170,2,0.0
12171,5,0.0
12172,1,0.0
12173,3,1.0
12174,6,1.0
12175,1,0.0
12176,1,0.0
12177,30,0.0
12178,7,1.0
12179,2,1.0
12180,10,0.0
12181,9,0.0
12182,1,0.0
12183,2,0.0
12184,1,0.0
12185,5,1.0
12186,5,1.0
12187,47,0.0
12188,1,1.0
12189,2,0.0
12190,4,1.0
12191,16,0.0
12192,5,0.0
12193,4,1.0
12194,1,1.0
12195,3,1.0
12196,19,1.0
12197,3,1.0
12198,38,1.0
12199,2,1.0
12200,1,1.0
12201,2,1.0
12202,1,0.0
12203,4,1.0
12204,2,0.0
12205,4,1.0
12206,5,1.0
12207,4,0.0
12208,9,0.0
12209,56,0.0
12210,4,0.0
12211,2,0.0
12212,1,0.0
12213,1,1.0
12214,1,1.0
12215,3,1.0
12216,1,1.0
12217,1,1.0
12218,1,0.0
12219,4,1.0
12220,7,1.0
12221,8,1.0
12222,2,1.0
12223,1,0.0
12224,3,0.0
12225,11,1.0
12226,7,0.0
12227,2,1.0
12228,8,0.0
12229,3,1.0
12230,2,1.0
12231,8,1.0
12232,4,1.0
12233,9,0.0
12234,1,0.0
12235,5,0.0
12236,11,0.0
12237,2,0.0
12238,4,1.0
12239,19,0.0
12240,1,0.0
12241,6,1.0
12242,1,1.0
12243,5,1.0
12244,1,0.0
12245,2,1.0
12246,8,1.0
12247,4,0.0
12248,2,0.0
12249,1,0.0
12250,44,1.0
12251,2,0.0
12252,7,0.0
12253,1,1.0
12254,20,1.0
12255,11,1.0
12256,1,0.0
12257,16,1.0
12258,26,1.0
12259,2,1.0
12260,4,1.0
12261,14,0.0
12262,4,1.0
12263,44,0.0
12264,3,1.0
12265,24,1.0
12266,2,1.0
12267,1,0.0
12268,3,1.0
12269,36,0.0
12270,4,1.0
12271,1,1.0
12272,1,1.0
12273,7,0.0
12274,1,0.0
12275,6,1.0
12276,1,0.0
12277,22,1.0
12278,1,1.0
12279,2,0.0
12280,5,1.0
12281,1,0.0
12282,8,1.0
12283,5,1.0
12284,13,0.0
12285,8,0.0
12286,13,1.0
12287,2,1.0
12288,9,0.0
12289,1,0.0
12290,3,0.0
12291,3,0.0
12292,29,1.0
12293,12,0.0
12294,4,0.0
12295,4,1.0
12296,2,0.0
12297,7,1.0
12298,1,1.0
12299,5,0.0
12300,3,0.0
12301,7,0.0
12302,2,1.0
12303,1,0.0
12304,1,0.0
12305,1,0.0
12306,25,0.0
12307,1,1.0
12308,59,1.0
12309,10,0.0
12310,3,0.0
12311,4,1.0
12312,3,0.0
12313,2,1.0
12314,6,1.0
12315,6,1.0
12316,6,0.0
12317,1,1.0
12318,3,1.0
12319,3,0.0
12320,3,0.0
12321,8,0.0
12322,1,1.0
12323,1,0.0
12324,33,0.0
12325,2,1.0
12326,3,1.0
12327,5,0.0
12328,4,1.0
12329,51,1.0
12330,11,0.0
12331,1,1.0
12332,1,0.0
12333,5,1.0
12334,1,0.0
12335,15,1.0
12336,5,0.0
12337,2,0.0
12338,3,0.0
12339,6,1.0
12340,1,0.0
12341,1,1.0
12342,2,0.0
12343,1,1.0
12344,1,1.0
12345,1,1.0
12346,3,0.0
12347,3,1.0
12348,1,0.0
12349,1,0.0
12350,14,0.0
12351,2,0.0
12352,2,1.0
12353,8,0.0
12354,1,0.0
12355,2,0.0
12356,1,1.0
12357,9,0.0
12358,2,0.0
12359,31,1.0
12360,2,1.0
12361,8,0.0
12362,1,0.0
12363,2,1.0
12364,3,0.0
12365,1,0.0
12366,10,0.0
12367,24,1.0
12368,10,1.0
12369,2,0.0
12370,1,0.0
12371,5,1.0
12372,3,0.0
12373,42,0.0
12374,6,1.0
12375,3,0.0
12376,1,1.0
12377,24,0.0
12378,55,1.0
12379,1,0.0
12380,1,0.0
12381,36,0.0
12382,2,1.0
12383,5,0.0
12384,1,0.0
12385,7,0.0
12386,2,0.0
12387,13,1.0
12388,1,1.0
12389,18,0.0
12390,6,1.0
12391,5,0.0
12392,3,1.0
12393,12,0.0
12394,5,0.0
12395,17,1.0
12396,4,0.0
12397,2,0.0
12398,4,1.0
12399,3,1.0
12400,19,0.0
12401,9,1.0
12402,1,0.0
12403,2,1.0
12404,3,0.0
12405,2,1.0
12406,1,0.0
12407,3,0.0
12408,5,0.0
12409,1,0.0
12410,9,0.0
12411,9,1.0
12412,8,1.0
12413,1,0.0
12414,3,1.0
12415,8,1.0
12416,4,0.0
12417,6,1.0
12418,11,0.0
12419,21,1.0
12420,11,1.0
12421,4,1.0
12422,2,1.0
12423,2,1.0
12424,1,0.0
12425,16,1.0
12426,1,0.0
12427,9,1.0
12428,1,1.0
12429,1,0.0
12430,1,0.0
12431,4,1.0
12432,1,0.0
12433,2,1.0
12434,5,0.0
12435,9,0.0
12436,8,0.0
12437,1,0.0
12438,7,1.0
12439,2,1.0
12440,3,1.0
12441,4,1.0
12442,5,1.0
12443,3,0.0
12444,8,0.0
12445,2,1.0
12446,9,0.0
12447,8,0.0
12448,7,1.0
12449,2,0.0
12450,6,0.0
12451,7,0.0
12452,2,1.0
12453,60,0.0
12454,1,1.0
12455,2,0.0
12456,4,0.0
12457,1,0.0
12458,2,1.0
12459,1,1.0
12460,3,1.0
12461,1,0.0
12462,5,1.0
12463,58,0.0
12464,5,1.0
12465,7,1.0
12466,8,1.0
12467,1,1.0
12468,12,1.0
12469,4,0.0
12470,3,1.0
12471,2,0.0
12472,19,0.0
12473,4,1.0
12474,6,1.0
12475,5,1.0
12476,10,0.0
12477,4,1.0
12478,5,1.0
12479,1,1.0
12480,5,1.0
12481,8,1.0
12482,20,1.0
12483,1,0.0
12484,1,0.0
12485,1,0.0
12486,6,1.0
12487,12,0.0
12488,4,1.0
12489,11,0.0
12490,2,0.0
12491,6,1.0
12492,1,0.0
12493,6,1.0
12494,2,0.0
12495,2,1.0
12496,4,1.0
12497,14,0.0
12498,3,1.0
12499,4,1.0
12500,2,1.0
12501,9,1.0
12502,2,1.0
12503,2,1.0
12504,5,1.0
12505,13,1.0
12506,34,0.0
12507,1,1.0
12508,5,1.0
12509,2,0.0
12510,5,0.0
12511,3,0.0
12512,3,0.0
12513,1,0.0
12514,1,0.0
12515,3,0.0
12516,8,1.0
12517,5,0.0
12518,3,0.0
12519,1,0.0
12520,3,0.0
12521,2,1.0
12522,2,1.0
12523,3,0.0
12524,7,1.0
12525,8,0.0
12526,7,0.0
12527,3,0.0
12528,2,1.0
12529,8,0.0
12530,2,1.0
12531,1,0.0
12532,1,1.0
12533,4,1.0
12534,1,0.0
12535,6,1.0
12536,1,1.0
12537,1,1.0
12538,2,1.0
12539,2,0.0
12540,25,0.0
12541,6,1.0
12542,11,0.0
12543,1,0.0
12544,4,0.0
12545,2,1.0
12546,11,0.0
12547,2,1.0
12548,2,1.0
12549,11,1.0
12550,4,1.0
12551,4,1.0
12552,1,0.0
12553,4,1.0
12554,4,0.0
12555,2,0.0
12556,7,1.0
12557,4,0.0
12558,3,1.0
12559,3,0.0
12560,7,0.0
12561,20,0.0
12562,1,1.0
12563,2,1.0
12564,4,1.0
12565,10,0.0
12566,1,0.0
12567,2,1.0
12568,9,1.0
12569,1,0.0
12570,5,0.0
12571,4,1.0
12572,3,1.0
12573,11,0.0
12574,8,1.0
12575,4,1.0
12576,3,0.0
12577,1,0.0
12578,3,1.0
12579,5,1.0
12580,3,0.0
12581,1,0.0
12582,1,0.0
12583,11,1.0
12584,1,1.0
12585,4,0.0
12586,1,0.0
12587,6,1.0
12588,5,1.0
12589,1,0.0
12590,1,0.0
12591,1,1.0
12592,3,1.0
12593,6,1.0
12594,4,1.0
12595,14,0.0
12596,7,1.0
12597,6,0.0
12598,1,1.0
12599,3,1.0
12600,1,1.0
12601,2,0.0
12602,7,0.0
12603,5,0.0
12604,17,1.0
12605,5,0.0
12606,4,1.0
12607,2,0.0
12608,5,0.0
12609,1,0.0
12610,4,0.0
12611,4,1.0
12612,1,0.0
12613,6,1.0
12614,11,0.0
12615,4,0.0
12616,1,1.0
12617,1,0.0
12618,3,1.0
12619,7,0.0
12620,1,0.0
12621,30,0.0
12622,1,0.0
12623,4,0.0
12624,3,0.0
12625,14,0.0
12626,5,0.0
12627,2,1.0
12628,8,1.0
12629,2,1.0
12630,4,0.0
12631,2,1.0
12632,2,0.0
12633,3,1.0
12634,1,0.0
12635,3,0.0
12636,8,0.0
12637,6,0.0
12638,10,0.0
12639,45,0.0
12640,2,0.0
12641,7,1.0
12642,1,0.0
12643,2,1.0
12644,4,1.0
12645,1,1.0
12646,9,0.0
12647,2,1.0
12648,2,0.0
12649,13,0.0
12650,3,0.0
12651,2,1.0
12652,2,1.0
12653,16,0.0
12654,1,1.0
12655,1,0.0
12656,1,0.0
12657,3,0.0
12658,2,0.0
12659,2,0.0
12660,22,0.0
12661,51,0.0
12662,3,0.0
12663,1,1.0
12664,8,0.0
12665,3,1.0
12666,2,0.0
12667,5,1.0
12668,20,0.0
12669,2,0.0
12670,3,0.0
12671,8,0.0
12672,1,1.0
12673,2,0.0
12674,6,1.0
12675,34,0.0
12676,4,0.0
12677,1,0.0
12678,7,0.0
12679,1,0.0
12680,11,1.0
12681,2,1.0
12682,24,1.0
12683,2,0.0
12684,5,1.0
12685,9,1.0
12686,7,0.0
12687,6,0.0
12688,3,1.0
12689,2,0.0
12690,5,0.0
12691,4,1.0
12692,1,1.0
12693,4,1.0
12694,10,1.0
12695,60,0.0
12696,15,1.0
12697,2,1.0
12698,4,0.0
12699,3,1.0
12700,48,1.0
12701,3,0.0
12702,20,0.0
12703,2,0.0
12704,4,1.0
12705,34,0.0
12706,3,1.0
12707,4,1.0
12708,5,0.0
12709,3,1.0
12710,4,1.0
12711,3,1.0
12712,5,0.0
12713,1,0.0
12714,11,0.0
12715,4,0.0
12716,26,0.0
12717,2,1.0
12718,3,1.0
12719,8,0.0
12720,45,0.0
12721,1,0.0
12722,4,1.0
12723,4,0.0
12724,48,0.0
12725,57,0.0
12726,1,1.0
12727,2,0.0
12728,1,0.0
12729,6,0.0
12730,2,0.0
12731,6,0.0
12732,1,1.0
12733,1,1.0
12734,9,0.0
12735,12,1.0
12736,16,0.0
12737,2,0.0
12738,5,1.0
12739,6,0.0
12740,8,0.0
12741,49,1.0
12742,7,0.0
12743,6,0.0
12744,2,1.0
12745,4,0.0
12746,2,0.0
12747,9,1.0
12748,3,1.0
12749,4,1.0
12750,8,0.0
12751,4,1.0
12752,9,1.0
12753,7,1.0
12754,4,1.0
12755,1,0.0
12756,1,0.0
12757,1,0.0
12758,1,0.0
12759,1,0.0
12760,42,1.0
12761,9,1.0
12762,9,1.0
12763,2,0.0
12764,1,1.0
12765,2,1.0
12766,10,1.0
12767,1,1.0
12768,46,0.0
12769,5,1.0
12770,10,0.0
12771,50,0.0
12772,3,1.0
12773,11,0.0
12774,2,0.0
12775,1,1.0
12776,28,1.0
12777,5,1.0
12778,4,1.0
12779,4,1.0
12780,1,1.0
12781,4,1.0
12782,1,1.0
12783,8,1.0
12784,1,1.0
12785,9,1.0
12786,57,0.0
12787,1,0.0
12788,6,0.0
12789,4,1.0
12790,2,0.0
12791,5,0.0
12792,5,0.0
12793,4,0.0
12794,4,1.0
12795,4,1.0
12796,2,0.0
12797,1,0.0
12798,10,0.0
12799,2,1.0
12800,3,0.0
12801,10,0.0
12802,3,1.0
12803,4,1.0
12804,1,1.0
12805,2,0.0
12806,4,1.0
12807,2,0.0
12808,7,0.0
12809,4,0.0
12810,4,0.0
12811,1,0.0
12812,1,1.0
12813,9,0.0
12814,5,0.0
12815,1,0.0
12816,2,0.0
12817,12,0.0
12818,5,0.0
12819,11,0.0
12820,31,1.0
12821,4,1.0
12822,4,1.0
12823,2,1.0
12824,1,1.0
12825,9,1.0
12826,4,1.0
12827,3,1.0
12828,1,1.0
12829,5,0.0
12830,2,1.0
12831,6,0.0
12832,46,0.0
12833,3,0.0
12834,15,1.0
12835,1,0.0
12836,6,1.0
12837,2,0.0
12838,4,1.0
12839,5,1.0
12840,1,1.0
12841,1,0.0
12842,10,0.0
12843,1,0.0
12844,4,1.0
12845,7,1.0
12846,4,1.0
12847,5,1.0
12848,2,1.0
12849,49,0.0
12850,3,1.0
12851,20,0.0
12852,1,0.0
12853,1,1.0
12854,11,0.0
12855,2,0.0
12856,1,1.0
12857,2,0.0
12858,4,1.0
12859,4,1.0
12860,2,1.0
12861,1,1.0
12862,7,1.0
12863,3,1.0
12864,5,0.0
12865,3,0.0
12866,1,0.0
12867,4,1.0
12868,10,1.0
12869,1,0.0
12870,3,1.0
12871,1,1.0
12872,4,1.0
12873,4,1.0
12874,4,1.0
12875,5,0.0
12876,5,0.0
12877,4,1.0
12878,6,1.0
12879,7,0.0
12880,1,0.0
12881,2,0.0
12882,5,0.0
12883,3,0.0
12884,15,1.0
12885,3,1.0
12886,40,0.0
12887,6,1.0
12888,9,0.0
12889,3,1.0
12890,12,0.0
12891,1,1.0
12892,2,0.0
12893,1,0.0
12894,7,1.0
12895,9,1.0
12896,6,0.0
12897,4,0.0
12898,6,0.0
12899,22,0.0
12900,3,0.0
12901,6,0.0
12902,2,1.0
12903,1,0.0
12904,1,0.0
12905,6,1.0
12906,3,1.0
12907,7,1.0
12908,1,0.0
12909,15,1.0
12910,1,0.0
12911,10,1.0
12912,7,0.0
12913,2,0.0
12914,2,0.0
12915,5,1.0
12916,1,0.0
12917,5,1.0
12918,9,0.0
12919,7,0.0
12920,41,0.0
12921,7,1.0
12922,2,0.0
12923,3,1.0
12924,4,1.0
12925,3,0.0
12926,2,0.0
12927,3,1.0
12928,3,0.0
12929,5,1.0
12930,1,0.0
12931,6,0.0
12932,1,0.0
12933,2,1.0
12934,3,1.0
12935,6,1.0
12936,3,0.0
12937,2,0.0
12938,6,1.0
12939,1,0.0
12940,1,1.0
12941,3,0.0
12942,7,0.0
12943,14,1.0
12944,9,1.0
12945,5,0.0
12946,7,0.0
12947,1,0.0
12948,20,0.0
12949,13,0.0
12950,3,1.0
12951,6,1.0
12952,2,0.0
12953,2,0.0
12954,3,1.0
12955,1,0.0
12956,6,0.0
12957,6,1.0
12958,18,0.0
12959,8,1.0
12960,2,1.0
12961,1,0.0
12962,4,1.0
12963,1,0.0
12964,1,0.0
12965,1,0.0
12966,5,0.0
12967,34,0.0
12968,5,1.0
12969,2,0.0
12970,2,1.0
12971,5,0.0
12972,2,0.0
12973,2,1.0
12974,1,0.0
12975,1,0.0
12976,2,1.0
12977,1,0.0
12978,1,1.0
12979,8,0.0
12980,14,0.0
12981,4,1.0
12982,1,0.0
12983,1,0.0
12984,4,0.0
12985,6,0.0
12986,2,1.0
12987,9,0.0
12988,7,1.0
12989,10,0.0
12990,1,0.0
12991,10,1.0
12992,25,1.0
12993,2,1.0
12994,4,1.0
12995,8,0.0
12996,15,1.0
12997,4,1.0
12998,1,0.0
12999,9,0.0
13000,2,0.0
13001,1,1.0
13002,2,0.0
13003,55,0.0
13004,8,0.0
13005,10,1.0
13006,4,1.0
13007,5,0.0
13008,2,0.0
13009,5,1.0
13010,7,1.0
13011,7,1.0
13012,3,0.0
13013,2,1.0
13014,4,0.0
13015,3,0.0
13016,2,1.0
13017,2,0.0
13018,5,1.0
13019,1,1.0
13020,46,0.0
13021,2,0.0
13022,1,0.0
13023,4,1.0
13024,7,0.0
13025,3,1.0
13026,12,0.0
13027,1,0.0
13028,1,1.0
13029,4,0.0
13030,2,0.0
13031,2,0.0
13032,3,1.0
13033,1,1.0
13034,1,1.0
13035,12,1.0
13036,1,0.0
13037,22,0.0
13038,5,0.0
13039,1,1.0
13040,4,0.0
13041,2,1.0
13042,1,1.0
13043,2,1.0
13044,23,0.0
13045,3,0.0
13046,6,1.0
13047,5,0.0
13048,7,1.0
13049,17,0.0
13050,3,1.0
13051,2,0.0
13052,5,0.0
13053,3,0.0
13054,3,0.0
13055,3,1.0
13056,1,1.0
13057,2,1.0
13058,4,1.0
13059,3,0.0
13060,6,0.0
13061,2,1.0
13062,3,0.0
13063,4,1.0
13064,4,1.0
13065,2,0.0
13066,10,0.0
13067,3,1.0
13068,1,0.0
13069,1,1.0
13070,2,0.0
13071,3,1.0
13072,3,0.0
13073,2,1.0
13074,2,1.0
13075,2,0.0
13076,5,1.0
13077,5,0.0
13078,2,0.0
13079,1,0.0
13080,5,1.0
13081,1,0.0
13082,2,0.0
13083,4,1.0
13084,1,1.0
13085,1,0.0
13086,23,1.0
13087,6,1.0
13088,2,1.0
13089,1,0.0
13090,4,1.0
13091,1,0.0
13092,5,1.0
13093,1,1.0
13094,5,1.0
13095,4,1.0
13096,5,1.0
13097,2,0.0
13098,1,1.0
13099,3,0.0
13100,4,1.0
13101,8,1.0
13102,3,1.0
13103,20,0.0
13104,4,0.0
13105,2,1.0
13106,3,0.0
13107,6,1.0
13108,2,1.0
13109,10,1.0
13110,1,1.0
13111,1,0.0
13112,2,0.0
13113,6,1.0
13114,1,0.0
13115,6,0.0
13116,4,1.0
13117,14,1.0
13118,6,1.0
13119,26,1.0
13120,7,0.0
13121,2,0.0
13122,6,0.0
13123,5,1.0
13124,2,1.0
13125,2,0.0
13126,3,0.0
13127,2,0.0
13128,7,0.0
13129,10,0.0
13130,8,0.0
13131,1,1.0
13132,6,1.0
13133,3,0.0
13134,32,0.0
13135,7,1.0
13136,1,1.0
13137,3,1.0
13138,1,0.0
13139,17,1.0
13140,2,0.0
13141,7,0.0
13142,26,1.0
13143,2,1.0
13144,36,0.0
13145,1,1.0
13146,3,1.0
13147,3,1.0
13148,15,1.0
13149,11,1.0
13150,3,1.0
13151,1,0.0
13152,9,0.0
13153,2,1.0
13154,3,1.0
13155,3,0.0
13156,9,1.0
13157,14,0.0
13158,58,1.0
13159,1,0.0
13160,6,0.0
13161,8,0.0
13162,1,0.0
13163,5,1.0
13164,8,1.0
13165,1,0.0
13166,35,0.0
13167,9,0.0
13168,7,0.0
13169,4,1.0
13170,4,1.0
13171,5,1.0
13172,1,1.0
13173,6,0.0
13174,9,0.0
13175,1,0.0
13176,2,0.0
13177,3,0.0
13178,45,0.0
13179,9,0.0
13180,6,1.0
13181,1,1.0
13182,1,1.0
13183,8,1.0
13184,2,1.0
13185,16,1.0
13186,3,1.0
13187,5,0.0
13188,7,0.0
13189,3,1.0
13190,4,1.0
13191,10,1.0
13192,3,1.0
13193,4,1.0
13194,8,0.0
13195,58,0.0
13196,6,1.0
13197,1,0.0
13198,12,0.0
13199,1,0.0
13200,4,1.0
13201,7,1.0
13202,9,0.0
13203,6,0.0
13204,2,1.0
13205,4,1.0
13206,2,1.0
13207,2,1.0
13208,19,1.0
13209,7,1.0
13210,10,1.0
13211,3,1.0
13212,53,1.0
13213,3,1.0
13214,1,1.0
13215,3,1.0
13216,1,1.0
13217,5,0.0
13218,6,1.0
13219,6,1.0
13220,2,1.0
13221,53,0.0
13222,7,0.0
13223,9,1.0
13224,4,1.0
13225,9,0.0
13226,7,1.0
13227,2,1.0
13228,42,0.0
13229,2,0.0
13230,6,1.0
13231,1,1.0
13232,1,0.0
13233,3,1.0
13234,12,1.0
13235,1,0.0
13236,15,1.0
13237,2,1.0
13238,4,1.0
13239,2,1.0
13240,3,1.0
13241,11,1.0
13242,23,1.0
13243,1,1.0
13244,2,0.0
13245,3,1.0
13246,2,1.0
13247,7,1.0
13248,9,0.0
13249,5,1.0
13250,2,0.0
13251,3,0.0
13252,14,0.0
13253,2,0.0
13254,5,1.0
13255,2,1.0
13256,1,1.0
13257,1,0.0
13258,3,0.0
13259,5,1.0
13260,2,1.0
13261,10,1.0
13262,3,1.0
13263,1,0.0
13264,1,1.0
13265,7,1.0
13266,11,0.0
13267,55,0.0
13268,2,0.0
13269,2,1.0
13270,7,1.0
13271,5,1.0
13272,30,1.0
13273,3,0.0
13274,6,0.0
13275,2,0.0
13276,5,0.0
13277,1,0.0
13278,8,1.0
13279,5,1.0
13280,7,1.0
13281,3,0.0
13282,4,1.0
13283,1,1.0
13284,11,0.0
13285,7,0.0
13286,6,0.0
13287,5,0.0
13288,2,1.0
13289,6,1.0
13290,11,0.0
13291,5,1.0
13292,3,1.0
13293,2,0.0
13294,12,1.0
13295,4,1.0
13296,3,0.0
13297,7,1.0
13298,7,1.0
13299,8,1.0
13300,22,0.0
13301,2,0.0
13302,12,0.0
13303,3,1.0
13304,1,1.0
13305,7,1.0
13306,36,0.0
13307,4,1.0
13308,8,0.0
13309,6,0.0
13310,27,0.0
13311,12,0.0
13312,6,0.0
13313,7,1.0
13314,1,1.0
13315,10,0.0
13316,6,0.0
13317,1,0.0
13318,4,0.0
13319,4,1.0
13320,1,0.0
13321,45,0.0
13322,1,0.0
13323,2,1.0
13324,6,1.0
13325,1,0.0
13326,4,1.0
13327,3,1.0
13328,4,0.0
13329,9,1.0
13330,2,1.0
13331,3,1.0
13332,1,0.0
13333,6,0.0
13334,9,1.0
13335,1,0.0
13336,3,0.0
13337,4,1.0
13338,3,0.0
13339,2,0.0
13340,8,1.0
13341,9,0.0
13342,2,1.0
13343,11,0.0
13344,5,0.0
13345,6,0.0
13346,3,1.0
13347,1,1.0
13348,1,1.0
13349,4,1.0
13350,5,0.0
13351,1,0.0
13352,1,1.0
13353,11,0.0
13354,1,1.0
13355,5,1.0
13356,3,0.0
13357,15,0.0
13358,13,0.0
13359,6,1.0
13360,6,0.0
13361,4,1.0
13362,4,1.0
13363,9,0.0
13364,3,0.0
13365,10,0.0
13366,2,1.0
13367,1,0.0
13368,7,0.0
13369,6,1.0
13370,2,1.0
13371,24,0.0
13372,4,1.0
13373,53,0.0
13374,8,1.0
13375,4,1.0
13376,7,1.0
13377,6,0.0
13378,38,0.0
13379,7,1.0
13380,1,1.0
13381,2,1.0
13382,4,1.0
13383,23,0.0
13384,17,0.0
13385,2,0.0
13386,2,0.0
13387,3,0.0
13388,1,1.0
13389,43,0.0
13390,28,1.0
13391,8,0.0
13392,32,1.0
13393,3,1.0
13394,3,0.0
13395,4,1.0
13396,6,0.0
13397,8,1.0
13398,2,0.0
13399,2,0.0
13400,15,1.0
13401,5,1.0
13402,60,0.0
13403,4,1.0
13404,3,0.0
13405,5,1.0
13406,1,1.0
13407,48,0.0
13408,5,1.0
13409,5,1.0
13410,2,0.0
13411,6,0.0
13412,12,1.0
13413,1,0.0
13414,6,0.0
13415,2,0.0
13416,1,0.0
13417,1,0.0
13418,5,0.0
13419,2,1.0
13420,8,1.0
13421,31,0.0
13422,3,1.0
13423,5,1.0
13424,7,1.0
13425,5,1.0
13426,9,1.0
13427,1,1.0
13428,7,1.0
13429,1,0.0
13430,1,0.0
13431,4,1.0
13432,2,1.0
13433,13,1.0
13434,2,1.0
13435,1,0.0
13436,18,1.0
13437,20,0.0
13438,2,0.0
13439,2,1.0
13440,4,1.0
13441,2,0.0
13442,1,1.0
13443,1,0.0
13444,1,0.0
13445,1,1.0
13446,10,0.0
13447,5,1.0
13448,1,0.0
13449,1,1.0
13450,14,0.0
13451,1,1.0
13452,8,1.0
13453,19,0.0
13454,7,1.0
13455,3,0.0
13456,6,1.0
13457,1,1.0
13458,1,1.0
13459,2,1.0
13460,4,1.0
13461,2,1.0
13462,3,0.0
13463,6,1.0
13464,9,1.0
13465,17,0.0
13466,1,0.0
13467,2,1.0
13468,2,1.0
13469,5,1.0
13470,8,0.0
13471,6,1.0
13472,6,1.0
13473,1,1.0
13474,3,1.0
13475,6,1.0
13476,3,1.0
13477,7,0.0
13478,2,0.0
13479,19,1.0
13480,59,1.0
13481,1,0.0
13482,10,1.0
13483,4,1.0
13484,2,1.0
13485,1,0.0
13486,7,1.0
13487,2,1.0
13488,4,1.0
13489,4,0.0
13490,8,1.0
13491,13,0.0
13492,2,0.0
13493,1,1.0
13494,1,1.0
13495,1,0.0
13496,3,0.0
13497,56,0.0
13498,4,1.0
13499,4,1.0
13500,1,0.0
13501,6,0.0
13502,4,1.0
13503,8,1.0
13504,3,1.0
13505,3,1.0
13506,24,1.0
13507,6,1.0
13508,18,0.0
13509,15,0.0
13510,4,1.0
13511,4,1.0
13512,1,1.0
13513,1,1.0
13514,3,1.0
13515,7,1.0
13516,22,1.0
13517,2,0.0
13518,57,0.0
13519,4,1.0
13520,1,1.0
13521,1,0.0
13522,1,0.0
13523,2,1.0
13524,5,1.0
13525,1,1.0
13526,9,0.0
13527,1,1.0
13528,7,1.0
13529,5,1.0
13530,2,1.0
13531,3,0.0
13532,4,1.0
13533,1,0.0
13534,5,1.0
13535,13,0.0
13536,3,0.0
13537,1,1.0
13538,6,0.0
13539,6,1.0
13540,4,0.0
13541,7,1.0
13542,1,0.0
13543,2,0.0
13544,2,0.0
13545,17,0.0
13546,16,1.0
13547,4,1.0
13548,1,0.0
13549,4,1.0
13550,1,0.0
13551,1,0.0
13552,1,0.0
13553,14,0.0
13554,8,1.0
13555,7,0.0
13556,2,0.0
13557,6,1.0
13558,6,0.0
13559,1,0.0
13560,2,1.0
13561,7,1.0
13562,1,0.0
13563,1,0.0
13564,8,1.0
13565,2,0.0
13566,4,1.0
13567,1,0.0
13568,4,1.0
13569,3,1.0
13570,9,1.0
13571,1,0.0
13572,4,0.0
13573,8,0.0
13574,3,0.0
13575,2,1.0
13576,10,1.0
13577,4,1.0
13578,2,0.0
13579,3,0.0
13580,3,1.0
13581,4,0.0
13582,5,1.0
13583,6,1.0
13584,2,0.0
13585,5,0.0
13586,5,1.0
13587,7,1.0
13588,4,0.0
13589,1,1.0
13590,3,0.0
13591,2,0.0
13592,2,1.0
13593,5,0.0
13594,3,1.0
13595,2,1.0
13596,3,1.0
13597,1,0.0
13598,4,1.0
13599,56,0.0
13600,2,1.0
13601,1,0.0
13602,16,1.0
13603,6,0.0
13604,3,0.0
13605,1,1.0
13606,6,0.0
13607,7,0.0
13608,15,0.0
13609,1,1.0
13610,5,1.0
13611,4,1.0
13612,6,1.0
13613,5,0.0
13614,39,1.0
13615,30,0.0
13616,6,0.0
13617,3,0.0
13618,31,0.0
13619,3,1.0
13620,1,1.0
13621,3,1.0
13622,7,1.0
13623,1,0.0
13624,2,0.0
13625,1,1.0
13626,8,1.0
13627,4,0.0
13628,6,1.0
13629,1,0.0
13630,12,1.0
13631,2,0.0
13632,7,1.0
13633,5,1.0
13634,15,1.0
13635,1,0.0
13636,3,1.0
13637,4,1.0
13638,10,1.0
13639,2,0.0
13640,10,1.0
13641,1,0.0
13642,1,0.0
13643,2,1.0
13644,17,1.0
13645,1,1.0
13646,3,1.0
13647,3,1.0
13648,6,1.0
13649,3,1.0
13650,14,0.0
13651,2,1.0
13652,2,1.0
13653,6,0.0
13654,1,0.0
13655,3,1.0
13656,5,0.0
13657,5,1.0
13658,4,0.0
13659,1,1.0
13660,1,1.0
13661,1,1.0
13662,36,0.0
13663,3,1.0
13664,5,0.0
13665,1,0.0
13666,3,0.0
13667,3,0.0
13668,6,1.0
13669,4,0.0
13670,9,0.0
13671,5,1.0
13672,1,1.0
13673,1,1.0
13674,3,1.0
13675,2,1.0
13676,3,0.0
13677,7,1.0
13678,3,1.0
13679,1,1.0
13680,6,1.0
13681,2,1.0
13682,7,1.0
13683,13,0.0
13684,2,1.0
13685,1,1.0
13686,12,0.0
13687,1,0.0
13688,4,1.0
13689,4,1.0
13690,1,1.0
13691,3,0.0
13692,3,1.0
13693,4,1.0
13694,3,1.0
13695,1,1.0
13696,7,0.0
13697,37,1.0
13698,2,0.0
13699,4,1.0
13700,1,1.0
13701,3,0.0
13702,13,1.0
13703,3,1.0
13704,2,0.0
13705,1,1.0
13706,1,0.0
13707,11,1.0
13708,4,1.0
13709,2,1.0
13710,11,0.0
13711,54,1.0
13712,6,0.0
13713,6,0.0
13714,1,0.0
13715,5,0.0
13716,3,1.0
13717,8,1.0
13718,3,0.0
13719,2,0.0
13720,1,1.0
13721,12,1.0
13722,4,1.0
13723,2,0.0
13724,2,0.0
13725,6,0.0
13726,5,0.0
13727,2,0.0
13728,2,1.0
13729,57,0.0
13730,4,1.0
13731,58,0.0
13732,1,0.0
13733,1,0.0
13734,3,0.0
13735,6,1.0
13736,1,1.0
13737,2,0.0
13738,7,1.0
13739,12,0.0
13740,6,1.0
13741,3,1.0
13742,7,0.0
13743,5,1.0
13744,2,1.0
13745,3,0.0
13746,12,0.0
13747,10,0.0
13748,6,0.0
13749,1,1.0
13750,2,1.0
13751,3,0.0
13752,7,0.0
13753,1,1.0
13754,8,1.0
13755,6,0.0
13756,2,1.0
13757,8,1.0
13758,4,1.0
13759,11,0.0
13760,2,1.0
13761,1,1.0
13762,10,0.0
13763,2,0.0
13764,5,1.0
13765,5,0.0
13766,5,0.0
13767,6,1.0
13768,2,0.0
13769,3,0.0
13770,4,0.0
13771,1,0.0
13772,4,1.0
13773,2,0.0
13774,3,1.0
13775,1,0.0
13776,18,1.0
13777,6,0.0
13778,5,1.0
13779,5,1.0
13780,2,1.0
13781,10,0.0
13782,4,1.0
13783,2,0.0
13784,2,1.0
13785,5,0.0
13786,2,1.0
13787,7,0.0
13788,2,0.0
13789,3,0.0
13790,17,0.0
13791,4,1.0
13792,2,1.0
13793,2,1.0
13794,3,0.0
13795,3,1.0
13796,6,0.0
13797,1,1.0
13798,2,1.0
13799,1,1.0
13800,8,1.0
13801,3,0.0
13802,2,1.0
13803,1,1.0
13804,4,1.0
13805,6,0.0
13806,7,1.0
13807,14,0.0
13808,12,1.0
13809,2,1.0
13810,2,0.0
13811,4,0.0
13812,2,0.0
13813,3,1.0
13814,1,0.0
13815,12,1.0
13816,5,1.0
13817,4,1.0
13818,4,1.0
13819,1,0.0
13820,17,0.0
13821,2,0.0
13822,22,0.0
13823,7,1.0
13824,9,1.0
13825,4,0.0
13826,3,0.0
13827,1,0.0
13828,2,1.0
13829,4,1.0
13830,9,0.0
13831,3,1.0
13832,1,0.0
13833,2,0.0
13834,3,0.0
13835,3,1.0
13836,4,1.0
13837,1,0.0
13838,55,0.0
13839,5,1.0
13840,7,1.0
13841,7,1.0
13842,4,0.0
13843,3,1.0
13844,4,0.0
13845,10,1.0
13846,4,1.0
13847,31,1.0
13848,4,1.0
13849,7,0.0
13850,8,1.0
13851,2,0.0
13852,23,1.0
13853,11,0.0
13854,1,0.0
13855,3,1.0
13856,1,0.0
13857,7,1.0
13858,3,1.0
13859,1,1.0
13860,10,0.0
13861,3,1.0
13862,13,0.0
13863,3,0.0
13864,1,0.0
13865,3,1.0
13866,8,1.0
13867,10,1.0
13868,16,1.0
13869,3,1.0
13870,3,1.0
13871,8,1.0
13872,7,1.0
13873,1,1.0
13874,7,1.0
13875,11,0.0
13876,3,0.0
13877,5,1.0
13878,3,1.0
13879,5,0.0
13880,3,1.0
13881,14,1.0
13882,25,1.0
13883,1,0.0
13884,1,1.0
13885,35,0.0
13886,5,1.0
13887,3,1.0
13888,2,0.0
13889,50,0.0
13890,3,1.0
13891,16,1.0
13892,2,0.0
13893,3,1.0
13894,1,1.0
13895,1,1.0
13896,4,0.0
13897,1,0.0
13898,6,0.0
13899,1,0.0
13900,14,1.0
13901,1,0.0
13902,7,0.0
13903,1,0.0
13904,3,0.0
13905,3,1.0
13906,4,1.0
13907,16,0.0
13908,1,1.0
13909,1,1.0
13910,5,1.0
13911,2,1.0
13912,2,0.0
13913,1,1.0
13914,6,0.0
13915,4,0.0
13916,1,0.0
13917,12,0.0
13918,13,1.0
13919,7,0.0
13920,1,0.0
13921,3,1.0
13922,5,1.0
13923,60,1.0
13924,3,0.0
13925,8,1.0
13926,2,0.0
13927,4,1.0
13928,7,1.0
13929,6,0.0
13930,4,1.0
13931,2,0.0
13932,1,1.0
13933,6,0.0
13934,7,0.0
13935,4,1.0
13936,3,1.0
13937,24,1.0
13938,3,0.0
13939,18,0.0
13940,1,1.0
13941,2,1.0
13942,2,1.0
13943,2,0.0
13944,19,1.0
13945,1,1.0
13946,10,0.0
13947,3,0.0
13948,5,1.0
13949,2,1.0
13950,3,1.0
13951,5,0.0
13952,59,0.0
13953,3,0.0
13954,3,0.0
13955,8,1.0
13956,3,0.0
13957,3,1.0
13958,1,1.0
13959,6,1.0
13960,5,1.0
13961,4,1.0
13962,12,0.0
13963,4,1.0
13964,3,1.0
13965,2,0.0
13966,7,0.0
13967,13,0.0
13968,5,1.0
13969,2,1.0
13970,2,1.0
13971,11,0.0
13972,6,0.0
13973,9,0.0
13974,3,0.0
13975,4,1.0
13976,8,1.0
13977,10,1.0
13978,3,1.0
13979,8,0.0
13980,9,1.0
13981,3,0.0
13982,1,0.0
13983,1,1.0
13984,1,1.0
13985,10,0.0
13986,3,0.0
13987,3,0.0
13988,37,0.0
13989,3,1.0
13990,2,1.0
13991,7,1.0
13992,4,0.0
13993,2,0.0
13994,7,1.0
13995,2,0.0
13996,6,1.0
13997,4,1.0
13998,5,0.0
13999,3,0.0
14000,2,0.0
14001,3,1.0
14002,7,1.0
14003,1,1.0
14004,9,1.0
14005,8,1.0
14006,1,1.0
14007,2,1.0
14008,12,1.0
14009,4,1.0
14010,1,1.0
14011,8,1.0
14012,6,1.0
14013,2,1.0
14014,1,1.0
14015,4,1.0
14016,3,1.0
14017,4,1.0
14018,10,1.0
14019,9,0.0
14020,4,1.0
14021,7,0.0
14022,4,0.0
14023,9,0.0
14024,6,1.0
14025,1,1.0
14026,2,0.0
14027,7,1.0
14028,10,0.0
14029,7,0.0
14030,3,1.0
14031,2,1.0
14032,1,1.0
14033,3,1.0
14034,11,0.0
14035,1,0.0
14036,9,0.0
14037,5,0.0
14038,28,1.0
14039,2,0.0
14040,1,1.0
14041,7,1.0
14042,4,1.0
14043,6,1.0
14044,11,0.0
14045,6,1.0
14046,4,1.0
14047,42,0.0
14048,5,0.0
14049,22,1.0
14050,6,1.0
14051,1,0.0
14052,59,0.0
14053,5,0.0
14054,2,1.0
14055,8,0.0
14056,2,0.0
14057,2,0.0
14058,2,0.0
14059,4,1.0
14060,1,1.0
14061,37,1.0
14062,6,1.0
14063,3,1.0
14064,41,1.0
14065,1,0.0
14066,3,1.0
14067,2,1.0
14068,5,1.0
14069,5,0.0
14070,4,0.0
14071,3,0.0
14072,3,0.0
14073,1,1.0
14074,36,1.0
14075,54,0.0
14076,3,0.0
14077,5,0.0
14078,3,0.0
14079,4,0.0
14080,3,1.0
14081,7,1.0
14082,18,0.0
14083,3,1.0
14084,5,1.0
14085,1,1.0
14086,2,0.0
14087,4,1.0
14088,8,1.0
14089,10,0.0
14090,4,1.0
14091,7,0.0
14092,1,0.0
14093,6,0.0
14094,3,0.0
14095,5,1.0
14096,10,0.0
14097,10,0.0
14098,7,1.0
14099,1,0.0
14100,3,0.0
14101,1,1.0
14102,10,1.0
14103,3,0.0
14104,1,1.0
14105,2,1.0
14106,4,1.0
14107,1,1.0
14108,1,1.0
14109,1,0.0
14110,1,0.0
14111,4,1.0
14112,5,0.0
14113,1,0.0
14114,10,0.0
14115,3,1.0
14116,2,1.0
14117,5,1.0
14118,3,1.0
14119,12,0.0
14120,13,0.0
14121,1,0.0
14122,3,1.0
14123,4,0.0
14124,8,0.0
14125,14,0.0
14126,4,1.0
14127,7,1.0
14128,1,0.0
14129,5,0.0
14130,47,0.0
14131,3,0.0
14132,20,1.0
14133,13,1.0
14134,2,1.0
14135,1,1.0
14136,2,1.0
14137,6,0.0
14138,4,0.0
14139,5,1.0
14140,2,0.0
14141,2,1.0
14142,4,0.0
14143,4,0.0
14144,1,0.0
14145,13,0.0
14146,1,1.0
14147,1,1.0
14148,8,0.0
14149,9,1.0
14150,4,1.0
14151,2,0.0
14152,6,1.0
14153,6,0.0
14154,6,0.0
14155,7,0.0
14156,1,1.0
14157,6,1.0
14158,2,0.0
14159,9,1.0
14160,5,1.0
14161,4,1.0
14162,3,1.0
14163,2,0.0
14164,3,1.0
14165,1,0.0
14166,1,1.0
14167,1,0.0
14168,9,0.0
14169,4,1.0
14170,1,1.0
14171,1,0.0
14172,5,1.0
14173,6,1.0
14174,2,0.0
14175,2,0.0
14176,3,0.0
14177,4,1.0
14178,4,1.0
14179,1,0.0
14180,1,1.0
14181,3,0.0
14182,2,0.0
14183,3,1.0
14184,2,0.0
14185,1,0.0
14186,2,0.0
14187,4,1.0
14188,4,1.0
14189,21,1.0
14190,3,1.0
14191,7,1.0
14192,1,1.0
14193,4,1.0
14194,1,0.0
14195,5,0.0
14196,2,0.0
14197,1,0.0
14198,1,0.0
14199,2,1.0
14200,13,0.0
14201,1,1.0
14202,7,0.0
14203,3,1.0
14204,2,0.0
14205,7,0.0
14206,2,1.0
14207,4,1.0
14208,5,0.0
14209,13,1.0
14210,1,0.0
14211,1,0.0
14212,1,0.0
14213,1,0.0
14214,2,0.0
14215,5,0.0
14216,4,0.0
14217,1,0.0
14218,1,0.0
14219,1,0.0
14220,2,0.0
14221,1,0.0
14222,1,0.0
14223,1,1.0
14224,2,0.0
14225,1,0.0
14226,1,0.0
14227,45,0.0
14228,3,1.0
14229,3,0.0
14230,7,0.0
14231,2,1.0
14232,2,1.0
14233,1,0.0
14234,1,0.0
14235,4,1.0
14236,3,0.0
14237,8,0.0
14238,1,0.0
14239,3,1.0
14240,2,0.0
14241,1,0.0
14242,1,0.0
14243,2,1.0
14244,1,1.0
14245,3,0.0
14246,1,1.0
14247,4,0.0
14248,4,1.0
14249,4,0.0
14250,1,0.0
14251,7,0.0
14252,6,0.0
14253,1,1.0
14254,2,0.0
14255,3,0.0
14256,5,0.0
14257,1,0.0
14258,3,0.0
14259,1,0.0
14260,1,0.0
14261,2,0.0
14262,43,0.0
14263,1,0.0
14264,3,0.0
14265,4,1.0
14266,3,0.0
14267,2,0.0
14268,2,0.0
14269,3,0.0
14270,3,0.0
14271,7,0.0
14272,16,1.0
14273,2,0.0
14274,2,1.0
14275,3,0.0
14276,1,0.0
14277,1,1.0
14278,3,1.0
14279,1,1.0
14280,2,0.0
14281,3,1.0
14282,3,0.0
14283,1,0.0
14284,1,0.0
14285,38,0.0
14286,1,0.0
14287,1,0.0
14288,1,0.0
14289,54,0.0
14290,1,0.0
14291,3,0.0
14292,8,0.0
14293,2,1.0
14294,2,0.0
14295,13,0.0
14296,2,1.0
14297,5,0.0
14298,4,1.0
14299,2,1.0
14300,2,0.0
14301,3,0.0
14302,30,0.0
14303,2,0.0
14304,1,0.0
14305,1,0.0
14306,4,0.0
14307,1,0.0
14308,3,0.0
14309,1,0.0
14310,1,0.0
14311,5,0.0
14312,3,0.0
14313,1,0.0
14314,1,0.0
14315,2,0.0
14316,2,0.0
14317,1,1.0
14318,1,0.0
14319,3,1.0
14320,1,0.0
14321,1,0.0
14322,4,0.0
14323,1,0.0
14324,2,0.0
14325,1,1.0
14326,5,1.0
14327,5,0.0
14328,1,0.0
14329,5,1.0
14330,2,0.0
14331,1,1.0
14332,2,0.0
14333,1,0.0
14334,1,0.0
14335,2,0.0
14336,2,1.0
14337,3,0.0
14338,2,0.0
14339,3,0.0
14340,3,1.0
14341,45,0.0
14342,2,0.0
14343,2,0.0
14344,4,0.0
14345,3,1.0
14346,7,0.0
14347,1,0.0
14348,1,1.0
14349,2,1.0
14350,7,0.0
14351,2,0.0
14352,1,0.0
14353,3,0.0
14354,1,1.0
14355,2,1.0
14356,3,0.0
14357,1,0.0
14358,2,0.0
14359,1,0.0
14360,2,0.0
14361,3,0.0
14362,1,0.0
14363,1,0.0
14364,1,0.0
14365,3,0.0
14366,1,0.0
14367,3,0.0
14368,3,1.0
14369,2,1.0
14370,24,0.0
14371,2,0.0
14372,4,0.0
14373,1,0.0
14374,2,0.0
14375,1,0.0
14376,2,1.0
14377,4,0.0
14378,3,0.0
14379,1,0.0
14380,2,0.0
14381,4,1.0
14382,1,0.0
14383,47,0.0
14384,2,0.0
14385,1,1.0
14386,2,1.0
14387,2,0.0
14388,3,0.0
14389,2,0.0
14390,6,0.0
14391,4,1.0
14392,1,0.0
14393,3,1.0
14394,4,1.0
14395,4,0.0
14396,3,0.0
14397,2,0.0
14398,1,0.0
14399,3,0.0
14400,21,1.0
14401,1,0.0
14402,15,0.0
14403,1,0.0
14404,1,0.0
14405,6,0.0
14406,2,0.0
14407,1,0.0
14408,3,1.0
14409,1,0.0
14410,2,1.0
14411,2,0.0
14412,1,0.0
14413,3,0.0
14414,1,0.0
14415,2,0.0
14416,4,1.0
14417,1,1.0
14418,1,0.0
14419,1,0.0
14420,4,0.0
14421,9,0.0
14422,1,1.0
14423,1,0.0
14424,3,0.0
14425,4,0.0
14426,2,0.0
14427,1,0.0
14428,2,0.0
14429,6,0.0
14430,1,1.0
14431,2,0.0
14432,1,0.0
14433,1,0.0
14434,1,0.0
14435,3,0.0
14436,3,0.0
14437,2,0.0
14438,4,1.0
14439,4,1.0
14440,1,0.0
14441,1,0.0
14442,2,0.0
14443,1,0.0
14444,2,0.0
14445,2,0.0
14446,3,1.0
14447,2,0.0
14448,1,0.0
14449,3,0.0
14450,3,1.0
14451,3,1.0
14452,2,0.0
14453,1,0.0
14454,1,0.0
14455,1,0.0
14456,3,0.0
14457,1,1.0
14458,6,0.0
14459,2,1.0
14460,8,0.0
14461,3,0.0
14462,1,0.0
14463,1,0.0
14464,2,1.0
14465,1,0.0
14466,1,0.0
14467,1,0.0
14468,1,0.0
14469,5,1.0
14470,3,0.0
14471,3,0.0
14472,1,0.0
14473,1,1.0
14474,1,0.0
14475,1,0.0
14476,1,0.0
14477,34,0.0
14478,1,0.0
14479,4,1.0
14480,1,0.0
14481,3,0.0
14482,1,0.0
14483,5,0.0
14484,2,0.0
14485,2,1.0
14486,2,1.0
14487,7,0.0
14488,1,0.0
14489,1,0.0
14490,2,0.0
14491,1,1.0
14492,2,0.0
14493,1,0.0
14494,1,1.0
14495,7,0.0
14496,2,0.0
14497,1,0.0
14498,1,0.0
14499,3,1.0
14500,1,0.0
14501,1,1.0
14502,1,0.0
14503,7,0.0
14504,3,1.0
14505,1,0.0
14506,2,0.0
14507,3,1.0
14508,2,0.0
14509,2,0.0
14510,1,0.0
14511,1,1.0
14512,1,0.0
14513,4,0.0
14514,1,0.0
14515,4,1.0
14516,4,1.0
14517,1,0.0
14518,4,1.0
14519,1,1.0
14520,1,0.0
14521,3,0.0
14522,1,0.0
14523,5,0.0
14524,2,1.0
14525,5,0.0
14526,3,1.0
14527,2,0.0
14528,1,0.0
14529,2,1.0
14530,1,0.0
14531,2,0.0
14532,4,1.0
14533,1,0.0
14534,43,0.0
14535,3,0.0
14536,2,1.0
14537,2,0.0
14538,60,0.0
14539,1,0.0
14540,4,1.0
14541,1,0.0
14542,2,0.0
14543,5,0.0
14544,2,1.0
14545,1,0.0
14546,2,1.0
14547,2,0.0
14548,1,0.0
14549,1,0.0
14550,1,0.0
14551,25,0.0
14552,1,0.0
14553,3,1.0
14554,4,0.0
14555,4,1.0
14556,5,0.0
14557,1,0.0
14558,1,0.0
14559,3,0.0
14560,5,0.0
14561,4,0.0
14562,3,0.0
14563,2,1.0
14564,2,0.0
14565,1,0.0
14566,1,1.0
14567,3,0.0
14568,2,0.0
14569,1,0.0
14570,2,0.0
14571,2,0.0
14572,5,0.0
14573,2,0.0
14574,4,1.0
14575,3,0.0
14576,3,0.0
14577,1,0.0
14578,8,0.0
14579,9,0.0
14580,2,0.0
14581,4,0.0
14582,1,0.0
14583,1,0.0
14584,2,0.0
14585,1,1.0
14586,2,0.0
14587,8,1.0
14588,1,0.0
14589,1,0.0
14590,1,0.0
14591,2,0.0
14592,1,0.0
14593,1,0.0
14594,1,1.0
14595,1,0.0
14596,1,0.0
14597,4,1.0
14598,2,0.0
14599,2,1.0
14600,1,1.0
14601,1,0.0
14602,2,1.0
14603,1,0.0
14604,25,0.0
14605,3,1.0
14606,2,0.0
14607,1,0.0
14608,2,1.0
14609,1,0.0
14610,2,0.0
14611,1,0.0
14612,1,1.0
14613,1,0.0
14614,1,1.0
14615,9,0.0
14616,2,0.0
14617,2,0.0
14618,1,0.0
14619,1,0.0
14620,1,0.0
14621,1,0.0
14622,1,0.0
14623,1,0.0
14624,1,1.0
14625,4,0.0
14626,1,1.0
14627,3,1.0
14628,1,0.0
14629,2,0.0
14630,2,0.0
14631,48,0.0
14632,2,1.0
14633,3,0.0
14634,1,0.0
14635,1,0.0
14636,1,0.0
14637,40,0.0
14638,1,0.0
14639,2,0.0
14640,1,0.0
14641,1,0.0
14642,1,0.0
14643,1,1.0
14644,1,0.0
14645,1,0.0
14646,1,0.0
14647,4,0.0
14648,1,0.0
14649,5,0.0
14650,3,0.0
14651,4,1.0
14652,1,0.0
14653,1,0.0
14654,4,0.0
14655,5,0.0
14656,2,1.0
14657,2,0.0
14658,1,0.0
14659,1,0.0
14660,2,0.0
14661,1,0.0
14662,1,1.0
14663,9,0.0
14664,1,0.0
14665,3,1.0
14666,3,0.0
14667,1,0.0
14668,1,1.0
14669,4,1.0
14670,1,0.0
14671,1,0.0
14672,1,0.0
14673,1,0.0
14674,1,1.0
14675,56,0.0
14676,1,0.0
14677,2,1.0
14678,4,1.0
14679,3,0.0
14680,4,0.0
14681,1,1.0
14682,6,0.0
14683,19,0.0
14684,3,1.0
14685,2,0.0
14686,3,1.0
14687,2,0.0
14688,2,0.0
14689,1,0.0
14690,2,0.0
14691,1,0.0
14692,2,0.0
14693,2,1.0
14694,6,1.0
14695,6,1.0
14696,1,0.0
14697,1,0.0
14698,1,0.0
14699,4,0.0
14700,1,0.0
14701,3,0.0
14702,1,1.0
14703,2,1.0
14704,1,1.0
14705,1,0.0
14706,2,0.0
14707,4,0.0
14708,1,0.0
14709,2,1.0
14710,5,0.0
14711,1,0.0
14712,57,0.0
14713,3,0.0
14714,1,1.0
14715,2,0.0
14716,1,0.0
14717,1,0.0
14718,2,0.0
14719,2,1.0
14720,2,0.0
14721,1,0.0
14722,1,0.0
14723,2,0.0
14724,2,0.0
14725,1,0.0
14726,1,0.0
14727,3,0.0
14728,2,0.0
14729,1,0.0
14730,1,0.0
14731,8,0.0
14732,2,0.0
14733,3,1.0
14734,3,0.0
14735,1,1.0
14736,1,0.0
14737,2,1.0
14738,2,0.0
14739,2,0.0
14740,1,0.0
14741,6,1.0
14742,1,0.0
14743,1,0.0
14744,5,1.0
14745,1,0.0
14746,58,1.0
14747,1,0.0
14748,3,1.0
14749,1,0.0
14750,1,1.0
14751,2,1.0
14752,1,0.0
14753,59,0.0
14754,2,1.0
14755,1,0.0
14756,3,0.0
14757,5,0.0
14758,3,0.0
14759,29,0.0
14760,7,0.0
14761,1,0.0
14762,2,1.0
14763,2,1.0
14764,1,0.0
14765,4,0.0
14766,1,0.0
14767,1,0.0
14768,55,0.0
14769,5,0.0
14770,3,0.0
14771,1,0.0
14772,1,1.0
14773,1,0.0
14774,6,1.0
14775,1,0.0
14776,2,0.0
14777,4,0.0
14778,1,0.0
14779,2,0.0
14780,1,0.0
14781,1,0.0
14782,1,0.0
14783,1,0.0
14784,3,1.0
14785,1,0.0
14786,1,0.0
14787,4,0.0
14788,2,0.0
14789,4,0.0
14790,1,0.0
14791,4,1.0
14792,1,0.0
14793,31,0.0
14794,2,0.0
14795,3,0.0
14796,4,1.0
14797,2,1.0
14798,4,1.0
14799,1,0.0
14800,2,0.0
14801,3,0.0
14802,3,0.0
14803,4,0.0
14804,2,0.0
14805,3,0.0
14806,1,0.0
14807,3,0.0
14808,38,0.0
14809,2,1.0
14810,2,1.0
14811,4,0.0
14812,1,0.0
14813,1,0.0
14814,3,1.0
14815,2,1.0
14816,1,0.0
14817,54,0.0
14818,2,0.0
14819,1,1.0
14820,3,0.0
14821,2,1.0
14822,2,1.0
14823,5,0.0
14824,1,0.0
14825,5,1.0
14826,1,0.0
14827,2,0.0
14828,1,0.0
14829,3,0.0
14830,1,0.0
14831,1,0.0
14832,1,0.0
14833,1,0.0
14834,14,0.0
14835,1,0.0
14836,1,0.0
14837,1,1.0
14838,2,0.0
14839,2,0.0
14840,4,0.0
14841,2,0.0
14842,1,1.0
14843,25,0.0
14844,3,0.0
14845,7,0.0
14846,4,0.0
14847,3,0.0
14848,1,0.0
14849,5,1.0
14850,1,0.0
14851,1,1.0
14852,2,0.0
14853,2,0.0
14854,2,0.0
14855,1,0.0
14856,2,0.0
14857,1,0.0
14858,1,0.0
14859,3,0.0
14860,1,0.0
14861,1,1.0
14862,6,0.0
14863,4,1.0
14864,3,1.0
14865,1,0.0
14866,3,0.0
14867,1,0.0
14868,1,0.0
14869,1,0.0
14870,4,0.0
14871,2,0.0
14872,1,1.0
14873,6,0.0
14874,1,1.0
14875,2,0.0
14876,1,1.0
14877,1,1.0
14878,1,0.0
14879,1,0.0
14880,1,0.0
14881,2,0.0
14882,2,0.0
14883,1,1.0
14884,3,1.0
14885,2,0.0
14886,2,0.0
14887,1,0.0
14888,1,0.0
14889,1,0.0
14890,1,0.0
14891,2,0.0
14892,1,1.0
14893,2,0.0
14894,5,0.0
14895,3,0.0
14896,3,1.0
14897,6,0.0
14898,2,1.0
14899,1,0.0
14900,4,0.0
14901,1,0.0
14902,1,0.0
14903,2,0.0
14904,3,1.0
14905,3,0.0
14906,2,0.0
14907,1,0.0
14908,1,0.0
14909,2,1.0
14910,3,1.0
14911,2,0.0
14912,1,0.0
14913,1,0.0
14914,3,0.0
14915,2,0.0
14916,1,0.0
14917,5,0.0
14918,4,0.0
14919,42,0.0
14920,2,0.0
14921,1,1.0
14922,1,0.0
14923,1,0.0
14924,1,0.0
14925,5,0.0
14926,3,1.0
14927,1,0.0
14928,4,0.0
14929,3,0.0
14930,1,1.0
14931,5,0.0
14932,2,0.0
14933,1,0.0
14934,1,0.0
14935,1,0.0
14936,1,0.0
14937,15,0.0
14938,7,0.0
14939,2,0.0
14940,1,0.0
14941,4,0.0
14942,3,0.0
14943,1,0.0
14944,5,0.0
14945,2,0.0
14946,1,0.0
14947,4,1.0
14948,1,0.0
14949,1,0.0
14950,1,0.0
14951,2,0.0
14952,1,0.0
14953,1,0.0
14954,1,0.0
14955,1,0.0
14956,2,0.0
14957,3,1.0
14958,1,0.0
14959,33,0.0
14960,1,0.0
14961,1,0.0
14962,1,0.0
14963,2,0.0
14964,4,0.0
14965,3,0.0
14966,1,0.0
14967,1,0.0
14968,3,1.0
14969,2,0.0
14970,1,0.0
14971,1,0.0
14972,1,0.0
14973,1,0.0
14974,1,0.0
14975,4,1.0
14976,2,0.0
14977,2,1.0
14978,1,1.0
14979,1,0.0
14980,1,0.0
14981,2,0.0
14982,1,0.0
14983,1,0.0
14984,1,0.0
14985,1,0.0
14986,1,0.0
14987,3,0.0
14988,2,1.0
14989,40,0.0
14990,2,0.0
14991,3,0.0
14992,5,1.0
14993,6,0.0
14994,1,0.0
14995,2,0.0
14996,2,1.0
14997,2,0.0
14998,5,0.0
14999,1,1.0
15000,24,1.0
15001,2,0.0
15002,5,0.0
15003,9,0.0
15004,1,0.0
15005,1,0.0
15006,1,0.0
15007,3,1.0
15008,1,0.0
15009,1,0.0
15010,1,0.0
15011,1,1.0
15012,4,0.0
15013,1,0.0
15014,39,0.0
15015,7,0.0
15016,4,0.0
15017,5,0.0
15018,2,0.0
15019,10,0.0
15020,55,0.0
15021,4,1.0
15022,3,1.0
15023,1,1.0
15024,1,0.0
15025,4,1.0
15026,1,0.0
15027,1,1.0
15028,4,0.0
15029,19,0.0
15030,3,0.0
15031,2,0.0
15032,1,0.0
15033,3,0.0
15034,4,1.0
15035,5,0.0
15036,5,0.0
15037,1,1.0
15038,3,1.0
15039,1,1.0
15040,8,1.0
15041,33,0.0
15042,3,1.0
15043,1,0.0
15044,2,0.0
15045,3,1.0
15046,3,0.0
15047,2,0.0
15048,1,0.0
15049,6,0.0
15050,2,0.0
15051,1,0.0
15052,1,1.0
15053,3,0.0
15054,4,1.0
15055,4,1.0
15056,2,0.0
15057,2,1.0
15058,24,0.0
15059,3,1.0
15060,1,0.0
15061,2,0.0
15062,1,0.0
15063,2,1.0
15064,10,0.0
15065,52,1.0
15066,2,0.0
15067,3,0.0
15068,1,0.0
15069,1,0.0
15070,3,1.0
15071,1,1.0
15072,2,1.0
15073,1,0.0
15074,1,0.0
15075,3,1.0
15076,1,0.0
15077,2,1.0
15078,2,1.0
15079,1,1.0
15080,2,0.0
15081,3,1.0
15082,1,0.0
15083,3,0.0
15084,4,0.0
15085,8,0.0
15086,2,0.0
15087,1,0.0
15088,1,0.0
15089,1,0.0
15090,6,0.0
15091,4,0.0
15092,2,0.0
15093,3,1.0
15094,1,1.0
15095,1,1.0
15096,1,0.0
15097,2,0.0
15098,2,0.0
15099,1,0.0
15100,1,0.0
15101,1,1.0
15102,12,0.0
15103,39,0.0
15104,3,0.0
15105,56,0.0
15106,1,0.0
15107,6,0.0
15108,2,0.0
15109,1,0.0
15110,2,0.0
15111,2,0.0
15112,1,1.0
15113,1,0.0
15114,1,0.0
15115,55,0.0
15116,5,0.0
15117,1,0.0
15118,2,1.0
15119,2,1.0
15120,11,1.0
15121,2,0.0
15122,2,1.0
15123,5,0.0
15124,4,0.0
15125,2,0.0
15126,1,0.0
15127,2,0.0
15128,3,1.0
15129,2,1.0
15130,2,0.0
15131,1,0.0
15132,4,1.0
15133,5,0.0
15134,1,0.0
15135,1,1.0
15136,1,0.0
15137,3,0.0
15138,6,0.0
15139,3,0.0
15140,1,0.0
15141,51,0.0
15142,1,0.0
15143,1,0.0
15144,1,0.0
15145,1,0.0
15146,2,1.0
15147,2,0.0
15148,6,1.0
15149,1,0.0
15150,2,0.0
15151,6,0.0
15152,1,0.0
15153,4,1.0
15154,3,1.0
15155,3,1.0
15156,2,1.0
15157,1,0.0
15158,1,0.0
15159,2,0.0
15160,2,0.0
15161,4,1.0
15162,2,0.0
15163,1,0.0
15164,2,0.0
15165,1,0.0
15166,1,0.0
15167,1,0.0
15168,2,1.0
15169,2,0.0
15170,2,1.0
15171,1,0.0
15172,1,1.0
15173,33,0.0
15174,1,1.0
15175,1,1.0
15176,2,1.0
15177,10,0.0
15178,2,1.0
15179,1,0.0
15180,2,1.0
15181,1,0.0
15182,1,0.0
15183,2,0.0
15184,3,0.0
15185,1,0.0
15186,1,0.0
15187,1,0.0
15188,2,0.0
15189,2,0.0
15190,1,0.0
15191,4,1.0
15192,1,0.0
15193,2,0.0
15194,3,1.0
15195,3,0.0
15196,2,0.0
15197,5,0.0
15198,2,0.0
15199,1,0.0
15200,3,0.0
15201,2,0.0
15202,3,0.0
15203,2,0.0
15204,2,0.0
15205,1,0.0
15206,1,0.0
15207,2,1.0
15208,3,0.0
15209,2,0.0
15210,1,0.0
15211,1,0.0
15212,2,0.0
15213,1,0.0
15214,5,0.0
15215,3,0.0
15216,3,0.0
15217,3,0.0
15218,2,0.0
15219,1,0.0
15220,1,0.0
15221,2,0.0
15222,4,0.0
15223,2,1.0
15224,2,0.0
15225,2,0.0
15226,4,1.0
15227,3,0.0
15228,2,0.0
15229,2,1.0
15230,2,0.0
15231,1,0.0
15232,1,0.0
15233,2,0.0
15234,5,0.0
15235,1,0.0
15236,2,0.0
15237,2,0.0
15238,1,1.0
15239,3,0.0
15240,1,0.0
15241,2,0.0
15242,3,0.0
15243,1,0.0
15244,1,0.0
15245,1,0.0
15246,1,0.0
15247,2,0.0
15248,1,0.0
15249,2,0.0
15250,1,0.0
15251,1,0.0
15252,7,0.0
15253,1,0.0
15254,4,0.0
15255,4,1.0
15256,1,0.0
15257,24,1.0
15258,5,0.0
15259,2,1.0
15260,2,0.0
15261,5,0.0
15262,1,0.0
15263,7,0.0
15264,1,0.0
15265,41,0.0
15266,3,0.0
15267,2,0.0
15268,18,0.0
15269,1,1.0
15270,7,0.0
15271,1,0.0
15272,2,0.0
15273,1,0.0
15274,1,0.0
15275,2,1.0
15276,4,0.0
15277,2,0.0
15278,1,1.0
15279,1,0.0
15280,7,1.0
15281,2,1.0
15282,1,0.0
15283,5,0.0
15284,1,0.0
15285,1,0.0
15286,10,1.0
15287,1,0.0
15288,2,0.0
15289,1,0.0
15290,2,0.0
15291,1,0.0
15292,7,0.0
15293,5,1.0
15294,1,0.0
15295,1,0.0
15296,1,0.0
15297,2,0.0
15298,4,1.0
15299,1,0.0
15300,1,0.0
15301,2,0.0
15302,9,0.0
15303,3,0.0
15304,1,1.0
15305,4,0.0
15306,1,0.0
15307,1,0.0
15308,2,0.0
15309,2,1.0
15310,2,0.0
15311,5,1.0
15312,2,0.0
15313,5,0.0
15314,2,1.0
15315,2,0.0
15316,5,0.0
15317,57,0.0
15318,1,0.0
15319,1,0.0
15320,4,1.0
15321,1,0.0
15322,1,0.0
15323,6,0.0
15324,1,1.0
15325,3,0.0
15326,7,0.0
15327,7,0.0
15328,1,0.0
15329,3,0.0
15330,1,0.0
15331,5,0.0
15332,1,0.0
15333,3,0.0
15334,1,0.0
15335,3,1.0
15336,1,0.0
15337,1,0.0
15338,40,0.0
15339,34,0.0
15340,2,0.0
15341,4,0.0
15342,7,0.0
15343,3,1.0
15344,4,0.0
15345,1,0.0
15346,2,1.0
15347,1,1.0
15348,3,0.0
15349,4,1.0
15350,1,0.0
15351,1,0.0
15352,1,0.0
15353,1,0.0
15354,2,0.0
15355,1,1.0
15356,1,0.0
15357,1,0.0
15358,58,0.0
15359,1,0.0
15360,2,1.0
15361,2,0.0
15362,2,0.0
15363,2,0.0
15364,2,1.0
15365,2,1.0
15366,4,1.0
15367,1,0.0
15368,1,0.0
15369,2,0.0
15370,7,1.0
15371,1,0.0
15372,1,0.0
15373,1,0.0
15374,1,0.0
15375,1,0.0
15376,1,0.0
15377,1,0.0
15378,2,1.0
15379,4,1.0
15380,3,1.0
15381,3,0.0
15382,1,0.0
15383,2,0.0
15384,4,1.0
15385,3,1.0
15386,2,0.0
15387,4,0.0
15388,3,0.0
15389,3,0.0
15390,4,0.0
15391,1,1.0
15392,1,0.0
15393,6,0.0
15394,2,1.0
15395,1,0.0
15396,3,1.0
15397,2,0.0
15398,2,0.0
15399,6,0.0
15400,3,1.0
15401,1,0.0
15402,1,0.0
15403,1,0.0
15404,1,1.0
15405,34,0.0
15406,14,0.0
15407,1,0.0
15408,1,1.0
15409,1,0.0
15410,1,0.0
15411,1,0.0
15412,1,0.0
15413,1,0.0
15414,4,0.0
15415,7,1.0
15416,2,1.0
15417,1,0.0
15418,1,0.0
15419,3,0.0
15420,2,0.0
15421,1,0.0
15422,2,0.0
15423,2,0.0
15424,5,0.0
15425,1,1.0
15426,1,0.0
15427,1,0.0
15428,1,0.0
15429,2,1.0
15430,17,0.0
15431,1,0.0
15432,2,1.0
15433,1,0.0
15434,3,0.0
15435,3,0.0
15436,1,0.0
15437,1,0.0
15438,5,0.0
15439,1,0.0
15440,6,0.0
15441,2,0.0
15442,1,0.0
15443,6,0.0
15444,1,1.0
15445,5,0.0
15446,2,1.0
15447,2,0.0
15448,2,0.0
15449,1,0.0
15450,1,0.0
15451,1,0.0
15452,2,0.0
15453,1,1.0
15454,2,0.0
15455,7,1.0
15456,3,0.0
15457,1,0.0
15458,2,0.0
15459,1,0.0
15460,1,0.0
15461,3,1.0
15462,2,1.0
15463,1,0.0
15464,2,0.0
15465,13,0.0
15466,10,0.0
15467,2,0.0
15468,1,0.0
15469,3,1.0
15470,1,0.0
15471,3,0.0
15472,1,0.0
15473,3,0.0
15474,2,0.0
15475,39,0.0
15476,2,1.0
15477,2,0.0
15478,4,1.0
15479,1,0.0
15480,1,0.0
15481,1,0.0
15482,2,1.0
15483,5,0.0
15484,1,1.0
15485,3,1.0
15486,2,0.0
15487,2,0.0
15488,4,0.0
15489,1,0.0
15490,2,1.0
15491,1,0.0
15492,2,0.0
15493,3,0.0
15494,2,0.0
15495,2,1.0
15496,1,0.0
15497,21,1.0
15498,2,0.0
15499,3,0.0
15500,2,0.0
15501,1,0.0
15502,2,0.0
15503,1,0.0
15504,2,1.0
15505,2,0.0
15506,1,0.0
15507,3,0.0
15508,43,0.0
15509,1,0.0
15510,1,0.0
15511,4,1.0
15512,2,0.0
15513,41,0.0
15514,1,0.0
15515,8,0.0
15516,1,1.0
15517,1,0.0
15518,2,1.0
15519,4,0.0
15520,1,0.0
15521,1,0.0
15522,4,0.0
15523,1,0.0
15524,2,0.0
15525,1,0.0
15526,51,0.0
15527,3,0.0
15528,1,0.0
15529,1,1.0
15530,2,0.0
15531,2,0.0
15532,2,0.0
15533,5,0.0
15534,1,0.0
15535,3,0.0
15536,5,0.0
15537,2,1.0
15538,2,0.0
15539,1,0.0
15540,1,0.0
15541,3,0.0
15542,1,1.0
15543,2,1.0
15544,2,1.0
15545,1,0.0
15546,1,0.0
15547,1,0.0
15548,2,0.0
15549,1,0.0
15550,5,0.0
15551,25,0.0
15552,1,0.0
15553,1,0.0
15554,1,0.0
15555,4,0.0
15556,2,0.0
15557,3,0.0
15558,3,0.0
15559,2,0.0
15560,1,1.0
15561,1,0.0
15562,3,1.0
15563,55,1.0
15564,6,0.0
15565,20,0.0
15566,1,0.0
15567,2,0.0
15568,1,0.0
15569,2,1.0
15570,3,1.0
15571,1,0.0
15572,6,0.0
15573,3,1.0
15574,1,0.0
15575,2,0.0
15576,4,1.0
15577,1,0.0
15578,1,0.0
15579,7,0.0
15580,2,1.0
15581,1,0.0
15582,2,0.0
15583,1,0.0
15584,3,0.0
15585,3,1.0
15586,2,0.0
15587,4,0.0
15588,2,0.0
15589,2,0.0
15590,5,0.0
15591,4,0.0
15592,1,0.0
15593,3,1.0
15594,3,0.0
15595,2,0.0
15596,1,0.0
15597,2,0.0
15598,1,0.0
15599,1,0.0
15600,1,1.0
15601,2,0.0
15602,5,0.0
15603,2,0.0
15604,2,0.0
15605,1,1.0
15606,1,0.0
15607,2,0.0
15608,18,0.0
15609,3,0.0
15610,1,0.0
15611,10,0.0
15612,1,0.0
15613,2,0.0
15614,1,0.0
15615,6,0.0
15616,1,0.0
15617,2,0.0
15618,1,0.0
15619,1,1.0
15620,4,0.0
15621,1,0.0
15622,2,0.0
15623,3,0.0
15624,2,0.0
15625,1,0.0
15626,1,0.0
15627,1,0.0
15628,1,0.0
15629,1,0.0
15630,1,0.0
15631,2,0.0
15632,20,0.0
15633,56,0.0
15634,6,0.0
15635,1,0.0
15636,1,0.0
15637,1,0.0
15638,1,0.0
15639,10,1.0
15640,2,1.0
15641,18,0.0
15642,2,0.0
15643,2,0.0
15644,4,1.0
15645,1,0.0
15646,1,0.0
15647,1,1.0
15648,3,1.0
15649,1,0.0
15650,1,0.0
15651,2,0.0
15652,4,0.0
15653,3,1.0
15654,6,0.0
15655,1,0.0
15656,2,0.0
15657,1,0.0
15658,4,1.0
15659,2,0.0
15660,2,0.0
15661,2,0.0
15662,2,0.0
15663,3,0.0
15664,4,0.0
15665,4,1.0
15666,1,1.0
15667,4,1.0
15668,1,1.0
15669,3,0.0
15670,2,1.0
15671,2,1.0
15672,1,0.0
15673,27,1.0
15674,4,0.0
15675,3,0.0
15676,2,0.0
15677,42,1.0
15678,2,1.0
15679,4,0.0
15680,1,0.0
15681,2,1.0
15682,3,0.0
15683,1,0.0
15684,1,0.0
15685,1,1.0
15686,1,0.0
15687,1,1.0
15688,1,0.0
15689,3,0.0
15690,1,0.0
15691,1,1.0
15692,2,0.0
15693,1,0.0
15694,4,0.0
15695,2,1.0
15696,3,1.0
15697,1,1.0
15698,1,0.0
15699,1,0.0
15700,1,0.0
15701,3,1.0
15702,3,0.0
15703,2,0.0
15704,7,0.0
15705,3,0.0
15706,3,0.0
15707,1,1.0
15708,2,0.0
15709,6,0.0
15710,3,1.0
15711,3,0.0
15712,3,0.0
15713,1,0.0
15714,1,1.0
15715,1,0.0
15716,1,0.0
15717,1,1.0
15718,1,0.0
15719,8,0.0
15720,2,0.0
15721,1,0.0
15722,2,1.0
15723,2,1.0
15724,2,1.0
15725,1,0.0
15726,3,1.0
15727,1,0.0
15728,3,0.0
15729,1,0.0
15730,3,0.0
15731,1,0.0
15732,3,0.0
15733,1,0.0
15734,2,1.0
15735,2,0.0
15736,1,1.0
15737,1,0.0
15738,2,1.0
15739,22,0.0
15740,1,1.0
15741,2,1.0
15742,1,1.0
15743,3,0.0
15744,4,1.0
15745,5,0.0
15746,5,0.0
15747,1,0.0
15748,2,1.0
15749,1,0.0
15750,1,0.0
15751,2,1.0
15752,4,0.0
15753,4,0.0
15754,1,0.0
15755,2,0.0
15756,45,0.0
15757,1,1.0
15758,2,0.0
15759,3,0.0
15760,2,0.0
15761,1,0.0
15762,14,1.0
15763,2,0.0
15764,4,0.0
15765,1,0.0
15766,9,1.0
15767,1,0.0
15768,3,1.0
15769,1,0.0
15770,2,0.0
15771,41,0.0
15772,1,0.0
15773,4,0.0
15774,2,1.0
15775,1,0.0
15776,1,0.0
15777,10,1.0
15778,3,0.0
15779,2,0.0
15780,2,0.0
15781,1,0.0
15782,6,0.0
15783,5,0.0
15784,2,0.0
15785,1,0.0
15786,2,0.0
15787,3,1.0
15788,6,0.0
15789,1,0.0
15790,2,1.0
15791,2,0.0
15792,1,0.0
15793,1,0.0
15794,1,0.0
15795,2,1.0
15796,1,0.0
15797,2,0.0
15798,1,0.0
15799,2,0.0
15800,3,0.0
15801,2,1.0
15802,2,1.0
15803,2,0.0
15804,2,0.0
15805,1,0.0
15806,21,0.0
15807,2,0.0
15808,3,0.0
15809,1,0.0
15810,1,0.0
15811,1,0.0
15812,3,1.0
15813,1,0.0
15814,4,0.0
15815,4,1.0
15816,2,0.0
15817,1,0.0
15818,1,0.0
15819,1,0.0
15820,1,0.0
15821,3,1.0
15822,2,0.0
15823,2,0.0
15824,1,0.0
15825,4,0.0
15826,1,0.0
15827,3,0.0
15828,1,0.0
15829,3,0.0
15830,3,1.0
15831,2,0.0
15832,2,0.0
15833,1,0.0
15834,2,1.0
15835,1,0.0
15836,2,0.0
15837,1,0.0
15838,9,0.0
15839,1,0.0
15840,1,1.0
15841,2,0.0
15842,10,1.0
15843,5,0.0
15844,3,0.0
15845,2,1.0
15846,3,0.0
15847,3,0.0
15848,5,0.0
15849,4,1.0
15850,6,0.0
15851,1,0.0
15852,2,1.0
15853,2,0.0
15854,1,0.0
15855,1,0.0
15856,1,0.0
15857,3,1.0
15858,4,1.0
15859,2,0.0
15860,4,0.0
15861,1,0.0
15862,4,1.0
15863,1,1.0
15864,1,0.0
15865,3,0.0
15866,1,0.0
15867,3,1.0
15868,3,1.0
15869,2,0.0
15870,23,0.0
15871,8,1.0
15872,1,0.0
15873,2,1.0
15874,2,1.0
15875,1,1.0
15876,1,0.0
15877,3,1.0
15878,7,0.0
15879,1,0.0
15880,4,1.0
15881,3,0.0
15882,3,0.0
15883,3,1.0
15884,3,1.0
15885,2,1.0
15886,1,0.0
15887,3,1.0
15888,3,0.0
15889,2,0.0
15890,1,1.0
15891,4,0.0
15892,3,0.0
15893,1,1.0
15894,1,0.0
15895,2,0.0
15896,3,1.0
15897,1,0.0
15898,1,0.0
15899,3,0.0
15900,3,0.0
15901,1,1.0
15902,1,0.0
15903,1,1.0
15904,15,0.0
15905,2,0.0
15906,1,0.0
15907,3,1.0
15908,1,0.0
15909,3,0.0
15910,1,0.0
15911,1,0.0
15912,2,0.0
15913,1,0.0
15914,1,0.0
15915,1,0.0
15916,2,0.0
15917,9,1.0
15918,2,1.0
15919,1,0.0
15920,1,1.0
15921,1,0.0
15922,3,0.0
15923,8,0.0
15924,3,1.0
15925,1,0.0
15926,59,0.0
15927,1,0.0
15928,1,0.0
15929,1,0.0
15930,5,0.0
15931,1,0.0
15932,2,0.0
15933,3,0.0
15934,4,0.0
15935,1,0.0
15936,3,0.0
15937,4,0.0
15938,1,0.0
15939,1,0.0
15940,1,0.0
15941,1,1.0
15942,1,0.0
15943,1,1.0
15944,1,0.0
15945,1,0.0
15946,1,0.0
15947,1,0.0
15948,1,0.0
15949,4,1.0
15950,33,0.0
15951,2,1.0
15952,1,0.0
15953,1,0.0
15954,4,1.0
15955,2,0.0
15956,2,0.0
15957,2,1.0
15958,1,0.0
15959,1,0.0
15960,1,0.0
15961,5,0.0
15962,1,1.0
15963,1,0.0
15964,2,1.0
15965,8,0.0
15966,1,0.0
15967,3,1.0
15968,3,0.0
15969,4,1.0
15970,27,0.0
15971,1,0.0
15972,1,0.0
15973,2,0.0
15974,1,0.0
15975,2,0.0
15976,1,0.0
15977,1,1.0
15978,1,0.0
15979,1,0.0
15980,7,1.0
15981,2,0.0
15982,3,1.0
15983,1,0.0
15984,1,0.0
15985,4,1.0
15986,5,0.0
15987,1,0.0
15988,2,0.0
15989,1,0.0
15990,1,0.0
15991,1,0.0
15992,4,0.0
15993,52,0.0
15994,1,0.0
15995,1,0.0
15996,7,0.0
15997,2,0.0
15998,1,0.0
15999,2,0.0
16000,3,0.0
16001,1,0.0
16002,2,1.0
16003,1,0.0
16004,9,1.0
16005,4,1.0
16006,2,0.0
16007,3,0.0
16008,1,1.0
16009,5,0.0
16010,1,1.0
16011,1,0.0
16012,1,0.0
16013,1,0.0
16014,2,0.0
16015,1,1.0
16016,3,0.0
16017,5,0.0
16018,46,1.0
16019,19,1.0
16020,4,0.0
16021,2,0.0
16022,2,1.0
16023,1,0.0
16024,7,0.0
16025,11,1.0
16026,2,1.0
16027,2,0.0
16028,3,1.0
16029,1,0.0
16030,4,0.0
16031,1,0.0
16032,2,0.0
16033,1,0.0
16034,2,1.0
16035,3,0.0
16036,3,0.0
16037,2,0.0
16038,2,0.0
16039,1,0.0
16040,1,1.0
16041,1,1.0
16042,1,0.0
16043,4,0.0
16044,2,0.0
16045,3,1.0
16046,4,0.0
16047,4,0.0
16048,1,0.0
16049,9,1.0
16050,2,1.0
16051,1,0.0
16052,1,1.0
16053,1,0.0
16054,1,0.0
16055,1,0.0
16056,4,0.0
16057,1,0.0
16058,2,0.0
16059,2,0.0
16060,3,0.0
16061,2,1.0
16062,7,1.0
16063,1,0.0
16064,2,0.0
16065,1,1.0
16066,28,1.0
16067,4,1.0
16068,1,0.0
16069,1,0.0
16070,2,0.0
16071,1,0.0
16072,1,0.0
16073,5,0.0
16074,2,0.0
16075,7,0.0
16076,1,0.0
16077,2,0.0
16078,7,0.0
16079,2,0.0
16080,1,0.0
16081,1,0.0
16082,1,0.0
16083,1,0.0
16084,1,0.0
16085,43,0.0
16086,1,0.0
16087,1,1.0
16088,1,0.0
16089,2,0.0
16090,1,1.0
16091,1,0.0
16092,27,0.0
16093,2,0.0
16094,1,0.0
16095,2,0.0
16096,1,1.0
16097,2,0.0
16098,1,0.0
16099,2,0.0
16100,1,0.0
16101,5,1.0
16102,1,0.0
16103,3,1.0
16104,4,0.0
16105,3,1.0
16106,8,0.0
16107,1,0.0
16108,2,1.0
16109,1,0.0
16110,1,1.0
16111,6,0.0
16112,2,1.0
16113,2,0.0
16114,2,1.0
16115,1,0.0
16116,5,0.0
16117,3,0.0
16118,4,1.0
16119,2,0.0
16120,2,0.0
16121,7,0.0
16122,3,1.0
16123,2,0.0
16124,1,1.0
16125,2,0.0
16126,2,1.0
16127,1,0.0
16128,3,0.0
16129,2,0.0
16130,2,0.0
16131,1,0.0
16132,3,0.0
16133,2,1.0
16134,3,0.0
16135,1,1.0
16136,1,1.0
16137,2,0.0
16138,2,1.0
16139,2,0.0
16140,3,1.0
16141,4,0.0
16142,1,1.0
16143,3,1.0
16144,1,1.0
16145,1,1.0
16146,1,0.0
16147,3,1.0
16148,1,0.0
16149,3,0.0
16150,1,0.0
16151,1,0.0
16152,2,1.0
16153,3,1.0
16154,2,1.0
16155,1,1.0
16156,2,1.0
16157,1,0.0
16158,11,0.0
16159,5,0.0
16160,1,0.0
16161,2,0.0
16162,4,1.0
16163,1,0.0
16164,1,0.0
16165,1,0.0
16166,3,0.0
16167,2,0.0
16168,1,1.0
16169,2,0.0
16170,1,0.0
16171,1,1.0
16172,2,0.0
16173,2,0.0
16174,2,0.0
16175,2,0.0
16176,2,0.0
16177,4,0.0
16178,8,1.0
16179,3,0.0
16180,2,0.0
16181,4,0.0
16182,1,0.0
16183,2,0.0
16184,3,0.0
16185,3,1.0
16186,1,0.0
16187,3,0.0
16188,1,1.0
16189,1,1.0
16190,1,0.0
16191,5,0.0
16192,2,1.0
16193,1,1.0
16194,2,0.0
16195,2,0.0
16196,2,1.0
16197,2,0.0
16198,1,0.0
16199,6,0.0
16200,1,0.0
16201,2,0.0
16202,4,0.0
16203,2,1.0
16204,4,0.0
16205,1,0.0
16206,3,1.0
16207,1,1.0
16208,2,1.0
16209,1,0.0
16210,1,0.0
16211,6,0.0
16212,8,0.0
16213,2,1.0
16214,4,0.0
16215,5,0.0
16216,3,0.0
16217,1,0.0
16218,2,0.0
16219,1,0.0
16220,1,1.0
16221,6,0.0
16222,3,0.0
16223,2,0.0
16224,1,0.0
16225,2,0.0
16226,3,1.0
16227,1,1.0
16228,5,0.0
16229,2,0.0
16230,1,0.0
16231,2,0.0
16232,2,0.0
16233,2,0.0
16234,1,0.0
16235,1,0.0
16236,7,1.0
16237,1,0.0
16238,2,0.0
16239,12,0.0
16240,1,0.0
16241,2,0.0
16242,1,0.0
16243,2,0.0
16244,1,0.0
16245,3,1.0
16246,1,0.0
16247,4,0.0
16248,44,0.0
16249,1,0.0
16250,1,0.0
16251,2,0.0
16252,2,0.0
16253,8,0.0
16254,2,0.0
16255,1,1.0
16256,1,0.0
16257,2,0.0
16258,4,0.0
16259,1,0.0
16260,39,0.0
16261,2,0.0
16262,1,0.0
16263,2,0.0
16264,1,0.0
16265,3,1.0
16266,4,0.0
16267,2,0.0
16268,1,0.0
16269,2,0.0
16270,1,0.0
16271,2,1.0
16272,2,0.0
16273,1,0.0
16274,1,0.0
16275,7,0.0
16276,5,0.0
16277,2,0.0
16278,4,0.0
16279,3,1.0
16280,50,0.0
16281,50,0.0
16282,6,1.0
16283,1,0.0
16284,2,1.0
16285,1,0.0
16286,1,0.0
16287,1,1.0
16288,2,0.0
16289,1,0.0
16290,1,0.0
16291,5,0.0
16292,3,0.0
16293,2,1.0
16294,3,0.0
16295,2,0.0
16296,3,1.0
16297,3,1.0
16298,1,1.0
16299,1,0.0
16300,1,1.0
16301,2,0.0
16302,1,1.0
16303,5,0.0
16304,1,1.0
16305,2,0.0
16306,2,0.0
16307,3,0.0
16308,2,1.0
16309,2,0.0
16310,7,0.0
16311,1,0.0
16312,1,0.0
16313,1,0.0
16314,19,0.0
16315,1,1.0
16316,1,1.0
16317,7,0.0
16318,4,1.0
16319,3,0.0
16320,3,0.0
16321,1,0.0
16322,30,1.0
16323,1,0.0
16324,2,1.0
16325,1,0.0
16326,1,1.0
16327,1,1.0
16328,1,0.0
16329,1,0.0
16330,1,0.0
16331,23,0.0
16332,5,0.0
16333,3,0.0
16334,3,0.0
16335,2,1.0
16336,2,0.0
16337,1,0.0
16338,2,1.0
16339,3,0.0
16340,5,0.0
16341,2,0.0
16342,2,0.0
16343,35,0.0
16344,1,0.0
16345,1,1.0
16346,1,0.0
16347,1,0.0
16348,10,1.0
16349,1,1.0
16350,1,1.0
16351,4,1.0
16352,3,0.0
16353,1,1.0
16354,1,0.0
16355,6,1.0
16356,1,0.0
16357,2,0.0
16358,1,0.0
16359,1,0.0
16360,1,1.0
16361,1,0.0
16362,1,0.0
16363,4,1.0
16364,1,0.0
16365,7,0.0
16366,6,1.0
16367,6,0.0
16368,5,0.0
16369,3,1.0
16370,1,0.0
16371,2,0.0
16372,1,0.0
16373,2,0.0
16374,1,0.0
16375,2,0.0
16376,5,0.0
16377,3,0.0
16378,3,0.0
16379,1,0.0
16380,4,0.0
16381,1,0.0
16382,2,0.0
16383,2,1.0
16384,1,0.0
16385,1,1.0
16386,4,0.0
16387,1,0.0
16388,6,0.0
16389,1,0.0
16390,3,0.0
16391,2,0.0
16392,3,0.0
16393,2,0.0
16394,1,0.0
16395,2,0.0
16396,2,1.0
16397,1,0.0
16398,2,0.0
16399,6,0.0
16400,8,0.0
16401,3,1.0
16402,2,0.0
16403,2,0.0
16404,2,0.0
16405,1,1.0
16406,6,0.0
16407,3,0.0
16408,2,1.0
16409,1,1.0
16410,1,0.0
16411,1,0.0
16412,2,1.0
16413,2,0.0
16414,2,0.0
16415,1,0.0
16416,2,0.0
16417,2,0.0
16418,1,0.0
16419,5,0.0
16420,3,0.0
16421,1,0.0
16422,1,0.0
16423,1,0.0
16424,1,0.0
16425,3,0.0
16426,1,0.0
16427,1,0.0
16428,1,0.0
16429,1,0.0
16430,2,1.0
16431,1,1.0
16432,3,0.0
16433,2,0.0
16434,59,0.0
16435,1,1.0
16436,16,0.0
16437,1,0.0
16438,1,0.0
16439,1,0.0
16440,4,1.0
16441,1,0.0
16442,4,0.0
16443,1,1.0
16444,1,0.0
16445,6,0.0
16446,2,1.0
16447,1,1.0
16448,1,0.0
16449,1,0.0
16450,2,0.0
16451,1,0.0
16452,1,0.0
16453,9,1.0
16454,8,0.0
16455,2,0.0
16456,3,0.0
16457,1,0.0
16458,1,0.0
16459,2,0.0
16460,1,0.0
16461,1,1.0
16462,11,0.0
16463,2,0.0
16464,1,0.0
16465,5,0.0
16466,5,0.0
16467,2,0.0
16468,1,1.0
16469,3,1.0
16470,3,0.0
16471,3,0.0
16472,1,0.0
16473,1,1.0
16474,3,0.0
16475,3,0.0
16476,2,1.0
16477,1,0.0
16478,2,0.0
16479,1,0.0
16480,1,0.0
16481,2,0.0
16482,1,0.0
16483,1,0.0
16484,37,0.0
16485,1,0.0
16486,1,1.0
16487,2,1.0
16488,1,0.0
16489,2,1.0
16490,1,0.0
16491,1,0.0
16492,1,0.0
16493,1,0.0
16494,6,0.0
16495,1,0.0
16496,1,0.0
16497,2,0.0
16498,1,0.0
16499,1,0.0
16500,1,0.0
16501,1,0.0
16502,4,1.0
16503,6,0.0
16504,1,0.0
16505,3,1.0
16506,3,0.0
16507,2,0.0
16508,2,0.0
16509,4,1.0
16510,1,1.0
16511,1,0.0
16512,2,0.0
16513,1,0.0
16514,2,1.0
16515,2,0.0
16516,2,1.0
16517,4,1.0
16518,1,1.0
16519,1,0.0
16520,2,0.0
16521,1,0.0
16522,1,0.0
16523,1,0.0
16524,2,1.0
16525,1,1.0
16526,2,0.0
16527,2,0.0
16528,1,0.0
16529,1,0.0
16530,2,0.0
16531,1,1.0
16532,3,1.0
16533,9,0.0
16534,2,0.0
16535,1,1.0
16536,2,0.0
16537,1,0.0
16538,50,0.0
16539,4,0.0
16540,1,1.0
16541,1,1.0
16542,2,0.0
16543,11,0.0
16544,2,0.0
16545,2,0.0
16546,2,0.0
16547,2,1.0
16548,1,0.0
16549,1,0.0
16550,4,0.0
16551,1,0.0
16552,1,0.0
16553,2,0.0
16554,5,0.0
16555,1,0.0
16556,1,0.0
16557,1,0.0
16558,1,0.0
16559,3,0.0
16560,1,0.0
16561,1,0.0
16562,18,0.0
16563,4,1.0
16564,2,1.0
16565,9,0.0
16566,3,1.0
16567,1,0.0
16568,3,1.0
16569,1,0.0
16570,2,1.0
16571,2,0.0
16572,2,0.0
16573,2,1.0
16574,1,0.0
16575,1,0.0
16576,2,0.0
16577,2,0.0
16578,51,0.0
16579,2,1.0
16580,3,0.0
16581,1,0.0
16582,3,0.0
16583,4,1.0
16584,3,1.0
16585,1,0.0
16586,39,0.0
16587,3,0.0
16588,2,0.0
16589,4,1.0
16590,3,0.0
16591,6,0.0
16592,1,0.0
16593,2,0.0
16594,2,1.0
16595,46,0.0
16596,8,0.0
16597,2,0.0
16598,5,0.0
16599,4,0.0
16600,1,0.0
16601,1,1.0
16602,2,0.0
16603,5,0.0
16604,2,1.0
16605,4,0.0
16606,5,0.0
16607,4,1.0
16608,2,0.0
16609,60,0.0
16610,4,0.0
16611,5,0.0
16612,1,0.0
16613,2,0.0
16614,10,0.0
16615,1,0.0
16616,1,0.0
16617,1,0.0
16618,2,0.0
16619,1,0.0
16620,3,1.0
16621,11,0.0
16622,1,0.0
16623,2,0.0
16624,2,0.0
16625,2,0.0
16626,1,0.0
16627,6,1.0
16628,3,0.0
16629,2,0.0
16630,1,0.0
16631,16,0.0
16632,1,0.0
16633,1,0.0
16634,1,0.0
16635,2,0.0
16636,3,0.0
16637,1,0.0
16638,2,0.0
16639,1,1.0
16640,2,0.0
16641,1,1.0
16642,3,0.0
16643,1,0.0
16644,1,0.0
16645,1,0.0
16646,1,0.0
16647,3,0.0
16648,2,0.0
16649,2,0.0
16650,2,0.0
16651,3,1.0
16652,2,0.0
16653,1,0.0
16654,25,0.0
16655,6,0.0
16656,4,1.0
16657,1,1.0
16658,2,0.0
16659,1,0.0
16660,1,0.0
16661,1,0.0
16662,1,0.0
16663,1,0.0
16664,7,0.0
16665,39,0.0
16666,2,0.0
16667,2,0.0
16668,1,0.0
16669,1,0.0
16670,2,0.0
16671,4,0.0
16672,2,0.0
16673,1,1.0
16674,2,0.0
16675,1,0.0
16676,2,1.0
16677,3,1.0
16678,2,1.0
16679,3,0.0
16680,3,0.0
16681,4,1.0
16682,1,0.0
16683,2,0.0
16684,1,0.0
16685,7,0.0
16686,1,1.0
16687,1,0.0
16688,5,0.0
16689,1,0.0
16690,4,1.0
16691,1,1.0
16692,2,0.0
16693,2,0.0
16694,32,0.0
16695,3,0.0
16696,1,0.0
16697,2,0.0
16698,2,0.0
16699,3,0.0
16700,3,0.0
16701,2,1.0
16702,1,1.0
16703,2,0.0
16704,1,0.0
16705,2,0.0
16706,1,1.0
16707,3,0.0
16708,1,0.0
16709,1,0.0
16710,1,0.0
16711,2,0.0
16712,3,0.0
16713,3,0.0
16714,7,0.0
16715,2,0.0
16716,1,0.0
16717,1,0.0
16718,1,0.0
16719,2,0.0
16720,4,1.0
16721,1,0.0
16722,1,0.0
16723,4,1.0
16724,4,1.0
16725,2,0.0
16726,2,0.0
16727,1,0.0
16728,1,0.0
16729,1,0.0
16730,2,1.0
16731,3,0.0
16732,9,0.0
16733,1,0.0
16734,2,0.0
16735,1,1.0
16736,1,0.0
16737,2,1.0
16738,2,0.0
16739,4,1.0
16740,52,0.0
16741,52,0.0
16742,3,1.0
16743,8,0.0
16744,9,1.0
16745,2,0.0
16746,1,0.0
16747,1,0.0
16748,3,1.0
16749,1,0.0
16750,1,0.0
16751,2,1.0
16752,2,1.0
16753,1,0.0
16754,5,0.0
16755,1,0.0
16756,1,0.0
16757,1,0.0
16758,1,0.0
16759,1,0.0
16760,2,0.0
16761,1,0.0
16762,1,0.0
16763,1,0.0
16764,6,0.0
16765,2,1.0
16766,3,0.0
16767,57,0.0
16768,2,0.0
16769,1,0.0
16770,1,1.0
16771,22,0.0
16772,43,0.0
16773,3,1.0
16774,2,1.0
16775,1,0.0
16776,2,0.0
16777,1,1.0
16778,1,0.0
16779,2,0.0
16780,1,0.0
16781,1,1.0
16782,1,0.0
16783,3,0.0
16784,5,0.0
16785,2,0.0
16786,1,0.0
16787,2,0.0
16788,1,0.0
16789,2,1.0
16790,2,0.0
16791,8,0.0
16792,2,0.0
16793,1,0.0
16794,4,0.0
16795,2,0.0
16796,5,1.0
16797,2,0.0
16798,6,0.0
16799,3,0.0
16800,1,1.0
16801,1,0.0
16802,1,1.0
16803,1,0.0
16804,2,0.0
16805,4,1.0
16806,1,0.0
16807,2,0.0
16808,48,0.0
16809,2,1.0
16810,1,0.0
16811,4,1.0
16812,1,0.0
16813,3,0.0
16814,53,0.0
16815,5,0.0
16816,1,1.0
16817,1,0.0
16818,1,0.0
16819,10,0.0
16820,4,0.0
16821,6,0.0
16822,1,0.0
16823,4,1.0
16824,1,0.0
16825,3,0.0
16826,7,0.0
16827,1,0.0
16828,1,1.0
16829,11,1.0
16830,1,0.0
16831,1,0.0
16832,1,0.0
16833,4,0.0
16834,2,0.0
16835,1,0.0
16836,2,0.0
16837,2,0.0
16838,6,0.0
16839,1,0.0
16840,2,1.0
16841,1,1.0
16842,3,0.0
16843,1,0.0
16844,2,1.0
16845,3,1.0
16846,3,1.0
16847,1,0.0
16848,1,0.0
16849,3,1.0
16850,4,0.0
16851,1,1.0
16852,1,0.0
16853,2,1.0
16854,1,1.0
16855,5,0.0
16856,1,0.0
16857,3,1.0
16858,1,1.0
16859,2,0.0
16860,3,0.0
16861,1,0.0
16862,2,1.0
16863,2,1.0
16864,1,1.0
16865,2,0.0
16866,2,0.0
16867,4,1.0
16868,39,0.0
16869,1,0.0
16870,3,1.0
16871,4,1.0
16872,1,0.0
16873,2,0.0
16874,5,0.0
16875,4,0.0
16876,4,1.0
16877,2,0.0
16878,3,0.0
16879,2,1.0
16880,1,1.0
16881,1,0.0
16882,3,0.0
16883,2,0.0
16884,4,1.0
16885,2,1.0
16886,4,0.0
16887,3,0.0
16888,7,0.0
16889,1,0.0
16890,3,0.0
16891,3,0.0
16892,3,0.0
16893,6,1.0
16894,4,1.0
16895,1,1.0
16896,1,0.0
16897,3,1.0
16898,3,1.0
16899,1,1.0
16900,2,1.0
16901,40,0.0
16902,1,1.0
16903,49,0.0
16904,2,1.0
16905,3,0.0
16906,6,0.0
16907,1,1.0
16908,4,1.0
16909,4,0.0
16910,1,0.0
16911,1,0.0
16912,8,0.0
16913,2,0.0
16914,1,1.0
16915,1,0.0
16916,1,0.0
16917,1,1.0
16918,3,0.0
16919,1,0.0
16920,1,0.0
16921,2,0.0
16922,2,0.0
16923,6,0.0
16924,1,0.0
16925,3,0.0
16926,1,0.0
16927,1,0.0
16928,3,1.0
16929,3,0.0
16930,7,0.0
16931,1,0.0
16932,1,0.0
16933,3,0.0
16934,2,0.0
16935,2,0.0
16936,3,0.0
16937,2,1.0
16938,7,1.0
16939,11,0.0
16940,2,1.0
16941,1,0.0
16942,1,0.0
16943,3,0.0
16944,5,1.0
16945,3,1.0
16946,1,1.0
16947,5,0.0
16948,24,1.0
16949,1,1.0
16950,2,0.0
16951,1,0.0
16952,3,0.0
16953,1,0.0
16954,2,1.0
16955,5,0.0
16956,1,0.0
16957,2,0.0
16958,2,0.0
16959,1,0.0
16960,4,1.0
16961,1,0.0
16962,3,1.0
16963,1,0.0
16964,5,0.0
16965,1,1.0
16966,1,0.0
16967,5,0.0
16968,5,0.0
16969,1,0.0
16970,5,0.0
16971,2,0.0
16972,3,0.0
16973,2,0.0
16974,5,0.0
16975,2,0.0
16976,1,1.0
16977,1,0.0
16978,4,1.0
16979,2,1.0
16980,3,0.0
16981,2,0.0
16982,1,0.0
16983,1,1.0
16984,4,0.0
16985,2,0.0
16986,5,0.0
16987,1,0.0
16988,2,1.0
16989,1,0.0
16990,2,0.0
16991,1,0.0
16992,2,1.0
16993,3,1.0
16994,6,0.0
16995,1,0.0
16996,1,0.0
16997,7,0.0
16998,1,1.0
16999,1,0.0
17000,1,0.0
17001,6,0.0
17002,1,0.0
17003,5,0.0
17004,1,0.0
17005,1,0.0
17006,5,0.0
17007,3,0.0
17008,1,0.0
17009,3,0.0
17010,1,0.0
17011,1,0.0
17012,2,1.0
17013,5,1.0
17014,6,0.0
17015,1,0.0
17016,9,0.0
17017,9,0.0
17018,1,0.0
17019,54,0.0
17020,5,0.0
17021,1,0.0
17022,1,0.0
17023,4,0.0
17024,10,0.0
17025,2,0.0
17026,48,0.0
17027,1,0.0
17028,1,0.0
17029,1,0.0
17030,1,0.0
17031,1,0.0
17032,1,0.0
17033,3,0.0
17034,2,1.0
17035,2,0.0
17036,2,0.0
17037,1,1.0
17038,7,1.0
17039,2,0.0
17040,3,1.0
17041,1,0.0
17042,2,1.0
17043,3,0.0
17044,4,0.0
17045,21,1.0
17046,1,1.0
17047,1,0.0
17048,1,1.0
17049,2,0.0
17050,1,0.0
17051,1,0.0
17052,2,0.0
17053,1,0.0
17054,1,0.0
17055,22,1.0
17056,3,0.0
17057,1,0.0
17058,4,1.0
17059,1,0.0
17060,6,0.0
17061,3,0.0
17062,1,0.0
17063,1,0.0
17064,2,1.0
17065,1,0.0
17066,1,0.0
17067,2,0.0
17068,6,0.0
17069,1,0.0
17070,2,1.0
17071,2,1.0
17072,4,1.0
17073,1,1.0
17074,1,1.0
17075,1,0.0
17076,2,0.0
17077,1,0.0
17078,1,0.0
17079,2,1.0
17080,2,1.0
17081,1,0.0
17082,1,0.0
17083,2,1.0
17084,3,0.0
17085,4,1.0
17086,4,0.0
17087,1,0.0
17088,1,1.0
17089,2,0.0
17090,3,0.0
17091,2,0.0
17092,3,1.0
17093,1,0.0
17094,6,0.0
17095,3,1.0
17096,2,1.0
17097,3,0.0
17098,2,1.0
17099,56,0.0
17100,2,0.0
17101,7,0.0
17102,2,1.0
17103,2,0.0
17104,2,0.0
17105,2,0.0
17106,1,0.0
17107,2,0.0
17108,1,0.0
17109,2,0.0
17110,3,0.0
17111,5,0.0
17112,7,0.0
17113,2,0.0
17114,1,0.0
17115,3,0.0
17116,1,1.0
17117,1,0.0
17118,1,1.0
17119,1,0.0
17120,3,0.0
17121,1,0.0
17122,1,1.0
17123,2,0.0
17124,4,1.0
17125,3,0.0
17126,1,0.0
17127,3,0.0
17128,1,0.0
17129,8,1.0
17130,1,1.0
17131,2,0.0
17132,5,1.0
17133,1,1.0
17134,1,0.0
17135,2,1.0
17136,4,0.0
17137,1,0.0
17138,1,0.0
17139,1,0.0
17140,3,0.0
17141,3,1.0
17142,1,0.0
17143,5,0.0
17144,2,0.0
17145,1,0.0
17146,20,0.0
17147,2,0.0
17148,6,0.0
17149,1,1.0
17150,2,0.0
17151,1,0.0
17152,3,1.0
17153,1,0.0
17154,2,0.0
17155,2,1.0
17156,1,0.0
17157,1,0.0
17158,43,0.0
17159,1,0.0
17160,3,1.0
17161,2,0.0
17162,1,0.0
17163,2,0.0
17164,3,0.0
17165,2,1.0
17166,1,0.0
17167,1,0.0
17168,1,0.0
17169,2,1.0
17170,2,0.0
17171,6,0.0
17172,2,0.0
17173,5,0.0
17174,1,0.0
17175,3,1.0
17176,2,0.0
17177,1,0.0
17178,1,0.0
17179,2,0.0
17180,1,1.0
17181,9,1.0
17182,11,0.0
17183,1,0.0
17184,2,0.0
17185,7,0.0
17186,2,0.0
17187,1,0.0
17188,1,0.0
17189,3,0.0
17190,2,0.0
17191,5,0.0
17192,2,1.0
17193,4,1.0
17194,3,0.0
17195,3,0.0
17196,3,1.0
17197,5,0.0
17198,5,0.0
17199,1,0.0
17200,3,0.0
17201,2,0.0
17202,3,0.0
17203,5,1.0
17204,1,0.0
17205,3,0.0
17206,5,0.0
17207,4,1.0
17208,1,0.0
17209,1,1.0
17210,1,1.0
17211,3,1.0
17212,1,1.0
17213,2,1.0
17214,2,0.0
17215,2,0.0
17216,1,0.0
17217,3,0.0
17218,4,0.0
17219,58,0.0
17220,1,1.0
17221,1,0.0
17222,2,0.0
17223,1,0.0
17224,1,1.0
17225,2,0.0
17226,1,0.0
17227,8,0.0
17228,5,0.0
17229,6,0.0
17230,1,0.0
17231,1,0.0
17232,1,0.0
17233,5,0.0
17234,1,0.0
17235,1,1.0
17236,6,1.0
17237,3,0.0
17238,1,0.0
17239,1,1.0
17240,3,1.0
17241,1,1.0
17242,33,0.0
17243,3,0.0
17244,1,0.0
17245,1,1.0
17246,1,0.0
17247,6,1.0
17248,2,0.0
17249,2,1.0
17250,3,1.0
17251,1,0.0
17252,1,1.0
17253,5,0.0
17254,2,0.0
17255,3,1.0
17256,1,1.0
17257,3,1.0
17258,4,1.0
17259,1,0.0
17260,2,1.0
17261,2,1.0
17262,10,0.0
17263,2,0.0
17264,6,0.0
17265,26,0.0
17266,7,1.0
17267,6,0.0
17268,9,0.0
17269,3,1.0
17270,2,0.0
17271,3,0.0
17272,1,1.0
17273,2,1.0
17274,1,0.0
17275,1,0.0
17276,1,0.0
17277,1,0.0
17278,2,0.0
17279,1,0.0
17280,54,0.0
17281,1,0.0
17282,1,0.0
17283,2,0.0
17284,2,0.0
17285,4,1.0
17286,1,0.0
17287,1,0.0
17288,2,0.0
17289,2,1.0
17290,2,1.0
17291,2,0.0
17292,36,0.0
17293,1,0.0
17294,2,0.0
17295,2,1.0
17296,1,0.0
17297,2,0.0
17298,4,1.0
17299,4,1.0
17300,1,1.0
17301,1,0.0
17302,1,0.0
17303,2,1.0
17304,2,0.0
17305,1,0.0
17306,2,1.0
17307,6,0.0
17308,2,0.0
17309,2,0.0
17310,1,1.0
17311,1,0.0
17312,2,0.0
17313,1,0.0
17314,1,0.0
17315,1,0.0
17316,7,0.0
17317,5,0.0
17318,1,0.0
17319,1,0.0
17320,1,0.0
17321,1,0.0
17322,4,0.0
17323,1,0.0
17324,7,0.0
17325,2,0.0
17326,2,0.0
17327,1,0.0
17328,8,0.0
17329,2,0.0
17330,2,0.0
17331,3,0.0
17332,3,1.0
17333,1,0.0
17334,1,0.0
17335,8,0.0
17336,2,0.0
17337,1,0.0
17338,1,0.0
17339,6,0.0
17340,3,0.0
17341,1,0.0
17342,1,0.0
17343,1,0.0
17344,13,0.0
17345,3,0.0
17346,1,0.0
17347,5,0.0
17348,1,0.0
17349,2,0.0
17350,2,1.0
17351,3,1.0
17352,1,0.0
17353,1,0.0
17354,2,1.0
17355,3,1.0
17356,3,1.0
17357,1,0.0
17358,3,0.0
17359,4,0.0
17360,1,0.0
17361,1,0.0
17362,3,1.0
17363,2,0.0
17364,2,0.0
17365,2,1.0
17366,57,1.0
17367,5,0.0
17368,3,0.0
17369,2,0.0
17370,3,0.0
17371,4,1.0
17372,1,0.0
17373,3,0.0
17374,1,0.0
17375,1,1.0
17376,4,0.0
17377,1,0.0
17378,3,1.0
17379,1,1.0
17380,1,0.0
17381,2,0.0
17382,3,0.0
17383,3,1.0
17384,8,1.0
17385,1,0.0
17386,5,1.0
17387,6,0.0
17388,1,0.0
17389,2,0.0
17390,2,0.0
17391,1,1.0
17392,1,0.0
17393,7,0.0
17394,2,0.0
17395,3,0.0
17396,1,0.0
17397,11,0.0
17398,2,0.0
17399,2,0.0
17400,3,1.0
17401,4,0.0
17402,8,0.0
17403,1,0.0
17404,4,1.0
17405,2,0.0
17406,1,0.0
17407,2,0.0
17408,1,1.0
17409,4,0.0
17410,4,1.0
17411,1,0.0
17412,3,0.0
17413,3,0.0
17414,1,0.0
17415,1,1.0
17416,2,0.0
17417,3,1.0
17418,30,0.0
17419,4,1.0
17420,1,0.0
17421,4,0.0
17422,3,1.0
17423,1,0.0
17424,1,0.0
17425,1,1.0
17426,4,0.0
17427,1,0.0
17428,2,0.0
17429,1,0.0
17430,3,0.0
17431,3,1.0
17432,1,0.0
17433,5,0.0
17434,23,0.0
17435,1,0.0
17436,1,0.0
17437,5,0.0
17438,2,0.0
17439,2,0.0
17440,2,0.0
17441,1,1.0
17442,1,1.0
17443,2,1.0
17444,3,0.0
17445,2,0.0
17446,1,1.0
17447,2,0.0
17448,2,0.0
17449,1,0.0
17450,46,0.0
17451,1,0.0
17452,1,0.0
17453,2,0.0
17454,24,1.0
17455,2,0.0
17456,2,0.0
17457,7,0.0
17458,3,0.0
17459,1,0.0
17460,4,0.0
17461,2,0.0
17462,1,0.0
17463,3,0.0
17464,1,0.0
17465,2,0.0
17466,3,0.0
17467,1,1.0
17468,2,1.0
17469,1,0.0
17470,1,1.0
17471,1,0.0
17472,1,0.0
17473,1,0.0
17474,1,1.0
17475,3,1.0
17476,3,0.0
17477,10,0.0
17478,2,0.0
17479,1,0.0
17480,1,0.0
17481,3,1.0
17482,7,0.0
17483,1,0.0
17484,2,0.0
17485,2,0.0
17486,2,1.0
17487,39,0.0
17488,3,1.0
17489,2,0.0
17490,3,0.0
17491,3,0.0
17492,3,1.0
17493,2,1.0
17494,2,0.0
17495,1,0.0
17496,1,0.0
17497,2,0.0
17498,1,1.0
17499,2,1.0
17500,2,0.0
17501,1,1.0
17502,2,0.0
17503,2,0.0
17504,3,1.0
17505,4,0.0
17506,1,0.0
17507,3,0.0
17508,1,0.0
17509,2,1.0
17510,1,1.0
17511,1,0.0
17512,2,1.0
17513,1,0.0
17514,26,1.0
17515,6,1.0
17516,1,0.0
17517,2,1.0
17518,11,0.0
17519,1,0.0
17520,1,0.0
17521,1,0.0
17522,9,0.0
17523,3,1.0
17524,1,0.0
17525,3,1.0
17526,1,0.0
17527,1,0.0
17528,2,0.0
17529,1,0.0
17530,1,0.0
17531,2,0.0
17532,2,0.0
17533,1,0.0
17534,1,0.0
17535,1,1.0
17536,1,1.0
17537,1,0.0
17538,4,1.0
17539,6,0.0
17540,3,1.0
17541,1,0.0
17542,5,1.0
17543,1,0.0
17544,14,0.0
17545,2,1.0
17546,2,0.0
17547,4,0.0
17548,3,1.0
17549,1,1.0
17550,4,0.0
17551,2,0.0
17552,1,0.0
17553,1,0.0
17554,2,0.0
17555,20,0.0
17556,1,0.0
17557,2,0.0
17558,1,0.0
17559,1,0.0
17560,4,0.0
17561,1,0.0
17562,1,1.0
17563,53,0.0
17564,2,0.0
17565,1,0.0
17566,3,1.0
17567,4,1.0
17568,2,0.0
17569,2,0.0
17570,1,0.0
17571,2,1.0
17572,3,0.0
17573,3,1.0
17574,3,1.0
17575,2,0.0
17576,1,0.0
17577,39,1.0
17578,2,0.0
17579,1,0.0
17580,4,1.0
17581,4,1.0
17582,1,0.0
17583,1,0.0
17584,2,0.0
17585,1,0.0
17586,2,1.0
17587,1,1.0
17588,2,0.0
17589,1,0.0
17590,3,0.0
17591,2,1.0
17592,2,0.0
17593,5,0.0
17594,2,0.0
17595,3,1.0
17596,2,0.0
17597,2,1.0
17598,4,1.0
17599,1,1.0
17600,34,0.0
17601,14,1.0
17602,2,0.0
17603,1,0.0
17604,7,1.0
17605,1,0.0
17606,1,0.0
17607,1,0.0
17608,1,0.0
17609,1,0.0
17610,52,0.0
17611,2,0.0
17612,3,0.0
17613,4,0.0
17614,1,0.0
17615,8,0.0
17616,2,0.0
17617,1,0.0
17618,1,0.0
17619,4,1.0
17620,1,0.0
17621,1,0.0
17622,3,1.0
17623,2,0.0
17624,1,0.0
17625,1,1.0
17626,5,0.0
17627,1,0.0
17628,2,0.0
17629,4,0.0
17630,2,0.0
17631,1,0.0
17632,2,0.0
17633,49,0.0
17634,1,0.0
17635,1,0.0
17636,1,1.0
17637,28,0.0
17638,5,0.0
17639,1,0.0
17640,8,0.0
17641,1,0.0
17642,1,0.0
17643,1,1.0
17644,8,1.0
17645,4,1.0
17646,2,1.0
17647,2,0.0
17648,1,0.0
17649,5,0.0
17650,2,1.0
17651,1,1.0
17652,3,0.0
17653,2,0.0
17654,7,0.0
17655,3,1.0
17656,1,1.0
17657,1,0.0
17658,1,0.0
17659,2,0.0
17660,1,0.0
17661,1,0.0
17662,8,0.0
17663,1,0.0
17664,1,1.0
17665,3,0.0
17666,1,0.0
17667,2,0.0
17668,55,1.0
17669,2,0.0
17670,2,0.0
17671,1,1.0
17672,1,1.0
17673,1,0.0
17674,5,0.0
17675,6,0.0
17676,2,0.0
17677,6,0.0
17678,4,0.0
17679,4,1.0
17680,4,0.0
17681,2,0.0
17682,2,0.0
17683,2,1.0
17684,1,0.0
17685,1,1.0
17686,4,1.0
17687,8,0.0
17688,1,0.0
17689,1,0.0
17690,2,0.0
17691,5,1.0
17692,2,0.0
17693,2,1.0
17694,1,0.0
17695,5,0.0
17696,1,1.0
17697,1,0.0
17698,1,0.0
17699,2,0.0
17700,1,0.0
17701,7,0.0
17702,5,0.0
17703,3,1.0
17704,2,0.0
17705,1,0.0
17706,1,0.0
17707,6,0.0
17708,2,1.0
17709,2,0.0
17710,1,0.0
17711,1,1.0
17712,2,0.0
17713,3,0.0
17714,8,0.0
17715,1,0.0
17716,4,0.0
17717,1,0.0
17718,4,0.0
17719,5,0.0
17720,1,0.0
17721,3,0.0
17722,1,0.0
17723,1,0.0
17724,1,0.0
17725,2,1.0
17726,1,1.0
17727,1,1.0
17728,4,0.0
17729,4,1.0
17730,2,0.0
17731,2,0.0
17732,25,0.0
17733,1,1.0
17734,2,1.0
17735,44,0.0
17736,3,1.0
17737,1,0.0
17738,1,0.0
17739,1,1.0
17740,8,0.0
17741,4,0.0
17742,2,1.0
17743,2,0.0
17744,3,1.0
17745,1,0.0
17746,1,1.0
17747,1,0.0
17748,3,0.0
17749,2,0.0
17750,1,0.0
17751,15,0.0
17752,1,0.0
17753,3,1.0
17754,4,1.0
17755,2,1.0
17756,49,1.0
17757,10,0.0
17758,2,0.0
17759,1,0.0
17760,2,0.0
17761,1,1.0
17762,57,0.0
17763,43,0.0
17764,1,0.0
17765,3,0.0
17766,2,1.0
17767,1,0.0
17768,1,0.0
17769,2,0.0
17770,1,0.0
17771,3,0.0
17772,4,1.0
17773,1,0.0
17774,1,1.0
17775,2,0.0
17776,5,0.0
17777,3,0.0
17778,1,1.0
17779,44,0.0
17780,2,0.0
17781,1,1.0
17782,1,0.0
17783,4,1.0
17784,1,0.0
17785,2,1.0
17786,1,0.0
17787,2,0.0
17788,6,0.0
17789,1,0.0
17790,1,1.0
17791,2,0.0
17792,2,0.0
17793,3,0.0
17794,1,0.0
17795,1,1.0
17796,19,1.0
17797,1,1.0
17798,5,0.0
17799,3,0.0
17800,1,1.0
17801,1,0.0
17802,4,0.0
17803,13,0.0
17804,1,0.0
17805,5,0.0
17806,2,1.0
17807,2,1.0
17808,1,0.0
17809,2,0.0
17810,2,1.0
17811,1,0.0
17812,2,0.0
17813,2,0.0
17814,6,1.0
17815,9,0.0
17816,1,0.0
17817,1,0.0
17818,2,0.0
17819,1,1.0
17820,1,0.0
17821,8,0.0
17822,1,0.0
17823,12,1.0
17824,1,0.0
17825,1,0.0
17826,1,0.0
17827,1,0.0
17828,2,0.0
17829,2,0.0
17830,3,0.0
17831,7,0.0
17832,2,0.0
17833,3,0.0
17834,3,1.0
17835,4,0.0
17836,1,0.0
17837,3,0.0
17838,2,0.0
17839,18,0.0
17840,3,0.0
17841,1,0.0
17842,2,0.0
17843,3,0.0
17844,4,1.0
17845,3,1.0
17846,7,0.0
17847,2,0.0
17848,1,0.0
17849,59,0.0
17850,2,0.0
17851,2,1.0
17852,1,0.0
17853,5,0.0
17854,1,1.0
17855,1,0.0
17856,6,1.0
17857,2,1.0
17858,2,0.0
17859,1,0.0
17860,2,0.0
17861,1,0.0
17862,6,0.0
17863,1,0.0
17864,2,0.0
17865,1,0.0
17866,1,0.0
17867,5,1.0
17868,2,1.0
17869,4,1.0
17870,1,0.0
17871,4,1.0
17872,5,0.0
17873,4,0.0
17874,22,0.0
17875,4,1.0
17876,2,0.0
17877,2,1.0
17878,5,0.0
17879,1,1.0
17880,2,0.0
17881,3,0.0
17882,1,1.0
17883,37,0.0
17884,4,0.0
17885,1,0.0
17886,2,0.0
17887,3,0.0
17888,3,1.0
17889,2,0.0
17890,1,0.0
17891,4,1.0
17892,1,0.0
17893,3,0.0
17894,1,0.0
17895,2,0.0
17896,5,1.0
17897,4,0.0
17898,3,0.0
17899,2,0.0
17900,2,0.0
17901,2,0.0
17902,5,0.0
17903,1,0.0
17904,18,1.0
17905,3,0.0
17906,10,0.0
17907,2,1.0
17908,3,0.0
17909,3,0.0
17910,2,0.0
17911,1,1.0
17912,2,0.0
17913,1,0.0
17914,1,0.0
17915,1,1.0
17916,1,0.0
17917,6,0.0
17918,4,0.0
17919,1,1.0
17920,1,0.0
17921,1,0.0
17922,1,0.0
17923,2,0.0
17924,1,1.0
17925,1,1.0
17926,2,0.0
17927,5,0.0
17928,5,1.0
17929,1,0.0
17930,1,0.0
17931,1,1.0
17932,2,1.0
17933,1,0.0
17934,52,0.0
17935,2,0.0
17936,4,0.0
17937,1,0.0
17938,1,0.0
17939,2,1.0
17940,2,0.0
17941,1,1.0
17942,7,0.0
17943,2,1.0
17944,1,0.0
17945,3,1.0
17946,2,1.0
17947,1,0.0
17948,4,0.0
17949,1,0.0
17950,3,0.0
17951,2,0.0
17952,1,0.0
17953,1,0.0
17954,54,0.0
17955,1,0.0
17956,3,1.0
17957,1,0.0
17958,1,0.0
17959,1,0.0
17960,2,0.0
17961,1,0.0
17962,1,0.0
17963,2,0.0
17964,3,0.0
17965,6,0.0
17966,4,1.0
17967,1,0.0
17968,2,0.0
17969,1,0.0
17970,1,0.0
17971,3,0.0
17972,3,0.0
17973,2,1.0
17974,6,0.0
17975,5,1.0
17976,4,1.0
17977,1,0.0
17978,6,0.0
17979,2,0.0
17980,1,1.0
17981,1,0.0
17982,2,0.0
17983,34,0.0
17984,2,0.0
17985,1,0.0
17986,1,0.0
17987,2,0.0
17988,3,1.0
17989,4,0.0
17990,3,0.0
17991,29,0.0
17992,1,0.0
17993,3,1.0
17994,1,0.0
17995,2,0.0
17996,3,1.0
17997,1,0.0
17998,2,0.0
17999,52,0.0
18000,1,0.0
18001,3,0.0
18002,1,0.0
18003,1,0.0
18004,2,1.0
18005,3,0.0
18006,2,0.0
18007,5,0.0
18008,4,0.0
18009,3,0.0
18010,2,1.0
18011,2,0.0
18012,2,1.0
18013,1,0.0
18014,3,0.0
18015,3,0.0
18016,3,0.0
18017,2,1.0
18018,1,0.0
18019,1,0.0
18020,1,0.0
18021,1,1.0
18022,4,0.0
18023,2,0.0
18024,1,1.0
18025,5,0.0
18026,3,0.0
18027,1,0.0
18028,3,1.0
18029,2,0.0
18030,1,0.0
18031,1,1.0
18032,2,1.0
18033,3,0.0
18034,2,0.0
18035,2,0.0
18036,2,1.0
18037,3,0.0
18038,36,0.0
18039,1,0.0
18040,2,1.0
18041,1,0.0
18042,1,0.0
18043,2,1.0
18044,1,0.0
18045,2,0.0
18046,1,0.0
18047,1,1.0
18048,5,0.0
18049,2,0.0
18050,2,0.0
18051,3,0.0
18052,2,1.0
18053,2,0.0
18054,3,0.0
18055,3,0.0
18056,1,0.0
18057,2,0.0
18058,2,0.0
18059,2,0.0
18060,2,1.0
18061,1,1.0
18062,48,0.0
18063,1,0.0
18064,1,0.0
18065,2,0.0
18066,1,0.0
18067,1,1.0
18068,1,0.0
18069,2,0.0
18070,2,1.0
18071,3,0.0
18072,3,0.0
18073,2,0.0
18074,1,1.0
18075,1,0.0
18076,7,0.0
18077,1,0.0
18078,1,0.0
18079,2,0.0
18080,3,1.0
18081,17,0.0
18082,1,0.0
18083,1,1.0
18084,4,1.0
18085,2,0.0
18086,1,0.0
18087,1,0.0
18088,1,0.0
18089,2,0.0
18090,3,0.0
18091,3,0.0
18092,59,0.0
18093,1,1.0
18094,6,1.0
18095,1,0.0
18096,1,0.0
18097,4,1.0
18098,1,0.0
18099,2,0.0
18100,2,1.0
18101,1,0.0
18102,3,1.0
18103,2,0.0
18104,2,0.0
18105,1,0.0
18106,2,0.0
18107,6,0.0
18108,2,0.0
18109,2,0.0
18110,1,0.0
18111,3,0.0
18112,3,0.0
18113,1,1.0
18114,1,1.0
18115,2,0.0
18116,1,0.0
18117,1,1.0
18118,2,0.0
18119,1,0.0
18120,6,1.0
18121,3,1.0
18122,7,1.0
18123,6,0.0
18124,1,0.0
18125,2,0.0
18126,30,0.0
18127,2,0.0
18128,2,0.0
18129,7,0.0
18130,2,1.0
18131,49,1.0
18132,3,0.0
18133,1,0.0
18134,1,0.0
18135,8,1.0
18136,1,0.0
18137,1,1.0
18138,2,0.0
18139,1,0.0
18140,1,1.0
18141,1,0.0
18142,48,1.0
18143,4,1.0
18144,2,0.0
18145,3,1.0
18146,5,0.0
18147,3,1.0
18148,1,1.0
18149,4,1.0
18150,4,0.0
18151,1,0.0
18152,2,0.0
18153,18,0.0
18154,1,0.0
18155,2,0.0
18156,1,0.0
18157,1,0.0
18158,1,0.0
18159,1,0.0
18160,2,0.0
18161,1,1.0
18162,1,1.0
18163,1,1.0
18164,1,0.0
18165,1,0.0
18166,24,0.0
18167,2,0.0
18168,4,0.0
18169,4,0.0
18170,3,0.0
18171,49,0.0
18172,2,1.0
18173,4,1.0
18174,2,1.0
18175,2,0.0
18176,3,1.0
18177,1,0.0
18178,6,0.0
18179,1,1.0
18180,1,0.0
18181,1,0.0
18182,4,0.0
18183,5,0.0
18184,3,1.0
18185,1,0.0
18186,1,0.0
18187,1,1.0
18188,2,0.0
18189,1,0.0
18190,9,0.0
18191,4,1.0
18192,2,0.0
18193,3,0.0
18194,1,1.0
18195,8,0.0
18196,2,0.0
18197,1,0.0
18198,1,0.0
18199,2,0.0
18200,1,0.0
18201,1,0.0
18202,2,0.0
18203,4,1.0
18204,1,0.0
18205,2,0.0
18206,4,1.0
18207,6,0.0
18208,3,1.0
18209,3,0.0
18210,2,1.0
18211,2,0.0
18212,2,0.0
18213,5,0.0
18214,1,1.0
18215,6,0.0
18216,3,0.0
18217,1,0.0
18218,17,1.0
18219,1,0.0
18220,1,1.0
18221,2,0.0
18222,2,0.0
18223,4,1.0
18224,3,0.0
18225,4,0.0
18226,5,0.0
18227,5,0.0
18228,2,0.0
18229,7,0.0
18230,30,0.0
18231,2,0.0
18232,1,0.0
18233,1,0.0
18234,4,1.0
18235,2,0.0
18236,4,0.0
18237,1,0.0
18238,1,0.0
18239,4,0.0
18240,1,0.0
18241,1,0.0
18242,1,0.0
18243,1,1.0
18244,23,0.0
18245,6,0.0
18246,11,1.0
18247,2,0.0
18248,1,0.0
18249,2,0.0
18250,1,1.0
18251,4,0.0
18252,4,0.0
18253,1,0.0
18254,36,0.0
18255,2,1.0
18256,1,0.0
18257,4,0.0
18258,2,0.0
18259,31,0.0
18260,1,0.0
18261,1,0.0
18262,2,0.0
18263,2,1.0
18264,1,0.0
18265,1,1.0
18266,2,0.0
18267,1,0.0
18268,2,0.0
18269,2,1.0
18270,1,0.0
18271,3,0.0
18272,1,0.0
18273,8,0.0
18274,3,0.0
18275,3,0.0
18276,1,0.0
18277,2,0.0
18278,4,1.0
18279,3,0.0
18280,10,0.0
18281,1,0.0
18282,2,0.0
18283,2,1.0
18284,1,1.0
18285,2,1.0
18286,1,0.0
18287,38,0.0
18288,17,0.0
18289,1,1.0
18290,3,0.0
18291,1,1.0
18292,18,0.0
18293,6,0.0
18294,4,1.0
18295,2,0.0
18296,1,1.0
18297,2,0.0
18298,2,0.0
18299,2,1.0
18300,1,1.0
18301,2,1.0
18302,3,0.0
18303,5,0.0
18304,4,1.0
18305,2,0.0
18306,1,0.0
18307,1,0.0
18308,2,0.0
18309,2,1.0
18310,2,1.0
18311,1,1.0
18312,26,1.0
18313,2,1.0
18314,6,0.0
18315,33,0.0
18316,6,0.0
18317,2,0.0
18318,1,0.0
18319,1,1.0
18320,54,0.0
18321,6,0.0
18322,2,0.0
18323,4,0.0
18324,1,0.0
18325,1,0.0
18326,1,1.0
18327,1,0.0
18328,2,0.0
18329,1,1.0
18330,2,0.0
18331,1,0.0
18332,2,0.0
18333,1,0.0
18334,1,1.0
18335,5,0.0
18336,1,1.0
18337,3,1.0
18338,4,0.0
18339,8,1.0
18340,3,0.0
18341,8,0.0
18342,54,0.0
18343,1,0.0
18344,1,0.0
18345,2,0.0
18346,7,0.0
18347,1,0.0
18348,3,1.0
18349,58,0.0
18350,1,0.0
18351,1,0.0
18352,1,0.0
18353,2,0.0
18354,3,0.0
18355,1,0.0
18356,4,1.0
18357,2,0.0
18358,2,1.0
18359,37,0.0
18360,1,0.0
18361,4,1.0
18362,58,0.0
18363,1,0.0
18364,3,1.0
18365,2,1.0
18366,4,0.0
18367,6,0.0
18368,1,0.0
18369,1,1.0
18370,1,1.0
18371,1,0.0
18372,3,1.0
18373,1,0.0
18374,2,0.0
18375,3,1.0
18376,2,0.0
18377,1,0.0
18378,3,1.0
18379,3,1.0
18380,3,0.0
18381,1,0.0
18382,1,0.0
18383,6,0.0
18384,1,0.0
18385,2,0.0
18386,1,0.0
18387,4,1.0
18388,3,1.0
18389,1,0.0
18390,2,0.0
18391,1,0.0
18392,2,0.0
18393,3,1.0
18394,1,1.0
18395,1,0.0
18396,1,0.0
18397,1,0.0
18398,1,0.0
18399,3,0.0
18400,1,0.0
18401,1,0.0
18402,54,0.0
18403,1,1.0
18404,7,0.0
18405,1,0.0
18406,1,1.0
18407,1,0.0
18408,45,0.0
18409,1,0.0
18410,1,0.0
18411,4,1.0
18412,1,0.0
18413,10,0.0
18414,1,0.0
18415,1,0.0
18416,3,1.0
18417,1,0.0
18418,5,0.0
18419,2,0.0
18420,1,0.0
18421,1,1.0
18422,9,0.0
18423,1,0.0
18424,15,0.0
18425,3,1.0
18426,1,1.0
18427,3,0.0
18428,1,0.0
18429,1,0.0
18430,1,0.0
18431,1,1.0
18432,1,0.0
18433,4,0.0
18434,2,1.0
18435,3,0.0
18436,1,0.0
18437,1,0.0
18438,5,0.0
18439,11,0.0
18440,3,1.0
18441,5,0.0
18442,4,1.0
18443,3,0.0
18444,4,0.0
18445,1,0.0
18446,3,0.0
18447,1,0.0
18448,2,0.0
18449,1,0.0
18450,1,0.0
18451,6,0.0
18452,1,1.0
18453,2,0.0
18454,2,0.0
18455,1,0.0
18456,1,0.0
18457,1,1.0
18458,1,0.0
18459,1,0.0
18460,1,0.0
18461,7,1.0
18462,1,0.0
18463,2,0.0
18464,2,1.0
18465,1,1.0
18466,6,0.0
18467,2,0.0
18468,2,0.0
18469,3,1.0
18470,1,0.0
18471,1,1.0
18472,1,0.0
18473,2,0.0
18474,2,1.0
18475,3,0.0
18476,1,0.0
18477,1,0.0
18478,33,0.0
18479,3,1.0
18480,1,0.0
18481,1,0.0
18482,2,0.0
18483,4,1.0
18484,1,0.0
18485,3,1.0
18486,3,0.0
18487,1,1.0
18488,1,0.0
18489,2,0.0
18490,1,0.0
18491,3,1.0
18492,3,0.0
18493,1,0.0
18494,3,1.0
18495,1,0.0
18496,1,1.0
18497,2,0.0
18498,4,1.0
18499,2,0.0
18500,3,1.0
18501,2,0.0
18502,57,1.0
18503,2,0.0
18504,1,0.0
18505,1,1.0
18506,3,0.0
18507,4,0.0
18508,1,0.0
18509,2,0.0
18510,4,0.0
18511,3,1.0
18512,55,0.0
18513,2,0.0
18514,7,1.0
18515,1,0.0
18516,2,0.0
18517,1,1.0
18518,2,0.0
18519,1,0.0
18520,2,1.0
18521,3,1.0
18522,3,1.0
18523,3,0.0
18524,2,0.0
18525,2,0.0
18526,1,0.0
18527,2,1.0
18528,1,0.0
18529,2,1.0
18530,3,0.0
18531,3,0.0
18532,1,0.0
18533,1,0.0
18534,2,1.0
18535,2,0.0
18536,1,1.0
18537,4,1.0
18538,5,1.0
18539,1,0.0
18540,1,0.0
18541,1,0.0
18542,1,0.0
18543,2,0.0
18544,38,0.0
18545,6,0.0
18546,1,0.0
18547,10,1.0
18548,2,0.0
18549,1,0.0
18550,1,0.0
18551,1,0.0
18552,1,0.0
18553,2,0.0
18554,1,0.0
18555,1,1.0
18556,1,0.0
18557,2,0.0
18558,53,0.0
18559,9,0.0
18560,1,0.0
18561,6,1.0
18562,1,0.0
18563,1,0.0
18564,3,0.0
18565,2,1.0
18566,1,0.0
18567,1,0.0
18568,3,0.0
18569,5,1.0
18570,1,1.0
18571,1,0.0
18572,1,1.0
18573,2,0.0
18574,1,0.0
18575,1,0.0
18576,1,0.0
18577,7,0.0
18578,10,1.0
18579,1,0.0
18580,3,0.0
18581,1,1.0
18582,1,0.0
18583,52,0.0
18584,6,0.0
18585,5,0.0
18586,1,0.0
18587,4,0.0
18588,1,0.0
18589,5,0.0
18590,1,0.0
18591,1,0.0
18592,3,0.0
18593,1,0.0
18594,1,0.0
18595,2,0.0
18596,1,0.0
18597,2,0.0
18598,2,0.0
18599,2,1.0
18600,3,1.0
18601,50,0.0
18602,9,0.0
18603,1,0.0
18604,1,0.0
18605,1,1.0
18606,2,0.0
18607,1,0.0
18608,3,0.0
18609,3,0.0
18610,2,1.0
18611,21,1.0
18612,1,0.0
18613,1,0.0
18614,1,0.0
18615,2,1.0
18616,2,0.0
18617,1,0.0
18618,1,0.0
18619,1,0.0
18620,14,1.0
18621,1,0.0
18622,2,0.0
18623,2,1.0
18624,3,0.0
18625,2,0.0
18626,4,1.0
18627,2,0.0
18628,2,1.0
18629,1,0.0
18630,1,0.0
18631,8,0.0
18632,4,1.0
18633,2,0.0
18634,1,0.0
18635,1,0.0
18636,1,0.0
18637,1,0.0
18638,1,0.0
18639,2,0.0
18640,3,1.0
18641,3,0.0
18642,1,0.0
18643,1,1.0
18644,1,0.0
18645,1,0.0
18646,4,0.0
18647,4,1.0
18648,2,0.0
18649,1,0.0
18650,1,0.0
18651,44,0.0
18652,1,0.0
18653,6,0.0
18654,1,0.0
18655,1,0.0
18656,2,1.0
18657,1,0.0
18658,2,0.0
18659,2,0.0
18660,6,1.0
18661,1,0.0
18662,4,1.0
18663,2,1.0
18664,7,0.0
18665,2,0.0
18666,3,0.0
18667,6,0.0
18668,2,0.0
18669,2,0.0
18670,3,0.0
18671,2,0.0
18672,1,1.0
18673,1,0.0
18674,1,0.0
18675,1,0.0
18676,3,0.0
18677,5,1.0
18678,3,0.0
18679,1,1.0
18680,2,0.0
18681,2,1.0
18682,1,0.0
18683,5,0.0
18684,1,0.0
18685,3,0.0
18686,2,0.0
18687,2,0.0
18688,4,1.0
18689,1,0.0
18690,1,0.0
18691,1,0.0
18692,2,1.0
18693,1,0.0
18694,1,0.0
18695,11,1.0
18696,1,1.0
18697,1,0.0
18698,4,0.0
18699,6,0.0
18700,4,1.0
18701,4,1.0
18702,5,0.0
18703,1,0.0
18704,1,1.0
18705,1,0.0
18706,3,1.0
18707,1,1.0
18708,2,0.0
18709,1,1.0
18710,1,0.0
18711,2,1.0
18712,1,1.0
18713,1,1.0
18714,1,1.0
18715,2,0.0
18716,2,1.0
18717,2,0.0
18718,1,0.0
18719,7,0.0
18720,1,0.0
18721,1,0.0
18722,3,0.0
18723,2,0.0
18724,1,0.0
18725,3,0.0
18726,5,0.0
18727,2,0.0
18728,2,0.0
18729,3,1.0
18730,4,0.0
18731,1,0.0
18732,1,0.0
18733,2,0.0
18734,1,0.0
18735,3,1.0
18736,1,0.0
18737,2,0.0
18738,2,1.0
18739,2,1.0
18740,19,1.0
18741,9,0.0
18742,1,0.0
18743,3,1.0
18744,3,0.0
18745,1,0.0
18746,1,0.0
18747,1,0.0
18748,4,0.0
18749,8,1.0
18750,3,0.0
18751,1,0.0
18752,1,0.0
18753,1,1.0
18754,8,0.0
18755,1,0.0
18756,4,1.0
18757,4,1.0
18758,4,1.0
18759,6,0.0
18760,3,0.0
18761,4,0.0
18762,1,0.0
18763,48,0.0
18764,8,0.0
18765,1,0.0
18766,1,1.0
18767,1,0.0
18768,3,0.0
18769,7,0.0
18770,7,1.0
18771,3,0.0
18772,3,0.0
18773,11,0.0
18774,4,0.0
18775,1,0.0
18776,2,1.0
18777,2,0.0
18778,3,0.0
18779,6,0.0
18780,1,0.0
18781,1,0.0
18782,1,0.0
18783,1,1.0
18784,2,0.0
18785,4,1.0
18786,1,1.0
18787,4,0.0
18788,2,0.0
18789,1,0.0
18790,1,0.0
18791,1,1.0
18792,2,1.0
18793,1,0.0
18794,2,0.0
18795,2,0.0
18796,3,0.0
18797,49,0.0
18798,2,0.0
18799,31,0.0
18800,3,1.0
18801,2,0.0
18802,2,0.0
18803,6,0.0
18804,1,0.0
18805,2,0.0
18806,2,1.0
18807,1,0.0
18808,19,0.0
18809,2,0.0
18810,1,0.0
18811,4,0.0
18812,30,0.0
18813,3,0.0
18814,4,1.0
18815,1,1.0
18816,1,0.0
18817,1,0.0
18818,2,0.0
18819,2,0.0
18820,7,0.0
18821,2,0.0
18822,3,0.0
18823,1,0.0
18824,2,1.0
18825,2,0.0
18826,3,0.0
18827,2,0.0
18828,1,0.0
18829,1,0.0
18830,2,0.0
18831,1,0.0
18832,1,0.0
18833,3,0.0
18834,41,0.0
18835,2,0.0
18836,3,0.0
18837,1,0.0
18838,1,0.0
18839,1,0.0
18840,1,1.0
18841,1,0.0
18842,1,0.0
18843,1,0.0
18844,2,0.0
18845,1,0.0
18846,3,0.0
18847,3,1.0
18848,6,0.0
18849,1,0.0
18850,1,0.0
18851,1,0.0
18852,3,0.0
18853,2,1.0
18854,1,0.0
18855,1,0.0
18856,2,0.0
18857,3,0.0
18858,3,0.0
18859,1,1.0
18860,1,0.0
18861,2,0.0
18862,2,0.0
18863,2,1.0
18864,1,0.0
18865,1,0.0
18866,1,1.0
18867,3,1.0
18868,7,0.0
18869,1,0.0
18870,1,0.0
18871,7,0.0
18872,1,0.0
18873,3,0.0
18874,1,0.0
18875,60,0.0
18876,1,0.0
18877,1,0.0
18878,6,0.0
18879,1,0.0
18880,1,1.0
18881,39,0.0
18882,3,1.0
18883,2,0.0
18884,2,0.0
18885,3,1.0
18886,2,0.0
18887,1,0.0
18888,1,0.0
18889,4,1.0
18890,1,0.0
18891,5,0.0
18892,1,0.0
18893,20,0.0
18894,2,1.0
18895,2,1.0
18896,2,0.0
18897,4,1.0
18898,3,0.0
18899,4,0.0
18900,1,0.0
18901,2,0.0
18902,4,0.0
18903,4,0.0
18904,1,0.0
18905,3,0.0
18906,2,0.0
18907,11,0.0
18908,1,0.0
18909,4,1.0
18910,5,1.0
18911,2,1.0
18912,10,0.0
18913,2,1.0
18914,1,0.0
18915,31,0.0
18916,16,0.0
18917,3,0.0
18918,27,0.0
18919,1,0.0
18920,3,0.0
18921,2,0.0
18922,3,1.0
18923,12,0.0
18924,3,0.0
18925,6,0.0
18926,2,1.0
18927,2,1.0
18928,3,0.0
18929,3,1.0
18930,1,0.0
18931,2,1.0
18932,2,1.0
18933,1,1.0
18934,2,1.0
18935,3,0.0
18936,3,0.0
18937,1,0.0
18938,1,0.0
18939,1,0.0
18940,2,0.0
18941,2,0.0
18942,1,0.0
18943,1,0.0
18944,1,1.0
18945,1,0.0
18946,1,0.0
18947,3,0.0
18948,2,0.0
18949,3,0.0
18950,1,0.0
18951,8,0.0
18952,3,0.0
18953,2,1.0
18954,4,0.0
18955,1,0.0
18956,1,0.0
18957,1,0.0
18958,1,0.0
18959,1,0.0
18960,4,1.0
18961,1,0.0
18962,1,0.0
18963,6,0.0
18964,1,0.0
18965,1,0.0
18966,7,0.0
18967,2,0.0
18968,10,1.0
18969,5,0.0
18970,2,0.0
18971,1,0.0
18972,2,0.0
18973,1,0.0
18974,1,0.0
18975,3,1.0
18976,5,1.0
18977,1,1.0
18978,56,0.0
18979,2,1.0
18980,1,1.0
18981,2,0.0
18982,1,0.0
18983,4,0.0
18984,1,1.0
18985,1,1.0
18986,8,0.0
18987,2,0.0
18988,1,0.0
18989,2,0.0
18990,2,0.0
18991,13,0.0
18992,4,0.0
18993,4,1.0
18994,1,0.0
18995,3,0.0
18996,15,0.0
18997,1,0.0
18998,2,0.0
18999,3,0.0
19000,2,0.0
19001,4,0.0
19002,1,0.0
19003,6,0.0
19004,2,0.0
19005,1,1.0
19006,1,0.0
19007,2,0.0
19008,5,0.0
19009,4,1.0
19010,1,0.0
19011,1,0.0
19012,4,0.0
19013,1,0.0
19014,19,0.0
19015,1,0.0
19016,1,0.0
19017,1,0.0
19018,2,1.0
19019,1,1.0
19020,5,0.0
19021,2,1.0
19022,2,1.0
19023,5,1.0
19024,2,0.0
19025,6,0.0
19026,6,0.0
19027,3,1.0
19028,4,0.0
19029,2,1.0
19030,2,1.0
19031,2,0.0
19032,8,0.0
19033,3,0.0
19034,1,0.0
19035,2,0.0
19036,1,0.0
19037,5,0.0
19038,1,0.0
19039,2,0.0
19040,2,0.0
19041,1,1.0
19042,13,1.0
19043,1,1.0
19044,4,0.0
19045,1,0.0
19046,4,1.0
19047,1,0.0
19048,2,1.0
19049,1,0.0
19050,7,0.0
19051,2,0.0
19052,1,0.0
19053,3,1.0
19054,2,1.0
19055,1,0.0
19056,1,0.0
19057,3,1.0
19058,1,0.0
19059,2,0.0
19060,2,0.0
19061,2,0.0
19062,5,0.0
19063,1,0.0
19064,1,0.0
19065,2,0.0
19066,1,0.0
19067,3,1.0
19068,1,0.0
19069,2,0.0
19070,3,1.0
19071,1,0.0
19072,2,0.0
19073,1,0.0
19074,24,0.0
19075,2,0.0
19076,1,0.0
19077,1,0.0
19078,1,0.0
19079,2,0.0
19080,1,0.0
19081,9,1.0
19082,47,0.0
19083,2,0.0
19084,1,0.0
19085,2,0.0
19086,2,1.0
19087,4,1.0
19088,1,0.0
19089,1,0.0
19090,1,0.0
19091,11,0.0
19092,1,0.0
19093,1,0.0
19094,1,0.0
19095,1,0.0
19096,1,1.0
19097,1,0.0
19098,2,0.0
19099,1,1.0
19100,1,0.0
19101,5,0.0
19102,1,0.0
19103,2,0.0
19104,1,1.0
19105,24,0.0
19106,1,0.0
19107,1,0.0
19108,1,0.0
19109,1,0.0
19110,1,0.0
19111,1,0.0
19112,1,0.0
19113,3,0.0
19114,2,0.0
19115,2,1.0
19116,1,0.0
19117,3,1.0
19118,1,0.0
19119,2,0.0
19120,1,0.0
19121,3,1.0
19122,4,0.0
19123,1,0.0
19124,2,0.0
19125,3,0.0
19126,2,0.0
19127,1,0.0
19128,2,1.0
19129,1,0.0
19130,1,1.0
19131,1,0.0
19132,1,0.0
19133,1,0.0
19134,2,0.0
19135,3,0.0
19136,1,0.0
19137,3,1.0
19138,3,1.0
19139,3,0.0
19140,1,0.0
19141,2,1.0
19142,1,0.0
19143,3,0.0
19144,3,0.0
19145,16,1.0
19146,2,1.0
19147,1,0.0
19148,1,0.0
19149,2,0.0
19150,2,0.0
19151,2,1.0
19152,6,1.0
19153,3,1.0
19154,1,0.0
19155,1,1.0
19156,2,1.0
19157,2,0.0
19158,1,0.0
19159,8,0.0
19160,41,1.0
19161,2,0.0
19162,1,1.0
19163,1,0.0
19164,2,0.0
19165,2,1.0
19166,3,0.0
19167,6,0.0
19168,2,1.0
19169,3,0.0
19170,1,0.0
19171,1,1.0
19172,1,0.0
19173,1,0.0
19174,2,0.0
19175,3,1.0
19176,4,0.0
19177,1,0.0
19178,3,0.0
19179,2,0.0
19180,1,0.0
19181,5,0.0
19182,3,0.0
19183,5,0.0
19184,2,0.0
19185,1,0.0
19186,2,0.0
19187,3,0.0
19188,3,0.0
19189,1,0.0
19190,1,0.0
19191,2,0.0
19192,54,0.0
19193,3,0.0
19194,1,0.0
19195,1,1.0
19196,1,0.0
19197,2,1.0
19198,6,0.0
19199,4,0.0
19200,5,0.0
19201,2,0.0
19202,1,0.0
19203,7,0.0
19204,4,0.0
19205,1,1.0
19206,1,0.0
19207,3,1.0
19208,3,0.0
19209,1,0.0
19210,4,1.0
19211,1,0.0
19212,3,0.0
19213,1,0.0
19214,3,0.0
19215,1,0.0
19216,4,1.0
19217,2,0.0
19218,5,0.0
19219,1,0.0
19220,1,1.0
19221,1,0.0
19222,3,0.0
19223,1,1.0
19224,3,0.0
19225,9,0.0
19226,1,0.0
19227,3,0.0
19228,3,0.0
19229,2,1.0
19230,4,0.0
19231,52,0.0
19232,1,1.0
19233,2,0.0
19234,3,0.0
19235,1,0.0
19236,12,0.0
19237,2,1.0
19238,1,0.0
19239,2,0.0
19240,2,1.0
19241,1,0.0
19242,3,0.0
19243,1,1.0
19244,3,0.0
19245,2,0.0
19246,7,1.0
19247,3,0.0
19248,1,0.0
19249,1,0.0
19250,3,0.0
19251,3,0.0
19252,59,0.0
19253,9,0.0
19254,40,0.0
19255,1,0.0
19256,1,0.0
19257,1,0.0
19258,9,1.0
19259,1,0.0
19260,1,1.0
19261,1,1.0
19262,1,0.0
19263,1,0.0
19264,1,0.0
19265,1,0.0
19266,3,0.0
19267,3,1.0
19268,1,0.0
19269,1,0.0
19270,2,0.0
19271,1,0.0
19272,1,1.0
19273,2,0.0
19274,2,0.0
19275,1,1.0
19276,1,0.0
19277,3,0.0
19278,7,0.0
19279,2,0.0
19280,1,0.0
19281,15,0.0
19282,2,0.0
19283,1,0.0
19284,7,1.0
19285,2,0.0
19286,2,0.0
19287,2,0.0
19288,4,0.0
19289,3,0.0
19290,6,0.0
19291,2,1.0
19292,5,0.0
19293,1,0.0
19294,4,0.0
19295,1,0.0
19296,5,0.0
19297,6,0.0
19298,3,1.0
19299,3,1.0
19300,1,0.0
19301,1,0.0
19302,3,0.0
19303,1,0.0
19304,3,0.0
19305,2,0.0
19306,3,0.0
19307,1,1.0
19308,56,0.0
19309,8,0.0
19310,2,0.0
19311,1,0.0
19312,2,0.0
19313,1,0.0
19314,2,0.0
19315,3,0.0
19316,2,0.0
19317,1,1.0
19318,1,1.0
19319,3,0.0
19320,1,0.0
19321,2,1.0
19322,1,0.0
19323,49,0.0
19324,3,1.0
19325,1,0.0
19326,4,0.0
19327,1,0.0
19328,1,0.0
19329,1,0.0
19330,1,0.0
19331,1,0.0
19332,1,1.0
19333,7,0.0
19334,9,0.0
19335,1,0.0
19336,2,0.0
19337,4,1.0
19338,4,0.0
19339,52,0.0
19340,5,0.0
19341,4,0.0
19342,1,1.0
19343,2,0.0
19344,1,0.0
19345,1,0.0
19346,3,1.0
19347,1,0.0
19348,1,0.0
19349,3,1.0
19350,3,1.0
19351,1,0.0
19352,1,0.0
19353,2,1.0
19354,2,0.0
19355,1,0.0
19356,51,0.0
19357,7,0.0
19358,1,0.0
19359,1,0.0
19360,1,1.0
19361,3,0.0
19362,1,1.0
19363,7,1.0
19364,2,0.0
19365,50,0.0
19366,1,1.0
19367,1,0.0
19368,1,0.0
19369,50,1.0
19370,1,0.0
19371,4,1.0
19372,9,0.0
19373,2,0.0
19374,1,0.0
19375,1,0.0
19376,3,0.0
19377,3,1.0
19378,1,0.0
19379,4,0.0
19380,2,1.0
19381,2,0.0
19382,2,1.0
19383,52,0.0
19384,1,0.0
19385,3,1.0
19386,1,0.0
19387,3,0.0
19388,4,1.0
19389,2,1.0
19390,1,1.0
19391,2,0.0
19392,1,0.0
19393,1,1.0
19394,2,0.0
19395,1,0.0
19396,1,1.0
19397,1,0.0
19398,1,1.0
19399,1,0.0
19400,14,1.0
19401,1,0.0
19402,2,0.0
19403,4,0.0
19404,1,0.0
19405,4,0.0
19406,2,0.0
19407,4,0.0
19408,1,0.0
19409,2,0.0
19410,2,0.0
19411,1,0.0
19412,3,0.0
19413,1,0.0
19414,1,0.0
19415,52,0.0
19416,5,0.0
19417,2,0.0
19418,3,1.0
19419,3,0.0
19420,4,1.0
19421,1,0.0
19422,6,1.0
19423,16,0.0
19424,1,0.0
19425,2,0.0
19426,1,0.0
19427,2,0.0
19428,1,0.0
19429,56,0.0
19430,5,0.0
19431,2,0.0
19432,1,0.0
19433,1,0.0
19434,4,1.0
19435,5,0.0
19436,1,1.0
19437,15,0.0
19438,2,0.0
19439,1,0.0
19440,4,0.0
19441,8,1.0
19442,2,0.0
19443,1,0.0
19444,2,1.0
19445,1,0.0
19446,6,0.0
19447,1,0.0
19448,1,0.0
19449,1,0.0
19450,2,1.0
19451,1,1.0
19452,5,0.0
19453,1,0.0
19454,3,0.0
19455,2,0.0
19456,1,0.0
19457,2,1.0
19458,1,0.0
19459,2,1.0
19460,1,1.0
19461,1,0.0
19462,1,0.0
19463,3,1.0
19464,1,0.0
19465,1,0.0
19466,1,0.0
19467,1,0.0
19468,5,1.0
19469,1,1.0
19470,1,0.0
19471,5,0.0
19472,5,0.0
19473,2,1.0
19474,6,0.0
19475,1,1.0
19476,2,0.0
19477,1,0.0
19478,1,0.0
19479,3,0.0
19480,3,1.0
19481,1,1.0
19482,3,0.0
19483,1,0.0
19484,1,1.0
19485,2,0.0
19486,3,0.0
19487,1,0.0
19488,1,0.0
19489,1,0.0
19490,2,0.0
19491,11,0.0
19492,4,1.0
19493,1,0.0
19494,1,0.0
19495,4,1.0
19496,3,0.0
19497,2,0.0
19498,2,1.0
19499,2,0.0
19500,2,0.0
19501,4,0.0
19502,3,0.0
19503,1,0.0
19504,4,0.0
19505,25,0.0
19506,2,0.0
19507,2,1.0
19508,2,0.0
19509,3,1.0
19510,1,0.0
19511,3,0.0
19512,2,0.0
19513,1,0.0
19514,3,1.0
19515,2,1.0
19516,2,0.0
19517,5,0.0
19518,1,0.0
19519,1,0.0
19520,1,1.0
19521,1,0.0
19522,1,0.0
19523,1,1.0
19524,1,1.0
19525,6,1.0
19526,1,0.0
19527,1,0.0
19528,1,0.0
19529,3,1.0
19530,3,0.0
19531,1,0.0
19532,1,0.0
19533,3,0.0
19534,3,1.0
19535,4,0.0
19536,6,0.0
19537,5,0.0
19538,2,0.0
19539,3,0.0
19540,1,1.0
19541,1,0.0
19542,3,1.0
19543,1,1.0
19544,1,0.0
19545,2,1.0
19546,6,0.0
19547,2,0.0
19548,1,0.0
19549,1,0.0
19550,1,0.0
19551,3,1.0
19552,1,0.0
19553,1,0.0
19554,1,0.0
19555,1,0.0
19556,3,0.0
19557,2,0.0
19558,1,0.0
19559,2,0.0
19560,2,0.0
19561,1,0.0
19562,1,0.0
19563,5,0.0
19564,2,0.0
19565,1,0.0
19566,3,0.0
19567,1,0.0
19568,5,0.0
19569,1,0.0
19570,2,0.0
19571,1,0.0
19572,8,0.0
19573,1,1.0
19574,2,0.0
19575,2,0.0
19576,4,1.0
19577,4,1.0
19578,1,0.0
19579,1,0.0
19580,1,1.0
19581,1,0.0
19582,1,0.0
19583,3,1.0
19584,4,0.0
19585,1,0.0
19586,6,0.0
19587,2,1.0
19588,8,1.0
19589,57,0.0
19590,5,1.0
19591,2,1.0
19592,1,0.0
19593,1,0.0
19594,7,0.0
19595,3,1.0
19596,2,1.0
19597,3,0.0
19598,2,0.0
19599,4,1.0
19600,2,0.0
19601,1,1.0
19602,1,0.0
19603,2,0.0
19604,4,1.0
19605,4,1.0
19606,1,0.0
19607,2,0.0
19608,2,1.0
19609,3,0.0
19610,1,0.0
19611,1,0.0
19612,2,0.0
19613,4,0.0
19614,6,1.0
19615,1,0.0
19616,1,0.0
19617,1,0.0
19618,1,0.0
19619,4,0.0
19620,3,1.0
19621,1,1.0
19622,2,0.0
19623,29,0.0
19624,3,1.0
19625,5,0.0
19626,9,0.0
19627,3,0.0
19628,4,1.0
19629,1,1.0
19630,1,0.0
19631,2,0.0
19632,35,0.0
19633,1,0.0
19634,1,0.0
19635,1,0.0
19636,1,0.0
19637,3,0.0
19638,8,0.0
19639,5,0.0
19640,2,1.0
19641,5,0.0
19642,2,0.0
19643,2,0.0
19644,3,0.0
19645,3,0.0
19646,4,1.0
19647,9,0.0
19648,1,0.0
19649,1,0.0
19650,1,0.0
19651,2,1.0
19652,1,0.0
19653,4,0.0
19654,1,0.0
19655,1,0.0
19656,1,1.0
19657,1,1.0
19658,1,0.0
19659,2,0.0
19660,2,0.0
19661,1,0.0
19662,2,1.0
19663,3,1.0
19664,1,1.0
19665,2,1.0
19666,5,0.0
19667,1,1.0
19668,2,1.0
19669,2,1.0
19670,1,0.0
19671,2,0.0
19672,28,1.0
19673,6,0.0
19674,1,0.0
19675,3,0.0
19676,3,0.0
19677,1,0.0
19678,6,1.0
19679,1,1.0
19680,32,0.0
19681,1,0.0
19682,2,0.0
19683,46,0.0
19684,2,1.0
19685,1,0.0
19686,2,0.0
19687,7,1.0
19688,1,0.0
19689,2,1.0
19690,1,1.0
19691,7,0.0
19692,3,0.0
19693,1,1.0
19694,4,1.0
19695,2,0.0
19696,2,0.0
19697,1,0.0
19698,2,0.0
19699,6,0.0
19700,1,1.0
19701,2,0.0
19702,2,1.0
19703,2,0.0
19704,1,0.0
19705,3,0.0
19706,1,0.0
19707,5,0.0
19708,3,0.0
19709,3,1.0
19710,3,0.0
19711,56,0.0
19712,1,0.0
19713,1,0.0
19714,3,1.0
19715,1,1.0
19716,2,0.0
19717,2,1.0
19718,3,0.0
19719,1,0.0
19720,1,0.0
19721,5,0.0
19722,2,0.0
19723,4,0.0
19724,1,0.0
19725,4,0.0
19726,2,0.0
19727,5,0.0
19728,1,0.0
19729,5,0.0
19730,2,1.0
19731,3,0.0
19732,1,1.0
19733,1,0.0
19734,1,0.0
19735,1,0.0
19736,1,0.0
19737,1,0.0
19738,3,0.0
19739,1,0.0
19740,6,0.0
19741,2,0.0
19742,2,0.0
19743,2,0.0
19744,3,0.0
19745,1,0.0
19746,1,1.0
19747,54,0.0
19748,2,0.0
19749,2,0.0
19750,1,0.0
19751,1,0.0
19752,5,0.0
19753,5,0.0
19754,4,0.0
19755,1,0.0
19756,1,0.0
19757,4,0.0
19758,1,0.0
19759,8,0.0
19760,1,0.0
19761,1,0.0
19762,2,0.0
19763,2,0.0
19764,1,0.0
19765,8,1.0
19766,2,0.0
19767,2,0.0
19768,1,0.0
19769,3,1.0
19770,2,0.0
19771,1,0.0
19772,7,0.0
19773,2,0.0
19774,1,0.0
19775,1,0.0
19776,1,1.0
19777,1,0.0
19778,6,0.0
19779,1,0.0
19780,4,0.0
19781,1,1.0
19782,1,0.0
19783,9,0.0
19784,2,0.0
19785,1,0.0
19786,60,0.0
19787,3,0.0
19788,1,1.0
19789,1,0.0
19790,1,0.0
19791,1,0.0
19792,2,0.0
19793,2,1.0
19794,2,0.0
19795,2,0.0
19796,2,0.0
19797,7,1.0
19798,1,0.0
19799,2,0.0
19800,4,1.0
19801,2,0.0
19802,2,0.0
19803,3,1.0
19804,4,0.0
19805,3,0.0
19806,3,1.0
19807,2,0.0
19808,2,0.0
19809,36,0.0
19810,2,0.0
19811,56,0.0
19812,1,0.0
19813,2,0.0
19814,1,0.0
19815,1,0.0
19816,1,0.0
19817,1,0.0
19818,2,1.0
19819,2,1.0
19820,1,0.0
19821,1,0.0
19822,2,0.0
19823,1,0.0
19824,5,0.0
19825,1,1.0
19826,2,0.0
19827,1,0.0
19828,1,0.0
19829,1,0.0
19830,1,0.0
19831,1,0.0
19832,1,0.0
19833,1,0.0
19834,1,0.0
19835,1,0.0
19836,1,0.0
19837,2,0.0
19838,2,0.0
19839,3,0.0
19840,1,1.0
19841,2,1.0
19842,5,0.0
19843,1,1.0
19844,1,0.0
19845,2,0.0
19846,14,0.0
19847,3,0.0
19848,1,0.0
19849,1,0.0
19850,2,1.0
19851,2,1.0
19852,7,0.0
19853,3,1.0
19854,1,0.0
19855,2,0.0
19856,5,0.0
19857,2,1.0
19858,3,0.0
19859,1,0.0
19860,1,1.0
19861,2,0.0
19862,1,0.0
19863,3,1.0
19864,2,0.0
19865,4,0.0
19866,1,0.0
19867,3,0.0
19868,1,0.0
19869,2,1.0
19870,2,0.0
19871,2,1.0
19872,1,0.0
19873,3,1.0
19874,1,0.0
19875,1,0.0
19876,2,0.0
19877,1,1.0
19878,1,0.0
19879,3,1.0
19880,1,1.0
19881,2,1.0
19882,4,1.0
19883,1,0.0
19884,1,0.0
19885,47,0.0
19886,1,0.0
19887,4,1.0
19888,1,0.0
19889,2,1.0
19890,4,1.0
19891,5,0.0
19892,5,0.0
19893,1,1.0
19894,1,0.0
19895,13,0.0
19896,2,0.0
19897,3,1.0
19898,2,0.0
19899,2,0.0
19900,1,0.0
19901,1,1.0
19902,4,1.0
19903,2,0.0
19904,1,1.0
19905,1,0.0
19906,1,0.0
19907,5,0.0
19908,1,0.0
19909,3,1.0
19910,1,0.0
19911,5,0.0
19912,1,0.0
19913,2,0.0
19914,2,1.0
19915,1,0.0
19916,17,0.0
19917,1,0.0
19918,3,1.0
19919,1,0.0
19920,1,0.0
19921,1,0.0
19922,3,0.0
19923,1,0.0
19924,3,0.0
19925,6,0.0
19926,1,0.0
19927,2,0.0
19928,1,0.0
19929,1,1.0
19930,2,0.0
19931,1,1.0
19932,3,1.0
19933,4,1.0
19934,1,0.0
19935,1,0.0
19936,4,0.0
19937,1,1.0
19938,4,1.0
19939,1,0.0
19940,3,1.0
19941,3,1.0
19942,2,0.0
19943,1,0.0
19944,1,0.0
19945,3,1.0
19946,1,0.0
19947,1,0.0
19948,2,0.0
19949,1,0.0
19950,2,0.0
19951,33,0.0
19952,3,1.0
19953,1,0.0
19954,5,0.0
19955,4,0.0
19956,1,0.0
19957,7,0.0
19958,1,0.0
19959,1,0.0
19960,2,0.0
19961,28,0.0
19962,1,1.0
19963,4,1.0
19964,1,0.0
19965,1,0.0
19966,2,0.0
19967,1,0.0
19968,1,1.0
19969,1,0.0
19970,1,0.0
19971,4,0.0
19972,3,0.0
19973,6,0.0
19974,2,1.0
19975,1,0.0
19976,1,1.0
19977,1,0.0
19978,2,0.0
19979,1,0.0
19980,4,1.0
19981,4,1.0
19982,34,0.0
19983,1,0.0
19984,6,0.0
19985,9,1.0
19986,1,0.0
19987,2,0.0
19988,2,1.0
19989,5,1.0
19990,57,0.0
19991,2,0.0
19992,1,0.0
19993,1,0.0
19994,2,0.0
19995,1,0.0
19996,2,1.0
19997,1,0.0
19998,1,0.0
19999,3,0.0
20000,49,0.0
20001,4,0.0
20002,1,0.0
20003,1,0.0
20004,1,0.0
20005,1,1.0
20006,1,0.0
20007,2,0.0
20008,3,0.0
20009,1,0.0
20010,6,0.0
20011,3,1.0
20012,2,0.0
20013,8,1.0
20014,15,0.0
20015,2,0.0
20016,1,0.0
20017,5,0.0
20018,1,0.0
20019,1,0.0
20020,1,0.0
20021,1,0.0
20022,1,0.0
20023,4,0.0
20024,1,0.0
20025,2,0.0
20026,2,0.0
20027,4,1.0
20028,1,0.0
20029,5,0.0
20030,2,0.0
20031,6,0.0
20032,2,1.0
20033,1,0.0
20034,2,0.0
20035,3,1.0
20036,3,1.0
20037,2,0.0
20038,1,0.0
20039,4,0.0
20040,1,1.0
20041,3,1.0
20042,3,0.0
20043,1,0.0
20044,5,1.0
20045,1,1.0
20046,1,1.0
20047,2,0.0
20048,2,0.0
20049,2,1.0
20050,4,1.0
20051,2,0.0
20052,1,0.0
20053,1,0.0
20054,1,1.0
20055,57,0.0
20056,24,0.0
20057,4,0.0
20058,2,0.0
20059,5,0.0
20060,2,0.0
20061,3,1.0
20062,2,0.0
20063,6,1.0
20064,6,0.0
20065,2,0.0
20066,1,0.0
20067,5,0.0
20068,2,1.0
20069,1,0.0
20070,3,0.0
20071,1,0.0
20072,2,0.0
20073,4,1.0
20074,2,1.0
20075,1,0.0
20076,4,1.0
20077,1,1.0
20078,2,1.0
20079,1,0.0
20080,5,0.0
20081,2,0.0
20082,1,0.0
20083,3,1.0
20084,1,0.0
20085,4,1.0
20086,1,0.0
20087,1,0.0
20088,2,1.0
20089,2,0.0
20090,1,0.0
20091,1,0.0
20092,1,1.0
20093,1,1.0
20094,1,0.0
20095,1,1.0
20096,5,0.0
20097,1,0.0
20098,1,0.0
20099,2,0.0
20100,3,0.0
20101,2,1.0
20102,1,0.0
20103,1,0.0
20104,3,1.0
20105,3,0.0
20106,1,0.0
20107,19,0.0
20108,11,0.0
20109,1,1.0
20110,2,0.0
20111,1,0.0
20112,3,0.0
20113,2,0.0
20114,1,0.0
20115,1,0.0
20116,1,0.0
20117,1,0.0
20118,53,0.0
20119,2,0.0
20120,1,0.0
20121,57,1.0
20122,3,0.0
20123,3,0.0
20124,4,0.0
20125,2,0.0
20126,38,0.0
20127,1,0.0
20128,1,1.0
20129,1,0.0
20130,1,0.0
20131,1,0.0
20132,2,0.0
20133,3,1.0
20134,2,0.0
20135,2,1.0
20136,3,0.0
20137,3,1.0
20138,1,0.0
20139,15,1.0
20140,1,1.0
20141,1,1.0
20142,2,1.0
20143,6,0.0
20144,2,1.0
20145,4,0.0
20146,2,0.0
20147,3,0.0
20148,1,0.0
20149,3,0.0
20150,1,0.0
20151,3,1.0
20152,1,0.0
20153,6,0.0
20154,4,0.0
20155,5,0.0
20156,28,0.0
20157,2,0.0
20158,3,1.0
20159,1,0.0
20160,4,1.0
20161,2,1.0
20162,3,0.0
20163,1,0.0
20164,3,0.0
20165,2,0.0
20166,2,1.0
20167,2,1.0
20168,1,0.0
20169,1,0.0
20170,2,0.0
20171,2,0.0
20172,1,0.0
20173,3,1.0
20174,1,0.0
20175,2,0.0
20176,1,0.0
20177,9,1.0
20178,2,1.0
20179,1,0.0
20180,2,1.0
20181,6,0.0
20182,2,0.0
20183,2,0.0
20184,5,0.0
20185,2,0.0
20186,5,0.0
20187,4,0.0
20188,4,0.0
20189,3,1.0
20190,2,0.0
20191,1,0.0
20192,1,0.0
20193,5,0.0
20194,2,1.0
20195,1,0.0
20196,3,0.0
20197,12,1.0
20198,1,0.0
20199,2,0.0
20200,6,1.0
20201,1,0.0
20202,2,0.0
20203,3,0.0
20204,10,1.0
20205,1,0.0
20206,1,1.0
20207,2,0.0
20208,1,0.0
20209,1,0.0
20210,1,0.0
20211,1,0.0
20212,1,0.0
20213,1,1.0
20214,1,0.0
20215,2,0.0
20216,57,1.0
20217,1,0.0
20218,1,1.0
20219,1,0.0
20220,3,1.0
20221,2,0.0
20222,1,0.0
20223,1,0.0
20224,1,0.0
20225,3,1.0
20226,2,0.0
20227,1,0.0
20228,2,0.0
20229,1,1.0
20230,1,0.0
20231,1,0.0
20232,2,0.0
20233,1,0.0
20234,3,0.0
20235,5,0.0
20236,2,0.0
20237,1,0.0
20238,1,0.0
20239,2,0.0
20240,1,0.0
20241,3,0.0
20242,1,1.0
20243,2,1.0
20244,3,0.0
20245,2,0.0
20246,1,0.0
20247,3,1.0
20248,2,0.0
20249,4,0.0
20250,1,0.0
20251,1,1.0
20252,1,0.0
20253,5,0.0
20254,1,0.0
20255,1,0.0
20256,1,0.0
20257,1,0.0
20258,5,0.0
20259,3,1.0
20260,2,0.0
20261,1,0.0
20262,1,1.0
20263,2,1.0
20264,3,1.0
20265,12,1.0
20266,5,0.0
20267,6,0.0
20268,2,1.0
20269,2,0.0
20270,1,0.0
20271,2,0.0
20272,1,0.0
20273,1,0.0
20274,5,0.0
20275,1,0.0
20276,6,0.0
20277,1,0.0
20278,1,0.0
20279,2,0.0
20280,24,0.0
20281,1,0.0
20282,2,0.0
20283,1,0.0
20284,2,0.0
20285,2,1.0
20286,1,0.0
20287,3,0.0
20288,3,0.0
20289,5,0.0
20290,2,0.0
20291,2,0.0
20292,2,1.0
20293,2,0.0
20294,5,0.0
20295,1,0.0
20296,5,0.0
20297,4,0.0
20298,1,0.0
20299,1,0.0
20300,1,0.0
20301,1,1.0
20302,3,0.0
20303,1,0.0
20304,2,1.0
20305,3,0.0
20306,1,1.0
20307,2,0.0
20308,1,0.0
20309,1,0.0
20310,1,0.0
20311,2,0.0
20312,2,0.0
20313,4,1.0
20314,4,1.0
20315,1,0.0
20316,1,1.0
20317,4,1.0
20318,25,1.0
20319,1,0.0
20320,3,1.0
20321,1,1.0
20322,1,0.0
20323,3,0.0
20324,1,0.0
20325,1,0.0
20326,2,0.0
20327,3,1.0
20328,2,0.0
20329,1,0.0
20330,1,0.0
20331,1,1.0
20332,1,0.0
20333,1,1.0
20334,2,0.0
20335,1,0.0
20336,2,0.0
20337,2,0.0
20338,1,0.0
20339,1,0.0
20340,3,0.0
20341,1,1.0
20342,1,0.0
20343,3,0.0
20344,2,0.0
20345,1,0.0
20346,1,0.0
20347,3,1.0
20348,2,0.0
20349,1,0.0
20350,2,0.0
20351,1,1.0
20352,1,1.0
20353,1,1.0
20354,2,0.0
20355,3,0.0
20356,1,1.0
20357,1,0.0
20358,1,1.0
20359,1,0.0
20360,2,0.0
20361,1,0.0
20362,1,0.0
20363,2,0.0
20364,1,0.0
20365,2,1.0
20366,2,0.0
20367,1,0.0
20368,1,0.0
20369,1,0.0
20370,2,0.0
20371,2,0.0
20372,2,0.0
20373,1,0.0
20374,1,0.0
20375,5,0.0
20376,1,0.0
20377,3,0.0
20378,1,1.0
20379,2,1.0
20380,2,1.0
20381,1,1.0
20382,1,0.0
20383,2,0.0
20384,5,0.0
20385,1,1.0
20386,2,1.0
20387,48,0.0
20388,3,1.0
20389,2,0.0
20390,1,0.0
20391,47,0.0
20392,2,1.0
20393,1,0.0
20394,6,0.0
20395,2,0.0
20396,1,0.0
20397,2,0.0
20398,1,0.0
20399,3,1.0
20400,5,0.0
20401,2,0.0
20402,1,1.0
20403,5,1.0
20404,5,0.0
20405,1,0.0
20406,20,1.0
20407,1,0.0
20408,1,0.0
20409,5,0.0
20410,4,1.0
20411,1,0.0
20412,1,0.0
20413,5,0.0
20414,2,0.0
20415,1,0.0
20416,1,0.0
20417,3,1.0
20418,2,0.0
20419,2,1.0
20420,2,0.0
20421,2,0.0
20422,3,0.0
20423,2,1.0
20424,1,0.0
20425,5,0.0
20426,4,0.0
20427,2,1.0
20428,2,1.0
20429,1,0.0
20430,6,0.0
20431,4,0.0
20432,2,1.0
20433,4,0.0
20434,2,0.0
20435,2,0.0
20436,2,0.0
20437,1,1.0
20438,2,0.0
20439,4,0.0
20440,2,1.0
20441,5,0.0
20442,2,0.0
20443,1,0.0
20444,2,0.0
20445,2,1.0
20446,3,0.0
20447,6,0.0
20448,2,1.0
20449,2,0.0
20450,1,0.0
20451,3,0.0
20452,5,0.0
20453,1,1.0
20454,1,0.0
20455,3,0.0
20456,2,1.0
20457,1,0.0
20458,2,1.0
20459,3,0.0
20460,4,1.0
20461,2,0.0
20462,39,0.0
20463,1,0.0
20464,1,1.0
20465,3,0.0
20466,1,0.0
20467,2,0.0
20468,53,0.0
20469,2,0.0
20470,42,0.0
20471,46,0.0
20472,25,1.0
20473,1,0.0
20474,1,0.0
20475,1,0.0
20476,2,1.0
20477,1,1.0
20478,10,0.0
20479,5,0.0
20480,2,0.0
20481,1,0.0
20482,2,1.0
20483,4,1.0
20484,1,0.0
20485,1,1.0
20486,2,0.0
20487,2,0.0
20488,2,0.0
20489,3,0.0
20490,2,0.0
20491,2,0.0
20492,5,0.0
20493,1,0.0
20494,1,1.0
20495,1,0.0
20496,3,1.0
20497,1,0.0
20498,1,0.0
20499,3,0.0
20500,2,0.0
20501,1,0.0
20502,1,1.0
20503,2,0.0
20504,1,0.0
20505,1,0.0
20506,2,0.0
20507,2,0.0
20508,4,0.0
20509,2,0.0
20510,6,0.0
20511,2,0.0
20512,2,0.0
20513,31,0.0
20514,1,1.0
20515,2,0.0
20516,3,0.0
20517,2,0.0
20518,1,0.0
20519,2,0.0
20520,7,1.0
20521,1,1.0
20522,1,1.0
20523,2,0.0
20524,23,0.0
20525,4,0.0
20526,2,1.0
20527,2,1.0
20528,8,1.0
20529,4,0.0
20530,2,1.0
20531,5,0.0
20532,2,0.0
20533,2,0.0
20534,3,1.0
20535,1,0.0
20536,1,0.0
20537,2,0.0
20538,10,1.0
20539,1,0.0
20540,1,1.0
20541,27,1.0
20542,1,0.0
20543,1,0.0
20544,1,1.0
20545,1,0.0
20546,6,0.0
20547,1,0.0
20548,1,0.0
20549,3,0.0
20550,1,0.0
20551,1,0.0
20552,1,0.0
20553,2,0.0
20554,2,0.0
20555,2,0.0
20556,5,0.0
20557,1,0.0
20558,1,0.0
20559,3,0.0
20560,1,0.0
20561,6,0.0
20562,4,1.0
20563,2,1.0
20564,16,1.0
20565,1,0.0
20566,1,0.0
20567,1,0.0
20568,2,0.0
20569,1,0.0
20570,3,1.0
20571,1,0.0
20572,4,1.0
20573,1,0.0
20574,4,1.0
20575,2,0.0
20576,4,1.0
20577,4,0.0
20578,1,0.0
20579,9,0.0
20580,1,0.0
20581,4,0.0
20582,1,0.0
20583,2,0.0
20584,3,0.0
20585,3,0.0
20586,7,0.0
20587,2,1.0
20588,5,0.0
20589,2,0.0
20590,1,0.0
20591,2,0.0
20592,3,0.0
20593,1,0.0
20594,2,0.0
20595,1,1.0
20596,1,0.0
20597,1,0.0
20598,2,0.0
20599,2,0.0
20600,1,0.0
20601,1,0.0
20602,6,0.0
20603,1,0.0
20604,2,1.0
20605,2,1.0
20606,8,1.0
20607,2,0.0
20608,1,0.0
20609,12,1.0
20610,14,0.0
20611,4,0.0
20612,1,1.0
20613,1,1.0
20614,23,0.0
20615,2,0.0
20616,2,0.0
20617,6,0.0
20618,4,1.0
20619,1,0.0
20620,2,0.0
20621,1,0.0
20622,4,1.0
20623,3,0.0
20624,3,0.0
20625,1,0.0
20626,1,0.0
20627,22,0.0
20628,2,0.0
20629,2,0.0
20630,2,0.0
20631,3,0.0
20632,3,1.0
20633,1,0.0
20634,2,0.0
20635,2,0.0
20636,1,0.0
20637,4,1.0
20638,1,1.0
20639,1,0.0
20640,3,1.0
20641,1,0.0
20642,2,1.0
20643,1,1.0
20644,4,0.0
20645,2,0.0
20646,3,0.0
20647,8,1.0
20648,1,0.0
20649,1,1.0
20650,6,0.0
20651,2,0.0
20652,1,0.0
20653,1,0.0
20654,4,1.0
20655,3,1.0
20656,1,0.0
20657,1,0.0
20658,1,1.0
20659,1,0.0
20660,1,0.0
20661,1,0.0
20662,1,0.0
20663,2,0.0
20664,13,0.0
20665,4,1.0
20666,5,0.0
20667,1,1.0
20668,1,0.0
20669,3,1.0
20670,26,1.0
20671,2,0.0
20672,3,0.0
20673,2,0.0
20674,3,1.0
20675,2,0.0
20676,4,1.0
20677,3,1.0
20678,2,0.0
20679,1,0.0
20680,2,0.0
20681,1,0.0
20682,1,0.0
20683,1,0.0
20684,1,0.0
20685,6,0.0
20686,1,0.0
20687,2,0.0
20688,1,0.0
20689,2,0.0
20690,2,0.0
20691,3,0.0
20692,1,0.0
20693,2,1.0
20694,1,0.0
20695,1,0.0
20696,2,1.0
20697,3,0.0
20698,2,0.0
20699,7,0.0
20700,2,1.0
20701,11,0.0
20702,3,0.0
20703,1,0.0
20704,2,0.0
20705,2,0.0
20706,3,0.0
20707,1,0.0
20708,2,1.0
20709,1,1.0
20710,1,0.0
20711,1,0.0
20712,4,0.0
20713,4,1.0
20714,1,1.0
20715,1,0.0
20716,2,0.0
20717,5,0.0
20718,4,0.0
20719,1,0.0
20720,2,0.0
20721,1,0.0
20722,1,0.0
20723,4,0.0
20724,1,0.0
20725,1,0.0
20726,4,0.0
20727,3,0.0
20728,1,1.0
20729,3,1.0
20730,2,1.0
20731,2,0.0
20732,1,1.0
20733,1,0.0
20734,2,1.0
20735,7,0.0
20736,2,0.0
20737,3,1.0
20738,1,1.0
20739,1,0.0
20740,2,0.0
20741,1,0.0
20742,4,0.0
20743,19,1.0
20744,1,0.0
20745,1,1.0
20746,4,1.0
20747,1,0.0
20748,1,0.0
20749,2,0.0
20750,1,0.0
20751,1,0.0
20752,1,0.0
20753,1,1.0
20754,1,0.0
20755,2,1.0
20756,4,0.0
20757,6,0.0
20758,4,0.0
20759,1,1.0
20760,4,1.0
20761,2,0.0
20762,1,1.0
20763,3,0.0
20764,2,1.0
20765,3,0.0
20766,1,0.0
20767,2,0.0
20768,3,0.0
20769,3,0.0
20770,5,0.0
20771,2,0.0
20772,4,0.0
20773,1,1.0
20774,1,0.0
20775,45,0.0
20776,1,0.0
20777,2,0.0
20778,1,0.0
20779,1,1.0
20780,1,0.0
20781,1,0.0
20782,4,0.0
20783,4,0.0
20784,5,0.0
20785,6,0.0
20786,37,0.0
20787,1,0.0
20788,1,1.0
20789,5,0.0
20790,6,0.0
20791,1,1.0
20792,2,1.0
20793,1,0.0
20794,1,1.0
20795,1,0.0
20796,6,0.0
20797,1,0.0
20798,1,1.0
20799,4,0.0
20800,2,0.0
20801,1,1.0
20802,3,0.0
20803,1,0.0
20804,2,1.0
20805,1,0.0
20806,1,0.0
20807,3,1.0
20808,1,0.0
20809,3,1.0
20810,1,0.0
20811,2,0.0
20812,19,0.0
20813,2,0.0
20814,3,1.0
20815,1,0.0
20816,6,0.0
20817,4,0.0
20818,6,0.0
20819,2,1.0
20820,4,1.0
20821,3,0.0
20822,3,0.0
20823,2,0.0
20824,3,1.0
20825,3,0.0
20826,2,1.0
20827,1,0.0
20828,1,0.0
20829,4,0.0
20830,15,1.0
20831,14,0.0
20832,2,0.0
20833,1,1.0
20834,2,0.0
20835,2,0.0
20836,2,0.0
20837,2,0.0
20838,5,0.0
20839,2,0.0
20840,1,0.0
20841,2,1.0
20842,1,0.0
20843,7,0.0
20844,3,0.0
20845,2,1.0
20846,3,0.0
20847,3,0.0
20848,2,0.0
20849,1,1.0
20850,2,1.0
20851,3,0.0
20852,3,1.0
20853,4,0.0
20854,1,0.0
20855,5,0.0
20856,1,0.0
20857,1,0.0
20858,1,0.0
20859,1,0.0
20860,1,0.0
20861,1,0.0
20862,5,0.0
20863,1,0.0
20864,1,0.0
20865,2,0.0
20866,1,0.0
20867,2,1.0
20868,3,0.0
20869,2,1.0
20870,3,1.0
20871,11,0.0
20872,2,0.0
20873,3,1.0
20874,1,0.0
20875,2,0.0
20876,1,0.0
20877,2,1.0
20878,1,0.0
20879,1,0.0
20880,1,0.0
20881,2,1.0
20882,1,0.0
20883,1,0.0
20884,2,1.0
20885,10,1.0
20886,2,0.0
20887,3,0.0
20888,2,0.0
20889,1,0.0
20890,3,0.0
20891,4,1.0
20892,1,1.0
20893,8,1.0
20894,1,1.0
20895,14,1.0
20896,1,1.0
20897,11,1.0
20898,1,1.0
20899,33,0.0
20900,1,0.0
20901,5,0.0
20902,2,1.0
20903,1,0.0
20904,1,0.0
20905,8,1.0
20906,1,0.0
20907,45,0.0
20908,2,0.0
20909,35,0.0
20910,3,0.0
20911,1,0.0
20912,1,1.0
20913,1,1.0
20914,1,0.0
20915,8,0.0
20916,2,0.0
20917,3,0.0
20918,2,0.0
20919,1,0.0
20920,1,0.0
20921,2,0.0
20922,1,0.0
20923,2,0.0
20924,3,0.0
20925,3,1.0
20926,1,1.0
20927,2,0.0
20928,1,0.0
20929,4,1.0
20930,2,1.0
20931,34,1.0
20932,7,0.0
20933,3,0.0
20934,1,0.0
20935,1,0.0
20936,1,0.0
20937,2,1.0
20938,2,0.0
20939,3,1.0
20940,4,1.0
20941,2,0.0
20942,1,0.0
20943,1,1.0
20944,5,0.0
20945,4,0.0
20946,3,0.0
20947,2,0.0
20948,6,0.0
20949,1,0.0
20950,1,0.0
20951,1,1.0
20952,5,0.0
20953,1,0.0
20954,3,0.0
20955,1,0.0
20956,1,0.0
20957,3,1.0
20958,1,0.0
20959,1,1.0
20960,1,0.0
20961,3,0.0
20962,1,0.0
20963,5,0.0
20964,1,0.0
20965,2,0.0
20966,3,0.0
20967,2,0.0
20968,2,1.0
20969,1,0.0
20970,1,1.0
20971,5,0.0
20972,2,1.0
20973,1,0.0
20974,2,0.0
20975,2,0.0
20976,2,1.0
20977,1,1.0
20978,2,0.0
20979,2,0.0
20980,1,1.0
20981,2,0.0
20982,2,0.0
20983,3,1.0
20984,4,1.0
20985,2,1.0
20986,2,1.0
20987,2,0.0
20988,20,1.0
20989,4,1.0
20990,22,1.0
20991,2,0.0
20992,1,0.0
20993,1,1.0
20994,1,0.0
20995,2,0.0
20996,5,0.0
20997,11,0.0
20998,2,0.0
20999,3,0.0
21000,7,0.0
21001,2,0.0
21002,2,0.0
21003,1,0.0
21004,1,0.0
21005,5,0.0
21006,2,1.0
21007,2,0.0
21008,1,0.0
21009,2,0.0
21010,2,0.0
21011,1,0.0
21012,1,1.0
21013,8,0.0
21014,1,0.0
21015,15,0.0
21016,1,0.0
21017,2,0.0
21018,2,0.0
21019,1,0.0
21020,3,1.0
21021,1,0.0
21022,4,0.0
21023,6,0.0
21024,2,0.0
21025,1,0.0
21026,33,0.0
21027,1,0.0
21028,1,0.0
21029,1,0.0
21030,1,1.0
21031,5,0.0
21032,2,0.0
21033,1,0.0
21034,3,1.0
21035,2,0.0
21036,1,0.0
21037,5,0.0
21038,3,1.0
21039,2,1.0
21040,5,0.0
21041,3,1.0
21042,5,1.0
21043,5,0.0
21044,1,1.0
21045,20,0.0
21046,2,0.0
21047,6,1.0
21048,2,0.0
21049,1,1.0
21050,1,0.0
21051,1,0.0
21052,8,1.0
21053,1,0.0
21054,1,0.0
21055,1,0.0
21056,1,0.0
21057,1,1.0
21058,2,1.0
21059,1,0.0
21060,1,1.0
21061,2,0.0
21062,4,0.0
21063,1,0.0
21064,1,0.0
21065,1,0.0
21066,3,0.0
21067,3,1.0
21068,4,0.0
21069,3,0.0
21070,1,0.0
21071,1,1.0
21072,2,0.0
21073,2,1.0
21074,1,0.0
21075,16,0.0
21076,2,1.0
21077,1,0.0
21078,4,0.0
21079,1,0.0
21080,1,0.0
21081,2,0.0
21082,1,0.0
21083,2,0.0
21084,1,0.0
21085,2,0.0
21086,1,1.0
21087,2,0.0
21088,7,0.0
21089,1,0.0
21090,8,0.0
21091,4,0.0
21092,1,1.0
21093,2,0.0
21094,1,0.0
21095,3,1.0
21096,2,0.0
21097,1,0.0
21098,3,1.0
21099,1,0.0
21100,3,1.0
21101,2,0.0
21102,1,0.0
21103,2,1.0
21104,4,1.0
21105,1,1.0
21106,2,0.0
21107,3,1.0
21108,1,0.0
21109,3,0.0
21110,1,0.0
21111,29,1.0
21112,3,1.0
21113,7,0.0
21114,1,1.0
21115,1,0.0
21116,1,0.0
21117,5,0.0
21118,2,0.0
21119,1,0.0
21120,1,0.0
21121,2,1.0
21122,4,0.0
21123,1,0.0
21124,46,0.0
21125,1,0.0
21126,1,0.0
21127,3,0.0
21128,1,0.0
21129,2,0.0
21130,2,0.0
21131,4,0.0
21132,3,1.0
21133,5,0.0
21134,1,1.0
21135,1,0.0
21136,1,0.0
21137,2,0.0
21138,2,0.0
21139,2,0.0
21140,1,0.0
21141,6,0.0
21142,1,0.0
21143,1,0.0
21144,2,0.0
21145,1,0.0
21146,3,0.0
21147,2,0.0
21148,1,1.0
21149,47,0.0
21150,6,0.0
21151,5,0.0
21152,1,0.0
21153,2,0.0
21154,1,0.0
21155,1,0.0
21156,1,0.0
21157,1,0.0
21158,1,1.0
21159,2,1.0
21160,4,1.0
21161,1,0.0
21162,2,0.0
21163,1,0.0
21164,2,0.0
21165,2,0.0
21166,1,0.0
21167,4,1.0
21168,4,1.0
21169,1,0.0
21170,1,0.0
21171,1,0.0
21172,1,0.0
21173,9,0.0
21174,1,0.0
21175,1,1.0
21176,1,1.0
21177,2,0.0
21178,1,1.0
21179,2,0.0
21180,2,1.0
21181,4,0.0
21182,46,0.0
21183,2,0.0
21184,3,0.0
21185,3,0.0
21186,1,1.0
21187,1,0.0
21188,2,0.0
21189,3,1.0
21190,2,1.0
21191,1,1.0
21192,2,0.0
21193,1,1.0
21194,10,0.0
21195,1,0.0
21196,3,1.0
21197,3,0.0
21198,1,1.0
21199,1,1.0
21200,2,1.0
21201,2,0.0
21202,2,0.0
21203,1,0.0
21204,3,1.0
21205,57,0.0
21206,5,0.0
21207,1,0.0
21208,2,0.0
21209,2,1.0
21210,1,0.0
21211,2,0.0
21212,1,1.0
21213,1,0.0
21214,1,0.0
21215,4,0.0
21216,2,0.0
21217,2,0.0
21218,1,0.0
21219,3,1.0
21220,2,0.0
21221,1,0.0
21222,1,1.0
21223,3,0.0
21224,5,0.0
21225,3,1.0
21226,4,0.0
21227,6,0.0
21228,6,0.0
21229,1,0.0
21230,1,0.0
21231,4,0.0
21232,3,0.0
21233,1,0.0
21234,2,0.0
21235,1,0.0
21236,2,0.0
21237,3,0.0
21238,1,0.0
21239,57,0.0
21240,3,0.0
21241,1,0.0
21242,4,1.0
21243,1,0.0
21244,1,0.0
21245,2,0.0
21246,4,0.0
21247,1,0.0
21248,1,0.0
21249,3,0.0
21250,1,0.0
21251,1,0.0
21252,2,1.0
21253,2,0.0
21254,2,0.0
21255,3,0.0
21256,1,1.0
21257,3,1.0
21258,1,1.0
21259,2,0.0
21260,8,0.0
21261,1,1.0
21262,6,0.0
21263,1,1.0
21264,1,0.0
21265,1,0.0
21266,6,0.0
21267,4,1.0
21268,1,1.0
21269,1,0.0
21270,8,0.0
21271,1,0.0
21272,2,1.0
21273,1,1.0
21274,4,0.0
21275,1,1.0
21276,3,0.0
21277,4,1.0
21278,2,1.0
21279,2,0.0
21280,1,0.0
21281,21,0.0
21282,2,1.0
21283,3,0.0
21284,1,0.0
21285,2,1.0
21286,1,0.0
21287,3,1.0
21288,3,1.0
21289,1,1.0
21290,1,0.0
21291,2,1.0
21292,47,0.0
21293,6,0.0
21294,4,0.0
21295,1,0.0
21296,1,0.0
21297,1,0.0
21298,3,1.0
21299,3,1.0
21300,1,0.0
21301,1,0.0
21302,1,0.0
21303,1,1.0
21304,3,0.0
21305,5,0.0
21306,4,0.0
21307,2,0.0
21308,1,0.0
21309,3,0.0
21310,4,1.0
21311,2,1.0
21312,1,0.0
21313,5,0.0
21314,1,0.0
21315,1,0.0
21316,2,0.0
21317,4,1.0
21318,1,0.0
21319,2,1.0
21320,5,0.0
21321,3,0.0
21322,4,0.0
21323,1,1.0
21324,2,0.0
21325,1,0.0
21326,3,1.0
21327,1,0.0
21328,1,0.0
21329,2,0.0
21330,7,0.0
21331,1,1.0
21332,2,0.0
21333,2,0.0
21334,2,1.0
21335,1,1.0
21336,1,0.0
21337,1,0.0
21338,2,0.0
21339,1,0.0
21340,2,0.0
21341,2,0.0
21342,1,0.0
21343,4,0.0
21344,40,0.0
21345,1,1.0
21346,5,0.0
21347,12,1.0
21348,19,0.0
21349,6,0.0
21350,2,0.0
21351,1,0.0
21352,1,1.0
21353,1,0.0
21354,13,0.0
21355,54,0.0
21356,2,0.0
21357,3,0.0
21358,3,0.0
21359,1,0.0
21360,8,0.0
21361,2,1.0
21362,5,0.0
21363,7,0.0
21364,1,0.0
21365,1,0.0
21366,8,1.0
21367,2,0.0
21368,1,0.0
21369,2,0.0
21370,4,0.0
21371,2,0.0
21372,1,0.0
21373,2,0.0
21374,2,1.0
21375,1,0.0
21376,3,0.0
21377,1,0.0
21378,3,1.0
21379,1,0.0
21380,1,0.0
21381,3,1.0
21382,2,0.0
21383,1,1.0
21384,3,0.0
21385,1,1.0
21386,2,0.0
21387,1,0.0
21388,3,0.0
21389,4,1.0
21390,3,0.0
21391,3,1.0
21392,3,0.0
21393,5,0.0
21394,3,1.0
21395,2,0.0
21396,3,0.0
21397,1,0.0
21398,3,1.0
21399,4,0.0
21400,2,0.0
21401,1,0.0
21402,2,0.0
21403,2,0.0
21404,4,1.0
21405,3,0.0
21406,2,1.0
21407,2,0.0
21408,1,0.0
21409,1,0.0
21410,1,0.0
21411,1,0.0
21412,5,0.0
21413,1,1.0
21414,6,0.0
21415,3,0.0
21416,1,0.0
21417,5,0.0
21418,1,0.0
21419,3,0.0
21420,6,0.0
21421,1,0.0
21422,3,0.0
21423,1,0.0
21424,5,0.0
21425,3,0.0
21426,5,1.0
21427,5,0.0
21428,1,0.0
21429,2,0.0
21430,3,0.0
21431,3,1.0
21432,1,1.0
21433,2,0.0
21434,1,1.0
21435,1,0.0
21436,1,1.0
21437,2,0.0
21438,1,1.0
21439,1,1.0
21440,4,1.0
21441,1,0.0
21442,5,0.0
21443,2,0.0
21444,1,0.0
21445,8,1.0
21446,1,1.0
21447,1,0.0
21448,1,0.0
21449,5,0.0
21450,1,0.0
21451,2,1.0
21452,2,1.0
21453,1,0.0
21454,11,1.0
21455,1,0.0
21456,1,1.0
21457,1,0.0
21458,1,0.0
21459,2,0.0
21460,1,0.0
21461,2,0.0
21462,1,0.0
21463,1,1.0
21464,2,0.0
21465,2,0.0
21466,2,0.0
21467,1,0.0
21468,1,1.0
21469,8,0.0
21470,2,1.0
21471,2,0.0
21472,3,1.0
21473,1,0.0
21474,1,0.0
21475,1,0.0
21476,3,0.0
21477,1,0.0
21478,1,0.0
21479,4,0.0
21480,3,0.0
21481,2,1.0
21482,3,0.0
21483,2,0.0
21484,1,0.0
21485,1,0.0
21486,1,0.0
21487,1,0.0
21488,1,0.0
21489,1,1.0
21490,1,0.0
21491,3,1.0
21492,2,0.0
21493,1,1.0
21494,5,0.0
21495,1,0.0
21496,1,0.0
21497,10,0.0
21498,1,0.0
21499,5,0.0
21500,2,0.0
21501,1,0.0
21502,1,0.0
21503,1,0.0
21504,2,0.0
21505,1,1.0
21506,27,0.0
21507,1,1.0
21508,1,0.0
21509,54,0.0
21510,1,1.0
21511,4,1.0
21512,1,0.0
21513,12,0.0
21514,2,1.0
21515,2,0.0
21516,3,0.0
21517,3,1.0
21518,3,1.0
21519,1,0.0
21520,3,0.0
21521,3,0.0
21522,5,0.0
21523,1,0.0
21524,5,0.0
21525,3,1.0
21526,1,0.0
21527,1,0.0
21528,4,1.0
21529,1,0.0
21530,6,0.0
21531,6,1.0
21532,1,0.0
21533,1,0.0
21534,7,0.0
21535,2,0.0
21536,1,0.0
21537,2,0.0
21538,2,0.0
21539,1,0.0
21540,2,0.0
21541,7,0.0
21542,2,1.0
21543,4,0.0
21544,1,1.0
21545,2,0.0
21546,2,0.0
21547,3,0.0
21548,34,0.0
21549,1,0.0
21550,1,0.0
21551,1,0.0
21552,1,0.0
21553,2,0.0
21554,1,0.0
21555,1,0.0
21556,3,0.0
21557,2,0.0
21558,1,0.0
21559,2,0.0
21560,2,1.0
21561,3,1.0
21562,4,1.0
21563,1,0.0
21564,1,0.0
21565,6,1.0
21566,3,0.0
21567,1,0.0
21568,2,1.0
21569,7,0.0
21570,3,0.0
21571,4,1.0
21572,2,0.0
21573,1,0.0
21574,1,0.0
21575,1,0.0
21576,1,1.0
21577,1,0.0
21578,3,0.0
21579,4,1.0
21580,33,0.0
21581,2,0.0
21582,1,0.0
21583,16,0.0
21584,2,0.0
21585,1,0.0
21586,2,0.0
21587,1,0.0
21588,9,1.0
21589,1,1.0
21590,2,0.0
21591,1,1.0
21592,3,0.0
21593,4,0.0
21594,2,0.0
21595,3,1.0
21596,2,0.0
21597,4,1.0
21598,1,1.0
21599,1,0.0
21600,2,1.0
21601,5,0.0
21602,1,0.0
21603,1,0.0
21604,2,0.0
21605,11,1.0
21606,1,0.0
21607,3,0.0
21608,4,0.0
21609,1,0.0
21610,1,0.0
21611,3,1.0
21612,2,0.0
21613,1,0.0
21614,3,0.0
21615,3,1.0
21616,1,0.0
21617,1,0.0
21618,2,0.0
21619,2,1.0
21620,2,0.0
21621,4,1.0
21622,1,1.0
21623,3,0.0
21624,7,0.0
21625,1,0.0
21626,1,0.0
21627,5,0.0
21628,1,1.0
21629,46,0.0
21630,1,0.0
21631,2,0.0
21632,4,0.0
21633,3,0.0
21634,37,0.0
21635,3,0.0
21636,43,0.0
21637,2,1.0
21638,1,0.0
21639,2,0.0
21640,1,1.0
21641,3,0.0
21642,8,1.0
21643,2,0.0
21644,2,0.0
21645,54,0.0
21646,4,0.0
21647,3,0.0
21648,2,0.0
21649,1,1.0
21650,1,0.0
21651,1,0.0
21652,5,0.0
21653,1,1.0
21654,1,1.0
21655,2,1.0
21656,3,0.0
21657,57,0.0
21658,3,1.0
21659,1,0.0
21660,1,0.0
21661,1,0.0
21662,1,0.0
21663,4,0.0
21664,7,0.0
21665,3,0.0
21666,1,0.0
21667,4,1.0
21668,9,0.0
21669,1,1.0
21670,1,0.0
21671,16,0.0
21672,1,0.0
21673,2,1.0
21674,4,0.0
21675,2,0.0
21676,1,0.0
21677,2,0.0
21678,8,0.0
21679,3,0.0
21680,3,0.0
21681,1,0.0
21682,2,0.0
21683,1,0.0
21684,2,0.0
21685,1,0.0
21686,4,1.0
21687,2,0.0
21688,2,0.0
21689,3,0.0
21690,2,0.0
21691,1,0.0
21692,1,0.0
21693,3,0.0
21694,4,1.0
21695,2,0.0
21696,35,0.0
21697,2,0.0
21698,2,1.0
21699,1,1.0
21700,1,0.0
21701,1,0.0
21702,1,0.0
21703,2,0.0
21704,1,1.0
21705,3,1.0
21706,2,0.0
21707,1,0.0
21708,3,0.0
21709,3,1.0
21710,2,0.0
21711,3,0.0
21712,7,0.0
21713,1,0.0
21714,4,0.0
21715,1,0.0
21716,2,0.0
21717,2,0.0
21718,3,0.0
21719,1,0.0
21720,1,0.0
21721,1,0.0
21722,4,0.0
21723,1,0.0
21724,6,0.0
21725,1,1.0
21726,24,1.0
21727,1,0.0
21728,2,0.0
21729,5,0.0
21730,1,0.0
21731,2,0.0
21732,1,0.0
21733,4,0.0
21734,1,0.0
21735,2,1.0
21736,2,0.0
21737,2,0.0
21738,59,0.0
21739,1,0.0
21740,6,0.0
21741,3,0.0
21742,1,0.0
21743,1,0.0
21744,3,1.0
21745,1,0.0
21746,1,0.0
21747,2,0.0
21748,3,1.0
21749,1,0.0
21750,2,1.0
21751,1,1.0
21752,3,0.0
21753,1,0.0
21754,3,0.0
21755,5,1.0
21756,6,0.0
21757,1,0.0
21758,2,0.0
21759,4,1.0
21760,1,0.0
21761,1,0.0
21762,1,0.0
21763,3,1.0
21764,56,0.0
21765,2,0.0
21766,1,0.0
21767,1,0.0
21768,4,0.0
21769,3,0.0
21770,1,0.0
21771,4,1.0
21772,2,0.0
21773,1,1.0
21774,1,0.0
21775,3,0.0
21776,1,0.0
21777,1,1.0
21778,5,1.0
21779,1,0.0
21780,2,0.0
21781,46,1.0
21782,1,0.0
21783,1,0.0
21784,1,0.0
21785,2,0.0
21786,1,0.0
21787,4,1.0
21788,1,1.0
21789,2,0.0
21790,1,0.0
21791,2,0.0
21792,1,0.0
21793,4,1.0
21794,6,0.0
21795,7,1.0
21796,2,0.0
21797,1,0.0
21798,1,0.0
21799,2,0.0
21800,3,1.0
21801,2,0.0
21802,2,0.0
21803,2,0.0
21804,1,0.0
21805,1,0.0
21806,3,1.0
21807,54,0.0
21808,6,0.0
21809,2,0.0
21810,1,0.0
21811,2,0.0
21812,3,0.0
21813,1,0.0
21814,3,0.0
21815,1,1.0
21816,59,0.0
21817,2,1.0
21818,3,0.0
21819,2,0.0
21820,2,1.0
21821,2,0.0
21822,1,0.0
21823,5,0.0
21824,2,0.0
21825,9,0.0
21826,3,0.0
21827,3,1.0
21828,7,0.0
21829,2,1.0
21830,1,0.0
21831,1,0.0
21832,7,0.0
21833,1,1.0
21834,5,0.0
21835,3,0.0
21836,3,0.0
21837,40,0.0
21838,1,0.0
21839,1,0.0
21840,2,0.0
21841,2,1.0
21842,1,0.0
21843,1,0.0
21844,4,0.0
21845,3,0.0
21846,4,1.0
21847,1,0.0
21848,4,0.0
21849,1,0.0
21850,1,0.0
21851,1,1.0
21852,2,0.0
21853,42,1.0
21854,2,1.0
21855,1,1.0
21856,2,0.0
21857,1,0.0
21858,1,1.0
21859,1,0.0
21860,2,1.0
21861,1,0.0
21862,1,1.0
21863,2,1.0
21864,5,0.0
21865,1,1.0
21866,1,0.0
21867,2,0.0
21868,2,1.0
21869,1,0.0
21870,3,0.0
21871,9,0.0
21872,5,0.0
21873,1,0.0
21874,5,0.0
21875,3,0.0
21876,1,0.0
21877,3,0.0
21878,2,1.0
21879,1,0.0
21880,2,1.0
21881,3,0.0
21882,11,0.0
21883,3,1.0
21884,1,0.0
21885,3,1.0
21886,2,0.0
21887,1,1.0
21888,1,0.0
21889,1,1.0
21890,2,0.0
21891,3,0.0
21892,1,0.0
21893,1,1.0
21894,4,1.0
21895,2,0.0
21896,1,0.0
21897,1,1.0
21898,1,0.0
21899,1,1.0
21900,1,0.0
21901,2,0.0
21902,2,0.0
21903,1,1.0
21904,1,0.0
21905,1,0.0
21906,2,0.0
21907,9,0.0
21908,5,0.0
21909,2,0.0
21910,2,1.0
21911,2,1.0
21912,4,0.0
21913,1,0.0
21914,4,1.0
21915,4,1.0
21916,1,0.0
21917,2,0.0
21918,1,1.0
21919,2,1.0
21920,2,0.0
21921,2,0.0
21922,3,0.0
21923,2,0.0
21924,1,0.0
21925,3,0.0
21926,6,1.0
21927,1,1.0
21928,6,0.0
21929,2,0.0
21930,1,0.0
21931,5,0.0
21932,2,0.0
21933,6,0.0
21934,1,0.0
21935,7,0.0
21936,1,0.0
21937,2,0.0
21938,1,1.0
21939,4,0.0
21940,3,0.0
21941,4,0.0
21942,1,0.0
21943,4,1.0
21944,2,0.0
21945,2,0.0
21946,4,1.0
21947,1,0.0
21948,4,1.0
21949,56,0.0
21950,2,0.0
21951,1,0.0
21952,1,0.0
21953,1,0.0
21954,1,0.0
21955,1,0.0
21956,1,0.0
21957,1,0.0
21958,1,0.0
21959,2,0.0
21960,7,0.0
21961,1,0.0
21962,1,1.0
21963,3,1.0
21964,1,0.0
21965,1,1.0
21966,4,1.0
21967,2,0.0
21968,1,1.0
21969,4,0.0
21970,1,0.0
21971,3,1.0
21972,1,0.0
21973,1,1.0
21974,2,0.0
21975,2,0.0
21976,6,0.0
21977,1,0.0
21978,4,1.0
21979,1,1.0
21980,27,0.0
21981,5,0.0
21982,20,0.0
21983,2,0.0
21984,2,0.0
21985,3,1.0
21986,1,1.0
21987,1,0.0
21988,2,0.0
21989,19,0.0
21990,2,0.0
21991,2,0.0
21992,2,1.0
21993,1,0.0
21994,26,0.0
21995,1,0.0
21996,1,1.0
21997,2,1.0
21998,7,0.0
21999,2,0.0
22000,2,1.0
22001,3,0.0
22002,1,0.0
22003,1,0.0
22004,1,0.0
22005,2,1.0
22006,10,0.0
22007,25,1.0
22008,1,0.0
22009,58,0.0
22010,3,0.0
22011,6,0.0
22012,26,1.0
22013,1,0.0
22014,6,0.0
22015,5,0.0
22016,1,0.0
22017,1,0.0
22018,1,0.0
22019,2,0.0
22020,2,0.0
22021,1,0.0
22022,22,1.0
22023,1,0.0
22024,3,0.0
22025,5,0.0
22026,1,0.0
22027,1,0.0
22028,2,0.0
22029,4,0.0
22030,3,1.0
22031,2,0.0
22032,4,1.0
22033,57,0.0
22034,1,0.0
22035,10,0.0
22036,2,0.0
22037,1,1.0
22038,1,0.0
22039,1,0.0
22040,4,1.0
22041,3,1.0
22042,1,0.0
22043,2,1.0
22044,1,0.0
22045,1,0.0
22046,2,0.0
22047,1,0.0
22048,3,1.0
22049,1,1.0
22050,1,0.0
22051,2,0.0
22052,2,0.0
22053,2,0.0
22054,1,1.0
22055,2,0.0
22056,2,0.0
22057,1,0.0
22058,1,0.0
22059,1,1.0
22060,1,0.0
22061,1,0.0
22062,2,1.0
22063,1,0.0
22064,3,1.0
22065,2,0.0
22066,1,0.0
22067,1,0.0
22068,5,0.0
22069,1,0.0
22070,2,0.0
22071,3,0.0
22072,1,0.0
22073,3,1.0
22074,1,0.0
22075,3,0.0
22076,1,1.0
22077,1,1.0
22078,1,1.0
22079,6,1.0
22080,1,0.0
22081,3,1.0
22082,1,0.0
22083,2,0.0
22084,2,0.0
22085,1,0.0
22086,1,1.0
22087,1,0.0
22088,3,0.0
22089,1,0.0
22090,5,1.0
22091,2,1.0
22092,3,0.0
22093,1,0.0
22094,4,0.0
22095,40,0.0
22096,2,0.0
22097,3,0.0
22098,41,0.0
22099,26,0.0
22100,1,0.0
22101,1,0.0
22102,4,1.0
22103,2,0.0
22104,1,0.0
22105,1,1.0
22106,2,0.0
22107,1,0.0
22108,3,1.0
22109,1,0.0
22110,1,0.0
22111,2,0.0
22112,2,0.0
22113,1,0.0
22114,1,1.0
22115,8,0.0
22116,1,1.0
22117,1,0.0
22118,1,0.0
22119,5,0.0
22120,2,0.0
22121,44,1.0
22122,2,1.0
22123,8,0.0
22124,3,0.0
22125,3,0.0
22126,1,0.0
22127,1,0.0
22128,1,0.0
22129,2,0.0
22130,3,0.0
22131,59,0.0
22132,1,1.0
22133,2,0.0
22134,5,0.0
22135,2,0.0
22136,3,0.0
22137,1,0.0
22138,3,0.0
22139,4,0.0
22140,2,0.0
22141,5,0.0
22142,1,0.0
22143,2,1.0
22144,1,0.0
22145,2,1.0
22146,1,0.0
22147,4,0.0
22148,2,0.0
22149,4,1.0
22150,2,0.0
22151,1,0.0
22152,4,1.0
22153,2,0.0
22154,3,0.0
22155,1,0.0
22156,1,0.0
22157,1,0.0
22158,1,0.0
22159,1,1.0
22160,1,0.0
22161,55,0.0
22162,1,0.0
22163,1,0.0
22164,1,0.0
22165,1,0.0
22166,11,0.0
22167,3,1.0
22168,3,0.0
22169,1,0.0
22170,1,0.0
22171,6,0.0
22172,4,1.0
22173,2,0.0
22174,1,0.0
22175,1,1.0
22176,2,0.0
22177,3,1.0
22178,2,0.0
22179,2,1.0
22180,2,0.0
22181,1,0.0
22182,10,0.0
22183,2,1.0
22184,1,0.0
22185,9,0.0
22186,2,1.0
22187,3,1.0
22188,1,0.0
22189,1,1.0
22190,1,0.0
22191,4,1.0
22192,1,1.0
22193,3,1.0
22194,2,0.0
22195,6,0.0
22196,2,1.0
22197,1,0.0
22198,1,0.0
22199,1,0.0
22200,1,0.0
22201,3,0.0
22202,1,0.0
22203,2,0.0
22204,1,1.0
22205,3,1.0
22206,2,0.0
22207,3,0.0
22208,19,1.0
22209,1,1.0
22210,3,0.0
22211,1,0.0
22212,1,1.0
22213,2,1.0
22214,4,1.0
22215,1,1.0
22216,1,0.0
22217,2,0.0
22218,1,1.0
22219,2,0.0
22220,2,0.0
22221,1,1.0
22222,5,0.0
22223,2,1.0
22224,1,0.0
22225,5,0.0
22226,5,0.0
22227,1,0.0
22228,5,0.0
22229,3,1.0
22230,3,0.0
22231,1,1.0
22232,1,1.0
22233,1,0.0
22234,1,0.0
22235,2,0.0
22236,3,1.0
22237,1,0.0
22238,2,0.0
22239,3,0.0
22240,2,0.0
22241,1,1.0
22242,1,0.0
22243,2,1.0
22244,2,0.0
22245,1,0.0
22246,2,1.0
22247,1,0.0
22248,4,0.0
22249,6,0.0
22250,3,1.0
22251,1,1.0
22252,1,0.0
22253,3,1.0
22254,2,1.0
22255,3,0.0
22256,4,1.0
22257,2,1.0
22258,8,0.0
22259,2,0.0
22260,14,0.0
22261,2,1.0
22262,1,0.0
22263,3,0.0
22264,7,0.0
22265,3,1.0
22266,3,0.0
22267,1,0.0
22268,1,0.0
22269,2,1.0
22270,1,0.0
22271,2,1.0
22272,1,0.0
22273,5,0.0
22274,1,1.0
22275,2,0.0
22276,2,0.0
22277,2,0.0
22278,1,0.0
22279,1,0.0
22280,1,0.0
22281,4,0.0
22282,2,0.0
22283,1,0.0
22284,45,0.0
22285,5,0.0
22286,1,0.0
22287,1,0.0
22288,2,0.0
22289,2,1.0
22290,2,1.0
22291,2,0.0
22292,2,0.0
22293,1,0.0
22294,1,0.0
22295,3,0.0
22296,2,0.0
22297,4,0.0
22298,1,0.0
22299,3,0.0
22300,1,0.0
22301,1,1.0
22302,1,0.0
22303,4,0.0
22304,2,0.0
22305,1,0.0
22306,1,0.0
22307,1,1.0
22308,1,0.0
22309,3,1.0
22310,1,0.0
22311,4,0.0
22312,3,1.0
22313,6,0.0
22314,4,0.0
22315,2,0.0
22316,1,1.0
22317,1,0.0
22318,3,0.0
22319,1,1.0
22320,2,0.0
22321,1,1.0
22322,1,0.0
22323,1,0.0
22324,38,0.0
22325,39,0.0
22326,1,0.0
22327,3,0.0
22328,1,0.0
22329,2,0.0
22330,4,0.0
22331,4,1.0
22332,3,0.0
22333,1,0.0
22334,1,0.0
22335,1,1.0
22336,1,0.0
22337,46,0.0
22338,2,1.0
22339,2,0.0
22340,1,0.0
22341,7,0.0
22342,1,0.0
22343,2,1.0
22344,1,0.0
22345,4,1.0
22346,2,1.0
22347,3,0.0
22348,1,0.0
22349,8,0.0
22350,3,1.0
22351,2,0.0
22352,1,0.0
22353,1,0.0
22354,1,1.0
22355,3,0.0
22356,1,0.0
22357,4,0.0
22358,2,0.0
22359,1,1.0
22360,3,0.0
22361,2,1.0
22362,1,1.0
22363,1,0.0
22364,3,0.0
22365,4,1.0
22366,1,0.0
22367,32,1.0
22368,1,0.0
22369,32,0.0
22370,3,0.0
22371,3,0.0
22372,1,1.0
22373,2,1.0
22374,2,0.0
22375,1,0.0
22376,1,0.0
22377,47,0.0
22378,2,0.0
22379,1,0.0
22380,1,1.0
22381,6,0.0
22382,6,0.0
22383,1,0.0
22384,1,0.0
22385,1,0.0
22386,1,0.0
22387,1,1.0
22388,1,0.0
22389,3,0.0
22390,1,0.0
22391,1,0.0
22392,56,0.0
22393,3,0.0
22394,3,1.0
22395,1,0.0
22396,1,0.0
22397,6,1.0
22398,1,0.0
22399,38,0.0
22400,46,0.0
22401,2,1.0
22402,1,0.0
22403,2,0.0
22404,2,0.0
22405,3,0.0
22406,1,0.0
22407,1,0.0
22408,1,0.0
22409,1,1.0
22410,1,0.0
22411,2,1.0
22412,5,0.0
22413,1,0.0
22414,9,0.0
22415,4,0.0
22416,5,0.0
22417,1,1.0
22418,1,0.0
22419,3,1.0
22420,56,1.0
22421,4,1.0
22422,3,1.0
22423,2,0.0
22424,2,1.0
22425,2,0.0
22426,2,0.0
22427,4,0.0
22428,2,1.0
22429,1,0.0
22430,4,1.0
22431,5,0.0
22432,1,1.0
22433,1,0.0
22434,1,1.0
22435,3,0.0
22436,1,0.0
22437,1,0.0
22438,1,0.0
22439,6,0.0
22440,1,0.0
22441,1,0.0
22442,1,0.0
22443,5,1.0
22444,1,0.0
22445,4,0.0
22446,1,0.0
22447,2,1.0
22448,23,1.0
22449,1,0.0
22450,37,1.0
22451,1,0.0
22452,2,1.0
22453,2,1.0
22454,1,1.0
22455,2,0.0
22456,1,0.0
22457,2,0.0
22458,5,0.0
22459,1,0.0
22460,1,0.0
22461,1,0.0
22462,5,0.0
22463,2,0.0
22464,3,0.0
22465,3,0.0
22466,3,1.0
22467,2,0.0
22468,9,1.0
22469,2,0.0
22470,1,0.0
22471,5,0.0
22472,1,1.0
22473,5,0.0
22474,5,1.0
22475,2,1.0
22476,3,0.0
22477,1,1.0
22478,2,0.0
22479,1,1.0
22480,3,0.0
22481,2,1.0
22482,1,0.0
22483,2,0.0
22484,4,0.0
22485,1,0.0
22486,1,0.0
22487,1,1.0
22488,3,1.0
22489,3,0.0
22490,6,0.0
22491,4,1.0
22492,1,1.0
22493,2,1.0
22494,4,1.0
22495,1,0.0
22496,2,1.0
22497,1,0.0
22498,4,1.0
22499,1,0.0
22500,1,0.0
22501,1,1.0
22502,2,1.0
22503,1,1.0
22504,1,0.0
22505,1,1.0
22506,2,0.0
22507,1,0.0
22508,2,0.0
22509,1,0.0
22510,1,0.0
22511,2,1.0
22512,1,0.0
22513,5,0.0
22514,1,1.0
22515,1,0.0
22516,4,0.0
22517,1,0.0
22518,2,1.0
22519,3,0.0
22520,1,0.0
22521,4,0.0
22522,2,0.0
22523,2,0.0
22524,1,0.0
22525,2,0.0
22526,1,0.0
22527,2,0.0
22528,2,0.0
22529,2,0.0
22530,1,1.0
22531,3,1.0
22532,1,0.0
22533,1,0.0
22534,5,0.0
22535,1,0.0
22536,3,1.0
22537,1,0.0
22538,2,0.0
22539,2,1.0
22540,3,1.0
22541,29,1.0
22542,1,0.0
22543,1,0.0
22544,1,0.0
22545,2,0.0
22546,1,0.0
22547,1,1.0
22548,6,0.0
22549,6,0.0
22550,1,0.0
22551,2,1.0
22552,2,0.0
22553,2,0.0
22554,3,1.0
22555,3,1.0
22556,4,1.0
22557,2,0.0
22558,6,0.0
22559,1,0.0
22560,2,1.0
22561,3,1.0
22562,4,1.0
22563,6,0.0
22564,34,0.0
22565,1,1.0
22566,3,0.0
22567,1,0.0
22568,1,0.0
22569,4,1.0
22570,1,0.0
22571,1,1.0
22572,1,0.0
22573,11,0.0
22574,2,0.0
22575,4,0.0
22576,2,0.0
22577,31,0.0
22578,2,0.0
22579,55,0.0
22580,1,0.0
22581,1,0.0
22582,2,0.0
22583,2,0.0
22584,2,0.0
22585,1,0.0
22586,1,0.0
22587,1,0.0
22588,37,0.0
22589,2,0.0
22590,1,0.0
22591,1,1.0
22592,1,0.0
22593,1,0.0
22594,2,0.0
22595,2,0.0
22596,2,0.0
22597,1,0.0
22598,5,0.0
22599,2,0.0
22600,1,0.0
22601,3,0.0
22602,1,1.0
22603,4,0.0
22604,4,0.0
22605,1,0.0
22606,3,0.0
22607,4,0.0
22608,1,0.0
22609,3,1.0
22610,5,0.0
22611,1,1.0
22612,2,0.0
22613,1,0.0
22614,1,0.0
22615,1,0.0
22616,1,0.0
22617,2,0.0
22618,1,0.0
22619,1,0.0
22620,1,0.0
22621,1,0.0
22622,4,0.0
22623,1,0.0
22624,3,0.0
22625,8,0.0
22626,1,0.0
22627,4,1.0
22628,2,0.0
22629,1,0.0
22630,7,0.0
22631,3,1.0
22632,1,1.0
22633,1,0.0
22634,5,0.0
22635,1,0.0
22636,1,1.0
22637,1,0.0
22638,3,0.0
22639,4,0.0
22640,3,0.0
22641,2,0.0
22642,3,0.0
22643,1,0.0
22644,1,0.0
22645,7,0.0
22646,1,1.0
22647,1,0.0
22648,1,1.0
22649,2,0.0
22650,2,0.0
22651,4,0.0
22652,2,0.0
22653,2,0.0
22654,1,0.0
22655,2,0.0
22656,5,0.0
22657,1,1.0
22658,2,0.0
22659,40,0.0
22660,3,0.0
22661,1,0.0
22662,1,0.0
22663,1,0.0
22664,3,0.0
22665,1,0.0
22666,2,1.0
22667,1,0.0
22668,5,0.0
22669,1,0.0
22670,3,0.0
22671,1,0.0
22672,2,0.0
22673,4,1.0
22674,2,0.0
22675,32,0.0
22676,4,0.0
22677,4,1.0
22678,1,0.0
22679,3,1.0
22680,1,1.0
22681,4,0.0
22682,2,1.0
22683,3,0.0
22684,1,0.0
22685,1,1.0
22686,3,0.0
22687,2,0.0
22688,5,0.0
22689,5,0.0
22690,4,0.0
22691,2,0.0
22692,2,0.0
22693,12,0.0
22694,3,0.0
22695,1,0.0
22696,35,0.0
22697,1,0.0
22698,5,1.0
22699,1,0.0
22700,2,0.0
22701,1,0.0
22702,1,0.0
22703,1,1.0
22704,3,0.0
22705,3,0.0
22706,4,1.0
22707,2,0.0
22708,3,1.0
22709,1,0.0
22710,1,0.0
22711,4,1.0
22712,1,0.0
22713,2,0.0
22714,1,0.0
22715,1,0.0
22716,2,0.0
22717,2,1.0
22718,17,1.0
22719,1,0.0
22720,5,0.0
22721,4,0.0
22722,1,0.0
22723,1,0.0
22724,1,1.0
22725,4,1.0
22726,1,0.0
22727,2,0.0
22728,1,0.0
22729,1,0.0
22730,1,0.0
22731,2,0.0
22732,1,1.0
22733,2,0.0
22734,1,0.0
22735,1,0.0
22736,4,0.0
22737,1,0.0
22738,3,1.0
22739,4,1.0
22740,1,0.0
22741,1,0.0
22742,3,0.0
22743,3,0.0
22744,23,0.0
22745,1,0.0
22746,2,1.0
22747,1,0.0
22748,2,1.0
22749,3,1.0
22750,2,1.0
22751,1,1.0
22752,2,0.0
22753,1,0.0
22754,2,0.0
22755,2,0.0
22756,1,0.0
22757,3,1.0
22758,3,1.0
22759,1,1.0
22760,2,0.0
22761,3,1.0
22762,3,0.0
22763,1,1.0
22764,3,0.0
22765,1,0.0
22766,4,0.0
22767,2,0.0
22768,3,1.0
22769,5,0.0
22770,6,0.0
22771,1,1.0
22772,2,0.0
22773,1,0.0
22774,1,0.0
22775,1,1.0
22776,1,0.0
22777,1,0.0
22778,3,0.0
22779,1,0.0
22780,3,0.0
22781,4,1.0
22782,38,0.0
22783,4,1.0
22784,1,0.0
22785,2,0.0
22786,1,0.0
22787,1,0.0
22788,2,1.0
22789,1,0.0
22790,1,0.0
22791,2,0.0
22792,1,1.0
22793,3,0.0
22794,1,0.0
22795,2,0.0
22796,1,0.0
22797,1,0.0
22798,2,0.0
22799,2,1.0
22800,2,0.0
22801,1,0.0
22802,2,0.0
22803,2,1.0
22804,9,0.0
22805,1,0.0
22806,3,0.0
22807,4,0.0
22808,3,1.0
22809,1,0.0
22810,1,0.0
22811,12,0.0
22812,2,0.0
22813,3,0.0
22814,3,1.0
22815,1,0.0
22816,4,1.0
22817,3,1.0
22818,1,0.0
22819,3,0.0
22820,1,0.0
22821,6,0.0
22822,1,1.0
22823,1,1.0
22824,2,0.0
22825,2,1.0
22826,2,1.0
22827,1,0.0
22828,3,1.0
22829,1,0.0
22830,1,1.0
22831,1,0.0
22832,1,0.0
22833,6,0.0
22834,1,0.0
22835,1,0.0
22836,2,0.0
22837,2,0.0
22838,2,0.0
22839,7,0.0
22840,1,0.0
22841,8,0.0
22842,5,1.0
22843,3,0.0
22844,1,0.0
22845,1,1.0
22846,1,1.0
22847,1,0.0
22848,1,0.0
22849,1,0.0
22850,1,0.0
22851,1,0.0
22852,1,0.0
22853,2,0.0
22854,3,1.0
22855,1,0.0
22856,2,0.0
22857,2,0.0
22858,2,0.0
22859,1,0.0
22860,2,1.0
22861,53,1.0
22862,1,0.0
22863,1,1.0
22864,2,0.0
22865,2,0.0
22866,2,0.0
22867,1,0.0
22868,2,0.0
22869,2,0.0
22870,1,0.0
22871,1,0.0
22872,2,0.0
22873,4,1.0
22874,1,1.0
22875,4,0.0
22876,5,1.0
22877,1,0.0
22878,1,1.0
22879,5,1.0
22880,5,0.0
22881,5,0.0
22882,2,0.0
22883,2,1.0
22884,4,0.0
22885,1,0.0
22886,1,0.0
22887,4,1.0
22888,5,1.0
22889,1,0.0
22890,1,0.0
22891,1,0.0
22892,3,0.0
22893,1,0.0
22894,2,1.0
22895,7,0.0
22896,4,0.0
22897,3,1.0
22898,2,0.0
22899,1,0.0
22900,3,1.0
22901,1,0.0
22902,1,0.0
22903,1,0.0
22904,1,0.0
22905,5,0.0
22906,4,1.0
22907,6,0.0
22908,9,1.0
22909,5,0.0
22910,3,1.0
22911,3,0.0
22912,3,0.0
22913,50,0.0
22914,1,0.0
22915,1,0.0
22916,1,1.0
22917,1,0.0
22918,1,0.0
22919,2,0.0
22920,1,0.0
22921,2,0.0
22922,2,0.0
22923,1,0.0
22924,1,0.0
22925,17,0.0
22926,2,0.0
22927,1,0.0
22928,1,0.0
22929,2,1.0
22930,3,1.0
22931,1,0.0
22932,2,0.0
22933,2,0.0
22934,2,0.0
22935,6,0.0
22936,1,0.0
22937,3,0.0
22938,3,1.0
22939,5,0.0
22940,1,0.0
22941,4,1.0
22942,2,0.0
22943,4,0.0
22944,1,1.0
22945,1,0.0
22946,1,1.0
22947,1,0.0
22948,8,0.0
22949,5,0.0
22950,3,0.0
22951,30,1.0
22952,3,0.0
22953,1,0.0
22954,5,0.0
22955,1,0.0
22956,18,1.0
22957,1,0.0
22958,1,0.0
22959,2,0.0
22960,50,0.0
22961,1,0.0
22962,1,1.0
22963,2,1.0
22964,2,0.0
22965,1,0.0
22966,1,0.0
22967,2,1.0
22968,2,0.0
22969,4,1.0
22970,1,0.0
22971,4,0.0
22972,1,0.0
22973,2,0.0
22974,2,0.0
22975,1,0.0
22976,4,1.0
22977,2,0.0
22978,2,0.0
22979,1,0.0
22980,4,1.0
22981,1,0.0
22982,6,0.0
22983,1,0.0
22984,2,1.0
22985,1,1.0
22986,1,1.0
22987,1,0.0
22988,1,0.0
22989,1,1.0
22990,3,1.0
22991,1,1.0
22992,4,1.0
22993,5,0.0
22994,14,0.0
22995,2,0.0
22996,2,0.0
22997,3,1.0
22998,2,0.0
22999,3,0.0
23000,5,0.0
23001,1,0.0
23002,1,0.0
23003,21,1.0
23004,7,1.0
23005,1,0.0
23006,2,1.0
23007,1,0.0
23008,1,0.0
23009,1,1.0
23010,1,1.0
23011,1,1.0
23012,3,0.0
23013,4,1.0
23014,1,0.0
23015,2,1.0
23016,2,0.0
23017,1,0.0
23018,4,0.0
23019,1,0.0
23020,7,0.0
23021,4,0.0
23022,1,0.0
23023,1,0.0
23024,1,0.0
23025,1,0.0
23026,1,0.0
23027,1,0.0
23028,2,0.0
23029,4,0.0
23030,4,0.0
23031,4,1.0
23032,3,0.0
23033,1,0.0
23034,1,0.0
23035,2,1.0
23036,2,1.0
23037,6,1.0
23038,1,0.0
23039,2,0.0
23040,1,0.0
23041,1,0.0
23042,2,1.0
23043,4,0.0
23044,2,0.0
23045,1,0.0
23046,4,0.0
23047,1,0.0
23048,3,0.0
23049,16,0.0
23050,2,1.0
23051,1,1.0
23052,5,0.0
23053,4,0.0
23054,2,0.0
23055,5,0.0
23056,1,0.0
23057,1,0.0
23058,2,1.0
23059,1,0.0
23060,3,1.0
23061,4,0.0
23062,1,1.0
23063,2,0.0
23064,3,0.0
23065,2,1.0
23066,51,0.0
23067,3,1.0
23068,27,0.0
23069,5,1.0
23070,5,0.0
23071,7,0.0
23072,40,0.0
23073,6,1.0
23074,3,0.0
23075,2,0.0
23076,1,0.0
23077,1,1.0
23078,1,0.0
23079,4,0.0
23080,2,0.0
23081,1,1.0
23082,3,1.0
23083,1,0.0
23084,1,0.0
23085,2,0.0
23086,1,1.0
23087,1,0.0
23088,1,0.0
23089,1,0.0
23090,1,1.0
23091,3,0.0
23092,3,1.0
23093,1,0.0
23094,1,0.0
23095,1,0.0
23096,2,0.0
23097,4,0.0
23098,1,0.0
23099,1,0.0
23100,1,0.0
23101,1,0.0
23102,3,1.0
23103,1,0.0
23104,3,0.0
23105,1,1.0
23106,1,0.0
23107,2,1.0
23108,1,0.0
23109,2,0.0
23110,2,0.0
23111,1,0.0
23112,3,1.0
23113,1,0.0
23114,1,1.0
23115,1,0.0
23116,2,0.0
23117,1,0.0
23118,3,1.0
23119,2,0.0
23120,1,0.0
23121,1,0.0
23122,1,0.0
23123,2,0.0
23124,1,0.0
23125,2,1.0
23126,3,0.0
23127,3,0.0
23128,1,0.0
23129,3,0.0
23130,2,1.0
23131,1,0.0
23132,1,0.0
23133,6,0.0
23134,1,0.0
23135,1,1.0
23136,1,0.0
23137,2,1.0
23138,23,0.0
23139,2,1.0
23140,2,1.0
23141,3,0.0
23142,2,0.0
23143,1,1.0
23144,1,0.0
23145,1,0.0
23146,1,0.0
23147,1,1.0
23148,1,0.0
23149,5,0.0
23150,3,1.0
23151,1,1.0
23152,3,0.0
23153,1,1.0
23154,2,0.0
23155,1,0.0
23156,1,0.0
23157,3,0.0
23158,2,0.0
23159,1,1.0
23160,1,0.0
23161,1,1.0
23162,1,0.0
23163,1,0.0
23164,1,0.0
23165,52,0.0
23166,3,1.0
23167,2,1.0
23168,1,0.0
23169,2,1.0
23170,4,0.0
23171,3,1.0
23172,1,0.0
23173,3,0.0
23174,2,1.0
23175,1,0.0
23176,9,0.0
23177,3,0.0
23178,1,0.0
23179,6,0.0
23180,6,0.0
23181,2,0.0
23182,1,0.0
23183,1,0.0
23184,1,0.0
23185,1,0.0
23186,1,0.0
23187,4,0.0
23188,1,0.0
23189,2,0.0
23190,1,0.0
23191,1,0.0
23192,1,0.0
23193,1,0.0
23194,1,0.0
23195,1,0.0
23196,3,0.0
23197,4,1.0
23198,1,0.0
23199,1,0.0
23200,4,1.0
23201,1,0.0
23202,1,0.0
23203,1,0.0
23204,2,0.0
23205,10,0.0
23206,3,0.0
23207,1,0.0
23208,1,1.0
23209,4,0.0
23210,1,0.0
23211,2,0.0
23212,1,1.0
23213,1,0.0
23214,3,0.0
23215,3,0.0
23216,27,0.0
23217,1,0.0
23218,2,0.0
23219,3,0.0
23220,1,1.0
23221,1,0.0
23222,11,0.0
23223,1,0.0
23224,3,0.0
23225,6,0.0
23226,1,0.0
23227,46,0.0
23228,1,1.0
23229,4,0.0
23230,52,0.0
23231,3,0.0
23232,1,0.0
23233,5,1.0
23234,2,0.0
23235,2,0.0
23236,1,1.0
23237,2,0.0
23238,2,1.0
23239,1,0.0
23240,3,1.0
23241,3,0.0
23242,1,0.0
23243,2,0.0
23244,2,0.0
23245,3,0.0
23246,4,1.0
23247,3,0.0
23248,1,1.0
23249,1,0.0
23250,3,0.0
23251,1,0.0
23252,1,0.0
23253,2,0.0
23254,1,0.0
23255,1,1.0
23256,2,0.0
23257,42,0.0
23258,1,0.0
23259,6,0.0
23260,2,0.0
23261,2,0.0
23262,1,0.0
23263,3,1.0
23264,49,1.0
23265,1,0.0
23266,1,0.0
23267,5,0.0
23268,1,0.0
23269,18,0.0
23270,31,0.0
23271,2,0.0
23272,1,0.0
23273,2,0.0
23274,4,1.0
23275,1,0.0
23276,1,0.0
23277,1,0.0
23278,2,0.0
23279,2,1.0
23280,1,0.0
23281,2,0.0
23282,4,0.0
23283,2,0.0
23284,1,0.0
23285,11,1.0
23286,3,0.0
23287,1,1.0
23288,1,0.0
23289,1,0.0
23290,1,0.0
23291,2,0.0
23292,2,0.0
23293,7,0.0
23294,1,1.0
23295,3,1.0
23296,6,0.0
23297,2,0.0
23298,4,1.0
23299,1,0.0
23300,5,1.0
23301,3,1.0
23302,1,0.0
23303,3,1.0
23304,1,0.0
23305,1,0.0
23306,3,0.0
23307,1,0.0
23308,1,0.0
23309,5,0.0
23310,3,1.0
23311,4,1.0
23312,13,1.0
23313,2,0.0
23314,2,0.0
23315,1,0.0
23316,1,0.0
23317,1,1.0
23318,1,0.0
23319,3,0.0
23320,2,0.0
23321,2,0.0
23322,1,1.0
23323,4,0.0
23324,49,0.0
23325,1,0.0
23326,3,1.0
23327,1,1.0
23328,4,0.0
23329,2,0.0
23330,2,0.0
23331,2,0.0
23332,2,0.0
23333,2,0.0
23334,2,0.0
23335,1,0.0
23336,6,0.0
23337,50,0.0
23338,10,0.0
23339,4,0.0
23340,2,0.0
23341,1,1.0
23342,1,1.0
23343,2,0.0
23344,3,1.0
23345,1,1.0
23346,1,0.0
23347,1,1.0
23348,11,0.0
23349,3,0.0
23350,3,1.0
23351,6,0.0
23352,4,1.0
23353,2,0.0
23354,2,0.0
23355,4,0.0
23356,1,0.0
23357,1,1.0
23358,1,0.0
23359,5,0.0
23360,3,0.0
23361,1,1.0
23362,1,0.0
23363,1,0.0
23364,3,1.0
23365,2,0.0
23366,2,0.0
23367,1,0.0
23368,3,0.0
23369,1,1.0
23370,2,1.0
23371,1,0.0
23372,4,1.0
23373,2,0.0
23374,2,0.0
23375,6,0.0
23376,2,0.0
23377,2,1.0
23378,1,0.0
23379,1,0.0
23380,1,0.0
23381,4,1.0
23382,1,0.0
23383,19,0.0
23384,1,1.0
23385,1,1.0
23386,1,0.0
23387,6,0.0
23388,4,1.0
23389,39,0.0
23390,1,0.0
23391,2,1.0
23392,1,0.0
23393,5,0.0
23394,10,1.0
23395,4,0.0
23396,1,0.0
23397,1,0.0
23398,2,0.0
23399,1,0.0
23400,1,0.0
23401,3,0.0
23402,2,1.0
23403,2,0.0
23404,1,0.0
23405,1,0.0
23406,1,0.0
23407,6,0.0
23408,2,0.0
23409,1,0.0
23410,1,1.0
23411,1,1.0
23412,1,0.0
23413,1,0.0
23414,3,1.0
23415,3,0.0
23416,1,0.0
23417,3,1.0
23418,3,0.0
23419,2,0.0
23420,3,1.0
23421,4,0.0
23422,41,0.0
23423,1,0.0
23424,17,1.0
23425,1,0.0
23426,2,0.0
23427,3,1.0
23428,3,0.0
23429,1,0.0
23430,1,0.0
23431,2,1.0
23432,3,1.0
23433,5,0.0
23434,3,0.0
23435,1,1.0
23436,3,0.0
23437,12,0.0
23438,5,0.0
23439,1,0.0
23440,1,0.0
23441,1,0.0
23442,1,1.0
23443,2,0.0
23444,1,0.0
23445,2,0.0
23446,2,0.0
23447,3,0.0
23448,1,1.0
23449,3,0.0
23450,2,0.0
23451,2,1.0
23452,5,0.0
23453,1,0.0
23454,4,0.0
23455,1,0.0
23456,3,1.0
23457,2,0.0
23458,1,0.0
23459,2,0.0
23460,7,0.0
23461,2,1.0
23462,1,0.0
23463,1,0.0
23464,1,0.0
23465,2,1.0
23466,3,0.0
23467,36,0.0
23468,12,0.0
23469,1,0.0
23470,9,0.0
23471,1,0.0
23472,2,0.0
23473,1,1.0
23474,1,0.0
23475,1,0.0
23476,3,0.0
23477,5,0.0
23478,2,0.0
23479,2,1.0
23480,2,1.0
23481,1,0.0
23482,8,0.0
23483,2,0.0
23484,2,0.0
23485,1,1.0
23486,1,0.0
23487,2,0.0
23488,1,1.0
23489,3,1.0
23490,5,0.0
23491,1,0.0
23492,1,0.0
23493,1,0.0
23494,1,0.0
23495,7,1.0
23496,3,1.0
23497,10,1.0
23498,1,0.0
23499,1,0.0
23500,3,0.0
23501,2,0.0
23502,3,0.0
23503,2,0.0
23504,6,0.0
23505,4,0.0
23506,1,0.0
23507,1,1.0
23508,1,1.0
23509,1,0.0
23510,2,1.0
23511,47,0.0
23512,1,1.0
23513,1,0.0
23514,1,1.0
23515,2,0.0
23516,3,0.0
23517,1,1.0
23518,1,1.0
23519,2,0.0
23520,1,1.0
23521,1,0.0
23522,1,0.0
23523,3,1.0
23524,1,1.0
23525,5,0.0
23526,1,0.0
23527,2,0.0
23528,2,1.0
23529,1,0.0
23530,1,0.0
23531,24,0.0
23532,4,0.0
23533,1,0.0
23534,1,0.0
23535,2,1.0
23536,5,0.0
23537,1,0.0
23538,5,0.0
23539,41,0.0
23540,1,0.0
23541,2,0.0
23542,1,0.0
23543,1,0.0
23544,2,0.0
23545,8,0.0
23546,2,0.0
23547,2,0.0
23548,2,0.0
23549,44,0.0
23550,3,1.0
23551,3,1.0
23552,2,0.0
23553,1,0.0
23554,3,0.0
23555,5,0.0
23556,3,0.0
23557,1,0.0
23558,1,1.0
23559,3,1.0
23560,1,1.0
23561,1,1.0
23562,2,1.0
23563,8,1.0
23564,1,0.0
23565,3,0.0
23566,4,0.0
23567,6,0.0
23568,4,1.0
23569,6,1.0
23570,1,0.0
23571,1,0.0
23572,1,0.0
23573,2,0.0
23574,1,1.0
23575,3,0.0
23576,2,0.0
23577,2,0.0
23578,6,0.0
23579,1,0.0
23580,2,1.0
23581,2,0.0
23582,3,0.0
23583,2,0.0
23584,1,0.0
23585,3,0.0
23586,2,0.0
23587,1,0.0
23588,4,1.0
23589,2,0.0
23590,5,0.0
23591,11,0.0
23592,2,0.0
23593,3,1.0
23594,2,0.0
23595,1,1.0
23596,2,0.0
23597,8,1.0
23598,4,0.0
23599,1,0.0
23600,1,0.0
23601,2,0.0
23602,2,1.0
23603,57,0.0
23604,1,0.0
23605,3,1.0
23606,9,0.0
23607,2,0.0
23608,5,0.0
23609,1,1.0
23610,2,1.0
23611,2,1.0
23612,2,0.0
23613,2,0.0
23614,1,0.0
23615,1,1.0
23616,1,0.0
23617,2,0.0
23618,3,0.0
23619,1,0.0
23620,2,1.0
23621,1,0.0
23622,1,0.0
23623,1,1.0
23624,3,0.0
23625,2,1.0
23626,7,1.0
23627,1,0.0
23628,1,0.0
23629,9,0.0
23630,1,0.0
23631,3,0.0
23632,4,0.0
23633,2,0.0
23634,6,0.0
23635,2,1.0
23636,2,1.0
23637,3,0.0
23638,5,0.0
23639,1,1.0
23640,2,1.0
23641,2,1.0
23642,2,0.0
23643,1,0.0
23644,2,0.0
23645,1,0.0
23646,8,0.0
23647,2,0.0
23648,2,1.0
23649,3,0.0
23650,2,0.0
23651,1,0.0
23652,1,0.0
23653,1,0.0
23654,2,1.0
23655,1,0.0
23656,1,1.0
23657,1,0.0
23658,1,0.0
23659,1,0.0
23660,1,0.0
23661,2,0.0
23662,1,0.0
23663,2,0.0
23664,7,0.0
23665,4,0.0
23666,37,0.0
23667,1,1.0
23668,7,0.0
23669,1,1.0
23670,3,0.0
23671,2,1.0
23672,10,1.0
23673,3,0.0
23674,1,0.0
23675,8,1.0
23676,12,0.0
23677,2,0.0
23678,4,1.0
23679,2,0.0
23680,2,1.0
23681,4,1.0
23682,3,1.0
23683,1,0.0
23684,1,0.0
23685,1,0.0
23686,1,0.0
23687,1,0.0
23688,4,0.0
23689,1,0.0
23690,3,1.0
23691,1,0.0
23692,2,0.0
23693,3,0.0
23694,3,1.0
23695,1,0.0
23696,1,0.0
23697,16,1.0
23698,1,0.0
23699,1,0.0
23700,1,0.0
23701,1,0.0
23702,1,0.0
23703,31,0.0
23704,4,1.0
23705,4,0.0
23706,2,0.0
23707,2,0.0
23708,4,0.0
23709,6,0.0
23710,1,0.0
23711,1,0.0
23712,2,0.0
23713,1,1.0
23714,4,0.0
23715,3,1.0
23716,1,0.0
23717,2,1.0
23718,1,1.0
23719,1,0.0
23720,2,0.0
23721,5,0.0
23722,3,1.0
23723,55,0.0
23724,6,1.0
23725,1,0.0
23726,1,0.0
23727,7,0.0
23728,2,0.0
23729,3,1.0
23730,4,1.0
23731,30,0.0
23732,7,0.0
23733,5,1.0
23734,1,0.0
23735,1,0.0
23736,1,0.0
23737,3,1.0
23738,1,1.0
23739,3,0.0
23740,2,0.0
23741,1,0.0
23742,1,0.0
23743,2,0.0
23744,2,0.0
23745,2,0.0
23746,2,1.0
23747,3,1.0
23748,1,1.0
23749,2,0.0
23750,1,0.0
23751,1,0.0
23752,2,1.0
23753,1,0.0
23754,3,0.0
23755,2,0.0
23756,1,0.0
23757,1,0.0
23758,3,0.0
23759,2,0.0
23760,2,0.0
23761,3,1.0
23762,1,0.0
23763,2,0.0
23764,3,1.0
23765,1,0.0
23766,2,0.0
23767,2,0.0
23768,6,1.0
23769,2,0.0
23770,5,1.0
23771,2,1.0
23772,2,0.0
23773,1,0.0
23774,7,1.0
23775,1,1.0
23776,2,0.0
23777,6,0.0
23778,1,0.0
23779,3,0.0
23780,1,1.0
23781,2,1.0
23782,5,0.0
23783,3,1.0
23784,1,0.0
23785,4,0.0
23786,1,0.0
23787,3,0.0
23788,1,0.0
23789,1,1.0
23790,3,0.0
23791,2,0.0
23792,1,0.0
23793,2,0.0
23794,1,0.0
23795,1,0.0
23796,1,0.0
23797,1,0.0
23798,1,0.0
23799,4,0.0
23800,1,1.0
23801,1,0.0
23802,1,1.0
23803,2,1.0
23804,1,0.0
23805,2,0.0
23806,1,0.0
23807,1,0.0
23808,26,1.0
23809,1,0.0
23810,2,0.0
23811,1,0.0
23812,1,0.0
23813,2,0.0
23814,6,0.0
23815,4,0.0
23816,2,1.0
23817,1,0.0
23818,2,0.0
23819,1,0.0
23820,4,0.0
23821,1,0.0
23822,3,0.0
23823,1,0.0
23824,4,0.0
23825,4,0.0
23826,3,0.0
23827,9,0.0
23828,1,0.0
23829,1,0.0
23830,3,1.0
23831,4,0.0
23832,4,0.0
23833,2,0.0
23834,2,0.0
23835,1,0.0
23836,3,1.0
23837,1,0.0
23838,19,1.0
23839,2,0.0
23840,6,0.0
23841,1,0.0
23842,1,0.0
23843,1,0.0
23844,1,0.0
23845,4,1.0
23846,7,0.0
23847,5,0.0
23848,2,0.0
23849,2,0.0
23850,8,0.0
23851,3,0.0
23852,2,1.0
23853,10,1.0
23854,2,1.0
23855,25,0.0
23856,2,0.0
23857,4,1.0
23858,1,1.0
23859,2,1.0
23860,1,0.0
23861,6,0.0
23862,1,0.0
23863,2,0.0
23864,3,0.0
23865,1,0.0
23866,1,0.0
23867,4,0.0
23868,1,0.0
23869,21,0.0
23870,2,0.0
23871,2,0.0
23872,2,0.0
23873,1,1.0
23874,2,0.0
23875,2,0.0
23876,2,1.0
23877,7,0.0
23878,5,0.0
23879,3,0.0
23880,38,0.0
23881,1,0.0
23882,2,0.0
23883,1,1.0
23884,2,0.0
23885,1,0.0
23886,2,0.0
23887,1,0.0
23888,3,0.0
23889,1,1.0
23890,4,1.0
23891,1,0.0
23892,6,0.0
23893,4,1.0
23894,1,0.0
23895,27,1.0
23896,6,0.0
23897,1,0.0
23898,1,0.0
23899,3,1.0
23900,1,0.0
23901,4,0.0
23902,1,0.0
23903,4,1.0
23904,3,1.0
23905,1,1.0
23906,6,0.0
23907,1,0.0
23908,1,0.0
23909,3,0.0
23910,2,0.0
23911,3,0.0
23912,2,1.0
23913,3,0.0
23914,3,0.0
23915,7,0.0
23916,3,1.0
23917,4,1.0
23918,2,1.0
23919,3,1.0
23920,1,0.0
23921,3,0.0
23922,1,1.0
23923,6,0.0
23924,3,0.0
23925,4,0.0
23926,1,0.0
23927,22,1.0
23928,4,1.0
23929,60,0.0
23930,1,1.0
23931,1,0.0
23932,3,0.0
23933,1,0.0
23934,5,0.0
23935,10,1.0
23936,2,0.0
23937,3,1.0
23938,2,0.0
23939,1,0.0
23940,2,1.0
23941,1,0.0
23942,2,0.0
23943,2,0.0
23944,2,1.0
23945,59,0.0
23946,5,0.0
23947,1,1.0
23948,1,0.0
23949,1,0.0
23950,1,1.0
23951,1,0.0
23952,1,0.0
23953,57,0.0
23954,2,0.0
23955,1,0.0
23956,1,1.0
23957,7,1.0
23958,1,1.0
23959,3,1.0
23960,2,0.0
23961,1,0.0
23962,1,0.0
23963,1,0.0
23964,2,1.0
23965,1,0.0
23966,8,1.0
23967,1,0.0
23968,50,0.0
23969,1,0.0
23970,1,1.0
23971,7,0.0
23972,14,0.0
23973,3,1.0
23974,1,0.0
23975,3,1.0
23976,2,0.0
23977,1,0.0
23978,5,0.0
23979,2,0.0
23980,2,0.0
23981,1,0.0
23982,2,0.0
23983,1,0.0
23984,1,1.0
23985,5,0.0
23986,3,0.0
23987,1,0.0
23988,1,0.0
23989,3,0.0
23990,1,0.0
23991,4,0.0
23992,3,0.0
23993,2,0.0
23994,1,0.0
23995,2,0.0
23996,2,0.0
23997,2,0.0
23998,3,1.0
23999,3,0.0
24000,1,0.0
24001,2,0.0
24002,1,1.0
24003,2,0.0
24004,5,0.0
24005,1,1.0
24006,3,0.0
24007,5,1.0
24008,2,0.0
24009,1,0.0
24010,1,0.0
24011,1,0.0
24012,2,0.0
24013,2,1.0
24014,2,0.0
24015,35,0.0
24016,2,0.0
24017,1,0.0
24018,1,0.0
24019,1,0.0
24020,1,0.0
24021,4,0.0
24022,1,0.0
24023,1,0.0
24024,1,0.0
24025,1,0.0
24026,2,0.0
24027,3,0.0
24028,1,0.0
24029,1,0.0
24030,1,0.0
24031,1,0.0
24032,37,0.0
24033,1,0.0
24034,3,0.0
24035,4,1.0
24036,2,0.0
24037,1,0.0
24038,2,0.0
24039,1,1.0
24040,1,0.0
24041,2,1.0
24042,29,0.0
24043,9,1.0
24044,4,1.0
24045,5,0.0
24046,1,0.0
24047,1,1.0
24048,2,0.0
24049,5,1.0
24050,12,0.0
24051,1,0.0
24052,1,0.0
24053,7,0.0
24054,1,0.0
24055,28,1.0
24056,1,0.0
24057,2,0.0
24058,2,0.0
24059,6,0.0
24060,2,0.0
24061,3,1.0
24062,1,0.0
24063,1,0.0
24064,1,1.0
24065,2,1.0
24066,5,0.0
24067,2,1.0
24068,1,0.0
24069,2,1.0
24070,1,1.0
24071,9,0.0
24072,2,0.0
24073,1,0.0
24074,2,0.0
24075,1,0.0
24076,1,0.0
24077,2,1.0
24078,1,0.0
24079,3,0.0
24080,3,1.0
24081,1,0.0
24082,2,0.0
24083,2,1.0
24084,1,0.0
24085,2,0.0
24086,4,1.0
24087,1,0.0
24088,1,0.0
24089,1,0.0
24090,1,0.0
24091,2,0.0
24092,15,0.0
24093,19,0.0
24094,3,0.0
24095,4,1.0
24096,3,0.0
24097,50,0.0
24098,3,0.0
24099,1,0.0
24100,1,0.0
24101,1,0.0
24102,2,1.0
24103,5,0.0
24104,4,0.0
24105,1,0.0
24106,1,0.0
24107,26,0.0
24108,4,1.0
24109,4,1.0
24110,1,0.0
24111,3,0.0
24112,1,0.0
24113,2,0.0
24114,4,1.0
24115,2,0.0
24116,5,0.0
24117,2,0.0
24118,1,0.0
24119,1,0.0
24120,5,0.0
24121,1,1.0
24122,2,0.0
24123,1,1.0
24124,29,0.0
24125,1,0.0
24126,29,1.0
24127,1,0.0
24128,1,0.0
24129,4,1.0
24130,4,1.0
24131,7,1.0
24132,4,0.0
24133,4,1.0
24134,2,0.0
24135,1,0.0
24136,2,1.0
24137,4,1.0
24138,3,0.0
24139,53,0.0
24140,1,0.0
24141,1,0.0
24142,2,0.0
24143,1,0.0
24144,1,0.0
24145,1,0.0
24146,3,0.0
24147,3,0.0
24148,2,0.0
24149,1,0.0
24150,1,1.0
24151,5,1.0
24152,1,1.0
24153,3,0.0
24154,2,1.0
24155,3,0.0
24156,3,0.0
24157,2,1.0
24158,1,0.0
24159,3,0.0
24160,1,0.0
24161,2,0.0
24162,2,1.0
24163,1,0.0
24164,1,1.0
24165,2,0.0
24166,1,0.0
24167,2,0.0
24168,1,0.0
24169,1,0.0
24170,1,0.0
24171,5,0.0
24172,1,0.0
24173,1,0.0
24174,2,0.0
24175,1,0.0
24176,1,0.0
24177,3,0.0
24178,1,0.0
24179,4,1.0
24180,1,0.0
24181,3,0.0
24182,12,0.0
24183,3,0.0
24184,1,0.0
24185,2,0.0
24186,1,1.0
24187,1,0.0
24188,2,0.0
24189,2,1.0
24190,1,0.0
24191,1,0.0
24192,1,0.0
24193,2,0.0
24194,2,1.0
24195,2,0.0
24196,2,0.0
24197,1,1.0
24198,1,0.0
24199,2,1.0
24200,1,1.0
24201,3,0.0
24202,1,0.0
24203,1,1.0
24204,3,1.0
24205,1,1.0
24206,2,1.0
24207,2,0.0
24208,3,1.0
24209,4,0.0
24210,2,0.0
24211,3,0.0
24212,1,0.0
24213,1,0.0
24214,1,0.0
24215,2,0.0
24216,3,1.0
24217,4,0.0
24218,2,0.0
24219,2,1.0
24220,4,0.0
24221,1,0.0
24222,1,0.0
24223,1,0.0
24224,4,0.0
24225,2,1.0
24226,3,0.0
24227,1,0.0
24228,2,0.0
24229,2,1.0
24230,4,0.0
24231,2,0.0
24232,2,0.0
24233,1,1.0
24234,1,0.0
24235,1,0.0
24236,1,0.0
24237,3,1.0
24238,1,0.0
24239,1,0.0
24240,3,1.0
24241,4,0.0
24242,1,0.0
24243,3,0.0
24244,2,0.0
24245,1,0.0
24246,2,0.0
24247,1,0.0
24248,2,0.0
24249,4,1.0
24250,3,0.0
24251,2,0.0
24252,1,0.0
24253,4,0.0
24254,1,0.0
24255,1,0.0
24256,1,1.0
24257,6,1.0
24258,1,0.0
24259,1,0.0
24260,1,0.0
24261,27,0.0
24262,4,1.0
24263,1,0.0
24264,3,0.0
24265,1,0.0
24266,9,1.0
24267,1,0.0
24268,3,1.0
24269,53,0.0
24270,33,0.0
24271,1,0.0
24272,1,0.0
24273,1,0.0
24274,2,1.0
24275,1,0.0
24276,1,0.0
24277,6,0.0
24278,1,1.0
24279,3,0.0
24280,2,0.0
24281,5,0.0
24282,2,0.0
24283,2,1.0
24284,1,0.0
24285,4,0.0
24286,1,1.0
24287,1,0.0
24288,3,1.0
24289,1,0.0
24290,2,0.0
24291,2,0.0
24292,3,1.0
24293,1,0.0
24294,2,0.0
24295,2,1.0
24296,2,0.0
24297,2,1.0
24298,1,0.0
24299,3,0.0
24300,4,1.0
24301,5,0.0
24302,1,0.0
24303,7,0.0
24304,2,0.0
24305,2,1.0
24306,49,0.0
24307,1,1.0
24308,1,0.0
24309,1,0.0
24310,1,0.0
24311,1,1.0
24312,2,0.0
24313,1,1.0
24314,3,0.0
24315,3,0.0
24316,1,0.0
24317,1,0.0
24318,3,0.0
24319,35,0.0
24320,5,0.0
24321,4,0.0
24322,1,0.0
24323,1,0.0
24324,3,0.0
24325,2,1.0
24326,1,1.0
24327,1,0.0
24328,1,0.0
24329,43,0.0
24330,2,0.0
24331,2,0.0
24332,1,0.0
24333,1,0.0
24334,5,0.0
24335,1,0.0
24336,1,0.0
24337,2,0.0
24338,1,0.0
24339,3,0.0
24340,6,0.0
24341,1,0.0
24342,1,0.0
24343,16,1.0
24344,2,0.0
24345,2,0.0
24346,3,1.0
24347,2,0.0
24348,2,1.0
24349,1,0.0
24350,3,0.0
24351,1,0.0
24352,1,1.0
24353,2,0.0
24354,1,0.0
24355,1,0.0
24356,5,1.0
24357,2,0.0
24358,1,1.0
24359,1,0.0
24360,3,1.0
24361,2,0.0
24362,1,0.0
24363,1,1.0
24364,4,1.0
24365,4,1.0
24366,5,0.0
24367,1,0.0
24368,1,0.0
24369,1,0.0
24370,9,0.0
24371,1,0.0
24372,5,0.0
24373,2,0.0
24374,5,0.0
24375,4,0.0
24376,5,0.0
24377,1,1.0
24378,1,0.0
24379,2,0.0
24380,4,0.0
24381,4,0.0
24382,2,1.0
24383,1,0.0
24384,2,0.0
24385,1,1.0
24386,4,1.0
24387,3,0.0
24388,1,0.0
24389,1,0.0
24390,2,0.0
24391,1,0.0
24392,1,0.0
24393,3,1.0
24394,2,1.0
24395,2,0.0
24396,1,0.0
24397,1,0.0
24398,2,0.0
24399,1,0.0
24400,4,0.0
24401,2,0.0
24402,4,0.0
24403,2,0.0
24404,1,0.0
24405,1,0.0
24406,1,0.0
24407,1,0.0
24408,7,0.0
24409,3,1.0
24410,4,0.0
24411,2,1.0
24412,1,0.0
24413,4,1.0
24414,2,0.0
24415,4,1.0
24416,36,0.0
24417,2,0.0
24418,1,0.0
24419,2,1.0
24420,4,0.0
24421,3,1.0
24422,2,0.0
24423,1,0.0
24424,51,0.0
24425,1,0.0
24426,2,1.0
24427,2,0.0
24428,1,0.0
24429,5,0.0
24430,2,0.0
24431,16,1.0
24432,1,0.0
24433,3,1.0
24434,1,0.0
24435,1,1.0
24436,6,1.0
24437,1,0.0
24438,7,0.0
24439,15,0.0
24440,1,0.0
24441,1,0.0
24442,2,0.0
24443,1,0.0
24444,2,1.0
24445,1,0.0
24446,2,0.0
24447,2,0.0
24448,1,0.0
24449,2,1.0
24450,1,0.0
24451,1,1.0
24452,1,0.0
24453,4,0.0
24454,1,0.0
24455,1,0.0
24456,1,1.0
24457,1,1.0
24458,4,1.0
24459,1,0.0
24460,2,0.0
24461,1,0.0
24462,4,0.0
24463,1,0.0
24464,8,0.0
24465,4,0.0
24466,3,0.0
24467,1,0.0
24468,1,1.0
24469,1,0.0
24470,3,0.0
24471,2,0.0
24472,4,0.0
24473,2,0.0
24474,1,0.0
24475,1,0.0
24476,1,0.0
24477,2,1.0
24478,1,0.0
24479,4,0.0
24480,4,1.0
24481,4,1.0
24482,2,0.0
24483,1,0.0
24484,3,0.0
24485,2,1.0
24486,2,0.0
24487,1,0.0
24488,5,0.0
24489,3,1.0
24490,1,0.0
24491,3,0.0
24492,2,1.0
24493,2,1.0
24494,5,0.0
24495,4,0.0
24496,2,0.0
24497,3,1.0
24498,3,0.0
24499,2,0.0
24500,1,0.0
24501,1,0.0
24502,1,0.0
24503,2,1.0
24504,5,0.0
24505,2,0.0
24506,1,0.0
24507,3,0.0
24508,1,0.0
24509,1,0.0
24510,2,1.0
24511,3,0.0
24512,2,0.0
24513,1,0.0
24514,2,0.0
24515,4,1.0
24516,1,0.0
24517,1,0.0
24518,44,0.0
24519,6,1.0
24520,1,0.0
24521,2,1.0
24522,2,0.0
24523,1,0.0
24524,2,0.0
24525,1,0.0
24526,1,0.0
24527,4,1.0
24528,6,0.0
24529,4,1.0
24530,1,0.0
24531,3,0.0
24532,4,0.0
24533,24,0.0
24534,1,0.0
24535,1,0.0
24536,5,0.0
24537,3,0.0
24538,1,1.0
24539,1,0.0
24540,4,0.0
24541,1,1.0
24542,2,0.0
24543,5,0.0
24544,2,0.0
24545,1,0.0
24546,2,0.0
24547,1,0.0
24548,1,1.0
24549,3,0.0
24550,2,0.0
24551,1,1.0
24552,1,1.0
24553,1,0.0
24554,1,0.0
24555,3,1.0
24556,1,0.0
24557,1,1.0
24558,1,0.0
24559,1,0.0
24560,1,0.0
24561,1,0.0
24562,2,0.0
24563,1,0.0
24564,2,1.0
24565,1,0.0
24566,3,0.0
24567,1,0.0
24568,5,0.0
24569,1,0.0
24570,1,0.0
24571,1,0.0
24572,3,0.0
24573,1,0.0
24574,1,1.0
24575,1,0.0
24576,1,0.0
24577,2,0.0
24578,5,0.0
24579,2,1.0
24580,4,0.0
24581,3,0.0
24582,2,0.0
24583,3,0.0
24584,1,0.0
24585,3,0.0
24586,3,0.0
24587,1,0.0
24588,1,0.0
24589,1,1.0
24590,1,0.0
24591,3,0.0
24592,1,0.0
24593,2,0.0
24594,36,0.0
24595,1,1.0
24596,1,0.0
24597,42,0.0
24598,4,0.0
24599,1,1.0
24600,1,0.0
24601,2,1.0
24602,4,1.0
24603,1,0.0
24604,5,0.0
24605,6,1.0
24606,1,0.0
24607,1,1.0
24608,6,0.0
24609,1,0.0
24610,1,0.0
24611,3,1.0
24612,8,0.0
24613,1,0.0
24614,2,0.0
24615,4,0.0
24616,2,0.0
24617,5,0.0
24618,2,1.0
24619,3,1.0
24620,3,0.0
24621,2,0.0
24622,2,0.0
24623,2,0.0
24624,4,1.0
24625,1,0.0
24626,6,0.0
24627,5,0.0
24628,1,1.0
24629,2,0.0
24630,1,0.0
24631,2,1.0
24632,1,0.0
24633,25,0.0
24634,2,0.0
24635,3,0.0
24636,4,1.0
24637,2,0.0
24638,1,0.0
24639,3,0.0
24640,2,1.0
24641,4,0.0
24642,1,0.0
24643,1,0.0
24644,3,1.0
24645,3,0.0
24646,2,0.0
24647,4,0.0
24648,1,0.0
24649,3,0.0
24650,1,0.0
24651,1,0.0
24652,2,1.0
24653,3,0.0
24654,1,0.0
24655,2,0.0
24656,3,1.0
24657,1,0.0
24658,8,0.0
24659,1,0.0
24660,2,0.0
24661,1,0.0
24662,1,0.0
24663,1,0.0
24664,1,0.0
24665,2,0.0
24666,3,0.0
24667,2,1.0
24668,29,0.0
24669,4,1.0
24670,1,0.0
24671,2,0.0
24672,3,1.0
24673,2,0.0
24674,1,0.0
24675,1,0.0
24676,1,1.0
24677,3,0.0
24678,1,0.0
24679,50,0.0
24680,4,0.0
24681,1,0.0
24682,29,0.0
24683,1,1.0
24684,3,1.0
24685,1,0.0
24686,5,0.0
24687,1,0.0
24688,2,0.0
24689,2,0.0
24690,1,0.0
24691,9,0.0
24692,1,1.0
24693,1,0.0
24694,4,1.0
24695,6,0.0
24696,3,1.0
24697,1,0.0
24698,1,0.0
24699,2,1.0
24700,1,0.0
24701,2,1.0
24702,1,0.0
24703,5,0.0
24704,2,0.0
24705,1,0.0
24706,12,1.0
24707,2,0.0
24708,2,0.0
24709,1,0.0
24710,1,0.0
24711,4,1.0
24712,9,0.0
24713,1,0.0
24714,14,0.0
24715,1,1.0
24716,1,1.0
24717,1,1.0
24718,5,1.0
24719,1,0.0
24720,4,0.0
24721,2,0.0
24722,1,0.0
24723,3,1.0
24724,2,1.0
24725,4,1.0
24726,2,0.0
24727,1,0.0
24728,3,1.0
24729,2,1.0
24730,1,0.0
24731,1,0.0
24732,1,0.0
24733,1,0.0
24734,6,0.0
24735,3,0.0
24736,3,1.0
24737,3,0.0
24738,2,0.0
24739,6,1.0
24740,7,0.0
24741,2,0.0
24742,5,0.0
24743,1,0.0
24744,2,1.0
24745,2,0.0
24746,43,0.0
24747,3,0.0
24748,4,0.0
24749,1,0.0
24750,1,0.0
24751,1,0.0
24752,1,0.0
24753,1,1.0
24754,2,0.0
24755,1,0.0
24756,2,0.0
24757,3,1.0
24758,1,0.0
24759,3,0.0
24760,29,1.0
24761,20,0.0
24762,1,0.0
24763,1,0.0
24764,5,1.0
24765,1,1.0
24766,5,0.0
24767,3,1.0
24768,1,0.0
24769,1,0.0
24770,2,0.0
24771,1,0.0
24772,1,0.0
24773,3,1.0
24774,1,0.0
24775,4,1.0
24776,4,0.0
24777,2,0.0
24778,5,0.0
24779,1,0.0
24780,1,1.0
24781,3,0.0
24782,3,0.0
24783,1,0.0
24784,1,0.0
24785,1,0.0
24786,5,0.0
24787,3,0.0
24788,1,0.0
24789,2,0.0
24790,2,1.0
24791,5,0.0
24792,1,0.0
24793,4,1.0
24794,1,0.0
24795,2,0.0
24796,1,0.0
24797,1,0.0
24798,5,0.0
24799,8,0.0
24800,1,0.0
24801,1,1.0
24802,6,0.0
24803,3,1.0
24804,2,0.0
24805,1,0.0
24806,4,1.0
24807,1,0.0
24808,1,0.0
24809,3,0.0
24810,1,0.0
24811,2,0.0
24812,5,0.0
24813,3,0.0
24814,3,0.0
24815,2,0.0
24816,1,0.0
24817,2,1.0
24818,1,0.0
24819,2,0.0
24820,2,0.0
24821,31,0.0
24822,2,0.0
24823,1,0.0
24824,1,0.0
24825,3,0.0
24826,2,1.0
24827,1,1.0
24828,3,0.0
24829,1,0.0
24830,2,0.0
24831,1,0.0
24832,6,0.0
24833,1,1.0
24834,3,1.0
24835,1,0.0
24836,2,1.0
24837,4,1.0
24838,3,1.0
24839,2,0.0
24840,3,0.0
24841,2,1.0
24842,1,1.0
24843,1,0.0
24844,1,0.0
24845,5,0.0
24846,3,0.0
24847,8,0.0
24848,2,1.0
24849,8,0.0
24850,6,0.0
24851,1,1.0
24852,2,0.0
24853,21,0.0
24854,4,1.0
24855,1,0.0
24856,4,1.0
24857,3,0.0
24858,5,0.0
24859,2,0.0
24860,2,0.0
24861,1,0.0
24862,29,0.0
24863,6,0.0
24864,4,1.0
24865,3,0.0
24866,1,0.0
24867,2,0.0
24868,4,0.0
24869,6,0.0
24870,1,0.0
24871,3,0.0
24872,3,1.0
24873,1,0.0
24874,1,0.0
24875,1,0.0
24876,3,0.0
24877,2,0.0
24878,2,1.0
24879,1,0.0
24880,1,1.0
24881,10,0.0
24882,1,0.0
24883,1,0.0
24884,3,0.0
24885,1,1.0
24886,4,1.0
24887,1,0.0
24888,1,0.0
24889,1,0.0
24890,4,0.0
24891,1,0.0
24892,2,0.0
24893,1,0.0
24894,1,1.0
24895,2,1.0
24896,27,0.0
24897,2,1.0
24898,2,1.0
24899,3,1.0
24900,1,0.0
24901,5,0.0
24902,2,1.0
24903,4,1.0
24904,3,1.0
24905,5,0.0
24906,1,0.0
24907,3,0.0
24908,7,0.0
24909,1,0.0
24910,6,1.0
24911,1,0.0
24912,1,1.0
24913,1,0.0
24914,1,1.0
24915,1,0.0
24916,4,0.0
24917,52,0.0
24918,2,0.0
24919,2,0.0
24920,1,1.0
24921,1,0.0
24922,1,0.0
24923,3,0.0
24924,1,0.0
24925,1,0.0
24926,1,0.0
24927,3,0.0
24928,3,0.0
24929,1,1.0
24930,2,0.0
24931,7,1.0
24932,1,1.0
24933,4,0.0
24934,1,0.0
24935,1,0.0
24936,3,0.0
24937,4,0.0
24938,1,0.0
24939,1,0.0
24940,5,0.0
24941,1,0.0
24942,3,1.0
24943,1,1.0
24944,9,0.0
24945,2,0.0
24946,25,0.0
24947,1,0.0
24948,3,1.0
24949,2,1.0
24950,2,0.0
24951,3,1.0
24952,2,0.0
24953,3,0.0
24954,2,0.0
24955,2,0.0
24956,4,1.0
24957,2,1.0
24958,1,0.0
24959,5,1.0
24960,2,1.0
24961,2,0.0
24962,1,0.0
24963,3,1.0
24964,1,0.0
24965,1,0.0
24966,2,0.0
24967,5,0.0
24968,3,0.0
24969,4,1.0
24970,2,1.0
24971,2,0.0
24972,1,0.0
24973,1,1.0
24974,1,0.0
24975,3,0.0
24976,3,0.0
24977,1,0.0
24978,1,0.0
24979,3,0.0
24980,14,0.0
24981,2,1.0
24982,2,1.0
24983,11,0.0
24984,5,0.0
24985,4,1.0
24986,4,0.0
24987,2,0.0
24988,7,0.0
24989,4,1.0
24990,1,1.0
24991,1,0.0
24992,1,0.0
24993,2,1.0
24994,1,1.0
24995,1,0.0
24996,1,0.0
24997,1,1.0
24998,6,0.0
24999,2,0.0
25000,4,1.0
25001,3,0.0
25002,1,1.0
25003,2,0.0
25004,1,1.0
25005,2,1.0
25006,29,0.0
25007,3,0.0
25008,58,0.0
25009,1,0.0
25010,2,0.0
25011,1,0.0
25012,8,0.0
25013,2,0.0
25014,1,0.0
25015,1,0.0
25016,39,0.0
25017,4,0.0
25018,1,0.0
25019,1,1.0
25020,5,0.0
25021,7,0.0
25022,1,0.0
25023,3,1.0
25024,3,0.0
25025,3,0.0
25026,2,0.0
25027,1,0.0
25028,1,0.0
25029,1,0.0
25030,4,0.0
25031,4,0.0
25032,1,0.0
25033,3,0.0
25034,49,0.0
25035,1,1.0
25036,3,0.0
25037,5,0.0
25038,2,0.0
25039,3,0.0
25040,5,0.0
25041,2,1.0
25042,1,0.0
25043,1,0.0
25044,2,0.0
25045,1,0.0
25046,9,0.0
25047,3,0.0
25048,48,0.0
25049,1,1.0
25050,1,0.0
25051,36,0.0
25052,1,0.0
25053,1,0.0
25054,31,0.0
25055,2,0.0
25056,58,0.0
25057,2,0.0
25058,2,1.0
25059,2,0.0
25060,2,0.0
25061,1,0.0
25062,52,0.0
25063,3,0.0
25064,1,0.0
25065,4,1.0
25066,2,0.0
25067,1,0.0
25068,2,1.0
25069,2,0.0
25070,1,0.0
25071,1,1.0
25072,3,1.0
25073,1,0.0
25074,1,0.0
25075,1,0.0
25076,1,1.0
25077,4,0.0
25078,1,0.0
25079,1,0.0
25080,2,0.0
25081,3,1.0
25082,1,0.0
25083,2,1.0
25084,1,0.0
25085,5,0.0
25086,1,0.0
25087,1,0.0
25088,1,0.0
25089,4,0.0
25090,2,1.0
25091,2,1.0
25092,41,1.0
25093,3,1.0
25094,2,1.0
25095,1,0.0
25096,4,1.0
25097,2,0.0
25098,2,0.0
25099,3,0.0
25100,5,0.0
25101,3,0.0
25102,2,0.0
25103,5,0.0
25104,7,0.0
25105,1,1.0
25106,1,0.0
25107,5,1.0
25108,2,0.0
25109,6,0.0
25110,1,1.0
25111,1,0.0
25112,2,0.0
25113,1,0.0
25114,37,0.0
25115,1,1.0
25116,4,1.0
25117,1,1.0
25118,46,0.0
25119,1,0.0
25120,3,1.0
25121,3,1.0
25122,1,0.0
25123,1,0.0
25124,3,0.0
25125,4,0.0
25126,1,0.0
25127,2,0.0
25128,2,0.0
25129,1,0.0
25130,1,0.0
25131,1,1.0
25132,1,0.0
25133,2,0.0
25134,1,0.0
25135,4,0.0
25136,2,0.0
25137,3,1.0
25138,2,1.0
25139,3,1.0
25140,4,0.0
25141,1,0.0
25142,3,1.0
25143,21,0.0
25144,1,1.0
25145,1,0.0
25146,1,0.0
25147,1,0.0
25148,2,0.0
25149,1,0.0
25150,1,0.0
25151,2,0.0
25152,1,0.0
25153,1,0.0
25154,5,0.0
25155,5,0.0
25156,2,0.0
25157,3,0.0
25158,10,1.0
25159,1,0.0
25160,1,0.0
25161,3,0.0
25162,6,0.0
25163,2,0.0
25164,6,0.0
25165,4,0.0
25166,1,0.0
25167,2,1.0
25168,1,1.0
25169,1,0.0
25170,3,0.0
25171,7,1.0
25172,2,0.0
25173,2,1.0
25174,4,0.0
25175,1,1.0
25176,2,1.0
25177,1,0.0
25178,3,1.0
25179,9,0.0
25180,1,0.0
25181,1,0.0
25182,2,0.0
25183,2,1.0
25184,1,0.0
25185,2,0.0
25186,2,0.0
25187,2,1.0
25188,2,0.0
25189,1,0.0
25190,1,0.0
25191,1,1.0
25192,4,1.0
25193,1,0.0
25194,1,0.0
25195,6,0.0
25196,2,0.0
25197,1,0.0
25198,4,0.0
25199,4,0.0
25200,2,0.0
25201,12,0.0
25202,2,0.0
25203,4,0.0
25204,1,0.0
25205,1,1.0
25206,1,0.0
25207,2,0.0
25208,1,0.0
25209,1,0.0
25210,2,0.0
25211,2,0.0
25212,1,0.0
25213,1,0.0
25214,12,0.0
25215,4,0.0
25216,3,0.0
25217,2,0.0
25218,2,1.0
25219,44,0.0
25220,14,0.0
25221,2,0.0
25222,2,0.0
25223,1,0.0
25224,3,1.0
25225,5,0.0
25226,3,1.0
25227,1,0.0
25228,1,0.0
25229,1,1.0
25230,5,0.0
25231,2,0.0
25232,1,0.0
25233,3,0.0
25234,2,0.0
25235,7,0.0
25236,4,0.0
25237,3,0.0
25238,2,1.0
25239,4,0.0
25240,1,0.0
25241,5,0.0
25242,9,1.0
25243,1,0.0
25244,1,0.0
25245,1,0.0
25246,4,1.0
25247,1,0.0
25248,6,1.0
25249,2,0.0
25250,1,0.0
25251,1,1.0
25252,50,0.0
25253,1,0.0
25254,1,0.0
25255,2,0.0
25256,4,1.0
25257,6,0.0
25258,2,1.0
25259,3,0.0
25260,4,0.0
25261,1,0.0
25262,25,1.0
25263,1,0.0
25264,1,1.0
25265,2,0.0
25266,1,0.0
25267,2,0.0
25268,7,0.0
25269,1,0.0
25270,1,0.0
25271,1,0.0
25272,39,0.0
25273,3,0.0
25274,2,0.0
25275,3,0.0
25276,1,0.0
25277,1,0.0
25278,9,0.0
25279,1,0.0
25280,1,1.0
25281,2,1.0
25282,2,0.0
25283,1,0.0
25284,1,0.0
25285,3,0.0
25286,1,0.0
25287,1,0.0
25288,1,0.0
25289,7,1.0
25290,2,0.0
25291,3,0.0
25292,3,1.0
25293,2,0.0
25294,1,0.0
25295,1,0.0
25296,2,1.0
25297,1,0.0
25298,32,0.0
25299,47,0.0
25300,1,1.0
25301,2,0.0
25302,1,0.0
25303,3,1.0
25304,4,1.0
25305,4,1.0
25306,1,0.0
25307,3,0.0
25308,2,1.0
25309,2,0.0
25310,2,1.0
25311,1,0.0
25312,2,0.0
25313,7,0.0
25314,1,0.0
25315,1,0.0
25316,5,0.0
25317,4,0.0
25318,1,0.0
25319,1,0.0
25320,4,1.0
25321,2,1.0
25322,1,1.0
25323,2,0.0
25324,1,0.0
25325,1,0.0
25326,9,0.0
25327,3,1.0
25328,1,0.0
25329,3,0.0
25330,4,1.0
25331,2,0.0
25332,7,0.0
25333,5,0.0
25334,2,0.0
25335,2,0.0
25336,1,0.0
25337,6,0.0
25338,1,0.0
25339,1,1.0
25340,1,0.0
25341,2,0.0
25342,2,0.0
25343,2,0.0
25344,3,0.0
25345,1,0.0
25346,1,0.0
25347,1,1.0
25348,1,0.0
25349,2,0.0
25350,1,0.0
25351,12,0.0
25352,1,1.0
25353,3,0.0
25354,1,0.0
25355,1,0.0
25356,2,0.0
25357,1,1.0
25358,3,1.0
25359,1,1.0
25360,1,0.0
25361,1,0.0
25362,37,0.0
25363,31,0.0
25364,2,0.0
25365,5,1.0
25366,6,0.0
25367,1,1.0
25368,1,0.0
25369,30,0.0
25370,6,0.0
25371,1,1.0
25372,1,0.0
25373,7,0.0
25374,6,0.0
25375,1,0.0
25376,21,1.0
25377,1,0.0
25378,3,1.0
25379,3,0.0
25380,5,1.0
25381,1,0.0
25382,7,0.0
25383,2,1.0
25384,2,1.0
25385,3,1.0
25386,1,0.0
25387,4,1.0
25388,1,0.0
25389,2,0.0
25390,1,0.0
25391,1,0.0
25392,1,0.0
25393,3,0.0
25394,2,0.0
25395,1,1.0
25396,1,0.0
25397,8,0.0
25398,47,0.0
25399,1,0.0
25400,4,1.0
25401,2,0.0
25402,2,1.0
25403,13,0.0
25404,1,0.0
25405,2,1.0
25406,8,0.0
25407,2,1.0
25408,2,0.0
25409,3,0.0
25410,4,0.0
25411,1,1.0
25412,8,0.0
25413,40,1.0
25414,1,1.0
25415,6,0.0
25416,1,0.0
25417,1,0.0
25418,1,1.0
25419,2,1.0
25420,1,0.0
25421,3,0.0
25422,2,0.0
25423,1,0.0
25424,4,1.0
25425,3,0.0
25426,8,0.0
25427,3,0.0
25428,2,0.0
25429,50,0.0
25430,1,0.0
25431,4,1.0
25432,1,0.0
25433,31,0.0
25434,29,0.0
25435,4,0.0
25436,5,0.0
25437,1,0.0
25438,2,1.0
25439,1,0.0
25440,5,0.0
25441,3,1.0
25442,4,1.0
25443,1,0.0
25444,4,0.0
25445,1,1.0
25446,1,0.0
25447,1,1.0
25448,1,0.0
25449,2,1.0
25450,4,0.0
25451,1,0.0
25452,2,0.0
25453,1,0.0
25454,1,0.0
25455,1,0.0
25456,3,0.0
25457,1,0.0
25458,1,0.0
25459,1,0.0
25460,1,0.0
25461,1,0.0
25462,1,1.0
25463,2,0.0
25464,2,0.0
25465,6,1.0
25466,1,0.0
25467,2,0.0
25468,3,1.0
25469,1,0.0
25470,1,1.0
25471,1,1.0
25472,2,0.0
25473,4,0.0
25474,1,0.0
25475,1,1.0
25476,1,0.0
25477,2,1.0
25478,1,0.0
25479,5,0.0
25480,2,0.0
25481,1,0.0
25482,1,0.0
25483,3,0.0
25484,2,0.0
25485,3,0.0
25486,2,1.0
25487,3,1.0
25488,1,0.0
25489,3,0.0
25490,3,1.0
25491,4,0.0
25492,5,0.0
25493,2,0.0
25494,1,0.0
25495,1,0.0
25496,7,0.0
25497,3,0.0
25498,1,0.0
25499,1,1.0
25500,1,0.0
25501,1,0.0
25502,1,1.0
25503,1,0.0
25504,3,1.0
25505,2,0.0
25506,3,1.0
25507,3,1.0
25508,1,0.0
25509,1,0.0
25510,2,0.0
25511,6,0.0
25512,2,0.0
25513,1,0.0
25514,18,0.0
25515,1,1.0
25516,1,1.0
25517,2,0.0
25518,1,1.0
25519,3,0.0
25520,4,1.0
25521,1,1.0
25522,2,0.0
25523,3,0.0
25524,1,0.0
25525,4,0.0
25526,1,1.0
25527,7,0.0
25528,5,0.0
25529,1,0.0
25530,1,0.0
25531,3,1.0
25532,1,0.0
25533,22,0.0
25534,1,0.0
25535,1,0.0
25536,2,0.0
25537,2,0.0
25538,2,0.0
25539,4,0.0
25540,3,0.0
25541,1,0.0
25542,1,0.0
25543,4,1.0
25544,3,0.0
25545,1,1.0
25546,1,0.0
25547,2,0.0
25548,1,0.0
25549,1,0.0
25550,8,0.0
25551,1,1.0
25552,2,0.0
25553,1,0.0
25554,3,0.0
25555,3,0.0
25556,1,0.0
25557,3,1.0
25558,2,1.0
25559,2,0.0
25560,1,0.0
25561,1,0.0
25562,5,0.0
25563,1,0.0
25564,3,0.0
25565,4,0.0
25566,3,1.0
25567,1,0.0
25568,4,1.0
25569,1,1.0
25570,15,0.0
25571,3,0.0
25572,30,0.0
25573,3,0.0
25574,23,0.0
25575,1,1.0
25576,3,1.0
25577,3,1.0
25578,1,0.0
25579,2,1.0
25580,2,0.0
25581,2,0.0
25582,17,0.0
25583,1,0.0
25584,1,0.0
25585,6,0.0
25586,1,0.0
25587,2,0.0
25588,2,0.0
25589,1,1.0
25590,3,1.0
25591,1,0.0
25592,2,0.0
25593,6,0.0
25594,3,0.0
25595,3,0.0
25596,4,1.0
25597,3,0.0
25598,1,0.0
25599,1,0.0
25600,6,0.0
25601,7,0.0
25602,1,0.0
25603,1,0.0
25604,1,0.0
25605,3,0.0
25606,2,0.0
25607,3,1.0
25608,2,0.0
25609,7,0.0
25610,2,0.0
25611,4,0.0
25612,1,0.0
25613,3,0.0
25614,2,1.0
25615,3,1.0
25616,1,0.0
25617,5,1.0
25618,3,0.0
25619,4,1.0
25620,1,0.0
25621,4,1.0
25622,1,0.0
25623,5,0.0
25624,8,0.0
25625,4,0.0
25626,1,0.0
25627,1,0.0
25628,2,0.0
25629,2,1.0
25630,1,1.0
25631,2,0.0
25632,1,1.0
25633,2,0.0
25634,4,0.0
25635,5,1.0
25636,5,0.0
25637,3,0.0
25638,1,0.0
25639,1,0.0
25640,1,1.0
25641,4,1.0
25642,5,0.0
25643,2,1.0
25644,3,1.0
25645,1,0.0
25646,1,0.0
25647,2,0.0
25648,3,0.0
25649,3,1.0
25650,57,0.0
25651,1,0.0
25652,1,0.0
25653,1,0.0
25654,1,0.0
25655,1,1.0
25656,3,1.0
25657,3,0.0
25658,2,0.0
25659,1,1.0
25660,2,0.0
25661,2,0.0
25662,2,0.0
25663,1,0.0
25664,1,0.0
25665,1,0.0
25666,2,0.0
25667,5,0.0
25668,1,0.0
25669,2,0.0
25670,5,0.0
25671,4,0.0
25672,1,1.0
25673,4,0.0
25674,1,0.0
25675,2,0.0
25676,2,0.0
25677,1,0.0
25678,1,0.0
25679,1,0.0
25680,5,0.0
25681,4,0.0
25682,2,0.0
25683,19,0.0
25684,2,0.0
25685,2,0.0
25686,24,0.0
25687,2,0.0
25688,2,0.0
25689,6,0.0
25690,1,0.0
25691,3,0.0
25692,1,0.0
25693,5,0.0
25694,1,0.0
25695,3,0.0
25696,3,0.0
25697,1,1.0
25698,3,1.0
25699,3,1.0
25700,9,0.0
25701,4,1.0
25702,3,0.0
25703,1,0.0
25704,2,0.0
25705,1,1.0
25706,1,1.0
25707,23,0.0
25708,2,0.0
25709,1,0.0
25710,4,1.0
25711,2,0.0
25712,2,0.0
25713,2,0.0
25714,17,0.0
25715,2,0.0
25716,2,0.0
25717,3,1.0
25718,2,0.0
25719,3,0.0
25720,3,0.0
25721,3,0.0
25722,2,0.0
25723,2,0.0
25724,6,0.0
25725,2,1.0
25726,2,0.0
25727,2,0.0
25728,1,0.0
25729,4,1.0
25730,1,1.0
25731,1,0.0
25732,1,0.0
25733,1,0.0
25734,1,0.0
25735,2,0.0
25736,1,0.0
25737,1,0.0
25738,1,0.0
25739,2,1.0
25740,1,0.0
25741,2,0.0
25742,2,0.0
25743,1,0.0
25744,3,1.0
25745,1,1.0
25746,3,0.0
25747,1,0.0
25748,1,0.0
25749,1,0.0
25750,1,1.0
25751,3,1.0
25752,1,0.0
25753,3,0.0
25754,2,0.0
25755,55,0.0
25756,2,0.0
25757,3,1.0
25758,1,0.0
25759,1,0.0
25760,3,0.0
25761,1,1.0
25762,1,0.0
25763,1,0.0
25764,1,0.0
25765,1,0.0
25766,3,1.0
25767,8,0.0
25768,5,0.0
25769,1,0.0
25770,10,1.0
25771,1,0.0
25772,1,1.0
25773,2,0.0
25774,1,0.0
25775,51,0.0
25776,1,0.0
25777,1,0.0
25778,2,0.0
25779,1,0.0
25780,1,0.0
25781,1,0.0
25782,3,1.0
25783,2,0.0
25784,2,1.0
25785,1,0.0
25786,2,1.0
25787,1,0.0
25788,1,0.0
25789,4,0.0
25790,1,0.0
25791,3,0.0
25792,1,1.0
25793,2,0.0
25794,1,0.0
25795,1,0.0
25796,13,0.0
25797,2,1.0
25798,1,0.0
25799,5,0.0
25800,1,0.0
25801,1,1.0
25802,3,0.0
25803,2,0.0
25804,2,0.0
25805,2,0.0
25806,1,0.0
25807,1,0.0
25808,3,0.0
25809,2,0.0
25810,1,0.0
25811,1,1.0
25812,3,0.0
25813,2,0.0
25814,1,0.0
25815,1,0.0
25816,4,1.0
25817,1,0.0
25818,1,0.0
25819,5,0.0
25820,1,1.0
25821,1,0.0
25822,2,0.0
25823,6,0.0
25824,1,0.0
25825,4,0.0
25826,3,0.0
25827,2,1.0
25828,6,0.0
25829,3,0.0
25830,4,0.0
25831,5,1.0
25832,1,1.0
25833,1,0.0
25834,5,0.0
25835,2,0.0
25836,1,0.0
25837,3,1.0
25838,2,0.0
25839,6,0.0
25840,2,1.0
25841,1,0.0
25842,2,0.0
25843,2,1.0
25844,1,0.0
25845,3,0.0
25846,11,0.0
25847,2,1.0
25848,2,0.0
25849,1,1.0
25850,1,0.0
25851,1,0.0
25852,2,0.0
25853,1,0.0
25854,1,1.0
25855,4,0.0
25856,4,0.0
25857,1,0.0
25858,7,0.0
25859,1,1.0
25860,1,0.0
25861,2,1.0
25862,1,1.0
25863,1,0.0
25864,2,0.0
25865,2,0.0
25866,18,0.0
25867,1,0.0
25868,3,0.0
25869,1,0.0
25870,3,0.0
25871,4,0.0
25872,2,0.0
25873,3,0.0
25874,4,0.0
25875,2,1.0
25876,1,0.0
25877,1,0.0
25878,1,1.0
25879,1,0.0
25880,1,0.0
25881,1,1.0
25882,3,0.0
25883,2,1.0
25884,3,1.0
25885,1,0.0
25886,1,0.0
25887,1,0.0
25888,1,1.0
25889,2,0.0
25890,1,0.0
25891,8,0.0
25892,1,1.0
25893,8,0.0
25894,1,0.0
25895,1,0.0
25896,1,1.0
25897,1,0.0
25898,2,1.0
25899,6,0.0
25900,1,0.0
25901,6,0.0
25902,56,1.0
25903,2,0.0
25904,4,1.0
25905,3,0.0
25906,5,0.0
25907,2,0.0
25908,1,1.0
25909,3,1.0
25910,2,0.0
25911,5,0.0
25912,2,0.0
25913,1,0.0
25914,1,1.0
25915,1,1.0
25916,2,0.0
25917,4,0.0
25918,2,0.0
25919,1,0.0
25920,2,1.0
25921,2,0.0
25922,1,0.0
25923,2,0.0
25924,7,0.0
25925,1,0.0
25926,1,0.0
25927,4,1.0
25928,2,0.0
25929,6,0.0
25930,1,0.0
25931,1,0.0
25932,1,0.0
25933,1,0.0
25934,2,0.0
25935,2,0.0
25936,1,1.0
25937,3,0.0
25938,2,0.0
25939,7,0.0
25940,1,1.0
25941,3,0.0
25942,1,0.0
25943,1,0.0
25944,2,1.0
25945,1,0.0
25946,5,0.0
25947,6,1.0
25948,1,0.0
25949,1,0.0
25950,3,0.0
25951,2,0.0
25952,5,0.0
25953,7,0.0
25954,30,0.0
25955,25,0.0
25956,2,1.0
25957,3,1.0
25958,1,1.0
25959,51,0.0
25960,2,1.0
25961,1,0.0
25962,1,1.0
25963,1,1.0
25964,5,0.0
25965,3,1.0
25966,2,0.0
25967,4,0.0
25968,1,0.0
25969,3,0.0
25970,2,0.0
25971,3,0.0
25972,1,0.0
25973,3,0.0
25974,3,0.0
25975,1,1.0
25976,5,0.0
25977,1,1.0
25978,3,0.0
25979,2,0.0
25980,6,0.0
25981,1,0.0
25982,1,0.0
25983,1,0.0
25984,4,1.0
25985,2,0.0
25986,1,0.0
25987,2,0.0
25988,5,0.0
25989,1,0.0
25990,3,0.0
25991,1,1.0
25992,1,0.0
25993,3,0.0
25994,4,1.0
25995,3,1.0
25996,2,0.0
25997,1,0.0
25998,1,0.0
25999,1,0.0
26000,3,0.0
26001,2,0.0
26002,5,0.0
26003,3,1.0
26004,1,0.0
26005,3,1.0
26006,1,0.0
26007,3,1.0
26008,2,1.0
26009,2,0.0
26010,2,0.0
26011,4,1.0
26012,1,0.0
26013,1,0.0
26014,1,0.0
26015,2,0.0
26016,2,0.0
26017,2,0.0
26018,58,0.0
26019,1,0.0
26020,1,0.0
26021,4,0.0
26022,4,1.0
26023,1,0.0
26024,1,0.0
26025,4,0.0
26026,2,1.0
26027,2,1.0
26028,2,1.0
26029,1,0.0
26030,1,0.0
26031,1,0.0
26032,1,0.0
26033,5,0.0
26034,2,0.0
26035,3,1.0
26036,1,1.0
26037,4,1.0
26038,1,0.0
26039,2,1.0
26040,3,1.0
26041,1,1.0
26042,1,0.0
26043,3,0.0
26044,2,0.0
26045,6,0.0
26046,1,0.0
26047,2,1.0
26048,5,0.0
26049,1,0.0
26050,3,1.0
26051,1,0.0
26052,2,1.0
26053,2,0.0
26054,3,0.0
26055,2,0.0
26056,2,0.0
26057,2,0.0
26058,2,1.0
26059,3,0.0
26060,3,0.0
26061,48,0.0
26062,3,1.0
26063,4,0.0
26064,2,0.0
26065,1,0.0
26066,5,1.0
26067,1,0.0
26068,2,0.0
26069,2,1.0
26070,2,0.0
26071,1,0.0
26072,1,1.0
26073,2,0.0
26074,2,0.0
26075,2,0.0
26076,2,0.0
26077,1,0.0
26078,18,0.0
26079,3,0.0
26080,2,0.0
26081,1,0.0
26082,3,1.0
26083,3,0.0
26084,3,1.0
26085,2,0.0
26086,51,0.0
26087,1,0.0
26088,1,0.0
26089,1,0.0
26090,1,1.0
26091,1,0.0
26092,29,0.0
26093,3,1.0
26094,4,0.0
26095,3,0.0
26096,2,0.0
26097,57,0.0
26098,1,1.0
26099,1,0.0
26100,1,0.0
26101,4,0.0
26102,4,0.0
26103,2,0.0
26104,2,0.0
26105,1,0.0
26106,3,1.0
26107,5,0.0
26108,33,0.0
26109,5,0.0
26110,8,0.0
26111,19,0.0
26112,1,0.0
26113,1,1.0
26114,4,1.0
26115,1,0.0
26116,1,0.0
26117,2,0.0
26118,2,0.0
26119,6,1.0
26120,3,0.0
26121,3,1.0
26122,1,0.0
26123,1,0.0
26124,48,1.0
26125,6,1.0
26126,3,0.0
26127,3,0.0
26128,2,1.0
26129,3,1.0
26130,2,0.0
26131,1,0.0
26132,1,0.0
26133,2,1.0
26134,4,1.0
26135,5,0.0
26136,2,0.0
26137,2,1.0
26138,4,0.0
26139,5,0.0
26140,3,0.0
26141,1,1.0
26142,3,0.0
26143,2,1.0
26144,1,1.0
26145,7,1.0
26146,1,0.0
26147,14,0.0
26148,1,0.0
26149,2,0.0
26150,1,0.0
26151,1,0.0
26152,3,0.0
26153,2,0.0
26154,7,1.0
26155,2,0.0
26156,1,0.0
26157,2,0.0
26158,1,0.0
26159,7,1.0
26160,2,0.0
26161,1,1.0
26162,2,0.0
26163,1,0.0
26164,2,0.0
26165,2,1.0
26166,1,1.0
26167,4,0.0
26168,7,1.0
26169,6,1.0
26170,4,1.0
26171,6,0.0
26172,5,0.0
26173,3,0.0
26174,1,0.0
26175,1,0.0
26176,3,1.0
26177,2,0.0
26178,27,1.0
26179,1,0.0
26180,1,1.0
26181,1,0.0
26182,5,0.0
26183,1,0.0
26184,1,0.0
26185,6,0.0
26186,1,0.0
26187,4,0.0
26188,16,0.0
26189,2,0.0
26190,1,0.0
26191,2,1.0
26192,3,1.0
26193,2,0.0
26194,2,0.0
26195,1,0.0
26196,4,0.0
26197,2,0.0
26198,3,0.0
26199,2,1.0
26200,1,0.0
26201,2,0.0
26202,1,0.0
26203,3,1.0
26204,2,0.0
26205,2,0.0
26206,2,0.0
26207,2,1.0
26208,32,0.0
26209,1,0.0
26210,2,0.0
26211,2,0.0
26212,2,0.0
26213,1,1.0
26214,7,0.0
26215,3,0.0
26216,4,1.0
26217,3,1.0
26218,5,0.0
26219,1,0.0
26220,2,0.0
26221,4,1.0
26222,15,0.0
26223,1,0.0
26224,6,0.0
26225,4,0.0
26226,2,0.0
26227,1,0.0
26228,1,1.0
26229,3,1.0
26230,3,0.0
26231,4,0.0
26232,2,1.0
26233,4,1.0
26234,1,1.0
26235,2,0.0
26236,1,0.0
26237,2,0.0
26238,12,0.0
26239,34,0.0
26240,2,1.0
26241,5,0.0
26242,1,0.0
26243,2,0.0
26244,1,0.0
26245,2,0.0
26246,2,0.0
26247,2,0.0
26248,3,0.0
26249,3,1.0
26250,2,0.0
26251,3,0.0
26252,1,1.0
26253,2,0.0
26254,1,0.0
26255,2,0.0
26256,2,0.0
26257,2,1.0
26258,2,0.0
26259,1,0.0
26260,1,0.0
26261,3,0.0
26262,1,0.0
26263,1,0.0
26264,4,1.0
26265,1,0.0
26266,1,0.0
26267,1,1.0
26268,1,1.0
26269,9,0.0
26270,1,0.0
26271,2,0.0
26272,2,0.0
26273,1,0.0
26274,2,1.0
26275,1,0.0
26276,1,0.0
26277,1,0.0
26278,3,0.0
26279,3,1.0
26280,2,0.0
26281,3,0.0
26282,4,0.0
26283,2,0.0
26284,55,0.0
26285,4,0.0
26286,3,1.0
26287,1,1.0
26288,3,1.0
26289,2,0.0
26290,2,0.0
26291,2,1.0
26292,1,0.0
26293,1,0.0
26294,30,1.0
26295,1,0.0
26296,1,1.0
26297,3,0.0
26298,4,0.0
26299,4,1.0
26300,5,0.0
26301,1,1.0
26302,1,0.0
26303,1,0.0
26304,1,0.0
26305,5,0.0
26306,4,0.0
26307,5,0.0
26308,3,0.0
26309,1,0.0
26310,1,1.0
26311,2,0.0
26312,4,0.0
26313,1,0.0
26314,1,0.0
26315,2,1.0
26316,2,0.0
26317,1,0.0
26318,1,0.0
26319,1,0.0
26320,1,0.0
26321,4,1.0
26322,2,0.0
26323,1,1.0
26324,1,0.0
26325,22,0.0
26326,1,0.0
26327,3,0.0
26328,2,0.0
26329,2,0.0
26330,1,0.0
26331,5,0.0
26332,1,0.0
26333,3,1.0
26334,3,1.0
26335,1,0.0
26336,1,0.0
26337,1,1.0
26338,4,1.0
26339,1,1.0
26340,1,0.0
26341,2,1.0
26342,4,0.0
26343,1,1.0
26344,3,0.0
26345,1,0.0
26346,1,1.0
26347,2,0.0
26348,1,0.0
26349,1,0.0
26350,4,1.0
26351,3,0.0
26352,2,0.0
26353,2,0.0
26354,3,0.0
26355,1,1.0
26356,3,0.0
26357,9,0.0
26358,1,0.0
26359,1,0.0
26360,3,0.0
26361,1,0.0
26362,1,0.0
26363,1,0.0
26364,4,1.0
26365,1,0.0
26366,3,0.0
26367,2,0.0
26368,2,0.0
26369,1,1.0
26370,3,1.0
26371,1,0.0
26372,1,0.0
26373,4,1.0
26374,1,0.0
26375,1,1.0
26376,1,1.0
26377,4,1.0
26378,1,1.0
26379,1,0.0
26380,4,0.0
26381,4,1.0
26382,1,1.0
26383,46,0.0
26384,4,0.0
26385,1,0.0
26386,1,0.0
26387,3,0.0
26388,6,0.0
26389,2,0.0
26390,1,0.0
26391,2,0.0
26392,3,1.0
26393,6,0.0
26394,1,0.0
26395,1,0.0
26396,2,0.0
26397,4,0.0
26398,1,0.0
26399,1,1.0
26400,1,0.0
26401,2,0.0
26402,4,1.0
26403,1,0.0
26404,12,0.0
26405,2,1.0
26406,1,0.0
26407,1,0.0
26408,2,0.0
26409,2,0.0
26410,1,0.0
26411,3,1.0
26412,1,1.0
26413,1,0.0
26414,7,0.0
26415,3,0.0
26416,1,0.0
26417,1,0.0
26418,3,1.0
26419,8,1.0
26420,3,1.0
26421,4,1.0
26422,1,0.0
26423,3,0.0
26424,2,1.0
26425,2,1.0
26426,3,1.0
26427,1,0.0
26428,2,0.0
26429,1,0.0
26430,1,0.0
26431,4,0.0
26432,1,0.0
26433,2,0.0
26434,2,0.0
26435,3,0.0
26436,1,0.0
26437,1,0.0
26438,32,0.0
26439,1,1.0
26440,2,1.0
26441,1,0.0
26442,2,0.0
26443,53,0.0
26444,1,0.0
26445,1,0.0
26446,1,0.0
26447,1,0.0
26448,1,0.0
26449,2,0.0
26450,1,0.0
26451,1,0.0
26452,2,1.0
26453,1,1.0
26454,5,1.0
26455,1,0.0
26456,3,0.0
26457,9,0.0
26458,4,0.0
26459,2,0.0
26460,3,0.0
26461,1,0.0
26462,3,0.0
26463,2,1.0
26464,2,0.0
26465,4,0.0
26466,1,1.0
26467,5,0.0
26468,9,0.0
26469,1,1.0
26470,1,0.0
26471,1,0.0
26472,5,0.0
26473,2,0.0
26474,2,0.0
26475,1,0.0
26476,1,0.0
26477,7,0.0
26478,6,0.0
26479,3,0.0
26480,1,0.0
26481,3,0.0
26482,1,0.0
26483,4,0.0
26484,5,0.0
26485,2,1.0
26486,1,0.0
26487,1,0.0
26488,1,1.0
26489,2,1.0
26490,2,1.0
26491,5,0.0
26492,3,0.0
26493,2,0.0
26494,3,1.0
26495,1,0.0
26496,3,1.0
26497,1,0.0
26498,2,0.0
26499,1,0.0
26500,1,0.0
26501,1,0.0
26502,5,0.0
26503,3,1.0
26504,4,0.0
26505,2,0.0
26506,4,0.0
26507,1,0.0
26508,1,0.0
26509,1,0.0
26510,5,0.0
26511,1,0.0
26512,4,0.0
26513,3,1.0
26514,1,0.0
26515,3,0.0
26516,10,0.0
26517,1,0.0
26518,2,1.0
26519,1,0.0
26520,1,0.0
26521,1,0.0
26522,1,0.0
26523,4,1.0
26524,1,0.0
26525,5,0.0
26526,2,0.0
26527,8,0.0
26528,5,0.0
26529,15,0.0
26530,1,0.0
26531,1,0.0
26532,5,0.0
26533,4,0.0
26534,2,0.0
26535,3,1.0
26536,2,0.0
26537,1,0.0
26538,1,0.0
26539,1,0.0
26540,2,0.0
26541,1,0.0
26542,1,0.0
26543,2,0.0
26544,1,0.0
26545,2,0.0
26546,2,0.0
26547,5,0.0
26548,4,1.0
26549,2,1.0
26550,1,0.0
26551,3,1.0
26552,2,0.0
26553,2,0.0
26554,1,0.0
26555,2,0.0
26556,1,0.0
26557,4,1.0
26558,21,0.0
26559,2,0.0
26560,2,1.0
26561,28,0.0
26562,2,0.0
26563,1,0.0
26564,1,0.0
26565,6,0.0
26566,1,1.0
26567,7,0.0
26568,2,1.0
26569,1,0.0
26570,2,0.0
26571,2,0.0
26572,4,1.0
26573,32,0.0
26574,16,1.0
26575,21,0.0
26576,1,0.0
26577,3,1.0
26578,1,0.0
26579,3,1.0
26580,2,0.0
26581,1,0.0
26582,1,0.0
26583,3,1.0
26584,1,1.0
26585,9,0.0
26586,3,0.0
26587,3,0.0
26588,1,0.0
26589,2,1.0
26590,1,0.0
26591,1,0.0
26592,1,0.0
26593,2,1.0
26594,1,0.0
26595,1,0.0
26596,6,0.0
26597,2,0.0
26598,2,0.0
26599,7,0.0
26600,11,0.0
26601,48,0.0
26602,1,0.0
26603,1,0.0
26604,1,0.0
26605,5,0.0
26606,2,0.0
26607,1,0.0
26608,1,0.0
26609,1,0.0
26610,3,0.0
26611,3,0.0
26612,1,0.0
26613,2,0.0
26614,1,0.0
26615,1,0.0
26616,3,1.0
26617,1,0.0
26618,1,0.0
26619,3,1.0
26620,17,0.0
26621,5,0.0
26622,1,0.0
26623,1,1.0
26624,50,0.0
26625,8,0.0
26626,1,0.0
26627,2,0.0
26628,1,1.0
26629,7,0.0
26630,4,0.0
26631,1,0.0
26632,1,0.0
26633,12,0.0
26634,1,0.0
26635,5,0.0
26636,1,0.0
26637,2,1.0
26638,2,0.0
26639,1,1.0
26640,1,0.0
26641,7,0.0
26642,3,1.0
26643,1,0.0
26644,1,0.0
26645,1,1.0
26646,3,0.0
26647,2,1.0
26648,2,0.0
26649,3,1.0
26650,3,0.0
26651,1,0.0
26652,3,1.0
26653,6,0.0
26654,1,1.0
26655,1,0.0
26656,1,0.0
26657,2,0.0
26658,4,0.0
26659,1,0.0
26660,1,0.0
26661,2,1.0
26662,1,1.0
26663,1,0.0
26664,1,0.0
26665,1,0.0
26666,2,0.0
26667,3,0.0
26668,2,0.0
26669,2,1.0
26670,4,0.0
26671,1,0.0
26672,3,1.0
26673,1,0.0
26674,1,0.0
26675,1,0.0
26676,5,0.0
26677,2,0.0
26678,3,1.0
26679,1,1.0
26680,2,1.0
26681,6,0.0
26682,1,0.0
26683,1,0.0
26684,2,0.0
26685,3,1.0
26686,1,1.0
26687,1,0.0
26688,1,0.0
26689,1,0.0
26690,1,0.0
26691,1,0.0
26692,24,0.0
26693,5,1.0
26694,3,1.0
26695,7,0.0
26696,2,0.0
26697,1,0.0
26698,1,0.0
26699,1,0.0
26700,2,0.0
26701,1,0.0
26702,1,0.0
26703,3,0.0
26704,3,0.0
26705,4,1.0
26706,2,0.0
26707,2,0.0
26708,3,0.0
26709,1,0.0
26710,5,1.0
26711,2,0.0
26712,1,0.0
26713,1,0.0
26714,1,0.0
26715,1,0.0
26716,1,0.0
26717,1,0.0
26718,4,1.0
26719,1,0.0
26720,4,1.0
26721,3,0.0
26722,2,0.0
26723,2,1.0
26724,1,0.0
26725,1,0.0
26726,2,0.0
26727,2,1.0
26728,1,0.0
26729,4,1.0
26730,8,0.0
26731,5,0.0
26732,5,0.0
26733,1,0.0
26734,4,0.0
26735,2,0.0
26736,1,0.0
26737,1,0.0
26738,1,0.0
26739,3,1.0
26740,1,1.0
26741,4,0.0
26742,3,0.0
26743,1,0.0
26744,2,0.0
26745,3,0.0
26746,1,0.0
26747,2,1.0
26748,1,1.0
26749,1,0.0
26750,1,0.0
26751,1,0.0
26752,3,1.0
26753,1,0.0
26754,2,1.0
26755,2,0.0
26756,1,0.0
26757,2,1.0
26758,4,0.0
26759,2,0.0
26760,1,0.0
26761,1,0.0
26762,49,0.0
26763,2,0.0
26764,1,1.0
26765,2,1.0
26766,1,1.0
26767,1,0.0
26768,2,0.0
26769,1,0.0
26770,1,0.0
26771,1,0.0
26772,1,0.0
26773,1,1.0
26774,1,0.0
26775,1,0.0
26776,11,0.0
26777,1,0.0
26778,1,0.0
26779,1,1.0
26780,2,0.0
26781,4,1.0
26782,4,0.0
26783,1,1.0
26784,1,0.0
26785,5,0.0
26786,2,0.0
26787,1,1.0
26788,1,0.0
26789,2,1.0
26790,1,1.0
26791,1,0.0
26792,3,0.0
26793,3,1.0
26794,1,0.0
26795,9,0.0
26796,4,1.0
26797,5,1.0
26798,1,0.0
26799,14,0.0
26800,3,0.0
26801,1,0.0
26802,55,0.0
26803,1,0.0
26804,1,0.0
26805,2,0.0
26806,3,0.0
26807,1,0.0
26808,3,1.0
26809,1,0.0
26810,52,0.0
26811,1,0.0
26812,46,0.0
26813,2,1.0
26814,1,0.0
26815,3,0.0
26816,1,1.0
26817,1,0.0
26818,3,1.0
26819,1,0.0
26820,5,0.0
26821,1,0.0
26822,3,1.0
26823,19,0.0
26824,1,1.0
26825,6,0.0
26826,1,0.0
26827,2,1.0
26828,4,0.0
26829,1,0.0
26830,4,1.0
26831,4,0.0
26832,2,0.0
26833,1,1.0
26834,1,0.0
26835,3,0.0
26836,1,0.0
26837,51,0.0
26838,1,0.0
26839,3,1.0
26840,6,0.0
26841,2,0.0
26842,2,0.0
26843,1,0.0
26844,2,0.0
26845,2,0.0
26846,3,0.0
26847,1,0.0
26848,6,1.0
26849,2,0.0
26850,1,0.0
26851,5,0.0
26852,1,0.0
26853,3,0.0
26854,4,1.0
26855,2,0.0
26856,4,1.0
26857,5,0.0
26858,1,1.0
26859,39,0.0
26860,2,1.0
26861,2,0.0
26862,2,0.0
26863,2,0.0
26864,1,0.0
26865,2,1.0
26866,6,0.0
26867,1,0.0
26868,10,0.0
26869,1,0.0
26870,1,0.0
26871,3,0.0
26872,2,0.0
26873,1,0.0
26874,1,0.0
26875,1,1.0
26876,5,0.0
26877,2,0.0
26878,4,0.0
26879,3,0.0
26880,6,0.0
26881,1,0.0
26882,1,0.0
26883,4,1.0
26884,4,0.0
26885,6,0.0
26886,13,0.0
26887,2,0.0
26888,4,0.0
26889,4,0.0
26890,1,0.0
26891,3,0.0
26892,9,1.0
26893,3,0.0
26894,4,0.0
26895,1,0.0
26896,4,0.0
26897,2,0.0
26898,2,0.0
26899,2,1.0
26900,3,0.0
26901,2,0.0
26902,2,0.0
26903,4,1.0
26904,3,0.0
26905,3,0.0
26906,3,1.0
26907,3,1.0
26908,2,0.0
26909,1,0.0
26910,1,0.0
26911,1,0.0
26912,3,0.0
26913,2,0.0
26914,2,0.0
26915,1,1.0
26916,1,0.0
26917,1,1.0
26918,2,0.0
26919,2,0.0
26920,54,0.0
26921,2,0.0
26922,1,0.0
26923,1,0.0
26924,3,1.0
26925,2,0.0
26926,51,0.0
26927,2,0.0
26928,2,0.0
26929,1,0.0
26930,1,0.0
26931,3,1.0
26932,47,0.0
26933,2,0.0
26934,2,1.0
26935,4,1.0
26936,3,0.0
26937,1,0.0
26938,1,0.0
26939,2,1.0
26940,1,0.0
26941,2,1.0
26942,4,0.0
26943,1,0.0
26944,3,0.0
26945,9,0.0
26946,2,1.0
26947,3,1.0
26948,2,0.0
26949,1,0.0
26950,1,0.0
26951,2,0.0
26952,1,0.0
26953,2,0.0
26954,2,0.0
26955,1,0.0
26956,1,0.0
26957,51,0.0
26958,7,0.0
26959,1,0.0
26960,2,0.0
26961,3,0.0
26962,1,0.0
26963,3,1.0
26964,3,0.0
26965,7,0.0
26966,2,1.0
26967,2,0.0
26968,1,0.0
26969,6,0.0
26970,1,1.0
26971,48,0.0
26972,2,1.0
26973,5,1.0
26974,1,0.0
26975,8,0.0
26976,1,0.0
26977,1,0.0
26978,1,0.0
26979,1,1.0
26980,1,0.0
26981,2,0.0
26982,1,0.0
26983,4,0.0
26984,2,1.0
26985,2,1.0
26986,1,1.0
26987,3,0.0
26988,3,0.0
26989,2,1.0
26990,1,0.0
26991,1,0.0
26992,1,0.0
26993,2,0.0
26994,2,0.0
26995,2,0.0
26996,1,0.0
26997,5,0.0
26998,3,1.0
26999,1,0.0
27000,3,0.0
27001,1,0.0
27002,2,1.0
27003,2,0.0
27004,1,0.0
27005,1,1.0
27006,3,1.0
27007,2,0.0
27008,1,0.0
27009,1,0.0
27010,11,1.0
27011,3,1.0
27012,4,1.0
27013,1,0.0
27014,2,0.0
27015,1,1.0
27016,1,0.0
27017,1,0.0
27018,3,0.0
27019,10,0.0
27020,3,0.0
27021,1,0.0
27022,4,0.0
27023,5,0.0
27024,1,0.0
27025,39,0.0
27026,1,0.0
27027,2,0.0
27028,2,1.0
27029,2,0.0
27030,9,1.0
27031,2,1.0
27032,1,1.0
27033,1,0.0
27034,3,0.0
27035,2,0.0
27036,1,0.0
27037,43,0.0
27038,2,0.0
27039,4,0.0
27040,2,1.0
27041,2,0.0
27042,17,1.0
27043,2,0.0
27044,2,1.0
27045,1,0.0
27046,2,0.0
27047,2,0.0
27048,3,1.0
27049,16,0.0
27050,1,0.0
27051,1,0.0
27052,2,0.0
27053,1,0.0
27054,1,0.0
27055,1,0.0
27056,2,0.0
27057,1,0.0
27058,1,1.0
27059,2,1.0
27060,4,0.0
27061,3,1.0
27062,6,0.0
27063,3,1.0
27064,1,0.0
27065,2,0.0
27066,2,0.0
27067,2,0.0
27068,1,1.0
27069,3,1.0
27070,1,0.0
27071,2,0.0
27072,3,1.0
27073,9,0.0
27074,1,0.0
27075,1,0.0
27076,2,0.0
27077,1,0.0
27078,2,1.0
27079,2,0.0
27080,1,1.0
27081,3,0.0
27082,3,0.0
27083,1,0.0
27084,2,0.0
27085,1,1.0
27086,1,0.0
27087,3,0.0
27088,1,0.0
27089,1,0.0
27090,2,0.0
27091,1,0.0
27092,3,0.0
27093,4,1.0
27094,3,0.0
27095,1,1.0
27096,2,1.0
27097,5,0.0
27098,2,1.0
27099,3,0.0
27100,3,1.0
27101,2,0.0
27102,2,0.0
27103,1,0.0
27104,5,0.0
27105,2,0.0
27106,6,0.0
27107,3,0.0
27108,60,0.0
27109,1,1.0
27110,3,0.0
27111,3,1.0
27112,2,0.0
27113,1,0.0
27114,1,0.0
27115,3,0.0
27116,1,0.0
27117,2,0.0
27118,1,0.0
27119,2,1.0
27120,4,0.0
27121,2,0.0
27122,4,1.0
27123,3,1.0
27124,3,1.0
27125,1,0.0
27126,4,1.0
27127,2,0.0
27128,1,0.0
27129,15,0.0
27130,1,1.0
27131,1,1.0
27132,2,0.0
27133,1,0.0
27134,1,0.0
27135,1,1.0
27136,1,0.0
27137,1,0.0
27138,2,0.0
27139,2,1.0
27140,4,0.0
27141,4,0.0
27142,2,0.0
27143,2,0.0
27144,1,1.0
27145,2,0.0
27146,27,0.0
27147,2,1.0
27148,1,0.0
27149,3,0.0
27150,5,0.0
27151,3,1.0
27152,2,0.0
27153,1,0.0
27154,1,0.0
27155,3,1.0
27156,2,0.0
27157,7,1.0
27158,1,0.0
27159,43,0.0
27160,1,1.0
27161,1,0.0
27162,3,0.0
27163,4,0.0
27164,5,0.0
27165,6,0.0
27166,2,0.0
27167,1,0.0
27168,1,0.0
27169,1,0.0
27170,1,0.0
27171,5,1.0
27172,5,0.0
27173,1,0.0
27174,1,0.0
27175,1,0.0
27176,1,0.0
27177,1,1.0
27178,1,0.0
27179,3,0.0
27180,2,0.0
27181,4,1.0
27182,2,1.0
27183,1,0.0
27184,1,0.0
27185,3,1.0
27186,2,1.0
27187,2,0.0
27188,1,0.0
27189,2,0.0
27190,2,0.0
27191,2,0.0
27192,3,0.0
27193,1,0.0
27194,5,0.0
27195,1,0.0
27196,1,0.0
27197,1,0.0
27198,5,0.0
27199,1,0.0
27200,1,0.0
27201,2,1.0
27202,1,0.0
27203,2,1.0
27204,1,0.0
27205,1,0.0
27206,4,1.0
27207,3,0.0
27208,2,0.0
27209,1,0.0
27210,1,1.0
27211,1,1.0
27212,2,0.0
27213,1,0.0
27214,2,0.0
27215,8,0.0
27216,1,0.0
27217,1,0.0
27218,3,0.0
27219,1,0.0
27220,1,1.0
27221,2,1.0
27222,1,0.0
27223,1,1.0
27224,1,0.0
27225,2,0.0
27226,1,0.0
27227,1,0.0
27228,3,0.0
27229,4,1.0
27230,38,0.0
27231,3,1.0
27232,4,1.0
27233,1,0.0
27234,6,0.0
27235,3,1.0
27236,4,0.0
27237,2,1.0
27238,54,0.0
27239,2,1.0
27240,2,1.0
27241,2,0.0
27242,1,0.0
27243,3,0.0
27244,1,0.0
27245,11,0.0
27246,1,1.0
27247,1,1.0
27248,3,0.0
27249,1,1.0
27250,1,1.0
27251,2,0.0
27252,1,0.0
27253,1,0.0
27254,4,1.0
27255,1,0.0
27256,6,0.0
27257,1,0.0
27258,2,1.0
27259,4,1.0
27260,1,1.0
27261,1,0.0
27262,1,0.0
27263,4,1.0
27264,1,1.0
27265,2,0.0
27266,1,0.0
27267,2,1.0
27268,1,0.0
27269,2,0.0
27270,1,0.0
27271,2,0.0
27272,2,0.0
27273,1,0.0
27274,10,1.0
27275,1,0.0
27276,3,0.0
27277,3,0.0
27278,2,1.0
27279,22,0.0
27280,1,0.0
27281,2,0.0
27282,2,1.0
27283,1,0.0
27284,2,0.0
27285,4,1.0
27286,4,0.0
27287,1,0.0
27288,1,0.0
27289,1,0.0
27290,2,1.0
27291,3,1.0
27292,46,0.0
27293,1,0.0
27294,3,1.0
27295,22,0.0
27296,1,1.0
27297,2,0.0
27298,3,0.0
27299,4,1.0
27300,5,0.0
27301,1,0.0
27302,3,1.0
27303,5,0.0
27304,1,0.0
27305,1,0.0
27306,1,1.0
27307,2,0.0
27308,1,1.0
27309,1,0.0
27310,3,1.0
27311,3,0.0
27312,1,0.0
27313,2,0.0
27314,1,0.0
27315,1,0.0
27316,3,1.0
27317,1,0.0
27318,1,0.0
27319,1,0.0
27320,1,0.0
27321,1,0.0
27322,1,0.0
27323,1,1.0
27324,1,0.0
27325,2,0.0
27326,11,0.0
27327,5,0.0
27328,1,0.0
27329,1,1.0
27330,5,0.0
27331,1,0.0
27332,5,0.0
27333,1,0.0
27334,5,0.0
27335,2,1.0
27336,4,1.0
27337,1,0.0
27338,2,0.0
27339,4,1.0
27340,2,0.0
27341,6,0.0
27342,1,0.0
27343,5,1.0
27344,1,0.0
27345,1,0.0
27346,3,0.0
27347,1,0.0
27348,5,0.0
27349,1,0.0
27350,1,0.0
27351,1,0.0
27352,3,0.0
27353,4,0.0
27354,4,1.0
27355,3,0.0
27356,2,1.0
27357,1,0.0
27358,2,0.0
27359,6,0.0
27360,1,0.0
27361,10,0.0
27362,2,0.0
27363,1,0.0
27364,2,0.0
27365,1,1.0
27366,3,0.0
27367,1,1.0
27368,3,0.0
27369,1,0.0
27370,1,0.0
27371,2,0.0
27372,2,1.0
27373,9,0.0
27374,3,0.0
27375,2,0.0
27376,1,0.0
27377,1,0.0
27378,4,1.0
27379,2,0.0
27380,1,0.0
27381,2,0.0
27382,1,0.0
27383,1,0.0
27384,4,0.0
27385,2,0.0
27386,24,0.0
27387,3,1.0
27388,2,0.0
27389,1,1.0
27390,1,0.0
27391,2,0.0
27392,1,0.0
27393,1,0.0
27394,1,0.0
27395,1,0.0
27396,1,1.0
27397,1,0.0
27398,4,1.0
27399,3,1.0
27400,5,0.0
27401,1,0.0
27402,1,0.0
27403,2,0.0
27404,6,0.0
27405,1,1.0
27406,2,0.0
27407,2,1.0
27408,46,0.0
27409,1,0.0
27410,1,0.0
27411,1,0.0
27412,4,0.0
27413,3,0.0
27414,4,1.0
27415,1,1.0
27416,4,1.0
27417,4,0.0
27418,1,0.0
27419,1,0.0
27420,6,0.0
27421,1,0.0
27422,1,0.0
27423,1,0.0
27424,5,0.0
27425,6,0.0
27426,1,0.0
27427,1,0.0
27428,1,0.0
27429,6,0.0
27430,1,1.0
27431,1,0.0
27432,1,1.0
27433,1,0.0
27434,1,0.0
27435,1,0.0
27436,3,1.0
27437,1,0.0
27438,3,0.0
27439,8,0.0
27440,3,1.0
27441,2,0.0
27442,1,0.0
27443,3,1.0
27444,4,1.0
27445,1,0.0
27446,1,0.0
27447,1,1.0
27448,36,0.0
27449,1,0.0
27450,4,1.0
27451,3,1.0
27452,1,0.0
27453,2,0.0
27454,8,0.0
27455,4,0.0
27456,1,0.0
27457,1,0.0
27458,5,0.0
27459,4,0.0
27460,2,0.0
27461,1,0.0
27462,1,0.0
27463,1,0.0
27464,1,0.0
27465,3,0.0
27466,1,0.0
27467,1,0.0
27468,1,1.0
27469,1,0.0
27470,1,0.0
27471,3,0.0
27472,1,0.0
27473,24,0.0
27474,1,0.0
27475,2,0.0
27476,2,1.0
27477,2,0.0
27478,4,1.0
27479,7,0.0
27480,3,0.0
27481,1,0.0
27482,1,0.0
27483,4,1.0
27484,2,0.0
27485,2,0.0
27486,2,0.0
27487,3,0.0
27488,3,1.0
27489,1,1.0
27490,1,1.0
27491,3,1.0
27492,3,1.0
27493,1,0.0
27494,3,0.0
27495,1,0.0
27496,2,0.0
27497,1,0.0
27498,2,0.0
27499,1,0.0
27500,1,0.0
27501,1,0.0
27502,1,0.0
27503,1,0.0
27504,2,0.0
27505,1,0.0
27506,1,0.0
27507,1,0.0
27508,3,0.0
27509,1,0.0
27510,1,0.0
27511,4,0.0
27512,1,0.0
27513,3,1.0
27514,1,1.0
27515,3,0.0
27516,2,0.0
27517,1,0.0
27518,1,0.0
27519,1,0.0
27520,2,0.0
27521,1,0.0
27522,3,1.0
27523,1,0.0
27524,4,1.0
27525,6,0.0
27526,1,0.0
27527,1,0.0
27528,2,0.0
27529,3,0.0
27530,6,0.0
27531,1,1.0
27532,4,0.0
27533,2,1.0
27534,1,0.0
27535,1,0.0
27536,1,0.0
27537,1,0.0
27538,23,0.0
27539,1,0.0
27540,1,0.0
27541,1,0.0
27542,2,0.0
27543,3,1.0
27544,2,1.0
27545,3,1.0
27546,1,0.0
27547,1,0.0
27548,21,1.0
27549,1,1.0
27550,2,0.0
27551,1,0.0
27552,4,0.0
27553,10,0.0
27554,1,1.0
27555,2,0.0
27556,1,0.0
27557,1,0.0
27558,2,0.0
27559,1,1.0
27560,4,0.0
27561,1,1.0
27562,1,0.0
27563,3,1.0
27564,1,0.0
27565,2,1.0
27566,2,0.0
27567,1,0.0
27568,1,0.0
27569,2,0.0
27570,1,1.0
27571,1,1.0
27572,1,0.0
27573,1,0.0
27574,2,0.0
27575,2,0.0
27576,1,1.0
27577,4,1.0
27578,8,0.0
27579,2,0.0
27580,2,0.0
27581,1,1.0
27582,3,1.0
27583,2,0.0
27584,4,1.0
27585,2,0.0
27586,3,0.0
27587,6,0.0
27588,2,0.0
27589,2,0.0
27590,3,0.0
27591,1,0.0
27592,1,0.0
27593,5,0.0
27594,10,0.0
27595,2,0.0
27596,1,0.0
27597,2,0.0
27598,1,0.0
27599,2,1.0
27600,2,0.0
27601,1,0.0
27602,1,0.0
27603,4,0.0
27604,3,0.0
27605,1,0.0
27606,1,0.0
27607,1,0.0
27608,2,0.0
27609,5,0.0
27610,2,0.0
27611,1,1.0
27612,1,0.0
27613,1,0.0
27614,1,0.0
27615,1,0.0
27616,1,0.0
27617,1,0.0
27618,1,0.0
27619,3,1.0
27620,1,0.0
27621,1,0.0
27622,2,0.0
27623,2,1.0
27624,1,1.0
27625,5,0.0
27626,2,0.0
27627,1,0.0
27628,3,0.0
27629,2,0.0
27630,1,1.0
27631,50,0.0
27632,1,0.0
27633,2,0.0
27634,1,0.0
27635,2,1.0
27636,1,0.0
27637,1,0.0
27638,1,1.0
27639,49,0.0
27640,1,0.0
27641,1,0.0
27642,3,1.0
27643,2,0.0
27644,1,0.0
27645,2,1.0
27646,2,0.0
27647,1,1.0
27648,5,0.0
27649,3,1.0
27650,2,1.0
27651,1,0.0
27652,1,0.0
27653,1,0.0
27654,3,1.0
27655,2,1.0
27656,2,0.0
27657,1,0.0
27658,3,0.0
27659,2,0.0
27660,1,0.0
27661,2,0.0
27662,2,1.0
27663,3,1.0
27664,2,1.0
27665,1,0.0
27666,1,0.0
27667,2,0.0
27668,3,0.0
27669,4,0.0
27670,1,0.0
27671,3,0.0
27672,1,0.0
27673,3,1.0
27674,1,0.0
27675,1,0.0
27676,2,1.0
27677,2,1.0
27678,1,0.0
27679,1,0.0
27680,2,0.0
27681,1,0.0
27682,1,0.0
27683,3,1.0
27684,2,0.0
27685,3,1.0
27686,2,0.0
27687,1,0.0
27688,3,0.0
27689,1,1.0
27690,1,0.0
27691,2,0.0
27692,2,0.0
27693,2,0.0
27694,1,0.0
27695,5,0.0
27696,1,1.0
27697,2,0.0
27698,1,1.0
27699,1,1.0
27700,1,0.0
27701,2,0.0
27702,3,0.0
27703,1,0.0
27704,1,0.0
27705,57,0.0
27706,2,0.0
27707,1,0.0
27708,1,0.0
27709,1,0.0
27710,1,0.0
27711,5,0.0
27712,2,1.0
27713,3,0.0
27714,3,0.0
27715,53,0.0
27716,5,0.0
27717,3,0.0
27718,2,0.0
27719,2,0.0
27720,5,1.0
27721,1,0.0
27722,4,0.0
27723,1,0.0
27724,3,1.0
27725,2,0.0
27726,1,0.0
27727,2,0.0
27728,1,0.0
27729,1,0.0
27730,1,0.0
27731,1,0.0
27732,2,0.0
27733,59,0.0
27734,1,1.0
27735,4,0.0
27736,5,0.0
27737,1,1.0
27738,2,0.0
27739,1,1.0
27740,1,0.0
27741,3,0.0
27742,1,0.0
27743,1,0.0
27744,1,0.0
27745,1,1.0
27746,1,0.0
27747,5,0.0
27748,2,0.0
27749,1,1.0
27750,1,0.0
27751,3,0.0
27752,3,0.0
27753,2,0.0
27754,1,0.0
27755,4,0.0
27756,4,0.0
27757,3,0.0
27758,1,0.0
27759,6,0.0
27760,2,1.0
27761,1,0.0
27762,1,0.0
27763,1,0.0
27764,1,0.0
27765,27,0.0
27766,54,0.0
27767,3,1.0
27768,2,0.0
27769,1,0.0
27770,5,0.0
27771,2,0.0
27772,2,0.0
27773,9,1.0
27774,1,0.0
27775,1,0.0
27776,2,0.0
27777,1,0.0
27778,1,0.0
27779,1,0.0
27780,2,1.0
27781,1,0.0
27782,1,0.0
27783,1,0.0
27784,2,0.0
27785,1,1.0
27786,19,0.0
27787,3,1.0
27788,5,0.0
27789,2,0.0
27790,2,1.0
27791,1,1.0
27792,4,1.0
27793,7,0.0
27794,6,0.0
27795,2,1.0
27796,2,0.0
27797,4,0.0
27798,2,0.0
27799,4,1.0
27800,1,0.0
27801,6,0.0
27802,4,0.0
27803,2,0.0
27804,3,0.0
27805,3,1.0
27806,2,0.0
27807,1,1.0
27808,1,1.0
27809,1,0.0
27810,1,0.0
27811,1,0.0
27812,2,0.0
27813,1,0.0
27814,3,0.0
27815,1,0.0
27816,1,0.0
27817,23,1.0
27818,2,1.0
27819,2,0.0
27820,14,0.0
27821,3,1.0
27822,2,0.0
27823,1,0.0
27824,1,0.0
27825,1,0.0
27826,1,0.0
27827,1,0.0
27828,2,0.0
27829,1,0.0
27830,1,0.0
27831,2,1.0
27832,1,0.0
27833,2,1.0
27834,3,0.0
27835,4,0.0
27836,2,0.0
27837,3,1.0
27838,1,0.0
27839,4,0.0
27840,4,0.0
27841,4,0.0
27842,1,0.0
27843,6,0.0
27844,1,0.0
27845,3,1.0
27846,3,0.0
27847,1,0.0
27848,2,1.0
27849,3,1.0
27850,2,0.0
27851,1,1.0
27852,46,1.0
27853,1,0.0
27854,3,0.0
27855,1,0.0
27856,5,0.0
27857,1,0.0
27858,4,1.0
27859,2,1.0
27860,4,1.0
27861,3,0.0
27862,5,0.0
27863,1,0.0
27864,2,0.0
27865,3,0.0
27866,2,0.0
27867,4,0.0
27868,2,0.0
27869,1,0.0
27870,3,1.0
27871,21,1.0
27872,1,0.0
27873,3,0.0
27874,3,1.0
27875,4,0.0
27876,3,0.0
27877,3,1.0
27878,1,0.0
27879,3,0.0
27880,1,0.0
27881,2,1.0
27882,1,0.0
27883,9,1.0
27884,3,1.0
27885,5,0.0
27886,1,0.0
27887,1,0.0
27888,1,0.0
27889,3,0.0
27890,1,1.0
27891,11,1.0
27892,7,0.0
27893,3,0.0
27894,2,0.0
27895,1,0.0
27896,9,0.0
27897,2,1.0
27898,1,0.0
27899,1,0.0
27900,1,0.0
27901,49,0.0
27902,1,0.0
27903,1,0.0
27904,3,1.0
27905,2,0.0
27906,3,1.0
27907,9,0.0
27908,5,1.0
27909,2,0.0
27910,1,0.0
27911,2,0.0
27912,5,0.0
27913,1,0.0
27914,3,1.0
27915,1,1.0
27916,1,0.0
27917,1,0.0
27918,1,1.0
27919,1,1.0
27920,1,0.0
27921,2,1.0
27922,39,0.0
27923,1,1.0
27924,1,0.0
27925,6,0.0
27926,3,0.0
27927,1,0.0
27928,33,0.0
27929,2,1.0
27930,38,0.0
27931,2,0.0
27932,2,0.0
27933,1,0.0
27934,1,0.0
27935,1,0.0
27936,1,1.0
27937,1,0.0
27938,4,1.0
27939,2,0.0
27940,1,0.0
27941,1,0.0
27942,2,0.0
27943,44,0.0
27944,3,0.0
27945,2,0.0
27946,1,0.0
27947,1,1.0
27948,3,0.0
27949,2,0.0
27950,2,0.0
27951,2,1.0
27952,2,0.0
27953,1,0.0
27954,1,0.0
27955,1,0.0
27956,1,0.0
27957,3,0.0
27958,4,0.0
27959,1,0.0
27960,16,0.0
27961,24,0.0
27962,6,0.0
27963,4,1.0
27964,1,1.0
27965,2,0.0
27966,1,0.0
27967,1,0.0
27968,5,0.0
27969,1,1.0
27970,1,1.0
27971,3,0.0
27972,9,0.0
27973,3,1.0
27974,9,1.0
27975,1,0.0
27976,2,0.0
27977,1,0.0
27978,1,0.0
27979,5,1.0
27980,3,1.0
27981,1,1.0
27982,3,0.0
27983,1,0.0
27984,2,1.0
27985,1,1.0
27986,2,0.0
27987,2,1.0
27988,2,0.0
27989,1,0.0
27990,1,0.0
27991,4,1.0
27992,2,0.0
27993,2,0.0
27994,2,0.0
27995,8,0.0
27996,4,1.0
27997,3,1.0
27998,2,0.0
27999,2,0.0
28000,2,0.0
28001,37,0.0
28002,1,0.0
28003,4,0.0
28004,2,0.0
28005,6,0.0
28006,4,1.0
28007,4,1.0
28008,42,1.0
28009,1,0.0
28010,1,0.0
28011,2,0.0
28012,2,1.0
28013,1,0.0
28014,2,0.0
28015,1,0.0
28016,36,0.0
28017,2,0.0
28018,1,0.0
28019,3,0.0
28020,10,0.0
28021,1,0.0
28022,1,0.0
28023,1,0.0
28024,1,0.0
28025,2,0.0
28026,2,0.0
28027,1,0.0
28028,1,0.0
28029,2,0.0
28030,1,0.0
28031,5,0.0
28032,1,0.0
28033,1,0.0
28034,2,1.0
28035,1,1.0
28036,3,1.0
28037,2,0.0
28038,1,0.0
28039,1,1.0
28040,5,0.0
28041,1,0.0
28042,1,1.0
28043,1,0.0
28044,1,0.0
28045,2,0.0
28046,1,1.0
28047,2,0.0
28048,2,0.0
28049,1,1.0
28050,1,0.0
28051,1,1.0
28052,1,0.0
28053,4,0.0
28054,1,0.0
28055,7,0.0
28056,4,1.0
28057,57,0.0
28058,2,1.0
28059,23,0.0
28060,4,1.0
28061,2,1.0
28062,2,1.0
28063,2,0.0
28064,14,0.0
28065,2,1.0
28066,1,0.0
28067,1,1.0
28068,1,0.0
28069,2,0.0
28070,1,0.0
28071,2,1.0
28072,6,0.0
28073,1,0.0
28074,1,0.0
28075,3,0.0
28076,7,0.0
28077,2,0.0
28078,2,1.0
28079,1,0.0
28080,1,0.0
28081,4,1.0
28082,1,0.0
28083,1,0.0
28084,1,0.0
28085,6,0.0
28086,3,0.0
28087,2,0.0
28088,1,0.0
28089,2,0.0
28090,1,0.0
28091,3,1.0
28092,2,0.0
28093,1,0.0
28094,2,0.0
28095,1,1.0
28096,5,0.0
28097,3,0.0
28098,1,0.0
28099,7,1.0
28100,1,0.0
28101,1,0.0
28102,60,0.0
28103,3,0.0
28104,4,0.0
28105,3,0.0
28106,3,1.0
28107,2,0.0
28108,3,0.0
28109,3,0.0
28110,2,1.0
28111,3,0.0
28112,1,1.0
28113,3,0.0
28114,2,0.0
28115,1,0.0
28116,5,1.0
28117,1,0.0
28118,1,0.0
28119,2,0.0
28120,2,1.0
28121,1,0.0
28122,2,0.0
28123,2,0.0
28124,8,0.0
28125,2,0.0
28126,1,0.0
28127,2,0.0
28128,1,0.0
28129,1,0.0
28130,1,0.0
28131,2,0.0
28132,2,0.0
28133,1,0.0
28134,4,1.0
28135,1,1.0
28136,1,0.0
28137,1,1.0
28138,1,0.0
28139,2,0.0
28140,3,1.0
28141,8,1.0
28142,2,1.0
28143,2,0.0
28144,17,1.0
28145,54,0.0
28146,1,0.0
28147,1,0.0
28148,3,1.0
28149,1,0.0
28150,4,0.0
28151,2,0.0
28152,1,1.0
28153,1,0.0
28154,3,0.0
28155,1,0.0
28156,2,1.0
28157,3,0.0
28158,3,0.0
28159,6,0.0
28160,1,1.0
28161,9,0.0
28162,3,1.0
28163,2,1.0
28164,1,1.0
28165,4,0.0
28166,2,0.0
28167,31,0.0
28168,3,0.0
28169,1,0.0
28170,59,0.0
28171,1,0.0
28172,1,0.0
28173,3,0.0
28174,41,0.0
28175,1,0.0
28176,5,0.0
28177,1,1.0
28178,4,0.0
28179,60,0.0
28180,3,1.0
28181,1,0.0
28182,5,0.0
28183,6,0.0
28184,4,0.0
28185,1,1.0
28186,1,0.0
28187,6,0.0
28188,6,0.0
28189,1,0.0
28190,3,1.0
28191,2,1.0
28192,1,0.0
28193,14,1.0
28194,4,1.0
28195,1,0.0
28196,2,0.0
28197,4,0.0
28198,4,0.0
28199,3,0.0
28200,25,0.0
28201,1,0.0
28202,4,0.0
28203,5,0.0
28204,1,0.0
28205,2,0.0
28206,1,0.0
28207,7,0.0
28208,2,0.0
28209,2,0.0
28210,21,1.0
28211,1,0.0
28212,4,1.0
28213,1,0.0
28214,1,0.0
28215,2,1.0
28216,3,0.0
28217,3,1.0
28218,1,0.0
28219,4,1.0
28220,1,0.0
28221,2,0.0
28222,57,0.0
28223,2,0.0
28224,3,1.0
28225,1,0.0
28226,1,0.0
28227,1,0.0
28228,54,0.0
28229,1,1.0
28230,2,0.0
28231,1,0.0
28232,6,0.0
28233,3,1.0
28234,1,0.0
28235,1,0.0
28236,3,1.0
28237,2,0.0
28238,1,0.0
28239,2,1.0
28240,7,0.0
28241,1,1.0
28242,1,0.0
28243,2,1.0
28244,1,0.0
28245,1,0.0
28246,1,0.0
28247,1,0.0
28248,3,0.0
28249,3,1.0
28250,3,0.0
28251,2,0.0
28252,2,1.0
28253,4,0.0
28254,1,0.0
28255,2,1.0
28256,4,0.0
28257,2,0.0
28258,4,0.0
28259,5,0.0
28260,1,0.0
28261,3,0.0
28262,2,0.0
28263,4,0.0
28264,2,0.0
28265,1,0.0
28266,2,0.0
28267,6,0.0
28268,5,1.0
28269,2,0.0
28270,3,0.0
28271,4,1.0
28272,6,0.0
28273,2,1.0
28274,1,0.0
28275,2,0.0
28276,2,0.0
28277,2,0.0
28278,4,1.0
28279,3,1.0
28280,2,1.0
28281,2,0.0
28282,2,0.0
28283,1,0.0
28284,3,1.0
28285,4,0.0
28286,3,0.0
28287,5,0.0
28288,1,0.0
28289,1,0.0
28290,3,0.0
28291,3,0.0
28292,1,1.0
28293,3,1.0
28294,1,0.0
28295,2,1.0
28296,1,0.0
28297,41,0.0
28298,3,0.0
28299,2,0.0
28300,5,0.0
28301,1,0.0
28302,1,0.0
28303,2,0.0
28304,2,0.0
28305,1,0.0
28306,3,0.0
28307,2,0.0
28308,2,1.0
28309,1,0.0
28310,21,1.0
28311,3,1.0
28312,5,0.0
28313,2,0.0
28314,1,0.0
28315,6,0.0
28316,1,0.0
28317,4,0.0
28318,1,0.0
28319,27,0.0
28320,1,1.0
28321,51,0.0
28322,3,0.0
28323,3,0.0
28324,1,0.0
28325,1,0.0
28326,3,0.0
28327,1,1.0
28328,2,1.0
28329,1,0.0
28330,1,1.0
28331,2,0.0
28332,1,0.0
28333,2,0.0
28334,2,0.0
28335,1,1.0
28336,2,0.0
28337,1,0.0
28338,1,0.0
28339,1,0.0
28340,3,0.0
28341,1,0.0
28342,1,0.0
28343,1,0.0
28344,1,1.0
28345,3,0.0
28346,1,0.0
28347,1,0.0
28348,25,0.0
28349,1,0.0
28350,43,1.0
28351,2,1.0
28352,1,0.0
28353,2,0.0
28354,2,1.0
28355,6,0.0
28356,3,0.0
28357,1,0.0
28358,1,0.0
28359,1,0.0
28360,1,1.0
28361,1,1.0
28362,1,1.0
28363,1,0.0
28364,1,0.0
28365,2,0.0
28366,3,0.0
28367,7,1.0
28368,1,0.0
28369,2,0.0
28370,3,0.0
28371,3,0.0
28372,6,1.0
28373,10,0.0
28374,2,0.0
28375,1,0.0
28376,1,0.0
28377,7,0.0
28378,1,0.0
28379,1,0.0
28380,1,0.0
28381,2,1.0
28382,1,0.0
28383,1,0.0
28384,2,0.0
28385,2,0.0
28386,6,0.0
28387,2,0.0
28388,1,0.0
28389,1,0.0
28390,2,1.0
28391,1,0.0
28392,3,0.0
28393,5,0.0
28394,3,1.0
28395,1,0.0
28396,1,0.0
28397,2,0.0
28398,58,0.0
28399,1,0.0
28400,2,0.0
28401,3,0.0
28402,5,0.0
28403,1,0.0
28404,1,0.0
28405,1,0.0
28406,3,0.0
28407,1,0.0
28408,3,0.0
28409,1,0.0
28410,3,1.0
28411,1,1.0
28412,1,0.0
28413,3,1.0
28414,7,0.0
28415,2,1.0
28416,3,0.0
28417,2,1.0
28418,1,0.0
28419,5,0.0
28420,3,1.0
28421,1,0.0
28422,1,0.0
28423,1,0.0
28424,2,0.0
28425,1,1.0
28426,1,0.0
28427,3,0.0
28428,3,0.0
28429,4,1.0
28430,7,0.0
28431,1,0.0
28432,1,0.0
28433,6,0.0
28434,2,0.0
28435,5,0.0
28436,1,1.0
28437,1,0.0
28438,2,0.0
28439,1,0.0
28440,1,0.0
28441,3,0.0
28442,5,0.0
28443,22,0.0
28444,42,0.0
28445,3,0.0
28446,1,1.0
28447,1,0.0
28448,1,1.0
28449,2,1.0
28450,2,0.0
28451,2,0.0
28452,1,0.0
28453,2,1.0
28454,1,0.0
28455,4,1.0
28456,3,0.0
28457,1,1.0
28458,24,1.0
28459,32,0.0
28460,3,0.0
28461,4,0.0
28462,4,1.0
28463,1,0.0
28464,1,0.0
28465,2,0.0
28466,1,1.0
28467,3,0.0
28468,2,0.0
28469,1,0.0
28470,1,0.0
28471,1,0.0
28472,1,0.0
28473,4,1.0
28474,55,0.0
28475,3,0.0
28476,5,0.0
28477,3,1.0
28478,2,1.0
28479,1,1.0
28480,2,0.0
28481,1,0.0
28482,2,0.0
28483,3,1.0
28484,4,1.0
28485,1,0.0
28486,2,1.0
28487,6,0.0
28488,2,1.0
28489,1,0.0
28490,3,0.0
28491,3,0.0
28492,2,0.0
28493,2,0.0
28494,4,0.0
28495,31,1.0
28496,2,0.0
28497,1,0.0
28498,3,0.0
28499,1,0.0
28500,1,0.0
28501,5,0.0
28502,1,0.0
28503,1,0.0
28504,1,0.0
28505,1,0.0
28506,1,1.0
28507,1,0.0
28508,11,0.0
28509,6,1.0
28510,6,1.0
28511,1,1.0
28512,2,0.0
28513,2,0.0
28514,2,0.0
28515,3,0.0
28516,2,0.0
28517,1,0.0
28518,2,0.0
28519,2,0.0
28520,3,0.0
28521,3,1.0
28522,24,0.0
28523,1,0.0
28524,3,0.0
28525,2,0.0
28526,1,1.0
28527,4,1.0
28528,2,0.0
28529,34,0.0
28530,2,0.0
28531,4,1.0
28532,4,1.0
28533,1,0.0
28534,3,0.0
28535,3,0.0
28536,1,0.0
28537,2,0.0
28538,1,0.0
28539,2,0.0
28540,2,0.0
28541,1,0.0
28542,1,0.0
28543,1,0.0
28544,8,0.0
28545,2,0.0
28546,2,0.0
28547,4,1.0
28548,2,0.0
28549,2,0.0
28550,3,0.0
28551,2,1.0
28552,1,0.0
28553,1,0.0
28554,3,1.0
28555,5,0.0
28556,9,0.0
28557,3,0.0
28558,2,0.0
28559,13,0.0
28560,1,0.0
28561,1,1.0
28562,5,0.0
28563,3,0.0
28564,2,0.0
28565,4,1.0
28566,4,1.0
28567,2,0.0
28568,5,0.0
28569,1,1.0
28570,2,0.0
28571,3,1.0
28572,10,0.0
28573,4,1.0
28574,3,0.0
28575,3,0.0
28576,2,1.0
28577,1,0.0
28578,2,0.0
28579,5,1.0
28580,2,0.0
28581,1,1.0
28582,3,0.0
28583,1,0.0
28584,4,1.0
28585,2,1.0
28586,2,0.0
28587,4,1.0
28588,32,0.0
28589,2,0.0
28590,1,1.0
28591,2,0.0
28592,2,0.0
28593,1,0.0
28594,1,0.0
28595,1,0.0
28596,5,0.0
28597,1,1.0
28598,2,1.0
28599,2,0.0
28600,3,0.0
28601,1,1.0
28602,3,1.0
28603,4,1.0
28604,2,0.0
28605,1,0.0
28606,1,0.0
28607,1,0.0
28608,1,0.0
28609,1,0.0
28610,2,0.0
28611,2,0.0
28612,2,1.0
28613,1,0.0
28614,1,0.0
28615,18,0.0
28616,2,1.0
28617,1,0.0
28618,7,0.0
28619,3,0.0
28620,2,0.0
28621,1,1.0
28622,1,0.0
28623,1,0.0
28624,1,1.0
28625,1,1.0
28626,2,0.0
28627,46,0.0
28628,1,0.0
28629,1,1.0
28630,8,0.0
28631,1,0.0
28632,1,0.0
28633,2,0.0
28634,1,1.0
28635,1,0.0
28636,1,0.0
28637,3,0.0
28638,2,1.0
28639,3,1.0
28640,1,0.0
28641,6,0.0
28642,2,0.0
28643,5,0.0
28644,5,0.0
28645,5,0.0
28646,2,0.0
28647,41,0.0
28648,1,0.0
28649,2,1.0
28650,3,0.0
28651,2,0.0
28652,1,0.0
28653,7,1.0
28654,1,1.0
28655,2,0.0
28656,6,0.0
28657,1,0.0
28658,1,0.0
28659,2,0.0
28660,4,0.0
28661,1,0.0
28662,1,1.0
28663,3,0.0
28664,4,0.0
28665,2,0.0
28666,2,1.0
28667,1,0.0
28668,6,0.0
28669,20,1.0
28670,5,1.0
28671,2,0.0
28672,1,0.0
28673,1,1.0
28674,4,1.0
28675,2,1.0
28676,1,0.0
28677,2,0.0
28678,6,0.0
28679,1,0.0
28680,3,0.0
28681,1,0.0
28682,1,0.0
28683,2,0.0
28684,1,0.0
28685,1,0.0
28686,1,0.0
28687,2,0.0
28688,4,0.0
28689,1,0.0
28690,1,0.0
28691,2,0.0
28692,2,0.0
28693,1,0.0
28694,1,0.0
28695,5,0.0
28696,1,0.0
28697,2,1.0
28698,2,0.0
28699,1,1.0
28700,2,1.0
28701,1,0.0
28702,1,0.0
28703,3,0.0
28704,2,0.0
28705,2,0.0
28706,1,1.0
28707,3,1.0
28708,1,0.0
28709,3,1.0
28710,2,1.0
28711,3,1.0
28712,5,0.0
28713,1,0.0
28714,1,0.0
28715,2,0.0
28716,2,1.0
28717,2,0.0
28718,47,0.0
28719,4,0.0
28720,5,0.0
28721,2,0.0
28722,56,0.0
28723,3,0.0
28724,2,1.0
28725,2,1.0
28726,6,1.0
28727,2,0.0
28728,1,0.0
28729,1,0.0
28730,2,0.0
28731,1,1.0
28732,4,1.0
28733,1,1.0
28734,1,1.0
28735,1,0.0
28736,1,0.0
28737,3,1.0
28738,1,0.0
28739,1,0.0
28740,3,0.0
28741,2,0.0
28742,2,0.0
28743,1,0.0
28744,1,1.0
28745,1,0.0
28746,3,0.0
28747,2,0.0
28748,3,0.0
28749,2,1.0
28750,28,0.0
28751,1,1.0
28752,50,0.0
28753,5,1.0
28754,3,0.0
28755,18,0.0
28756,1,0.0
28757,2,1.0
28758,4,0.0
28759,3,0.0
28760,2,1.0
28761,2,0.0
28762,1,0.0
28763,2,0.0
28764,2,0.0
28765,2,0.0
28766,6,0.0
28767,1,0.0
28768,1,0.0
28769,1,0.0
28770,2,0.0
28771,1,0.0
28772,1,1.0
28773,2,0.0
28774,1,1.0
28775,1,0.0
28776,1,1.0
28777,1,1.0
28778,1,0.0
28779,1,1.0
28780,2,0.0
28781,2,1.0
28782,1,1.0
28783,1,0.0
28784,1,0.0
28785,36,0.0
28786,1,0.0
28787,1,0.0
28788,1,0.0
28789,1,0.0
28790,2,0.0
28791,1,1.0
28792,3,1.0
28793,3,1.0
28794,1,0.0
28795,9,0.0
28796,2,0.0
28797,1,0.0
28798,4,1.0
28799,2,0.0
28800,2,0.0
28801,3,0.0
28802,2,0.0
28803,2,0.0
28804,7,0.0
28805,2,1.0
28806,4,0.0
28807,3,0.0
28808,1,0.0
28809,1,0.0
28810,1,0.0
28811,1,0.0
28812,2,0.0
28813,1,0.0
28814,6,0.0
28815,1,0.0
28816,4,1.0
28817,8,0.0
28818,2,0.0
28819,2,0.0
28820,2,0.0
28821,1,0.0
28822,1,0.0
28823,1,0.0
28824,1,0.0
28825,1,0.0
28826,4,0.0
28827,3,1.0
28828,1,0.0
28829,2,0.0
28830,1,0.0
28831,1,0.0
28832,1,0.0
28833,1,1.0
28834,1,0.0
28835,1,1.0
28836,1,0.0
28837,1,0.0
28838,1,0.0
28839,3,1.0
28840,1,0.0
28841,34,0.0
28842,4,1.0
28843,3,0.0
28844,1,0.0
28845,3,0.0
28846,1,1.0
28847,5,1.0
28848,7,0.0
28849,3,1.0
28850,2,0.0
28851,1,0.0
28852,2,0.0
28853,2,1.0
28854,1,0.0
28855,5,1.0
28856,1,0.0
28857,3,0.0
28858,1,0.0
28859,3,0.0
28860,2,0.0
28861,3,1.0
28862,1,0.0
28863,3,0.0
28864,7,0.0
28865,3,0.0
28866,8,0.0
28867,2,0.0
28868,1,0.0
28869,1,1.0
28870,2,0.0
28871,1,0.0
28872,1,0.0
28873,1,1.0
28874,1,0.0
28875,4,1.0
28876,3,0.0
28877,1,0.0
28878,2,0.0
28879,3,0.0
28880,2,0.0
28881,2,0.0
28882,3,0.0
28883,1,0.0
28884,4,0.0
28885,3,0.0
28886,1,0.0
28887,1,0.0
28888,3,0.0
28889,3,0.0
28890,1,0.0
28891,1,0.0
28892,2,0.0
28893,3,0.0
28894,2,0.0
28895,1,0.0
28896,1,0.0
28897,1,0.0
28898,1,0.0
28899,43,0.0
28900,4,0.0
28901,2,1.0
28902,4,0.0
28903,6,0.0
28904,1,0.0
28905,1,0.0
28906,2,1.0
28907,13,0.0
28908,3,1.0
28909,3,1.0
28910,1,0.0
28911,4,0.0
28912,6,0.0
28913,3,1.0
28914,2,1.0
28915,4,1.0
28916,3,1.0
28917,3,0.0
28918,4,0.0
28919,4,0.0
28920,4,0.0
28921,1,1.0
28922,5,0.0
28923,6,0.0
28924,1,0.0
28925,2,0.0
28926,8,0.0
28927,2,0.0
28928,1,1.0
28929,1,0.0
28930,1,0.0
28931,8,0.0
28932,6,1.0
28933,1,0.0
28934,1,0.0
28935,1,0.0
28936,39,0.0
28937,1,0.0
28938,2,0.0
28939,2,0.0
28940,1,0.0
28941,2,0.0
28942,8,0.0
28943,3,0.0
28944,1,0.0
28945,10,1.0
28946,1,0.0
28947,1,0.0
28948,2,1.0
28949,1,0.0
28950,1,0.0
28951,3,0.0
28952,2,0.0
28953,1,0.0
28954,1,0.0
28955,7,0.0
28956,4,0.0
28957,1,0.0
28958,9,0.0
28959,5,0.0
28960,52,0.0
28961,1,1.0
28962,1,0.0
28963,2,1.0
28964,2,0.0
28965,2,0.0
28966,5,1.0
28967,1,0.0
28968,1,0.0
28969,2,0.0
28970,3,1.0
28971,1,0.0
28972,4,0.0
28973,1,0.0
28974,3,0.0
28975,2,0.0
28976,1,0.0
28977,1,1.0
28978,1,0.0
28979,1,0.0
28980,1,0.0
28981,1,0.0
28982,3,0.0
28983,5,0.0
28984,1,0.0
28985,1,0.0
28986,4,1.0
28987,1,0.0
28988,1,0.0
28989,1,0.0
28990,5,0.0
28991,2,0.0
28992,2,0.0
28993,1,0.0
28994,4,1.0
28995,3,0.0
28996,1,0.0
28997,2,0.0
28998,8,0.0
28999,7,0.0
29000,5,0.0
29001,1,1.0
29002,2,0.0
29003,43,0.0
29004,3,0.0
29005,1,1.0
29006,1,0.0
29007,4,0.0
29008,3,1.0
29009,1,0.0
29010,2,1.0
29011,5,0.0
29012,2,0.0
29013,4,0.0
29014,1,0.0
29015,3,0.0
29016,1,1.0
29017,2,1.0
29018,6,0.0
29019,1,1.0
29020,2,0.0
29021,2,0.0
29022,6,0.0
29023,1,1.0
29024,1,0.0
29025,2,1.0
29026,1,0.0
29027,2,0.0
29028,1,0.0
29029,1,0.0
29030,48,0.0
29031,9,0.0
29032,3,0.0
29033,2,0.0
29034,1,0.0
29035,2,0.0
29036,5,0.0
29037,1,0.0
29038,3,1.0
29039,4,1.0
29040,2,0.0
29041,3,0.0
29042,2,0.0
29043,2,0.0
29044,4,0.0
29045,2,0.0
29046,4,1.0
29047,2,0.0
29048,1,0.0
29049,1,1.0
29050,1,0.0
29051,1,0.0
29052,4,1.0
29053,2,0.0
29054,44,0.0
29055,1,0.0
29056,1,0.0
29057,1,0.0
29058,1,0.0
29059,2,0.0
29060,4,0.0
29061,1,0.0
29062,2,0.0
29063,3,0.0
29064,1,0.0
29065,6,0.0
29066,1,0.0
29067,1,0.0
29068,2,0.0
29069,1,0.0
29070,41,0.0
29071,4,1.0
29072,2,0.0
29073,1,0.0
29074,4,0.0
29075,1,1.0
29076,2,1.0
29077,1,1.0
29078,1,1.0
29079,4,1.0
29080,1,0.0
29081,1,0.0
29082,3,1.0
29083,1,0.0
29084,1,1.0
29085,1,0.0
29086,2,0.0
29087,2,1.0
29088,1,0.0
29089,1,0.0
29090,1,0.0
29091,2,0.0
29092,1,0.0
29093,3,0.0
29094,1,0.0
29095,1,0.0
29096,2,0.0
29097,1,0.0
29098,1,0.0
29099,3,0.0
29100,2,0.0
29101,3,0.0
29102,2,0.0
29103,3,0.0
29104,1,0.0
29105,2,0.0
29106,2,0.0
29107,1,0.0
29108,2,1.0
29109,4,1.0
29110,2,0.0
29111,1,0.0
29112,2,1.0
29113,1,0.0
29114,6,0.0
29115,1,1.0
29116,2,0.0
29117,43,0.0
29118,1,0.0
29119,2,0.0
29120,3,1.0
29121,2,1.0
29122,1,0.0
29123,2,0.0
29124,1,1.0
29125,1,0.0
29126,3,0.0
29127,2,0.0
29128,4,1.0
29129,1,0.0
29130,1,0.0
29131,1,0.0
29132,3,1.0
29133,1,0.0
29134,5,0.0
29135,1,0.0
29136,1,0.0
29137,2,0.0
29138,1,0.0
29139,2,1.0
29140,1,0.0
29141,1,0.0
29142,7,0.0
29143,1,0.0
29144,2,0.0
29145,1,1.0
29146,1,1.0
29147,2,0.0
29148,1,1.0
29149,10,0.0
29150,2,0.0
29151,2,0.0
29152,3,1.0
29153,1,0.0
29154,6,0.0
29155,3,0.0
29156,1,0.0
29157,1,0.0
29158,6,1.0
29159,2,0.0
29160,2,0.0
29161,1,0.0
29162,2,0.0
29163,6,1.0
29164,3,1.0
29165,3,0.0
29166,2,1.0
29167,1,0.0
29168,2,1.0
29169,2,0.0
29170,36,0.0
29171,8,1.0
29172,3,0.0
29173,3,0.0
29174,3,1.0
29175,1,0.0
29176,1,0.0
29177,2,1.0
29178,1,0.0
29179,2,0.0
29180,2,0.0
29181,2,0.0
29182,3,1.0
29183,3,1.0
29184,1,0.0
29185,3,1.0
29186,3,0.0
29187,1,0.0
29188,1,1.0
29189,1,0.0
29190,2,0.0
29191,2,0.0
29192,4,1.0
29193,33,1.0
29194,10,0.0
29195,1,0.0
29196,3,1.0
29197,1,0.0
29198,3,1.0
29199,3,0.0
29200,1,0.0
29201,1,0.0
29202,12,0.0
29203,7,0.0
29204,2,0.0
29205,1,1.0
29206,1,0.0
29207,6,0.0
29208,1,0.0
29209,5,1.0
29210,3,1.0
29211,1,0.0
29212,24,1.0
29213,2,0.0
29214,1,0.0
29215,2,1.0
29216,1,0.0
29217,2,0.0
29218,2,0.0
29219,3,0.0
29220,4,1.0
29221,1,0.0
29222,1,1.0
29223,1,0.0
29224,1,1.0
29225,44,0.0
29226,2,0.0
29227,5,1.0
29228,2,0.0
29229,4,0.0
29230,41,0.0
29231,1,0.0
29232,2,0.0
29233,1,0.0
29234,1,0.0
29235,2,1.0
29236,1,0.0
29237,4,0.0
29238,1,0.0
29239,1,0.0
29240,1,0.0
29241,3,1.0
29242,2,0.0
29243,2,0.0
29244,2,0.0
29245,1,0.0
29246,4,1.0
29247,1,1.0
29248,2,1.0
29249,1,0.0
29250,2,0.0
29251,1,0.0
29252,2,0.0
29253,3,0.0
29254,1,1.0
29255,2,0.0
29256,39,0.0
29257,1,0.0
29258,4,1.0
29259,2,0.0
29260,3,0.0
29261,1,1.0
29262,4,1.0
29263,3,0.0
29264,1,0.0
29265,2,1.0
29266,4,0.0
29267,5,0.0
29268,3,0.0
29269,3,1.0
29270,1,0.0
29271,2,0.0
29272,4,0.0
29273,1,1.0
29274,1,0.0
29275,1,1.0
29276,21,1.0
29277,2,0.0
29278,2,0.0
29279,2,1.0
29280,1,0.0
29281,26,0.0
29282,1,0.0
29283,2,0.0
29284,1,0.0
29285,3,0.0
29286,2,0.0
29287,4,0.0
29288,1,0.0
29289,2,0.0
29290,2,1.0
29291,1,0.0
29292,26,0.0
29293,1,0.0
29294,5,1.0
29295,2,0.0
29296,2,0.0
29297,2,0.0
29298,1,0.0
29299,2,0.0
29300,33,0.0
29301,3,0.0
29302,2,1.0
29303,4,0.0
29304,1,0.0
29305,34,0.0
29306,1,0.0
29307,12,0.0
29308,4,1.0
29309,1,0.0
29310,5,0.0
29311,4,0.0
29312,4,0.0
29313,1,0.0
29314,37,0.0
29315,1,0.0
29316,2,1.0
29317,1,0.0
29318,4,0.0
29319,2,0.0
29320,1,0.0
29321,1,0.0
29322,1,0.0
29323,1,0.0
29324,1,0.0
29325,1,0.0
29326,5,0.0
29327,3,0.0
29328,1,1.0
29329,1,0.0
29330,1,1.0
29331,2,0.0
29332,2,0.0
29333,2,1.0
29334,1,0.0
29335,4,1.0
29336,1,0.0
29337,7,0.0
29338,2,0.0
29339,3,1.0
29340,9,0.0
29341,7,0.0
29342,1,0.0
29343,2,0.0
29344,1,0.0
29345,6,0.0
29346,2,1.0
29347,8,0.0
29348,1,0.0
29349,4,1.0
29350,2,1.0
29351,1,1.0
29352,1,1.0
29353,4,0.0
29354,1,1.0
29355,1,0.0
29356,2,0.0
29357,1,0.0
29358,1,0.0
29359,2,0.0
29360,1,1.0
29361,1,0.0
29362,1,0.0
29363,2,0.0
29364,1,1.0
29365,1,0.0
29366,3,0.0
29367,2,0.0
29368,4,0.0
29369,5,0.0
29370,5,0.0
29371,1,0.0
29372,5,0.0
29373,3,0.0
29374,2,0.0
29375,2,0.0
29376,1,0.0
29377,1,1.0
29378,2,0.0
29379,4,0.0
29380,2,1.0
29381,2,0.0
29382,1,1.0
29383,3,0.0
29384,3,1.0
29385,53,0.0
29386,1,0.0
29387,1,0.0
29388,1,0.0
29389,1,0.0
29390,1,0.0
29391,1,0.0
29392,1,0.0
29393,6,0.0
29394,6,0.0
29395,1,1.0
29396,1,0.0
29397,7,0.0
29398,4,1.0
29399,1,0.0
29400,3,0.0
29401,4,0.0
29402,43,0.0
29403,3,0.0
29404,1,0.0
29405,2,0.0
29406,1,0.0
29407,1,0.0
29408,1,0.0
29409,7,0.0
29410,2,0.0
29411,1,0.0
29412,3,0.0
29413,2,0.0
29414,2,0.0
29415,2,0.0
29416,2,0.0
29417,6,0.0
29418,2,1.0
29419,2,0.0
29420,3,0.0
29421,3,1.0
29422,6,0.0
29423,2,0.0
29424,2,0.0
29425,3,0.0
29426,2,0.0
29427,5,1.0
29428,8,0.0
29429,5,0.0
29430,1,0.0
29431,2,0.0
29432,2,0.0
29433,4,1.0
29434,2,0.0
29435,2,0.0
29436,5,0.0
29437,2,0.0
29438,4,1.0
29439,2,1.0
29440,2,0.0
29441,1,1.0
29442,1,0.0
29443,1,1.0
29444,1,1.0
29445,1,1.0
29446,1,0.0
29447,1,0.0
29448,3,0.0
29449,1,1.0
29450,1,1.0
29451,1,0.0
29452,1,0.0
29453,1,1.0
29454,43,0.0
29455,1,0.0
29456,1,0.0
29457,1,0.0
29458,6,0.0
29459,6,0.0
29460,3,0.0
29461,1,0.0
29462,2,1.0
29463,2,1.0
29464,1,0.0
29465,3,1.0
29466,1,0.0
29467,3,1.0
29468,5,0.0
29469,1,0.0
29470,1,1.0
29471,3,0.0
29472,2,0.0
29473,7,1.0
29474,5,0.0
29475,2,0.0
29476,8,0.0
29477,4,0.0
29478,1,0.0
29479,1,0.0
29480,51,0.0
29481,3,0.0
29482,1,0.0
29483,2,1.0
29484,29,0.0
29485,4,0.0
29486,2,1.0
29487,1,1.0
29488,16,0.0
29489,3,1.0
29490,2,0.0
29491,3,0.0
29492,1,0.0
29493,4,1.0
29494,1,0.0
29495,1,0.0
29496,1,0.0
29497,4,1.0
29498,3,1.0
29499,6,1.0
29500,1,1.0
29501,3,0.0
29502,1,0.0
29503,3,0.0
29504,1,0.0
29505,2,0.0
29506,1,0.0
29507,1,1.0
29508,3,1.0
29509,7,0.0
29510,2,1.0
29511,3,0.0
29512,1,0.0
29513,2,0.0
29514,1,1.0
29515,2,0.0
29516,49,0.0
29517,3,0.0
29518,2,1.0
29519,1,0.0
29520,8,0.0
29521,1,0.0
29522,3,1.0
29523,1,0.0
29524,4,1.0
29525,5,0.0
29526,1,1.0
29527,3,0.0
29528,1,0.0
29529,4,1.0
29530,3,1.0
29531,1,0.0
29532,1,0.0
29533,4,1.0
29534,1,0.0
29535,1,0.0
29536,2,1.0
29537,43,0.0
29538,1,0.0
29539,3,0.0
29540,1,0.0
29541,5,0.0
29542,2,0.0
29543,1,1.0
29544,3,1.0
29545,2,0.0
29546,1,0.0
29547,1,0.0
29548,3,1.0
29549,2,1.0
29550,3,0.0
29551,1,0.0
29552,2,0.0
29553,1,0.0
29554,2,1.0
29555,2,1.0
29556,3,0.0
29557,3,0.0
29558,1,0.0
29559,1,1.0
29560,1,0.0
29561,14,0.0
29562,1,0.0
29563,1,0.0
29564,1,0.0
29565,1,0.0
29566,2,1.0
29567,5,0.0
29568,1,0.0
29569,2,1.0
29570,2,1.0
29571,1,0.0
29572,1,0.0
29573,2,0.0
29574,3,1.0
29575,2,1.0
29576,1,0.0
29577,1,0.0
29578,6,0.0
29579,1,0.0
29580,2,0.0
29581,2,0.0
29582,2,0.0
29583,2,0.0
29584,1,0.0
29585,1,0.0
29586,2,0.0
29587,1,1.0
29588,3,1.0
29589,4,1.0
29590,1,0.0
29591,8,1.0
29592,2,0.0
29593,4,0.0
29594,1,0.0
29595,30,0.0
29596,1,0.0
29597,1,0.0
29598,1,0.0
29599,3,1.0
29600,2,0.0
29601,2,1.0
29602,3,0.0
29603,2,0.0
29604,2,1.0
29605,4,0.0
29606,2,0.0
29607,2,0.0
29608,1,0.0
29609,1,0.0
29610,5,1.0
29611,3,0.0
29612,4,1.0
29613,2,0.0
29614,1,1.0
29615,1,0.0
29616,2,0.0
29617,5,0.0
29618,3,0.0
29619,1,1.0
29620,3,1.0
29621,1,0.0
29622,5,0.0
29623,2,0.0
29624,1,1.0
29625,3,0.0
29626,2,0.0
29627,3,0.0
29628,2,0.0
29629,2,0.0
29630,2,1.0
29631,3,0.0
29632,1,0.0
29633,2,1.0
29634,1,0.0
29635,5,0.0
29636,1,0.0
29637,2,0.0
29638,1,0.0
29639,2,0.0
29640,5,0.0
29641,2,0.0
29642,3,1.0
29643,8,0.0
29644,4,1.0
29645,2,1.0
29646,1,0.0
29647,3,0.0
29648,2,0.0
29649,58,0.0
29650,3,1.0
29651,2,0.0
29652,2,0.0
29653,2,1.0
29654,1,1.0
29655,1,0.0
29656,5,0.0
29657,8,0.0
29658,2,0.0
29659,3,0.0
29660,2,0.0
29661,7,0.0
29662,2,0.0
29663,1,0.0
29664,3,1.0
29665,1,1.0
29666,2,0.0
29667,1,0.0
29668,5,0.0
29669,1,0.0
29670,2,0.0
29671,18,1.0
29672,1,0.0
29673,3,1.0
29674,2,0.0
29675,1,1.0
29676,1,0.0
29677,1,1.0
29678,1,0.0
29679,3,0.0
29680,1,0.0
29681,19,0.0
29682,4,1.0
29683,1,0.0
29684,2,0.0
29685,6,0.0
29686,1,0.0
29687,2,0.0
29688,46,0.0
29689,1,1.0
29690,2,0.0
29691,4,0.0
29692,17,0.0
29693,29,0.0
29694,3,0.0
29695,1,0.0
29696,1,0.0
29697,1,0.0
29698,4,1.0
29699,1,0.0
29700,1,0.0
29701,2,0.0
29702,4,1.0
29703,2,0.0
29704,1,0.0
29705,1,0.0
29706,1,1.0
29707,1,1.0
29708,3,0.0
29709,1,0.0
29710,1,1.0
29711,52,0.0
29712,1,0.0
29713,2,1.0
29714,2,1.0
29715,3,0.0
29716,2,1.0
29717,3,0.0
29718,3,0.0
29719,4,0.0
29720,1,0.0
29721,1,1.0
29722,3,0.0
29723,8,0.0
29724,2,0.0
29725,1,1.0
29726,12,0.0
29727,4,1.0
29728,2,0.0
29729,1,0.0
29730,2,1.0
29731,1,0.0
29732,1,0.0
29733,3,1.0
29734,1,0.0
29735,1,0.0
29736,1,0.0
29737,2,0.0
29738,2,0.0
29739,1,1.0
29740,3,0.0
29741,33,0.0
29742,1,1.0
29743,4,0.0
29744,1,0.0
29745,27,0.0
29746,2,0.0
29747,1,0.0
29748,4,0.0
29749,2,0.0
29750,2,1.0
29751,9,1.0
29752,2,0.0
29753,1,0.0
29754,3,0.0
29755,3,0.0
29756,2,1.0
29757,1,0.0
29758,3,1.0
29759,3,1.0
29760,5,0.0
29761,3,0.0
29762,1,0.0
29763,3,0.0
29764,1,1.0
29765,2,0.0
29766,1,0.0
29767,3,0.0
29768,1,0.0
29769,4,0.0
29770,1,1.0
29771,1,0.0
29772,1,0.0
29773,1,1.0
29774,3,1.0
29775,1,1.0
29776,1,0.0
29777,3,1.0
29778,2,0.0
29779,4,0.0
29780,1,1.0
29781,1,0.0
29782,2,0.0
29783,1,0.0
29784,1,1.0
29785,1,0.0
29786,57,1.0
29787,1,1.0
29788,2,0.0
29789,2,0.0
29790,1,0.0
29791,1,0.0
29792,1,0.0
29793,1,0.0
29794,2,1.0
29795,1,1.0
29796,2,0.0
29797,11,0.0
29798,5,0.0
29799,1,0.0
29800,2,0.0
29801,3,0.0
29802,3,0.0
29803,3,1.0
29804,2,0.0
29805,3,0.0
29806,3,0.0
29807,2,1.0
29808,33,1.0
29809,3,0.0
29810,1,1.0
29811,3,0.0
29812,5,1.0
29813,2,1.0
29814,3,0.0
29815,1,1.0
29816,1,0.0
29817,3,0.0
29818,2,0.0
29819,1,0.0
29820,1,0.0
29821,2,0.0
29822,1,0.0
29823,1,1.0
29824,3,0.0
29825,2,0.0
29826,2,0.0
29827,55,0.0
29828,1,0.0
29829,1,0.0
29830,1,0.0
29831,4,0.0
29832,4,0.0
29833,4,1.0
29834,4,0.0
29835,1,1.0
29836,1,0.0
29837,5,0.0
29838,1,0.0
29839,1,0.0
29840,2,0.0
29841,1,0.0
29842,2,0.0
29843,3,0.0
29844,1,0.0
29845,3,1.0
29846,1,1.0
29847,3,0.0
29848,1,0.0
29849,1,0.0
29850,2,0.0
29851,7,0.0
29852,1,0.0
29853,1,0.0
29854,1,0.0
29855,1,0.0
29856,3,0.0
29857,1,0.0
29858,1,0.0
29859,2,0.0
29860,1,1.0
29861,2,0.0
29862,3,1.0
29863,1,1.0
29864,1,0.0
29865,3,1.0
29866,53,0.0
29867,1,0.0
29868,1,0.0
29869,4,0.0
29870,1,1.0
29871,2,1.0
29872,3,1.0
29873,2,0.0
29874,1,0.0
29875,2,1.0
29876,3,0.0
29877,1,0.0
29878,60,0.0
29879,1,0.0
29880,2,1.0
29881,4,1.0
29882,6,0.0
29883,2,0.0
29884,1,1.0
29885,34,0.0
29886,4,0.0
29887,2,1.0
29888,1,0.0
29889,2,0.0
29890,1,0.0
29891,4,0.0
29892,8,1.0
29893,2,1.0
29894,1,0.0
29895,6,1.0
29896,1,1.0
29897,10,1.0
29898,1,0.0
29899,38,0.0
29900,1,0.0
29901,1,0.0
29902,2,0.0
29903,2,1.0
29904,1,0.0
29905,2,0.0
29906,2,0.0
29907,3,0.0
29908,1,0.0
29909,1,0.0
29910,1,0.0
29911,2,0.0
29912,1,1.0
29913,2,0.0
29914,1,1.0
29915,2,0.0
29916,4,0.0
29917,16,0.0
29918,2,0.0
29919,3,0.0
29920,4,0.0
29921,2,0.0
29922,1,0.0
29923,1,0.0
29924,1,0.0
29925,2,0.0
29926,2,0.0
29927,8,1.0
29928,2,0.0
29929,1,0.0
29930,7,0.0
29931,2,0.0
29932,1,1.0
29933,1,0.0
29934,17,0.0
29935,3,0.0
29936,2,1.0
29937,2,1.0
29938,2,0.0
29939,2,0.0
29940,3,0.0
29941,34,0.0
29942,2,0.0
29943,1,0.0
29944,2,0.0
29945,4,1.0
29946,3,1.0
29947,1,0.0
29948,2,0.0
29949,57,0.0
29950,1,0.0
29951,3,1.0
29952,5,0.0
29953,1,1.0
29954,1,0.0
29955,1,1.0
29956,1,0.0
29957,1,0.0
29958,4,1.0
29959,2,0.0
29960,3,0.0
29961,3,1.0
29962,1,0.0
29963,1,1.0
29964,2,1.0
29965,5,0.0
29966,1,0.0
29967,1,1.0
29968,1,0.0
29969,1,0.0
29970,1,0.0
29971,3,0.0
29972,2,0.0
29973,1,0.0
29974,1,0.0
29975,2,0.0
29976,4,0.0
29977,1,0.0
29978,1,0.0
29979,2,0.0
29980,1,0.0
29981,2,0.0
29982,2,0.0
29983,1,0.0
29984,1,1.0
29985,1,0.0
29986,1,0.0
29987,3,1.0
29988,3,0.0
29989,2,0.0
29990,3,1.0
29991,2,1.0
29992,2,0.0
29993,2,0.0
29994,4,0.0
29995,3,0.0
29996,5,1.0
29997,28,0.0
29998,26,0.0
29999,8,0.0
30000,1,0.0
30001,1,0.0
30002,1,1.0
30003,6,0.0
30004,4,0.0
30005,1,0.0
30006,1,0.0
30007,4,1.0
30008,2,0.0
30009,2,0.0
30010,1,0.0
30011,1,0.0
30012,2,0.0
30013,1,0.0
30014,1,0.0
30015,1,0.0
30016,1,1.0
30017,2,0.0
30018,1,0.0
30019,4,0.0
30020,1,0.0
30021,3,1.0
30022,2,0.0
30023,1,0.0
30024,2,1.0
30025,1,0.0
30026,4,1.0
30027,1,0.0
30028,1,0.0
30029,3,1.0
30030,1,0.0
30031,5,0.0
30032,2,1.0
30033,1,0.0
30034,5,0.0
30035,2,0.0
30036,1,0.0
30037,3,0.0
30038,3,0.0
30039,5,0.0
30040,1,0.0
30041,1,0.0
30042,1,1.0
30043,1,0.0
30044,1,1.0
30045,2,0.0
30046,2,0.0
30047,1,0.0
30048,1,1.0
30049,1,0.0
30050,1,0.0
30051,1,1.0
30052,1,0.0
30053,1,0.0
30054,1,1.0
30055,2,1.0
30056,3,0.0
30057,3,1.0
30058,1,0.0
30059,45,0.0
30060,2,0.0
30061,2,0.0
30062,1,0.0
30063,2,0.0
30064,1,0.0
30065,1,0.0
30066,6,0.0
30067,4,1.0
30068,2,1.0
30069,1,0.0
30070,6,0.0
30071,5,1.0
30072,4,0.0
30073,2,0.0
30074,1,0.0
30075,2,0.0
30076,43,0.0
30077,2,1.0
30078,3,1.0
30079,3,1.0
30080,1,0.0
30081,3,0.0
30082,2,0.0
30083,1,1.0
30084,3,0.0
30085,39,0.0
30086,2,0.0
30087,4,0.0
30088,2,0.0
30089,3,1.0
30090,3,0.0
30091,4,1.0
30092,3,1.0
30093,5,0.0
30094,2,0.0
30095,1,0.0
30096,3,1.0
30097,1,0.0
30098,5,0.0
30099,1,0.0
30100,1,0.0
30101,2,1.0
30102,2,0.0
30103,2,0.0
30104,1,1.0
30105,4,0.0
30106,2,0.0
30107,1,0.0
30108,1,0.0
30109,1,0.0
30110,27,0.0
30111,1,0.0
30112,3,0.0
30113,2,0.0
30114,2,0.0
30115,2,0.0
30116,2,0.0
30117,17,0.0
30118,2,0.0
30119,2,0.0
30120,2,0.0
30121,2,0.0
30122,2,1.0
30123,1,0.0
30124,5,0.0
30125,1,0.0
30126,3,0.0
30127,2,1.0
30128,1,0.0
30129,2,0.0
30130,2,0.0
30131,6,0.0
30132,3,1.0
30133,1,0.0
30134,1,0.0
30135,1,0.0
30136,1,0.0
30137,3,0.0
30138,2,1.0
30139,3,1.0
30140,5,0.0
30141,3,0.0
30142,1,0.0
30143,3,0.0
30144,3,0.0
30145,3,0.0
30146,4,1.0
30147,2,0.0
30148,3,1.0
30149,2,1.0
30150,2,0.0
30151,7,1.0
30152,3,0.0
30153,1,0.0
30154,1,0.0
30155,4,1.0
30156,1,0.0
30157,4,0.0
30158,2,0.0
30159,1,0.0
30160,1,0.0
30161,2,1.0
30162,4,0.0
30163,1,0.0
30164,3,0.0
30165,24,0.0
30166,3,0.0
30167,1,0.0
30168,1,0.0
30169,1,0.0
30170,4,0.0
30171,3,0.0
30172,1,1.0
30173,2,0.0
30174,1,1.0
30175,1,0.0
30176,1,0.0
30177,2,0.0
30178,2,0.0
30179,1,0.0
30180,2,1.0
30181,6,1.0
30182,1,0.0
30183,3,0.0
30184,3,0.0
30185,1,1.0
30186,1,0.0
30187,48,0.0
30188,1,1.0
30189,1,0.0
30190,3,0.0
30191,5,0.0
30192,1,0.0
30193,1,1.0
30194,1,0.0
30195,2,0.0
30196,1,1.0
30197,1,0.0
30198,1,0.0
30199,3,0.0
30200,1,0.0
30201,2,0.0
30202,1,1.0
30203,1,0.0
30204,41,0.0
30205,1,1.0
30206,1,1.0
30207,3,0.0
30208,8,0.0
30209,3,1.0
30210,2,0.0
30211,2,1.0
30212,3,1.0
30213,1,0.0
30214,1,0.0
30215,7,0.0
30216,1,0.0
30217,1,1.0
30218,1,0.0
30219,1,1.0
30220,1,1.0
30221,2,0.0
30222,1,1.0
30223,1,0.0
30224,1,0.0
30225,2,0.0
30226,3,0.0
30227,4,0.0
30228,1,1.0
30229,1,0.0
30230,2,0.0
30231,5,0.0
30232,2,1.0
30233,1,0.0
30234,2,0.0
30235,4,0.0
30236,1,1.0
30237,3,1.0
30238,1,0.0
30239,5,0.0
30240,1,0.0
30241,2,0.0
30242,3,0.0
30243,6,0.0
30244,1,0.0
30245,2,0.0
30246,3,0.0
30247,4,0.0
30248,2,1.0
30249,2,0.0
30250,3,0.0
30251,1,0.0
30252,1,0.0
30253,2,0.0
30254,3,0.0
30255,3,1.0
30256,1,0.0
30257,1,0.0
30258,1,0.0
30259,1,0.0
30260,1,0.0
30261,2,0.0
30262,4,0.0
30263,1,1.0
30264,3,1.0
30265,1,0.0
30266,2,0.0
30267,26,0.0
30268,3,1.0
30269,4,1.0
30270,46,0.0
30271,1,0.0
30272,2,0.0
30273,1,0.0
30274,1,0.0
30275,3,0.0
30276,1,0.0
30277,2,0.0
30278,2,0.0
30279,4,1.0
30280,1,0.0
30281,1,0.0
30282,3,1.0
30283,3,1.0
30284,2,0.0
30285,1,0.0
30286,1,0.0
30287,1,0.0
30288,7,0.0
30289,2,0.0
30290,5,0.0
30291,2,0.0
30292,1,0.0
30293,1,0.0
30294,2,1.0
30295,4,1.0
30296,1,1.0
30297,1,0.0
30298,3,0.0
30299,2,1.0
30300,1,1.0
30301,1,0.0
30302,1,0.0
30303,2,0.0
30304,1,0.0
30305,1,0.0
30306,1,0.0
30307,5,0.0
30308,2,1.0
30309,1,0.0
30310,1,0.0
30311,1,1.0
30312,2,0.0
30313,2,0.0
30314,5,0.0
30315,2,0.0
30316,2,0.0
30317,1,0.0
30318,58,1.0
30319,1,0.0
30320,1,1.0
30321,2,0.0
30322,1,0.0
30323,1,0.0
30324,1,0.0
30325,1,0.0
30326,3,1.0
30327,2,0.0
30328,2,0.0
30329,1,0.0
30330,1,0.0
30331,4,1.0
30332,1,1.0
30333,1,0.0
30334,2,0.0
30335,1,0.0
30336,1,0.0
30337,1,0.0
30338,3,0.0
30339,2,0.0
30340,1,0.0
30341,10,0.0
30342,2,0.0
30343,1,1.0
30344,1,0.0
30345,1,1.0
30346,1,0.0
30347,5,0.0
30348,3,1.0
30349,1,1.0
30350,3,0.0
30351,1,0.0
30352,2,1.0
30353,5,0.0
30354,1,0.0
30355,1,0.0
30356,3,0.0
30357,2,0.0
30358,1,1.0
30359,1,0.0
30360,2,1.0
30361,1,1.0
30362,1,0.0
30363,1,0.0
30364,3,1.0
30365,3,1.0
30366,1,0.0
30367,2,0.0
30368,1,0.0
30369,2,0.0
30370,1,1.0
30371,6,0.0
30372,6,1.0
30373,1,0.0
30374,2,1.0
30375,3,0.0
30376,1,1.0
30377,3,0.0
30378,1,0.0
30379,2,0.0
30380,1,1.0
30381,1,0.0
30382,5,0.0
30383,6,0.0
30384,2,0.0
30385,1,0.0
30386,2,0.0
30387,2,1.0
30388,3,1.0
30389,1,0.0
30390,3,1.0
30391,1,0.0
30392,1,0.0
30393,1,0.0
30394,1,0.0
30395,3,1.0
30396,5,0.0
30397,3,0.0
30398,13,1.0
30399,3,0.0
30400,1,0.0
30401,1,0.0
30402,5,0.0
30403,1,0.0
30404,3,0.0
30405,2,1.0
30406,3,0.0
30407,2,0.0
30408,1,0.0
30409,1,0.0
30410,1,0.0
30411,2,1.0
30412,3,1.0
30413,2,0.0
30414,9,0.0
30415,1,0.0
30416,5,1.0
30417,1,0.0
30418,5,0.0
30419,4,1.0
30420,3,1.0
30421,1,0.0
30422,2,0.0
30423,1,0.0
30424,47,1.0
30425,2,0.0
30426,1,1.0
30427,1,0.0
30428,2,0.0
30429,2,0.0
30430,4,0.0
30431,2,0.0
30432,6,0.0
30433,1,0.0
30434,2,0.0
30435,2,0.0
30436,1,1.0
30437,2,1.0
30438,3,0.0
30439,2,0.0
30440,3,0.0
30441,1,0.0
30442,4,0.0
30443,2,1.0
30444,1,0.0
30445,6,0.0
30446,49,0.0
30447,2,0.0
30448,5,0.0
30449,26,0.0
30450,4,0.0
30451,1,0.0
30452,11,0.0
30453,1,0.0
30454,2,0.0
30455,3,1.0
30456,1,0.0
30457,2,0.0
30458,1,1.0
30459,1,0.0
30460,3,1.0
30461,2,0.0
30462,5,0.0
30463,3,1.0
30464,3,0.0
30465,4,1.0
30466,1,0.0
30467,1,1.0
30468,1,1.0
30469,1,0.0
30470,3,1.0
30471,5,0.0
30472,2,0.0
30473,1,0.0
30474,1,1.0
30475,5,0.0
30476,4,0.0
30477,33,0.0
30478,1,1.0
30479,2,0.0
30480,1,0.0
30481,3,0.0
30482,1,0.0
30483,2,0.0
30484,1,0.0
30485,4,1.0
30486,6,0.0
30487,3,1.0
30488,1,0.0
30489,7,0.0
30490,1,0.0
30491,41,0.0
30492,1,0.0
30493,2,0.0
30494,1,1.0
30495,2,0.0
30496,2,1.0
30497,1,0.0
30498,3,1.0
30499,1,0.0
30500,1,0.0
30501,8,0.0
30502,1,0.0
30503,2,0.0
30504,2,1.0
30505,3,0.0
30506,1,0.0
30507,14,0.0
30508,2,0.0
30509,3,0.0
30510,1,1.0
30511,4,1.0
30512,1,0.0
30513,2,0.0
30514,1,0.0
30515,5,0.0
30516,45,0.0
30517,2,0.0
30518,2,0.0
30519,1,0.0
30520,4,0.0
30521,1,0.0
30522,1,0.0
30523,1,1.0
30524,3,1.0
30525,3,0.0
30526,1,1.0
30527,1,0.0
30528,1,0.0
30529,42,0.0
30530,4,1.0
30531,3,1.0
30532,1,1.0
30533,42,0.0
30534,3,1.0
30535,3,1.0
30536,2,0.0
30537,1,0.0
30538,3,0.0
30539,17,1.0
30540,3,0.0
30541,3,0.0
30542,1,0.0
30543,1,0.0
30544,6,0.0
30545,1,0.0
30546,2,1.0
30547,24,0.0
30548,14,0.0
30549,5,1.0
30550,1,0.0
30551,2,0.0
30552,3,0.0
30553,2,1.0
30554,1,0.0
30555,4,1.0
30556,1,0.0
30557,3,0.0
30558,2,0.0
30559,2,0.0
30560,55,0.0
30561,2,0.0
30562,6,0.0
30563,2,1.0
30564,1,0.0
30565,2,0.0
30566,41,0.0
30567,1,1.0
30568,1,0.0
30569,6,0.0
30570,2,1.0
30571,2,0.0
30572,3,0.0
30573,2,0.0
30574,1,0.0
30575,2,1.0
30576,3,0.0
30577,2,0.0
30578,1,0.0
30579,1,0.0
30580,1,0.0
30581,1,0.0
30582,3,1.0
30583,1,0.0
30584,1,0.0
30585,3,1.0
30586,1,0.0
30587,2,0.0
30588,2,0.0
30589,54,0.0
30590,1,0.0
30591,1,0.0
30592,2,0.0
30593,3,1.0
30594,2,1.0
30595,1,0.0
30596,3,0.0
30597,1,0.0
30598,2,0.0
30599,1,1.0
30600,1,0.0
30601,4,1.0
30602,3,1.0
30603,1,1.0
30604,2,0.0
30605,2,0.0
30606,3,0.0
30607,1,0.0
30608,4,0.0
30609,1,0.0
30610,7,1.0
30611,1,0.0
30612,1,0.0
30613,8,1.0
30614,1,0.0
30615,55,0.0
30616,1,0.0
30617,2,0.0
30618,4,0.0
30619,1,0.0
30620,3,0.0
30621,23,1.0
30622,4,0.0
30623,1,0.0
30624,2,0.0
30625,3,1.0
30626,1,0.0
30627,1,0.0
30628,5,0.0
30629,1,0.0
30630,2,0.0
30631,1,0.0
30632,1,0.0
30633,1,0.0
30634,5,0.0
30635,6,0.0
30636,2,0.0
30637,2,1.0
30638,1,0.0
30639,1,0.0
30640,4,0.0
30641,1,0.0
30642,1,0.0
30643,2,1.0
30644,4,0.0
30645,14,0.0
30646,2,0.0
30647,7,0.0
30648,3,0.0
30649,1,0.0
30650,1,1.0
30651,2,0.0
30652,7,0.0
30653,6,1.0
30654,2,0.0
30655,4,0.0
30656,1,1.0
30657,1,0.0
30658,2,1.0
30659,2,0.0
30660,56,0.0
30661,2,0.0
30662,1,0.0
30663,1,0.0
30664,2,1.0
30665,1,0.0
30666,1,0.0
30667,2,1.0
30668,52,0.0
30669,38,0.0
30670,1,0.0
30671,1,0.0
30672,2,0.0
30673,3,0.0
30674,3,0.0
30675,1,1.0
30676,3,0.0
30677,1,1.0
30678,2,0.0
30679,3,0.0
30680,3,0.0
30681,1,0.0
30682,2,0.0
30683,2,0.0
30684,1,0.0
30685,1,0.0
30686,1,0.0
30687,2,0.0
30688,2,0.0
30689,1,0.0
30690,7,0.0
30691,2,0.0
30692,1,0.0
30693,3,0.0
30694,1,0.0
30695,1,1.0
30696,4,1.0
30697,2,0.0
30698,1,0.0
30699,2,1.0
30700,13,1.0
30701,58,0.0
30702,8,0.0
30703,1,1.0
30704,1,0.0
30705,1,0.0
30706,1,0.0
30707,2,1.0
30708,4,1.0
30709,3,1.0
30710,4,0.0
30711,1,1.0
30712,9,1.0
30713,1,0.0
30714,59,0.0
30715,2,0.0
30716,1,0.0
30717,2,0.0
30718,2,0.0
30719,1,0.0
30720,2,1.0
30721,6,1.0
30722,2,0.0
30723,2,1.0
30724,3,0.0
30725,5,0.0
30726,2,0.0
30727,3,0.0
30728,2,0.0
30729,1,1.0
30730,5,0.0
30731,2,0.0
30732,1,0.0
30733,2,1.0
30734,1,0.0
30735,1,0.0
30736,4,1.0
30737,1,0.0
30738,2,0.0
30739,3,1.0
30740,2,1.0
30741,6,0.0
30742,2,0.0
30743,1,0.0
30744,3,0.0
30745,3,0.0
30746,1,0.0
30747,5,0.0
30748,1,1.0
30749,4,0.0
30750,2,0.0
30751,1,0.0
30752,14,0.0
30753,3,0.0
30754,1,0.0
30755,1,1.0
30756,1,0.0
30757,1,0.0
30758,4,1.0
30759,1,1.0
30760,1,0.0
30761,2,0.0
30762,1,0.0
30763,3,1.0
30764,2,0.0
30765,11,0.0
30766,1,1.0
30767,2,0.0
30768,4,0.0
30769,1,1.0
30770,3,1.0
30771,1,0.0
30772,1,0.0
30773,1,0.0
30774,1,0.0
30775,1,0.0
30776,2,1.0
30777,2,0.0
30778,1,1.0
30779,1,0.0
30780,1,0.0
30781,58,0.0
30782,2,0.0
30783,3,0.0
30784,32,0.0
30785,3,1.0
30786,1,0.0
30787,4,1.0
30788,2,0.0
30789,1,0.0
30790,5,0.0
30791,1,0.0
30792,1,0.0
30793,3,0.0
30794,3,0.0
30795,1,1.0
30796,1,0.0
30797,2,0.0
30798,57,0.0
30799,1,1.0
30800,5,0.0
30801,2,0.0
30802,1,1.0
30803,2,0.0
30804,2,0.0
30805,6,0.0
30806,3,1.0
30807,4,1.0
30808,3,0.0
30809,4,0.0
30810,2,1.0
30811,3,1.0
30812,1,0.0
30813,1,0.0
30814,1,0.0
30815,1,0.0
30816,1,0.0
30817,4,1.0
30818,1,1.0
30819,1,0.0
30820,1,0.0
30821,2,0.0
30822,2,0.0
30823,1,0.0
30824,4,0.0
30825,2,1.0
30826,2,1.0
30827,2,0.0
30828,4,1.0
30829,1,0.0
30830,1,0.0
30831,2,0.0
30832,7,0.0
30833,1,0.0
30834,2,1.0
30835,1,0.0
30836,2,0.0
30837,2,0.0
30838,2,0.0
30839,1,1.0
30840,1,0.0
30841,1,0.0
30842,5,0.0
30843,4,0.0
30844,1,0.0
30845,1,0.0
30846,3,0.0
30847,1,0.0
30848,1,1.0
30849,6,0.0
30850,1,0.0
30851,5,0.0
30852,27,0.0
30853,2,1.0
30854,1,0.0
30855,1,1.0
30856,2,0.0
30857,3,0.0
30858,1,0.0
30859,1,0.0
30860,2,0.0
30861,4,1.0
30862,40,0.0
30863,1,1.0
30864,4,0.0
30865,1,0.0
30866,1,0.0
30867,18,0.0
30868,1,0.0
30869,1,0.0
30870,3,0.0
30871,1,1.0
30872,1,0.0
30873,3,1.0
30874,1,0.0
30875,29,0.0
30876,2,1.0
30877,1,0.0
30878,1,0.0
30879,1,0.0
30880,2,0.0
30881,1,0.0
30882,1,1.0
30883,1,0.0
30884,3,0.0
30885,2,1.0
30886,1,0.0
30887,1,1.0
30888,2,0.0
30889,2,1.0
30890,1,0.0
30891,22,0.0
30892,3,1.0
30893,2,0.0
30894,1,0.0
30895,1,0.0
30896,1,0.0
30897,2,0.0
30898,3,0.0
30899,2,0.0
30900,1,0.0
30901,2,0.0
30902,2,0.0
30903,1,0.0
30904,1,0.0
30905,2,1.0
30906,8,0.0
30907,1,0.0
30908,2,0.0
30909,3,1.0
30910,1,0.0
30911,12,0.0
30912,1,1.0
30913,1,0.0
30914,1,1.0
30915,4,0.0
30916,2,1.0
30917,1,0.0
30918,1,1.0
30919,2,0.0
30920,2,0.0
30921,2,0.0
30922,2,1.0
30923,4,1.0
30924,3,0.0
30925,21,0.0
30926,1,0.0
30927,1,0.0
30928,6,0.0
30929,4,0.0
30930,3,1.0
30931,1,1.0
30932,1,0.0
30933,2,1.0
30934,39,0.0
30935,3,1.0
30936,4,1.0
30937,1,0.0
30938,1,0.0
30939,2,0.0
30940,56,0.0
30941,1,0.0
30942,1,1.0
30943,1,1.0
30944,1,0.0
30945,2,1.0
30946,1,0.0
30947,2,0.0
30948,2,0.0
30949,2,1.0
30950,3,1.0
30951,1,0.0
30952,2,0.0
30953,3,0.0
30954,7,0.0
30955,1,0.0
30956,3,0.0
30957,1,0.0
30958,3,1.0
30959,8,0.0
30960,2,0.0
30961,17,0.0
30962,3,1.0
30963,2,1.0
30964,2,1.0
30965,4,0.0
30966,3,0.0
30967,1,0.0
30968,2,1.0
30969,7,0.0
30970,4,1.0
30971,3,1.0
30972,3,0.0
30973,1,0.0
30974,1,0.0
30975,1,0.0
30976,2,0.0
30977,16,0.0
30978,5,0.0
30979,2,1.0
30980,4,1.0
30981,1,1.0
30982,3,1.0
30983,1,0.0
30984,2,0.0
30985,9,1.0
30986,1,0.0
30987,2,0.0
30988,4,0.0
30989,2,0.0
30990,2,0.0
30991,2,0.0
30992,1,0.0
30993,1,0.0
30994,1,0.0
30995,4,1.0
30996,1,0.0
30997,39,0.0
30998,1,0.0
30999,1,0.0
31000,2,0.0
31001,4,0.0
31002,1,1.0
31003,1,0.0
31004,1,0.0
31005,8,1.0
31006,33,0.0
31007,2,1.0
31008,2,1.0
31009,3,0.0
31010,1,0.0
31011,2,0.0
31012,3,1.0
31013,4,1.0
31014,2,0.0
31015,1,1.0
31016,2,1.0
31017,3,0.0
31018,1,1.0
31019,3,0.0
31020,2,0.0
31021,1,1.0
31022,1,0.0
31023,1,0.0
31024,2,0.0
31025,2,1.0
31026,2,0.0
31027,9,0.0
31028,1,0.0
31029,2,0.0
31030,2,0.0
31031,1,0.0
31032,2,0.0
31033,4,1.0
31034,1,0.0
31035,1,0.0
31036,1,0.0
31037,3,1.0
31038,1,0.0
31039,3,0.0
31040,4,0.0
31041,1,0.0
31042,2,0.0
31043,2,0.0
31044,1,0.0
31045,1,0.0
31046,2,0.0
31047,1,0.0
31048,1,0.0
31049,2,0.0
31050,2,0.0
31051,3,0.0
31052,3,0.0
31053,1,0.0
31054,1,0.0
31055,2,1.0
31056,5,0.0
31057,40,0.0
31058,8,0.0
31059,2,0.0
31060,1,1.0
31061,5,1.0
31062,2,0.0
31063,1,0.0
31064,1,0.0
31065,2,0.0
31066,4,1.0
31067,1,0.0
31068,5,0.0
31069,1,0.0
31070,5,0.0
31071,3,0.0
31072,1,0.0
31073,24,1.0
31074,1,0.0
31075,6,0.0
31076,3,1.0
31077,1,0.0
31078,4,0.0
31079,2,0.0
31080,4,1.0
31081,1,0.0
31082,2,1.0
31083,1,0.0
31084,2,0.0
31085,1,1.0
31086,4,0.0
31087,1,1.0
31088,1,0.0
31089,48,0.0
31090,2,1.0
31091,3,1.0
31092,1,0.0
31093,1,0.0
31094,2,1.0
31095,1,0.0
31096,1,0.0
31097,9,0.0
31098,2,0.0
31099,1,0.0
31100,4,1.0
31101,1,0.0
31102,1,1.0
31103,1,0.0
31104,12,0.0
31105,1,0.0
31106,2,0.0
31107,1,0.0
31108,2,0.0
31109,2,1.0
31110,1,0.0
31111,3,0.0
31112,5,0.0
31113,6,1.0
31114,1,0.0
31115,1,0.0
31116,1,0.0
31117,1,0.0
31118,16,0.0
31119,1,0.0
31120,1,0.0
31121,1,0.0
31122,2,1.0
31123,7,0.0
31124,3,1.0
31125,4,0.0
31126,6,0.0
31127,2,0.0
31128,2,1.0
31129,1,0.0
31130,54,0.0
31131,1,1.0
31132,1,0.0
31133,2,0.0
31134,2,0.0
31135,2,0.0
31136,1,1.0
31137,4,1.0
31138,3,0.0
31139,4,0.0
31140,2,0.0
31141,1,0.0
31142,1,0.0
31143,1,0.0
31144,1,0.0
31145,1,0.0
31146,1,0.0
31147,1,0.0
31148,1,1.0
31149,2,0.0
31150,3,1.0
31151,4,1.0
31152,3,1.0
31153,1,0.0
31154,5,0.0
31155,4,0.0
31156,2,0.0
31157,4,1.0
31158,2,0.0
31159,2,0.0
31160,4,1.0
31161,2,0.0
31162,2,1.0
31163,1,0.0
31164,4,0.0
31165,1,0.0
31166,3,0.0
31167,2,0.0
31168,2,1.0
31169,2,1.0
31170,18,0.0
31171,2,1.0
31172,1,0.0
31173,2,0.0
31174,2,0.0
31175,2,1.0
31176,1,0.0
31177,1,0.0
31178,2,0.0
31179,1,0.0
31180,7,0.0
31181,1,0.0
31182,54,0.0
31183,1,0.0
31184,8,0.0
31185,3,1.0
31186,2,0.0
31187,1,0.0
31188,7,1.0
31189,3,1.0
31190,1,0.0
31191,3,0.0
31192,2,1.0
31193,2,0.0
31194,1,0.0
31195,1,0.0
31196,2,0.0
31197,3,0.0
31198,1,0.0
31199,6,0.0
31200,2,0.0
31201,2,1.0
31202,1,0.0
31203,3,0.0
31204,2,0.0
31205,2,0.0
31206,1,0.0
31207,3,0.0
31208,2,0.0
31209,2,0.0
31210,2,0.0
31211,51,1.0
31212,1,0.0
31213,3,1.0
31214,1,1.0
31215,1,1.0
31216,4,1.0
31217,2,0.0
31218,2,0.0
31219,3,0.0
31220,3,1.0
31221,23,1.0
31222,1,0.0
31223,1,0.0
31224,2,1.0
31225,2,1.0
31226,39,0.0
31227,2,0.0
31228,2,0.0
31229,2,1.0
31230,1,1.0
31231,1,0.0
31232,1,0.0
31233,1,0.0
31234,1,0.0
31235,1,1.0
31236,1,1.0
31237,1,0.0
31238,2,0.0
31239,1,0.0
31240,1,0.0
31241,2,0.0
31242,2,0.0
31243,1,0.0
31244,7,0.0
31245,3,0.0
31246,2,0.0
31247,1,0.0
31248,3,0.0
31249,42,0.0
31250,3,1.0
31251,1,0.0
31252,1,1.0
31253,6,1.0
31254,3,1.0
31255,1,0.0
31256,1,0.0
31257,1,0.0
31258,4,0.0
31259,1,0.0
31260,1,0.0
31261,1,0.0
31262,1,0.0
31263,1,1.0
31264,1,0.0
31265,1,0.0
31266,1,0.0
31267,26,0.0
31268,1,0.0
31269,1,0.0
31270,1,0.0
31271,3,0.0
31272,5,0.0
31273,1,0.0
31274,1,0.0
31275,1,0.0
31276,4,1.0
31277,1,1.0
31278,4,1.0
31279,18,0.0
31280,1,1.0
31281,2,0.0
31282,1,0.0
31283,7,0.0
31284,5,0.0
31285,2,1.0
31286,1,0.0
31287,2,0.0
31288,42,0.0
31289,1,0.0
31290,4,0.0
31291,2,0.0
31292,1,0.0
31293,1,0.0
31294,49,0.0
31295,1,0.0
31296,2,1.0
31297,4,0.0
31298,1,0.0
31299,4,0.0
31300,5,0.0
31301,5,0.0
31302,1,0.0
31303,1,0.0
31304,4,0.0
31305,1,0.0
31306,5,0.0
31307,4,1.0
31308,1,0.0
31309,1,0.0
31310,1,1.0
31311,3,0.0
31312,3,0.0
31313,3,1.0
31314,1,1.0
31315,1,1.0
31316,1,0.0
31317,5,0.0
31318,2,0.0
31319,1,0.0
31320,1,0.0
31321,1,0.0
31322,1,0.0
31323,5,0.0
31324,4,1.0
31325,1,0.0
31326,5,0.0
31327,2,0.0
31328,1,1.0
31329,4,0.0
31330,1,1.0
31331,3,1.0
31332,1,0.0
31333,1,0.0
31334,2,0.0
31335,1,0.0
31336,2,0.0
31337,3,0.0
31338,4,1.0
31339,1,0.0
31340,5,0.0
31341,3,1.0
31342,1,0.0
31343,2,0.0
31344,1,0.0
31345,1,0.0
31346,7,0.0
31347,1,1.0
31348,2,0.0
31349,2,1.0
31350,2,0.0
31351,1,0.0
31352,19,0.0
31353,4,1.0
31354,2,0.0
31355,17,0.0
31356,1,0.0
31357,3,1.0
31358,2,0.0
31359,11,0.0
31360,2,1.0
31361,3,0.0
31362,1,0.0
31363,1,0.0
31364,2,0.0
31365,4,0.0
31366,1,1.0
31367,4,0.0
31368,3,0.0
31369,6,0.0
31370,2,0.0
31371,4,0.0
31372,1,0.0
31373,37,0.0
31374,4,1.0
31375,1,0.0
31376,5,0.0
31377,8,0.0
31378,1,0.0
31379,16,1.0
31380,3,0.0
31381,2,0.0
31382,1,0.0
31383,6,0.0
31384,1,1.0
31385,1,0.0
31386,30,0.0
31387,1,0.0
31388,37,0.0
31389,4,0.0
31390,1,0.0
31391,1,1.0
31392,1,0.0
31393,3,1.0
31394,1,0.0
31395,1,0.0
31396,1,0.0
31397,2,1.0
31398,1,0.0
31399,1,1.0
31400,1,1.0
31401,2,0.0
31402,4,0.0
31403,3,1.0
31404,5,0.0
31405,2,0.0
31406,1,1.0
31407,2,0.0
31408,2,1.0
31409,1,0.0
31410,1,0.0
31411,4,1.0
31412,2,0.0
31413,1,0.0
31414,1,0.0
31415,5,0.0
31416,4,1.0
31417,4,1.0
31418,1,1.0
31419,10,0.0
31420,1,1.0
31421,1,0.0
31422,1,0.0
31423,3,0.0
31424,2,0.0
31425,3,1.0
31426,1,1.0
31427,26,0.0
31428,2,0.0
31429,4,0.0
31430,3,0.0
31431,3,1.0
31432,55,0.0
31433,3,1.0
31434,1,1.0
31435,1,0.0
31436,1,0.0
31437,3,0.0
31438,3,0.0
31439,2,0.0
31440,2,0.0
31441,5,0.0
31442,1,0.0
31443,5,0.0
31444,3,0.0
31445,1,0.0
31446,2,1.0
31447,45,0.0
31448,2,1.0
31449,1,0.0
31450,1,0.0
31451,2,0.0
31452,1,0.0
31453,1,0.0
31454,2,0.0
31455,3,0.0
31456,1,0.0
31457,4,1.0
31458,1,0.0
31459,1,1.0
31460,1,0.0
31461,2,0.0
31462,5,0.0
31463,2,1.0
31464,1,1.0
31465,2,1.0
31466,1,0.0
31467,1,0.0
31468,2,0.0
31469,1,0.0
31470,3,1.0
31471,3,1.0
31472,2,0.0
31473,3,1.0
31474,2,1.0
31475,4,0.0
31476,2,0.0
31477,1,0.0
31478,1,0.0
31479,4,1.0
31480,1,0.0
31481,1,0.0
31482,5,0.0
31483,3,0.0
31484,51,0.0
31485,5,0.0
31486,1,0.0
31487,1,0.0
31488,5,0.0
31489,1,0.0
31490,2,0.0
31491,1,0.0
31492,1,0.0
31493,2,1.0
31494,4,0.0
31495,2,0.0
31496,3,1.0
31497,18,0.0
31498,2,0.0
31499,1,0.0
31500,1,0.0
31501,2,1.0
31502,1,0.0
31503,2,0.0
31504,1,0.0
31505,3,1.0
31506,1,0.0
31507,2,0.0
31508,1,0.0
31509,2,1.0
31510,5,0.0
31511,1,0.0
31512,1,0.0
31513,6,0.0
31514,2,0.0
31515,3,1.0
31516,1,0.0
31517,2,1.0
31518,38,0.0
31519,1,0.0
31520,2,0.0
31521,5,0.0
31522,5,0.0
31523,4,1.0
31524,2,0.0
31525,1,1.0
31526,1,0.0
31527,2,0.0
31528,1,1.0
31529,2,0.0
31530,1,0.0
31531,4,1.0
31532,1,1.0
31533,1,1.0
31534,5,0.0
31535,33,0.0
31536,1,0.0
31537,1,0.0
31538,1,0.0
31539,1,0.0
31540,1,0.0
31541,1,0.0
31542,2,0.0
31543,10,0.0
31544,1,0.0
31545,10,0.0
31546,3,0.0
31547,1,0.0
31548,58,0.0
31549,56,0.0
31550,2,0.0
31551,1,0.0
31552,3,0.0
31553,1,0.0
31554,1,0.0
31555,1,0.0
31556,5,0.0
31557,3,1.0
31558,1,0.0
31559,2,1.0
31560,1,0.0
31561,2,0.0
31562,1,1.0
31563,2,1.0
31564,1,0.0
31565,1,0.0
31566,2,1.0
31567,4,0.0
31568,2,1.0
31569,2,0.0
31570,3,0.0
31571,2,0.0
31572,1,1.0
31573,2,1.0
31574,2,0.0
31575,3,0.0
31576,1,0.0
31577,3,1.0
31578,4,0.0
31579,1,0.0
31580,5,0.0
31581,3,1.0
31582,2,1.0
31583,4,1.0
31584,1,0.0
31585,30,0.0
31586,1,1.0
31587,1,1.0
31588,2,0.0
31589,3,0.0
31590,30,0.0
31591,3,0.0
31592,1,0.0
31593,3,0.0
31594,4,1.0
31595,3,0.0
31596,1,0.0
31597,7,0.0
31598,1,0.0
31599,1,0.0
31600,2,0.0
31601,1,1.0
31602,1,0.0
31603,1,0.0
31604,3,0.0
31605,3,0.0
31606,47,0.0
31607,1,0.0
31608,1,0.0
31609,3,0.0
31610,3,1.0
31611,12,0.0
31612,1,0.0
31613,4,0.0
31614,1,0.0
31615,4,1.0
31616,3,0.0
31617,5,0.0
31618,1,1.0
31619,2,1.0
31620,1,0.0
31621,2,0.0
31622,8,0.0
31623,7,0.0
31624,4,1.0
31625,1,1.0
31626,2,0.0
31627,1,0.0
31628,1,0.0
31629,3,0.0
31630,1,1.0
31631,2,0.0
31632,7,0.0
31633,4,0.0
31634,1,0.0
31635,5,0.0
31636,2,1.0
31637,2,1.0
31638,36,0.0
31639,4,0.0
31640,2,0.0
31641,1,0.0
31642,2,0.0
31643,2,0.0
31644,8,0.0
31645,4,0.0
31646,1,0.0
31647,2,0.0
31648,1,0.0
31649,5,0.0
31650,4,1.0
31651,1,0.0
31652,1,0.0
31653,1,0.0
31654,2,0.0
31655,1,1.0
31656,1,0.0
31657,1,0.0
31658,3,1.0
31659,3,1.0
31660,1,1.0
31661,3,1.0
31662,1,0.0
31663,3,0.0
31664,2,1.0
31665,3,1.0
31666,1,0.0
31667,1,0.0
31668,2,0.0
31669,1,0.0
31670,46,0.0
31671,40,0.0
31672,2,0.0
31673,1,1.0
31674,1,0.0
31675,2,0.0
31676,1,0.0
31677,7,0.0
31678,51,0.0
31679,1,0.0
31680,9,0.0
31681,2,1.0
31682,1,0.0
31683,2,1.0
31684,3,1.0
31685,1,0.0
31686,1,0.0
31687,2,0.0
31688,7,1.0
31689,4,0.0
31690,3,1.0
31691,4,1.0
31692,2,0.0
31693,2,0.0
31694,2,0.0
31695,3,1.0
31696,1,0.0
31697,2,0.0
31698,1,0.0
31699,1,0.0
31700,2,0.0
31701,2,1.0
31702,30,0.0
31703,1,0.0
31704,2,0.0
31705,1,0.0
31706,1,1.0
31707,1,0.0
31708,1,0.0
31709,7,0.0
31710,2,0.0
31711,1,1.0
31712,1,0.0
31713,1,0.0
31714,2,0.0
31715,40,0.0
31716,8,1.0
31717,3,0.0
31718,2,0.0
31719,1,0.0
31720,1,0.0
31721,1,0.0
31722,1,0.0
31723,4,0.0
31724,2,0.0
31725,2,0.0
31726,46,0.0
31727,1,1.0
31728,1,0.0
31729,1,0.0
31730,2,0.0
31731,1,0.0
31732,1,0.0
31733,2,0.0
31734,3,0.0
31735,1,0.0
31736,2,0.0
31737,2,0.0
31738,4,1.0
31739,2,1.0
31740,3,0.0
31741,2,0.0
31742,1,1.0
31743,1,0.0
31744,3,0.0
31745,6,0.0
31746,3,1.0
31747,1,0.0
31748,2,1.0
31749,3,1.0
31750,2,1.0
31751,2,0.0
31752,2,0.0
31753,59,0.0
31754,4,1.0
31755,2,0.0
31756,3,0.0
31757,4,0.0
31758,1,0.0
31759,1,0.0
31760,1,0.0
31761,5,0.0
31762,7,0.0
31763,6,0.0
31764,2,1.0
31765,2,0.0
31766,2,0.0
31767,5,0.0
31768,8,0.0
31769,1,0.0
31770,1,0.0
31771,1,0.0
31772,2,0.0
31773,1,0.0
31774,1,0.0
31775,6,0.0
31776,1,0.0
31777,3,0.0
31778,2,0.0
31779,2,0.0
31780,1,1.0
31781,1,0.0
31782,1,0.0
31783,2,1.0
31784,1,1.0
31785,10,1.0
31786,2,0.0
31787,2,1.0
31788,1,0.0
31789,5,0.0
31790,6,0.0
31791,1,0.0
31792,1,0.0
31793,1,0.0
31794,3,1.0
31795,1,0.0
31796,2,1.0
31797,1,0.0
31798,3,0.0
31799,1,0.0
31800,1,0.0
31801,2,0.0
31802,1,0.0
31803,1,0.0
31804,3,1.0
31805,1,0.0
31806,1,0.0
31807,1,1.0
31808,1,1.0
31809,2,0.0
31810,1,1.0
31811,1,0.0
31812,2,1.0
31813,1,0.0
31814,10,1.0
31815,2,0.0
31816,1,0.0
31817,1,1.0
31818,2,1.0
31819,2,0.0
31820,1,0.0
31821,49,1.0
31822,1,0.0
31823,3,0.0
31824,3,0.0
31825,1,0.0
31826,1,1.0
31827,1,1.0
31828,6,1.0
31829,5,1.0
31830,2,1.0
31831,1,0.0
31832,4,1.0
31833,2,0.0
31834,2,0.0
31835,1,0.0
31836,2,0.0
31837,4,0.0
31838,2,0.0
31839,3,0.0
31840,3,0.0
31841,2,0.0
31842,3,0.0
31843,50,0.0
31844,1,1.0
31845,21,0.0
31846,7,0.0
31847,1,0.0
31848,1,1.0
31849,2,0.0
31850,2,0.0
31851,4,0.0
31852,3,1.0
31853,6,1.0
31854,3,0.0
31855,3,0.0
31856,3,1.0
31857,1,0.0
31858,1,0.0
31859,1,0.0
31860,1,0.0
31861,3,0.0
31862,3,1.0
31863,2,0.0
31864,1,0.0
31865,1,1.0
31866,2,0.0
31867,6,0.0
31868,6,1.0
31869,2,0.0
31870,1,0.0
31871,3,0.0
31872,3,1.0
31873,5,0.0
31874,1,0.0
31875,1,1.0
31876,1,0.0
31877,3,1.0
31878,1,0.0
31879,2,0.0
31880,3,0.0
31881,3,0.0
31882,2,0.0
31883,4,1.0
31884,4,1.0
31885,1,0.0
31886,1,0.0
31887,1,0.0
31888,2,1.0
31889,1,1.0
31890,4,0.0
31891,2,0.0
31892,9,0.0
31893,3,0.0
31894,2,0.0
31895,1,1.0
31896,6,0.0
31897,35,0.0
31898,1,0.0
31899,5,0.0
31900,31,1.0
31901,1,0.0
31902,1,0.0
31903,7,0.0
31904,3,1.0
31905,1,0.0
31906,1,0.0
31907,7,0.0
31908,3,1.0
31909,4,0.0
31910,1,0.0
31911,2,0.0
31912,3,1.0
31913,2,0.0
31914,2,0.0
31915,7,1.0
31916,2,0.0
31917,1,1.0
31918,3,1.0
31919,2,0.0
31920,3,0.0
31921,3,1.0
31922,3,0.0
31923,2,0.0
31924,4,1.0
31925,2,0.0
31926,4,0.0
31927,54,0.0
31928,2,0.0
31929,1,0.0
31930,4,1.0
31931,4,0.0
31932,2,0.0
31933,3,0.0
31934,1,0.0
31935,3,1.0
31936,1,0.0
31937,3,0.0
31938,1,0.0
31939,6,1.0
31940,1,0.0
31941,4,0.0
31942,2,1.0
31943,3,0.0
31944,4,0.0
31945,1,0.0
31946,1,0.0
31947,1,0.0
31948,1,1.0
31949,4,0.0
31950,1,0.0
31951,1,1.0
31952,1,0.0
31953,3,1.0
31954,3,1.0
31955,4,1.0
31956,2,0.0
31957,1,0.0
31958,2,0.0
31959,2,0.0
31960,2,1.0
31961,3,0.0
31962,6,0.0
31963,1,0.0
31964,3,1.0
31965,6,0.0
31966,1,0.0
31967,1,0.0
31968,2,0.0
31969,4,0.0
31970,6,0.0
31971,1,0.0
31972,1,0.0
31973,2,0.0
31974,2,0.0
31975,1,0.0
31976,2,0.0
31977,1,1.0
31978,3,0.0
31979,2,1.0
31980,2,0.0
31981,1,0.0
31982,2,0.0
31983,1,0.0
31984,2,0.0
31985,2,0.0
31986,2,0.0
31987,3,0.0
31988,1,1.0
31989,2,0.0
31990,2,0.0
31991,1,1.0
31992,1,0.0
31993,49,0.0
31994,1,0.0
31995,5,0.0
31996,5,1.0
31997,4,0.0
31998,3,0.0
31999,5,0.0
32000,3,0.0
32001,2,0.0
32002,5,0.0
32003,1,0.0
32004,3,0.0
32005,1,0.0
32006,2,0.0
32007,1,1.0
32008,4,1.0
32009,3,1.0
32010,1,0.0
32011,1,0.0
32012,1,0.0
32013,4,0.0
32014,6,0.0
32015,3,0.0
32016,1,0.0
32017,40,0.0
32018,10,0.0
32019,1,0.0
32020,4,1.0
32021,1,0.0
32022,1,0.0
32023,30,0.0
32024,24,0.0
32025,2,0.0
32026,2,0.0
32027,2,0.0
32028,4,0.0
32029,1,1.0
32030,13,1.0
32031,1,0.0
32032,7,0.0
32033,3,0.0
32034,1,0.0
32035,1,0.0
32036,5,0.0
32037,1,0.0
32038,1,0.0
32039,2,0.0
32040,4,0.0
32041,2,0.0
32042,1,0.0
32043,1,0.0
32044,1,0.0
32045,2,1.0
32046,1,0.0
32047,1,0.0
32048,1,0.0
32049,6,0.0
32050,2,0.0
32051,1,0.0
32052,2,0.0
32053,2,1.0
32054,2,0.0
32055,1,0.0
32056,3,0.0
32057,40,1.0
32058,2,0.0
32059,1,0.0
32060,5,0.0
32061,1,0.0
32062,2,0.0
32063,1,0.0
32064,40,0.0
32065,8,0.0
32066,3,0.0
32067,1,0.0
32068,9,0.0
32069,1,0.0
32070,2,0.0
32071,4,0.0
32072,2,1.0
32073,1,0.0
32074,1,1.0
32075,4,1.0
32076,1,0.0
32077,1,0.0
32078,2,0.0
32079,3,1.0
32080,1,0.0
32081,41,0.0
32082,5,0.0
32083,1,0.0
32084,5,0.0
32085,1,0.0
32086,3,0.0
32087,47,0.0
32088,2,0.0
32089,2,1.0
32090,3,1.0
32091,1,0.0
32092,1,0.0
32093,1,0.0
32094,2,0.0
32095,2,0.0
32096,3,1.0
32097,2,0.0
32098,5,0.0
32099,4,1.0
32100,2,0.0
32101,1,0.0
32102,2,0.0
32103,6,0.0
32104,2,0.0
32105,2,0.0
32106,2,0.0
32107,3,0.0
32108,2,0.0
32109,3,0.0
32110,2,0.0
32111,4,0.0
32112,5,0.0
32113,14,0.0
32114,2,0.0
32115,5,0.0
32116,1,0.0
32117,4,1.0
32118,2,1.0
32119,4,1.0
32120,7,0.0
32121,2,1.0
32122,7,0.0
32123,4,0.0
32124,1,0.0
32125,42,0.0
32126,1,0.0
32127,2,0.0
32128,4,0.0
32129,2,0.0
32130,1,0.0
32131,2,1.0
32132,5,0.0
32133,1,1.0
32134,3,1.0
32135,1,0.0
32136,1,1.0
32137,1,0.0
32138,1,0.0
32139,4,1.0
32140,3,0.0
32141,2,0.0
32142,2,0.0
32143,1,1.0
32144,2,0.0
32145,2,1.0
32146,1,0.0
32147,1,0.0
32148,8,1.0
32149,2,1.0
32150,4,1.0
32151,1,1.0
32152,3,1.0
32153,4,0.0
32154,2,0.0
32155,6,0.0
32156,1,0.0
32157,1,0.0
32158,3,0.0
32159,2,0.0
32160,1,0.0
32161,1,1.0
32162,1,0.0
32163,1,0.0
32164,1,0.0
32165,1,0.0
32166,6,0.0
32167,1,0.0
32168,3,0.0
32169,4,0.0
32170,2,1.0
32171,2,0.0
32172,3,1.0
32173,2,1.0
32174,1,0.0
32175,4,0.0
32176,1,0.0
32177,5,0.0
32178,2,1.0
32179,6,0.0
32180,1,0.0
32181,2,1.0
32182,3,0.0
32183,1,0.0
32184,3,1.0
32185,2,0.0
32186,1,0.0
32187,3,0.0
32188,1,0.0
32189,1,0.0
32190,3,0.0
32191,1,0.0
32192,2,1.0
32193,1,1.0
32194,4,1.0
32195,2,1.0
32196,1,0.0
32197,1,1.0
32198,1,0.0
32199,2,0.0
32200,2,0.0
32201,3,1.0
32202,4,0.0
32203,4,0.0
32204,1,0.0
32205,2,0.0
32206,1,0.0
32207,5,0.0
32208,2,0.0
32209,3,1.0
32210,3,0.0
32211,2,0.0
32212,1,0.0
32213,1,0.0
32214,1,0.0
32215,2,1.0
32216,3,0.0
32217,4,1.0
32218,1,0.0
32219,2,0.0
32220,1,0.0
32221,3,1.0
32222,3,0.0
32223,60,0.0
32224,3,1.0
32225,3,1.0
32226,4,1.0
32227,2,1.0
32228,5,0.0
32229,1,0.0
32230,48,0.0
32231,6,0.0
32232,6,1.0
32233,1,0.0
32234,3,0.0
32235,2,0.0
32236,3,0.0
32237,3,0.0
32238,3,0.0
32239,2,0.0
32240,2,0.0
32241,5,0.0
32242,1,0.0
32243,1,0.0
32244,3,1.0
32245,1,0.0
32246,6,0.0
32247,7,1.0
32248,2,1.0
32249,1,0.0
32250,4,0.0
32251,6,0.0
32252,1,0.0
32253,1,0.0
32254,7,0.0
32255,1,0.0
32256,1,0.0
32257,1,1.0
32258,1,1.0
32259,1,0.0
32260,1,1.0
32261,1,0.0
32262,2,0.0
32263,1,0.0
32264,1,0.0
32265,2,0.0
32266,8,0.0
32267,4,1.0
32268,2,0.0
32269,1,0.0
32270,1,1.0
32271,5,0.0
32272,1,0.0
32273,1,0.0
32274,1,0.0
32275,3,0.0
32276,1,0.0
32277,2,0.0
32278,2,0.0
32279,5,0.0
32280,3,0.0
32281,1,0.0
32282,1,0.0
32283,3,0.0
32284,1,0.0
32285,2,1.0
32286,1,1.0
32287,2,0.0
32288,2,0.0
32289,5,1.0
32290,2,0.0
32291,2,0.0
32292,7,1.0
32293,2,0.0
32294,1,0.0
32295,2,0.0
32296,4,0.0
32297,2,0.0
32298,3,0.0
32299,4,0.0
32300,1,0.0
32301,4,0.0
32302,1,0.0
32303,1,0.0
32304,2,0.0
32305,1,0.0
32306,3,1.0
32307,2,0.0
32308,1,0.0
32309,1,0.0
32310,1,0.0
32311,1,0.0
32312,4,0.0
32313,2,0.0
32314,1,1.0
32315,2,0.0
32316,1,1.0
32317,1,0.0
32318,1,0.0
32319,2,0.0
32320,1,0.0
32321,2,0.0
32322,2,0.0
32323,4,0.0
32324,1,0.0
32325,1,0.0
32326,4,0.0
32327,5,0.0
32328,3,0.0
32329,1,0.0
32330,3,1.0
32331,4,1.0
32332,2,0.0
32333,4,1.0
32334,5,0.0
32335,1,1.0
32336,4,0.0
32337,2,1.0
32338,2,0.0
32339,2,1.0
32340,1,0.0
32341,2,0.0
32342,6,0.0
32343,6,0.0
32344,2,1.0
32345,1,0.0
32346,2,1.0
32347,1,0.0
32348,3,1.0
32349,7,1.0
32350,3,0.0
32351,1,0.0
32352,1,0.0
32353,2,0.0
32354,1,0.0
32355,51,0.0
32356,6,0.0
32357,1,1.0
32358,1,0.0
32359,1,0.0
32360,6,0.0
32361,3,1.0
32362,5,0.0
32363,3,0.0
32364,4,0.0
32365,4,0.0
32366,2,0.0
32367,3,0.0
32368,3,0.0
32369,1,1.0
32370,4,1.0
32371,1,0.0
32372,1,0.0
32373,1,0.0
32374,4,0.0
32375,3,0.0
32376,1,0.0
32377,1,0.0
32378,1,0.0
32379,1,1.0
32380,6,0.0
32381,1,0.0
32382,1,0.0
32383,5,0.0
32384,1,0.0
32385,2,0.0
32386,2,1.0
32387,3,1.0
32388,3,0.0
32389,1,0.0
32390,1,0.0
32391,1,0.0
32392,2,0.0
32393,2,1.0
32394,3,1.0
32395,1,0.0
32396,1,0.0
32397,3,0.0
32398,2,0.0
32399,1,0.0
32400,4,0.0
32401,1,0.0
32402,1,0.0
32403,1,0.0
32404,1,0.0
32405,16,0.0
32406,1,0.0
32407,1,0.0
32408,1,0.0
32409,2,0.0
32410,4,0.0
32411,1,1.0
32412,59,0.0
32413,1,0.0
32414,1,0.0
32415,1,1.0
32416,2,0.0
32417,1,0.0
32418,5,0.0
32419,6,0.0
32420,1,1.0
32421,2,0.0
32422,1,0.0
32423,1,0.0
32424,2,1.0
32425,1,1.0
32426,3,0.0
32427,6,0.0
32428,25,0.0
32429,34,0.0
32430,1,0.0
32431,2,0.0
32432,1,0.0
32433,9,0.0
32434,8,0.0
32435,3,1.0
32436,3,0.0
32437,6,0.0
32438,1,0.0
32439,1,0.0
32440,3,1.0
32441,1,0.0
32442,1,0.0
32443,2,0.0
32444,1,0.0
32445,2,0.0
32446,1,0.0
32447,2,1.0
32448,4,1.0
32449,1,0.0
32450,2,0.0
32451,2,0.0
32452,1,0.0
32453,1,0.0
32454,1,0.0
32455,2,0.0
32456,4,0.0
32457,28,1.0
32458,1,0.0
32459,1,0.0
32460,2,1.0
32461,1,0.0
32462,2,1.0
32463,15,0.0
32464,2,0.0
32465,1,0.0
32466,2,1.0
32467,1,0.0
32468,6,0.0
32469,3,0.0
32470,5,0.0
32471,3,0.0
32472,3,1.0
32473,1,0.0
32474,2,0.0
32475,2,0.0
32476,3,1.0
32477,1,0.0
32478,2,0.0
32479,35,0.0
32480,1,0.0
32481,3,0.0
32482,2,0.0
32483,2,1.0
32484,1,0.0
32485,1,0.0
32486,2,0.0
32487,1,0.0
32488,2,1.0
32489,1,0.0
32490,1,0.0
32491,1,0.0
32492,1,1.0
32493,3,0.0
32494,1,0.0
32495,2,0.0
32496,4,1.0
32497,2,0.0
32498,2,0.0
32499,3,0.0
32500,1,1.0
32501,2,1.0
32502,1,0.0
32503,1,0.0
32504,1,0.0
32505,1,0.0
32506,1,0.0
32507,2,1.0
32508,2,0.0
32509,1,1.0
32510,53,0.0
32511,2,0.0
32512,2,0.0
32513,7,1.0
32514,1,0.0
32515,2,0.0
32516,1,1.0
32517,4,1.0
32518,1,0.0
32519,4,0.0
32520,1,0.0
32521,4,0.0
32522,1,0.0
32523,34,0.0
32524,3,0.0
32525,3,1.0
32526,1,0.0
32527,1,0.0
32528,2,0.0
32529,1,0.0
32530,1,0.0
32531,1,0.0
32532,1,0.0
32533,1,0.0
32534,1,0.0
32535,1,0.0
32536,1,0.0
32537,56,0.0
32538,4,1.0
32539,1,0.0
32540,3,1.0
32541,1,0.0
32542,1,1.0
32543,1,0.0
32544,5,0.0
32545,1,0.0
32546,3,1.0
32547,1,0.0
32548,1,0.0
32549,1,0.0
32550,2,0.0
32551,3,1.0
32552,2,0.0
32553,1,0.0
32554,2,1.0
32555,1,1.0
32556,1,0.0
32557,2,0.0
32558,1,0.0
32559,1,0.0
32560,1,0.0
32561,2,0.0
32562,3,0.0
32563,2,0.0
32564,1,0.0
32565,2,1.0
32566,3,1.0
32567,1,1.0
32568,1,1.0
32569,7,0.0
32570,1,0.0
32571,4,1.0
32572,2,0.0
32573,4,0.0
32574,1,0.0
32575,3,1.0
32576,27,0.0
32577,2,0.0
32578,3,1.0
32579,1,0.0
32580,1,0.0
32581,2,0.0
32582,5,0.0
32583,1,0.0
32584,2,0.0
32585,1,1.0
32586,4,0.0
32587,2,0.0
32588,3,0.0
32589,1,0.0
32590,3,0.0
32591,1,0.0
32592,1,0.0
32593,2,0.0
32594,2,0.0
32595,7,0.0
32596,2,0.0
32597,3,0.0
32598,1,0.0
32599,2,0.0
32600,2,1.0
32601,2,0.0
32602,2,0.0
32603,4,1.0
32604,2,0.0
32605,5,0.0
32606,2,0.0
32607,1,0.0
32608,5,0.0
32609,2,0.0
32610,28,0.0
32611,1,1.0
32612,1,0.0
32613,1,0.0
32614,47,0.0
32615,3,0.0
32616,1,0.0
32617,3,0.0
32618,1,0.0
32619,37,0.0
32620,2,0.0
32621,2,0.0
32622,1,0.0
32623,3,0.0
32624,2,0.0
32625,2,0.0
32626,1,0.0
32627,1,0.0
32628,1,0.0
32629,3,1.0
32630,5,0.0
32631,1,0.0
32632,1,1.0
32633,1,0.0
32634,2,0.0
32635,1,0.0
32636,18,1.0
32637,1,0.0
32638,53,0.0
32639,1,0.0
32640,2,0.0
32641,1,0.0
32642,8,0.0
32643,5,1.0
32644,1,0.0
32645,2,0.0
32646,1,0.0
32647,3,0.0
32648,3,0.0
32649,4,0.0
32650,3,1.0
32651,33,0.0
32652,3,1.0
32653,1,1.0
32654,1,0.0
32655,2,1.0
32656,5,0.0
32657,1,0.0
32658,1,0.0
32659,1,0.0
32660,2,0.0
32661,1,0.0
32662,1,0.0
32663,3,0.0
32664,1,0.0
32665,1,0.0
32666,2,0.0
32667,2,1.0
32668,7,0.0
32669,40,0.0
32670,24,0.0
32671,1,1.0
32672,1,0.0
32673,1,0.0
32674,3,1.0
32675,2,1.0
32676,4,0.0
32677,1,0.0
32678,1,0.0
32679,1,0.0
32680,1,0.0
32681,2,1.0
32682,1,1.0
32683,2,0.0
32684,2,1.0
32685,27,0.0
32686,1,0.0
32687,7,0.0
32688,1,0.0
32689,2,0.0
32690,2,0.0
32691,5,0.0
32692,1,0.0
32693,1,0.0
32694,52,0.0
32695,3,0.0
32696,24,0.0
32697,1,0.0
32698,7,0.0
32699,2,1.0
32700,2,0.0
32701,2,0.0
32702,2,1.0
32703,3,1.0
32704,1,0.0
32705,2,0.0
32706,4,0.0
32707,2,1.0
32708,10,0.0
32709,5,0.0
32710,1,1.0
32711,3,1.0
32712,2,0.0
32713,5,0.0
32714,1,1.0
32715,5,0.0
32716,3,1.0
32717,5,0.0
32718,5,0.0
32719,3,0.0
32720,1,1.0
32721,5,0.0
32722,2,0.0
32723,1,0.0
32724,4,0.0
32725,1,0.0
32726,3,1.0
32727,2,0.0
32728,57,1.0
32729,1,1.0
32730,2,1.0
32731,2,0.0
32732,2,1.0
32733,1,0.0
32734,3,1.0
32735,2,0.0
32736,1,0.0
32737,1,0.0
32738,1,0.0
32739,1,0.0
32740,1,0.0
32741,2,0.0
32742,1,0.0
32743,1,1.0
32744,2,0.0
32745,1,0.0
32746,4,1.0
32747,1,0.0
32748,2,0.0
32749,1,0.0
32750,3,1.0
32751,3,1.0
32752,1,0.0
32753,1,0.0
32754,4,1.0
32755,2,0.0
32756,3,0.0
32757,2,0.0
32758,3,0.0
32759,2,1.0
32760,2,0.0
32761,2,0.0
32762,1,0.0
32763,6,0.0
32764,2,1.0
32765,1,0.0
32766,11,0.0
32767,1,0.0
32768,1,0.0
32769,1,0.0
32770,2,0.0
32771,1,0.0
32772,6,0.0
32773,2,0.0
32774,1,0.0
32775,1,0.0
32776,3,1.0
32777,4,0.0
32778,3,0.0
32779,4,1.0
32780,5,0.0
32781,3,0.0
32782,4,1.0
32783,1,0.0
32784,19,0.0
32785,2,1.0
32786,3,0.0
32787,4,1.0
32788,3,1.0
32789,1,0.0
32790,3,1.0
32791,1,1.0
32792,2,1.0
32793,2,0.0
32794,1,1.0
32795,3,0.0
32796,1,0.0
32797,3,0.0
32798,2,0.0
32799,2,0.0
32800,1,0.0
32801,2,0.0
32802,2,0.0
32803,1,0.0
32804,1,0.0
32805,1,1.0
32806,1,0.0
32807,5,0.0
32808,5,0.0
32809,5,0.0
32810,1,0.0
32811,1,0.0
32812,4,0.0
32813,2,0.0
32814,1,0.0
32815,1,0.0
32816,4,1.0
32817,2,0.0
32818,1,0.0
32819,2,0.0
32820,1,0.0
32821,39,0.0
32822,1,1.0
32823,4,0.0
32824,7,1.0
32825,1,0.0
32826,3,1.0
32827,2,0.0
32828,4,1.0
32829,1,0.0
32830,1,0.0
32831,1,1.0
32832,2,1.0
32833,1,0.0
32834,1,0.0
32835,1,0.0
32836,2,0.0
32837,1,0.0
32838,1,0.0
32839,1,0.0
32840,2,0.0
32841,5,0.0
32842,4,1.0
32843,1,0.0
32844,2,0.0
32845,2,1.0
32846,1,1.0
32847,8,1.0
32848,2,0.0
32849,4,1.0
32850,1,0.0
32851,2,1.0
32852,1,0.0
32853,1,1.0
32854,1,0.0
32855,5,0.0
32856,34,0.0
32857,2,0.0
32858,1,0.0
32859,1,0.0
32860,2,0.0
32861,1,0.0
32862,2,0.0
32863,4,0.0
32864,1,0.0
32865,2,0.0
32866,41,0.0
32867,1,0.0
32868,5,0.0
32869,1,0.0
32870,4,0.0
32871,1,0.0
32872,1,0.0
32873,1,0.0
32874,3,0.0
32875,2,1.0
32876,1,0.0
32877,1,0.0
32878,3,1.0
32879,1,0.0
32880,1,0.0
32881,2,0.0
32882,1,1.0
32883,1,0.0
32884,1,0.0
32885,1,0.0
32886,19,0.0
32887,1,0.0
32888,1,1.0
32889,1,0.0
32890,1,1.0
32891,3,0.0
32892,3,0.0
32893,4,1.0
32894,2,0.0
32895,3,0.0
32896,3,1.0
32897,3,1.0
32898,1,0.0
32899,1,1.0
32900,53,0.0
32901,3,0.0
32902,11,0.0
32903,1,0.0
32904,1,1.0
32905,1,1.0
32906,2,0.0
32907,1,0.0
32908,1,1.0
32909,1,0.0
32910,23,0.0
32911,2,0.0
32912,56,0.0
32913,3,1.0
32914,3,1.0
32915,5,0.0
32916,2,1.0
32917,2,0.0
32918,4,1.0
32919,4,1.0
32920,4,0.0
32921,3,1.0
32922,1,0.0
32923,1,0.0
32924,1,1.0
32925,1,0.0
32926,2,1.0
32927,2,0.0
32928,2,0.0
32929,1,1.0
32930,3,0.0
32931,1,1.0
32932,1,0.0
32933,1,0.0
32934,1,1.0
32935,1,0.0
32936,53,0.0
32937,1,1.0
32938,1,0.0
32939,6,0.0
32940,7,0.0
32941,1,0.0
32942,1,0.0
32943,3,0.0
32944,7,1.0
32945,1,0.0
32946,3,0.0
32947,2,0.0
32948,1,1.0
32949,2,0.0
32950,1,1.0
32951,1,0.0
32952,1,0.0
32953,1,0.0
32954,1,0.0
32955,3,1.0
32956,3,0.0
32957,1,1.0
32958,1,0.0
32959,3,0.0
32960,1,1.0
32961,1,0.0
32962,57,0.0
32963,54,0.0
32964,3,1.0
32965,6,0.0
32966,1,0.0
32967,2,0.0
32968,2,0.0
32969,1,0.0
32970,1,1.0
32971,1,0.0
32972,5,0.0
32973,3,1.0
32974,1,0.0
32975,2,0.0
32976,1,0.0
32977,3,0.0
32978,1,0.0
32979,2,0.0
32980,3,1.0
32981,2,0.0
32982,2,0.0
32983,3,0.0
32984,1,0.0
32985,4,0.0
32986,2,0.0
32987,5,1.0
32988,2,0.0
32989,4,1.0
32990,3,1.0
32991,4,0.0
32992,55,0.0
32993,1,0.0
32994,4,0.0
32995,7,1.0
32996,34,0.0
32997,3,0.0
32998,1,0.0
32999,1,0.0
33000,3,1.0
33001,1,0.0
33002,3,1.0
33003,1,1.0
33004,2,0.0
33005,1,0.0
33006,2,0.0
33007,1,0.0
33008,1,0.0
33009,2,0.0
33010,1,0.0
33011,3,1.0
33012,1,0.0
33013,5,0.0
33014,1,1.0
33015,1,0.0
33016,1,0.0
33017,2,0.0
33018,2,1.0
33019,1,0.0
33020,1,0.0
33021,3,0.0
33022,1,0.0
33023,9,1.0
33024,12,0.0
33025,1,1.0
33026,3,0.0
33027,1,0.0
33028,1,0.0
33029,1,1.0
33030,1,0.0
33031,1,0.0
33032,4,1.0
33033,28,0.0
33034,1,1.0
33035,3,1.0
33036,1,1.0
33037,3,0.0
33038,1,0.0
33039,2,0.0
33040,1,0.0
33041,1,0.0
33042,3,0.0
33043,2,1.0
33044,3,1.0
33045,7,0.0
33046,1,0.0
33047,3,0.0
33048,1,0.0
33049,4,1.0
33050,2,0.0
33051,2,0.0
33052,4,0.0
33053,2,0.0
33054,1,1.0
33055,2,0.0
33056,1,0.0
33057,1,0.0
33058,5,0.0
33059,4,1.0
33060,1,0.0
33061,44,0.0
33062,1,0.0
33063,2,0.0
33064,6,0.0
33065,2,1.0
33066,1,0.0
33067,1,1.0
33068,1,1.0
33069,1,1.0
33070,1,0.0
33071,2,0.0
33072,4,0.0
33073,1,1.0
33074,2,0.0
33075,19,0.0
33076,21,0.0
33077,1,1.0
33078,3,0.0
33079,2,0.0
33080,1,0.0
33081,1,1.0
33082,2,0.0
33083,5,0.0
33084,1,1.0
33085,3,0.0
33086,1,0.0
33087,1,0.0
33088,3,0.0
33089,3,1.0
33090,2,1.0
33091,1,0.0
33092,2,0.0
33093,2,1.0
33094,2,0.0
33095,5,0.0
33096,1,0.0
33097,1,0.0
33098,3,1.0
33099,2,0.0
33100,8,0.0
33101,4,0.0
33102,3,0.0
33103,2,0.0
33104,2,0.0
33105,2,0.0
33106,2,0.0
33107,1,0.0
33108,1,0.0
33109,4,0.0
33110,1,0.0
33111,2,1.0
33112,1,0.0
33113,1,0.0
33114,2,1.0
33115,4,0.0
33116,2,0.0
33117,1,0.0
33118,6,0.0
33119,2,1.0
33120,5,0.0
33121,2,1.0
33122,16,0.0
33123,1,0.0
33124,17,0.0
33125,3,1.0
33126,1,0.0
33127,3,0.0
33128,1,0.0
33129,1,1.0
33130,1,0.0
33131,10,0.0
33132,1,0.0
33133,1,0.0
33134,1,0.0
33135,2,1.0
33136,1,0.0
33137,2,0.0
33138,2,0.0
33139,3,0.0
33140,1,0.0
33141,1,0.0
33142,4,0.0
33143,2,0.0
33144,3,0.0
33145,4,1.0
33146,1,1.0
33147,1,0.0
33148,3,1.0
33149,1,0.0
33150,2,0.0
33151,2,0.0
33152,14,0.0
33153,1,1.0
33154,2,0.0
33155,4,1.0
33156,2,0.0
33157,5,0.0
33158,3,1.0
33159,1,0.0
33160,2,1.0
33161,3,1.0
33162,3,0.0
33163,42,0.0
33164,1,0.0
33165,7,0.0
33166,9,0.0
33167,2,1.0
33168,1,0.0
33169,5,0.0
33170,6,1.0
33171,1,0.0
33172,3,1.0
33173,1,0.0
33174,4,1.0
33175,1,0.0
33176,1,0.0
33177,5,0.0
33178,1,0.0
33179,1,0.0
33180,1,0.0
33181,6,0.0
33182,2,0.0
33183,17,1.0
33184,1,0.0
33185,1,1.0
33186,2,0.0
33187,2,0.0
33188,2,1.0
33189,1,1.0
33190,1,0.0
33191,4,0.0
33192,1,1.0
33193,4,0.0
33194,1,0.0
33195,1,0.0
33196,2,0.0
33197,2,1.0
33198,45,0.0
33199,1,0.0
33200,8,0.0
33201,3,1.0
33202,3,0.0
33203,4,0.0
33204,2,0.0
33205,7,0.0
33206,1,1.0
33207,5,0.0
33208,1,0.0
33209,3,0.0
33210,2,0.0
33211,3,0.0
33212,34,0.0
33213,1,0.0
33214,1,0.0
33215,1,0.0
33216,2,0.0
33217,2,1.0
33218,1,0.0
33219,1,0.0
33220,2,0.0
33221,7,0.0
33222,7,0.0
33223,2,0.0
33224,3,0.0
33225,4,0.0
33226,3,1.0
33227,1,0.0
33228,1,0.0
33229,3,0.0
33230,3,0.0
33231,2,0.0
33232,1,0.0
33233,1,0.0
33234,1,0.0
33235,6,0.0
33236,1,1.0
33237,1,0.0
33238,2,1.0
33239,2,0.0
33240,3,0.0
33241,5,0.0
33242,1,0.0
33243,1,0.0
33244,3,0.0
33245,5,0.0
33246,1,0.0
33247,8,0.0
33248,32,0.0
33249,2,0.0
33250,3,0.0
33251,4,1.0
33252,1,0.0
33253,2,0.0
33254,1,1.0
33255,3,0.0
33256,2,0.0
33257,3,1.0
33258,5,0.0
33259,1,0.0
33260,5,0.0
33261,2,0.0
33262,25,1.0
33263,2,1.0
33264,2,0.0
33265,1,1.0
33266,1,0.0
33267,2,1.0
33268,1,0.0
33269,3,0.0
33270,1,0.0
33271,1,0.0
33272,4,0.0
33273,1,1.0
33274,3,0.0
33275,15,1.0
33276,5,0.0
33277,2,1.0
33278,3,0.0
33279,1,0.0
33280,9,0.0
33281,2,1.0
33282,3,1.0
33283,2,0.0
33284,1,0.0
33285,1,0.0
33286,3,0.0
33287,1,0.0
33288,2,0.0
33289,1,0.0
33290,2,1.0
33291,3,0.0
33292,2,0.0
33293,3,0.0
33294,3,1.0
33295,2,0.0
33296,1,0.0
33297,2,0.0
33298,1,0.0
33299,2,0.0
33300,2,1.0
33301,1,1.0
33302,31,0.0
33303,1,1.0
33304,1,0.0
33305,1,0.0
33306,1,0.0
33307,8,1.0
33308,3,1.0
33309,5,0.0
33310,3,0.0
33311,1,0.0
33312,1,0.0
33313,1,0.0
33314,2,0.0
33315,2,0.0
33316,3,0.0
33317,1,0.0
33318,2,1.0
33319,7,0.0
33320,1,0.0
33321,1,1.0
33322,1,0.0
33323,1,0.0
33324,1,0.0
33325,2,0.0
33326,1,0.0
33327,5,1.0
33328,2,0.0
33329,5,0.0
33330,2,1.0
33331,44,0.0
33332,16,0.0
33333,2,0.0
33334,2,0.0
33335,1,0.0
33336,3,1.0
33337,1,0.0
33338,1,0.0
33339,1,1.0
33340,1,0.0
33341,1,0.0
33342,2,0.0
33343,5,0.0
33344,6,1.0
33345,11,0.0
33346,3,0.0
33347,1,0.0
33348,1,0.0
33349,3,0.0
33350,4,1.0
33351,1,0.0
33352,7,1.0
33353,3,0.0
33354,1,0.0
33355,1,0.0
33356,4,0.0
33357,1,1.0
33358,2,0.0
33359,2,1.0
33360,1,0.0
33361,8,0.0
33362,4,1.0
33363,1,0.0
33364,4,0.0
33365,2,0.0
33366,4,0.0
33367,2,1.0
33368,2,0.0
33369,56,0.0
33370,1,0.0
33371,4,1.0
33372,1,0.0
33373,1,1.0
33374,1,0.0
33375,1,0.0
33376,2,1.0
33377,1,0.0
33378,3,0.0
33379,4,1.0
33380,1,1.0
33381,1,0.0
33382,3,0.0
33383,3,0.0
33384,1,1.0
33385,3,0.0
33386,1,1.0
33387,1,0.0
33388,1,1.0
33389,2,0.0
33390,4,0.0
33391,1,1.0
33392,24,1.0
33393,2,0.0
33394,1,0.0
33395,1,1.0
33396,1,0.0
33397,4,0.0
33398,1,0.0
33399,1,0.0
33400,2,0.0
33401,1,0.0
33402,1,0.0
33403,2,0.0
33404,3,1.0
33405,7,0.0
33406,1,0.0
33407,1,0.0
33408,1,1.0
33409,3,1.0
33410,3,0.0
33411,2,0.0
33412,4,1.0
33413,1,0.0
33414,16,0.0
33415,1,0.0
33416,3,0.0
33417,1,0.0
33418,1,0.0
33419,1,0.0
33420,46,0.0
33421,4,1.0
33422,2,0.0
33423,2,0.0
33424,57,0.0
33425,3,0.0
33426,1,1.0
33427,2,0.0
33428,1,0.0
33429,2,0.0
33430,4,0.0
33431,3,0.0
33432,1,0.0
33433,1,0.0
33434,1,1.0
33435,2,0.0
33436,1,0.0
33437,2,0.0
33438,1,1.0
33439,1,0.0
33440,1,1.0
33441,1,0.0
33442,10,0.0
33443,1,0.0
33444,1,0.0
33445,2,1.0
33446,5,1.0
33447,1,1.0
33448,48,0.0
33449,2,1.0
33450,1,0.0
33451,1,0.0
33452,1,0.0
33453,2,1.0
33454,4,1.0
33455,2,0.0
33456,2,0.0
33457,1,0.0
33458,1,0.0
33459,3,0.0
33460,1,1.0
33461,44,0.0
33462,6,0.0
33463,1,0.0
33464,1,1.0
33465,1,1.0
33466,3,0.0
33467,1,0.0
33468,1,0.0
33469,4,1.0
33470,1,0.0
33471,1,0.0
33472,4,0.0
33473,2,1.0
33474,5,0.0
33475,48,0.0
33476,3,0.0
33477,1,0.0
33478,2,0.0
33479,1,0.0
33480,19,1.0
33481,9,1.0
33482,42,0.0
33483,23,0.0
33484,1,1.0
33485,6,0.0
33486,1,0.0
33487,3,0.0
33488,2,0.0
33489,3,1.0
33490,1,0.0
33491,2,0.0
33492,5,1.0
33493,1,1.0
33494,3,1.0
33495,1,0.0
33496,1,0.0
33497,1,0.0
33498,1,0.0
33499,1,1.0
33500,3,0.0
33501,3,0.0
33502,1,0.0
33503,1,0.0
33504,2,0.0
33505,26,0.0
33506,1,0.0
33507,7,0.0
33508,2,0.0
33509,1,0.0
33510,17,1.0
33511,4,1.0
33512,1,0.0
33513,1,0.0
33514,2,0.0
33515,2,0.0
33516,2,0.0
33517,3,0.0
33518,3,1.0
33519,2,0.0
33520,1,0.0
33521,2,1.0
33522,1,0.0
33523,1,0.0
33524,3,1.0
33525,2,0.0
33526,5,0.0
33527,3,1.0
33528,1,0.0
33529,1,0.0
33530,2,0.0
33531,18,0.0
33532,1,1.0
33533,1,0.0
33534,19,0.0
33535,4,0.0
33536,1,1.0
33537,3,0.0
33538,1,0.0
33539,1,1.0
33540,3,0.0
33541,3,0.0
33542,1,0.0
33543,1,1.0
33544,2,0.0
33545,4,1.0
33546,1,0.0
33547,2,0.0
33548,2,0.0
33549,2,1.0
33550,8,0.0
33551,1,0.0
33552,5,1.0
33553,3,1.0
33554,1,0.0
33555,1,0.0
33556,1,1.0
33557,4,1.0
33558,1,0.0
33559,59,0.0
33560,1,0.0
33561,1,0.0
33562,3,0.0
33563,2,1.0
33564,10,1.0
33565,44,0.0
33566,2,0.0
33567,52,0.0
33568,27,0.0
33569,1,0.0
33570,2,0.0
33571,33,0.0
33572,1,0.0
33573,1,0.0
33574,2,0.0
33575,45,0.0
33576,3,0.0
33577,3,0.0
33578,1,0.0
33579,3,0.0
33580,16,0.0
33581,3,1.0
33582,1,0.0
33583,2,0.0
33584,1,0.0
33585,2,0.0
33586,1,0.0
33587,5,0.0
33588,1,0.0
33589,2,1.0
33590,4,0.0
33591,1,0.0
33592,1,0.0
33593,2,1.0
33594,1,0.0
33595,1,0.0
33596,1,0.0
33597,4,0.0
33598,50,0.0
33599,2,0.0
33600,6,0.0
33601,1,0.0
33602,1,0.0
33603,1,0.0
33604,1,0.0
33605,4,0.0
33606,1,0.0
33607,1,0.0
33608,1,1.0
33609,3,0.0
33610,2,1.0
33611,1,0.0
33612,1,0.0
33613,1,0.0
33614,1,1.0
33615,1,0.0
33616,1,0.0
33617,52,0.0
33618,3,0.0
33619,23,0.0
33620,2,1.0
33621,1,0.0
33622,1,0.0
33623,1,0.0
33624,1,0.0
33625,4,0.0
33626,1,0.0
33627,19,0.0
33628,2,0.0
33629,1,1.0
33630,1,0.0
33631,3,0.0
33632,1,0.0
33633,1,1.0
33634,2,0.0
33635,1,0.0
33636,4,0.0
33637,57,0.0
33638,1,0.0
33639,3,1.0
33640,1,0.0
33641,2,1.0
33642,2,1.0
33643,2,0.0
33644,1,1.0
33645,19,0.0
33646,4,1.0
33647,2,0.0
33648,2,0.0
33649,6,0.0
33650,2,1.0
33651,1,0.0
33652,2,0.0
33653,2,0.0
33654,2,0.0
33655,3,0.0
33656,2,1.0
33657,1,0.0
33658,5,0.0
33659,8,0.0
33660,3,0.0
33661,2,0.0
33662,1,0.0
33663,1,0.0
33664,3,1.0
33665,1,0.0
33666,3,0.0
33667,1,1.0
33668,1,0.0
33669,2,0.0
33670,3,0.0
33671,1,0.0
33672,2,1.0
33673,5,0.0
33674,1,1.0
33675,7,0.0
33676,2,0.0
33677,3,1.0
33678,3,1.0
33679,1,0.0
33680,1,0.0
33681,22,0.0
33682,1,0.0
33683,1,1.0
33684,7,1.0
33685,1,0.0
33686,2,1.0
33687,3,0.0
33688,3,1.0
33689,5,0.0
33690,1,0.0
33691,1,1.0
33692,1,1.0
33693,1,0.0
33694,2,0.0
33695,1,0.0
33696,2,1.0
33697,1,0.0
33698,4,0.0
33699,4,0.0
33700,2,0.0
33701,3,0.0
33702,1,0.0
33703,2,1.0
33704,2,1.0
33705,1,0.0
33706,1,1.0
33707,3,0.0
33708,2,1.0
33709,1,0.0
33710,2,0.0
33711,5,0.0
33712,29,0.0
33713,2,0.0
33714,12,0.0
33715,2,0.0
33716,3,0.0
33717,5,0.0
33718,2,0.0
33719,1,0.0
33720,1,0.0
33721,1,0.0
33722,2,0.0
33723,3,0.0
33724,2,0.0
33725,3,1.0
33726,47,0.0
33727,1,0.0
33728,2,1.0
33729,7,0.0
33730,2,0.0
33731,2,0.0
33732,1,0.0
33733,2,0.0
33734,3,0.0
33735,1,0.0
33736,6,0.0
33737,1,0.0
33738,4,1.0
33739,1,0.0
33740,1,0.0
33741,3,0.0
33742,1,0.0
33743,1,0.0
33744,2,0.0
33745,1,1.0
33746,2,1.0
33747,1,0.0
33748,9,0.0
33749,3,1.0
33750,6,0.0
33751,2,1.0
33752,18,0.0
33753,49,0.0
33754,5,0.0
33755,2,1.0
33756,2,1.0
33757,40,0.0
33758,5,0.0
33759,5,0.0
33760,1,0.0
33761,2,1.0
33762,1,0.0
33763,3,1.0
33764,1,0.0
33765,1,1.0
33766,1,0.0
33767,11,0.0
33768,1,0.0
33769,1,0.0
33770,2,0.0
33771,4,1.0
33772,2,0.0
33773,1,0.0
33774,1,0.0
33775,1,0.0
33776,2,1.0
33777,3,1.0
33778,2,0.0
33779,1,0.0
33780,2,0.0
33781,3,0.0
33782,3,0.0
33783,1,0.0
33784,1,0.0
33785,1,0.0
33786,2,0.0
33787,1,0.0
33788,3,1.0
33789,3,0.0
33790,2,0.0
33791,44,0.0
33792,38,0.0
33793,1,0.0
33794,1,0.0
33795,3,0.0
33796,2,0.0
33797,53,0.0
33798,3,1.0
33799,4,0.0
33800,1,0.0
33801,1,0.0
33802,2,0.0
33803,2,0.0
33804,3,0.0
33805,2,0.0
33806,6,0.0
33807,4,0.0
33808,48,0.0
33809,1,0.0
33810,1,1.0
33811,2,0.0
33812,2,0.0
33813,1,0.0
33814,1,0.0
33815,2,0.0
33816,2,0.0
33817,3,1.0
33818,3,0.0
33819,1,0.0
33820,4,0.0
33821,1,0.0
33822,1,1.0
33823,1,0.0
33824,1,1.0
33825,1,1.0
33826,1,0.0
33827,2,0.0
33828,2,0.0
33829,2,0.0
33830,2,0.0
33831,5,0.0
33832,1,0.0
33833,1,0.0
33834,3,0.0
33835,1,0.0
33836,9,0.0
33837,6,0.0
33838,1,0.0
33839,5,0.0
33840,1,1.0
33841,2,0.0
33842,1,1.0
33843,1,0.0
33844,1,1.0
33845,5,0.0
33846,2,1.0
33847,2,0.0
33848,3,0.0
33849,1,1.0
33850,16,0.0
33851,1,0.0
33852,2,1.0
33853,3,1.0
33854,2,0.0
33855,1,0.0
33856,1,0.0
33857,2,0.0
33858,2,0.0
33859,5,0.0
33860,10,1.0
33861,4,1.0
33862,1,0.0
33863,2,0.0
33864,1,0.0
33865,9,0.0
33866,7,0.0
33867,1,0.0
33868,4,0.0
33869,1,0.0
33870,3,1.0
33871,44,0.0
33872,2,1.0
33873,1,0.0
33874,1,0.0
33875,4,0.0
33876,1,0.0
33877,2,0.0
33878,3,0.0
33879,2,0.0
33880,1,0.0
33881,4,1.0
33882,2,0.0
33883,3,1.0
33884,2,1.0
33885,2,0.0
33886,2,0.0
33887,2,0.0
33888,1,0.0
33889,1,0.0
33890,1,0.0
33891,1,0.0
33892,4,1.0
33893,1,0.0
33894,2,1.0
33895,3,0.0
33896,3,0.0
33897,3,1.0
33898,4,0.0
33899,1,0.0
33900,5,0.0
33901,2,0.0
33902,1,1.0
33903,1,0.0
33904,1,0.0
33905,1,0.0
33906,3,0.0
33907,2,0.0
33908,1,0.0
33909,3,1.0
33910,2,0.0
33911,1,0.0
33912,1,0.0
33913,1,0.0
33914,3,0.0
33915,1,0.0
33916,27,0.0
33917,1,0.0
33918,1,0.0
33919,1,1.0
33920,1,1.0
33921,1,0.0
33922,1,0.0
33923,4,1.0
33924,3,0.0
33925,57,0.0
33926,1,0.0
33927,3,1.0
33928,2,1.0
33929,3,0.0
33930,2,0.0
33931,2,0.0
33932,3,0.0
33933,4,1.0
33934,25,0.0
33935,1,0.0
33936,6,0.0
33937,1,0.0
33938,1,0.0
33939,1,0.0
33940,5,0.0
33941,1,1.0
33942,1,1.0
33943,2,1.0
33944,1,0.0
33945,1,0.0
33946,3,0.0
33947,2,0.0
33948,4,0.0
33949,1,0.0
33950,3,1.0
33951,3,0.0
33952,1,0.0
33953,1,1.0
33954,1,1.0
33955,2,0.0
33956,1,0.0
33957,8,1.0
33958,3,0.0
33959,1,0.0
33960,2,0.0
33961,7,0.0
33962,1,0.0
33963,2,1.0
33964,2,0.0
33965,1,0.0
33966,1,0.0
33967,4,1.0
33968,40,0.0
33969,2,0.0
33970,2,0.0
33971,1,0.0
33972,1,0.0
33973,1,0.0
33974,5,0.0
33975,4,1.0
33976,7,0.0
33977,1,0.0
33978,4,1.0
33979,1,0.0
33980,1,0.0
33981,1,1.0
33982,4,0.0
33983,2,0.0
33984,2,0.0
33985,1,0.0
33986,1,0.0
33987,2,1.0
33988,1,0.0
33989,1,0.0
33990,1,0.0
33991,1,0.0
33992,1,0.0
33993,1,0.0
33994,1,0.0
33995,3,1.0
33996,2,0.0
33997,1,0.0
33998,1,0.0
33999,2,1.0
34000,4,0.0
34001,6,0.0
34002,4,1.0
34003,2,0.0
34004,2,0.0
34005,2,0.0
34006,4,1.0
34007,2,0.0
34008,11,0.0
34009,2,1.0
34010,4,0.0
34011,2,1.0
34012,2,1.0
34013,3,0.0
34014,1,0.0
34015,1,0.0
34016,2,0.0
34017,1,0.0
34018,2,0.0
34019,54,0.0
34020,4,0.0
34021,1,0.0
34022,1,1.0
34023,1,0.0
34024,3,1.0
34025,5,0.0
34026,4,0.0
34027,1,0.0
34028,3,0.0
34029,1,1.0
34030,4,1.0
34031,7,0.0
34032,2,0.0
34033,1,0.0
34034,1,0.0
34035,2,1.0
34036,1,0.0
34037,2,1.0
34038,3,1.0
34039,1,1.0
34040,1,1.0
34041,1,0.0
34042,3,0.0
34043,1,0.0
34044,3,1.0
34045,55,0.0
34046,1,0.0
34047,1,0.0
34048,36,0.0
34049,1,0.0
34050,1,0.0
34051,1,0.0
34052,6,1.0
34053,1,0.0
34054,1,0.0
34055,2,1.0
34056,45,0.0
34057,2,1.0
34058,4,1.0
34059,1,0.0
34060,2,0.0
34061,2,0.0
34062,4,1.0
34063,46,0.0
34064,2,0.0
34065,1,0.0
34066,2,1.0
34067,1,0.0
34068,2,0.0
34069,1,1.0
34070,37,0.0
34071,3,1.0
34072,2,1.0
34073,3,0.0
34074,3,1.0
34075,3,0.0
34076,1,0.0
34077,2,0.0
34078,5,0.0
34079,1,0.0
34080,2,0.0
34081,2,1.0
34082,5,0.0
34083,1,0.0
34084,2,0.0
34085,2,0.0
34086,2,0.0
34087,2,1.0
34088,4,0.0
34089,2,1.0
34090,1,0.0
34091,2,0.0
34092,44,0.0
34093,2,1.0
34094,1,0.0
34095,58,0.0
34096,7,0.0
34097,1,1.0
34098,3,0.0
34099,1,0.0
34100,4,0.0
34101,5,1.0
34102,1,0.0
34103,1,0.0
34104,1,0.0
34105,2,1.0
34106,4,0.0
34107,1,0.0
34108,60,0.0
34109,4,1.0
34110,4,0.0
34111,1,0.0
34112,1,0.0
34113,3,0.0
34114,3,1.0
34115,1,0.0
34116,1,0.0
34117,2,0.0
34118,2,1.0
34119,10,1.0
34120,2,1.0
34121,4,0.0
34122,2,0.0
34123,2,0.0
34124,3,0.0
34125,3,1.0
34126,5,0.0
34127,1,1.0
34128,1,0.0
34129,4,0.0
34130,1,0.0
34131,3,0.0
34132,2,0.0
34133,3,1.0
34134,2,0.0
34135,1,0.0
34136,1,0.0
34137,4,1.0
34138,4,1.0
34139,3,0.0
34140,8,1.0
34141,4,1.0
34142,2,0.0
34143,1,0.0
34144,33,0.0
34145,1,0.0
34146,2,0.0
34147,3,0.0
34148,1,0.0
34149,1,0.0
34150,4,1.0
34151,2,1.0
34152,1,0.0
34153,1,1.0
34154,8,0.0
34155,2,0.0
34156,1,0.0
34157,2,1.0
34158,1,0.0
34159,13,0.0
34160,5,0.0
34161,4,1.0
34162,34,0.0
34163,3,1.0
34164,52,0.0
34165,1,0.0
34166,1,0.0
34167,3,0.0
34168,1,0.0
34169,1,0.0
34170,3,0.0
34171,1,0.0
34172,2,0.0
34173,1,0.0
34174,1,1.0
34175,3,1.0
34176,2,0.0
34177,2,0.0
34178,1,0.0
34179,1,0.0
34180,7,0.0
34181,3,1.0
34182,1,0.0
34183,2,0.0
34184,3,0.0
34185,3,0.0
34186,1,1.0
34187,2,0.0
34188,1,0.0
34189,3,0.0
34190,1,0.0
34191,2,0.0
34192,3,0.0
34193,9,0.0
34194,2,0.0
34195,1,0.0
34196,1,0.0
34197,36,0.0
34198,4,0.0
34199,1,0.0
34200,1,0.0
34201,2,1.0
34202,2,0.0
34203,1,0.0
34204,34,0.0
34205,1,0.0
34206,1,0.0
34207,1,0.0
34208,1,0.0
34209,7,1.0
34210,25,0.0
34211,1,0.0
34212,2,0.0
34213,1,0.0
34214,5,0.0
34215,5,0.0
34216,1,1.0
34217,1,1.0
34218,3,0.0
34219,7,1.0
34220,1,0.0
34221,2,0.0
34222,2,0.0
34223,2,0.0
34224,30,0.0
34225,4,1.0
34226,1,0.0
34227,1,0.0
34228,3,0.0
34229,5,0.0
34230,1,0.0
34231,1,0.0
34232,1,0.0
34233,2,0.0
34234,2,0.0
34235,1,0.0
34236,5,0.0
34237,1,0.0
34238,1,0.0
34239,1,0.0
34240,3,1.0
34241,4,1.0
34242,3,1.0
34243,11,0.0
34244,1,0.0
34245,4,1.0
34246,1,0.0
34247,3,0.0
34248,36,0.0
34249,7,0.0
34250,2,0.0
34251,1,0.0
34252,23,0.0
34253,2,0.0
34254,2,0.0
34255,2,1.0
34256,1,0.0
34257,5,1.0
34258,60,0.0
34259,1,1.0
34260,2,0.0
34261,1,0.0
34262,4,1.0
34263,4,0.0
34264,1,0.0
34265,7,0.0
34266,4,0.0
34267,1,0.0
34268,1,1.0
34269,3,1.0
34270,7,0.0
34271,1,1.0
34272,2,1.0
34273,1,0.0
34274,4,0.0
34275,4,1.0
34276,1,0.0
34277,3,0.0
34278,2,0.0
34279,1,1.0
34280,2,0.0
34281,1,1.0
34282,3,1.0
34283,2,0.0
34284,4,1.0
34285,3,0.0
34286,1,0.0
34287,1,0.0
34288,2,0.0
34289,2,1.0
34290,2,0.0
34291,2,0.0
34292,2,0.0
34293,2,0.0
34294,1,0.0
34295,45,0.0
34296,1,0.0
34297,7,0.0
34298,1,0.0
34299,4,1.0
34300,2,0.0
34301,1,1.0
34302,3,1.0
34303,2,0.0
34304,2,0.0
34305,12,0.0
34306,3,0.0
34307,3,0.0
34308,7,0.0
34309,2,0.0
34310,4,0.0
34311,1,0.0
34312,1,0.0
34313,1,0.0
34314,43,0.0
34315,1,0.0
34316,1,0.0
34317,2,0.0
34318,3,0.0
34319,1,1.0
34320,2,0.0
34321,1,0.0
34322,2,1.0
34323,1,0.0
34324,3,1.0
34325,1,0.0
34326,1,0.0
34327,1,1.0
34328,3,0.0
34329,2,1.0
34330,2,0.0
34331,1,0.0
34332,2,0.0
34333,1,1.0
34334,4,1.0
34335,4,1.0
34336,5,0.0
34337,2,1.0
34338,2,0.0
34339,2,1.0
34340,3,0.0
34341,4,0.0
34342,1,0.0
34343,2,0.0
34344,1,0.0
34345,1,0.0
34346,2,0.0
34347,3,0.0
34348,21,1.0
34349,3,0.0
34350,3,0.0
34351,1,0.0
34352,2,1.0
34353,47,0.0
34354,3,0.0
34355,39,0.0
34356,1,1.0
34357,4,1.0
34358,2,0.0
34359,1,0.0
34360,1,0.0
34361,1,0.0
34362,59,0.0
34363,1,0.0
34364,2,0.0
34365,3,0.0
34366,1,1.0
34367,1,1.0
34368,3,0.0
34369,6,0.0
34370,1,0.0
34371,1,0.0
34372,17,0.0
34373,35,0.0
34374,1,0.0
34375,3,0.0
34376,5,1.0
34377,4,1.0
34378,1,0.0
34379,1,0.0
34380,1,0.0
34381,1,0.0
34382,4,0.0
34383,5,0.0
34384,1,0.0
34385,5,1.0
34386,1,0.0
34387,5,0.0
34388,1,0.0
34389,27,0.0
34390,1,1.0
34391,1,0.0
34392,10,0.0
34393,3,0.0
34394,1,0.0
34395,3,1.0
34396,1,0.0
34397,2,0.0
34398,2,1.0
34399,5,0.0
34400,5,0.0
34401,1,0.0
34402,8,0.0
34403,2,0.0
34404,2,0.0
34405,2,1.0
34406,8,1.0
34407,1,0.0
34408,1,0.0
34409,2,0.0
34410,1,1.0
34411,2,1.0
34412,1,1.0
34413,1,1.0
34414,1,0.0
34415,1,0.0
34416,1,0.0
34417,3,0.0
34418,1,0.0
34419,1,1.0
34420,1,1.0
34421,48,0.0
34422,1,1.0
34423,4,0.0
34424,1,0.0
34425,5,0.0
34426,1,0.0
34427,4,0.0
34428,1,0.0
34429,1,0.0
34430,22,1.0
34431,1,0.0
34432,2,0.0
34433,2,0.0
34434,3,0.0
34435,3,1.0
34436,1,1.0
34437,1,0.0
34438,3,0.0
34439,6,0.0
34440,1,0.0
34441,2,1.0
34442,1,1.0
34443,4,0.0
34444,1,0.0
34445,1,0.0
34446,1,0.0
34447,2,0.0
34448,4,1.0
34449,2,0.0
34450,1,0.0
34451,2,0.0
34452,1,0.0
34453,7,0.0
34454,2,0.0
34455,1,0.0
34456,2,1.0
34457,1,0.0
34458,4,1.0
34459,2,0.0
34460,3,1.0
34461,41,1.0
34462,1,1.0
34463,15,0.0
34464,1,0.0
34465,3,1.0
34466,1,1.0
34467,1,0.0
34468,1,0.0
34469,1,0.0
34470,1,0.0
34471,2,1.0
34472,1,0.0
34473,1,0.0
34474,1,0.0
34475,3,1.0
34476,7,0.0
34477,2,1.0
34478,1,0.0
34479,6,0.0
34480,2,1.0
34481,2,0.0
34482,6,0.0
34483,1,0.0
34484,1,1.0
34485,1,0.0
34486,2,0.0
34487,1,0.0
34488,1,1.0
34489,2,0.0
34490,1,0.0
34491,1,0.0
34492,5,1.0
34493,1,0.0
34494,4,0.0
34495,3,0.0
34496,2,0.0
34497,6,0.0
34498,5,1.0
34499,1,0.0
34500,1,0.0
34501,1,0.0
34502,2,0.0
34503,1,1.0
34504,2,1.0
34505,1,0.0
34506,2,0.0
34507,1,0.0
34508,1,0.0
34509,4,0.0
34510,2,0.0
34511,4,0.0
34512,5,0.0
34513,2,0.0
34514,5,0.0
34515,1,1.0
34516,3,0.0
34517,4,0.0
34518,1,1.0
34519,1,0.0
34520,1,0.0
34521,4,1.0
34522,1,0.0
34523,2,0.0
34524,4,1.0
34525,1,0.0
34526,4,1.0
34527,1,0.0
34528,3,1.0
34529,1,0.0
34530,3,0.0
34531,3,1.0
34532,1,0.0
34533,4,0.0
34534,1,0.0
34535,2,0.0
34536,1,0.0
34537,2,0.0
34538,1,0.0
34539,2,1.0
34540,2,0.0
34541,13,0.0
34542,2,0.0
34543,1,1.0
34544,3,0.0
34545,3,0.0
34546,3,0.0
34547,2,0.0
34548,1,0.0
34549,1,0.0
34550,4,0.0
34551,1,0.0
34552,1,0.0
34553,4,1.0
34554,1,0.0
34555,4,1.0
34556,3,1.0
34557,2,0.0
34558,5,0.0
34559,1,0.0
34560,2,0.0
34561,3,0.0
34562,2,0.0
34563,4,0.0
34564,6,0.0
34565,5,1.0
34566,3,1.0
34567,1,1.0
34568,37,0.0
34569,1,0.0
34570,3,1.0
34571,1,0.0
34572,1,0.0
34573,3,0.0
34574,2,0.0
34575,2,0.0
34576,1,1.0
34577,2,0.0
34578,2,0.0
34579,2,0.0
34580,1,1.0
34581,2,0.0
34582,2,0.0
34583,3,0.0
34584,2,0.0
34585,2,0.0
34586,6,0.0
34587,1,1.0
34588,1,0.0
34589,1,0.0
34590,6,0.0
34591,2,1.0
34592,1,0.0
34593,42,0.0
34594,2,0.0
34595,1,1.0
34596,1,0.0
34597,3,0.0
34598,2,1.0
34599,1,0.0
34600,19,0.0
34601,1,1.0
34602,1,0.0
34603,10,0.0
34604,4,1.0
34605,2,0.0
34606,1,0.0
34607,1,1.0
34608,1,0.0
34609,1,0.0
34610,4,1.0
34611,1,0.0
34612,3,1.0
34613,1,0.0
34614,58,0.0
34615,1,0.0
34616,2,0.0
34617,1,0.0
34618,1,0.0
34619,2,1.0
34620,3,0.0
34621,1,0.0
34622,2,0.0
34623,2,0.0
34624,1,0.0
34625,5,0.0
34626,1,0.0
34627,2,1.0
34628,2,0.0
34629,6,0.0
34630,4,0.0
34631,2,0.0
34632,1,1.0
34633,1,0.0
34634,1,0.0
34635,5,0.0
34636,4,1.0
34637,1,0.0
34638,4,0.0
34639,1,0.0
34640,2,0.0
34641,16,1.0
34642,1,1.0
34643,4,1.0
34644,5,0.0
34645,3,0.0
34646,2,0.0
34647,1,0.0
34648,2,0.0
34649,38,1.0
34650,2,0.0
34651,1,0.0
34652,2,0.0
34653,9,0.0
34654,1,1.0
34655,3,0.0
34656,5,0.0
34657,10,0.0
34658,2,0.0
34659,2,0.0
34660,1,1.0
34661,4,1.0
34662,2,1.0
34663,58,0.0
34664,1,0.0
34665,3,0.0
34666,1,0.0
34667,6,0.0
34668,1,0.0
34669,36,0.0
34670,1,0.0
34671,2,1.0
34672,3,0.0
34673,2,0.0
34674,1,0.0
34675,1,0.0
34676,4,1.0
34677,1,0.0
34678,1,0.0
34679,8,0.0
34680,4,1.0
34681,2,1.0
34682,1,0.0
34683,3,0.0
34684,16,1.0
34685,4,1.0
34686,2,1.0
34687,5,0.0
34688,2,1.0
34689,4,0.0
34690,1,1.0
34691,48,0.0
34692,1,1.0
34693,1,0.0
34694,5,0.0
34695,1,0.0
34696,3,1.0
34697,3,1.0
34698,1,0.0
34699,6,0.0
34700,2,0.0
34701,5,0.0
34702,3,1.0
34703,5,1.0
34704,2,0.0
34705,1,0.0
34706,1,0.0
34707,1,0.0
34708,1,0.0
34709,3,0.0
34710,1,0.0
34711,7,0.0
34712,2,0.0
34713,1,0.0
34714,1,0.0
34715,6,0.0
34716,6,0.0
34717,23,0.0
34718,2,0.0
34719,1,0.0
34720,3,0.0
34721,56,0.0
34722,3,1.0
34723,1,0.0
34724,1,0.0
34725,2,0.0
34726,2,0.0
34727,59,0.0
34728,2,0.0
34729,2,0.0
34730,2,0.0
34731,2,0.0
34732,1,0.0
34733,2,1.0
34734,3,1.0
34735,3,0.0
34736,2,0.0
34737,2,0.0
34738,5,0.0
34739,2,0.0
34740,1,0.0
34741,3,0.0
34742,1,0.0
34743,1,0.0
34744,7,0.0
34745,1,1.0
34746,4,0.0
34747,4,0.0
34748,1,1.0
34749,7,1.0
34750,6,0.0
34751,6,0.0
34752,2,0.0
34753,1,0.0
34754,7,0.0
34755,5,0.0
34756,1,0.0
34757,41,1.0
34758,1,0.0
34759,1,0.0
34760,5,0.0
34761,6,0.0
34762,1,0.0
34763,4,0.0
34764,1,0.0
34765,1,0.0
34766,2,0.0
34767,2,0.0
34768,2,0.0
34769,2,0.0
34770,2,0.0
34771,2,1.0
34772,3,0.0
34773,1,0.0
34774,1,1.0
34775,5,0.0
34776,1,0.0
34777,3,0.0
34778,4,1.0
34779,4,0.0
34780,4,1.0
34781,42,0.0
34782,7,0.0
34783,2,1.0
34784,4,1.0
34785,2,0.0
34786,3,0.0
34787,5,0.0
34788,2,0.0
34789,1,1.0
34790,2,0.0
34791,2,1.0
34792,4,1.0
34793,2,0.0
34794,1,1.0
34795,2,1.0
34796,2,0.0
34797,2,0.0
34798,1,1.0
34799,2,0.0
34800,2,0.0
34801,6,0.0
34802,3,1.0
34803,1,0.0
34804,1,0.0
34805,1,0.0
34806,1,0.0
34807,1,1.0
34808,23,0.0
34809,57,1.0
34810,6,0.0
34811,1,0.0
34812,3,0.0
34813,1,0.0
34814,6,0.0
34815,1,0.0
34816,1,0.0
34817,4,1.0
34818,1,0.0
34819,4,0.0
34820,1,0.0
34821,7,0.0
34822,3,0.0
34823,2,0.0
34824,2,0.0
34825,2,0.0
34826,1,0.0
34827,8,1.0
34828,1,1.0
34829,1,0.0
34830,4,0.0
34831,1,0.0
34832,6,1.0
34833,2,1.0
34834,1,0.0
34835,27,0.0
34836,1,0.0
34837,1,0.0
34838,3,0.0
34839,1,0.0
34840,2,0.0
34841,2,0.0
34842,2,0.0
34843,1,0.0
34844,3,0.0
34845,4,1.0
34846,1,0.0
34847,6,0.0
34848,3,1.0
34849,4,0.0
34850,4,0.0
34851,1,0.0
34852,6,0.0
34853,3,1.0
34854,1,0.0
34855,2,0.0
34856,2,0.0
34857,1,0.0
34858,40,0.0
34859,2,1.0
34860,2,0.0
34861,1,0.0
34862,2,1.0
34863,1,0.0
34864,3,0.0
34865,3,1.0
34866,2,1.0
34867,1,0.0
34868,1,0.0
34869,4,0.0
34870,1,0.0
34871,4,1.0
34872,3,1.0
34873,4,0.0
34874,1,0.0
34875,1,0.0
34876,1,0.0
34877,1,0.0
34878,30,0.0
34879,4,0.0
34880,4,0.0
34881,6,1.0
34882,3,1.0
34883,2,1.0
34884,1,1.0
34885,1,0.0
34886,2,0.0
34887,1,0.0
34888,3,0.0
34889,2,0.0
34890,1,0.0
34891,1,0.0
34892,12,0.0
34893,3,1.0
34894,1,0.0
34895,1,0.0
34896,1,0.0
34897,5,1.0
34898,1,0.0
34899,1,0.0
34900,6,0.0
34901,3,0.0
34902,1,0.0
34903,3,0.0
34904,3,0.0
34905,8,0.0
34906,1,0.0
34907,2,0.0
34908,1,0.0
34909,1,0.0
34910,1,0.0
34911,6,0.0
34912,5,1.0
34913,3,1.0
34914,3,0.0
34915,6,0.0
34916,29,1.0
34917,3,0.0
34918,1,0.0
34919,2,0.0
34920,1,0.0
34921,1,0.0
34922,5,0.0
34923,49,0.0
34924,1,0.0
34925,55,0.0
34926,2,0.0
34927,2,1.0
34928,2,0.0
34929,2,0.0
34930,2,0.0
34931,2,0.0
34932,2,0.0
34933,5,0.0
34934,1,0.0
34935,1,1.0
34936,3,0.0
34937,1,0.0
34938,2,0.0
34939,1,0.0
34940,3,1.0
34941,1,1.0
34942,3,0.0
34943,1,1.0
34944,1,0.0
34945,1,0.0
34946,1,0.0
34947,5,1.0
34948,5,1.0
34949,1,0.0
34950,2,0.0
34951,2,0.0
34952,2,1.0
34953,2,0.0
34954,1,0.0
34955,1,0.0
34956,2,1.0
34957,1,0.0
34958,5,1.0
34959,2,0.0
34960,5,0.0
34961,2,1.0
34962,2,0.0
34963,2,0.0
34964,1,0.0
34965,5,1.0
34966,2,0.0
34967,1,0.0
34968,2,0.0
34969,1,0.0
34970,4,1.0
34971,1,0.0
34972,1,0.0
34973,2,0.0
34974,2,1.0
34975,2,1.0
34976,1,1.0
34977,1,0.0
34978,1,0.0
34979,2,1.0
34980,1,0.0
34981,4,0.0
34982,3,0.0
34983,2,0.0
34984,1,1.0
34985,3,0.0
34986,5,0.0
34987,1,0.0
34988,1,0.0
34989,3,0.0
34990,2,0.0
34991,1,0.0
34992,1,0.0
34993,2,0.0
34994,1,0.0
34995,1,0.0
34996,2,0.0
34997,1,0.0
34998,6,0.0
34999,4,1.0
35000,1,1.0
35001,1,0.0
35002,3,1.0
35003,1,0.0
35004,2,1.0
35005,3,1.0
35006,1,0.0
35007,4,0.0
35008,1,0.0
35009,41,0.0
35010,55,0.0
35011,2,1.0
35012,2,0.0
35013,3,0.0
35014,1,0.0
35015,3,0.0
35016,1,0.0
35017,1,0.0
35018,1,0.0
35019,2,0.0
35020,3,1.0
35021,1,0.0
35022,2,0.0
35023,1,0.0
35024,2,1.0
35025,1,0.0
35026,1,1.0
35027,3,0.0
35028,1,0.0
35029,2,0.0
35030,10,0.0
35031,1,0.0
35032,4,1.0
35033,1,0.0
35034,3,0.0
35035,2,0.0
35036,3,1.0
35037,3,1.0
35038,19,0.0
35039,1,0.0
35040,1,0.0
35041,2,1.0
35042,1,1.0
35043,1,0.0
35044,32,0.0
35045,2,0.0
35046,1,0.0
35047,1,0.0
35048,1,0.0
35049,1,0.0
35050,1,1.0
35051,2,1.0
35052,2,0.0
35053,1,0.0
35054,2,0.0
35055,5,0.0
35056,2,0.0
35057,4,0.0
35058,3,0.0
35059,1,0.0
35060,4,0.0
35061,3,0.0
35062,1,0.0
35063,2,0.0
35064,3,0.0
35065,4,0.0
35066,1,0.0
35067,1,1.0
35068,2,1.0
35069,4,1.0
35070,1,0.0
35071,2,0.0
35072,1,1.0
35073,1,0.0
35074,3,0.0
35075,2,1.0
35076,1,0.0
35077,1,0.0
35078,1,0.0
35079,4,0.0
35080,2,0.0
35081,2,0.0
35082,2,0.0
35083,4,0.0
35084,1,0.0
35085,1,0.0
35086,3,1.0
35087,1,0.0
35088,3,1.0
35089,1,0.0
35090,19,0.0
35091,2,0.0
35092,3,0.0
35093,1,0.0
35094,1,0.0
35095,1,1.0
35096,1,0.0
35097,1,1.0
35098,19,0.0
35099,1,0.0
35100,43,0.0
35101,1,1.0
35102,3,1.0
35103,3,1.0
35104,4,0.0
35105,4,1.0
35106,3,0.0
35107,2,0.0
35108,1,0.0
35109,1,0.0
35110,1,1.0
35111,1,1.0
35112,3,0.0
35113,6,0.0
35114,5,0.0
35115,2,1.0
35116,3,1.0
35117,1,0.0
35118,1,0.0
35119,4,1.0
35120,2,1.0
35121,1,0.0
35122,2,0.0
35123,2,0.0
35124,2,0.0
35125,3,0.0
35126,3,0.0
35127,1,0.0
35128,1,1.0
35129,3,1.0
35130,2,0.0
35131,2,0.0
35132,2,1.0
35133,2,0.0
35134,1,0.0
35135,1,1.0
35136,2,0.0
35137,1,0.0
35138,1,0.0
35139,5,1.0
35140,1,0.0
35141,2,0.0
35142,5,0.0
35143,3,0.0
35144,6,1.0
35145,2,0.0
35146,2,1.0
35147,1,0.0
35148,1,0.0
35149,2,0.0
35150,6,0.0
35151,1,0.0
35152,1,1.0
35153,3,1.0
35154,7,0.0
35155,1,0.0
35156,2,0.0
35157,2,0.0
35158,5,0.0
35159,5,1.0
35160,3,0.0
35161,1,1.0
35162,2,0.0
35163,1,0.0
35164,1,0.0
35165,13,1.0
35166,1,1.0
35167,2,0.0
35168,1,0.0
35169,1,0.0
35170,2,0.0
35171,4,0.0
35172,1,1.0
35173,5,0.0
35174,1,1.0
35175,1,0.0
35176,1,0.0
35177,1,0.0
35178,2,0.0
35179,2,0.0
35180,2,0.0
35181,2,0.0
35182,1,0.0
35183,1,0.0
35184,2,0.0
35185,1,0.0
35186,2,1.0
35187,7,1.0
35188,1,1.0
35189,4,0.0
35190,3,0.0
35191,1,1.0
35192,2,0.0
35193,2,0.0
35194,4,1.0
35195,1,0.0
35196,1,0.0
35197,2,0.0
35198,2,0.0
35199,1,0.0
35200,1,0.0
35201,2,0.0
35202,1,0.0
35203,2,0.0
35204,2,0.0
35205,1,0.0
35206,6,0.0
35207,3,1.0
35208,45,0.0
35209,2,1.0
35210,1,0.0
35211,1,0.0
35212,2,0.0
35213,1,0.0
35214,8,0.0
35215,2,1.0
35216,34,0.0
35217,1,0.0
35218,2,1.0
35219,7,0.0
35220,1,0.0
35221,2,0.0
35222,3,1.0
35223,13,0.0
35224,1,0.0
35225,35,0.0
35226,1,0.0
35227,6,0.0
35228,3,0.0
35229,1,1.0
35230,2,0.0
35231,4,1.0
35232,17,1.0
35233,2,0.0
35234,3,0.0
35235,1,0.0
35236,2,1.0
35237,2,0.0
35238,1,0.0
35239,4,0.0
35240,6,0.0
35241,1,0.0
35242,1,0.0
35243,1,0.0
35244,31,0.0
35245,5,1.0
35246,3,1.0
35247,1,0.0
35248,1,1.0
35249,1,0.0
35250,1,0.0
35251,2,0.0
35252,2,0.0
35253,1,0.0
35254,1,0.0
35255,2,0.0
35256,4,1.0
35257,1,1.0
35258,1,0.0
35259,4,0.0
35260,3,1.0
35261,1,0.0
35262,1,1.0
35263,1,1.0
35264,1,0.0
35265,1,0.0
35266,3,0.0
35267,1,0.0
35268,2,0.0
35269,1,0.0
35270,3,0.0
35271,1,0.0
35272,10,0.0
35273,1,0.0
35274,4,1.0
35275,2,0.0
35276,5,0.0
35277,26,0.0
35278,2,1.0
35279,3,0.0
35280,5,1.0
35281,3,0.0
35282,2,1.0
35283,1,1.0
35284,1,0.0
35285,3,0.0
35286,1,0.0
35287,1,0.0
35288,1,0.0
35289,33,0.0
35290,2,1.0
35291,3,0.0
35292,1,0.0
35293,2,0.0
35294,3,0.0
35295,1,1.0
35296,1,0.0
35297,2,0.0
35298,1,0.0
35299,1,1.0
35300,2,0.0
35301,2,0.0
35302,3,0.0
35303,3,0.0
35304,2,0.0
35305,4,0.0
35306,2,0.0
35307,1,0.0
35308,3,0.0
35309,2,1.0
35310,1,0.0
35311,1,0.0
35312,5,0.0
35313,1,0.0
35314,1,0.0
35315,3,1.0
35316,4,1.0
35317,2,0.0
35318,4,0.0
35319,3,0.0
35320,1,0.0
35321,8,1.0
35322,4,0.0
35323,1,1.0
35324,2,1.0
35325,2,0.0
35326,2,1.0
35327,1,1.0
35328,5,0.0
35329,4,0.0
35330,1,1.0
35331,6,0.0
35332,2,0.0
35333,2,0.0
35334,1,0.0
35335,3,1.0
35336,3,0.0
35337,2,0.0
35338,3,0.0
35339,1,0.0
35340,8,0.0
35341,2,0.0
35342,1,1.0
35343,7,0.0
35344,8,1.0
35345,1,0.0
35346,1,0.0
35347,4,0.0
35348,7,0.0
35349,1,0.0
35350,1,0.0
35351,1,0.0
35352,2,0.0
35353,6,1.0
35354,2,0.0
35355,1,0.0
35356,4,0.0
35357,6,1.0
35358,2,1.0
35359,1,0.0
35360,1,0.0
35361,1,0.0
35362,3,0.0
35363,2,0.0
35364,1,0.0
35365,1,0.0
35366,6,0.0
35367,2,0.0
35368,2,1.0
35369,42,0.0
35370,2,1.0
35371,1,1.0
35372,2,1.0
35373,2,0.0
35374,5,0.0
35375,1,1.0
35376,33,0.0
35377,1,0.0
35378,1,0.0
35379,1,1.0
35380,3,0.0
35381,58,0.0
35382,1,0.0
35383,4,1.0
35384,2,1.0
35385,1,0.0
35386,6,0.0
35387,26,1.0
35388,2,0.0
35389,4,1.0
35390,3,0.0
35391,5,0.0
35392,5,0.0
35393,1,0.0
35394,3,0.0
35395,1,0.0
35396,60,1.0
35397,1,0.0
35398,1,0.0
35399,1,0.0
35400,2,1.0
35401,1,0.0
35402,3,1.0
35403,1,0.0
35404,8,1.0
35405,1,0.0
35406,1,1.0
35407,4,0.0
35408,2,0.0
35409,3,0.0
35410,4,1.0
35411,1,0.0
35412,1,1.0
35413,1,1.0
35414,4,1.0
35415,1,0.0
35416,1,1.0
35417,1,0.0
35418,1,0.0
35419,1,0.0
35420,3,0.0
35421,1,0.0
35422,3,1.0
35423,4,1.0
35424,1,0.0
35425,2,0.0
35426,6,0.0
35427,6,0.0
35428,1,0.0
35429,1,0.0
35430,1,0.0
35431,3,0.0
35432,5,1.0
35433,2,1.0
35434,2,0.0
35435,1,0.0
35436,6,0.0
35437,3,0.0
35438,2,0.0
35439,1,0.0
35440,1,0.0
35441,4,1.0
35442,1,0.0
35443,3,0.0
35444,3,1.0
35445,58,0.0
35446,2,0.0
35447,5,0.0
35448,2,1.0
35449,5,0.0
35450,2,0.0
35451,2,0.0
35452,3,0.0
35453,6,0.0
35454,2,0.0
35455,5,0.0
35456,1,0.0
35457,3,1.0
35458,4,0.0
35459,1,0.0
35460,1,0.0
35461,1,0.0
35462,2,1.0
35463,3,1.0
35464,4,1.0
35465,2,0.0
35466,2,0.0
35467,2,1.0
35468,1,0.0
35469,3,0.0
35470,2,0.0
35471,1,1.0
35472,1,0.0
35473,1,0.0
35474,2,0.0
35475,16,1.0
35476,2,0.0
35477,1,0.0
35478,2,0.0
35479,3,0.0
35480,1,1.0
35481,3,0.0
35482,2,0.0
35483,3,1.0
35484,2,1.0
35485,1,1.0
35486,3,0.0
35487,4,1.0
35488,3,0.0
35489,3,1.0
35490,2,0.0
35491,2,1.0
35492,1,0.0
35493,1,0.0
35494,2,0.0
35495,2,1.0
35496,1,0.0
35497,3,1.0
35498,1,0.0
35499,8,0.0
35500,1,0.0
35501,2,0.0
35502,1,0.0
35503,1,0.0
35504,4,0.0
35505,3,0.0
35506,5,0.0
35507,3,0.0
35508,5,0.0
35509,2,1.0
35510,1,0.0
35511,2,0.0
35512,5,1.0
35513,3,0.0
35514,8,0.0
35515,1,0.0
35516,53,0.0
35517,42,1.0
35518,1,0.0
35519,6,0.0
35520,1,0.0
35521,3,1.0
35522,2,1.0
35523,1,0.0
35524,1,0.0
35525,2,0.0
35526,2,0.0
35527,2,0.0
35528,1,0.0
35529,1,1.0
35530,1,1.0
35531,1,0.0
35532,2,1.0
35533,4,0.0
35534,1,0.0
35535,1,0.0
35536,1,0.0
35537,1,1.0
35538,11,0.0
35539,2,0.0
35540,4,0.0
35541,1,1.0
35542,52,0.0
35543,1,0.0
35544,1,0.0
35545,1,0.0
35546,47,0.0
35547,2,0.0
35548,3,1.0
35549,1,1.0
35550,1,1.0
35551,1,0.0
35552,1,0.0
35553,2,0.0
35554,1,0.0
35555,1,1.0
35556,1,1.0
35557,4,0.0
35558,2,1.0
35559,7,1.0
35560,1,0.0
35561,2,0.0
35562,2,0.0
35563,3,0.0
35564,4,0.0
35565,3,0.0
35566,1,1.0
35567,1,0.0
35568,2,0.0
35569,7,0.0
35570,11,0.0
35571,1,0.0
35572,2,0.0
35573,2,0.0
35574,1,0.0
35575,1,0.0
35576,1,0.0
35577,1,0.0
35578,1,0.0
35579,3,0.0
35580,1,0.0
35581,4,0.0
35582,2,0.0
35583,3,1.0
35584,1,1.0
35585,1,0.0
35586,1,0.0
35587,3,0.0
35588,3,0.0
35589,57,0.0
35590,4,1.0
35591,2,0.0
35592,1,0.0
35593,2,1.0
35594,3,0.0
35595,2,1.0
35596,2,1.0
35597,1,0.0
35598,1,0.0
35599,1,0.0
35600,1,1.0
35601,2,0.0
35602,1,0.0
35603,1,0.0
35604,1,0.0
35605,1,0.0
35606,1,1.0
35607,1,1.0
35608,2,1.0
35609,1,1.0
35610,2,0.0
35611,1,0.0
35612,1,0.0
35613,2,0.0
35614,5,0.0
35615,3,0.0
35616,1,0.0
35617,1,0.0
35618,1,1.0
35619,2,0.0
35620,2,0.0
35621,4,1.0
35622,1,1.0
35623,2,0.0
35624,1,0.0
35625,2,0.0
35626,2,0.0
35627,1,0.0
35628,5,0.0
35629,1,1.0
35630,1,0.0
35631,3,1.0
35632,2,0.0
35633,3,0.0
35634,7,1.0
35635,1,0.0
35636,3,1.0
35637,4,0.0
35638,1,1.0
35639,1,0.0
35640,2,0.0
35641,2,0.0
35642,3,0.0
35643,4,0.0
35644,4,1.0
35645,1,0.0
35646,1,0.0
35647,2,0.0
35648,5,1.0
35649,1,1.0
35650,1,0.0
35651,1,0.0
35652,4,0.0
35653,1,0.0
35654,3,1.0
35655,3,0.0
35656,1,1.0
35657,5,0.0
35658,2,0.0
35659,1,0.0
35660,5,0.0
35661,1,0.0
35662,1,0.0
35663,5,1.0
35664,3,0.0
35665,5,0.0
35666,3,1.0
35667,32,0.0
35668,4,0.0
35669,1,0.0
35670,3,0.0
35671,1,0.0
35672,2,0.0
35673,2,0.0
35674,1,0.0
35675,5,0.0
35676,3,0.0
35677,1,0.0
35678,1,1.0
35679,1,0.0
35680,2,0.0
35681,2,0.0
35682,6,0.0
35683,4,1.0
35684,1,0.0
35685,3,0.0
35686,1,0.0
35687,2,0.0
35688,1,0.0
35689,2,0.0
35690,1,1.0
35691,4,1.0
35692,1,0.0
35693,1,0.0
35694,1,0.0
35695,1,0.0
35696,1,0.0
35697,6,0.0
35698,1,0.0
35699,1,1.0
35700,4,1.0
35701,1,0.0
35702,1,0.0
35703,2,0.0
35704,1,0.0
35705,2,1.0
35706,1,0.0
35707,1,0.0
35708,2,0.0
35709,1,0.0
35710,3,0.0
35711,3,1.0
35712,2,0.0
35713,3,0.0
35714,1,0.0
35715,1,0.0
35716,3,1.0
35717,5,0.0
35718,1,0.0
35719,42,0.0
35720,1,0.0
35721,3,0.0
35722,1,0.0
35723,4,1.0
35724,6,0.0
35725,1,0.0
35726,1,0.0
35727,1,0.0
35728,3,1.0
35729,1,0.0
35730,3,1.0
35731,3,1.0
35732,4,1.0
35733,1,0.0
35734,3,0.0
35735,1,0.0
35736,2,1.0
35737,1,1.0
35738,14,0.0
35739,1,0.0
35740,2,0.0
35741,2,0.0
35742,7,1.0
35743,3,0.0
35744,2,1.0
35745,1,0.0
35746,1,0.0
35747,1,0.0
35748,1,0.0
35749,1,0.0
35750,4,0.0
35751,2,0.0
35752,4,0.0
35753,2,0.0
35754,6,0.0
35755,4,1.0
35756,1,0.0
35757,4,1.0
35758,3,0.0
35759,1,0.0
35760,3,1.0
35761,1,0.0
35762,4,0.0
35763,3,0.0
35764,3,1.0
35765,29,0.0
35766,1,1.0
35767,22,0.0
35768,4,0.0
35769,1,0.0
35770,1,0.0
35771,31,0.0
35772,4,0.0
35773,11,1.0
35774,1,0.0
35775,1,0.0
35776,1,0.0
35777,1,0.0
35778,1,0.0
35779,3,0.0
35780,1,0.0
35781,2,0.0
35782,3,0.0
35783,1,0.0
35784,4,0.0
35785,4,1.0
35786,2,0.0
35787,2,0.0
35788,7,0.0
35789,2,0.0
35790,1,1.0
35791,1,0.0
35792,1,0.0
35793,1,0.0
35794,2,0.0
35795,4,0.0
35796,1,1.0
35797,1,0.0
35798,4,0.0
35799,3,0.0
35800,2,1.0
35801,1,1.0
35802,2,1.0
35803,1,0.0
35804,1,0.0
35805,1,0.0
35806,1,0.0
35807,2,1.0
35808,1,0.0
35809,2,1.0
35810,1,0.0
35811,2,0.0
35812,1,0.0
35813,1,0.0
35814,1,1.0
35815,2,0.0
35816,21,0.0
35817,1,0.0
35818,1,0.0
35819,3,1.0
35820,1,0.0
35821,2,1.0
35822,2,0.0
35823,1,0.0
35824,3,0.0
35825,4,0.0
35826,1,0.0
35827,4,1.0
35828,2,0.0
35829,6,0.0
35830,3,1.0
35831,4,1.0
35832,1,0.0
35833,1,0.0
35834,1,1.0
35835,1,0.0
35836,5,1.0
35837,1,0.0
35838,1,1.0
35839,10,1.0
35840,6,0.0
35841,1,1.0
35842,2,0.0
35843,6,0.0
35844,1,0.0
35845,6,0.0
35846,1,0.0
35847,1,0.0
35848,1,1.0
35849,2,0.0
35850,1,0.0
35851,1,0.0
35852,4,0.0
35853,1,0.0
35854,3,1.0
35855,59,1.0
35856,1,1.0
35857,3,1.0
35858,5,0.0
35859,2,0.0
35860,3,1.0
35861,2,0.0
35862,1,0.0
35863,1,1.0
35864,3,1.0
35865,4,0.0
35866,23,0.0
35867,5,0.0
35868,8,0.0
35869,1,0.0
35870,1,0.0
35871,2,0.0
35872,1,0.0
35873,1,0.0
35874,1,0.0
35875,1,0.0
35876,1,0.0
35877,2,1.0
35878,1,0.0
35879,2,0.0
35880,1,0.0
35881,6,0.0
35882,3,0.0
35883,5,0.0
35884,8,1.0
35885,3,1.0
35886,1,1.0
35887,1,0.0
35888,3,1.0
35889,2,0.0
35890,2,0.0
35891,1,1.0
35892,1,0.0
35893,1,0.0
35894,1,0.0
35895,1,0.0
35896,2,1.0
35897,2,0.0
35898,1,0.0
35899,58,0.0
35900,5,0.0
35901,2,0.0
35902,1,0.0
35903,1,0.0
35904,4,0.0
35905,26,1.0
35906,4,0.0
35907,2,0.0
35908,1,1.0
35909,28,1.0
35910,1,0.0
35911,1,0.0
35912,3,0.0
35913,1,0.0
35914,1,0.0
35915,2,1.0
35916,4,0.0
35917,1,0.0
35918,1,0.0
35919,1,0.0
35920,2,0.0
35921,2,0.0
35922,6,0.0
35923,4,0.0
35924,1,0.0
35925,1,0.0
35926,1,0.0
35927,2,0.0
35928,1,0.0
35929,1,0.0
35930,1,0.0
35931,1,0.0
35932,4,0.0
35933,11,0.0
35934,1,0.0
35935,1,0.0
35936,11,0.0
35937,3,0.0
35938,5,0.0
35939,2,0.0
35940,3,0.0
35941,1,0.0
35942,7,1.0
35943,1,0.0
35944,1,0.0
35945,2,0.0
35946,1,0.0
35947,2,0.0
35948,1,0.0
35949,1,0.0
35950,1,0.0
35951,7,0.0
35952,1,0.0
35953,6,0.0
35954,3,0.0
35955,2,0.0
35956,2,1.0
35957,5,1.0
35958,1,0.0
35959,1,1.0
35960,4,1.0
35961,1,0.0
35962,5,0.0
35963,5,0.0
35964,2,1.0
35965,1,1.0
35966,7,0.0
35967,1,0.0
35968,1,0.0
35969,3,0.0
35970,1,0.0
35971,2,0.0
35972,2,0.0
35973,5,0.0
35974,1,0.0
35975,1,0.0
35976,8,1.0
35977,1,0.0
35978,2,0.0
35979,1,0.0
35980,4,1.0
35981,3,1.0
35982,9,0.0
35983,1,0.0
35984,1,0.0
35985,2,0.0
35986,2,1.0
35987,3,0.0
35988,1,1.0
35989,8,1.0
35990,4,1.0
35991,3,0.0
35992,59,0.0
35993,5,0.0
35994,1,0.0
35995,6,0.0
35996,4,1.0
35997,5,0.0
35998,2,0.0
35999,1,1.0
36000,2,0.0
36001,41,0.0
36002,2,0.0
36003,3,0.0
36004,4,1.0
36005,2,1.0
36006,1,1.0
36007,1,0.0
36008,1,0.0
36009,3,0.0
36010,1,0.0
36011,49,0.0
36012,5,0.0
36013,1,0.0
36014,1,1.0
36015,4,0.0
36016,1,0.0
36017,1,0.0
36018,1,1.0
36019,1,1.0
36020,1,0.0
36021,1,0.0
36022,4,1.0
36023,3,0.0
36024,1,0.0
36025,2,0.0
36026,1,0.0
36027,5,0.0
36028,4,1.0
36029,2,0.0
36030,1,0.0
36031,2,0.0
36032,1,1.0
36033,2,1.0
36034,3,0.0
36035,5,0.0
36036,3,0.0
36037,1,0.0
36038,1,0.0
36039,1,0.0
36040,3,0.0
36041,3,1.0
36042,1,0.0
36043,1,0.0
36044,2,1.0
36045,1,0.0
36046,2,0.0
36047,1,0.0
36048,1,0.0
36049,1,0.0
36050,16,0.0
36051,2,0.0
36052,1,1.0
36053,1,0.0
36054,4,1.0
36055,2,0.0
36056,5,0.0
36057,1,0.0
36058,1,1.0
36059,1,0.0
36060,1,0.0
36061,1,1.0
36062,11,0.0
36063,4,0.0
36064,6,0.0
36065,1,0.0
36066,2,0.0
36067,3,0.0
36068,2,1.0
36069,2,0.0
36070,2,1.0
36071,3,1.0
36072,4,1.0
36073,3,0.0
36074,1,0.0
36075,2,1.0
36076,1,0.0
36077,3,0.0
36078,1,0.0
36079,2,0.0
36080,2,1.0
36081,1,0.0
36082,2,1.0
36083,3,1.0
36084,1,0.0
36085,2,0.0
36086,1,1.0
36087,1,1.0
36088,1,0.0
36089,1,1.0
36090,1,0.0
36091,1,1.0
36092,3,0.0
36093,5,0.0
36094,37,0.0
36095,3,1.0
36096,2,1.0
36097,2,0.0
36098,3,0.0
36099,5,0.0
36100,2,0.0
36101,1,0.0
36102,1,0.0
36103,1,1.0
36104,3,1.0
36105,2,0.0
36106,7,1.0
36107,2,1.0
36108,1,0.0
36109,1,1.0
36110,2,0.0
36111,2,0.0
36112,1,0.0
36113,1,0.0
36114,2,0.0
36115,1,0.0
36116,4,0.0
36117,2,1.0
36118,7,0.0
36119,5,0.0
36120,1,1.0
36121,3,1.0
36122,1,1.0
36123,2,0.0
36124,5,0.0
36125,1,0.0
36126,1,0.0
36127,1,1.0
36128,2,0.0
36129,29,1.0
36130,1,0.0
36131,2,0.0
36132,1,0.0
36133,3,1.0
36134,1,0.0
36135,6,0.0
36136,3,1.0
36137,9,0.0
36138,1,0.0
36139,5,1.0
36140,4,0.0
36141,7,1.0
36142,8,0.0
36143,2,0.0
36144,3,1.0
36145,1,0.0
36146,2,1.0
36147,1,0.0
36148,4,1.0
36149,1,0.0
36150,1,0.0
36151,1,0.0
36152,2,0.0
36153,2,0.0
36154,1,1.0
36155,1,0.0
36156,1,1.0
36157,2,0.0
36158,33,0.0
36159,1,1.0
36160,4,0.0
36161,1,0.0
36162,1,1.0
36163,1,0.0
36164,4,1.0
36165,3,1.0
36166,4,1.0
36167,57,0.0
36168,1,0.0
36169,1,0.0
36170,2,0.0
36171,1,1.0
36172,2,0.0
36173,2,0.0
36174,1,0.0
36175,1,0.0
36176,3,0.0
36177,2,0.0
36178,3,1.0
36179,2,0.0
36180,6,0.0
36181,2,0.0
36182,2,0.0
36183,1,0.0
36184,4,0.0
36185,4,1.0
36186,3,0.0
36187,3,1.0
36188,47,0.0
36189,6,1.0
36190,1,0.0
36191,8,1.0
36192,4,1.0
36193,1,0.0
36194,1,0.0
36195,22,0.0
36196,1,0.0
36197,1,0.0
36198,1,1.0
36199,1,0.0
36200,1,0.0
36201,1,0.0
36202,2,0.0
36203,2,0.0
36204,3,0.0
36205,1,0.0
36206,2,0.0
36207,3,1.0
36208,1,1.0
36209,1,0.0
36210,2,0.0
36211,2,0.0
36212,3,0.0
36213,1,0.0
36214,2,0.0
36215,3,1.0
36216,2,0.0
36217,18,0.0
36218,2,0.0
36219,1,0.0
36220,2,0.0
36221,3,0.0
36222,2,0.0
36223,1,0.0
36224,3,0.0
36225,1,0.0
36226,5,1.0
36227,3,0.0
36228,3,0.0
36229,2,1.0
36230,1,0.0
36231,3,1.0
36232,6,0.0
36233,2,0.0
36234,1,0.0
36235,3,1.0
36236,1,0.0
36237,1,0.0
36238,1,0.0
36239,6,0.0
36240,2,1.0
36241,2,0.0
36242,3,0.0
36243,1,0.0
36244,42,0.0
36245,1,0.0
36246,1,1.0
36247,2,1.0
36248,4,0.0
36249,2,0.0
36250,3,0.0
36251,4,0.0
36252,1,0.0
36253,3,1.0
36254,1,0.0
36255,4,1.0
36256,1,0.0
36257,1,0.0
36258,1,0.0
36259,11,1.0
36260,1,0.0
36261,34,0.0
36262,1,1.0
36263,4,0.0
36264,1,0.0
36265,5,1.0
36266,3,1.0
36267,4,1.0
36268,1,0.0
36269,1,0.0
36270,1,0.0
36271,1,0.0
36272,1,0.0
36273,2,0.0
36274,1,0.0
36275,1,0.0
36276,7,0.0
36277,1,0.0
36278,1,0.0
36279,15,0.0
36280,3,1.0
36281,2,0.0
36282,2,0.0
36283,1,1.0
36284,6,0.0
36285,4,0.0
36286,1,0.0
36287,2,0.0
36288,3,1.0
36289,1,1.0
36290,4,0.0
36291,3,0.0
36292,1,0.0
36293,2,0.0
36294,2,0.0
36295,4,1.0
36296,24,0.0
36297,3,1.0
36298,1,0.0
36299,2,0.0
36300,1,0.0
36301,2,1.0
36302,1,0.0
36303,1,1.0
36304,1,0.0
36305,3,0.0
36306,1,0.0
36307,1,0.0
36308,2,1.0
36309,2,0.0
36310,2,0.0
36311,2,0.0
36312,1,0.0
36313,1,0.0
36314,2,0.0
36315,1,0.0
36316,3,0.0
36317,3,0.0
36318,4,1.0
36319,3,1.0
36320,5,0.0
36321,1,1.0
36322,3,0.0
36323,1,1.0
36324,1,0.0
36325,2,0.0
36326,34,1.0
36327,3,0.0
36328,1,0.0
36329,1,1.0
36330,1,0.0
36331,1,0.0
36332,1,0.0
36333,3,0.0
36334,3,0.0
36335,3,1.0
36336,1,0.0
36337,1,0.0
36338,1,1.0
36339,1,0.0
36340,2,0.0
36341,6,0.0
36342,1,1.0
36343,4,1.0
36344,1,0.0
36345,1,0.0
36346,3,1.0
36347,1,1.0
36348,5,0.0
36349,59,0.0
36350,55,0.0
36351,2,1.0
36352,1,0.0
36353,1,1.0
36354,29,0.0
36355,2,0.0
36356,2,1.0
36357,3,0.0
36358,1,0.0
36359,2,0.0
36360,1,1.0
36361,5,0.0
36362,1,0.0
36363,2,0.0
36364,4,0.0
36365,3,1.0
36366,1,0.0
36367,5,0.0
36368,1,0.0
36369,1,1.0
36370,2,1.0
36371,1,0.0
36372,5,0.0
36373,4,0.0
36374,1,0.0
36375,1,0.0
36376,3,1.0
36377,2,0.0
36378,4,1.0
36379,1,0.0
36380,4,0.0
36381,3,0.0
36382,2,0.0
36383,1,0.0
36384,2,0.0
36385,1,0.0
36386,1,0.0
36387,7,0.0
36388,2,1.0
36389,2,0.0
36390,1,0.0
36391,1,0.0
36392,44,0.0
36393,1,0.0
36394,3,0.0
36395,4,1.0
36396,2,1.0
36397,1,0.0
36398,3,1.0
36399,2,1.0
36400,3,1.0
36401,2,0.0
36402,1,0.0
36403,3,0.0
36404,1,0.0
36405,1,0.0
36406,1,1.0
36407,1,1.0
36408,2,1.0
36409,1,0.0
36410,7,1.0
36411,4,0.0
36412,1,0.0
36413,2,0.0
36414,1,0.0
36415,46,0.0
36416,1,0.0
36417,2,0.0
36418,1,0.0
36419,2,0.0
36420,1,0.0
36421,3,0.0
36422,4,0.0
36423,31,0.0
36424,2,0.0
36425,10,0.0
36426,1,1.0
36427,4,0.0
36428,1,0.0
36429,1,0.0
36430,2,0.0
36431,2,0.0
36432,1,0.0
36433,3,0.0
36434,1,0.0
36435,3,0.0
36436,2,0.0
36437,3,1.0
36438,1,1.0
36439,1,0.0
36440,2,0.0
36441,5,0.0
36442,2,0.0
36443,1,1.0
36444,5,0.0
36445,5,0.0
36446,1,0.0
36447,2,0.0
36448,1,0.0
36449,1,0.0
36450,1,1.0
36451,3,0.0
36452,2,0.0
36453,1,0.0
36454,1,0.0
36455,1,0.0
36456,2,0.0
36457,2,0.0
36458,1,0.0
36459,1,0.0
36460,4,0.0
36461,1,1.0
36462,1,0.0
36463,19,0.0
36464,50,0.0
36465,2,1.0
36466,1,0.0
36467,3,1.0
36468,1,0.0
36469,1,0.0
36470,6,0.0
36471,1,0.0
36472,25,1.0
36473,4,0.0
36474,3,1.0
36475,2,1.0
36476,2,0.0
36477,2,1.0
36478,2,1.0
36479,5,0.0
36480,1,1.0
36481,1,0.0
36482,1,0.0
36483,4,1.0
36484,1,0.0
36485,3,0.0
36486,1,0.0
36487,1,0.0
36488,1,0.0
36489,1,0.0
36490,2,0.0
36491,2,0.0
36492,1,0.0
36493,40,0.0
36494,6,0.0
36495,4,1.0
36496,28,0.0
36497,2,0.0
36498,1,0.0
36499,3,1.0
36500,1,1.0
36501,3,1.0
36502,1,0.0
36503,1,0.0
36504,4,1.0
36505,3,1.0
36506,1,0.0
36507,1,0.0
36508,1,1.0
36509,6,0.0
36510,1,0.0
36511,3,0.0
36512,46,0.0
36513,1,0.0
36514,3,1.0
36515,3,0.0
36516,1,0.0
36517,2,0.0
36518,1,1.0
36519,1,0.0
36520,6,0.0
36521,3,0.0
36522,1,1.0
36523,2,0.0
36524,2,0.0
36525,1,1.0
36526,43,0.0
36527,53,0.0
36528,2,1.0
36529,4,1.0
36530,14,0.0
36531,2,0.0
36532,1,1.0
36533,1,1.0
36534,36,0.0
36535,1,0.0
36536,3,0.0
36537,2,0.0
36538,1,0.0
36539,1,1.0
36540,1,1.0
36541,2,0.0
36542,1,0.0
36543,4,1.0
36544,2,0.0
36545,2,0.0
36546,1,0.0
36547,2,0.0
36548,1,0.0
36549,9,1.0
36550,5,0.0
36551,1,0.0
36552,3,0.0
36553,2,0.0
36554,2,0.0
36555,2,0.0
36556,1,0.0
36557,1,0.0
36558,1,0.0
36559,2,0.0
36560,1,0.0
36561,2,0.0
36562,1,0.0
36563,3,0.0
36564,2,1.0
36565,2,0.0
36566,2,0.0
36567,1,1.0
36568,6,0.0
36569,1,0.0
36570,9,0.0
36571,1,0.0
36572,3,0.0
36573,1,0.0
36574,1,0.0
36575,6,0.0
36576,12,0.0
36577,3,1.0
36578,2,0.0
36579,1,0.0
36580,1,0.0
36581,1,0.0
36582,1,0.0
36583,1,0.0
36584,1,1.0
36585,1,0.0
36586,7,0.0
36587,1,0.0
36588,2,0.0
36589,1,0.0
36590,2,0.0
36591,26,0.0
36592,1,0.0
36593,15,0.0
36594,3,0.0
36595,2,0.0
36596,6,0.0
36597,1,0.0
36598,2,0.0
36599,3,0.0
36600,1,1.0
36601,5,0.0
36602,35,0.0
36603,25,0.0
36604,4,1.0
36605,1,0.0
36606,2,1.0
36607,1,0.0
36608,2,0.0
36609,2,0.0
36610,1,0.0
36611,1,1.0
36612,6,0.0
36613,1,0.0
36614,2,1.0
36615,1,0.0
36616,3,0.0
36617,3,1.0
36618,2,0.0
36619,2,0.0
36620,1,0.0
36621,1,0.0
36622,1,0.0
36623,2,0.0
36624,5,0.0
36625,2,1.0
36626,2,0.0
36627,3,0.0
36628,2,0.0
36629,1,0.0
36630,2,0.0
36631,2,0.0
36632,1,0.0
36633,2,1.0
36634,1,1.0
36635,1,1.0
36636,1,0.0
36637,1,1.0
36638,3,0.0
36639,5,0.0
36640,4,1.0
36641,7,0.0
36642,8,1.0
36643,1,0.0
36644,1,0.0
36645,7,1.0
36646,3,0.0
36647,2,0.0
36648,60,0.0
36649,2,0.0
36650,1,1.0
36651,3,0.0
36652,7,0.0
36653,7,0.0
36654,1,0.0
36655,2,0.0
36656,5,0.0
36657,2,0.0
36658,1,0.0
36659,1,0.0
36660,1,0.0
36661,3,0.0
36662,1,1.0
36663,4,0.0
36664,3,1.0
36665,2,0.0
36666,3,0.0
36667,4,0.0
36668,3,0.0
36669,1,1.0
36670,1,0.0
36671,3,0.0
36672,4,0.0
36673,2,0.0
36674,2,0.0
36675,1,0.0
36676,2,1.0
36677,51,0.0
36678,2,1.0
36679,3,1.0
36680,1,0.0
36681,3,1.0
36682,1,1.0
36683,2,0.0
36684,58,0.0
36685,5,0.0
36686,2,0.0
36687,4,1.0
36688,2,0.0
36689,1,0.0
36690,1,1.0
36691,2,0.0
36692,2,0.0
36693,3,0.0
36694,1,1.0
36695,1,1.0
36696,1,0.0
36697,3,0.0
36698,6,0.0
36699,1,1.0
36700,1,0.0
36701,1,0.0
36702,1,0.0
36703,3,0.0
36704,2,0.0
36705,1,0.0
36706,3,0.0
36707,1,0.0
36708,1,0.0
36709,18,0.0
36710,5,0.0
36711,1,1.0
36712,1,1.0
36713,1,0.0
36714,2,0.0
36715,3,1.0
36716,2,0.0
36717,4,0.0
36718,1,0.0
36719,1,0.0
36720,1,1.0
36721,3,1.0
36722,1,0.0
36723,2,0.0
36724,2,0.0
36725,1,0.0
36726,2,0.0
36727,1,0.0
36728,1,0.0
36729,1,0.0
36730,1,0.0
36731,1,0.0
36732,2,0.0
36733,5,1.0
36734,1,0.0
36735,1,0.0
36736,1,1.0
36737,4,0.0
36738,2,0.0
36739,1,0.0
36740,1,0.0
36741,1,0.0
36742,1,0.0
36743,4,0.0
36744,1,0.0
36745,3,0.0
36746,2,1.0
36747,19,0.0
36748,3,0.0
36749,2,0.0
36750,2,1.0
36751,1,1.0
36752,1,0.0
36753,6,1.0
36754,1,0.0
36755,13,1.0
36756,3,0.0
36757,6,1.0
36758,1,1.0
36759,1,1.0
36760,3,0.0
36761,1,0.0
36762,6,0.0
36763,3,1.0
36764,2,0.0
36765,1,0.0
36766,8,0.0
36767,1,0.0
36768,1,1.0
36769,1,0.0
36770,1,0.0
36771,1,1.0
36772,3,1.0
36773,1,0.0
36774,3,1.0
36775,1,0.0
36776,4,0.0
36777,6,0.0
36778,2,0.0
36779,2,1.0
36780,3,0.0
36781,5,0.0
36782,2,0.0
36783,1,0.0
36784,3,0.0
36785,2,0.0
36786,31,0.0
36787,4,0.0
36788,4,0.0
36789,1,1.0
36790,5,0.0
36791,12,1.0
36792,1,0.0
36793,53,0.0
36794,1,1.0
36795,6,0.0
36796,2,0.0
36797,5,0.0
36798,1,0.0
36799,2,0.0
36800,1,0.0
36801,2,0.0
36802,4,0.0
36803,5,0.0
36804,1,0.0
36805,1,1.0
36806,1,1.0
36807,1,1.0
36808,1,0.0
36809,5,0.0
36810,23,0.0
36811,1,1.0
36812,4,0.0
36813,1,1.0
36814,1,0.0
36815,3,1.0
36816,1,1.0
36817,3,0.0
36818,6,0.0
36819,2,0.0
36820,3,1.0
36821,1,0.0
36822,3,0.0
36823,1,0.0
36824,2,0.0
36825,1,0.0
36826,1,0.0
36827,2,0.0
36828,2,0.0
36829,3,1.0
36830,1,0.0
36831,6,0.0
36832,2,1.0
36833,3,0.0
36834,1,0.0
36835,1,0.0
36836,2,0.0
36837,1,0.0
36838,2,0.0
36839,2,1.0
36840,2,0.0
36841,3,1.0
36842,1,0.0
36843,2,0.0
36844,1,0.0
36845,2,1.0
36846,1,1.0
36847,1,0.0
36848,4,1.0
36849,1,0.0
36850,3,0.0
36851,1,0.0
36852,1,0.0
36853,4,0.0
36854,1,0.0
36855,2,0.0
36856,1,0.0
36857,1,0.0
36858,4,1.0
36859,4,1.0
36860,2,0.0
36861,1,0.0
36862,1,0.0
36863,58,0.0
36864,1,0.0
36865,2,0.0
36866,40,0.0
36867,3,0.0
36868,1,0.0
36869,1,0.0
36870,26,0.0
36871,2,0.0
36872,57,0.0
36873,2,0.0
36874,2,0.0
36875,2,0.0
36876,2,0.0
36877,2,1.0
36878,1,1.0
36879,5,0.0
36880,4,0.0
36881,5,0.0
36882,2,0.0
36883,4,0.0
36884,2,1.0
36885,1,0.0
36886,1,0.0
36887,3,0.0
36888,1,0.0
36889,1,0.0
36890,3,1.0
36891,1,0.0
36892,2,0.0
36893,2,0.0
36894,3,0.0
36895,2,0.0
36896,1,0.0
36897,4,0.0
36898,1,0.0
36899,1,0.0
36900,14,1.0
36901,33,0.0
36902,1,0.0
36903,2,0.0
36904,4,0.0
36905,2,0.0
36906,1,0.0
36907,1,0.0
36908,1,1.0
36909,1,0.0
36910,17,0.0
36911,3,1.0
36912,9,0.0
36913,2,0.0
36914,7,0.0
36915,1,0.0
36916,2,0.0
36917,1,0.0
36918,6,0.0
36919,1,0.0
36920,3,0.0
36921,2,1.0
36922,3,0.0
36923,1,0.0
36924,5,0.0
36925,2,0.0
36926,1,0.0
36927,1,1.0
36928,4,1.0
36929,3,1.0
36930,1,1.0
36931,1,0.0
36932,2,0.0
36933,1,0.0
36934,5,0.0
36935,2,1.0
36936,1,1.0
36937,2,1.0
36938,5,0.0
36939,3,0.0
36940,1,0.0
36941,1,0.0
36942,3,1.0
36943,1,0.0
36944,1,0.0
36945,41,1.0
36946,4,0.0
36947,1,0.0
36948,1,0.0
36949,47,0.0
36950,1,0.0
36951,3,0.0
36952,2,0.0
36953,1,0.0
36954,1,1.0
36955,5,0.0
36956,8,0.0
36957,10,0.0
36958,2,1.0
36959,3,0.0
36960,28,0.0
36961,1,0.0
36962,2,0.0
36963,1,0.0
36964,2,0.0
36965,1,0.0
36966,2,0.0
36967,1,0.0
36968,2,0.0
36969,2,0.0
36970,1,0.0
36971,5,0.0
36972,3,0.0
36973,1,0.0
36974,1,0.0
36975,4,1.0
36976,2,0.0
36977,1,0.0
36978,3,0.0
36979,4,1.0
36980,1,1.0
36981,2,0.0
36982,2,0.0
36983,3,0.0
36984,4,1.0
36985,4,0.0
36986,4,1.0
36987,1,0.0
36988,2,1.0
36989,1,0.0
36990,4,1.0
36991,2,1.0
36992,8,0.0
36993,56,0.0
36994,1,0.0
36995,1,0.0
36996,1,0.0
36997,3,0.0
36998,1,0.0
36999,3,0.0
37000,1,0.0
37001,3,1.0
37002,1,0.0
37003,6,0.0
37004,6,1.0
37005,1,0.0
37006,2,0.0
37007,2,0.0
37008,2,0.0
37009,1,0.0
37010,2,1.0
37011,4,0.0
37012,2,0.0
37013,4,1.0
37014,1,0.0
37015,2,0.0
37016,1,0.0
37017,2,1.0
37018,1,1.0
37019,3,1.0
37020,2,0.0
37021,3,0.0
37022,2,0.0
37023,2,1.0
37024,4,0.0
37025,1,1.0
37026,1,0.0
37027,6,0.0
37028,1,1.0
37029,3,0.0
37030,3,1.0
37031,6,0.0
37032,1,0.0
37033,1,0.0
37034,3,0.0
37035,1,0.0
37036,1,0.0
37037,12,0.0
37038,1,0.0
37039,3,0.0
37040,1,0.0
37041,33,0.0
37042,5,1.0
37043,1,0.0
37044,1,0.0
37045,5,0.0
37046,1,0.0
37047,3,0.0
37048,2,0.0
37049,3,0.0
37050,2,0.0
37051,3,0.0
37052,4,1.0
37053,1,1.0
37054,2,0.0
37055,2,0.0
37056,2,1.0
37057,2,0.0
37058,2,1.0
37059,4,0.0
37060,1,0.0
37061,1,0.0
37062,34,0.0
37063,7,0.0
37064,4,1.0
37065,1,0.0
37066,1,0.0
37067,43,0.0
37068,3,0.0
37069,1,0.0
37070,2,0.0
37071,2,0.0
37072,1,1.0
37073,5,0.0
37074,1,0.0
37075,1,0.0
37076,4,0.0
37077,59,0.0
37078,2,1.0
37079,2,0.0
37080,1,0.0
37081,3,0.0
37082,1,0.0
37083,4,1.0
37084,5,0.0
37085,2,0.0
37086,2,0.0
37087,5,0.0
37088,2,0.0
37089,4,0.0
37090,1,0.0
37091,2,0.0
37092,1,0.0
37093,2,0.0
37094,2,1.0
37095,1,0.0
37096,33,0.0
37097,1,0.0
37098,1,0.0
37099,1,0.0
37100,1,0.0
37101,2,0.0
37102,2,0.0
37103,3,1.0
37104,1,0.0
37105,1,0.0
37106,1,0.0
37107,2,1.0
37108,1,0.0
37109,7,1.0
37110,2,0.0
37111,2,0.0
37112,5,0.0
37113,5,0.0
37114,1,0.0
37115,1,0.0
37116,1,0.0
37117,5,0.0
37118,3,1.0
37119,1,0.0
37120,1,1.0
37121,1,0.0
37122,1,0.0
37123,4,1.0
37124,8,0.0
37125,2,0.0
37126,1,0.0
37127,1,0.0
37128,21,1.0
37129,1,0.0
37130,2,0.0
37131,2,0.0
37132,1,0.0
37133,2,0.0
37134,2,0.0
37135,2,0.0
37136,3,0.0
37137,3,1.0
37138,1,1.0
37139,1,0.0
37140,3,1.0
37141,1,1.0
37142,2,0.0
37143,1,0.0
37144,1,0.0
37145,3,0.0
37146,1,0.0
37147,9,0.0
37148,1,1.0
37149,50,0.0
37150,1,0.0
37151,4,1.0
37152,3,0.0
37153,2,1.0
37154,5,0.0
37155,2,0.0
37156,46,0.0
37157,6,0.0
37158,1,0.0
37159,2,0.0
37160,1,0.0
37161,2,1.0
37162,1,1.0
37163,1,0.0
37164,5,0.0
37165,1,1.0
37166,1,0.0
37167,36,0.0
37168,1,0.0
37169,2,0.0
37170,3,0.0
37171,1,1.0
37172,1,0.0
37173,3,1.0
37174,1,1.0
37175,1,0.0
37176,2,0.0
37177,2,0.0
37178,1,0.0
37179,1,0.0
37180,1,0.0
37181,2,0.0
37182,1,0.0
37183,2,1.0
37184,4,1.0
37185,6,1.0
37186,2,0.0
37187,3,1.0
37188,1,0.0
37189,6,0.0
37190,2,0.0
37191,4,1.0
37192,6,0.0
37193,1,0.0
37194,3,1.0
37195,2,1.0
37196,2,0.0
37197,2,0.0
37198,2,1.0
37199,3,0.0
37200,3,1.0
37201,1,0.0
37202,4,1.0
37203,2,0.0
37204,1,0.0
37205,1,0.0
37206,1,1.0
37207,2,0.0
37208,2,1.0
37209,2,0.0
37210,1,0.0
37211,1,0.0
37212,34,0.0
37213,1,0.0
37214,2,0.0
37215,3,0.0
37216,1,0.0
37217,9,0.0
37218,1,0.0
37219,1,0.0
37220,3,0.0
37221,2,1.0
37222,1,1.0
37223,1,1.0
37224,2,0.0
37225,2,1.0
37226,9,0.0
37227,2,1.0
37228,2,0.0
37229,1,0.0
37230,1,1.0
37231,2,1.0
37232,1,0.0
37233,1,0.0
37234,1,0.0
37235,3,0.0
37236,3,0.0
37237,2,0.0
37238,4,1.0
37239,1,0.0
37240,1,0.0
37241,1,0.0
37242,2,1.0
37243,25,1.0
37244,1,0.0
37245,1,0.0
37246,2,1.0
37247,1,0.0
37248,13,0.0
37249,3,1.0
37250,1,0.0
37251,5,0.0
37252,3,0.0
37253,3,0.0
37254,1,0.0
37255,2,0.0
37256,1,1.0
37257,3,0.0
37258,3,1.0
37259,3,1.0
37260,1,0.0
37261,3,0.0
37262,3,0.0
37263,2,0.0
37264,3,1.0
37265,8,1.0
37266,1,0.0
37267,3,0.0
37268,15,0.0
37269,1,0.0
37270,2,0.0
37271,5,0.0
37272,1,0.0
37273,1,0.0
37274,2,0.0
37275,1,0.0
37276,1,0.0
37277,2,1.0
37278,2,0.0
37279,4,0.0
37280,2,0.0
37281,1,0.0
37282,5,0.0
37283,1,0.0
37284,4,1.0
37285,5,0.0
37286,1,0.0
37287,40,0.0
37288,1,0.0
37289,1,0.0
37290,3,0.0
37291,1,0.0
37292,3,1.0
37293,2,0.0
37294,2,0.0
37295,1,1.0
37296,2,0.0
37297,1,0.0
37298,2,0.0
37299,1,0.0
37300,1,0.0
37301,1,0.0
37302,1,0.0
37303,1,0.0
37304,1,1.0
37305,3,0.0
37306,1,1.0
37307,1,0.0
37308,1,1.0
37309,4,1.0
37310,2,0.0
37311,2,1.0
37312,1,0.0
37313,2,1.0
37314,1,0.0
37315,1,0.0
37316,2,0.0
37317,4,1.0
37318,55,0.0
37319,1,0.0
37320,1,0.0
37321,2,0.0
37322,1,0.0
37323,2,1.0
37324,2,0.0
37325,1,0.0
37326,2,0.0
37327,2,0.0
37328,3,1.0
37329,1,0.0
37330,1,0.0
37331,1,0.0
37332,1,1.0
37333,2,0.0
37334,1,0.0
37335,1,0.0
37336,1,0.0
37337,1,0.0
37338,7,0.0
37339,3,0.0
37340,1,1.0
37341,1,0.0
37342,2,0.0
37343,2,0.0
37344,1,0.0
37345,5,0.0
37346,1,1.0
37347,3,0.0
37348,1,0.0
37349,2,0.0
37350,1,0.0
37351,2,0.0
37352,1,0.0
37353,1,0.0
37354,3,0.0
37355,3,1.0
37356,1,0.0
37357,3,0.0
37358,2,0.0
37359,2,0.0
37360,1,0.0
37361,1,0.0
37362,3,0.0
37363,3,0.0
37364,3,0.0
37365,1,0.0
37366,1,0.0
37367,2,0.0
37368,3,1.0
37369,3,1.0
37370,11,0.0
37371,1,0.0
37372,1,0.0
37373,2,0.0
37374,2,0.0
37375,1,0.0
37376,8,1.0
37377,2,0.0
37378,2,0.0
37379,1,1.0
37380,2,0.0
37381,3,0.0
37382,2,0.0
37383,8,0.0
37384,2,0.0
37385,2,1.0
37386,1,0.0
37387,3,1.0
37388,3,1.0
37389,1,0.0
37390,4,0.0
37391,1,0.0
37392,45,1.0
37393,3,0.0
37394,7,0.0
37395,1,1.0
37396,16,0.0
37397,2,0.0
37398,1,0.0
37399,1,0.0
37400,2,0.0
37401,2,1.0
37402,1,1.0
37403,1,0.0
37404,5,0.0
37405,57,0.0
37406,2,0.0
37407,3,1.0
37408,3,0.0
37409,44,0.0
37410,1,0.0
37411,1,0.0
37412,2,0.0
37413,3,1.0
37414,2,1.0
37415,2,0.0
37416,4,1.0
37417,3,0.0
37418,4,1.0
37419,7,0.0
37420,4,0.0
37421,5,0.0
37422,3,1.0
37423,1,0.0
37424,25,0.0
37425,3,0.0
37426,11,0.0
37427,7,0.0
37428,1,0.0
37429,1,0.0
37430,5,0.0
37431,2,1.0
37432,3,0.0
37433,2,0.0
37434,2,0.0
37435,2,0.0
37436,3,0.0
37437,7,0.0
37438,6,0.0
37439,1,0.0
37440,2,1.0
37441,5,1.0
37442,2,0.0
37443,3,1.0
37444,3,0.0
37445,1,0.0
37446,2,1.0
37447,2,0.0
37448,1,1.0
37449,2,0.0
37450,24,0.0
37451,1,0.0
37452,1,0.0
37453,2,1.0
37454,5,0.0
37455,3,0.0
37456,1,0.0
37457,1,1.0
37458,1,1.0
37459,6,0.0
37460,2,1.0
37461,1,0.0
37462,2,0.0
37463,22,0.0
37464,19,1.0
37465,1,0.0
37466,2,1.0
37467,1,0.0
37468,1,0.0
37469,1,1.0
37470,2,1.0
37471,1,0.0
37472,1,1.0
37473,1,0.0
37474,5,1.0
37475,3,1.0
37476,8,0.0
37477,2,0.0
37478,1,0.0
37479,43,0.0
37480,1,0.0
37481,2,0.0
37482,4,0.0
37483,4,1.0
37484,3,0.0
37485,1,0.0
37486,1,0.0
37487,20,0.0
37488,1,0.0
37489,2,1.0
37490,1,1.0
37491,1,0.0
37492,5,1.0
37493,1,0.0
37494,16,0.0
37495,1,0.0
37496,1,1.0
37497,2,1.0
37498,1,0.0
37499,1,0.0
37500,1,0.0
37501,1,0.0
37502,1,0.0
37503,3,0.0
37504,6,1.0
37505,1,0.0
37506,2,0.0
37507,2,1.0
37508,5,0.0
37509,1,0.0
37510,1,0.0
37511,1,0.0
37512,1,0.0
37513,1,0.0
37514,2,0.0
37515,3,0.0
37516,1,1.0
37517,1,1.0
37518,2,0.0
37519,2,0.0
37520,5,0.0
37521,7,0.0
37522,1,1.0
37523,1,0.0
37524,1,0.0
37525,2,0.0
37526,54,0.0
37527,2,0.0
37528,2,0.0
37529,1,0.0
37530,1,0.0
37531,2,0.0
37532,3,0.0
37533,1,0.0
37534,1,0.0
37535,18,0.0
37536,1,0.0
37537,34,0.0
37538,5,1.0
37539,2,1.0
37540,1,0.0
37541,6,0.0
37542,1,0.0
37543,1,0.0
37544,2,0.0
37545,1,0.0
37546,1,1.0
37547,1,0.0
37548,1,0.0
37549,3,0.0
37550,2,0.0
37551,1,0.0
37552,3,0.0
37553,1,0.0
37554,1,0.0
37555,2,1.0
37556,2,0.0
37557,3,1.0
37558,1,1.0
37559,33,0.0
37560,1,1.0
37561,1,0.0
37562,1,1.0
37563,1,0.0
37564,8,0.0
37565,1,0.0
37566,36,0.0
37567,1,0.0
37568,1,0.0
37569,4,0.0
37570,1,0.0
37571,3,0.0
37572,5,1.0
37573,1,0.0
37574,5,0.0
37575,1,0.0
37576,4,1.0
37577,1,0.0
37578,2,1.0
37579,1,0.0
37580,2,0.0
37581,5,1.0
37582,1,1.0
37583,2,1.0
37584,2,1.0
37585,1,0.0
37586,1,1.0
37587,1,0.0
37588,2,0.0
37589,1,1.0
37590,1,0.0
37591,3,1.0
37592,2,0.0
37593,1,0.0
37594,1,0.0
37595,2,1.0
37596,1,0.0
37597,1,0.0
37598,4,1.0
37599,2,1.0
37600,5,0.0
37601,1,1.0
37602,2,1.0
37603,1,0.0
37604,2,0.0
37605,1,0.0
37606,1,0.0
37607,1,0.0
37608,1,0.0
37609,1,0.0
37610,3,0.0
37611,3,0.0
37612,4,0.0
37613,6,0.0
37614,3,0.0
37615,2,1.0
37616,2,1.0
37617,2,1.0
37618,1,0.0
37619,1,0.0
37620,2,0.0
37621,1,1.0
37622,1,0.0
37623,2,0.0
37624,1,0.0
37625,2,0.0
37626,7,0.0
37627,2,1.0
37628,1,0.0
37629,3,0.0
37630,2,0.0
37631,4,0.0
37632,1,0.0
37633,3,0.0
37634,1,0.0
37635,3,0.0
37636,2,0.0
37637,1,1.0
37638,48,0.0
37639,53,0.0
37640,3,1.0
37641,2,0.0
37642,2,0.0
37643,4,0.0
37644,2,0.0
37645,4,0.0
37646,2,0.0
37647,1,0.0
37648,4,1.0
37649,1,0.0
37650,2,0.0
37651,1,0.0
37652,1,0.0
37653,4,0.0
37654,1,1.0
37655,4,0.0
37656,1,0.0
37657,3,1.0
37658,1,1.0
37659,2,1.0
37660,1,0.0
37661,3,0.0
37662,3,0.0
37663,2,0.0
37664,1,0.0
37665,29,1.0
37666,1,0.0
37667,2,1.0
37668,5,0.0
37669,3,0.0
37670,7,0.0
37671,4,1.0
37672,1,0.0
37673,2,0.0
37674,4,1.0
37675,1,0.0
37676,3,1.0
37677,2,0.0
37678,1,1.0
37679,1,0.0
37680,3,0.0
37681,2,0.0
37682,2,0.0
37683,1,0.0
37684,4,1.0
37685,5,0.0
37686,3,0.0
37687,1,1.0
37688,1,0.0
37689,2,1.0
37690,2,0.0
37691,1,0.0
37692,1,0.0
37693,2,0.0
37694,5,0.0
37695,2,0.0
37696,5,0.0
37697,4,1.0
37698,5,0.0
37699,1,0.0
37700,2,0.0
37701,7,0.0
37702,3,0.0
37703,3,0.0
37704,24,0.0
37705,2,1.0
37706,2,0.0
37707,1,0.0
37708,1,0.0
37709,6,1.0
37710,3,1.0
37711,1,0.0
37712,3,0.0
37713,37,0.0
37714,1,1.0
37715,7,0.0
37716,1,1.0
37717,2,0.0
37718,6,0.0
37719,2,0.0
37720,2,1.0
37721,1,0.0
37722,1,0.0
37723,1,1.0
37724,3,0.0
37725,17,0.0
37726,1,1.0
37727,1,0.0
37728,6,0.0
37729,2,1.0
37730,53,0.0
37731,3,0.0
37732,2,0.0
37733,3,0.0
37734,2,1.0
37735,2,0.0
37736,2,0.0
37737,3,1.0
37738,1,0.0
37739,2,0.0
37740,1,0.0
37741,5,1.0
37742,1,0.0
37743,7,0.0
37744,13,0.0
37745,2,0.0
37746,1,0.0
37747,1,0.0
37748,2,0.0
37749,3,0.0
37750,2,0.0
37751,5,0.0
37752,2,0.0
37753,2,0.0
37754,2,0.0
37755,5,0.0
37756,1,0.0
37757,1,1.0
37758,1,0.0
37759,1,0.0
37760,4,1.0
37761,3,1.0
37762,2,0.0
37763,3,1.0
37764,2,0.0
37765,1,0.0
37766,1,0.0
37767,6,0.0
37768,6,0.0
37769,1,1.0
37770,7,0.0
37771,2,0.0
37772,3,1.0
37773,5,0.0
37774,7,1.0
37775,4,1.0
37776,10,1.0
37777,4,1.0
37778,1,0.0
37779,5,0.0
37780,3,0.0
37781,1,0.0
37782,1,0.0
37783,1,0.0
37784,3,1.0
37785,2,1.0
37786,2,0.0
37787,3,1.0
37788,1,0.0
37789,2,0.0
37790,1,0.0
37791,3,0.0
37792,1,0.0
37793,3,1.0
37794,3,0.0
37795,1,0.0
37796,1,0.0
37797,2,0.0
37798,1,0.0
37799,1,0.0
37800,1,0.0
37801,2,0.0
37802,3,1.0
37803,2,0.0
37804,1,0.0
37805,2,0.0
37806,5,0.0
37807,4,1.0
37808,1,1.0
37809,2,0.0
37810,3,0.0
37811,3,0.0
37812,4,1.0
37813,1,1.0
37814,4,0.0
37815,2,0.0
37816,1,0.0
37817,1,1.0
37818,1,0.0
37819,5,1.0
37820,1,0.0
37821,1,0.0
37822,2,0.0
37823,1,1.0
37824,1,0.0
37825,1,1.0
37826,1,1.0
37827,2,1.0
37828,5,0.0
37829,2,0.0
37830,4,1.0
37831,3,0.0
37832,1,1.0
37833,2,0.0
37834,1,1.0
37835,1,0.0
37836,3,1.0
37837,50,0.0
37838,1,0.0
37839,9,0.0
37840,38,0.0
37841,1,1.0
37842,1,1.0
37843,1,0.0
37844,2,0.0
37845,7,0.0
37846,5,0.0
37847,1,1.0
37848,1,0.0
37849,2,0.0
37850,2,0.0
37851,3,1.0
37852,4,0.0
37853,1,1.0
37854,4,1.0
37855,1,0.0
37856,3,1.0
37857,6,0.0
37858,1,1.0
37859,2,0.0
37860,2,0.0
37861,1,1.0
37862,9,0.0
37863,4,1.0
37864,1,0.0
37865,2,1.0
37866,2,0.0
37867,30,0.0
37868,4,0.0
37869,4,1.0
37870,6,1.0
37871,1,0.0
37872,1,1.0
37873,1,0.0
37874,1,0.0
37875,1,1.0
37876,3,0.0
37877,25,1.0
37878,1,0.0
37879,1,0.0
37880,1,0.0
37881,1,0.0
37882,3,1.0
37883,4,0.0
37884,1,0.0
37885,4,1.0
37886,3,1.0
37887,2,0.0
37888,6,0.0
37889,2,0.0
37890,1,0.0
37891,4,0.0
37892,3,1.0
37893,4,1.0
37894,1,0.0
37895,4,0.0
37896,1,0.0
37897,2,0.0
37898,2,0.0
37899,2,0.0
37900,2,0.0
37901,4,1.0
37902,56,0.0
37903,2,0.0
37904,2,1.0
37905,3,0.0
37906,3,0.0
37907,1,0.0
37908,1,0.0
37909,2,0.0
37910,2,0.0
37911,1,0.0
37912,3,0.0
37913,1,0.0
37914,1,0.0
37915,1,0.0
37916,10,1.0
37917,1,0.0
37918,1,0.0
37919,2,0.0
37920,1,0.0
37921,1,1.0
37922,39,0.0
37923,32,0.0
37924,3,0.0
37925,6,0.0
37926,3,0.0
37927,5,1.0
37928,3,0.0
37929,2,0.0
37930,1,0.0
37931,1,0.0
37932,2,0.0
37933,1,0.0
37934,1,0.0
37935,1,0.0
37936,2,0.0
37937,1,0.0
37938,1,0.0
37939,4,1.0
37940,4,1.0
37941,1,0.0
37942,4,0.0
37943,1,0.0
37944,2,0.0
37945,1,0.0
37946,3,1.0
37947,1,0.0
37948,1,1.0
37949,2,0.0
37950,2,0.0
37951,3,0.0
37952,1,0.0
37953,2,0.0
37954,1,1.0
37955,2,1.0
37956,1,0.0
37957,1,0.0
37958,2,1.0
37959,3,1.0
37960,1,0.0
37961,1,0.0
37962,9,0.0
37963,2,0.0
37964,44,0.0
37965,1,0.0
37966,4,1.0
37967,1,0.0
37968,1,0.0
37969,3,0.0
37970,1,0.0
37971,1,0.0
37972,2,0.0
37973,1,1.0
37974,1,0.0
37975,2,0.0
37976,7,0.0
37977,1,0.0
37978,2,1.0
37979,3,0.0
37980,1,1.0
37981,2,0.0
37982,44,0.0
37983,7,0.0
37984,2,1.0
37985,1,0.0
37986,2,0.0
37987,1,0.0
37988,1,0.0
37989,6,0.0
37990,1,1.0
37991,2,0.0
37992,2,0.0
37993,1,0.0
37994,4,1.0
37995,1,0.0
37996,3,0.0
37997,41,0.0
37998,1,0.0
37999,2,0.0
38000,3,0.0
38001,1,0.0
38002,1,0.0
38003,1,0.0
38004,1,0.0
38005,48,0.0
38006,1,1.0
38007,2,0.0
38008,1,0.0
38009,2,0.0
38010,1,0.0
38011,2,0.0
38012,2,0.0
38013,3,0.0
38014,1,1.0
38015,5,0.0
38016,3,1.0
38017,4,1.0
38018,4,0.0
38019,7,1.0
38020,1,0.0
38021,5,0.0
38022,2,0.0
38023,2,0.0
38024,6,0.0
38025,3,0.0
38026,1,0.0
38027,1,0.0
38028,1,0.0
38029,3,1.0
38030,2,0.0
38031,5,0.0
38032,6,0.0
38033,1,0.0
38034,17,0.0
38035,1,0.0
38036,4,1.0
38037,2,0.0
38038,3,0.0
38039,1,0.0
38040,1,0.0
38041,1,0.0
38042,1,0.0
38043,2,0.0
38044,2,0.0
38045,9,0.0
38046,2,0.0
38047,1,0.0
38048,1,0.0
38049,2,1.0
38050,4,1.0
38051,2,0.0
38052,3,0.0
38053,1,0.0
38054,1,0.0
38055,2,0.0
38056,2,0.0
38057,1,0.0
38058,3,1.0
38059,1,0.0
38060,3,1.0
38061,1,0.0
38062,1,0.0
38063,1,1.0
38064,3,0.0
38065,1,0.0
38066,8,0.0
38067,1,1.0
38068,2,0.0
38069,2,0.0
38070,1,0.0
38071,2,0.0
38072,3,0.0
38073,2,0.0
38074,1,0.0
38075,1,1.0
38076,2,0.0
38077,3,1.0
38078,4,0.0
38079,1,0.0
38080,1,1.0
38081,1,1.0
38082,1,0.0
38083,5,0.0
38084,2,0.0
38085,1,0.0
38086,1,0.0
38087,4,1.0
38088,3,0.0
38089,1,0.0
38090,2,1.0
38091,4,0.0
38092,2,0.0
38093,1,1.0
38094,5,0.0
38095,1,0.0
38096,5,0.0
38097,3,0.0
38098,1,1.0
38099,1,0.0
38100,1,0.0
38101,4,0.0
38102,3,1.0
38103,3,1.0
38104,1,0.0
38105,1,0.0
38106,1,0.0
38107,4,1.0
38108,3,0.0
38109,5,0.0
38110,5,0.0
38111,4,0.0
38112,1,0.0
38113,3,0.0
38114,6,0.0
38115,1,0.0
38116,4,0.0
38117,3,0.0
38118,2,0.0
38119,2,0.0
38120,10,1.0
38121,4,0.0
38122,4,0.0
38123,1,0.0
38124,3,0.0
38125,42,0.0
38126,1,0.0
38127,4,1.0
38128,2,1.0
38129,3,1.0
38130,3,0.0
38131,51,0.0
38132,1,1.0
38133,3,0.0
38134,2,1.0
38135,1,1.0
38136,7,0.0
38137,1,1.0
38138,2,0.0
38139,4,1.0
38140,5,0.0
38141,7,1.0
38142,7,0.0
38143,1,0.0
38144,4,1.0
38145,2,1.0
38146,5,0.0
38147,2,0.0
38148,1,1.0
38149,2,0.0
38150,3,0.0
38151,4,1.0
38152,1,0.0
38153,2,0.0
38154,2,1.0
38155,2,0.0
38156,3,1.0
38157,1,1.0
38158,1,0.0
38159,1,1.0
38160,1,0.0
38161,1,0.0
38162,1,0.0
38163,1,1.0
38164,3,0.0
38165,3,0.0
38166,1,0.0
38167,1,0.0
38168,1,0.0
38169,5,1.0
38170,2,0.0
38171,1,0.0
38172,3,0.0
38173,1,0.0
38174,1,1.0
38175,2,0.0
38176,2,0.0
38177,1,1.0
38178,1,0.0
38179,2,0.0
38180,2,0.0
38181,1,0.0
38182,1,0.0
38183,1,0.0
38184,2,0.0
38185,2,1.0
38186,1,0.0
38187,3,0.0
38188,1,0.0
38189,1,0.0
38190,1,1.0
38191,1,0.0
38192,3,1.0
38193,4,0.0
38194,1,0.0
38195,1,0.0
38196,4,0.0
38197,1,1.0
38198,1,0.0
38199,3,0.0
38200,2,0.0
38201,3,0.0
38202,2,0.0
38203,1,1.0
38204,18,0.0
38205,22,0.0
38206,4,1.0
38207,2,0.0
38208,6,0.0
38209,1,0.0
38210,2,1.0
38211,4,1.0
38212,1,0.0
38213,1,0.0
38214,1,0.0
38215,3,0.0
38216,3,1.0
38217,1,0.0
38218,4,1.0
38219,1,0.0
38220,1,0.0
38221,1,0.0
38222,1,0.0
38223,3,1.0
38224,3,1.0
38225,2,0.0
38226,4,1.0
38227,1,1.0
38228,1,1.0
38229,3,0.0
38230,2,1.0
38231,1,1.0
38232,1,0.0
38233,3,1.0
38234,1,1.0
38235,2,0.0
38236,1,0.0
38237,3,1.0
38238,3,0.0
38239,4,1.0
38240,2,0.0
38241,2,0.0
38242,2,1.0
38243,4,0.0
38244,0,0.0
38245,0,0.0
38246,0,0.0
38247,0,0.0
38248,0,0.0
38249,0,0.0
38250,0,0.0
38251,0,0.0
38252,0,0.0
38253,0,0.0
38254,0,0.0
38255,0,0.0
38256,0,0.0
38257,0,0.0
38258,0,0.0
38259,0,0.0
38260,0,0.0
38261,0,0.0
38262,0,0.0
38263,0,0.0
38264,0,0.0
38265,0,0.0
38266,0,0.0
38267,0,0.0
38268,0,0.0
38269,0,0.0
38270,0,0.0
38271,0,0.0
38272,0,0.0
38273,0,0.0
38274,0,0.0
38275,0,0.0
38276,0,0.0
38277,0,0.0
38278,0,0.0
38279,0,0.0
38280,0,0.0
38281,0,0.0
38282,0,0.0
38283,0,0.0
38284,0,0.0
38285,0,0.0
38286,0,0.0
38287,0,0.0
38288,0,0.0
38289,0,0.0
38290,0,0.0
38291,0,0.0
38292,0,0.0
38293,0,0.0
38294,0,0.0
38295,0,0.0
38296,0,0.0
38297,0,0.0
38298,0,0.0
38299,0,0.0
38300,0,0.0
38301,0,0.0
38302,0,0.0
38303,0,0.0
38304,0,0.0
38305,0,0.0
38306,0,0.0
38307,0,0.0
38308,0,0.0
38309,0,0.0
38310,0,0.0
38311,0,0.0
38312,0,0.0
38313,0,0.0
38314,0,0.0
38315,0,0.0
38316,0,0.0
38317,0,0.0
38318,0,0.0
38319,0,0.0
38320,0,0.0
38321,0,0.0
38322,0,0.0
38323,0,0.0
38324,0,0.0
38325,0,0.0
38326,0,0.0
38327,0,0.0
38328,0,0.0
38329,0,0.0
38330,0,0.0
38331,0,0.0
38332,0,0.0
38333,0,0.0
38334,0,0.0
38335,0,0.0
38336,0,0.0
38337,0,0.0
38338,0,0.0
38339,0,0.0
38340,0,0.0
38341,0,0.0
38342,0,0.0
38343,0,0.0
38344,0,0.0
38345,0,0.0
38346,0,0.0
38347,0,0.0
38348,0,0.0
38349,0,0.0
38350,0,0.0
38351,0,0.0
38352,0,0.0
38353,0,0.0
38354,0,0.0
38355,0,0.0
38356,0,0.0
38357,0,0.0
38358,0,0.0
38359,0,0.0
38360,0,0.0
38361,0,0.0
38362,0,0.0
38363,0,0.0
38364,0,0.0
38365,0,0.0
38366,0,0.0
38367,0,0.0
38368,0,0.0
38369,0,0.0
38370,0,0.0
38371,0,0.0
38372,0,0.0
38373,0,0.0
38374,0,0.0
38375,0,0.0
38376,0,0.0
38377,0,0.0
38378,0,0.0
38379,0,0.0
38380,0,0.0
38381,0,0.0
38382,0,0.0
38383,0,0.0
38384,0,0.0
38385,0,0.0
38386,0,0.0
38387,0,0.0
38388,0,0.0
38389,0,0.0
38390,0,0.0
38391,0,0.0
38392,0,0.0
38393,0,0.0
38394,0,0.0
38395,0,0.0
38396,0,0.0
38397,0,0.0
38398,0,0.0
38399,0,0.0
38400,0,0.0
38401,0,0.0
38402,0,0.0
38403,0,0.0
38404,0,0.0
38405,0,0.0
38406,0,0.0
38407,0,0.0
38408,0,0.0
38409,0,0.0
38410,0,0.0
38411,0,0.0
38412,0,0.0
38413,0,0.0
38414,0,0.0
38415,0,0.0
38416,0,0.0
38417,0,0.0
38418,0,0.0
38419,0,0.0
38420,0,0.0
38421,0,0.0
38422,0,0.0
38423,0,0.0
38424,0,0.0
38425,0,0.0
38426,0,0.0
38427,0,0.0
38428,0,0.0
38429,0,0.0
38430,0,0.0
38431,0,0.0
38432,0,0.0
38433,0,0.0
38434,0,0.0
38435,0,0.0
38436,0,0.0
38437,0,0.0
38438,0,0.0
38439,0,0.0
38440,0,0.0
38441,0,0.0
38442,0,0.0
38443,0,0.0
38444,0,0.0
38445,0,0.0
38446,0,0.0
38447,0,0.0
38448,0,0.0
38449,0,0.0
38450,0,0.0
38451,0,0.0
38452,0,0.0
38453,0,0.0
38454,0,0.0
38455,0,0.0
38456,0,0.0
38457,0,0.0
38458,0,0.0
38459,0,0.0
38460,0,0.0
38461,0,0.0
38462,0,0.0
38463,0,0.0
38464,0,0.0
38465,0,0.0
38466,0,0.0
38467,0,0.0
38468,0,0.0
38469,0,0.0
38470,0,0.0
38471,0,0.0
38472,0,0.0
38473,0,0.0
38474,0,0.0
38475,0,0.0
38476,0,0.0
38477,0,0.0
38478,0,0.0
38479,0,0.0
38480,0,0.0
38481,0,0.0
38482,0,0.0
38483,0,0.0
38484,0,0.0
38485,0,0.0
38486,0,0.0
38487,0,0.0
38488,0,0.0
38489,0,0.0
38490,0,0.0
38491,0,0.0
38492,0,0.0
38493,0,0.0
38494,0,0.0
38495,0,0.0
38496,0,0.0
38497,0,0.0
38498,0,0.0
38499,0,0.0
38500,0,0.0
38501,0,0.0
38502,0,0.0
38503,0,0.0
38504,0,0.0
38505,0,0.0
38506,0,0.0
38507,0,0.0
38508,0,0.0
38509,0,0.0
38510,0,0.0
38511,0,0.0
38512,0,0.0
38513,0,0.0
38514,0,0.0
38515,0,0.0
38516,0,0.0
38517,0,0.0
38518,0,0.0
38519,0,0.0
38520,0,0.0
38521,0,0.0
38522,0,0.0
38523,0,0.0
38524,0,0.0
38525,0,0.0
38526,0,0.0
38527,0,0.0
38528,0,0.0
38529,0,0.0
38530,0,0.0
38531,0,0.0
38532,0,0.0
38533,0,0.0
38534,0,0.0
38535,0,0.0
38536,0,0.0
38537,0,0.0
38538,0,0.0
38539,0,0.0
38540,0,0.0
38541,0,0.0
38542,0,0.0
38543,0,0.0
38544,0,0.0
38545,0,0.0
38546,0,0.0
38547,0,0.0
38548,0,0.0
38549,0,0.0
38550,0,0.0
38551,0,0.0
38552,0,0.0
38553,0,0.0
38554,0,0.0
38555,0,0.0
38556,0,0.0
38557,0,0.0
38558,0,0.0
38559,0,0.0
38560,0,0.0
38561,0,0.0
38562,0,0.0
38563,0,0.0
38564,0,0.0
38565,0,0.0
38566,0,0.0
38567,0,0.0
38568,0,0.0
38569,0,0.0
38570,0,0.0
38571,0,0.0
38572,0,0.0
38573,0,0.0
38574,0,0.0
38575,0,0.0
38576,0,0.0
38577,0,0.0
38578,0,0.0
38579,0,0.0
38580,0,0.0
38581,0,0.0
38582,0,0.0
38583,0,0.0
38584,0,0.0
38585,0,0.0
38586,0,0.0
38587,0,0.0
38588,0,0.0
38589,0,0.0
38590,0,0.0
38591,0,0.0
38592,0,0.0
38593,0,0.0
38594,0,0.0
38595,0,0.0
38596,0,0.0
38597,0,0.0
38598,0,0.0
38599,0,0.0
38600,0,0.0
38601,0,0.0
38602,0,0.0
38603,0,0.0
38604,0,0.0
38605,0,0.0
38606,0,0.0
38607,0,0.0
38608,0,0.0
38609,0,0.0
38610,0,0.0
38611,0,0.0
38612,0,0.0
38613,0,0.0
38614,0,0.0
38615,0,0.0
38616,0,0.0
38617,0,0.0
38618,0,0.0
38619,0,0.0
38620,0,0.0
38621,0,0.0
38622,0,0.0
38623,0,0.0
38624,0,0.0
38625,0,0.0
38626,0,0.0
38627,0,0.0
38628,0,0.0
38629,0,0.0
38630,0,0.0
38631,0,0.0
38632,0,0.0
38633,0,0.0
38634,0,0.0
38635,0,0.0
38636,0,0.0
38637,0,0.0
38638,0,0.0
38639,0,0.0
38640,0,0.0
38641,0,0.0
38642,0,0.0
38643,0,0.0
38644,0,0.0
38645,0,0.0
38646,0,0.0
38647,0,0.0
38648,0,0.0
38649,0,0.0
38650,0,0.0
38651,0,0.0
38652,0,0.0
38653,0,0.0
38654,0,0.0
38655,0,0.0
38656,0,0.0
38657,0,0.0
38658,0,0.0
38659,0,0.0
38660,0,0.0
38661,0,0.0
38662,0,0.0
38663,0,0.0
38664,0,0.0
38665,0,0.0
38666,0,0.0
38667,0,0.0
38668,0,0.0
38669,0,0.0
38670,0,0.0
38671,0,0.0
38672,0,0.0
38673,0,0.0
38674,0,0.0
38675,0,0.0
38676,0,0.0
38677,0,0.0
38678,0,0.0
38679,0,0.0
38680,0,0.0
38681,0,0.0
38682,0,0.0
38683,0,0.0
38684,0,0.0
38685,0,0.0
38686,0,0.0
38687,0,0.0
38688,0,0.0
38689,0,0.0
38690,0,0.0
38691,0,0.0
38692,0,0.0
38693,0,0.0
38694,0,0.0
38695,0,0.0
38696,0,0.0
38697,0,0.0
38698,0,0.0
38699,0,0.0
38700,0,0.0
38701,0,0.0
38702,0,0.0
38703,0,0.0
38704,0,0.0
38705,0,0.0
38706,0,0.0
38707,0,0.0
38708,0,0.0
38709,0,0.0
38710,0,0.0
38711,0,0.0
38712,0,0.0
38713,0,0.0
38714,0,0.0
38715,0,0.0
38716,0,0.0
38717,0,0.0
38718,0,0.0
38719,0,0.0
38720,0,0.0
38721,0,0.0
38722,0,0.0
38723,0,0.0
38724,0,0.0
38725,0,0.0
38726,0,0.0
38727,0,0.0
38728,0,0.0
38729,0,0.0
38730,0,0.0
38731,0,0.0
38732,0,0.0
38733,0,0.0
38734,0,0.0
38735,0,0.0
38736,0,0.0
38737,0,0.0
38738,0,0.0
38739,0,0.0
38740,0,0.0
38741,0,0.0
38742,0,0.0
38743,0,0.0
38744,0,0.0
38745,0,0.0
38746,0,0.0
38747,0,0.0
38748,0,0.0
38749,0,0.0
38750,0,0.0
38751,0,0.0
38752,0,0.0
38753,0,0.0
38754,0,0.0
38755,0,0.0
38756,0,0.0
38757,0,0.0
38758,0,0.0
38759,0,0.0
38760,0,0.0
38761,0,0.0
38762,0,0.0
38763,0,0.0
38764,0,0.0
38765,0,0.0
38766,0,0.0
38767,0,0.0
38768,0,0.0
38769,0,0.0
38770,0,0.0
38771,0,0.0
38772,0,0.0
38773,0,0.0
38774,0,0.0
38775,0,0.0
38776,0,0.0
38777,0,0.0
38778,0,0.0
38779,0,0.0
38780,0,0.0
38781,0,0.0
38782,0,0.0
38783,0,0.0
38784,0,0.0
38785,0,0.0
38786,0,0.0
38787,0,0.0
38788,0,0.0
38789,0,0.0
38790,0,0.0
38791,0,0.0
38792,0,0.0
38793,0,0.0
38794,0,0.0
38795,0,0.0
38796,0,0.0
38797,0,0.0
38798,0,0.0
38799,0,0.0
38800,0,0.0
38801,0,0.0
38802,0,0.0
38803,0,0.0
38804,0,0.0
38805,0,0.0
38806,0,0.0
38807,0,0.0
38808,0,0.0
38809,0,0.0
38810,0,0.0
38811,0,0.0
38812,0,0.0
38813,0,0.0
38814,0,0.0
38815,0,0.0
38816,0,0.0
38817,0,0.0
38818,0,0.0
38819,0,0.0
38820,0,0.0
38821,0,0.0
38822,0,0.0
38823,0,0.0
38824,0,0.0
38825,0,0.0
38826,0,0.0
38827,0,0.0
38828,0,0.0
38829,0,0.0
38830,0,0.0
38831,0,0.0
38832,0,0.0
38833,0,0.0
38834,0,0.0
38835,0,0.0
38836,0,0.0
38837,0,0.0
38838,0,0.0
38839,0,0.0
38840,0,0.0
38841,0,0.0
38842,0,0.0
38843,0,0.0
38844,0,0.0
38845,0,0.0
38846,0,0.0
38847,0,0.0
38848,0,0.0
38849,0,0.0
38850,0,0.0
38851,0,0.0
38852,0,0.0
38853,0,0.0
38854,0,0.0
38855,0,0.0
38856,0,0.0
38857,0,0.0
38858,0,0.0
38859,0,0.0
38860,0,0.0
38861,0,0.0
38862,0,0.0
38863,0,0.0
38864,0,0.0
38865,0,0.0
38866,0,0.0
38867,0,0.0
38868,0,0.0
38869,0,0.0
38870,0,0.0
38871,0,0.0
38872,0,0.0
38873,0,0.0
38874,0,0.0
38875,0,0.0
38876,0,0.0
38877,0,0.0
38878,0,0.0
38879,0,0.0
38880,0,0.0
38881,0,0.0
38882,0,0.0
38883,0,0.0
38884,0,0.0
38885,0,0.0
38886,0,0.0
38887,0,0.0
38888,0,0.0
38889,0,0.0
38890,0,0.0
38891,0,0.0
38892,0,0.0
38893,0,0.0
38894,0,0.0
38895,0,0.0
38896,0,0.0
38897,0,0.0
38898,0,0.0
38899,0,0.0
38900,0,0.0
38901,0,0.0
38902,0,0.0
38903,0,0.0
38904,0,0.0
38905,0,0.0
38906,0,0.0
38907,0,0.0
38908,0,0.0
38909,0,0.0
38910,0,0.0
38911,0,0.0
38912,0,0.0
38913,0,0.0
38914,0,0.0
38915,0,0.0
38916,0,0.0
38917,0,0.0
38918,0,0.0
38919,0,0.0
38920,0,0.0
38921,0,0.0
38922,0,0.0
38923,0,0.0
38924,0,0.0
38925,0,0.0
38926,0,0.0
38927,0,0.0
38928,0,0.0
38929,0,0.0
38930,0,0.0
38931,0,0.0
38932,0,0.0
38933,0,0.0
38934,0,0.0
38935,0,0.0
38936,0,0.0
38937,0,0.0
38938,0,0.0
38939,0,0.0
38940,0,0.0
38941,0,0.0
38942,0,0.0
38943,0,0.0
38944,0,0.0
38945,0,0.0
38946,0,0.0
38947,0,0.0
38948,0,0.0
38949,0,0.0
38950,0,0.0
38951,0,0.0
38952,0,0.0
38953,0,0.0
38954,0,0.0
38955,0,0.0
38956,0,0.0
38957,0,0.0
38958,0,0.0
38959,0,0.0
38960,0,0.0
38961,0,0.0
38962,0,0.0
38963,0,0.0
38964,0,0.0
38965,0,0.0
38966,0,0.0
38967,0,0.0
38968,0,0.0
38969,0,0.0
38970,0,0.0
38971,0,0.0
38972,0,0.0
38973,0,0.0
38974,0,0.0
38975,0,0.0
38976,0,0.0
38977,0,0.0
38978,0,0.0
38979,0,0.0
38980,0,0.0
38981,0,0.0
38982,0,0.0
38983,0,0.0
38984,0,0.0
38985,0,0.0
38986,0,0.0
38987,0,0.0
38988,0,0.0
38989,0,0.0
38990,0,0.0
38991,0,0.0
38992,0,0.0
38993,0,0.0
38994,0,0.0
38995,0,0.0
38996,0,0.0
38997,0,0.0
38998,0,0.0
38999,0,0.0
39000,0,0.0
39001,0,0.0
39002,0,0.0
39003,0,0.0
39004,0,0.0
39005,0,0.0
39006,0,0.0
39007,0,0.0
39008,0,0.0
39009,0,0.0
39010,0,0.0
39011,0,0.0
39012,0,0.0
39013,0,0.0
39014,0,0.0
39015,0,0.0
39016,0,0.0
39017,0,0.0
39018,0,0.0
39019,0,0.0
39020,0,0.0
39021,0,0.0
39022,0,0.0
39023,0,0.0
39024,0,0.0
39025,0,0.0
39026,0,0.0
39027,0,0.0
39028,0,0.0
39029,0,0.0
39030,0,0.0
39031,0,0.0
39032,0,0.0
39033,0,0.0
39034,0,0.0
39035,0,0.0
39036,0,0.0
39037,0,0.0
39038,0,0.0
39039,0,0.0
39040,0,0.0
39041,0,0.0
39042,0,0.0
39043,0,0.0
39044,0,0.0
39045,0,0.0
39046,0,0.0
39047,0,0.0
39048,0,0.0
39049,0,0.0
39050,0,0.0
39051,0,0.0
39052,0,0.0
39053,0,0.0
39054,0,0.0
39055,0,0.0
39056,0,0.0
39057,0,0.0
39058,0,0.0
39059,0,0.0
39060,0,0.0
39061,0,0.0
39062,0,0.0
39063,0,0.0
39064,0,0.0
39065,0,0.0
39066,0,0.0
39067,0,0.0
39068,0,0.0
39069,0,0.0
39070,0,0.0
39071,0,0.0
39072,0,0.0
39073,0,0.0
39074,0,0.0
39075,0,0.0
39076,0,0.0
39077,0,0.0
39078,0,0.0
39079,0,0.0
39080,0,0.0
39081,0,0.0
39082,0,0.0
39083,0,0.0
39084,0,0.0
39085,0,0.0
39086,0,0.0
39087,0,0.0
39088,0,0.0
39089,0,0.0
39090,0,0.0
39091,0,0.0
39092,0,0.0
39093,0,0.0
39094,0,0.0
39095,0,0.0
39096,0,0.0
39097,0,0.0
39098,0,0.0
39099,0,0.0
39100,0,0.0
39101,0,0.0
39102,0,0.0
39103,0,0.0
39104,0,0.0
39105,0,0.0
39106,0,0.0
39107,0,0.0
39108,0,0.0
39109,0,0.0
39110,0,0.0
39111,0,0.0
39112,0,0.0
39113,0,0.0
39114,0,0.0
39115,0,0.0
39116,0,0.0
39117,0,0.0
39118,0,0.0
39119,0,0.0
39120,0,0.0
39121,0,0.0
39122,0,0.0
39123,0,0.0
39124,0,0.0
39125,0,0.0
39126,0,0.0
39127,0,0.0
39128,0,0.0
39129,0,0.0
39130,0,0.0
39131,0,0.0
39132,0,0.0
39133,0,0.0
39134,0,0.0
39135,0,0.0
39136,0,0.0
39137,0,0.0
39138,0,0.0
39139,0,0.0
39140,0,0.0
39141,0,0.0
39142,0,0.0
39143,0,0.0
39144,0,0.0
39145,0,0.0
39146,0,0.0
39147,0,0.0
39148,0,0.0
39149,0,0.0
39150,0,0.0
39151,0,0.0
39152,0,0.0
39153,0,0.0
39154,0,0.0
39155,0,0.0
39156,0,0.0
39157,0,0.0
39158,0,0.0
39159,0,0.0
39160,0,0.0
39161,0,0.0
39162,0,0.0
39163,0,0.0
39164,0,0.0
39165,0,0.0
39166,0,0.0
39167,0,0.0
39168,0,0.0
39169,0,0.0
39170,0,0.0
39171,0,0.0
39172,0,0.0
39173,0,0.0
39174,0,0.0
39175,0,0.0
39176,0,0.0
39177,0,0.0
39178,0,0.0
39179,0,0.0
39180,0,0.0
39181,0,0.0
39182,0,0.0
39183,0,0.0
39184,0,0.0
39185,0,0.0
39186,0,0.0
39187,0,0.0
39188,0,0.0
39189,0,0.0
39190,0,0.0
39191,0,0.0
39192,0,0.0
39193,0,0.0
39194,0,0.0
39195,0,0.0
39196,0,0.0
39197,0,0.0
39198,0,0.0
39199,0,0.0
39200,0,0.0
39201,0,0.0
39202,0,0.0
39203,0,0.0
39204,0,0.0
39205,0,0.0
39206,0,0.0
39207,0,0.0
39208,0,0.0
39209,0,0.0
39210,0,0.0
39211,0,0.0
39212,0,0.0
39213,0,0.0
39214,0,0.0
39215,0,0.0
39216,0,0.0
39217,0,0.0
39218,0,0.0
39219,0,0.0
39220,0,0.0
39221,0,0.0
39222,0,0.0
39223,0,0.0
39224,0,0.0
39225,0,0.0
39226,0,0.0
39227,0,0.0
39228,0,0.0
39229,0,0.0
39230,0,0.0
39231,0,0.0
39232,0,0.0
39233,0,0.0
39234,0,0.0
39235,0,0.0
39236,0,0.0
39237,0,0.0
39238,0,0.0
39239,0,0.0
39240,0,0.0
39241,0,0.0
39242,0,0.0
39243,0,0.0
39244,0,0.0
39245,0,0.0
39246,0,0.0
39247,0,0.0
39248,0,0.0
39249,0,0.0
39250,0,0.0
39251,0,0.0
39252,0,0.0
39253,0,0.0
39254,0,0.0
39255,0,0.0
39256,0,0.0
39257,0,0.0
39258,0,0.0
39259,0,0.0
39260,0,0.0
39261,0,0.0
39262,0,0.0
39263,0,0.0
39264,0,0.0
39265,0,0.0
39266,0,0.0
39267,0,0.0
39268,0,0.0
39269,0,0.0
39270,0,0.0
39271,0,0.0
39272,0,0.0
39273,0,0.0
39274,0,0.0
39275,0,0.0
39276,0,0.0
39277,0,0.0
39278,0,0.0
39279,0,0.0
39280,0,0.0
39281,0,0.0
39282,0,0.0
39283,0,0.0
39284,0,0.0
39285,0,0.0
39286,0,0.0
39287,0,0.0
39288,0,0.0
39289,0,0.0
39290,0,0.0
39291,0,0.0
39292,0,0.0
39293,0,0.0
39294,0,0.0
39295,0,0.0
39296,0,0.0
39297,0,0.0
39298,0,0.0
39299,0,0.0
39300,0,0.0
39301,0,0.0
39302,0,0.0
39303,0,0.0
39304,0,0.0
39305,0,0.0
39306,0,0.0
39307,0,0.0
39308,0,0.0
39309,0,0.0
39310,0,0.0
39311,0,0.0
39312,0,0.0
39313,0,0.0
39314,0,0.0
39315,0,0.0
39316,0,0.0
39317,0,0.0
39318,0,0.0
39319,0,0.0
39320,0,0.0
39321,0,0.0
39322,0,0.0
39323,0,0.0
39324,0,0.0
39325,0,0.0
39326,0,0.0
39327,0,0.0
39328,0,0.0
39329,0,0.0
39330,0,0.0
39331,0,0.0
39332,0,0.0
39333,0,0.0
39334,0,0.0
39335,0,0.0
39336,0,0.0
39337,0,0.0
39338,0,0.0
39339,0,0.0
39340,0,0.0
39341,0,0.0
39342,0,0.0
39343,0,0.0
39344,0,0.0
39345,0,0.0
39346,0,0.0
39347,0,0.0
39348,0,0.0
39349,0,0.0
39350,0,0.0
39351,0,0.0
39352,0,0.0
39353,0,0.0
39354,0,0.0
39355,0,0.0
39356,0,0.0
39357,0,0.0
39358,0,0.0
39359,0,0.0
39360,0,0.0
39361,0,0.0
39362,0,0.0
39363,0,0.0
39364,0,0.0
39365,0,0.0
39366,0,0.0
39367,0,0.0
39368,0,0.0
39369,0,0.0
39370,0,0.0
39371,0,0.0
39372,0,0.0
39373,0,0.0
39374,0,0.0
39375,0,0.0
39376,0,0.0
39377,0,0.0
39378,0,0.0
39379,0,0.0
39380,0,0.0
39381,0,0.0
39382,0,0.0
39383,0,0.0
39384,0,0.0
39385,0,0.0
39386,0,0.0
39387,0,0.0
39388,0,0.0
39389,0,0.0
39390,0,0.0
39391,0,0.0
39392,0,0.0
39393,0,0.0
39394,0,0.0
39395,0,0.0
39396,0,0.0
39397,0,0.0
39398,0,0.0
39399,0,0.0
39400,0,0.0
39401,0,0.0
39402,0,0.0
39403,0,0.0
39404,0,0.0
39405,0,0.0
39406,0,0.0
39407,0,0.0
39408,0,0.0
39409,0,0.0
39410,0,0.0
39411,0,0.0
39412,0,0.0
39413,0,0.0
39414,0,0.0
39415,0,0.0
39416,0,0.0
39417,0,0.0
39418,0,0.0
39419,0,0.0
39420,0,0.0
39421,0,0.0
39422,0,0.0
39423,0,0.0
39424,0,0.0
39425,0,0.0
39426,0,0.0
39427,0,0.0
39428,0,0.0
39429,0,0.0
39430,0,0.0
39431,0,0.0
39432,0,0.0
39433,0,0.0
39434,0,0.0
39435,0,0.0
39436,0,0.0
39437,0,0.0
39438,0,0.0
39439,0,0.0
39440,0,0.0
39441,0,0.0
39442,0,0.0
39443,0,0.0
39444,0,0.0
39445,0,0.0
39446,0,0.0
39447,0,0.0
39448,0,0.0
39449,0,0.0
39450,0,0.0
39451,0,0.0
39452,0,0.0
39453,0,0.0
39454,0,0.0
39455,0,0.0
39456,0,0.0
39457,0,0.0
39458,0,0.0
39459,0,0.0
39460,0,0.0
39461,0,0.0
39462,0,0.0
39463,0,0.0
39464,0,0.0
39465,0,0.0
39466,0,0.0
39467,0,0.0
39468,0,0.0
39469,0,0.0
39470,0,0.0
39471,0,0.0
39472,0,0.0
39473,0,0.0
39474,0,0.0
39475,0,0.0
39476,0,0.0
39477,0,0.0
39478,0,0.0
39479,0,0.0
39480,0,0.0
39481,0,0.0
39482,0,0.0
39483,0,0.0
39484,0,0.0
39485,0,0.0
39486,0,0.0
39487,0,0.0
39488,0,0.0
39489,0,0.0
39490,0,0.0
39491,0,0.0
39492,0,0.0
39493,0,0.0
39494,0,0.0
39495,0,0.0
39496,0,0.0
39497,0,0.0
39498,0,0.0
39499,0,0.0
39500,0,0.0
39501,0,0.0
39502,0,0.0
39503,0,0.0
39504,0,0.0
39505,0,0.0
39506,0,0.0
39507,0,0.0
39508,0,0.0
39509,0,0.0
39510,0,0.0
39511,0,0.0
39512,0,0.0
39513,0,0.0
39514,0,0.0
39515,0,0.0
39516,0,0.0
39517,0,0.0
39518,0,0.0
39519,0,0.0
39520,0,0.0
39521,0,0.0
39522,0,0.0
39523,0,0.0
39524,0,0.0
39525,0,0.0
39526,0,0.0
39527,0,0.0
39528,0,0.0
39529,0,0.0
39530,0,0.0
39531,0,0.0
39532,0,0.0
39533,0,0.0
39534,0,0.0
39535,0,0.0
39536,0,0.0
39537,0,0.0
39538,0,0.0
39539,0,0.0
39540,0,0.0
39541,0,0.0
39542,0,0.0
39543,0,0.0
39544,0,0.0
39545,0,0.0
39546,0,0.0
39547,0,0.0
39548,0,0.0
39549,0,0.0
39550,0,0.0
39551,0,0.0
39552,0,0.0
39553,0,0.0
39554,0,0.0
39555,0,0.0
39556,0,0.0
39557,0,0.0
39558,0,0.0
39559,0,0.0
39560,0,0.0
39561,0,0.0
39562,0,0.0
39563,0,0.0
39564,0,0.0
39565,0,0.0
39566,0,0.0
39567,0,0.0
39568,0,0.0
39569,0,0.0
39570,0,0.0
39571,0,0.0
39572,0,0.0
39573,0,0.0
39574,0,0.0
39575,0,0.0
39576,0,0.0
39577,0,0.0
39578,0,0.0
39579,0,0.0
39580,0,0.0
39581,0,0.0
39582,0,0.0
39583,0,0.0
39584,0,0.0
39585,0,0.0
39586,0,0.0
39587,0,0.0
39588,0,0.0
39589,0,0.0
39590,0,0.0
39591,0,0.0
39592,0,0.0
39593,0,0.0
39594,0,0.0
39595,0,0.0
39596,0,0.0
39597,0,0.0
39598,0,0.0
39599,0,0.0
39600,0,0.0
39601,0,0.0
39602,0,0.0
39603,0,0.0
39604,0,0.0
39605,0,0.0
39606,0,0.0
39607,0,0.0
39608,0,0.0
39609,0,0.0
39610,0,0.0
39611,0,0.0
39612,0,0.0
39613,0,0.0
39614,0,0.0
39615,0,0.0
39616,0,0.0
39617,0,0.0
39618,0,0.0
39619,0,0.0
39620,0,0.0
39621,0,0.0
39622,0,0.0
39623,0,0.0
39624,0,0.0
39625,0,0.0
39626,0,0.0
39627,0,0.0
39628,0,0.0
39629,0,0.0
39630,0,0.0
39631,0,0.0
39632,0,0.0
39633,0,0.0
39634,0,0.0
39635,0,0.0
39636,0,0.0
39637,0,0.0
39638,0,0.0
39639,0,0.0
39640,0,0.0
39641,0,0.0
39642,0,0.0
39643,0,0.0
39644,0,0.0
39645,0,0.0
39646,0,0.0
39647,0,0.0
39648,0,0.0
39649,0,0.0
39650,0,0.0
39651,0,0.0
39652,0,0.0
39653,0,0.0
39654,0,0.0
39655,0,0.0
39656,0,0.0
39657,0,0.0
39658,0,0.0
39659,0,0.0
39660,0,0.0
39661,0,0.0
39662,0,0.0
39663,0,0.0
39664,0,0.0
39665,0,0.0
39666,0,0.0
39667,0,0.0
39668,0,0.0
39669,0,0.0
39670,0,0.0
39671,0,0.0
39672,0,0.0
39673,0,0.0
39674,0,0.0
39675,0,0.0
39676,0,0.0
39677,0,0.0
39678,0,0.0
39679,0,0.0
39680,0,0.0
39681,0,0.0
39682,0,0.0
39683,0,0.0
39684,0,0.0
39685,0,0.0
39686,0,0.0
39687,0,0.0
39688,0,0.0
39689,0,0.0
39690,0,0.0
39691,0,0.0
39692,0,0.0
39693,0,0.0
39694,0,0.0
39695,0,0.0
39696,0,0.0
39697,0,0.0
39698,0,0.0
39699,0,0.0
39700,0,0.0
39701,0,0.0
39702,0,0.0
39703,0,0.0
39704,0,0.0
39705,0,0.0
39706,0,0.0
39707,0,0.0
39708,0,0.0
39709,0,0.0
39710,0,0.0
39711,0,0.0
39712,0,0.0
39713,0,0.0
39714,0,0.0
39715,0,0.0
39716,0,0.0
39717,0,0.0
39718,0,0.0
39719,0,0.0
39720,0,0.0
39721,0,0.0
39722,0,0.0
39723,0,0.0
39724,0,0.0
39725,0,0.0
39726,0,0.0
39727,0,0.0
39728,0,0.0
39729,0,0.0
39730,0,0.0
39731,0,0.0
39732,0,0.0
39733,0,0.0
39734,0,0.0
39735,0,0.0
39736,0,0.0
39737,0,0.0
39738,0,0.0
39739,0,0.0
39740,0,0.0
39741,0,0.0
39742,0,0.0
39743,0,0.0
39744,0,0.0
39745,0,0.0
39746,0,0.0
39747,0,0.0
39748,0,0.0
39749,0,0.0
39750,0,0.0
39751,0,0.0
39752,0,0.0
39753,0,0.0
39754,0,0.0
39755,0,0.0
39756,0,0.0
39757,0,0.0
39758,0,0.0
39759,0,0.0
39760,0,0.0
39761,0,0.0
39762,0,0.0
39763,0,0.0
39764,0,0.0
39765,0,0.0
39766,0,0.0
39767,0,0.0
39768,0,0.0
39769,0,0.0
39770,0,0.0
39771,0,0.0
39772,0,0.0
39773,0,0.0
39774,0,0.0
39775,0,0.0
39776,0,0.0
39777,0,0.0
39778,0,0.0
39779,0,0.0
39780,0,0.0
39781,0,0.0
39782,0,0.0
39783,0,0.0
39784,0,0.0
39785,0,0.0
39786,0,0.0
39787,0,0.0
39788,0,0.0
39789,0,0.0
39790,0,0.0
39791,0,0.0
39792,0,0.0
39793,0,0.0
39794,0,0.0
39795,0,0.0
39796,0,0.0
39797,0,0.0
39798,0,0.0
39799,0,0.0
39800,0,0.0
39801,0,0.0
39802,0,0.0
39803,0,0.0
39804,0,0.0
39805,0,0.0
39806,0,0.0
39807,0,0.0
39808,0,0.0
39809,0,0.0
39810,0,0.0
39811,0,0.0
39812,0,0.0
39813,0,0.0
39814,0,0.0
39815,0,0.0
39816,0,0.0
39817,0,0.0
39818,0,0.0
39819,0,0.0
39820,0,0.0
39821,0,0.0
39822,0,0.0
39823,0,0.0
39824,0,0.0
39825,0,0.0
39826,0,0.0
39827,0,0.0
39828,0,0.0
39829,0,0.0
39830,0,0.0
39831,0,0.0
39832,0,0.0
39833,0,0.0
39834,0,0.0
39835,0,0.0
39836,0,0.0
39837,0,0.0
39838,0,0.0
39839,0,0.0
39840,0,0.0
39841,0,0.0
39842,0,0.0
39843,0,0.0
39844,0,0.0
39845,0,0.0
39846,0,0.0
39847,0,0.0
39848,0,0.0
39849,0,0.0
39850,0,0.0
39851,0,0.0
39852,0,0.0
39853,0,0.0
39854,0,0.0
39855,0,0.0
39856,0,0.0
39857,0,0.0
39858,0,0.0
39859,0,0.0
39860,0,0.0
39861,0,0.0
39862,0,0.0
39863,0,0.0
39864,0,0.0
39865,0,0.0
39866,0,0.0
39867,0,0.0
39868,0,0.0
39869,0,0.0
39870,0,0.0
39871,0,0.0
39872,0,0.0
39873,0,0.0
39874,0,0.0
39875,0,0.0
39876,0,0.0
39877,0,0.0
39878,0,0.0
39879,0,0.0
39880,0,0.0
39881,0,0.0
39882,0,0.0
39883,0,0.0
39884,0,0.0
39885,0,0.0
39886,0,0.0
39887,0,0.0
39888,0,0.0
39889,0,0.0
39890,0,0.0
39891,0,0.0
39892,0,0.0
39893,0,0.0
39894,0,0.0
39895,0,0.0
39896,0,0.0
39897,0,0.0
39898,0,0.0
39899,0,0.0
39900,0,0.0
39901,0,0.0
39902,0,0.0
39903,0,0.0
39904,0,0.0
39905,0,0.0
39906,0,0.0
39907,0,0.0
39908,0,0.0
39909,0,0.0
39910,0,0.0
39911,0,0.0
39912,0,0.0
39913,0,0.0
39914,0,0.0
39915,0,0.0
39916,0,0.0
39917,0,0.0
39918,0,0.0
39919,0,0.0
39920,0,0.0
39921,0,0.0
39922,0,0.0
39923,0,0.0
39924,0,0.0
39925,0,0.0
39926,0,0.0
39927,0,0.0
39928,0,0.0
39929,0,0.0
39930,0,0.0
39931,0,0.0
39932,0,0.0
39933,0,0.0
39934,0,0.0
39935,0,0.0
39936,0,0.0
39937,0,0.0
39938,0,0.0
39939,0,0.0
39940,0,0.0
39941,0,0.0
39942,0,0.0
39943,0,0.0
39944,0,0.0
39945,0,0.0
39946,0,0.0
39947,0,0.0
39948,0,0.0
39949,0,0.0
39950,0,0.0
39951,0,0.0
39952,0,0.0
39953,0,0.0
39954,0,0.0
39955,0,0.0
39956,0,0.0
39957,0,0.0
39958,0,0.0
39959,0,0.0
39960,0,0.0
39961,0,0.0
39962,0,0.0
39963,0,0.0
39964,0,0.0
39965,0,0.0
39966,0,0.0
39967,0,0.0
39968,0,0.0
39969,0,0.0
39970,0,0.0
39971,0,0.0
39972,0,0.0
39973,0,0.0
39974,0,0.0
39975,0,0.0
39976,0,0.0
39977,0,0.0
39978,0,0.0
39979,0,0.0
39980,0,0.0
39981,0,0.0
39982,0,0.0
39983,0,0.0
39984,0,0.0
39985,0,0.0
39986,0,0.0
39987,0,0.0
39988,0,0.0
39989,0,0.0
39990,0,0.0
39991,0,0.0
39992,0,0.0
39993,0,0.0
39994,0,0.0
39995,0,0.0
39996,0,0.0
39997,0,0.0
39998,0,0.0
39999,0,0.0
40000,0,0.0
40001,0,0.0
40002,0,0.0
40003,0,0.0
40004,0,0.0
40005,0,0.0
40006,0,0.0
40007,0,0.0
40008,0,0.0
40009,0,0.0
40010,0,0.0
40011,0,0.0
40012,0,0.0
40013,0,0.0
40014,0,0.0
40015,0,0.0
40016,0,0.0
40017,0,0.0
40018,0,0.0
40019,0,0.0
40020,0,0.0
40021,0,0.0
40022,0,0.0
40023,0,0.0
40024,0,0.0
40025,0,0.0
40026,0,0.0
40027,0,0.0
40028,0,0.0
40029,0,0.0
40030,0,0.0
40031,0,0.0
40032,0,0.0
40033,0,0.0
40034,0,0.0
40035,0,0.0
40036,0,0.0
40037,0,0.0
40038,0,0.0
40039,0,0.0
40040,0,0.0
40041,0,0.0
40042,0,0.0
40043,0,0.0
40044,0,0.0
40045,0,0.0
40046,0,0.0
40047,0,0.0
40048,0,0.0
40049,0,0.0
40050,0,0.0
40051,0,0.0
40052,0,0.0
40053,0,0.0
40054,0,0.0
40055,0,0.0
40056,0,0.0
40057,0,0.0
40058,0,0.0
40059,0,0.0
40060,0,0.0
40061,0,0.0
40062,0,0.0
40063,0,0.0
40064,0,0.0
40065,0,0.0
40066,0,0.0
40067,0,0.0
40068,0,0.0
40069,0,0.0
40070,0,0.0
40071,0,0.0
40072,0,0.0
40073,0,0.0
40074,0,0.0
40075,0,0.0
40076,0,0.0
40077,0,0.0
40078,0,0.0
40079,0,0.0
40080,0,0.0
40081,0,0.0
40082,0,0.0
40083,0,0.0
40084,0,0.0
40085,0,0.0
40086,0,0.0
40087,0,0.0
40088,0,0.0
40089,0,0.0
40090,0,0.0
40091,0,0.0
40092,0,0.0
40093,0,0.0
40094,0,0.0
40095,0,0.0
40096,0,0.0
40097,0,0.0
40098,0,0.0
40099,0,0.0
40100,0,0.0
40101,0,0.0
40102,0,0.0
40103,0,0.0
40104,0,0.0
40105,0,0.0
40106,0,0.0
40107,0,0.0
40108,0,0.0
40109,0,0.0
40110,0,0.0
40111,0,0.0
40112,0,0.0
40113,0,0.0
40114,0,0.0
40115,0,0.0
40116,0,0.0
40117,0,0.0
40118,0,0.0
40119,0,0.0
40120,0,0.0
40121,0,0.0
40122,0,0.0
40123,0,0.0
40124,0,0.0
40125,0,0.0
40126,0,0.0
40127,0,0.0
40128,0,0.0
40129,0,0.0
40130,0,0.0
40131,0,0.0
40132,0,0.0
40133,0,0.0
40134,0,0.0
40135,0,0.0
40136,0,0.0
40137,0,0.0
40138,0,0.0
40139,0,0.0
40140,0,0.0
40141,0,0.0
40142,0,0.0
40143,0,0.0
40144,0,0.0
40145,0,0.0
40146,0,0.0
40147,0,0.0
40148,0,0.0
40149,0,0.0
40150,0,0.0
40151,0,0.0
40152,0,0.0
40153,0,0.0
40154,0,0.0
40155,0,0.0
40156,0,0.0
40157,0,0.0
40158,0,0.0
40159,0,0.0
40160,0,0.0
40161,0,0.0
40162,0,0.0
40163,0,0.0
40164,0,0.0
40165,0,0.0
40166,0,0.0
40167,0,0.0
40168,0,0.0
40169,0,0.0
40170,0,0.0
40171,0,0.0
40172,0,0.0
40173,0,0.0
40174,0,0.0
40175,0,0.0
40176,0,0.0
40177,0,0.0
40178,0,0.0
40179,0,0.0
40180,0,0.0
40181,0,0.0
40182,0,0.0
40183,0,0.0
40184,0,0.0
40185,0,0.0
40186,0,0.0
40187,0,0.0
40188,0,0.0
40189,0,0.0
40190,0,0.0
40191,0,0.0
40192,0,0.0
40193,0,0.0
40194,0,0.0
40195,0,0.0
40196,0,0.0
40197,0,0.0
40198,0,0.0
40199,0,0.0
40200,0,0.0
40201,0,0.0
40202,0,0.0
40203,0,0.0
40204,0,0.0
40205,0,0.0
40206,0,0.0
40207,0,0.0
40208,0,0.0
40209,0,0.0
40210,0,0.0
40211,0,0.0
40212,0,0.0
40213,0,0.0
40214,0,0.0
40215,0,0.0
40216,0,0.0
40217,0,0.0
40218,0,0.0
40219,0,0.0
40220,0,0.0
40221,0,0.0
40222,0,0.0
40223,0,0.0
40224,0,0.0
40225,0,0.0
40226,0,0.0
40227,0,0.0
40228,0,0.0
40229,0,0.0
40230,0,0.0
40231,0,0.0
40232,0,0.0
40233,0,0.0
40234,0,0.0
40235,0,0.0
40236,0,0.0
40237,0,0.0
40238,0,0.0
40239,0,0.0
40240,0,0.0
40241,0,0.0
40242,0,0.0
40243,0,0.0
40244,0,0.0
40245,0,0.0
40246,0,0.0
40247,0,0.0
40248,0,0.0
40249,0,0.0
40250,0,0.0
40251,0,0.0
40252,0,0.0
40253,0,0.0
40254,0,0.0
40255,0,0.0
40256,0,0.0
40257,0,0.0
40258,0,0.0
40259,0,0.0
40260,0,0.0
40261,0,0.0
40262,0,0.0
40263,0,0.0
40264,0,0.0
40265,0,0.0
40266,0,0.0
40267,0,0.0
40268,0,0.0
40269,0,0.0
40270,0,0.0
40271,0,0.0
40272,0,0.0
40273,0,0.0
40274,0,0.0
40275,0,0.0
40276,0,0.0
40277,0,0.0
40278,0,0.0
40279,0,0.0
40280,0,0.0
40281,0,0.0
40282,0,0.0
40283,0,0.0
40284,0,0.0
40285,0,0.0
40286,0,0.0
40287,0,0.0
40288,0,0.0
40289,0,0.0
40290,0,0.0
40291,0,0.0
40292,0,0.0
40293,0,0.0
40294,0,0.0
40295,0,0.0
40296,0,0.0
40297,0,0.0
40298,0,0.0
40299,0,0.0
40300,0,0.0
40301,0,0.0
40302,0,0.0
40303,0,0.0
40304,0,0.0
40305,0,0.0
40306,0,0.0
40307,0,0.0
40308,0,0.0
40309,0,0.0
40310,0,0.0
40311,0,0.0
40312,0,0.0
40313,0,0.0
40314,0,0.0
40315,0,0.0
40316,0,0.0
40317,0,0.0
40318,0,0.0
40319,0,0.0
40320,0,0.0
40321,0,0.0
40322,0,0.0
40323,0,0.0
40324,0,0.0
40325,0,0.0
40326,0,0.0
40327,0,0.0
40328,0,0.0
40329,0,0.0
40330,0,0.0
40331,0,0.0
40332,0,0.0
40333,0,0.0
40334,0,0.0
40335,0,0.0
40336,0,0.0
40337,0,0.0
40338,0,0.0
40339,0,0.0
40340,0,0.0
40341,0,0.0
40342,0,0.0
40343,0,0.0
40344,0,0.0
40345,0,0.0
40346,0,0.0
40347,0,0.0
40348,0,0.0
40349,0,0.0
40350,0,0.0
40351,0,0.0
40352,0,0.0
40353,0,0.0
40354,0,0.0
40355,0,0.0
40356,0,0.0
40357,0,0.0
40358,0,0.0
40359,0,0.0
40360,0,0.0
40361,0,0.0
40362,0,0.0
40363,0,0.0
40364,0,0.0
40365,0,0.0
40366,0,0.0
40367,0,0.0
40368,0,0.0
40369,0,0.0
40370,0,0.0
40371,0,0.0
40372,0,0.0
40373,0,0.0
40374,0,0.0
40375,0,0.0
40376,0,0.0
40377,0,0.0
40378,0,0.0
40379,0,0.0
40380,0,0.0
40381,0,0.0
40382,0,0.0
40383,0,0.0
40384,0,0.0
40385,0,0.0
40386,0,0.0
40387,0,0.0
40388,0,0.0
40389,0,0.0
40390,0,0.0
40391,0,0.0
40392,0,0.0
40393,0,0.0
40394,0,0.0
40395,0,0.0
40396,0,0.0
40397,0,0.0
40398,0,0.0
40399,0,0.0
40400,0,0.0
40401,0,0.0
40402,0,0.0
40403,0,0.0
40404,0,0.0
40405,0,0.0
40406,0,0.0
40407,0,0.0
40408,0,0.0
40409,0,0.0
40410,0,0.0
40411,0,0.0
40412,0,0.0
40413,0,0.0
40414,0,0.0
40415,0,0.0
40416,0,0.0
40417,0,0.0
40418,0,0.0
40419,0,0.0
40420,0,0.0
40421,0,0.0
40422,0,0.0
40423,0,0.0
40424,0,0.0
40425,0,0.0
40426,0,0.0
40427,0,0.0
40428,0,0.0
40429,0,0.0
40430,0,0.0
40431,0,0.0
40432,0,0.0
40433,0,0.0
40434,0,0.0
40435,0,0.0
40436,0,0.0
40437,0,0.0
40438,0,0.0
40439,0,0.0
40440,0,0.0
40441,0,0.0
40442,0,0.0
40443,0,0.0
40444,0,0.0
40445,0,0.0
40446,0,0.0
40447,0,0.0
40448,0,0.0
40449,0,0.0
40450,0,0.0
40451,0,0.0
40452,0,0.0
40453,0,0.0
40454,0,0.0
40455,0,0.0
40456,0,0.0
40457,0,0.0
40458,0,0.0
40459,0,0.0
40460,0,0.0
40461,0,0.0
40462,0,0.0
40463,0,0.0
40464,0,0.0
40465,0,0.0
40466,0,0.0
40467,0,0.0
40468,0,0.0
40469,0,0.0
40470,0,0.0
40471,0,0.0
40472,0,0.0
40473,0,0.0
40474,0,0.0
40475,0,0.0
40476,0,0.0
40477,0,0.0
40478,0,0.0
40479,0,0.0
40480,0,0.0
40481,0,0.0
40482,0,0.0
40483,0,0.0
40484,0,0.0
40485,0,0.0
40486,0,0.0
40487,0,0.0
40488,0,0.0
40489,0,0.0
40490,0,0.0
40491,0,0.0
40492,0,0.0
40493,0,0.0
40494,0,0.0
40495,0,0.0
40496,0,0.0
40497,0,0.0
40498,0,0.0
40499,0,0.0
40500,0,0.0
40501,0,0.0
40502,0,0.0
40503,0,0.0
40504,0,0.0
40505,0,0.0
40506,0,0.0
40507,0,0.0
40508,0,0.0
40509,0,0.0
40510,0,0.0
40511,0,0.0
40512,0,0.0
40513,0,0.0
40514,0,0.0
40515,0,0.0
40516,0,0.0
40517,0,0.0
40518,0,0.0
40519,0,0.0
40520,0,0.0
40521,0,0.0
40522,0,0.0
40523,0,0.0
40524,0,0.0
40525,0,0.0
40526,0,0.0
40527,0,0.0
40528,0,0.0
40529,0,0.0
40530,0,0.0
40531,0,0.0
40532,0,0.0
40533,0,0.0
40534,0,0.0
40535,0,0.0
40536,0,0.0
40537,0,0.0
40538,0,0.0
40539,0,0.0
40540,0,0.0
40541,0,0.0
40542,0,0.0
40543,0,0.0
40544,0,0.0
40545,0,0.0
40546,0,0.0
40547,0,0.0
40548,0,0.0
40549,0,0.0
40550,0,0.0
40551,0,0.0
40552,0,0.0
40553,0,0.0
40554,0,0.0
40555,0,0.0
40556,0,0.0
40557,0,0.0
40558,0,0.0
40559,0,0.0
40560,0,0.0
40561,0,0.0
40562,0,0.0
40563,0,0.0
40564,0,0.0
40565,0,0.0
40566,0,0.0
40567,0,0.0
40568,0,0.0
40569,0,0.0
40570,0,0.0
40571,0,0.0
40572,0,0.0
40573,0,0.0
40574,0,0.0
40575,0,0.0
40576,0,0.0
40577,0,0.0
40578,0,0.0
40579,0,0.0
40580,0,0.0
40581,0,0.0
40582,0,0.0
40583,0,0.0
40584,0,0.0
40585,0,0.0
40586,0,0.0
40587,0,0.0
40588,0,0.0
40589,0,0.0
40590,0,0.0
40591,0,0.0
40592,0,0.0
40593,0,0.0
40594,0,0.0
40595,0,0.0
40596,0,0.0
40597,0,0.0
40598,0,0.0
40599,0,0.0
40600,0,0.0
40601,0,0.0
40602,0,0.0
40603,0,0.0
40604,0,0.0
40605,0,0.0
40606,0,0.0
40607,0,0.0
40608,0,0.0
40609,0,0.0
40610,0,0.0
40611,0,0.0
40612,0,0.0
40613,0,0.0
40614,0,0.0
40615,0,0.0
40616,0,0.0
40617,0,0.0
40618,0,0.0
40619,0,0.0
40620,0,0.0
40621,0,0.0
40622,0,0.0
40623,0,0.0
40624,0,0.0
40625,0,0.0
40626,0,0.0
40627,0,0.0
40628,0,0.0
40629,0,0.0
40630,0,0.0
40631,0,0.0
40632,0,0.0
40633,0,0.0
40634,0,0.0
40635,0,0.0
40636,0,0.0
40637,0,0.0
40638,0,0.0
40639,0,0.0
40640,0,0.0
40641,0,0.0
40642,0,0.0
40643,0,0.0
40644,0,0.0
40645,0,0.0
40646,0,0.0
40647,0,0.0
40648,0,0.0
40649,0,0.0
40650,0,0.0
40651,0,0.0
40652,0,0.0
40653,0,0.0
40654,0,0.0
40655,0,0.0
40656,0,0.0
40657,0,0.0
40658,0,0.0
40659,0,0.0
40660,0,0.0
40661,0,0.0
40662,0,0.0
40663,0,0.0
40664,0,0.0
40665,0,0.0
40666,0,0.0
40667,0,0.0
40668,0,0.0
40669,0,0.0
40670,0,0.0
40671,0,0.0
40672,0,0.0
40673,0,0.0
40674,0,0.0
40675,0,0.0
40676,0,0.0
40677,0,0.0
40678,0,0.0
40679,0,0.0
40680,0,0.0
40681,0,0.0
40682,0,0.0
40683,0,0.0
40684,0,0.0
40685,0,0.0
40686,0,0.0
40687,0,0.0
40688,0,0.0
40689,0,0.0
40690,0,0.0
40691,0,0.0
40692,0,0.0
40693,0,0.0
40694,0,0.0
40695,0,0.0
40696,0,0.0
40697,0,0.0
40698,0,0.0
40699,0,0.0
40700,0,0.0
40701,0,0.0
40702,0,0.0
40703,0,0.0
40704,0,0.0
40705,0,0.0
40706,0,0.0
40707,0,0.0
40708,0,0.0
40709,0,0.0
40710,0,0.0
40711,0,0.0
40712,0,0.0
40713,0,0.0
40714,0,0.0
40715,0,0.0
40716,0,0.0
40717,0,0.0
40718,0,0.0
40719,0,0.0
40720,0,0.0
40721,0,0.0
40722,0,0.0
40723,0,0.0
40724,0,0.0
40725,0,0.0
40726,0,0.0
40727,0,0.0
40728,0,0.0
40729,0,0.0
40730,0,0.0
40731,0,0.0
40732,0,0.0
40733,0,0.0
40734,0,0.0
40735,0,0.0
40736,0,0.0
40737,0,0.0
40738,0,0.0
40739,0,0.0
40740,0,0.0
40741,0,0.0
40742,0,0.0
40743,0,0.0
40744,0,0.0
40745,0,0.0
40746,0,0.0
40747,0,0.0
40748,0,0.0
40749,0,0.0
40750,0,0.0
40751,0,0.0
40752,0,0.0
40753,0,0.0
40754,0,0.0
40755,0,0.0
40756,0,0.0
40757,0,0.0
40758,0,0.0
40759,0,0.0
40760,0,0.0
40761,0,0.0
40762,0,0.0
40763,0,0.0
40764,0,0.0
40765,0,0.0
40766,0,0.0
40767,0,0.0
40768,0,0.0
40769,0,0.0
40770,0,0.0
40771,0,0.0
40772,0,0.0
40773,0,0.0
40774,0,0.0
40775,0,0.0
40776,0,0.0
40777,0,0.0
40778,0,0.0
40779,0,0.0
40780,0,0.0
40781,0,0.0
40782,0,0.0
40783,0,0.0
40784,0,0.0
40785,0,0.0
40786,0,0.0
40787,0,0.0
40788,0,0.0
40789,0,0.0
40790,0,0.0
40791,0,0.0
40792,0,0.0
40793,0,0.0
40794,0,0.0
40795,0,0.0
40796,0,0.0
40797,0,0.0
40798,0,0.0
40799,0,0.0
40800,0,0.0
40801,0,0.0
40802,0,0.0
40803,0,0.0
40804,0,0.0
40805,0,0.0
40806,0,0.0
40807,0,0.0
40808,0,0.0
40809,0,0.0
40810,0,0.0
40811,0,0.0
40812,0,0.0
40813,0,0.0
40814,0,0.0
40815,0,0.0
40816,0,0.0
40817,0,0.0
40818,0,0.0
40819,0,0.0
40820,0,0.0
40821,0,0.0
40822,0,0.0
40823,0,0.0
40824,0,0.0
40825,0,0.0
40826,0,0.0
40827,0,0.0
40828,0,0.0
40829,0,0.0
40830,0,0.0
40831,0,0.0
40832,0,0.0
40833,0,0.0
40834,0,0.0
40835,0,0.0
40836,0,0.0
40837,0,0.0
40838,0,0.0
40839,0,0.0
40840,0,0.0
40841,0,0.0
40842,0,0.0
40843,0,0.0
40844,0,0.0
40845,0,0.0
40846,0,0.0
40847,0,0.0
40848,0,0.0
40849,0,0.0
40850,0,0.0
40851,0,0.0
40852,0,0.0
40853,0,0.0
40854,0,0.0
40855,0,0.0
40856,0,0.0
40857,0,0.0
40858,0,0.0
40859,0,0.0
40860,0,0.0
40861,0,0.0
40862,0,0.0
40863,0,0.0
40864,0,0.0
40865,0,0.0
40866,0,0.0
40867,0,0.0
40868,0,0.0
40869,0,0.0
40870,0,0.0
40871,0,0.0
40872,0,0.0
40873,0,0.0
40874,0,0.0
40875,0,0.0
40876,0,0.0
40877,0,0.0
40878,0,0.0
40879,0,0.0
40880,0,0.0
40881,0,0.0
40882,0,0.0
40883,0,0.0
40884,0,0.0
40885,0,0.0
40886,0,0.0
40887,0,0.0
40888,0,0.0
40889,0,0.0
40890,0,0.0
40891,0,0.0
40892,0,0.0
40893,0,0.0
40894,0,0.0
40895,0,0.0
40896,0,0.0
40897,0,0.0
40898,0,0.0
40899,0,0.0
40900,0,0.0
40901,0,0.0
40902,0,0.0
40903,0,0.0
40904,0,0.0
40905,0,0.0
40906,0,0.0
40907,0,0.0
40908,0,0.0
40909,0,0.0
40910,0,0.0
40911,0,0.0
40912,0,0.0
40913,0,0.0
40914,0,0.0
40915,0,0.0
40916,0,0.0
40917,0,0.0
40918,0,0.0
40919,0,0.0
40920,0,0.0
40921,0,0.0
40922,0,0.0
40923,0,0.0
40924,0,0.0
40925,0,0.0
40926,0,0.0
40927,0,0.0
40928,0,0.0
40929,0,0.0
40930,0,0.0
40931,0,0.0
40932,0,0.0
40933,0,0.0
40934,0,0.0
40935,0,0.0
40936,0,0.0
40937,0,0.0
40938,0,0.0
40939,0,0.0
40940,0,0.0
40941,0,0.0
40942,0,0.0
40943,0,0.0
40944,0,0.0
40945,0,0.0
40946,0,0.0
40947,0,0.0
40948,0,0.0
40949,0,0.0
40950,0,0.0
40951,0,0.0
40952,0,0.0
40953,0,0.0
40954,0,0.0
40955,0,0.0
40956,0,0.0
40957,0,0.0
40958,0,0.0
40959,0,0.0
40960,0,0.0
40961,0,0.0
40962,0,0.0
40963,0,0.0
40964,0,0.0
40965,0,0.0
40966,0,0.0
40967,0,0.0
40968,0,0.0
40969,0,0.0
40970,0,0.0
40971,0,0.0
40972,0,0.0
40973,0,0.0
40974,0,0.0
40975,0,0.0
40976,0,0.0
40977,0,0.0
40978,0,0.0
40979,0,0.0
40980,0,0.0
40981,0,0.0
40982,0,0.0
40983,0,0.0
40984,0,0.0
40985,0,0.0
40986,0,0.0
40987,0,0.0
40988,0,0.0
40989,0,0.0
40990,0,0.0
40991,0,0.0
40992,0,0.0
40993,0,0.0
40994,0,0.0
40995,0,0.0
40996,0,0.0
40997,0,0.0
40998,0,0.0
40999,0,0.0
41000,0,0.0
41001,0,0.0
41002,0,0.0
41003,0,0.0
41004,0,0.0
41005,0,0.0
41006,0,0.0
41007,0,0.0
41008,0,0.0
41009,0,0.0
41010,0,0.0
41011,0,0.0
41012,0,0.0
41013,0,0.0
41014,0,0.0
41015,0,0.0
41016,0,0.0
41017,0,0.0
41018,0,0.0
41019,0,0.0
41020,0,0.0
41021,0,0.0
41022,0,0.0
41023,0,0.0
41024,0,0.0
41025,0,0.0
41026,0,0.0
41027,0,0.0
41028,0,0.0
41029,0,0.0
41030,0,0.0
41031,0,0.0
41032,0,0.0
41033,0,0.0
41034,0,0.0
41035,0,0.0
41036,0,0.0
41037,0,0.0
41038,0,0.0
41039,0,0.0
41040,0,0.0
41041,0,0.0
41042,0,0.0
41043,0,0.0
41044,0,0.0
41045,0,0.0
41046,0,0.0
41047,0,0.0
41048,0,0.0
41049,0,0.0
41050,0,0.0
41051,0,0.0
41052,0,0.0
41053,0,0.0
41054,0,0.0
41055,0,0.0
41056,0,0.0
41057,0,0.0
41058,0,0.0
41059,0,0.0
41060,0,0.0
41061,0,0.0
41062,0,0.0
41063,0,0.0
41064,0,0.0
41065,0,0.0
41066,0,0.0
41067,0,0.0
41068,0,0.0
41069,0,0.0
41070,0,0.0
41071,0,0.0
41072,0,0.0
41073,0,0.0
41074,0,0.0
41075,0,0.0
41076,0,0.0
41077,0,0.0
41078,0,0.0
41079,0,0.0
41080,0,0.0
41081,0,0.0
41082,0,0.0
41083,0,0.0
41084,0,0.0
41085,0,0.0
41086,0,0.0
41087,0,0.0
41088,0,0.0
41089,0,0.0
41090,0,0.0
41091,0,0.0
41092,0,0.0
41093,0,0.0
41094,0,0.0
41095,0,0.0
41096,0,0.0
41097,0,0.0
41098,0,0.0
41099,0,0.0
41100,0,0.0
41101,0,0.0
41102,0,0.0
41103,0,0.0
41104,0,0.0
41105,0,0.0
41106,0,0.0
41107,0,0.0
41108,0,0.0
41109,0,0.0
41110,0,0.0
41111,0,0.0
41112,0,0.0
41113,0,0.0
41114,0,0.0
41115,0,0.0
41116,0,0.0
41117,0,0.0
41118,0,0.0
41119,0,0.0
41120,0,0.0
41121,0,0.0
41122,0,0.0
41123,0,0.0
41124,0,0.0
41125,0,0.0
41126,0,0.0
41127,0,0.0
41128,0,0.0
41129,0,0.0
41130,0,0.0
41131,0,0.0
41132,0,0.0
41133,0,0.0
41134,0,0.0
41135,0,0.0
41136,0,0.0
41137,0,0.0
41138,0,0.0
41139,0,0.0
41140,0,0.0
41141,0,0.0
41142,0,0.0
41143,0,0.0
41144,0,0.0
41145,0,0.0
41146,0,0.0
41147,0,0.0
41148,0,0.0
41149,0,0.0
41150,0,0.0
41151,0,0.0
41152,0,0.0
41153,0,0.0
41154,0,0.0
41155,0,0.0
41156,0,0.0
41157,0,0.0
41158,0,0.0
41159,0,0.0
41160,0,0.0
41161,0,0.0
41162,0,0.0
41163,0,0.0
41164,0,0.0
41165,0,0.0
41166,0,0.0
41167,0,0.0
41168,0,0.0
41169,0,0.0
41170,0,0.0
41171,0,0.0
41172,0,0.0
41173,0,0.0
41174,0,0.0
41175,0,0.0
41176,0,0.0
41177,0,0.0
41178,0,0.0
41179,0,0.0
41180,0,0.0
41181,0,0.0
41182,0,0.0
41183,0,0.0
41184,0,0.0
41185,0,0.0
41186,0,0.0
41187,0,0.0
41188,0,0.0
41189,0,0.0
41190,0,0.0
41191,0,0.0
41192,0,0.0
41193,0,0.0
41194,0,0.0
41195,0,0.0
41196,0,0.0
41197,0,0.0
41198,0,0.0
41199,0,0.0
41200,0,0.0
41201,0,0.0
41202,0,0.0
41203,0,0.0
41204,0,0.0
41205,0,0.0
41206,0,0.0
41207,0,0.0
41208,0,0.0
41209,0,0.0
41210,0,0.0
41211,0,0.0
41212,0,0.0
41213,0,0.0
41214,0,0.0
41215,0,0.0
41216,0,0.0
41217,0,0.0
41218,0,0.0
41219,0,0.0
41220,0,0.0
41221,0,0.0
41222,0,0.0
41223,0,0.0
41224,0,0.0
41225,0,0.0
41226,0,0.0
41227,0,0.0
41228,0,0.0
41229,0,0.0
41230,0,0.0
41231,0,0.0
41232,0,0.0
41233,0,0.0
41234,0,0.0
41235,0,0.0
41236,0,0.0
41237,0,0.0
41238,0,0.0
41239,0,0.0
41240,0,0.0
41241,0,0.0
41242,0,0.0
41243,0,0.0
41244,0,0.0
41245,0,0.0
41246,0,0.0
41247,0,0.0
41248,0,0.0
41249,0,0.0
41250,0,0.0
41251,0,0.0
41252,0,0.0
41253,0,0.0
41254,0,0.0
41255,0,0.0
41256,0,0.0
41257,0,0.0
41258,0,0.0
41259,0,0.0
41260,0,0.0
41261,0,0.0
41262,0,0.0
41263,0,0.0
41264,0,0.0
41265,0,0.0
41266,0,0.0
41267,0,0.0
41268,0,0.0
41269,0,0.0
41270,0,0.0
41271,0,0.0
41272,0,0.0
41273,0,0.0
41274,0,0.0
41275,0,0.0
41276,0,0.0
41277,0,0.0
41278,0,0.0
41279,0,0.0
41280,0,0.0
41281,0,0.0
41282,0,0.0
41283,0,0.0
41284,0,0.0
41285,0,0.0
41286,0,0.0
41287,0,0.0
41288,0,0.0
41289,0,0.0
41290,0,0.0
41291,0,0.0
41292,0,0.0
41293,0,0.0
41294,0,0.0
41295,0,0.0
41296,0,0.0
41297,0,0.0
41298,0,0.0
41299,0,0.0
41300,0,0.0
41301,0,0.0
41302,0,0.0
41303,0,0.0
41304,0,0.0
41305,0,0.0
41306,0,0.0
41307,0,0.0
41308,0,0.0
41309,0,0.0
41310,0,0.0
41311,0,0.0
41312,0,0.0
41313,0,0.0
41314,0,0.0
41315,0,0.0
41316,0,0.0
41317,0,0.0
41318,0,0.0
41319,0,0.0
41320,0,0.0
41321,0,0.0
41322,0,0.0
41323,0,0.0
41324,0,0.0
41325,0,0.0
41326,0,0.0
41327,0,0.0
41328,0,0.0
41329,0,0.0
41330,0,0.0
41331,0,0.0
41332,0,0.0
41333,0,0.0
41334,0,0.0
41335,0,0.0
41336,0,0.0
41337,0,0.0
41338,0,0.0
41339,0,0.0
41340,0,0.0
41341,0,0.0
41342,0,0.0
41343,0,0.0
41344,0,0.0
41345,0,0.0
41346,0,0.0
41347,0,0.0
41348,0,0.0
41349,0,0.0
41350,0,0.0
41351,0,0.0
41352,0,0.0
41353,0,0.0
41354,0,0.0
41355,0,0.0
41356,0,0.0
41357,0,0.0
41358,0,0.0
41359,0,0.0
41360,0,0.0
41361,0,0.0
41362,0,0.0
41363,0,0.0
41364,0,0.0
41365,0,0.0
41366,0,0.0
41367,0,0.0
41368,0,0.0
41369,0,0.0
41370,0,0.0
41371,0,0.0
41372,0,0.0
41373,0,0.0
41374,0,0.0
41375,0,0.0
41376,0,0.0
41377,0,0.0
41378,0,0.0
41379,0,0.0
41380,0,0.0
41381,0,0.0
41382,0,0.0
41383,0,0.0
41384,0,0.0
41385,0,0.0
41386,0,0.0
41387,0,0.0
41388,0,0.0
41389,0,0.0
41390,0,0.0
41391,0,0.0
41392,0,0.0
41393,0,0.0
41394,0,0.0
41395,0,0.0
41396,0,0.0
41397,0,0.0
41398,0,0.0
41399,0,0.0
41400,0,0.0
41401,0,0.0
41402,0,0.0
41403,0,0.0
41404,0,0.0
41405,0,0.0
41406,0,0.0
41407,0,0.0
41408,0,0.0
41409,0,0.0
41410,0,0.0
41411,0,0.0
41412,0,0.0
41413,0,0.0
41414,0,0.0
41415,0,0.0
41416,0,0.0
41417,0,0.0
41418,0,0.0
41419,0,0.0
41420,0,0.0
41421,0,0.0
41422,0,0.0
41423,0,0.0
41424,0,0.0
41425,0,0.0
41426,0,0.0
41427,0,0.0
41428,0,0.0
41429,0,0.0
41430,0,0.0
41431,0,0.0
41432,0,0.0
41433,0,0.0
41434,0,0.0
41435,0,0.0
41436,0,0.0
41437,0,0.0
41438,0,0.0
41439,0,0.0
41440,0,0.0
41441,0,0.0
41442,0,0.0
41443,0,0.0
41444,0,0.0
41445,0,0.0
41446,0,0.0
41447,0,0.0
41448,0,0.0
41449,0,0.0
41450,0,0.0
41451,0,0.0
41452,0,0.0
41453,0,0.0
41454,0,0.0
41455,0,0.0
41456,0,0.0
41457,0,0.0
41458,0,0.0
41459,0,0.0
41460,0,0.0
41461,0,0.0
41462,0,0.0
41463,0,0.0
41464,0,0.0
41465,0,0.0
41466,0,0.0
41467,0,0.0
41468,0,0.0
41469,0,0.0
41470,0,0.0
41471,0,0.0
41472,0,0.0
41473,0,0.0
41474,0,0.0
41475,0,0.0
41476,0,0.0
41477,0,0.0
41478,0,0.0
41479,0,0.0
41480,0,0.0
41481,0,0.0
41482,0,0.0
41483,0,0.0
41484,0,0.0
41485,0,0.0
41486,0,0.0
41487,0,0.0
41488,0,0.0
41489,0,0.0
41490,0,0.0
41491,0,0.0
41492,0,0.0
41493,0,0.0
41494,0,0.0
41495,0,0.0
41496,0,0.0
41497,0,0.0
41498,0,0.0
41499,0,0.0
41500,0,0.0
41501,0,0.0
41502,0,0.0
41503,0,0.0
41504,0,0.0
41505,0,0.0
41506,0,0.0
41507,0,0.0
41508,0,0.0
41509,0,0.0
41510,0,0.0
41511,0,0.0
41512,0,0.0
41513,0,0.0
41514,0,0.0
41515,0,0.0
41516,0,0.0
41517,0,0.0
41518,0,0.0
41519,0,0.0
41520,0,0.0
41521,0,0.0
41522,0,0.0
41523,0,0.0
41524,0,0.0
41525,0,0.0
41526,0,0.0
41527,0,0.0
41528,0,0.0
41529,0,0.0
41530,0,0.0
41531,0,0.0
41532,0,0.0
41533,0,0.0
41534,0,0.0
41535,0,0.0
41536,0,0.0
41537,0,0.0
41538,0,0.0
41539,0,0.0
41540,0,0.0
41541,0,0.0
41542,0,0.0
41543,0,0.0
41544,0,0.0
41545,0,0.0
41546,0,0.0
41547,0,0.0
41548,0,0.0
41549,0,0.0
41550,0,0.0
41551,0,0.0
41552,0,0.0
41553,0,0.0
41554,0,0.0
41555,0,0.0
41556,0,0.0
41557,0,0.0
41558,0,0.0
41559,0,0.0
41560,0,0.0
41561,0,0.0
41562,0,0.0
41563,0,0.0
41564,0,0.0
41565,0,0.0
41566,0,0.0
41567,0,0.0
41568,0,0.0
41569,0,0.0
41570,0,0.0
41571,0,0.0
41572,0,0.0
41573,0,0.0
41574,0,0.0
41575,0,0.0
41576,0,0.0
41577,0,0.0
41578,0,0.0
41579,0,0.0
41580,0,0.0
41581,0,0.0
41582,0,0.0
41583,0,0.0
41584,0,0.0
41585,0,0.0
41586,0,0.0
41587,0,0.0
41588,0,0.0
41589,0,0.0
41590,0,0.0
41591,0,0.0
41592,0,0.0
41593,0,0.0
41594,0,0.0
41595,0,0.0
41596,0,0.0
41597,0,0.0
41598,0,0.0
41599,0,0.0
41600,0,0.0
41601,0,0.0
41602,0,0.0
41603,0,0.0
41604,0,0.0
41605,0,0.0
41606,0,0.0
41607,0,0.0
41608,0,0.0
41609,0,0.0
41610,0,0.0
41611,0,0.0
41612,0,0.0
41613,0,0.0
41614,0,0.0
41615,0,0.0
41616,0,0.0
41617,0,0.0
41618,0,0.0
41619,0,0.0
41620,0,0.0
41621,0,0.0
41622,0,0.0
41623,0,0.0
41624,0,0.0
41625,0,0.0
41626,0,0.0
41627,0,0.0
41628,0,0.0
41629,0,0.0
41630,0,0.0
41631,0,0.0
41632,0,0.0
41633,0,0.0
41634,0,0.0
41635,0,0.0
41636,0,0.0
41637,0,0.0
41638,0,0.0
41639,0,0.0
41640,0,0.0
41641,0,0.0
41642,0,0.0
41643,0,0.0
41644,0,0.0
41645,0,0.0
41646,0,0.0
41647,0,0.0
41648,0,0.0
41649,0,0.0
41650,0,0.0
41651,0,0.0
41652,0,0.0
41653,0,0.0
41654,0,0.0
41655,0,0.0
41656,0,0.0
41657,0,0.0
41658,0,0.0
41659,0,0.0
41660,0,0.0
41661,0,0.0
41662,0,0.0
41663,0,0.0
41664,0,0.0
41665,0,0.0
41666,0,0.0
41667,0,0.0
41668,0,0.0
41669,0,0.0
41670,0,0.0
41671,0,0.0
41672,0,0.0
41673,0,0.0
41674,0,0.0
41675,0,0.0
41676,0,0.0
41677,0,0.0
41678,0,0.0
41679,0,0.0
41680,0,0.0
41681,0,0.0
41682,0,0.0
41683,0,0.0
41684,0,0.0
41685,0,0.0
41686,0,0.0
41687,0,0.0
41688,0,0.0
41689,0,0.0
41690,0,0.0
41691,0,0.0
41692,0,0.0
41693,0,0.0
41694,0,0.0
41695,0,0.0
41696,0,0.0
41697,0,0.0
41698,0,0.0
41699,0,0.0
41700,0,0.0
41701,0,0.0
41702,0,0.0
41703,0,0.0
41704,0,0.0
41705,0,0.0
41706,0,0.0
41707,0,0.0
41708,0,0.0
41709,0,0.0
41710,0,0.0
41711,0,0.0
41712,0,0.0
41713,0,0.0
41714,0,0.0
41715,0,0.0
41716,0,0.0
41717,0,0.0
41718,0,0.0
41719,0,0.0
41720,0,0.0
41721,0,0.0
41722,0,0.0
41723,0,0.0
41724,0,0.0
41725,0,0.0
41726,0,0.0
41727,0,0.0
41728,0,0.0
41729,0,0.0
41730,0,0.0
41731,0,0.0
41732,0,0.0
41733,0,0.0
41734,0,0.0
41735,0,0.0
41736,0,0.0
41737,0,0.0
41738,0,0.0
41739,0,0.0
41740,0,0.0
41741,0,0.0
41742,0,0.0
41743,0,0.0
41744,0,0.0
41745,0,0.0
41746,0,0.0
41747,0,0.0
41748,0,0.0
41749,0,0.0
41750,0,0.0
41751,0,0.0
41752,0,0.0
41753,0,0.0
41754,0,0.0
41755,0,0.0
41756,0,0.0
41757,0,0.0
41758,0,0.0
41759,0,0.0
41760,0,0.0
41761,0,0.0
41762,0,0.0
41763,0,0.0
41764,0,0.0
41765,0,0.0
41766,0,0.0
41767,0,0.0
41768,0,0.0
41769,0,0.0
41770,0,0.0
41771,0,0.0
41772,0,0.0
41773,0,0.0
41774,0,0.0
41775,0,0.0
41776,0,0.0
41777,0,0.0
41778,0,0.0
41779,0,0.0
41780,0,0.0
41781,0,0.0
41782,0,0.0
41783,0,0.0
41784,0,0.0
41785,0,0.0
41786,0,0.0
41787,0,0.0
41788,0,0.0
41789,0,0.0
41790,0,0.0
41791,0,0.0
41792,0,0.0
41793,0,0.0
41794,0,0.0
41795,0,0.0
41796,0,0.0
41797,0,0.0
41798,0,0.0
41799,0,0.0
41800,0,0.0
41801,0,0.0
41802,0,0.0
41803,0,0.0
41804,0,0.0
41805,0,0.0
41806,0,0.0
41807,0,0.0
41808,0,0.0
41809,0,0.0
41810,0,0.0
41811,0,0.0
41812,0,0.0
41813,0,0.0
41814,0,0.0
41815,0,0.0
41816,0,0.0
41817,0,0.0
41818,0,0.0
41819,0,0.0
41820,0,0.0
41821,0,0.0
41822,0,0.0
41823,0,0.0
41824,0,0.0
41825,0,0.0
41826,0,0.0
41827,0,0.0
41828,0,0.0
41829,0,0.0
41830,0,0.0
41831,0,0.0
41832,0,0.0
41833,0,0.0
41834,0,0.0
41835,0,0.0
41836,0,0.0
41837,0,0.0
41838,0,0.0
41839,0,0.0
41840,0,0.0
41841,0,0.0
41842,0,0.0
41843,0,0.0
41844,0,0.0
41845,0,0.0
41846,0,0.0
41847,0,0.0
41848,0,0.0
41849,0,0.0
41850,0,0.0
41851,0,0.0
41852,0,0.0
41853,0,0.0
41854,0,0.0
41855,0,0.0
41856,0,0.0
41857,0,0.0
41858,0,0.0
41859,0,0.0
41860,0,0.0
41861,0,0.0
41862,0,0.0
41863,0,0.0
41864,0,0.0
41865,0,0.0
41866,0,0.0
41867,0,0.0
41868,0,0.0
41869,0,0.0
41870,0,0.0
41871,0,0.0
41872,0,0.0
41873,0,0.0
41874,0,0.0
41875,0,0.0
41876,0,0.0
41877,0,0.0
41878,0,0.0
41879,0,0.0
41880,0,0.0
41881,0,0.0
41882,0,0.0
41883,0,0.0
41884,0,0.0
41885,0,0.0
41886,0,0.0
41887,0,0.0
41888,0,0.0
41889,0,0.0
41890,0,0.0
41891,0,0.0
41892,0,0.0
41893,0,0.0
41894,0,0.0
41895,0,0.0
41896,0,0.0
41897,0,0.0
41898,0,0.0
41899,0,0.0
41900,0,0.0
41901,0,0.0
41902,0,0.0
41903,0,0.0
41904,0,0.0
41905,0,0.0
41906,0,0.0
41907,0,0.0
41908,0,0.0
41909,0,0.0
41910,0,0.0
41911,0,0.0
41912,0,0.0
41913,0,0.0
41914,0,0.0
41915,0,0.0
41916,0,0.0
41917,0,0.0
41918,0,0.0
41919,0,0.0
41920,0,0.0
41921,0,0.0
41922,0,0.0
41923,0,0.0
41924,0,0.0
41925,0,0.0
41926,0,0.0
41927,0,0.0
41928,0,0.0
41929,0,0.0
41930,0,0.0
41931,0,0.0
41932,0,0.0
41933,0,0.0
41934,0,0.0
41935,0,0.0
41936,0,0.0
41937,0,0.0
41938,0,0.0
41939,0,0.0
41940,0,0.0
41941,0,0.0
41942,0,0.0
41943,0,0.0
41944,0,0.0
41945,0,0.0
41946,0,0.0
41947,0,0.0
41948,0,0.0
41949,0,0.0
41950,0,0.0
41951,0,0.0
41952,0,0.0
41953,0,0.0
41954,0,0.0
41955,0,0.0
41956,0,0.0
41957,0,0.0
41958,0,0.0
41959,0,0.0
41960,0,0.0
41961,0,0.0
41962,0,0.0
41963,0,0.0
41964,0,0.0
41965,0,0.0
41966,0,0.0
41967,0,0.0
41968,0,0.0
41969,0,0.0
41970,0,0.0
41971,0,0.0
41972,0,0.0
41973,0,0.0
41974,0,0.0
41975,0,0.0
41976,0,0.0
41977,0,0.0
41978,0,0.0
41979,0,0.0
41980,0,0.0
41981,0,0.0
41982,0,0.0
41983,0,0.0
41984,0,0.0
41985,0,0.0
41986,0,0.0
41987,0,0.0
41988,0,0.0
41989,0,0.0
41990,0,0.0
41991,0,0.0
41992,0,0.0
41993,0,0.0
41994,0,0.0
41995,0,0.0
41996,0,0.0
41997,0,0.0
41998,0,0.0
41999,0,0.0
42000,0,0.0
42001,0,0.0
42002,0,0.0
42003,0,0.0
42004,0,0.0
42005,0,0.0
42006,0,0.0
42007,0,0.0
42008,0,0.0
42009,0,0.0
42010,0,0.0
42011,0,0.0
42012,0,0.0
42013,0,0.0
42014,0,0.0
42015,0,0.0
42016,0,0.0
42017,0,0.0
42018,0,0.0
42019,0,0.0
42020,0,0.0
42021,0,0.0
42022,0,0.0
42023,0,0.0
42024,0,0.0
42025,0,0.0
42026,0,0.0
42027,0,0.0
42028,0,0.0
42029,0,0.0
42030,0,0.0
42031,0,0.0
42032,0,0.0
42033,0,0.0
42034,0,0.0
42035,0,0.0
42036,0,0.0
42037,0,0.0
42038,0,0.0
42039,0,0.0
42040,0,0.0
42041,0,0.0
42042,0,0.0
42043,0,0.0
42044,0,0.0
42045,0,0.0
42046,0,0.0
42047,0,0.0
42048,0,0.0
42049,0,0.0
42050,0,0.0
42051,0,0.0
42052,0,0.0
42053,0,0.0
42054,0,0.0
42055,0,0.0
42056,0,0.0
42057,0,0.0
42058,0,0.0
42059,0,0.0
42060,0,0.0
42061,0,0.0
42062,0,0.0
42063,0,0.0
42064,0,0.0
42065,0,0.0
42066,0,0.0
42067,0,0.0
42068,0,0.0
42069,0,0.0
42070,0,0.0
42071,0,0.0
42072,0,0.0
42073,0,0.0
42074,0,0.0
42075,0,0.0
42076,0,0.0
42077,0,0.0
42078,0,0.0
42079,0,0.0
42080,0,0.0
42081,0,0.0
42082,0,0.0
42083,0,0.0
42084,0,0.0
42085,0,0.0
42086,0,0.0
42087,0,0.0
42088,0,0.0
42089,0,0.0
42090,0,0.0
42091,0,0.0
42092,0,0.0
42093,0,0.0
42094,0,0.0
42095,0,0.0
42096,0,0.0
42097,0,0.0
42098,0,0.0
42099,0,0.0
42100,0,0.0
42101,0,0.0
42102,0,0.0
42103,0,0.0
42104,0,0.0
42105,0,0.0
42106,0,0.0
42107,0,0.0
42108,0,0.0
42109,0,0.0
42110,0,0.0
42111,0,0.0
42112,0,0.0
42113,0,0.0
42114,0,0.0
42115,0,0.0
42116,0,0.0
42117,0,0.0
42118,0,0.0
42119,0,0.0
42120,0,0.0
42121,0,0.0
42122,0,0.0
42123,0,0.0
42124,0,0.0
42125,0,0.0
42126,0,0.0
42127,0,0.0
42128,0,0.0
42129,0,0.0
42130,0,0.0
42131,0,0.0
42132,0,0.0
42133,0,0.0
42134,0,0.0
42135,0,0.0
42136,0,0.0
42137,0,0.0
42138,0,0.0
42139,0,0.0
42140,0,0.0
42141,0,0.0
42142,0,0.0
42143,0,0.0
42144,0,0.0
42145,0,0.0
42146,0,0.0
42147,0,0.0
42148,0,0.0
42149,0,0.0
42150,0,0.0
42151,0,0.0
42152,0,0.0
42153,0,0.0
42154,0,0.0
42155,0,0.0
42156,0,0.0
42157,0,0.0
42158,0,0.0
42159,0,0.0
42160,0,0.0
42161,0,0.0
42162,0,0.0
42163,0,0.0
42164,0,0.0
42165,0,0.0
42166,0,0.0
42167,0,0.0
42168,0,0.0
42169,0,0.0
42170,0,0.0
42171,0,0.0
42172,0,0.0
42173,0,0.0
42174,0,0.0
42175,0,0.0
42176,0,0.0
42177,0,0.0
42178,0,0.0
42179,0,0.0
42180,0,0.0
42181,0,0.0
42182,0,0.0
42183,0,0.0
42184,0,0.0
42185,0,0.0
42186,0,0.0
42187,0,0.0
42188,0,0.0
42189,0,0.0
42190,0,0.0
42191,0,0.0
42192,0,0.0
42193,0,0.0
42194,0,0.0
42195,0,0.0
42196,0,0.0
42197,0,0.0
42198,0,0.0
42199,0,0.0
42200,0,0.0
42201,0,0.0
42202,0,0.0
42203,0,0.0
42204,0,0.0
42205,0,0.0
42206,0,0.0
42207,0,0.0
42208,0,0.0
42209,0,0.0
42210,0,0.0
42211,0,0.0
42212,0,0.0
42213,0,0.0
42214,0,0.0
42215,0,0.0
42216,0,0.0
42217,0,0.0
42218,0,0.0
42219,0,0.0
42220,0,0.0
42221,0,0.0
42222,0,0.0
42223,0,0.0
42224,0,0.0
42225,0,0.0
42226,0,0.0
42227,0,0.0
42228,0,0.0
42229,0,0.0
42230,0,0.0
42231,0,0.0
42232,0,0.0
42233,0,0.0
42234,0,0.0
42235,0,0.0
42236,0,0.0
42237,0,0.0
42238,0,0.0
42239,0,0.0
42240,0,0.0
42241,0,0.0
42242,0,0.0
42243,0,0.0
42244,0,0.0
42245,0,0.0
42246,0,0.0
42247,0,0.0
42248,0,0.0
42249,0,0.0
42250,0,0.0
42251,0,0.0
42252,0,0.0
42253,0,0.0
42254,0,0.0
42255,0,0.0
42256,0,0.0
42257,0,0.0
42258,0,0.0
42259,0,0.0
42260,0,0.0
42261,0,0.0
42262,0,0.0
42263,0,0.0
42264,0,0.0
42265,0,0.0
42266,0,0.0
42267,0,0.0
42268,0,0.0
42269,0,0.0
42270,0,0.0
42271,0,0.0
42272,0,0.0
42273,0,0.0
42274,0,0.0
42275,0,0.0
42276,0,0.0
42277,0,0.0
42278,0,0.0
42279,0,0.0
42280,0,0.0
42281,0,0.0
42282,0,0.0
42283,0,0.0
42284,0,0.0
42285,0,0.0
42286,0,0.0
42287,0,0.0
42288,0,0.0
42289,0,0.0
42290,0,0.0
42291,0,0.0
42292,0,0.0
42293,0,0.0
42294,0,0.0
42295,0,0.0
42296,0,0.0
42297,0,0.0
42298,0,0.0
42299,0,0.0
42300,0,0.0
42301,0,0.0
42302,0,0.0
42303,0,0.0
42304,0,0.0
42305,0,0.0
42306,0,0.0
42307,0,0.0
42308,0,0.0
42309,0,0.0
42310,0,0.0
42311,0,0.0
42312,0,0.0
42313,0,0.0
42314,0,0.0
42315,0,0.0
42316,0,0.0
42317,0,0.0
42318,0,0.0
42319,0,0.0
42320,0,0.0
42321,0,0.0
42322,0,0.0
42323,0,0.0
42324,0,0.0
42325,0,0.0
42326,0,0.0
42327,0,0.0
42328,0,0.0
42329,0,0.0
42330,0,0.0
42331,0,0.0
42332,0,0.0
42333,0,0.0
42334,0,0.0
42335,0,0.0
42336,0,0.0
42337,0,0.0
42338,0,0.0
42339,0,0.0
42340,0,0.0
42341,0,0.0
42342,0,0.0
42343,0,0.0
42344,0,0.0
42345,0,0.0
42346,0,0.0
42347,0,0.0
42348,0,0.0
42349,0,0.0
42350,0,0.0
42351,0,0.0
42352,0,0.0
42353,0,0.0
42354,0,0.0
42355,0,0.0
42356,0,0.0
42357,0,0.0
42358,0,0.0
42359,0,0.0
42360,0,0.0
42361,0,0.0
42362,0,0.0
42363,0,0.0
42364,0,0.0
42365,0,0.0
42366,0,0.0
42367,0,0.0
42368,0,0.0
42369,0,0.0
42370,0,0.0
42371,0,0.0
42372,0,0.0
42373,0,0.0
42374,0,0.0
42375,0,0.0
42376,0,0.0
42377,0,0.0
42378,0,0.0
42379,0,0.0
42380,0,0.0
42381,0,0.0
42382,0,0.0
42383,0,0.0
42384,0,0.0
42385,0,0.0
42386,0,0.0
42387,0,0.0
42388,0,0.0
42389,0,0.0
42390,0,0.0
42391,0,0.0
42392,0,0.0
42393,0,0.0
42394,0,0.0
42395,0,0.0
42396,0,0.0
42397,0,0.0
42398,0,0.0
42399,0,0.0
42400,0,0.0
42401,0,0.0
42402,0,0.0
42403,0,0.0
42404,0,0.0
42405,0,0.0
42406,0,0.0
42407,0,0.0
42408,0,0.0
42409,0,0.0
42410,0,0.0
42411,0,0.0
42412,0,0.0
42413,0,0.0
42414,0,0.0
42415,0,0.0
42416,0,0.0
42417,0,0.0
42418,0,0.0
42419,0,0.0
42420,0,0.0
42421,0,0.0
42422,0,0.0
42423,0,0.0
42424,0,0.0
42425,0,0.0
42426,0,0.0
42427,0,0.0
42428,0,0.0
42429,0,0.0
42430,0,0.0
42431,0,0.0
42432,0,0.0
42433,0,0.0
42434,0,0.0
42435,0,0.0
42436,0,0.0
42437,0,0.0
42438,0,0.0
42439,0,0.0
42440,0,0.0
42441,0,0.0
42442,0,0.0
42443,0,0.0
42444,0,0.0
42445,0,0.0
42446,0,0.0
42447,0,0.0
42448,0,0.0
42449,0,0.0
42450,0,0.0
42451,0,0.0
42452,0,0.0
42453,0,0.0
42454,0,0.0
42455,0,0.0
42456,0,0.0
42457,0,0.0
42458,0,0.0
42459,0,0.0
42460,0,0.0
42461,0,0.0
42462,0,0.0
42463,0,0.0
42464,0,0.0
42465,0,0.0
42466,0,0.0
42467,0,0.0
42468,0,0.0
42469,0,0.0
42470,0,0.0
42471,0,0.0
42472,0,0.0
42473,0,0.0
42474,0,0.0
42475,0,0.0
42476,0,0.0
42477,0,0.0
42478,0,0.0
42479,0,0.0
42480,0,0.0
42481,0,0.0
42482,0,0.0
42483,0,0.0
42484,0,0.0
42485,0,0.0
42486,0,0.0
42487,0,0.0
42488,0,0.0
42489,0,0.0
42490,0,0.0
42491,0,0.0
42492,0,0.0
42493,0,0.0
42494,0,0.0
42495,0,0.0
42496,0,0.0
42497,0,0.0
42498,0,0.0
42499,0,0.0
42500,0,0.0
42501,0,0.0
42502,0,0.0
42503,0,0.0
42504,0,0.0
42505,0,0.0
42506,0,0.0
42507,0,0.0
42508,0,0.0
42509,0,0.0
42510,0,0.0
42511,0,0.0
42512,0,0.0
42513,0,0.0
42514,0,0.0
42515,0,0.0
42516,0,0.0
42517,0,0.0
42518,0,0.0
42519,0,0.0
42520,0,0.0
42521,0,0.0
42522,0,0.0
42523,0,0.0
42524,0,0.0
42525,0,0.0
42526,0,0.0
42527,0,0.0
42528,0,0.0
42529,0,0.0
42530,0,0.0
42531,0,0.0
42532,0,0.0
42533,0,0.0
42534,0,0.0
42535,0,0.0
42536,0,0.0
42537,0,0.0
42538,0,0.0
42539,0,0.0
42540,0,0.0
42541,0,0.0
42542,0,0.0
42543,0,0.0
42544,0,0.0
42545,0,0.0
42546,0,0.0
42547,0,0.0
42548,0,0.0
42549,0,0.0
42550,0,0.0
42551,0,0.0
42552,0,0.0
42553,0,0.0
42554,0,0.0
42555,0,0.0
42556,0,0.0
42557,0,0.0
42558,0,0.0
42559,0,0.0
42560,0,0.0
42561,0,0.0
42562,0,0.0
42563,0,0.0
42564,0,0.0
42565,0,0.0
42566,0,0.0
42567,0,0.0
42568,0,0.0
42569,0,0.0
42570,0,0.0
42571,0,0.0
42572,0,0.0
42573,0,0.0
42574,0,0.0
42575,0,0.0
42576,0,0.0
42577,0,0.0
42578,0,0.0
42579,0,0.0
42580,0,0.0
42581,0,0.0
42582,0,0.0
42583,0,0.0
42584,0,0.0
42585,0,0.0
42586,0,0.0
42587,0,0.0
42588,0,0.0
42589,0,0.0
42590,0,0.0
42591,0,0.0
42592,0,0.0
42593,0,0.0
42594,0,0.0
42595,0,0.0
42596,0,0.0
42597,0,0.0
42598,0,0.0
42599,0,0.0
42600,0,0.0
42601,0,0.0
42602,0,0.0
42603,0,0.0
42604,0,0.0
42605,0,0.0
42606,0,0.0
42607,0,0.0
42608,0,0.0
42609,0,0.0
42610,0,0.0
42611,0,0.0
42612,0,0.0
42613,0,0.0
42614,0,0.0
42615,0,0.0
42616,0,0.0
42617,0,0.0
42618,0,0.0
42619,0,0.0
42620,0,0.0
42621,0,0.0
42622,0,0.0
42623,0,0.0
42624,0,0.0
42625,0,0.0
42626,0,0.0
42627,0,0.0
42628,0,0.0
42629,0,0.0
42630,0,0.0
42631,0,0.0
42632,0,0.0
42633,0,0.0
42634,0,0.0
42635,0,0.0
42636,0,0.0
42637,0,0.0
42638,0,0.0
42639,0,0.0
42640,0,0.0
42641,0,0.0
42642,0,0.0
42643,0,0.0
42644,0,0.0
42645,0,0.0
42646,0,0.0
42647,0,0.0
42648,0,0.0
42649,0,0.0
42650,0,0.0
42651,0,0.0
42652,0,0.0
42653,0,0.0
42654,0,0.0
42655,0,0.0
42656,0,0.0
42657,0,0.0
42658,0,0.0
42659,0,0.0
42660,0,0.0
42661,0,0.0
42662,0,0.0
42663,0,0.0
42664,0,0.0
42665,0,0.0
42666,0,0.0
42667,0,0.0
42668,0,0.0
42669,0,0.0
42670,0,0.0
42671,0,0.0
42672,0,0.0
42673,0,0.0
42674,0,0.0
42675,0,0.0
42676,0,0.0
42677,0,0.0
42678,0,0.0
42679,0,0.0
42680,0,0.0
42681,0,0.0
42682,0,0.0
42683,0,0.0
42684,0,0.0
42685,0,0.0
42686,0,0.0
42687,0,0.0
42688,0,0.0
42689,0,0.0
42690,0,0.0
42691,0,0.0
42692,0,0.0
42693,0,0.0
42694,0,0.0
42695,0,0.0
42696,0,0.0
42697,0,0.0
42698,0,0.0
42699,0,0.0
42700,0,0.0
42701,0,0.0
42702,0,0.0
42703,0,0.0
42704,0,0.0
42705,0,0.0
42706,0,0.0
42707,0,0.0
42708,0,0.0
42709,0,0.0
42710,0,0.0
42711,0,0.0
42712,0,0.0
42713,0,0.0
42714,0,0.0
42715,0,0.0
42716,0,0.0
42717,0,0.0
42718,0,0.0
42719,0,0.0
42720,0,0.0
42721,0,0.0
42722,0,0.0
42723,0,0.0
42724,0,0.0
42725,0,0.0
42726,0,0.0
42727,0,0.0
42728,0,0.0
42729,0,0.0
42730,0,0.0
42731,0,0.0
42732,0,0.0
42733,0,0.0
42734,0,0.0
42735,0,0.0
42736,0,0.0
42737,0,0.0
42738,0,0.0
42739,0,0.0
42740,0,0.0
42741,0,0.0
42742,0,0.0
42743,0,0.0
42744,0,0.0
42745,0,0.0
42746,0,0.0
42747,0,0.0
42748,0,0.0
42749,0,0.0
42750,0,0.0
42751,0,0.0
42752,0,0.0
42753,0,0.0
42754,0,0.0
42755,0,0.0
42756,0,0.0
42757,0,0.0
42758,0,0.0
42759,0,0.0
42760,0,0.0
42761,0,0.0
42762,0,0.0
42763,0,0.0
42764,0,0.0
42765,0,0.0
42766,0,0.0
42767,0,0.0
42768,0,0.0
42769,0,0.0
42770,0,0.0
42771,0,0.0
42772,0,0.0
42773,0,0.0
42774,0,0.0
42775,0,0.0
42776,0,0.0
42777,0,0.0
42778,0,0.0
42779,0,0.0
42780,0,0.0
42781,0,0.0
42782,0,0.0
42783,0,0.0
42784,0,0.0
42785,0,0.0
42786,0,0.0
42787,0,0.0
42788,0,0.0
42789,0,0.0
42790,0,0.0
42791,0,0.0
42792,0,0.0
42793,0,0.0
42794,0,0.0
42795,0,0.0
42796,0,0.0
42797,0,0.0
42798,0,0.0
42799,0,0.0
42800,0,0.0
42801,0,0.0
42802,0,0.0
42803,0,0.0
42804,0,0.0
42805,0,0.0
42806,0,0.0
42807,0,0.0
42808,0,0.0
42809,0,0.0
42810,0,0.0
42811,0,0.0
42812,0,0.0
42813,0,0.0
42814,0,0.0
42815,0,0.0
42816,0,0.0
42817,0,0.0
42818,0,0.0
42819,0,0.0
42820,0,0.0
42821,0,0.0
42822,0,0.0
42823,0,0.0
42824,0,0.0
42825,0,0.0
42826,0,0.0
42827,0,0.0
42828,0,0.0
42829,0,0.0
42830,0,0.0
42831,0,0.0
42832,0,0.0
42833,0,0.0
42834,0,0.0
42835,0,0.0
42836,0,0.0
42837,0,0.0
42838,0,0.0
42839,0,0.0
42840,0,0.0
42841,0,0.0
42842,0,0.0
42843,0,0.0
42844,0,0.0
42845,0,0.0
42846,0,0.0
42847,0,0.0
42848,0,0.0
42849,0,0.0
42850,0,0.0
42851,0,0.0
42852,0,0.0
42853,0,0.0
42854,0,0.0
42855,0,0.0
42856,0,0.0
42857,0,0.0
42858,0,0.0
42859,0,0.0
42860,0,0.0
42861,0,0.0
42862,0,0.0
42863,0,0.0
42864,0,0.0
42865,0,0.0
42866,0,0.0
42867,0,0.0
42868,0,0.0
42869,0,0.0
42870,0,0.0
42871,0,0.0
42872,0,0.0
42873,0,0.0
42874,0,0.0
42875,0,0.0
42876,0,0.0
42877,0,0.0
42878,0,0.0
42879,0,0.0
42880,0,0.0
42881,0,0.0
42882,0,0.0
42883,0,0.0
42884,0,0.0
42885,0,0.0
42886,0,0.0
42887,0,0.0
42888,0,0.0
42889,0,0.0
42890,0,0.0
42891,0,0.0
42892,0,0.0
42893,0,0.0
42894,0,0.0
42895,0,0.0
42896,0,0.0
42897,0,0.0
42898,0,0.0
42899,0,0.0
42900,0,0.0
42901,0,0.0
42902,0,0.0
42903,0,0.0
42904,0,0.0
42905,0,0.0
42906,0,0.0
42907,0,0.0
42908,0,0.0
42909,0,0.0
42910,0,0.0
42911,0,0.0
42912,0,0.0
42913,0,0.0
42914,0,0.0
42915,0,0.0
42916,0,0.0
42917,0,0.0
42918,0,0.0
42919,0,0.0
42920,0,0.0
42921,0,0.0
42922,0,0.0
42923,0,0.0
42924,0,0.0
42925,0,0.0
42926,0,0.0
42927,0,0.0
42928,0,0.0
42929,0,0.0
42930,0,0.0
42931,0,0.0
42932,0,0.0
42933,0,0.0
42934,0,0.0
42935,0,0.0
42936,0,0.0
42937,0,0.0
42938,0,0.0
42939,0,0.0
42940,0,0.0
42941,0,0.0
42942,0,0.0
42943,0,0.0
42944,0,0.0
42945,0,0.0
42946,0,0.0
42947,0,0.0
42948,0,0.0
42949,0,0.0
42950,0,0.0
42951,0,0.0
42952,0,0.0
42953,0,0.0
42954,0,0.0
42955,0,0.0
42956,0,0.0
42957,0,0.0
42958,0,0.0
42959,0,0.0
42960,0,0.0
42961,0,0.0
42962,0,0.0
42963,0,0.0
42964,0,0.0
42965,0,0.0
42966,0,0.0
42967,0,0.0
42968,0,0.0
42969,0,0.0
42970,0,0.0
42971,0,0.0
42972,0,0.0
42973,0,0.0
42974,0,0.0
42975,0,0.0
42976,0,0.0
42977,0,0.0
42978,0,0.0
42979,0,0.0
42980,0,0.0
42981,0,0.0
42982,0,0.0
42983,0,0.0
42984,0,0.0
42985,0,0.0
42986,0,0.0
42987,0,0.0
42988,0,0.0
42989,0,0.0
42990,0,0.0
42991,0,0.0
42992,0,0.0
42993,0,0.0
42994,0,0.0
42995,0,0.0
42996,0,0.0
42997,0,0.0
42998,0,0.0
42999,0,0.0
43000,0,0.0
43001,0,0.0
43002,0,0.0
43003,0,0.0
43004,0,0.0
43005,0,0.0
43006,0,0.0
43007,0,0.0
43008,0,0.0
43009,0,0.0
43010,0,0.0
43011,0,0.0
43012,0,0.0
43013,0,0.0
43014,0,0.0
43015,0,0.0
43016,0,0.0
43017,0,0.0
43018,0,0.0
43019,0,0.0
43020,0,0.0
43021,0,0.0
43022,0,0.0
43023,0,0.0
43024,0,0.0
43025,0,0.0
43026,0,0.0
43027,0,0.0
43028,0,0.0
43029,0,0.0
43030,0,0.0
43031,0,0.0
43032,0,0.0
43033,0,0.0
43034,0,0.0
43035,0,0.0
43036,0,0.0
43037,0,0.0
43038,0,0.0
43039,0,0.0
43040,0,0.0
43041,0,0.0
43042,0,0.0
43043,0,0.0
43044,0,0.0
43045,0,0.0
43046,0,0.0
43047,0,0.0
43048,0,0.0
43049,0,0.0
43050,0,0.0
43051,0,0.0
43052,0,0.0
43053,0,0.0
43054,0,0.0
43055,0,0.0
43056,0,0.0
43057,0,0.0
43058,0,0.0
43059,0,0.0
43060,0,0.0
43061,0,0.0
43062,0,0.0
43063,0,0.0
43064,0,0.0
43065,0,0.0
43066,0,0.0
43067,0,0.0
43068,0,0.0
43069,0,0.0
43070,0,0.0
43071,0,0.0
43072,0,0.0
43073,0,0.0
43074,0,0.0
43075,0,0.0
43076,0,0.0
43077,0,0.0
43078,0,0.0
43079,0,0.0
43080,0,0.0
43081,0,0.0
43082,0,0.0
43083,0,0.0
43084,0,0.0
43085,0,0.0
43086,0,0.0
43087,0,0.0
43088,0,0.0
43089,0,0.0
43090,0,0.0
43091,0,0.0
43092,0,0.0
43093,0,0.0
43094,0,0.0
43095,0,0.0
43096,0,0.0
43097,0,0.0
43098,0,0.0
43099,0,0.0
43100,0,0.0
43101,0,0.0
43102,0,0.0
43103,0,0.0
43104,0,0.0
43105,0,0.0
43106,0,0.0
43107,0,0.0
43108,0,0.0
43109,0,0.0
43110,0,0.0
43111,0,0.0
43112,0,0.0
43113,0,0.0
43114,0,0.0
43115,0,0.0
43116,0,0.0
43117,0,0.0
43118,0,0.0
43119,0,0.0
43120,0,0.0
43121,0,0.0
43122,0,0.0
43123,0,0.0
43124,0,0.0
43125,0,0.0
43126,0,0.0
43127,0,0.0
43128,0,0.0
43129,0,0.0
43130,0,0.0
43131,0,0.0
43132,0,0.0
43133,0,0.0
43134,0,0.0
43135,0,0.0
43136,0,0.0
43137,0,0.0
43138,0,0.0
43139,0,0.0
43140,0,0.0
43141,0,0.0
43142,0,0.0
43143,0,0.0
43144,0,0.0
43145,0,0.0
43146,0,0.0
43147,0,0.0
43148,0,0.0
43149,0,0.0
43150,0,0.0
43151,0,0.0
43152,0,0.0
43153,0,0.0
43154,0,0.0
43155,0,0.0
43156,0,0.0
43157,0,0.0
43158,0,0.0
43159,0,0.0
43160,0,0.0
43161,0,0.0
43162,0,0.0
43163,0,0.0
43164,0,0.0
43165,0,0.0
43166,0,0.0
43167,0,0.0
43168,0,0.0
43169,0,0.0
43170,0,0.0
43171,0,0.0
43172,0,0.0
43173,0,0.0
43174,0,0.0
43175,0,0.0
43176,0,0.0
43177,0,0.0
43178,0,0.0
43179,0,0.0
43180,0,0.0
43181,0,0.0
43182,0,0.0
43183,0,0.0
43184,0,0.0
43185,0,0.0
43186,0,0.0
43187,0,0.0
43188,0,0.0
43189,0,0.0
43190,0,0.0
43191,0,0.0
43192,0,0.0
43193,0,0.0
43194,0,0.0
43195,0,0.0
43196,0,0.0
43197,0,0.0
43198,0,0.0
43199,0,0.0
43200,0,0.0
43201,0,0.0
43202,0,0.0
43203,0,0.0
43204,0,0.0
43205,0,0.0
43206,0,0.0
43207,0,0.0
43208,0,0.0
43209,0,0.0
43210,0,0.0
43211,0,0.0
43212,0,0.0
43213,0,0.0
43214,0,0.0
43215,0,0.0
43216,0,0.0
43217,0,0.0
43218,0,0.0
43219,0,0.0
43220,0,0.0
43221,0,0.0
43222,0,0.0
43223,0,0.0
43224,0,0.0
43225,0,0.0
43226,0,0.0
43227,0,0.0
43228,0,0.0
43229,0,0.0
43230,0,0.0
43231,0,0.0
43232,0,0.0
43233,0,0.0
43234,0,0.0
43235,0,0.0
43236,0,0.0
43237,0,0.0
43238,0,0.0
43239,0,0.0
43240,0,0.0
43241,0,0.0
43242,0,0.0
43243,0,0.0
43244,0,0.0
43245,0,0.0
43246,0,0.0
43247,0,0.0
43248,0,0.0
43249,0,0.0
43250,0,0.0
43251,0,0.0
43252,0,0.0
43253,0,0.0
43254,0,0.0
43255,0,0.0
43256,0,0.0
43257,0,0.0
43258,0,0.0
43259,0,0.0
43260,0,0.0
43261,0,0.0
43262,0,0.0
43263,0,0.0
43264,0,0.0
43265,0,0.0
43266,0,0.0
43267,0,0.0
43268,0,0.0
43269,0,0.0
43270,0,0.0
43271,0,0.0
43272,0,0.0
43273,0,0.0
43274,0,0.0
43275,0,0.0
43276,0,0.0
43277,0,0.0
43278,0,0.0
43279,0,0.0
43280,0,0.0
43281,0,0.0
43282,0,0.0
43283,0,0.0
43284,0,0.0
43285,0,0.0
43286,0,0.0
43287,0,0.0
43288,0,0.0
43289,0,0.0
43290,0,0.0
43291,0,0.0
43292,0,0.0
43293,0,0.0
43294,0,0.0
43295,0,0.0
43296,0,0.0
43297,0,0.0
43298,0,0.0
43299,0,0.0
43300,0,0.0
43301,0,0.0
43302,0,0.0
43303,0,0.0
43304,0,0.0
43305,0,0.0
43306,0,0.0
43307,0,0.0
43308,0,0.0
43309,0,0.0
43310,0,0.0
43311,0,0.0
43312,0,0.0
43313,0,0.0
43314,0,0.0
43315,0,0.0
43316,0,0.0
43317,0,0.0
43318,0,0.0
43319,0,0.0
43320,0,0.0
43321,0,0.0
43322,0,0.0
43323,0,0.0
43324,0,0.0
43325,0,0.0
43326,0,0.0
43327,0,0.0
43328,0,0.0
43329,0,0.0
43330,0,0.0
43331,0,0.0
43332,0,0.0
43333,0,0.0
43334,0,0.0
43335,0,0.0
43336,0,0.0
43337,0,0.0
43338,0,0.0
43339,0,0.0
43340,0,0.0
43341,0,0.0
43342,0,0.0
43343,0,0.0
43344,0,0.0
43345,0,0.0
43346,0,0.0
43347,0,0.0
43348,0,0.0
43349,0,0.0
43350,0,0.0
43351,0,0.0
43352,0,0.0
43353,0,0.0
43354,0,0.0
43355,0,0.0
43356,0,0.0
43357,0,0.0
43358,0,0.0
43359,0,0.0
43360,0,0.0
43361,0,0.0
43362,0,0.0
43363,0,0.0
43364,0,0.0
43365,0,0.0
43366,0,0.0
43367,0,0.0
43368,0,0.0
43369,0,0.0
43370,0,0.0
43371,0,0.0
43372,0,0.0
43373,0,0.0
43374,0,0.0
43375,0,0.0
43376,0,0.0
43377,0,0.0
43378,0,0.0
43379,0,0.0
43380,0,0.0
43381,0,0.0
43382,0,0.0
43383,0,0.0
43384,0,0.0
43385,0,0.0
43386,0,0.0
43387,0,0.0
43388,0,0.0
43389,0,0.0
43390,0,0.0
43391,0,0.0
43392,0,0.0
43393,0,0.0
43394,0,0.0
43395,0,0.0
43396,0,0.0
43397,0,0.0
43398,0,0.0
43399,0,0.0
43400,0,0.0
43401,0,0.0
43402,0,0.0
43403,0,0.0
43404,0,0.0
43405,0,0.0
43406,0,0.0
43407,0,0.0
43408,0,0.0
43409,0,0.0
43410,0,0.0
43411,0,0.0
43412,0,0.0
43413,0,0.0
43414,0,0.0
43415,0,0.0
43416,0,0.0
43417,0,0.0
43418,0,0.0
43419,0,0.0
43420,0,0.0
43421,0,0.0
43422,0,0.0
43423,0,0.0
43424,0,0.0
43425,0,0.0
43426,0,0.0
43427,0,0.0
43428,0,0.0
43429,0,0.0
43430,0,0.0
43431,0,0.0
43432,0,0.0
43433,0,0.0
43434,0,0.0
43435,0,0.0
43436,0,0.0
43437,0,0.0
43438,0,0.0
43439,0,0.0
43440,0,0.0
43441,0,0.0
43442,0,0.0
43443,0,0.0
43444,0,0.0
43445,0,0.0
43446,0,0.0
43447,0,0.0
43448,0,0.0
43449,0,0.0
43450,0,0.0
43451,0,0.0
43452,0,0.0
43453,0,0.0
43454,0,0.0
43455,0,0.0
43456,0,0.0
43457,0,0.0
43458,0,0.0
43459,0,0.0
43460,0,0.0
43461,0,0.0
43462,0,0.0
43463,0,0.0
43464,0,0.0
43465,0,0.0
43466,0,0.0
43467,0,0.0
43468,0,0.0
43469,0,0.0
43470,0,0.0
43471,0,0.0
43472,0,0.0
43473,0,0.0
43474,0,0.0
43475,0,0.0
43476,0,0.0
43477,0,0.0
43478,0,0.0
43479,0,0.0
43480,0,0.0
43481,0,0.0
43482,0,0.0
43483,0,0.0
43484,0,0.0
43485,0,0.0
43486,0,0.0
43487,0,0.0
43488,0,0.0
43489,0,0.0
43490,0,0.0
43491,0,0.0
43492,0,0.0
43493,0,0.0
43494,0,0.0
43495,0,0.0
43496,0,0.0
43497,0,0.0
43498,0,0.0
43499,0,0.0
43500,0,0.0
43501,0,0.0
43502,0,0.0
43503,0,0.0
43504,0,0.0
43505,0,0.0
43506,0,0.0
43507,0,0.0
43508,0,0.0
43509,0,0.0
43510,0,0.0
43511,0,0.0
43512,0,0.0
43513,0,0.0
43514,0,0.0
43515,0,0.0
43516,0,0.0
43517,0,0.0
43518,0,0.0
43519,0,0.0
43520,0,0.0
43521,0,0.0
43522,0,0.0
43523,0,0.0
43524,0,0.0
43525,0,0.0
43526,0,0.0
43527,0,0.0
43528,0,0.0
43529,0,0.0
43530,0,0.0
43531,0,0.0
43532,0,0.0
43533,0,0.0
43534,0,0.0
43535,0,0.0
43536,0,0.0
43537,0,0.0
43538,0,0.0
43539,0,0.0
43540,0,0.0
43541,0,0.0
43542,0,0.0
43543,0,0.0
43544,0,0.0
43545,0,0.0
43546,0,0.0
43547,0,0.0
43548,0,0.0
43549,0,0.0
43550,0,0.0
43551,0,0.0
43552,0,0.0
43553,0,0.0
43554,0,0.0
43555,0,0.0
43556,0,0.0
43557,0,0.0
43558,0,0.0
43559,0,0.0
43560,0,0.0
43561,0,0.0
43562,0,0.0
43563,0,0.0
43564,0,0.0
43565,0,0.0
43566,0,0.0
43567,0,0.0
43568,0,0.0
43569,0,0.0
43570,0,0.0
43571,0,0.0
43572,0,0.0
43573,0,0.0
43574,0,0.0
43575,0,0.0
43576,0,0.0
43577,0,0.0
43578,0,0.0
43579,0,0.0
43580,0,0.0
43581,0,0.0
43582,0,0.0
43583,0,0.0
43584,0,0.0
43585,0,0.0
43586,0,0.0
43587,0,0.0
43588,0,0.0
43589,0,0.0
43590,0,0.0
43591,0,0.0
43592,0,0.0
43593,0,0.0
43594,0,0.0
43595,0,0.0
43596,0,0.0
43597,0,0.0
43598,0,0.0
43599,0,0.0
43600,0,0.0
43601,0,0.0
43602,0,0.0
43603,0,0.0
43604,0,0.0
43605,0,0.0
43606,0,0.0
43607,0,0.0
43608,0,0.0
43609,0,0.0
43610,0,0.0
43611,0,0.0
43612,0,0.0
43613,0,0.0
43614,0,0.0
43615,0,0.0
43616,0,0.0
43617,0,0.0
43618,0,0.0
43619,0,0.0
43620,0,0.0
43621,0,0.0
43622,0,0.0
43623,0,0.0
43624,0,0.0
43625,0,0.0
43626,0,0.0
43627,0,0.0
43628,0,0.0
43629,0,0.0
43630,0,0.0
43631,0,0.0
43632,0,0.0
43633,0,0.0
43634,0,0.0
43635,0,0.0
43636,0,0.0
43637,0,0.0
43638,0,0.0
43639,0,0.0
43640,0,0.0
43641,0,0.0
43642,0,0.0
43643,0,0.0
43644,0,0.0
43645,0,0.0
43646,0,0.0
43647,0,0.0
43648,0,0.0
43649,0,0.0
43650,0,0.0
43651,0,0.0
43652,0,0.0
43653,0,0.0
43654,0,0.0
43655,0,0.0
43656,0,0.0
43657,0,0.0
43658,0,0.0
43659,0,0.0
43660,0,0.0
43661,0,0.0
43662,0,0.0
43663,0,0.0
43664,0,0.0
43665,0,0.0
43666,0,0.0
43667,0,0.0
43668,0,0.0
43669,0,0.0
43670,0,0.0
43671,0,0.0
43672,0,0.0
43673,0,0.0
43674,0,0.0
43675,0,0.0
43676,0,0.0
43677,0,0.0
43678,0,0.0
43679,0,0.0
43680,0,0.0
43681,0,0.0
43682,0,0.0
43683,0,0.0
43684,0,0.0
43685,0,0.0
43686,0,0.0
43687,0,0.0
43688,0,0.0
43689,0,0.0
43690,0,0.0
43691,0,0.0
43692,0,0.0
43693,0,0.0
43694,0,0.0
43695,0,0.0
43696,0,0.0
43697,0,0.0
43698,0,0.0
43699,0,0.0
43700,0,0.0
43701,0,0.0
43702,0,0.0
43703,0,0.0
43704,0,0.0
43705,0,0.0
43706,0,0.0
43707,0,0.0
43708,0,0.0
43709,0,0.0
43710,0,0.0
43711,0,0.0
43712,0,0.0
43713,0,0.0
43714,0,0.0
43715,0,0.0
43716,0,0.0
43717,0,0.0
43718,0,0.0
43719,0,0.0
43720,0,0.0
43721,0,0.0
43722,0,0.0
43723,0,0.0
43724,0,0.0
43725,0,0.0
43726,0,0.0
43727,0,0.0
43728,0,0.0
43729,0,0.0
43730,0,0.0
43731,0,0.0
43732,0,0.0
43733,0,0.0
43734,0,0.0
43735,0,0.0
43736,0,0.0
43737,0,0.0
43738,0,0.0
43739,0,0.0
43740,0,0.0
43741,0,0.0
43742,0,0.0
43743,0,0.0
43744,0,0.0
43745,0,0.0
43746,0,0.0
43747,0,0.0
43748,0,0.0
43749,0,0.0
43750,0,0.0
43751,0,0.0
43752,0,0.0
43753,0,0.0
43754,0,0.0
43755,0,0.0
43756,0,0.0
43757,0,0.0
43758,0,0.0
43759,0,0.0
43760,0,0.0
43761,0,0.0
43762,0,0.0
43763,0,0.0
43764,0,0.0
43765,0,0.0
43766,0,0.0
43767,0,0.0
43768,0,0.0
43769,0,0.0
43770,0,0.0
43771,0,0.0
43772,0,0.0
43773,0,0.0
43774,0,0.0
43775,0,0.0
43776,0,0.0
43777,0,0.0
43778,0,0.0
43779,0,0.0
43780,0,0.0
43781,0,0.0
43782,0,0.0
43783,0,0.0
43784,0,0.0
43785,0,0.0
43786,0,0.0
43787,0,0.0
43788,0,0.0
43789,0,0.0
43790,0,0.0
43791,0,0.0
43792,0,0.0
43793,0,0.0
43794,0,0.0
43795,0,0.0
43796,0,0.0
43797,0,0.0
43798,0,0.0
43799,0,0.0
43800,0,0.0
43801,0,0.0
43802,0,0.0
43803,0,0.0
43804,0,0.0
43805,0,0.0
43806,0,0.0
43807,0,0.0
43808,0,0.0
43809,0,0.0
43810,0,0.0
43811,0,0.0
43812,0,0.0
43813,0,0.0
43814,0,0.0
43815,0,0.0
43816,0,0.0
43817,0,0.0
43818,0,0.0
43819,0,0.0
43820,0,0.0
43821,0,0.0
43822,0,0.0
43823,0,0.0
43824,0,0.0
43825,0,0.0
43826,0,0.0
43827,0,0.0
43828,0,0.0
43829,0,0.0
43830,0,0.0
43831,0,0.0
43832,0,0.0
43833,0,0.0
43834,0,0.0
43835,0,0.0
43836,0,0.0
43837,0,0.0
43838,0,0.0
43839,0,0.0
43840,0,0.0
43841,0,0.0
43842,0,0.0
43843,0,0.0
43844,0,0.0
43845,0,0.0
43846,0,0.0
43847,0,0.0
43848,0,0.0
43849,0,0.0
43850,0,0.0
43851,0,0.0
43852,0,0.0
43853,0,0.0
43854,0,0.0
43855,0,0.0
43856,0,0.0
43857,0,0.0
43858,0,0.0
43859,0,0.0
43860,0,0.0
43861,0,0.0
43862,0,0.0
43863,0,0.0
43864,0,0.0
43865,0,0.0
43866,0,0.0
43867,0,0.0
43868,0,0.0
43869,0,0.0
43870,0,0.0
43871,0,0.0
43872,0,0.0
43873,0,0.0
43874,0,0.0
43875,0,0.0
43876,0,0.0
43877,0,0.0
43878,0,0.0
43879,0,0.0
43880,0,0.0
43881,0,0.0
43882,0,0.0
43883,0,0.0
43884,0,0.0
43885,0,0.0
43886,0,0.0
43887,0,0.0
43888,0,0.0
43889,0,0.0
43890,0,0.0
43891,0,0.0
43892,0,0.0
43893,0,0.0
43894,0,0.0
43895,0,0.0
43896,0,0.0
43897,0,0.0
43898,0,0.0
43899,0,0.0
43900,0,0.0
43901,0,0.0
43902,0,0.0
43903,0,0.0
43904,0,0.0
43905,0,0.0
43906,0,0.0
43907,0,0.0
43908,0,0.0
43909,0,0.0
43910,0,0.0
43911,0,0.0
43912,0,0.0
43913,0,0.0
43914,0,0.0
43915,0,0.0
43916,0,0.0
43917,0,0.0
43918,0,0.0
43919,0,0.0
43920,0,0.0
43921,0,0.0
43922,0,0.0
43923,0,0.0
43924,0,0.0
43925,0,0.0
43926,0,0.0
43927,0,0.0
43928,0,0.0
43929,0,0.0
43930,0,0.0
43931,0,0.0
43932,0,0.0
43933,0,0.0
43934,0,0.0
43935,0,0.0
43936,0,0.0
43937,0,0.0
43938,0,0.0
43939,0,0.0
43940,0,0.0
43941,0,0.0
43942,0,0.0
43943,0,0.0
43944,0,0.0
43945,0,0.0
43946,0,0.0
43947,0,0.0
43948,0,0.0
43949,0,0.0
43950,0,0.0
43951,0,0.0
43952,0,0.0
43953,0,0.0
43954,0,0.0
43955,0,0.0
43956,0,0.0
43957,0,0.0
43958,0,0.0
43959,0,0.0
43960,0,0.0
43961,0,0.0
43962,0,0.0
43963,0,0.0
43964,0,0.0
43965,0,0.0
43966,0,0.0
43967,0,0.0
43968,0,0.0
43969,0,0.0
43970,0,0.0
43971,0,0.0
43972,0,0.0
43973,0,0.0
43974,0,0.0
43975,0,0.0
43976,0,0.0
43977,0,0.0
43978,0,0.0
43979,0,0.0
43980,0,0.0
43981,0,0.0
43982,0,0.0
43983,0,0.0
43984,0,0.0
43985,0,0.0
43986,0,0.0
43987,0,0.0
43988,0,0.0
43989,0,0.0
43990,0,0.0
43991,0,0.0
43992,0,0.0
43993,0,0.0
43994,0,0.0
43995,0,0.0
43996,0,0.0
43997,0,0.0
43998,0,0.0
43999,0,0.0
44000,0,0.0
44001,0,0.0
44002,0,0.0
44003,0,0.0
44004,0,0.0
44005,0,0.0
44006,0,0.0
44007,0,0.0
44008,0,0.0
44009,0,0.0
44010,0,0.0
44011,0,0.0
44012,0,0.0
44013,0,0.0
44014,0,0.0
44015,0,0.0
44016,0,0.0
44017,0,0.0
44018,0,0.0
44019,0,0.0
44020,0,0.0
44021,0,0.0
44022,0,0.0
44023,0,0.0
44024,0,0.0
44025,0,0.0
44026,0,0.0
44027,0,0.0
44028,0,0.0
44029,0,0.0
44030,0,0.0
44031,0,0.0
44032,0,0.0
44033,0,0.0
44034,0,0.0
44035,0,0.0
44036,0,0.0
44037,0,0.0
44038,0,0.0
44039,0,0.0
44040,0,0.0
44041,0,0.0
44042,0,0.0
44043,0,0.0
44044,0,0.0
44045,0,0.0
44046,0,0.0
44047,0,0.0
44048,0,0.0
44049,0,0.0
44050,0,0.0
44051,0,0.0
44052,0,0.0
44053,0,0.0
44054,0,0.0
44055,0,0.0
44056,0,0.0
44057,0,0.0
44058,0,0.0
44059,0,0.0
44060,0,0.0
44061,0,0.0
44062,0,0.0
44063,0,0.0
44064,0,0.0
44065,0,0.0
44066,0,0.0
44067,0,0.0
44068,0,0.0
44069,0,0.0
44070,0,0.0
44071,0,0.0
44072,0,0.0
44073,0,0.0
44074,0,0.0
44075,0,0.0
44076,0,0.0
44077,0,0.0
44078,0,0.0
44079,0,0.0
44080,0,0.0
44081,0,0.0
44082,0,0.0
44083,0,0.0
44084,0,0.0
44085,0,0.0
44086,0,0.0
44087,0,0.0
44088,0,0.0
44089,0,0.0
44090,0,0.0
44091,0,0.0
44092,0,0.0
44093,0,0.0
44094,0,0.0
44095,0,0.0
44096,0,0.0
44097,0,0.0
44098,0,0.0
44099,0,0.0
44100,0,0.0
44101,0,0.0
44102,0,0.0
44103,0,0.0
44104,0,0.0
44105,0,0.0
44106,0,0.0
44107,0,0.0
44108,0,0.0
44109,0,0.0
44110,0,0.0
44111,0,0.0
44112,0,0.0
44113,0,0.0
44114,0,0.0
44115,0,0.0
44116,0,0.0
44117,0,0.0
44118,0,0.0
44119,0,0.0
44120,0,0.0
44121,0,0.0
44122,0,0.0
44123,0,0.0
44124,0,0.0
44125,0,0.0
44126,0,0.0
44127,0,0.0
44128,0,0.0
44129,0,0.0
44130,0,0.0
44131,0,0.0
44132,0,0.0
44133,0,0.0
44134,0,0.0
44135,0,0.0
44136,0,0.0
44137,0,0.0
44138,0,0.0
44139,0,0.0
44140,0,0.0
44141,0,0.0
44142,0,0.0
44143,0,0.0
44144,0,0.0
44145,0,0.0
44146,0,0.0
44147,0,0.0
44148,0,0.0
44149,0,0.0
44150,0,0.0
44151,0,0.0
44152,0,0.0
44153,0,0.0
44154,0,0.0
44155,0,0.0
44156,0,0.0
44157,0,0.0
44158,0,0.0
44159,0,0.0
44160,0,0.0
44161,0,0.0
44162,0,0.0
44163,0,0.0
44164,0,0.0
44165,0,0.0
44166,0,0.0
44167,0,0.0
44168,0,0.0
44169,0,0.0
44170,0,0.0
44171,0,0.0
44172,0,0.0
44173,0,0.0
44174,0,0.0
44175,0,0.0
44176,0,0.0
44177,0,0.0
44178,0,0.0
44179,0,0.0
44180,0,0.0
44181,0,0.0
44182,0,0.0
44183,0,0.0
44184,0,0.0
44185,0,0.0
44186,0,0.0
44187,0,0.0
44188,0,0.0
44189,0,0.0
44190,0,0.0
44191,0,0.0
44192,0,0.0
44193,0,0.0
44194,0,0.0
44195,0,0.0
44196,0,0.0
44197,0,0.0
44198,0,0.0
44199,0,0.0
44200,0,0.0
44201,0,0.0
44202,0,0.0
44203,0,0.0
44204,0,0.0
44205,0,0.0
44206,0,0.0
44207,0,0.0
44208,0,0.0
44209,0,0.0
44210,0,0.0
44211,0,0.0
44212,0,0.0
44213,0,0.0
44214,0,0.0
44215,0,0.0
44216,0,0.0
44217,0,0.0
44218,0,0.0
44219,0,0.0
44220,0,0.0
44221,0,0.0
44222,0,0.0
44223,0,0.0
44224,0,0.0
44225,0,0.0
44226,0,0.0
44227,0,0.0
44228,0,0.0
44229,0,0.0
44230,0,0.0
44231,0,0.0
44232,0,0.0
44233,0,0.0
44234,0,0.0
44235,0,0.0
44236,0,0.0
44237,0,0.0
44238,0,0.0
44239,0,0.0
44240,0,0.0
44241,0,0.0
44242,0,0.0
44243,0,0.0
44244,0,0.0
44245,0,0.0
44246,0,0.0
44247,0,0.0
44248,0,0.0
44249,0,0.0
44250,0,0.0
44251,0,0.0
44252,0,0.0
44253,0,0.0
44254,0,0.0
44255,0,0.0
44256,0,0.0
44257,0,0.0
44258,0,0.0
44259,0,0.0
44260,0,0.0
44261,0,0.0
44262,0,0.0
44263,0,0.0
44264,0,0.0
44265,0,0.0
44266,0,0.0
44267,0,0.0
44268,0,0.0
44269,0,0.0
44270,0,0.0
44271,0,0.0
44272,0,0.0
44273,0,0.0
44274,0,0.0
44275,0,0.0
44276,0,0.0
44277,0,0.0
44278,0,0.0
44279,0,0.0
44280,0,0.0
44281,0,0.0
44282,0,0.0
44283,0,0.0
44284,0,0.0
44285,0,0.0
44286,0,0.0
44287,0,0.0
44288,0,0.0
44289,0,0.0
44290,0,0.0
44291,0,0.0
44292,0,0.0
44293,0,0.0
44294,0,0.0
44295,0,0.0
44296,0,0.0
44297,0,0.0
44298,0,0.0
44299,0,0.0
44300,0,0.0
44301,0,0.0
44302,0,0.0
44303,0,0.0
44304,0,0.0
44305,0,0.0
44306,0,0.0
44307,0,0.0
44308,0,0.0
44309,0,0.0
44310,0,0.0
44311,0,0.0
44312,0,0.0
44313,0,0.0
44314,0,0.0
44315,0,0.0
44316,0,0.0
44317,0,0.0
44318,0,0.0
44319,0,0.0
44320,0,0.0
44321,0,0.0
44322,0,0.0
44323,0,0.0
44324,0,0.0
44325,0,0.0
44326,0,0.0
44327,0,0.0
44328,0,0.0
44329,0,0.0
44330,0,0.0
44331,0,0.0
44332,0,0.0
44333,0,0.0
44334,0,0.0
44335,0,0.0
44336,0,0.0
44337,0,0.0
44338,0,0.0
44339,0,0.0
44340,0,0.0
44341,0,0.0
44342,0,0.0
44343,0,0.0
44344,0,0.0
44345,0,0.0
44346,0,0.0
44347,0,0.0
44348,0,0.0
44349,0,0.0
44350,0,0.0
44351,0,0.0
44352,0,0.0
44353,0,0.0
44354,0,0.0
44355,0,0.0
44356,0,0.0
44357,0,0.0
44358,0,0.0
44359,0,0.0
44360,0,0.0
44361,0,0.0
44362,0,0.0
44363,0,0.0
44364,0,0.0
44365,0,0.0
44366,0,0.0
44367,0,0.0
44368,0,0.0
44369,0,0.0
44370,0,0.0
44371,0,0.0
44372,0,0.0
44373,0,0.0
44374,0,0.0
44375,0,0.0
44376,0,0.0
44377,0,0.0
44378,0,0.0
44379,0,0.0
44380,0,0.0
44381,0,0.0
44382,0,0.0
44383,0,0.0
44384,0,0.0
44385,0,0.0
44386,0,0.0
44387,0,0.0
44388,0,0.0
44389,0,0.0
44390,0,0.0
44391,0,0.0
44392,0,0.0
44393,0,0.0
44394,0,0.0
44395,0,0.0
44396,0,0.0
44397,0,0.0
44398,0,0.0
44399,0,0.0
44400,0,0.0
44401,0,0.0
44402,0,0.0
44403,0,0.0
44404,0,0.0
44405,0,0.0
44406,0,0.0
44407,0,0.0
44408,0,0.0
44409,0,0.0
44410,0,0.0
44411,0,0.0
44412,0,0.0
44413,0,0.0
44414,0,0.0
44415,0,0.0
44416,0,0.0
44417,0,0.0
44418,0,0.0
44419,0,0.0
44420,0,0.0
44421,0,0.0
44422,0,0.0
44423,0,0.0
44424,0,0.0
44425,0,0.0
44426,0,0.0
44427,0,0.0
44428,0,0.0
44429,0,0.0
44430,0,0.0
44431,0,0.0
44432,0,0.0
44433,0,0.0
44434,0,0.0
44435,0,0.0
44436,0,0.0
44437,0,0.0
44438,0,0.0
44439,0,0.0
44440,0,0.0
44441,0,0.0
44442,0,0.0
44443,0,0.0
44444,0,0.0
44445,0,0.0
44446,0,0.0
44447,0,0.0
44448,0,0.0
44449,0,0.0
44450,0,0.0
44451,0,0.0
44452,0,0.0
44453,0,0.0
44454,0,0.0
44455,0,0.0
44456,0,0.0
44457,0,0.0
44458,0,0.0
44459,0,0.0
44460,0,0.0
44461,0,0.0
44462,0,0.0
44463,0,0.0
44464,0,0.0
44465,0,0.0
44466,0,0.0
44467,0,0.0
44468,0,0.0
44469,0,0.0
44470,0,0.0
44471,0,0.0
44472,0,0.0
44473,0,0.0
44474,0,0.0
44475,0,0.0
44476,0,0.0
44477,0,0.0
44478,0,0.0
44479,0,0.0
44480,0,0.0
44481,0,0.0
44482,0,0.0
44483,0,0.0
44484,0,0.0
44485,0,0.0
44486,0,0.0
44487,0,0.0
44488,0,0.0
44489,0,0.0
44490,0,0.0
44491,0,0.0
44492,0,0.0
44493,0,0.0
44494,0,0.0
44495,0,0.0
44496,0,0.0
44497,0,0.0
44498,0,0.0
44499,0,0.0
44500,0,0.0
44501,0,0.0
44502,0,0.0
44503,0,0.0
44504,0,0.0
44505,0,0.0
44506,0,0.0
44507,0,0.0
44508,0,0.0
44509,0,0.0
44510,0,0.0
44511,0,0.0
44512,0,0.0
44513,0,0.0
44514,0,0.0
44515,0,0.0
44516,0,0.0
44517,0,0.0
44518,0,0.0
44519,0,0.0
44520,0,0.0
44521,0,0.0
44522,0,0.0
44523,0,0.0
44524,0,0.0
44525,0,0.0
44526,0,0.0
44527,0,0.0
44528,0,0.0
44529,0,0.0
44530,0,0.0
44531,0,0.0
44532,0,0.0
44533,0,0.0
44534,0,0.0
44535,0,0.0
44536,0,0.0
44537,0,0.0
44538,0,0.0
44539,0,0.0
44540,0,0.0
44541,0,0.0
44542,0,0.0
44543,0,0.0
44544,0,0.0
44545,0,0.0
44546,0,0.0
44547,0,0.0
44548,0,0.0
44549,0,0.0
44550,0,0.0
44551,0,0.0
44552,0,0.0
44553,0,0.0
44554,0,0.0
44555,0,0.0
44556,0,0.0
44557,0,0.0
44558,0,0.0
44559,0,0.0
44560,0,0.0
44561,0,0.0
44562,0,0.0
44563,0,0.0
44564,0,0.0
44565,0,0.0
44566,0,0.0
44567,0,0.0
44568,0,0.0
44569,0,0.0
44570,0,0.0
44571,0,0.0
44572,0,0.0
44573,0,0.0
44574,0,0.0
44575,0,0.0
44576,0,0.0
44577,0,0.0
44578,0,0.0
44579,0,0.0
44580,0,0.0
44581,0,0.0
44582,0,0.0
44583,0,0.0
44584,0,0.0
44585,0,0.0
44586,0,0.0
44587,0,0.0
44588,0,0.0
44589,0,0.0
44590,0,0.0
44591,0,0.0
44592,0,0.0
44593,0,0.0
44594,0,0.0
44595,0,0.0
44596,0,0.0
44597,0,0.0
44598,0,0.0
44599,0,0.0
44600,0,0.0
44601,0,0.0
44602,0,0.0
44603,0,0.0
44604,0,0.0
44605,0,0.0
44606,0,0.0
44607,0,0.0
44608,0,0.0
44609,0,0.0
44610,0,0.0
44611,0,0.0
44612,0,0.0
44613,0,0.0
44614,0,0.0
44615,0,0.0
44616,0,0.0
44617,0,0.0
44618,0,0.0
44619,0,0.0
44620,0,0.0
44621,0,0.0
44622,0,0.0
44623,0,0.0
44624,0,0.0
44625,0,0.0
44626,0,0.0
44627,0,0.0
44628,0,0.0
44629,0,0.0
44630,0,0.0
44631,0,0.0
44632,0,0.0
44633,0,0.0
44634,0,0.0
44635,0,0.0
44636,0,0.0
44637,0,0.0
44638,0,0.0
44639,0,0.0
44640,0,0.0
44641,0,0.0
44642,0,0.0
44643,0,0.0
44644,0,0.0
44645,0,0.0
44646,0,0.0
44647,0,0.0
44648,0,0.0
44649,0,0.0
44650,0,0.0
44651,0,0.0
44652,0,0.0
44653,0,0.0
44654,0,0.0
44655,0,0.0
44656,0,0.0
44657,0,0.0
44658,0,0.0
44659,0,0.0
44660,0,0.0
44661,0,0.0
44662,0,0.0
44663,0,0.0
44664,0,0.0
44665,0,0.0
44666,0,0.0
44667,0,0.0
44668,0,0.0
44669,0,0.0
44670,0,0.0
44671,0,0.0
44672,0,0.0
44673,0,0.0
44674,0,0.0
44675,0,0.0
44676,0,0.0
44677,0,0.0
44678,0,0.0
44679,0,0.0
44680,0,0.0
44681,0,0.0
44682,0,0.0
44683,0,0.0
44684,0,0.0
44685,0,0.0
44686,0,0.0
44687,0,0.0
44688,0,0.0
44689,0,0.0
44690,0,0.0
44691,0,0.0
44692,0,0.0
44693,0,0.0
44694,0,0.0
44695,0,0.0
44696,0,0.0
44697,0,0.0
44698,0,0.0
44699,0,0.0
44700,0,0.0
44701,0,0.0
44702,0,0.0
44703,0,0.0
44704,0,0.0
44705,0,0.0
44706,0,0.0
44707,0,0.0
44708,0,0.0
44709,0,0.0
44710,0,0.0
44711,0,0.0
44712,0,0.0
44713,0,0.0
44714,0,0.0
44715,0,0.0
44716,0,0.0
44717,0,0.0
44718,0,0.0
44719,0,0.0
44720,0,0.0
44721,0,0.0
44722,0,0.0
44723,0,0.0
44724,0,0.0
44725,0,0.0
44726,0,0.0
44727,0,0.0
44728,0,0.0
44729,0,0.0
44730,0,0.0
44731,0,0.0
44732,0,0.0
44733,0,0.0
44734,0,0.0
44735,0,0.0
44736,0,0.0
44737,0,0.0
44738,0,0.0
44739,0,0.0
44740,0,0.0
44741,0,0.0
44742,0,0.0
44743,0,0.0
44744,0,0.0
44745,0,0.0
44746,0,0.0
44747,0,0.0
44748,0,0.0
44749,0,0.0
44750,0,0.0
44751,0,0.0
44752,0,0.0
44753,0,0.0
44754,0,0.0
44755,0,0.0
44756,0,0.0
44757,0,0.0
44758,0,0.0
44759,0,0.0
44760,0,0.0
44761,0,0.0
44762,0,0.0
44763,0,0.0
44764,0,0.0
44765,0,0.0
44766,0,0.0
44767,0,0.0
44768,0,0.0
44769,0,0.0
44770,0,0.0
44771,0,0.0
44772,0,0.0
44773,0,0.0
44774,0,0.0
44775,0,0.0
44776,0,0.0
44777,0,0.0
44778,0,0.0
44779,0,0.0
44780,0,0.0
44781,0,0.0
44782,0,0.0
44783,0,0.0
44784,0,0.0
44785,0,0.0
44786,0,0.0
44787,0,0.0
44788,0,0.0
44789,0,0.0
44790,0,0.0
44791,0,0.0
44792,0,0.0
44793,0,0.0
44794,0,0.0
44795,0,0.0
44796,0,0.0
44797,0,0.0
44798,0,0.0
44799,0,0.0
44800,0,0.0
44801,0,0.0
44802,0,0.0
44803,0,0.0
44804,0,0.0
44805,0,0.0
44806,0,0.0
44807,0,0.0
44808,0,0.0
44809,0,0.0
44810,0,0.0
44811,0,0.0
44812,0,0.0
44813,0,0.0
44814,0,0.0
44815,0,0.0
44816,0,0.0
44817,0,0.0
44818,0,0.0
44819,0,0.0
44820,0,0.0
44821,0,0.0
44822,0,0.0
44823,0,0.0
44824,0,0.0
44825,0,0.0
44826,0,0.0
44827,0,0.0
44828,0,0.0
44829,0,0.0
44830,0,0.0
44831,0,0.0
44832,0,0.0
44833,0,0.0
44834,0,0.0
44835,0,0.0
44836,0,0.0
44837,0,0.0
44838,0,0.0
44839,0,0.0
44840,0,0.0
44841,0,0.0
44842,0,0.0
44843,0,0.0
44844,0,0.0
44845,0,0.0
44846,0,0.0
44847,0,0.0
44848,0,0.0
44849,0,0.0
44850,0,0.0
44851,0,0.0
44852,0,0.0
44853,0,0.0
44854,0,0.0
44855,0,0.0
44856,0,0.0
44857,0,0.0
44858,0,0.0
44859,0,0.0
44860,0,0.0
44861,0,0.0
44862,0,0.0
44863,0,0.0
44864,0,0.0
44865,0,0.0
44866,0,0.0
44867,0,0.0
44868,0,0.0
44869,0,0.0
44870,0,0.0
44871,0,0.0
44872,0,0.0
44873,0,0.0
44874,0,0.0
44875,0,0.0
44876,0,0.0
44877,0,0.0
44878,0,0.0
44879,0,0.0
44880,0,0.0
44881,0,0.0
44882,0,0.0
44883,0,0.0
44884,0,0.0
44885,0,0.0
44886,0,0.0
44887,0,0.0
44888,0,0.0
44889,0,0.0
44890,0,0.0
44891,0,0.0
44892,0,0.0
44893,0,0.0
44894,0,0.0
44895,0,0.0
44896,0,0.0
44897,0,0.0
44898,0,0.0
44899,0,0.0
44900,0,0.0
44901,0,0.0
44902,0,0.0
44903,0,0.0
44904,0,0.0
44905,0,0.0
44906,0,0.0
44907,0,0.0
44908,0,0.0
44909,0,0.0
44910,0,0.0
44911,0,0.0
44912,0,0.0
44913,0,0.0
44914,0,0.0
44915,0,0.0
44916,0,0.0
44917,0,0.0
44918,0,0.0
44919,0,0.0
44920,0,0.0
44921,0,0.0
44922,0,0.0
44923,0,0.0
44924,0,0.0
44925,0,0.0
44926,0,0.0
44927,0,0.0
44928,0,0.0
44929,0,0.0
44930,0,0.0
44931,0,0.0
44932,0,0.0
44933,0,0.0
44934,0,0.0
44935,0,0.0
44936,0,0.0
44937,0,0.0
44938,0,0.0
44939,0,0.0
44940,0,0.0
44941,0,0.0
44942,0,0.0
44943,0,0.0
44944,0,0.0
44945,0,0.0
44946,0,0.0
44947,0,0.0
44948,0,0.0
44949,0,0.0
44950,0,0.0
44951,0,0.0
44952,0,0.0
44953,0,0.0
44954,0,0.0
44955,0,0.0
44956,0,0.0
44957,0,0.0
44958,0,0.0
44959,0,0.0
44960,0,0.0
44961,0,0.0
44962,0,0.0
44963,0,0.0
44964,0,0.0
44965,0,0.0
44966,0,0.0
44967,0,0.0
44968,0,0.0
44969,0,0.0
44970,0,0.0
44971,0,0.0
44972,0,0.0
44973,0,0.0
44974,0,0.0
44975,0,0.0
44976,0,0.0
44977,0,0.0
44978,0,0.0
44979,0,0.0
44980,0,0.0
44981,0,0.0
44982,0,0.0
44983,0,0.0
44984,0,0.0
44985,0,0.0
44986,0,0.0
44987,0,0.0
44988,0,0.0
44989,0,0.0
44990,0,0.0
44991,0,0.0
44992,0,0.0
44993,0,0.0
44994,0,0.0
44995,0,0.0
44996,0,0.0
44997,0,0.0
44998,0,0.0
44999,0,0.0
45000,0,0.0
45001,0,0.0
45002,0,0.0
45003,0,0.0
45004,0,0.0
45005,0,0.0
45006,0,0.0
45007,0,0.0
45008,0,0.0
45009,0,0.0
45010,0,0.0
45011,0,0.0
45012,0,0.0
45013,0,0.0
45014,0,0.0
45015,0,0.0
45016,0,0.0
45017,0,0.0
45018,0,0.0
45019,0,0.0
45020,0,0.0
45021,0,0.0
45022,0,0.0
45023,0,0.0
45024,0,0.0
45025,0,0.0
45026,0,0.0
45027,0,0.0
45028,0,0.0
45029,0,0.0
45030,0,0.0
45031,0,0.0
45032,0,0.0
45033,0,0.0
45034,0,0.0
45035,0,0.0
45036,0,0.0
45037,0,0.0
45038,0,0.0
45039,0,0.0
45040,0,0.0
45041,0,0.0
45042,0,0.0
45043,0,0.0
45044,0,0.0
45045,0,0.0
45046,0,0.0
45047,0,0.0
45048,0,0.0
45049,0,0.0
45050,0,0.0
45051,0,0.0
45052,0,0.0
45053,0,0.0
45054,0,0.0
45055,0,0.0
45056,0,0.0
45057,0,0.0
45058,0,0.0
45059,0,0.0
45060,0,0.0
45061,0,0.0
45062,0,0.0
45063,0,0.0
45064,0,0.0
45065,0,0.0
45066,0,0.0
45067,0,0.0
45068,0,0.0
45069,0,0.0
45070,0,0.0
45071,0,0.0
45072,0,0.0
45073,0,0.0
45074,0,0.0
45075,0,0.0
45076,0,0.0
45077,0,0.0
45078,0,0.0
45079,0,0.0
45080,0,0.0
45081,0,0.0
45082,0,0.0
45083,0,0.0
45084,0,0.0
45085,0,0.0
45086,0,0.0
45087,0,0.0
45088,0,0.0
45089,0,0.0
45090,0,0.0
45091,0,0.0
45092,0,0.0
45093,0,0.0
45094,0,0.0
45095,0,0.0
45096,0,0.0
45097,0,0.0
45098,0,0.0
45099,0,0.0
45100,0,0.0
45101,0,0.0
45102,0,0.0
45103,0,0.0
45104,0,0.0
45105,0,0.0
45106,0,0.0
45107,0,0.0
45108,0,0.0
45109,0,0.0
45110,0,0.0
45111,0,0.0
45112,0,0.0
45113,0,0.0
45114,0,0.0
45115,0,0.0
45116,0,0.0
45117,0,0.0
45118,0,0.0
45119,0,0.0
45120,0,0.0
45121,0,0.0
45122,0,0.0
45123,0,0.0
45124,0,0.0
45125,0,0.0
45126,0,0.0
45127,0,0.0
45128,0,0.0
45129,0,0.0
45130,0,0.0
45131,0,0.0
45132,0,0.0
45133,0,0.0
45134,0,0.0
45135,0,0.0
45136,0,0.0
45137,0,0.0
45138,0,0.0
45139,0,0.0
45140,0,0.0
45141,0,0.0
45142,0,0.0
45143,0,0.0
45144,0,0.0
45145,0,0.0
45146,0,0.0
45147,0,0.0
45148,0,0.0
45149,0,0.0
45150,0,0.0
45151,0,0.0
45152,0,0.0
45153,0,0.0
45154,0,0.0
45155,0,0.0
45156,0,0.0
45157,0,0.0
45158,0,0.0
45159,0,0.0
45160,0,0.0
45161,0,0.0
45162,0,0.0
45163,0,0.0
45164,0,0.0
45165,0,0.0
45166,0,0.0
45167,0,0.0
45168,0,0.0
45169,0,0.0
45170,0,0.0
45171,0,0.0
45172,0,0.0
45173,0,0.0
45174,0,0.0
45175,0,0.0
45176,0,0.0
45177,0,0.0
45178,0,0.0
45179,0,0.0
45180,0,0.0
45181,0,0.0
45182,0,0.0
45183,0,0.0
45184,0,0.0
45185,0,0.0
45186,0,0.0
45187,0,0.0
45188,0,0.0
45189,0,0.0
45190,0,0.0
45191,0,0.0
45192,0,0.0
45193,0,0.0
45194,0,0.0
45195,0,0.0
45196,0,0.0
45197,0,0.0
45198,0,0.0
45199,0,0.0
45200,0,0.0
45201,0,0.0
45202,0,0.0
45203,0,0.0
45204,0,0.0
45205,0,0.0
45206,0,0.0
45207,0,0.0
45208,0,0.0
45209,0,0.0
45210,0,0.0
45211,0,0.0
45212,0,0.0
45213,0,0.0
45214,0,0.0
45215,0,0.0
45216,0,0.0
45217,0,0.0
45218,0,0.0
45219,0,0.0
45220,0,0.0
45221,0,0.0
45222,0,0.0
45223,0,0.0
45224,0,0.0
45225,0,0.0
45226,0,0.0
45227,0,0.0
45228,0,0.0
45229,0,0.0
45230,0,0.0
45231,0,0.0
45232,0,0.0
45233,0,0.0
45234,0,0.0
45235,0,0.0
45236,0,0.0
45237,0,0.0
45238,0,0.0
45239,0,0.0
45240,0,0.0
45241,0,0.0
45242,0,0.0
45243,0,0.0
45244,0,0.0
45245,0,0.0
45246,0,0.0
45247,0,0.0
45248,0,0.0
45249,0,0.0
45250,0,0.0
45251,0,0.0
45252,0,0.0
45253,0,0.0
45254,0,0.0
45255,0,0.0
45256,0,0.0
45257,0,0.0
45258,0,0.0
45259,0,0.0
45260,0,0.0
45261,0,0.0
45262,0,0.0
45263,0,0.0
45264,0,0.0
45265,0,0.0
45266,0,0.0
45267,0,0.0
45268,0,0.0
45269,0,0.0
45270,0,0.0
45271,0,0.0
45272,0,0.0
45273,0,0.0
45274,0,0.0
45275,0,0.0
45276,0,0.0
45277,0,0.0
45278,0,0.0
45279,0,0.0
45280,0,0.0
45281,0,0.0
45282,0,0.0
45283,0,0.0
45284,0,0.0
45285,0,0.0
45286,0,0.0
45287,0,0.0
45288,0,0.0
45289,0,0.0
45290,0,0.0
45291,0,0.0
45292,0,0.0
45293,0,0.0
45294,0,0.0
45295,0,0.0
45296,0,0.0
45297,0,0.0
45298,0,0.0
45299,0,0.0
45300,0,0.0
45301,0,0.0
45302,0,0.0
45303,0,0.0
45304,0,0.0
45305,0,0.0
45306,0,0.0
45307,0,0.0
45308,0,0.0
45309,0,0.0
45310,0,0.0
45311,0,0.0
45312,0,0.0
45313,0,0.0
45314,0,0.0
45315,0,0.0
45316,0,0.0
45317,0,0.0
45318,0,0.0
45319,0,0.0
45320,0,0.0
45321,0,0.0
45322,0,0.0
45323,0,0.0
45324,0,0.0
45325,0,0.0
45326,0,0.0
45327,0,0.0
45328,0,0.0
45329,0,0.0
45330,0,0.0
45331,0,0.0
45332,0,0.0
45333,0,0.0
45334,0,0.0
45335,0,0.0
45336,0,0.0
45337,0,0.0
45338,0,0.0
45339,0,0.0
45340,0,0.0
45341,0,0.0
45342,0,0.0
45343,0,0.0
45344,0,0.0
45345,0,0.0
45346,0,0.0
45347,0,0.0
45348,0,0.0
45349,0,0.0
45350,0,0.0
45351,0,0.0
45352,0,0.0
45353,0,0.0
45354,0,0.0
45355,0,0.0
45356,0,0.0
45357,0,0.0
45358,0,0.0
45359,0,0.0
45360,0,0.0
45361,0,0.0
45362,0,0.0
45363,0,0.0
45364,0,0.0
45365,0,0.0
45366,0,0.0
45367,0,0.0
45368,0,0.0
45369,0,0.0
45370,0,0.0
45371,0,0.0
45372,0,0.0
45373,0,0.0
45374,0,0.0
45375,0,0.0
45376,0,0.0
45377,0,0.0
45378,0,0.0
45379,0,0.0
45380,0,0.0
45381,0,0.0
45382,0,0.0
45383,0,0.0
45384,0,0.0
45385,0,0.0
45386,0,0.0
45387,0,0.0
45388,0,0.0
45389,0,0.0
45390,0,0.0
45391,0,0.0
45392,0,0.0
45393,0,0.0
45394,0,0.0
45395,0,0.0
45396,0,0.0
45397,0,0.0
45398,0,0.0
45399,0,0.0
45400,0,0.0
45401,0,0.0
45402,0,0.0
45403,0,0.0
45404,0,0.0
45405,0,0.0
45406,0,0.0
45407,0,0.0
45408,0,0.0
45409,0,0.0
45410,0,0.0
45411,0,0.0
45412,0,0.0
45413,0,0.0
45414,0,0.0
45415,0,0.0
45416,0,0.0
45417,0,0.0
45418,0,0.0
45419,0,0.0
45420,0,0.0
45421,0,0.0
45422,0,0.0
45423,0,0.0
45424,0,0.0
45425,0,0.0
45426,0,0.0
45427,0,0.0
45428,0,0.0
45429,0,0.0
45430,0,0.0
45431,0,0.0
45432,0,0.0
45433,0,0.0
45434,0,0.0
45435,0,0.0
45436,0,0.0
45437,0,0.0
45438,0,0.0
45439,0,0.0
45440,0,0.0
45441,0,0.0
45442,0,0.0
45443,0,0.0
45444,0,0.0
45445,0,0.0
45446,0,0.0
45447,0,0.0
45448,0,0.0
45449,0,0.0
45450,0,0.0
45451,0,0.0
45452,0,0.0
45453,0,0.0
45454,0,0.0
45455,0,0.0
45456,0,0.0
45457,0,0.0
45458,0,0.0
45459,0,0.0
45460,0,0.0
45461,0,0.0
45462,0,0.0
45463,0,0.0
45464,0,0.0
45465,0,0.0
45466,0,0.0
45467,0,0.0
45468,0,0.0
45469,0,0.0
45470,0,0.0
45471,0,0.0
45472,0,0.0
45473,0,0.0
45474,0,0.0
45475,0,0.0
45476,0,0.0
45477,0,0.0
45478,0,0.0
45479,0,0.0
45480,0,0.0
45481,0,0.0
45482,0,0.0
45483,0,0.0
45484,0,0.0
45485,0,0.0
45486,0,0.0
45487,0,0.0
45488,0,0.0
45489,0,0.0
45490,0,0.0
45491,0,0.0
45492,0,0.0
45493,0,0.0
45494,0,0.0
45495,0,0.0
45496,0,0.0
45497,0,0.0
45498,0,0.0
45499,0,0.0
45500,0,0.0
45501,0,0.0
45502,0,0.0
45503,0,0.0
45504,0,0.0
45505,0,0.0
45506,0,0.0
45507,0,0.0
45508,0,0.0
45509,0,0.0
45510,0,0.0
45511,0,0.0
45512,0,0.0
45513,0,0.0
45514,0,0.0
45515,0,0.0
45516,0,0.0
45517,0,0.0
45518,0,0.0
45519,0,0.0
45520,0,0.0
45521,0,0.0
45522,0,0.0
45523,0,0.0
45524,0,0.0
45525,0,0.0
45526,0,0.0
45527,0,0.0
45528,0,0.0
45529,0,0.0
45530,0,0.0
45531,0,0.0
45532,0,0.0
45533,0,0.0
45534,0,0.0
45535,0,0.0
45536,0,0.0
45537,0,0.0
45538,0,0.0
45539,0,0.0
45540,0,0.0
45541,0,0.0
45542,0,0.0
45543,0,0.0
45544,0,0.0
45545,0,0.0
45546,0,0.0
45547,0,0.0
45548,0,0.0
45549,0,0.0
45550,0,0.0
45551,0,0.0
45552,0,0.0
45553,0,0.0
45554,0,0.0
45555,0,0.0
45556,0,0.0
45557,0,0.0
45558,0,0.0
45559,0,0.0
45560,0,0.0
45561,0,0.0
45562,0,0.0
45563,0,0.0
45564,0,0.0
45565,0,0.0
45566,0,0.0
45567,0,0.0
45568,0,0.0
45569,0,0.0
45570,0,0.0
45571,0,0.0
45572,0,0.0
45573,0,0.0
45574,0,0.0
45575,0,0.0
45576,0,0.0
45577,0,0.0
45578,0,0.0
45579,0,0.0
45580,0,0.0
45581,0,0.0
45582,0,0.0
45583,0,0.0
45584,0,0.0
45585,0,0.0
45586,0,0.0
45587,0,0.0
45588,0,0.0
45589,0,0.0
45590,0,0.0
45591,0,0.0
45592,0,0.0
45593,0,0.0
45594,0,0.0
45595,0,0.0
45596,0,0.0
45597,0,0.0
45598,0,0.0
45599,0,0.0
45600,0,0.0
45601,0,0.0
45602,0,0.0
45603,0,0.0
45604,0,0.0
45605,0,0.0
45606,0,0.0
45607,0,0.0
45608,0,0.0
45609,0,0.0
45610,0,0.0
45611,0,0.0
45612,0,0.0
45613,0,0.0
45614,0,0.0
45615,0,0.0
45616,0,0.0
45617,0,0.0
45618,0,0.0
45619,0,0.0
45620,0,0.0
45621,0,0.0
45622,0,0.0
45623,0,0.0
45624,0,0.0
45625,0,0.0
45626,0,0.0
45627,0,0.0
45628,0,0.0
45629,0,0.0
45630,0,0.0
45631,0,0.0
45632,0,0.0
45633,0,0.0
45634,0,0.0
45635,0,0.0
45636,0,0.0
45637,0,0.0
45638,0,0.0
45639,0,0.0
45640,0,0.0
45641,0,0.0
45642,0,0.0
45643,0,0.0
45644,0,0.0
45645,0,0.0
45646,0,0.0
45647,0,0.0
45648,0,0.0
45649,0,0.0
45650,0,0.0
45651,0,0.0
45652,0,0.0
45653,0,0.0
45654,0,0.0
45655,0,0.0
45656,0,0.0
45657,0,0.0
45658,0,0.0
45659,0,0.0
45660,0,0.0
45661,0,0.0
45662,0,0.0
45663,0,0.0
45664,0,0.0
45665,0,0.0
45666,0,0.0
45667,0,0.0
45668,0,0.0
45669,0,0.0
45670,0,0.0
45671,0,0.0
45672,0,0.0
45673,0,0.0
45674,0,0.0
45675,0,0.0
45676,0,0.0
45677,0,0.0
45678,0,0.0
45679,0,0.0
45680,0,0.0
45681,0,0.0
45682,0,0.0
45683,0,0.0
45684,0,0.0
45685,0,0.0
45686,0,0.0
45687,0,0.0
45688,0,0.0
45689,0,0.0
45690,0,0.0
45691,0,0.0
45692,0,0.0
45693,0,0.0
45694,0,0.0
45695,0,0.0
45696,0,0.0
45697,0,0.0
45698,0,0.0
45699,0,0.0
45700,0,0.0
45701,0,0.0
45702,0,0.0
45703,0,0.0
45704,0,0.0
45705,0,0.0
45706,0,0.0
45707,0,0.0
45708,0,0.0
45709,0,0.0
45710,0,0.0
45711,0,0.0
45712,0,0.0
45713,0,0.0
45714,0,0.0
45715,0,0.0
45716,0,0.0
45717,0,0.0
45718,0,0.0
45719,0,0.0
45720,0,0.0
45721,0,0.0
45722,0,0.0
45723,0,0.0
45724,0,0.0
45725,0,0.0
45726,0,0.0
45727,0,0.0
45728,0,0.0
45729,0,0.0
45730,0,0.0
45731,0,0.0
45732,0,0.0
45733,0,0.0
45734,0,0.0
45735,0,0.0
45736,0,0.0
45737,0,0.0
45738,0,0.0
45739,0,0.0
45740,0,0.0
45741,0,0.0
45742,0,0.0
45743,0,0.0
45744,0,0.0
45745,0,0.0
45746,0,0.0
45747,0,0.0
45748,0,0.0
45749,0,0.0
45750,0,0.0
45751,0,0.0
45752,0,0.0
45753,0,0.0
45754,0,0.0
45755,0,0.0
45756,0,0.0
45757,0,0.0
45758,0,0.0
45759,0,0.0
45760,0,0.0
45761,0,0.0
45762,0,0.0
45763,0,0.0
45764,0,0.0
45765,0,0.0
45766,0,0.0
45767,0,0.0
45768,0,0.0
45769,0,0.0
45770,0,0.0
45771,0,0.0
45772,0,0.0
45773,0,0.0
45774,0,0.0
45775,0,0.0
45776,0,0.0
45777,0,0.0
45778,0,0.0
45779,0,0.0
45780,0,0.0
45781,0,0.0
45782,0,0.0
45783,0,0.0
45784,0,0.0
45785,0,0.0
45786,0,0.0
45787,0,0.0
45788,0,0.0
45789,0,0.0
45790,0,0.0
45791,0,0.0
45792,0,0.0
45793,0,0.0
45794,0,0.0
45795,0,0.0
45796,0,0.0
45797,0,0.0
45798,0,0.0
45799,0,0.0
45800,0,0.0
45801,0,0.0
45802,0,0.0
45803,0,0.0
45804,0,0.0
45805,0,0.0
45806,0,0.0
45807,0,0.0
45808,0,0.0
45809,0,0.0
45810,0,0.0
45811,0,0.0
45812,0,0.0
45813,0,0.0
45814,0,0.0
45815,0,0.0
45816,0,0.0
45817,0,0.0
45818,0,0.0
45819,0,0.0
45820,0,0.0
45821,0,0.0
45822,0,0.0
45823,0,0.0
45824,0,0.0
45825,0,0.0
45826,0,0.0
45827,0,0.0
45828,0,0.0
45829,0,0.0
45830,0,0.0
45831,0,0.0
45832,0,0.0
45833,0,0.0
45834,0,0.0
45835,0,0.0
45836,0,0.0
45837,0,0.0
45838,0,0.0
45839,0,0.0
45840,0,0.0
45841,0,0.0
45842,0,0.0
45843,0,0.0
45844,0,0.0
45845,0,0.0
45846,0,0.0
45847,0,0.0
45848,0,0.0
45849,0,0.0
45850,0,0.0
45851,0,0.0
45852,0,0.0
45853,0,0.0
45854,0,0.0
45855,0,0.0
45856,0,0.0
45857,0,0.0
45858,0,0.0
45859,0,0.0
45860,0,0.0
45861,0,0.0
45862,0,0.0
45863,0,0.0
45864,0,0.0
45865,0,0.0
45866,0,0.0
45867,0,0.0
45868,0,0.0
45869,0,0.0
45870,0,0.0
45871,0,0.0
45872,0,0.0
45873,0,0.0
45874,0,0.0
45875,0,0.0
45876,0,0.0
45877,0,0.0
45878,0,0.0
45879,0,0.0
45880,0,0.0
45881,0,0.0
45882,0,0.0
45883,0,0.0
45884,0,0.0
45885,0,0.0
45886,0,0.0
45887,0,0.0
45888,0,0.0
45889,0,0.0
45890,0,0.0
45891,0,0.0
45892,0,0.0
45893,0,0.0
45894,0,0.0
45895,0,0.0
45896,0,0.0
45897,0,0.0
45898,0,0.0
45899,0,0.0
45900,0,0.0
45901,0,0.0
45902,0,0.0
45903,0,0.0
45904,0,0.0
45905,0,0.0
45906,0,0.0
45907,0,0.0
45908,0,0.0
45909,0,0.0
45910,0,0.0
45911,0,0.0
45912,0,0.0
45913,0,0.0
45914,0,0.0
45915,0,0.0
45916,0,0.0
45917,0,0.0
45918,0,0.0
45919,0,0.0
45920,0,0.0
45921,0,0.0
45922,0,0.0
45923,0,0.0
45924,0,0.0
45925,0,0.0
45926,0,0.0
45927,0,0.0
45928,0,0.0
45929,0,0.0
45930,0,0.0
45931,0,0.0
45932,0,0.0
45933,0,0.0
45934,0,0.0
45935,0,0.0
45936,0,0.0
45937,0,0.0
45938,0,0.0
45939,0,0.0
45940,0,0.0
45941,0,0.0
45942,0,0.0
45943,0,0.0
45944,0,0.0
45945,0,0.0
45946,0,0.0
45947,0,0.0
45948,0,0.0
45949,0,0.0
45950,0,0.0
45951,0,0.0
45952,0,0.0
45953,0,0.0
45954,0,0.0
45955,0,0.0
45956,0,0.0
45957,0,0.0
45958,0,0.0
45959,0,0.0
45960,0,0.0
45961,0,0.0
45962,0,0.0
45963,0,0.0
45964,0,0.0
45965,0,0.0
45966,0,0.0
45967,0,0.0
45968,0,0.0
45969,0,0.0
45970,0,0.0
45971,0,0.0
45972,0,0.0
45973,0,0.0
45974,0,0.0
45975,0,0.0
45976,0,0.0
45977,0,0.0
45978,0,0.0
45979,0,0.0
45980,0,0.0
45981,0,0.0
45982,0,0.0
45983,0,0.0
45984,0,0.0
45985,0,0.0
45986,0,0.0
45987,0,0.0
45988,0,0.0
45989,0,0.0
45990,0,0.0
45991,0,0.0
45992,0,0.0
45993,0,0.0
45994,0,0.0
45995,0,0.0
45996,0,0.0
45997,0,0.0
45998,0,0.0
45999,0,0.0
46000,0,0.0
46001,0,0.0
46002,0,0.0
46003,0,0.0
46004,0,0.0
46005,0,0.0
46006,0,0.0
46007,0,0.0
46008,0,0.0
46009,0,0.0
46010,0,0.0
46011,0,0.0
46012,0,0.0
46013,0,0.0
46014,0,0.0
46015,0,0.0
46016,0,0.0
46017,0,0.0
46018,0,0.0
46019,0,0.0
46020,0,0.0
46021,0,0.0
46022,0,0.0
46023,0,0.0
46024,0,0.0
46025,0,0.0
46026,0,0.0
46027,0,0.0
46028,0,0.0
46029,0,0.0
46030,0,0.0
46031,0,0.0
46032,0,0.0
46033,0,0.0
46034,0,0.0
46035,0,0.0
46036,0,0.0
46037,0,0.0
46038,0,0.0
46039,0,0.0
46040,0,0.0
46041,0,0.0
46042,0,0.0
46043,0,0.0
46044,0,0.0
46045,0,0.0
46046,0,0.0
46047,0,0.0
46048,0,0.0
46049,0,0.0
46050,0,0.0
46051,0,0.0
46052,0,0.0
46053,0,0.0
46054,0,0.0
46055,0,0.0
46056,0,0.0
46057,0,0.0
46058,0,0.0
46059,0,0.0
46060,0,0.0
46061,0,0.0
46062,0,0.0
46063,0,0.0
46064,0,0.0
46065,0,0.0
46066,0,0.0
46067,0,0.0
46068,0,0.0
46069,0,0.0
46070,0,0.0
46071,0,0.0
46072,0,0.0
46073,0,0.0
46074,0,0.0
46075,0,0.0
46076,0,0.0
46077,0,0.0
46078,0,0.0
46079,0,0.0
46080,0,0.0
46081,0,0.0
46082,0,0.0
46083,0,0.0
46084,0,0.0
46085,0,0.0
46086,0,0.0
46087,0,0.0
46088,0,0.0
46089,0,0.0
46090,0,0.0
46091,0,0.0
46092,0,0.0
46093,0,0.0
46094,0,0.0
46095,0,0.0
46096,0,0.0
46097,0,0.0
46098,0,0.0
46099,0,0.0
46100,0,0.0
46101,0,0.0
46102,0,0.0
46103,0,0.0
46104,0,0.0
46105,0,0.0
46106,0,0.0
46107,0,0.0
46108,0,0.0
46109,0,0.0
46110,0,0.0
46111,0,0.0
46112,0,0.0
46113,0,0.0
46114,0,0.0
46115,0,0.0
46116,0,0.0
46117,0,0.0
46118,0,0.0
46119,0,0.0
46120,0,0.0
46121,0,0.0
46122,0,0.0
46123,0,0.0
46124,0,0.0
46125,0,0.0
46126,0,0.0
46127,0,0.0
46128,0,0.0
46129,0,0.0
46130,0,0.0
46131,0,0.0
46132,0,0.0
46133,0,0.0
46134,0,0.0
46135,0,0.0
46136,0,0.0
46137,0,0.0
46138,0,0.0
46139,0,0.0
46140,0,0.0
46141,0,0.0
46142,0,0.0
46143,0,0.0
46144,0,0.0
46145,0,0.0
46146,0,0.0
46147,0,0.0
46148,0,0.0
46149,0,0.0
46150,0,0.0
46151,0,0.0
46152,0,0.0
46153,0,0.0
46154,0,0.0
46155,0,0.0
46156,0,0.0
46157,0,0.0
46158,0,0.0
46159,0,0.0
46160,0,0.0
46161,0,0.0
46162,0,0.0
46163,0,0.0
46164,0,0.0
46165,0,0.0
46166,0,0.0
46167,0,0.0
46168,0,0.0
46169,0,0.0
46170,0,0.0
46171,0,0.0
46172,0,0.0
46173,0,0.0
46174,0,0.0
46175,0,0.0
46176,0,0.0
46177,0,0.0
46178,0,0.0
46179,0,0.0
46180,0,0.0
46181,0,0.0
46182,0,0.0
46183,0,0.0
46184,0,0.0
46185,0,0.0
46186,0,0.0
46187,0,0.0
46188,0,0.0
46189,0,0.0
46190,0,0.0
46191,0,0.0
46192,0,0.0
46193,0,0.0
46194,0,0.0
46195,0,0.0
46196,0,0.0
46197,0,0.0
46198,0,0.0
46199,0,0.0
46200,0,0.0
46201,0,0.0
46202,0,0.0
46203,0,0.0
46204,0,0.0
46205,0,0.0
46206,0,0.0
46207,0,0.0
46208,0,0.0
46209,0,0.0
46210,0,0.0
46211,0,0.0
46212,0,0.0
46213,0,0.0
46214,0,0.0
46215,0,0.0
46216,0,0.0
46217,0,0.0
46218,0,0.0
46219,0,0.0
46220,0,0.0
46221,0,0.0
46222,0,0.0
46223,0,0.0
46224,0,0.0
46225,0,0.0
46226,0,0.0
46227,0,0.0
46228,0,0.0
46229,0,0.0
46230,0,0.0
46231,0,0.0
46232,0,0.0
46233,0,0.0
46234,0,0.0
46235,0,0.0
46236,0,0.0
46237,0,0.0
46238,0,0.0
46239,0,0.0
46240,0,0.0
46241,0,0.0
46242,0,0.0
46243,0,0.0
46244,0,0.0
46245,0,0.0
46246,0,0.0
46247,0,0.0
46248,0,0.0
46249,0,0.0
46250,0,0.0
46251,0,0.0
46252,0,0.0
46253,0,0.0
46254,0,0.0
46255,0,0.0
46256,0,0.0
46257,0,0.0
46258,0,0.0
46259,0,0.0
46260,0,0.0
46261,0,0.0
46262,0,0.0
46263,0,0.0
46264,0,0.0
46265,0,0.0
46266,0,0.0
46267,0,0.0
46268,0,0.0
46269,0,0.0
46270,0,0.0
46271,0,0.0
46272,0,0.0
46273,0,0.0
46274,0,0.0
46275,0,0.0
46276,0,0.0
46277,0,0.0
46278,0,0.0
46279,0,0.0
46280,0,0.0
46281,0,0.0
46282,0,0.0
46283,0,0.0
46284,0,0.0
46285,0,0.0
46286,0,0.0
46287,0,0.0
46288,0,0.0
46289,0,0.0
46290,0,0.0
46291,0,0.0
46292,0,0.0
46293,0,0.0
46294,0,0.0
46295,0,0.0
46296,0,0.0
46297,0,0.0
46298,0,0.0
46299,0,0.0
46300,0,0.0
46301,0,0.0
46302,0,0.0
46303,0,0.0
46304,0,0.0
46305,0,0.0
46306,0,0.0
46307,0,0.0
46308,0,0.0
46309,0,0.0
46310,0,0.0
46311,0,0.0
46312,0,0.0
46313,0,0.0
46314,0,0.0
46315,0,0.0
46316,0,0.0
46317,0,0.0
46318,0,0.0
46319,0,0.0
46320,0,0.0
46321,0,0.0
46322,0,0.0
46323,0,0.0
46324,0,0.0
46325,0,0.0
46326,0,0.0
46327,0,0.0
46328,0,0.0
46329,0,0.0
46330,0,0.0
46331,0,0.0
46332,0,0.0
46333,0,0.0
46334,0,0.0
46335,0,0.0
46336,0,0.0
46337,0,0.0
46338,0,0.0
46339,0,0.0
46340,0,0.0
46341,0,0.0
46342,0,0.0
46343,0,0.0
46344,0,0.0
46345,0,0.0
46346,0,0.0
46347,0,0.0
46348,0,0.0
46349,0,0.0
46350,0,0.0
46351,0,0.0
46352,0,0.0
46353,0,0.0
46354,0,0.0
46355,0,0.0
46356,0,0.0
46357,0,0.0
46358,0,0.0
46359,0,0.0
46360,0,0.0
46361,0,0.0
46362,0,0.0
46363,0,0.0
46364,0,0.0
46365,0,0.0
46366,0,0.0
46367,0,0.0
46368,0,0.0
46369,0,0.0
46370,0,0.0
46371,0,0.0
46372,0,0.0
46373,0,0.0
46374,0,0.0
46375,0,0.0
46376,0,0.0
46377,0,0.0
46378,0,0.0
46379,0,0.0
46380,0,0.0
46381,0,0.0
46382,0,0.0
46383,0,0.0
46384,0,0.0
46385,0,0.0
46386,0,0.0
46387,0,0.0
46388,0,0.0
46389,0,0.0
46390,0,0.0
46391,0,0.0
46392,0,0.0
46393,0,0.0
46394,0,0.0
46395,0,0.0
46396,0,0.0
46397,0,0.0
46398,0,0.0
46399,0,0.0
46400,0,0.0
46401,0,0.0
46402,0,0.0
46403,0,0.0
46404,0,0.0
46405,0,0.0
46406,0,0.0
46407,0,0.0
46408,0,0.0
46409,0,0.0
46410,0,0.0
46411,0,0.0
46412,0,0.0
46413,0,0.0
46414,0,0.0
46415,0,0.0
46416,0,0.0
46417,0,0.0
46418,0,0.0
46419,0,0.0
46420,0,0.0
46421,0,0.0
46422,0,0.0
46423,0,0.0
46424,0,0.0
46425,0,0.0
46426,0,0.0
46427,0,0.0
46428,0,0.0
46429,0,0.0
46430,0,0.0
46431,0,0.0
46432,0,0.0
46433,0,0.0
46434,0,0.0
46435,0,0.0
46436,0,0.0
46437,0,0.0
46438,0,0.0
46439,0,0.0
46440,0,0.0
46441,0,0.0
46442,0,0.0
46443,0,0.0
46444,0,0.0
46445,0,0.0
46446,0,0.0
46447,0,0.0
46448,0,0.0
46449,0,0.0
46450,0,0.0
46451,0,0.0
46452,0,0.0
46453,0,0.0
46454,0,0.0
46455,0,0.0
46456,0,0.0
46457,0,0.0
46458,0,0.0
46459,0,0.0
46460,0,0.0
46461,0,0.0
46462,0,0.0
46463,0,0.0
46464,0,0.0
46465,0,0.0
46466,0,0.0
46467,0,0.0
46468,0,0.0
46469,0,0.0
46470,0,0.0
46471,0,0.0
46472,0,0.0
46473,0,0.0
46474,0,0.0
46475,0,0.0
46476,0,0.0
46477,0,0.0
46478,0,0.0
46479,0,0.0
46480,0,0.0
46481,0,0.0
46482,0,0.0
46483,0,0.0
46484,0,0.0
46485,0,0.0
46486,0,0.0
46487,0,0.0
46488,0,0.0
46489,0,0.0
46490,0,0.0
46491,0,0.0
46492,0,0.0
46493,0,0.0
46494,0,0.0
46495,0,0.0
46496,0,0.0
46497,0,0.0
46498,0,0.0
46499,0,0.0
46500,0,0.0
46501,0,0.0
46502,0,0.0
46503,0,0.0
46504,0,0.0
46505,0,0.0
46506,0,0.0
46507,0,0.0
46508,0,0.0
46509,0,0.0
46510,0,0.0
46511,0,0.0
46512,0,0.0
46513,0,0.0
46514,0,0.0
46515,0,0.0
46516,0,0.0
46517,0,0.0
46518,0,0.0
46519,0,0.0
46520,0,0.0
46521,0,0.0
46522,0,0.0
46523,0,0.0
46524,0,0.0
46525,0,0.0
46526,0,0.0
46527,0,0.0
46528,0,0.0
46529,0,0.0
46530,0,0.0
46531,0,0.0
46532,0,0.0
46533,0,0.0
46534,0,0.0
46535,0,0.0
46536,0,0.0
46537,0,0.0
46538,0,0.0
46539,0,0.0
46540,0,0.0
46541,0,0.0
46542,0,0.0
46543,0,0.0
46544,0,0.0
46545,0,0.0
46546,0,0.0
46547,0,0.0
46548,0,0.0
46549,0,0.0
46550,0,0.0
46551,0,0.0
46552,0,0.0
46553,0,0.0
46554,0,0.0
46555,0,0.0
46556,0,0.0
46557,0,0.0
46558,0,0.0
46559,0,0.0
46560,0,0.0
46561,0,0.0
46562,0,0.0
46563,0,0.0
46564,0,0.0
46565,0,0.0
46566,0,0.0
46567,0,0.0
46568,0,0.0
46569,0,0.0
46570,0,0.0
46571,0,0.0
46572,0,0.0
46573,0,0.0
46574,0,0.0
46575,0,0.0
46576,0,0.0
46577,0,0.0
46578,0,0.0
46579,0,0.0
46580,0,0.0
46581,0,0.0
46582,0,0.0
46583,0,0.0
46584,0,0.0
46585,0,0.0
46586,0,0.0
46587,0,0.0
46588,0,0.0
46589,0,0.0
46590,0,0.0
46591,0,0.0
46592,0,0.0
46593,0,0.0
46594,0,0.0
46595,0,0.0
46596,0,0.0
46597,0,0.0
46598,0,0.0
46599,0,0.0
46600,0,0.0
46601,0,0.0
46602,0,0.0
46603,0,0.0
46604,0,0.0
46605,0,0.0
46606,0,0.0
46607,0,0.0
46608,0,0.0
46609,0,0.0
46610,0,0.0
46611,0,0.0
46612,0,0.0
46613,0,0.0
46614,0,0.0
46615,0,0.0
46616,0,0.0
46617,0,0.0
46618,0,0.0
46619,0,0.0
46620,0,0.0
46621,0,0.0
46622,0,0.0
46623,0,0.0
46624,0,0.0
46625,0,0.0
46626,0,0.0
46627,0,0.0
46628,0,0.0
46629,0,0.0
46630,0,0.0
46631,0,0.0
46632,0,0.0
46633,0,0.0
46634,0,0.0
46635,0,0.0
46636,0,0.0
46637,0,0.0
46638,0,0.0
46639,0,0.0
46640,0,0.0
46641,0,0.0
46642,0,0.0
46643,0,0.0
46644,0,0.0
46645,0,0.0
46646,0,0.0
46647,0,0.0
46648,0,0.0
46649,0,0.0
46650,0,0.0
46651,0,0.0
46652,0,0.0
46653,0,0.0
46654,0,0.0
46655,0,0.0
46656,0,0.0
46657,0,0.0
46658,0,0.0
46659,0,0.0
46660,0,0.0
46661,0,0.0
46662,0,0.0
46663,0,0.0
46664,0,0.0
46665,0,0.0
46666,0,0.0
46667,0,0.0
46668,0,0.0
46669,0,0.0
46670,0,0.0
46671,0,0.0
46672,0,0.0
46673,0,0.0
46674,0,0.0
46675,0,0.0
46676,0,0.0
46677,0,0.0
46678,0,0.0
46679,0,0.0
46680,0,0.0
46681,0,0.0
46682,0,0.0
46683,0,0.0
46684,0,0.0
46685,0,0.0
46686,0,0.0
46687,0,0.0
46688,0,0.0
46689,0,0.0
46690,0,0.0
46691,0,0.0
46692,0,0.0
46693,0,0.0
46694,0,0.0
46695,0,0.0
46696,0,0.0
46697,0,0.0
46698,0,0.0
46699,0,0.0
46700,0,0.0
46701,0,0.0
46702,0,0.0
46703,0,0.0
46704,0,0.0
46705,0,0.0
46706,0,0.0
46707,0,0.0
46708,0,0.0
46709,0,0.0
46710,0,0.0
46711,0,0.0
46712,0,0.0
46713,0,0.0
46714,0,0.0
46715,0,0.0
46716,0,0.0
46717,0,0.0
46718,0,0.0
46719,0,0.0
46720,0,0.0
46721,0,0.0
46722,0,0.0
46723,0,0.0
46724,0,0.0
46725,0,0.0
46726,0,0.0
46727,0,0.0
46728,0,0.0
46729,0,0.0
46730,0,0.0
46731,0,0.0
46732,0,0.0
46733,0,0.0
46734,0,0.0
46735,0,0.0
46736,0,0.0
46737,0,0.0
46738,0,0.0
46739,0,0.0
46740,0,0.0
46741,0,0.0
46742,0,0.0
46743,0,0.0
46744,0,0.0
46745,0,0.0
46746,0,0.0
46747,0,0.0
46748,0,0.0
46749,0,0.0
46750,0,0.0
46751,0,0.0
46752,0,0.0
46753,0,0.0
46754,0,0.0
46755,0,0.0
46756,0,0.0
46757,0,0.0
46758,0,0.0
46759,0,0.0
46760,0,0.0
46761,0,0.0
46762,0,0.0
46763,0,0.0
46764,0,0.0
46765,0,0.0
46766,0,0.0
46767,0,0.0
46768,0,0.0
46769,0,0.0
46770,0,0.0
46771,0,0.0
46772,0,0.0
46773,0,0.0
46774,0,0.0
46775,0,0.0
46776,0,0.0
46777,0,0.0
46778,0,0.0
46779,0,0.0
46780,0,0.0
46781,0,0.0
46782,0,0.0
46783,0,0.0
46784,0,0.0
46785,0,0.0
46786,0,0.0
46787,0,0.0
46788,0,0.0
46789,0,0.0
46790,0,0.0
46791,0,0.0
46792,0,0.0
46793,0,0.0
46794,0,0.0
46795,0,0.0
46796,0,0.0
46797,0,0.0
46798,0,0.0
46799,0,0.0
46800,0,0.0
46801,0,0.0
46802,0,0.0
46803,0,0.0
46804,0,0.0
46805,0,0.0
46806,0,0.0
46807,0,0.0
46808,0,0.0
46809,0,0.0
46810,0,0.0
46811,0,0.0
46812,0,0.0
46813,0,0.0
46814,0,0.0
46815,0,0.0
46816,0,0.0
46817,0,0.0
46818,0,0.0
46819,0,0.0
46820,0,0.0
46821,0,0.0
46822,0,0.0
46823,0,0.0
46824,0,0.0
46825,0,0.0
46826,0,0.0
46827,0,0.0
46828,0,0.0
46829,0,0.0
46830,0,0.0
46831,0,0.0
46832,0,0.0
46833,0,0.0
46834,0,0.0
46835,0,0.0
46836,0,0.0
46837,0,0.0
46838,0,0.0
46839,0,0.0
46840,0,0.0
46841,0,0.0
46842,0,0.0
46843,0,0.0
46844,0,0.0
46845,0,0.0
46846,0,0.0
46847,0,0.0
46848,0,0.0
46849,0,0.0
46850,0,0.0
46851,0,0.0
46852,0,0.0
46853,0,0.0
46854,0,0.0
46855,0,0.0
46856,0,0.0
46857,0,0.0
46858,0,0.0
46859,0,0.0
46860,0,0.0
46861,0,0.0
46862,0,0.0
46863,0,0.0
46864,0,0.0
46865,0,0.0
46866,0,0.0
46867,0,0.0
46868,0,0.0
46869,0,0.0
46870,0,0.0
46871,0,0.0
46872,0,0.0
46873,0,0.0
46874,0,0.0
46875,0,0.0
46876,0,0.0
46877,0,0.0
46878,0,0.0
46879,0,0.0
46880,0,0.0
46881,0,0.0
46882,0,0.0
46883,0,0.0
46884,0,0.0
46885,0,0.0
46886,0,0.0
46887,0,0.0
46888,0,0.0
46889,0,0.0
46890,0,0.0
46891,0,0.0
46892,0,0.0
46893,0,0.0
46894,0,0.0
46895,0,0.0
46896,0,0.0
46897,0,0.0
46898,0,0.0
46899,0,0.0
46900,0,0.0
46901,0,0.0
46902,0,0.0
46903,0,0.0
46904,0,0.0
46905,0,0.0
46906,0,0.0
46907,0,0.0
46908,0,0.0
46909,0,0.0
46910,0,0.0
46911,0,0.0
46912,0,0.0
46913,0,0.0
46914,0,0.0
46915,0,0.0
46916,0,0.0
46917,0,0.0
46918,0,0.0
46919,0,0.0
46920,0,0.0
46921,0,0.0
46922,0,0.0
46923,0,0.0
46924,0,0.0
46925,0,0.0
46926,0,0.0
46927,0,0.0
46928,0,0.0
46929,0,0.0
46930,0,0.0
46931,0,0.0
46932,0,0.0
46933,0,0.0
46934,0,0.0
46935,0,0.0
46936,0,0.0
46937,0,0.0
46938,0,0.0
46939,0,0.0
46940,0,0.0
46941,0,0.0
46942,0,0.0
46943,0,0.0
46944,0,0.0
46945,0,0.0
46946,0,0.0
46947,0,0.0
46948,0,0.0
46949,0,0.0
46950,0,0.0
46951,0,0.0
46952,0,0.0
46953,0,0.0
46954,0,0.0
46955,0,0.0
46956,0,0.0
46957,0,0.0
46958,0,0.0
46959,0,0.0
46960,0,0.0
46961,0,0.0
46962,0,0.0
46963,0,0.0
46964,0,0.0
46965,0,0.0
46966,0,0.0
46967,0,0.0
46968,0,0.0
46969,0,0.0
46970,0,0.0
46971,0,0.0
46972,0,0.0
46973,0,0.0
46974,0,0.0
46975,0,0.0
46976,0,0.0
46977,0,0.0
46978,0,0.0
46979,0,0.0
46980,0,0.0
46981,0,0.0
46982,0,0.0
46983,0,0.0
46984,0,0.0
46985,0,0.0
46986,0,0.0
46987,0,0.0
46988,0,0.0
46989,0,0.0
46990,0,0.0
46991,0,0.0
46992,0,0.0
46993,0,0.0
46994,0,0.0
46995,0,0.0
46996,0,0.0
46997,0,0.0
46998,0,0.0
46999,0,0.0
47000,0,0.0
47001,0,0.0
47002,0,0.0
47003,0,0.0
47004,0,0.0
47005,0,0.0
47006,0,0.0
47007,0,0.0
47008,0,0.0
47009,0,0.0
47010,0,0.0
47011,0,0.0
47012,0,0.0
47013,0,0.0
47014,0,0.0
47015,0,0.0
47016,0,0.0
47017,0,0.0
47018,0,0.0
47019,0,0.0
47020,0,0.0
47021,0,0.0
47022,0,0.0
47023,0,0.0
47024,0,0.0
47025,0,0.0
47026,0,0.0
47027,0,0.0
47028,0,0.0
47029,0,0.0
47030,0,0.0
47031,0,0.0
47032,0,0.0
47033,0,0.0
47034,0,0.0
47035,0,0.0
47036,0,0.0
47037,0,0.0
47038,0,0.0
47039,0,0.0
47040,0,0.0
47041,0,0.0
47042,0,0.0
47043,0,0.0
47044,0,0.0
47045,0,0.0
47046,0,0.0
47047,0,0.0
47048,0,0.0
47049,0,0.0
47050,0,0.0
47051,0,0.0
47052,0,0.0
47053,0,0.0
47054,0,0.0
47055,0,0.0
47056,0,0.0
47057,0,0.0
47058,0,0.0
47059,0,0.0
47060,0,0.0
47061,0,0.0
47062,0,0.0
47063,0,0.0
47064,0,0.0
47065,0,0.0
47066,0,0.0
47067,0,0.0
47068,0,0.0
47069,0,0.0
47070,0,0.0
47071,0,0.0
47072,0,0.0
47073,0,0.0
47074,0,0.0
47075,0,0.0
47076,0,0.0
47077,0,0.0
47078,0,0.0
47079,0,0.0
47080,0,0.0
47081,0,0.0
47082,0,0.0
47083,0,0.0
47084,0,0.0
47085,0,0.0
47086,0,0.0
47087,0,0.0
47088,0,0.0
47089,0,0.0
47090,0,0.0
47091,0,0.0
47092,0,0.0
47093,0,0.0
47094,0,0.0
47095,0,0.0
47096,0,0.0
47097,0,0.0
47098,0,0.0
47099,0,0.0
47100,0,0.0
47101,0,0.0
47102,0,0.0
47103,0,0.0
47104,0,0.0
47105,0,0.0
47106,0,0.0
47107,0,0.0
47108,0,0.0
47109,0,0.0
47110,0,0.0
47111,0,0.0
47112,0,0.0
47113,0,0.0
47114,0,0.0
47115,0,0.0
47116,0,0.0
47117,0,0.0
47118,0,0.0
47119,0,0.0
47120,0,0.0
47121,0,0.0
47122,0,0.0
47123,0,0.0
47124,0,0.0
47125,0,0.0
47126,0,0.0
47127,0,0.0
47128,0,0.0
47129,0,0.0
47130,0,0.0
47131,0,0.0
47132,0,0.0
47133,0,0.0
47134,0,0.0
47135,0,0.0
47136,0,0.0
47137,0,0.0
47138,0,0.0
47139,0,0.0
47140,0,0.0
47141,0,0.0
47142,0,0.0
47143,0,0.0
47144,0,0.0
47145,0,0.0
47146,0,0.0
47147,0,0.0
47148,0,0.0
47149,0,0.0
47150,0,0.0
47151,0,0.0
47152,0,0.0
47153,0,0.0
47154,0,0.0
47155,0,0.0
47156,0,0.0
47157,0,0.0
47158,0,0.0
47159,0,0.0
47160,0,0.0
47161,0,0.0
47162,0,0.0
47163,0,0.0
47164,0,0.0
47165,0,0.0
47166,0,0.0
47167,0,0.0
47168,0,0.0
47169,0,0.0
47170,0,0.0
47171,0,0.0
47172,0,0.0
47173,0,0.0
47174,0,0.0
47175,0,0.0
47176,0,0.0
47177,0,0.0
47178,0,0.0
47179,0,0.0
47180,0,0.0
47181,0,0.0
47182,0,0.0
47183,0,0.0
47184,0,0.0
47185,0,0.0
47186,0,0.0
47187,0,0.0
47188,0,0.0
47189,0,0.0
47190,0,0.0
47191,0,0.0
47192,0,0.0
47193,0,0.0
47194,0,0.0
47195,0,0.0
47196,0,0.0
47197,0,0.0
47198,0,0.0
47199,0,0.0
47200,0,0.0
47201,0,0.0
47202,0,0.0
47203,0,0.0
47204,0,0.0
47205,0,0.0
47206,0,0.0
47207,0,0.0
47208,0,0.0
47209,0,0.0
47210,0,0.0
47211,0,0.0
47212,0,0.0
47213,0,0.0
47214,0,0.0
47215,0,0.0
47216,0,0.0
47217,0,0.0
47218,0,0.0
47219,0,0.0
47220,0,0.0
47221,0,0.0
47222,0,0.0
47223,0,0.0
47224,0,0.0
47225,0,0.0
47226,0,0.0
47227,0,0.0
47228,0,0.0
47229,0,0.0
47230,0,0.0
47231,0,0.0
47232,0,0.0
47233,0,0.0
47234,0,0.0
47235,0,0.0
47236,0,0.0
47237,0,0.0
47238,0,0.0
47239,0,0.0
47240,0,0.0
47241,0,0.0
47242,0,0.0
47243,0,0.0
47244,0,0.0
47245,0,0.0
47246,0,0.0
47247,0,0.0
47248,0,0.0
47249,0,0.0
47250,0,0.0
47251,0,0.0
47252,0,0.0
47253,0,0.0
47254,0,0.0
47255,0,0.0
47256,0,0.0
47257,0,0.0
47258,0,0.0
47259,0,0.0
47260,0,0.0
47261,0,0.0
47262,0,0.0
47263,0,0.0
47264,0,0.0
47265,0,0.0
47266,0,0.0
47267,0,0.0
47268,0,0.0
47269,0,0.0
47270,0,0.0
47271,0,0.0
47272,0,0.0
47273,0,0.0
47274,0,0.0
47275,0,0.0
47276,0,0.0
47277,0,0.0
47278,0,0.0
47279,0,0.0
47280,0,0.0
47281,0,0.0
47282,0,0.0
47283,0,0.0
47284,0,0.0
47285,0,0.0
47286,0,0.0
47287,0,0.0
47288,0,0.0
47289,0,0.0
47290,0,0.0
47291,0,0.0
47292,0,0.0
47293,0,0.0
47294,0,0.0
47295,0,0.0
47296,0,0.0
47297,0,0.0
47298,0,0.0
47299,0,0.0
47300,0,0.0
47301,0,0.0
47302,0,0.0
47303,0,0.0
47304,0,0.0
47305,0,0.0
47306,0,0.0
47307,0,0.0
47308,0,0.0
47309,0,0.0
47310,0,0.0
47311,0,0.0
47312,0,0.0
47313,0,0.0
47314,0,0.0
47315,0,0.0
47316,0,0.0
47317,0,0.0
47318,0,0.0
47319,0,0.0
47320,0,0.0
47321,0,0.0
47322,0,0.0
47323,0,0.0
47324,0,0.0
47325,0,0.0
47326,0,0.0
47327,0,0.0
47328,0,0.0
47329,0,0.0
47330,0,0.0
47331,0,0.0
47332,0,0.0
47333,0,0.0
47334,0,0.0
47335,0,0.0
47336,0,0.0
47337,0,0.0
47338,0,0.0
47339,0,0.0
47340,0,0.0
47341,0,0.0
47342,0,0.0
47343,0,0.0
47344,0,0.0
47345,0,0.0
47346,0,0.0
47347,0,0.0
47348,0,0.0
47349,0,0.0
47350,0,0.0
47351,0,0.0
47352,0,0.0
47353,0,0.0
47354,0,0.0
47355,0,0.0
47356,0,0.0
47357,0,0.0
47358,0,0.0
47359,0,0.0
47360,0,0.0
47361,0,0.0
47362,0,0.0
47363,0,0.0
47364,0,0.0
47365,0,0.0
47366,0,0.0
47367,0,0.0
47368,0,0.0
47369,0,0.0
47370,0,0.0
47371,0,0.0
47372,0,0.0
47373,0,0.0
47374,0,0.0
47375,0,0.0
47376,0,0.0
47377,0,0.0
47378,0,0.0
47379,0,0.0
47380,0,0.0
47381,0,0.0
47382,0,0.0
47383,0,0.0
47384,0,0.0
47385,0,0.0
47386,0,0.0
47387,0,0.0
47388,0,0.0
47389,0,0.0
47390,0,0.0
47391,0,0.0
47392,0,0.0
47393,0,0.0
47394,0,0.0
47395,0,0.0
47396,0,0.0
47397,0,0.0
47398,0,0.0
47399,0,0.0
47400,0,0.0
47401,0,0.0
47402,0,0.0
47403,0,0.0
47404,0,0.0
47405,0,0.0
47406,0,0.0
47407,0,0.0
47408,0,0.0
47409,0,0.0
47410,0,0.0
47411,0,0.0
47412,0,0.0
47413,0,0.0
47414,0,0.0
47415,0,0.0
47416,0,0.0
47417,0,0.0
47418,0,0.0
47419,0,0.0
47420,0,0.0
47421,0,0.0
47422,0,0.0
47423,0,0.0
47424,0,0.0
47425,0,0.0
47426,0,0.0
47427,0,0.0
47428,0,0.0
47429,0,0.0
47430,0,0.0
47431,0,0.0
47432,0,0.0
47433,0,0.0
47434,0,0.0
47435,0,0.0
47436,0,0.0
47437,0,0.0
47438,0,0.0
47439,0,0.0
47440,0,0.0
47441,0,0.0
47442,0,0.0
47443,0,0.0
47444,0,0.0
47445,0,0.0
47446,0,0.0
47447,0,0.0
47448,0,0.0
47449,0,0.0
47450,0,0.0
47451,0,0.0
47452,0,0.0
47453,0,0.0
47454,0,0.0
47455,0,0.0
47456,0,0.0
47457,0,0.0
47458,0,0.0
47459,0,0.0
47460,0,0.0
47461,0,0.0
47462,0,0.0
47463,0,0.0
47464,0,0.0
47465,0,0.0
47466,0,0.0
47467,0,0.0
47468,0,0.0
47469,0,0.0
47470,0,0.0
47471,0,0.0
47472,0,0.0
47473,0,0.0
47474,0,0.0
47475,0,0.0
47476,0,0.0
47477,0,0.0
47478,0,0.0
47479,0,0.0
47480,0,0.0
47481,0,0.0
47482,0,0.0
47483,0,0.0
47484,0,0.0
47485,0,0.0
47486,0,0.0
47487,0,0.0
47488,0,0.0
47489,0,0.0
47490,0,0.0
47491,0,0.0
47492,0,0.0
47493,0,0.0
47494,0,0.0
47495,0,0.0
47496,0,0.0
47497,0,0.0
47498,0,0.0
47499,0,0.0
47500,0,0.0
47501,0,0.0
47502,0,0.0
47503,0,0.0
47504,0,0.0
47505,0,0.0
47506,0,0.0
47507,0,0.0
47508,0,0.0
47509,0,0.0
47510,0,0.0
47511,0,0.0
47512,0,0.0
47513,0,0.0
47514,0,0.0
47515,0,0.0
47516,0,0.0
47517,0,0.0
47518,0,0.0
47519,0,0.0
47520,0,0.0
47521,0,0.0
47522,0,0.0
47523,0,0.0
47524,0,0.0
47525,0,0.0
47526,0,0.0
47527,0,0.0
47528,0,0.0
47529,0,0.0
47530,0,0.0
47531,0,0.0
47532,0,0.0
47533,0,0.0
47534,0,0.0
47535,0,0.0
47536,0,0.0
47537,0,0.0
47538,0,0.0
47539,0,0.0
47540,0,0.0
47541,0,0.0
47542,0,0.0
47543,0,0.0
47544,0,0.0
47545,0,0.0
47546,0,0.0
47547,0,0.0
47548,0,0.0
47549,0,0.0
47550,0,0.0
47551,0,0.0
47552,0,0.0
47553,0,0.0
47554,0,0.0
47555,0,0.0
47556,0,0.0
47557,0,0.0
47558,0,0.0
47559,0,0.0
47560,0,0.0
47561,0,0.0
47562,0,0.0
47563,0,0.0
47564,0,0.0
47565,0,0.0
47566,0,0.0
47567,0,0.0
47568,0,0.0
47569,0,0.0
47570,0,0.0
47571,0,0.0
47572,0,0.0
47573,0,0.0
47574,0,0.0
47575,0,0.0
47576,0,0.0
47577,0,0.0
47578,0,0.0
47579,0,0.0
47580,0,0.0
47581,0,0.0
47582,0,0.0
47583,0,0.0
47584,0,0.0
47585,0,0.0
47586,0,0.0
47587,0,0.0
47588,0,0.0
47589,0,0.0
47590,0,0.0
47591,0,0.0
47592,0,0.0
47593,0,0.0
47594,0,0.0
47595,0,0.0
47596,0,0.0
47597,0,0.0
47598,0,0.0
47599,0,0.0
47600,0,0.0
47601,0,0.0
47602,0,0.0
47603,0,0.0
47604,0,0.0
47605,0,0.0
47606,0,0.0
47607,0,0.0
47608,0,0.0
47609,0,0.0
47610,0,0.0
47611,0,0.0
47612,0,0.0
47613,0,0.0
47614,0,0.0
47615,0,0.0
47616,0,0.0
47617,0,0.0
47618,0,0.0
47619,0,0.0
47620,0,0.0
47621,0,0.0
47622,0,0.0
47623,0,0.0
47624,0,0.0
47625,0,0.0
47626,0,0.0
47627,0,0.0
47628,0,0.0
47629,0,0.0
47630,0,0.0
47631,0,0.0
47632,0,0.0
47633,0,0.0
47634,0,0.0
47635,0,0.0
47636,0,0.0
47637,0,0.0
47638,0,0.0
47639,0,0.0
47640,0,0.0
47641,0,0.0
47642,0,0.0
47643,0,0.0
47644,0,0.0
47645,0,0.0
47646,0,0.0
47647,0,0.0
47648,0,0.0
47649,0,0.0
47650,0,0.0
47651,0,0.0
47652,0,0.0
47653,0,0.0
47654,0,0.0
47655,0,0.0
47656,0,0.0
47657,0,0.0
47658,0,0.0
47659,0,0.0
47660,0,0.0
47661,0,0.0
47662,0,0.0
47663,0,0.0
47664,0,0.0
47665,0,0.0
47666,0,0.0
47667,0,0.0
47668,0,0.0
47669,0,0.0
47670,0,0.0
47671,0,0.0
47672,0,0.0
47673,0,0.0
47674,0,0.0
47675,0,0.0
47676,0,0.0
47677,0,0.0
47678,0,0.0
47679,0,0.0
47680,0,0.0
47681,0,0.0
47682,0,0.0
47683,0,0.0
47684,0,0.0
47685,0,0.0
47686,0,0.0
47687,0,0.0
47688,0,0.0
47689,0,0.0
47690,0,0.0
47691,0,0.0
47692,0,0.0
47693,0,0.0
47694,0,0.0
47695,0,0.0
47696,0,0.0
47697,0,0.0
47698,0,0.0
47699,0,0.0
47700,0,0.0
47701,0,0.0
47702,0,0.0
47703,0,0.0
47704,0,0.0
47705,0,0.0
47706,0,0.0
47707,0,0.0
47708,0,0.0
47709,0,0.0
47710,0,0.0
47711,0,0.0
47712,0,0.0
47713,0,0.0
47714,0,0.0
47715,0,0.0
47716,0,0.0
47717,0,0.0
47718,0,0.0
47719,0,0.0
47720,0,0.0
47721,0,0.0
47722,0,0.0
47723,0,0.0
47724,0,0.0
47725,0,0.0
47726,0,0.0
47727,0,0.0
47728,0,0.0
47729,0,0.0
47730,0,0.0
47731,0,0.0
47732,0,0.0
47733,0,0.0
47734,0,0.0
47735,0,0.0
47736,0,0.0
47737,0,0.0
47738,0,0.0
47739,0,0.0
47740,0,0.0
47741,0,0.0
47742,0,0.0
47743,0,0.0
47744,0,0.0
47745,0,0.0
47746,0,0.0
47747,0,0.0
47748,0,0.0
47749,0,0.0
47750,0,0.0
47751,0,0.0
47752,0,0.0
47753,0,0.0
47754,0,0.0
47755,0,0.0
47756,0,0.0
47757,0,0.0
47758,0,0.0
47759,0,0.0
47760,0,0.0
47761,0,0.0
47762,0,0.0
47763,0,0.0
47764,0,0.0
47765,0,0.0
47766,0,0.0
47767,0,0.0
47768,0,0.0
47769,0,0.0
47770,0,0.0
47771,0,0.0
47772,0,0.0
47773,0,0.0
47774,0,0.0
47775,0,0.0
47776,0,0.0
47777,0,0.0
47778,0,0.0
47779,0,0.0
47780,0,0.0
47781,0,0.0
47782,0,0.0
47783,0,0.0
47784,0,0.0
47785,0,0.0
47786,0,0.0
47787,0,0.0
47788,0,0.0
47789,0,0.0
47790,0,0.0
47791,0,0.0
47792,0,0.0
47793,0,0.0
47794,0,0.0
47795,0,0.0
47796,0,0.0
47797,0,0.0
47798,0,0.0
47799,0,0.0
47800,0,0.0
47801,0,0.0
47802,0,0.0
47803,0,0.0
47804,0,0.0
47805,0,0.0
47806,0,0.0
47807,0,0.0
47808,0,0.0
47809,0,0.0
47810,0,0.0
47811,0,0.0
47812,0,0.0
47813,0,0.0
47814,0,0.0
47815,0,0.0
47816,0,0.0
47817,0,0.0
47818,0,0.0
47819,0,0.0
47820,0,0.0
47821,0,0.0
47822,0,0.0
47823,0,0.0
47824,0,0.0
47825,0,0.0
47826,0,0.0
47827,0,0.0
47828,0,0.0
47829,0,0.0
47830,0,0.0
47831,0,0.0
47832,0,0.0
47833,0,0.0
47834,0,0.0
47835,0,0.0
47836,0,0.0
47837,0,0.0
47838,0,0.0
47839,0,0.0
47840,0,0.0
47841,0,0.0
47842,0,0.0
47843,0,0.0
47844,0,0.0
47845,0,0.0
47846,0,0.0
47847,0,0.0
47848,0,0.0
47849,0,0.0
47850,0,0.0
47851,0,0.0
47852,0,0.0
47853,0,0.0
47854,0,0.0
47855,0,0.0
47856,0,0.0
47857,0,0.0
47858,0,0.0
47859,0,0.0
47860,0,0.0
47861,0,0.0
47862,0,0.0
47863,0,0.0
47864,0,0.0
47865,0,0.0
47866,0,0.0
47867,0,0.0
47868,0,0.0
47869,0,0.0
47870,0,0.0
47871,0,0.0
47872,0,0.0
47873,0,0.0
47874,0,0.0
47875,0,0.0
47876,0,0.0
47877,0,0.0
47878,0,0.0
47879,0,0.0
47880,0,0.0
47881,0,0.0
47882,0,0.0
47883,0,0.0
47884,0,0.0
47885,0,0.0
47886,0,0.0
47887,0,0.0
47888,0,0.0
47889,0,0.0
47890,0,0.0
47891,0,0.0
47892,0,0.0
47893,0,0.0
47894,0,0.0
47895,0,0.0
47896,0,0.0
47897,0,0.0
47898,0,0.0
47899,0,0.0
47900,0,0.0
47901,0,0.0
47902,0,0.0
47903,0,0.0
47904,0,0.0
47905,0,0.0
47906,0,0.0
47907,0,0.0
47908,0,0.0
47909,0,0.0
47910,0,0.0
47911,0,0.0
47912,0,0.0
47913,0,0.0
47914,0,0.0
47915,0,0.0
47916,0,0.0
47917,0,0.0
47918,0,0.0
47919,0,0.0
47920,0,0.0
47921,0,0.0
47922,0,0.0
47923,0,0.0
47924,0,0.0
47925,0,0.0
47926,0,0.0
47927,0,0.0
47928,0,0.0
47929,0,0.0
47930,0,0.0
47931,0,0.0
47932,0,0.0
47933,0,0.0
47934,0,0.0
47935,0,0.0
47936,0,0.0
47937,0,0.0
47938,0,0.0
47939,0,0.0
47940,0,0.0
47941,0,0.0
47942,0,0.0
47943,0,0.0
47944,0,0.0
47945,0,0.0
47946,0,0.0
47947,0,0.0
47948,0,0.0
47949,0,0.0
47950,0,0.0
47951,0,0.0
47952,0,0.0
47953,0,0.0
47954,0,0.0
47955,0,0.0
47956,0,0.0
47957,0,0.0
47958,0,0.0
47959,0,0.0
47960,0,0.0
47961,0,0.0
47962,0,0.0
47963,0,0.0
47964,0,0.0
47965,0,0.0
47966,0,0.0
47967,0,0.0
47968,0,0.0
47969,0,0.0
47970,0,0.0
47971,0,0.0
47972,0,0.0
47973,0,0.0
47974,0,0.0
47975,0,0.0
47976,0,0.0
47977,0,0.0
47978,0,0.0
47979,0,0.0
47980,0,0.0
47981,0,0.0
47982,0,0.0
47983,0,0.0
47984,0,0.0
47985,0,0.0
47986,0,0.0
47987,0,0.0
47988,0,0.0
47989,0,0.0
47990,0,0.0
47991,0,0.0
47992,0,0.0
47993,0,0.0
47994,0,0.0
47995,0,0.0
47996,0,0.0
47997,0,0.0
47998,0,0.0
47999,0,0.0
48000,0,0.0
48001,0,0.0
48002,0,0.0
48003,0,0.0
48004,0,0.0
48005,0,0.0
48006,0,0.0
48007,0,0.0
48008,0,0.0
48009,0,0.0
48010,0,0.0
48011,0,0.0
48012,0,0.0
48013,0,0.0
48014,0,0.0
48015,0,0.0
48016,0,0.0
48017,0,0.0
48018,0,0.0
48019,0,0.0
48020,0,0.0
48021,0,0.0
48022,0,0.0
48023,0,0.0
48024,0,0.0
48025,0,0.0
48026,0,0.0
48027,0,0.0
48028,0,0.0
48029,0,0.0
48030,0,0.0
48031,0,0.0
48032,0,0.0
48033,0,0.0
48034,0,0.0
48035,0,0.0
48036,0,0.0
48037,0,0.0
48038,0,0.0
48039,0,0.0
48040,0,0.0
48041,0,0.0
48042,0,0.0
48043,0,0.0
48044,0,0.0
48045,0,0.0
48046,0,0.0
48047,0,0.0
48048,0,0.0
48049,0,0.0
48050,0,0.0
48051,0,0.0
48052,0,0.0
48053,0,0.0
48054,0,0.0
48055,0,0.0
48056,0,0.0
48057,0,0.0
48058,0,0.0
48059,0,0.0
48060,0,0.0
48061,0,0.0
48062,0,0.0
48063,0,0.0
48064,0,0.0
48065,0,0.0
48066,0,0.0
48067,0,0.0
48068,0,0.0
48069,0,0.0
48070,0,0.0
48071,0,0.0
48072,0,0.0
48073,0,0.0
48074,0,0.0
48075,0,0.0
48076,0,0.0
48077,0,0.0
48078,0,0.0
48079,0,0.0
48080,0,0.0
48081,0,0.0
48082,0,0.0
48083,0,0.0
48084,0,0.0
48085,0,0.0
48086,0,0.0
48087,0,0.0
48088,0,0.0
48089,0,0.0
48090,0,0.0
48091,0,0.0
48092,0,0.0
48093,0,0.0
48094,0,0.0
48095,0,0.0
48096,0,0.0
48097,0,0.0
48098,0,0.0
48099,0,0.0
48100,0,0.0
48101,0,0.0
48102,0,0.0
48103,0,0.0
48104,0,0.0
48105,0,0.0
48106,0,0.0
48107,0,0.0
48108,0,0.0
48109,0,0.0
48110,0,0.0
48111,0,0.0
48112,0,0.0
48113,0,0.0
48114,0,0.0
48115,0,0.0
48116,0,0.0
48117,0,0.0
48118,0,0.0
48119,0,0.0
48120,0,0.0
48121,0,0.0
48122,0,0.0
48123,0,0.0
48124,0,0.0
48125,0,0.0
48126,0,0.0
48127,0,0.0
48128,0,0.0
48129,0,0.0
48130,0,0.0
48131,0,0.0
48132,0,0.0
48133,0,0.0
48134,0,0.0
48135,0,0.0
48136,0,0.0
48137,0,0.0
48138,0,0.0
48139,0,0.0
48140,0,0.0
48141,0,0.0
48142,0,0.0
48143,0,0.0
48144,0,0.0
48145,0,0.0
48146,0,0.0
48147,0,0.0
48148,0,0.0
48149,0,0.0
48150,0,0.0
48151,0,0.0
48152,0,0.0
48153,0,0.0
48154,0,0.0
48155,0,0.0
48156,0,0.0
48157,0,0.0
48158,0,0.0
48159,0,0.0
48160,0,0.0
48161,0,0.0
48162,0,0.0
48163,0,0.0
48164,0,0.0
48165,0,0.0
48166,0,0.0
48167,0,0.0
48168,0,0.0
48169,0,0.0
48170,0,0.0
48171,0,0.0
48172,0,0.0
48173,0,0.0
48174,0,0.0
48175,0,0.0
48176,0,0.0
48177,0,0.0
48178,0,0.0
48179,0,0.0
48180,0,0.0
48181,0,0.0
48182,0,0.0
48183,0,0.0
48184,0,0.0
48185,0,0.0
48186,0,0.0
48187,0,0.0
48188,0,0.0
48189,0,0.0
48190,0,0.0
48191,0,0.0
48192,0,0.0
48193,0,0.0
48194,0,0.0
48195,0,0.0
48196,0,0.0
48197,0,0.0
48198,0,0.0
48199,0,0.0
48200,0,0.0
48201,0,0.0
48202,0,0.0
48203,0,0.0
48204,0,0.0
48205,0,0.0
48206,0,0.0
48207,0,0.0
48208,0,0.0
48209,0,0.0
48210,0,0.0
48211,0,0.0
48212,0,0.0
48213,0,0.0
48214,0,0.0
48215,0,0.0
48216,0,0.0
48217,0,0.0
48218,0,0.0
48219,0,0.0
48220,0,0.0
48221,0,0.0
48222,0,0.0
48223,0,0.0
48224,0,0.0
48225,0,0.0
48226,0,0.0
48227,0,0.0
48228,0,0.0
48229,0,0.0
48230,0,0.0
48231,0,0.0
48232,0,0.0
48233,0,0.0
48234,0,0.0
48235,0,0.0
48236,0,0.0
48237,0,0.0
48238,0,0.0
48239,0,0.0
48240,0,0.0
48241,0,0.0
48242,0,0.0
48243,0,0.0
48244,0,0.0
48245,0,0.0
48246,0,0.0
48247,0,0.0
48248,0,0.0
48249,0,0.0
48250,0,0.0
48251,0,0.0
48252,0,0.0
48253,0,0.0
48254,0,0.0
48255,0,0.0
48256,0,0.0
48257,0,0.0
48258,0,0.0
48259,0,0.0
48260,0,0.0
48261,0,0.0
48262,0,0.0
48263,0,0.0
48264,0,0.0
48265,0,0.0
48266,0,0.0
48267,0,0.0
48268,0,0.0
48269,0,0.0
48270,0,0.0
48271,0,0.0
48272,0,0.0
48273,0,0.0
48274,0,0.0
48275,0,0.0
48276,0,0.0
48277,0,0.0
48278,0,0.0
48279,0,0.0
48280,0,0.0
48281,0,0.0
48282,0,0.0
48283,0,0.0
48284,0,0.0
48285,0,0.0
48286,0,0.0
48287,0,0.0
48288,0,0.0
48289,0,0.0
48290,0,0.0
48291,0,0.0
48292,0,0.0
48293,0,0.0
48294,0,0.0
48295,0,0.0
48296,0,0.0
48297,0,0.0
48298,0,0.0
48299,0,0.0
48300,0,0.0
48301,0,0.0
48302,0,0.0
48303,0,0.0
48304,0,0.0
48305,0,0.0
48306,0,0.0
48307,0,0.0
48308,0,0.0
48309,0,0.0
48310,0,0.0
48311,0,0.0
48312,0,0.0
48313,0,0.0
48314,0,0.0
48315,0,0.0
48316,0,0.0
48317,0,0.0
48318,0,0.0
48319,0,0.0
48320,0,0.0
48321,0,0.0
48322,0,0.0
48323,0,0.0
48324,0,0.0
48325,0,0.0
48326,0,0.0
48327,0,0.0
48328,0,0.0
48329,0,0.0
48330,0,0.0
48331,0,0.0
48332,0,0.0
48333,0,0.0
48334,0,0.0
48335,0,0.0
48336,0,0.0
48337,0,0.0
48338,0,0.0
48339,0,0.0
48340,0,0.0
48341,0,0.0
48342,0,0.0
48343,0,0.0
48344,0,0.0
48345,0,0.0
48346,0,0.0
48347,0,0.0
48348,0,0.0
48349,0,0.0
48350,0,0.0
48351,0,0.0
48352,0,0.0
48353,0,0.0
48354,0,0.0
48355,0,0.0
48356,0,0.0
48357,0,0.0
48358,0,0.0
48359,0,0.0
48360,0,0.0
48361,0,0.0
48362,0,0.0
48363,0,0.0
48364,0,0.0
48365,0,0.0
48366,0,0.0
48367,0,0.0
48368,0,0.0
48369,0,0.0
48370,0,0.0
48371,0,0.0
48372,0,0.0
48373,0,0.0
48374,0,0.0
48375,0,0.0
48376,0,0.0
48377,0,0.0
48378,0,0.0
48379,0,0.0
48380,0,0.0
48381,0,0.0
48382,0,0.0
48383,0,0.0
48384,0,0.0
48385,0,0.0
48386,0,0.0
48387,0,0.0
48388,0,0.0
48389,0,0.0
48390,0,0.0
48391,0,0.0
48392,0,0.0
48393,0,0.0
48394,0,0.0
48395,0,0.0
48396,0,0.0
48397,0,0.0
48398,0,0.0
48399,0,0.0
48400,0,0.0
48401,0,0.0
48402,0,0.0
48403,0,0.0
48404,0,0.0
48405,0,0.0
48406,0,0.0
48407,0,0.0
48408,0,0.0
48409,0,0.0
48410,0,0.0
48411,0,0.0
48412,0,0.0
48413,0,0.0
48414,0,0.0
48415,0,0.0
48416,0,0.0
48417,0,0.0
48418,0,0.0
48419,0,0.0
48420,0,0.0
48421,0,0.0
48422,0,0.0
48423,0,0.0
48424,0,0.0
48425,0,0.0
48426,0,0.0
48427,0,0.0
48428,0,0.0
48429,0,0.0
48430,0,0.0
48431,0,0.0
48432,0,0.0
48433,0,0.0
48434,0,0.0
48435,0,0.0
48436,0,0.0
48437,0,0.0
48438,0,0.0
48439,0,0.0
48440,0,0.0
48441,0,0.0
48442,0,0.0
48443,0,0.0
48444,0,0.0
48445,0,0.0
48446,0,0.0
48447,0,0.0
48448,0,0.0
48449,0,0.0
48450,0,0.0
48451,0,0.0
48452,0,0.0
48453,0,0.0
48454,0,0.0
48455,0,0.0
48456,0,0.0
48457,0,0.0
48458,0,0.0
48459,0,0.0
48460,0,0.0
48461,0,0.0
48462,0,0.0
48463,0,0.0
48464,0,0.0
48465,0,0.0
48466,0,0.0
48467,0,0.0
48468,0,0.0
48469,0,0.0
48470,0,0.0
48471,0,0.0
48472,0,0.0
48473,0,0.0
48474,0,0.0
48475,0,0.0
48476,0,0.0
48477,0,0.0
48478,0,0.0
48479,0,0.0
48480,0,0.0
48481,0,0.0
48482,0,0.0
48483,0,0.0
48484,0,0.0
48485,0,0.0
48486,0,0.0
48487,0,0.0
48488,0,0.0
48489,0,0.0
48490,0,0.0
48491,0,0.0
48492,0,0.0
48493,0,0.0
48494,0,0.0
48495,0,0.0
48496,0,0.0
48497,0,0.0
48498,0,0.0
48499,0,0.0
48500,0,0.0
48501,0,0.0
48502,0,0.0
48503,0,0.0
48504,0,0.0
48505,0,0.0
48506,0,0.0
48507,0,0.0
48508,0,0.0
48509,0,0.0
48510,0,0.0
48511,0,0.0
48512,0,0.0
48513,0,0.0
48514,0,0.0
48515,0,0.0
48516,0,0.0
48517,0,0.0
48518,0,0.0
48519,0,0.0
48520,0,0.0
48521,0,0.0
48522,0,0.0
48523,0,0.0
48524,0,0.0
48525,0,0.0
48526,0,0.0
48527,0,0.0
48528,0,0.0
48529,0,0.0
48530,0,0.0
48531,0,0.0
48532,0,0.0
48533,0,0.0
48534,0,0.0
48535,0,0.0
48536,0,0.0
48537,0,0.0
48538,0,0.0
48539,0,0.0
48540,0,0.0
48541,0,0.0
48542,0,0.0
48543,0,0.0
48544,0,0.0
48545,0,0.0
48546,0,0.0
48547,0,0.0
48548,0,0.0
48549,0,0.0
48550,0,0.0
48551,0,0.0
48552,0,0.0
48553,0,0.0
48554,0,0.0
48555,0,0.0
48556,0,0.0
48557,0,0.0
48558,0,0.0
48559,0,0.0
48560,0,0.0
48561,0,0.0
48562,0,0.0
48563,0,0.0
48564,0,0.0
48565,0,0.0
48566,0,0.0
48567,0,0.0
48568,0,0.0
48569,0,0.0
48570,0,0.0
48571,0,0.0
48572,0,0.0
48573,0,0.0
48574,0,0.0
48575,0,0.0
48576,0,0.0
48577,0,0.0
48578,0,0.0
48579,0,0.0
48580,0,0.0
48581,0,0.0
48582,0,0.0
48583,0,0.0
48584,0,0.0
48585,0,0.0
48586,0,0.0
48587,0,0.0
48588,0,0.0
48589,0,0.0
48590,0,0.0
48591,0,0.0
48592,0,0.0
48593,0,0.0
48594,0,0.0
48595,0,0.0
48596,0,0.0
48597,0,0.0
48598,0,0.0
48599,0,0.0
48600,0,0.0
48601,0,0.0
48602,0,0.0
48603,0,0.0
48604,0,0.0
48605,0,0.0
48606,0,0.0
48607,0,0.0
48608,0,0.0
48609,0,0.0
48610,0,0.0
48611,0,0.0
48612,0,0.0
48613,0,0.0
48614,0,0.0
48615,0,0.0
48616,0,0.0
48617,0,0.0
48618,0,0.0
48619,0,0.0
48620,0,0.0
48621,0,0.0
48622,0,0.0
48623,0,0.0
48624,0,0.0
48625,0,0.0
48626,0,0.0
48627,0,0.0
48628,0,0.0
48629,0,0.0
48630,0,0.0
48631,0,0.0
48632,0,0.0
48633,0,0.0
48634,0,0.0
48635,0,0.0
48636,0,0.0
48637,0,0.0
48638,0,0.0
48639,0,0.0
48640,0,0.0
48641,0,0.0
48642,0,0.0
48643,0,0.0
48644,0,0.0
48645,0,0.0
48646,0,0.0
48647,0,0.0
48648,0,0.0
48649,0,0.0
48650,0,0.0
48651,0,0.0
48652,0,0.0
48653,0,0.0
48654,0,0.0
48655,0,0.0
48656,0,0.0
48657,0,0.0
48658,0,0.0
48659,0,0.0
48660,0,0.0
48661,0,0.0
48662,0,0.0
48663,0,0.0
48664,0,0.0
48665,0,0.0
48666,0,0.0
48667,0,0.0
48668,0,0.0
48669,0,0.0
48670,0,0.0
48671,0,0.0
48672,0,0.0
48673,0,0.0
48674,0,0.0
48675,0,0.0
48676,0,0.0
48677,0,0.0
48678,0,0.0
48679,0,0.0
48680,0,0.0
48681,0,0.0
48682,0,0.0
48683,0,0.0
48684,0,0.0
48685,0,0.0
48686,0,0.0
48687,0,0.0
48688,0,0.0
48689,0,0.0
48690,0,0.0
48691,0,0.0
48692,0,0.0
48693,0,0.0
48694,0,0.0
48695,0,0.0
48696,0,0.0
48697,0,0.0
48698,0,0.0
48699,0,0.0
48700,0,0.0
48701,0,0.0
48702,0,0.0
48703,0,0.0
48704,0,0.0
48705,0,0.0
48706,0,0.0
48707,0,0.0
48708,0,0.0
48709,0,0.0
48710,0,0.0
48711,0,0.0
48712,0,0.0
48713,0,0.0
48714,0,0.0
48715,0,0.0
48716,0,0.0
48717,0,0.0
48718,0,0.0
48719,0,0.0
48720,0,0.0
48721,0,0.0
48722,0,0.0
48723,0,0.0
48724,0,0.0
48725,0,0.0
48726,0,0.0
48727,0,0.0
48728,0,0.0
48729,0,0.0
48730,0,0.0
48731,0,0.0
48732,0,0.0
48733,0,0.0
48734,0,0.0
48735,0,0.0
48736,0,0.0
48737,0,0.0
48738,0,0.0
48739,0,0.0
48740,0,0.0
48741,0,0.0
48742,0,0.0
48743,0,0.0
48744,0,0.0
48745,0,0.0
48746,0,0.0
48747,0,0.0
48748,0,0.0
48749,0,0.0
48750,0,0.0
48751,0,0.0
48752,0,0.0
48753,0,0.0
48754,0,0.0
48755,0,0.0
48756,0,0.0
48757,0,0.0
48758,0,0.0
48759,0,0.0
48760,0,0.0
48761,0,0.0
48762,0,0.0
48763,0,0.0
48764,0,0.0
48765,0,0.0
48766,0,0.0
48767,0,0.0
48768,0,0.0
48769,0,0.0
48770,0,0.0
48771,0,0.0
48772,0,0.0
48773,0,0.0
48774,0,0.0
48775,0,0.0
48776,0,0.0
48777,0,0.0
48778,0,0.0
48779,0,0.0
48780,0,0.0
48781,0,0.0
48782,0,0.0
48783,0,0.0
48784,0,0.0
48785,0,0.0
48786,0,0.0
48787,0,0.0
48788,0,0.0
48789,0,0.0
48790,0,0.0
48791,0,0.0
48792,0,0.0
48793,0,0.0
48794,0,0.0
48795,0,0.0
48796,0,0.0
48797,0,0.0
48798,0,0.0
48799,0,0.0
48800,0,0.0
48801,0,0.0
48802,0,0.0
48803,0,0.0
48804,0,0.0
48805,0,0.0
48806,0,0.0
48807,0,0.0
48808,0,0.0
48809,0,0.0
48810,0,0.0
48811,0,0.0
48812,0,0.0
48813,0,0.0
48814,0,0.0
48815,0,0.0
48816,0,0.0
48817,0,0.0
48818,0,0.0
48819,0,0.0
48820,0,0.0
48821,0,0.0
48822,0,0.0
48823,0,0.0
48824,0,0.0
48825,0,0.0
48826,0,0.0
48827,0,0.0
48828,0,0.0
48829,0,0.0
48830,0,0.0
48831,0,0.0
48832,0,0.0
48833,0,0.0
48834,0,0.0
48835,0,0.0
48836,0,0.0
48837,0,0.0
48838,0,0.0
48839,0,0.0
48840,0,0.0
48841,0,0.0
48842,0,0.0
48843,0,0.0
48844,0,0.0
48845,0,0.0
48846,0,0.0
48847,0,0.0
48848,0,0.0
48849,0,0.0
48850,0,0.0
48851,0,0.0
48852,0,0.0
48853,0,0.0
48854,0,0.0
48855,0,0.0
48856,0,0.0
48857,0,0.0
48858,0,0.0
48859,0,0.0
48860,0,0.0
48861,0,0.0
48862,0,0.0
48863,0,0.0
48864,0,0.0
48865,0,0.0
48866,0,0.0
48867,0,0.0
48868,0,0.0
48869,0,0.0
48870,0,0.0
48871,0,0.0
48872,0,0.0
48873,0,0.0
48874,0,0.0
48875,0,0.0
48876,0,0.0
48877,0,0.0
48878,0,0.0
48879,0,0.0
48880,0,0.0
48881,0,0.0
48882,0,0.0
48883,0,0.0
48884,0,0.0
48885,0,0.0
48886,0,0.0
48887,0,0.0
48888,0,0.0
48889,0,0.0
48890,0,0.0
48891,0,0.0
48892,0,0.0
48893,0,0.0
48894,0,0.0
48895,0,0.0
48896,0,0.0
48897,0,0.0
48898,0,0.0
48899,0,0.0
48900,0,0.0
48901,0,0.0
48902,0,0.0
48903,0,0.0
48904,0,0.0
48905,0,0.0
48906,0,0.0
48907,0,0.0
48908,0,0.0
48909,0,0.0
48910,0,0.0
48911,0,0.0
48912,0,0.0
48913,0,0.0
48914,0,0.0
48915,0,0.0
48916,0,0.0
48917,0,0.0
48918,0,0.0
48919,0,0.0
48920,0,0.0
48921,0,0.0
48922,0,0.0
48923,0,0.0
48924,0,0.0
48925,0,0.0
48926,0,0.0
48927,0,0.0
48928,0,0.0
48929,0,0.0
48930,0,0.0
48931,0,0.0
48932,0,0.0
48933,0,0.0
48934,0,0.0
48935,0,0.0
48936,0,0.0
48937,0,0.0
48938,0,0.0
48939,0,0.0
48940,0,0.0
48941,0,0.0
48942,0,0.0
48943,0,0.0
48944,0,0.0
48945,0,0.0
48946,0,0.0
48947,0,0.0
48948,0,0.0
48949,0,0.0
48950,0,0.0
48951,0,0.0
48952,0,0.0
48953,0,0.0
48954,0,0.0
48955,0,0.0
48956,0,0.0
48957,0,0.0
48958,0,0.0
48959,0,0.0
48960,0,0.0
48961,0,0.0
48962,0,0.0
48963,0,0.0
48964,0,0.0
48965,0,0.0
48966,0,0.0
48967,0,0.0
48968,0,0.0
48969,0,0.0
48970,0,0.0
48971,0,0.0
48972,0,0.0
48973,0,0.0
48974,0,0.0
48975,0,0.0
48976,0,0.0
48977,0,0.0
48978,0,0.0
48979,0,0.0
48980,0,0.0
48981,0,0.0
48982,0,0.0
48983,0,0.0
48984,0,0.0
48985,0,0.0
48986,0,0.0
48987,0,0.0
48988,0,0.0
48989,0,0.0
48990,0,0.0
48991,0,0.0
48992,0,0.0
48993,0,0.0
48994,0,0.0
48995,0,0.0
48996,0,0.0
48997,0,0.0
48998,0,0.0
48999,0,0.0
49000,0,0.0
49001,0,0.0
49002,0,0.0
49003,0,0.0
49004,0,0.0
49005,0,0.0
49006,0,0.0
49007,0,0.0
49008,0,0.0
49009,0,0.0
49010,0,0.0
49011,0,0.0
49012,0,0.0
49013,0,0.0
49014,0,0.0
49015,0,0.0
49016,0,0.0
49017,0,0.0
49018,0,0.0
49019,0,0.0
49020,0,0.0
49021,0,0.0
49022,0,0.0
49023,0,0.0
49024,0,0.0
49025,0,0.0
49026,0,0.0
49027,0,0.0
49028,0,0.0
49029,0,0.0
49030,0,0.0
49031,0,0.0
49032,0,0.0
49033,0,0.0
49034,0,0.0
49035,0,0.0
49036,0,0.0
49037,0,0.0
49038,0,0.0
49039,0,0.0
49040,0,0.0
49041,0,0.0
49042,0,0.0
49043,0,0.0
49044,0,0.0
49045,0,0.0
49046,0,0.0
49047,0,0.0
49048,0,0.0
49049,0,0.0
49050,0,0.0
49051,0,0.0
49052,0,0.0
49053,0,0.0
49054,0,0.0
49055,0,0.0
49056,0,0.0
49057,0,0.0
49058,0,0.0
49059,0,0.0
49060,0,0.0
49061,0,0.0
49062,0,0.0
49063,0,0.0
49064,0,0.0
49065,0,0.0
49066,0,0.0
49067,0,0.0
49068,0,0.0
49069,0,0.0
49070,0,0.0
49071,0,0.0
49072,0,0.0
49073,0,0.0
49074,0,0.0
49075,0,0.0
49076,0,0.0
49077,0,0.0
49078,0,0.0
49079,0,0.0
49080,0,0.0
49081,0,0.0
49082,0,0.0
49083,0,0.0
49084,0,0.0
49085,0,0.0
49086,0,0.0
49087,0,0.0
49088,0,0.0
49089,0,0.0
49090,0,0.0
49091,0,0.0
49092,0,0.0
49093,0,0.0
49094,0,0.0
49095,0,0.0
49096,0,0.0
49097,0,0.0
49098,0,0.0
49099,0,0.0
49100,0,0.0
49101,0,0.0
49102,0,0.0
49103,0,0.0
49104,0,0.0
49105,0,0.0
49106,0,0.0
49107,0,0.0
49108,0,0.0
49109,0,0.0
49110,0,0.0
49111,0,0.0
49112,0,0.0
49113,0,0.0
49114,0,0.0
49115,0,0.0
49116,0,0.0
49117,0,0.0
49118,0,0.0
49119,0,0.0
49120,0,0.0
49121,0,0.0
49122,0,0.0
49123,0,0.0
49124,0,0.0
49125,0,0.0
49126,0,0.0
49127,0,0.0
49128,0,0.0
49129,0,0.0
49130,0,0.0
49131,0,0.0
49132,0,0.0
49133,0,0.0
49134,0,0.0
49135,0,0.0
49136,0,0.0
49137,0,0.0
49138,0,0.0
49139,0,0.0
49140,0,0.0
49141,0,0.0
49142,0,0.0
49143,0,0.0
49144,0,0.0
49145,0,0.0
49146,0,0.0
49147,0,0.0
49148,0,0.0
49149,0,0.0
49150,0,0.0
49151,0,0.0
49152,0,0.0
49153,0,0.0
49154,0,0.0
49155,0,0.0
49156,0,0.0
49157,0,0.0
49158,0,0.0
49159,0,0.0
49160,0,0.0
49161,0,0.0
49162,0,0.0
49163,0,0.0
49164,0,0.0
49165,0,0.0
49166,0,0.0
49167,0,0.0
49168,0,0.0
49169,0,0.0
49170,0,0.0
49171,0,0.0
49172,0,0.0
49173,0,0.0
49174,0,0.0
49175,0,0.0
49176,0,0.0
49177,0,0.0
49178,0,0.0
49179,0,0.0
49180,0,0.0
49181,0,0.0
49182,0,0.0
49183,0,0.0
49184,0,0.0
49185,0,0.0
49186,0,0.0
49187,0,0.0
49188,0,0.0
49189,0,0.0
49190,0,0.0
49191,0,0.0
49192,0,0.0
49193,0,0.0
49194,0,0.0
49195,0,0.0
49196,0,0.0
49197,0,0.0
49198,0,0.0
49199,0,0.0
49200,0,0.0
49201,0,0.0
49202,0,0.0
49203,0,0.0
49204,0,0.0
49205,0,0.0
49206,0,0.0
49207,0,0.0
49208,0,0.0
49209,0,0.0
49210,0,0.0
49211,0,0.0
49212,0,0.0
49213,0,0.0
49214,0,0.0
49215,0,0.0
49216,0,0.0
49217,0,0.0
49218,0,0.0
49219,0,0.0
49220,0,0.0
49221,0,0.0
49222,0,0.0
49223,0,0.0
49224,0,0.0
49225,0,0.0
49226,0,0.0
49227,0,0.0
49228,0,0.0
49229,0,0.0
49230,0,0.0
49231,0,0.0
49232,0,0.0
49233,0,0.0
49234,0,0.0
49235,0,0.0
49236,0,0.0
49237,0,0.0
49238,0,0.0
49239,0,0.0
49240,0,0.0
49241,0,0.0
49242,0,0.0
49243,0,0.0
49244,0,0.0
49245,0,0.0
49246,0,0.0
49247,0,0.0
49248,0,0.0
49249,0,0.0
49250,0,0.0
49251,0,0.0
49252,0,0.0
49253,0,0.0
49254,0,0.0
49255,0,0.0
49256,0,0.0
49257,0,0.0
49258,0,0.0
49259,0,0.0
49260,0,0.0
49261,0,0.0
49262,0,0.0
49263,0,0.0
49264,0,0.0
49265,0,0.0
49266,0,0.0
49267,0,0.0
49268,0,0.0
49269,0,0.0
49270,0,0.0
49271,0,0.0
49272,0,0.0
49273,0,0.0
49274,0,0.0
49275,0,0.0
49276,0,0.0
49277,0,0.0
49278,0,0.0
49279,0,0.0
49280,0,0.0
49281,0,0.0
49282,0,0.0
49283,0,0.0
49284,0,0.0
49285,0,0.0
49286,0,0.0
49287,0,0.0
49288,0,0.0
49289,0,0.0
49290,0,0.0
49291,0,0.0
49292,0,0.0
49293,0,0.0
49294,0,0.0
49295,0,0.0
49296,0,0.0
49297,0,0.0
49298,0,0.0
49299,0,0.0
49300,0,0.0
49301,0,0.0
49302,0,0.0
49303,0,0.0
49304,0,0.0
49305,0,0.0
49306,0,0.0
49307,0,0.0
49308,0,0.0
49309,0,0.0
49310,0,0.0
49311,0,0.0
49312,0,0.0
49313,0,0.0
49314,0,0.0
49315,0,0.0
49316,0,0.0
49317,0,0.0
49318,0,0.0
49319,0,0.0
49320,0,0.0
49321,0,0.0
49322,0,0.0
49323,0,0.0
49324,0,0.0
49325,0,0.0
49326,0,0.0
49327,0,0.0
49328,0,0.0
49329,0,0.0
49330,0,0.0
49331,0,0.0
49332,0,0.0
49333,0,0.0
49334,0,0.0
49335,0,0.0
49336,0,0.0
49337,0,0.0
49338,0,0.0
49339,0,0.0
49340,0,0.0
49341,0,0.0
49342,0,0.0
49343,0,0.0
49344,0,0.0
49345,0,0.0
49346,0,0.0
49347,0,0.0
49348,0,0.0
49349,0,0.0
49350,0,0.0
49351,0,0.0
49352,0,0.0
49353,0,0.0
49354,0,0.0
49355,0,0.0
49356,0,0.0
49357,0,0.0
49358,0,0.0
49359,0,0.0
49360,0,0.0
49361,0,0.0
49362,0,0.0
49363,0,0.0
49364,0,0.0
49365,0,0.0
49366,0,0.0
49367,0,0.0
49368,0,0.0
49369,0,0.0
49370,0,0.0
49371,0,0.0
49372,0,0.0
49373,0,0.0
49374,0,0.0
49375,0,0.0
49376,0,0.0
49377,0,0.0
49378,0,0.0
49379,0,0.0
49380,0,0.0
49381,0,0.0
49382,0,0.0
49383,0,0.0
49384,0,0.0
49385,0,0.0
49386,0,0.0
49387,0,0.0
49388,0,0.0
49389,0,0.0
49390,0,0.0
49391,0,0.0
49392,0,0.0
49393,0,0.0
49394,0,0.0
49395,0,0.0
49396,0,0.0
49397,0,0.0
49398,0,0.0
49399,0,0.0
49400,0,0.0
49401,0,0.0
49402,0,0.0
49403,0,0.0
49404,0,0.0
49405,0,0.0
49406,0,0.0
49407,0,0.0
49408,0,0.0
49409,0,0.0
49410,0,0.0
49411,0,0.0
49412,0,0.0
49413,0,0.0
49414,0,0.0
49415,0,0.0
49416,0,0.0
49417,0,0.0
49418,0,0.0
49419,0,0.0
49420,0,0.0
49421,0,0.0
49422,0,0.0
49423,0,0.0
49424,0,0.0
49425,0,0.0
49426,0,0.0
49427,0,0.0
49428,0,0.0
49429,0,0.0
49430,0,0.0
49431,0,0.0
49432,0,0.0
49433,0,0.0
49434,0,0.0
49435,0,0.0
49436,0,0.0
49437,0,0.0
49438,0,0.0
49439,0,0.0
49440,0,0.0
49441,0,0.0
49442,0,0.0
49443,0,0.0
49444,0,0.0
49445,0,0.0
49446,0,0.0
49447,0,0.0
49448,0,0.0
49449,0,0.0
49450,0,0.0
49451,0,0.0
49452,0,0.0
49453,0,0.0
49454,0,0.0
49455,0,0.0
49456,0,0.0
49457,0,0.0
49458,0,0.0
49459,0,0.0
49460,0,0.0
49461,0,0.0
49462,0,0.0
49463,0,0.0
49464,0,0.0
49465,0,0.0
49466,0,0.0
49467,0,0.0
49468,0,0.0
49469,0,0.0
49470,0,0.0
49471,0,0.0
49472,0,0.0
49473,0,0.0
49474,0,0.0
49475,0,0.0
49476,0,0.0
49477,0,0.0
49478,0,0.0
49479,0,0.0
49480,0,0.0
49481,0,0.0
49482,0,0.0
49483,0,0.0
49484,0,0.0
49485,0,0.0
49486,0,0.0
49487,0,0.0
49488,0,0.0
49489,0,0.0
49490,0,0.0
49491,0,0.0
49492,0,0.0
49493,0,0.0
49494,0,0.0
49495,0,0.0
49496,0,0.0
49497,0,0.0
49498,0,0.0
49499,0,0.0
49500,0,0.0
49501,0,0.0
49502,0,0.0
49503,0,0.0
49504,0,0.0
49505,0,0.0
49506,0,0.0
49507,0,0.0
49508,0,0.0
49509,0,0.0
49510,0,0.0
49511,0,0.0
49512,0,0.0
49513,0,0.0
49514,0,0.0
49515,0,0.0
49516,0,0.0
49517,0,0.0
49518,0,0.0
49519,0,0.0
49520,0,0.0
49521,0,0.0
49522,0,0.0
49523,0,0.0
49524,0,0.0
49525,0,0.0
49526,0,0.0
49527,0,0.0
49528,0,0.0
49529,0,0.0
49530,0,0.0
49531,0,0.0
49532,0,0.0
49533,0,0.0
49534,0,0.0
49535,0,0.0
49536,0,0.0
49537,0,0.0
49538,0,0.0
49539,0,0.0
49540,0,0.0
49541,0,0.0
49542,0,0.0
49543,0,0.0
49544,0,0.0
49545,0,0.0
49546,0,0.0
49547,0,0.0
49548,0,0.0
49549,0,0.0
49550,0,0.0
49551,0,0.0
49552,0,0.0
49553,0,0.0
49554,0,0.0
49555,0,0.0
49556,0,0.0
49557,0,0.0
49558,0,0.0
49559,0,0.0
49560,0,0.0
49561,0,0.0
49562,0,0.0
49563,0,0.0
49564,0,0.0
49565,0,0.0
49566,0,0.0
49567,0,0.0
49568,0,0.0
49569,0,0.0
49570,0,0.0
49571,0,0.0
49572,0,0.0
49573,0,0.0
49574,0,0.0
49575,0,0.0
49576,0,0.0
49577,0,0.0
49578,0,0.0
49579,0,0.0
49580,0,0.0
49581,0,0.0
49582,0,0.0
49583,0,0.0
49584,0,0.0
49585,0,0.0
49586,0,0.0
49587,0,0.0
49588,0,0.0
49589,0,0.0
49590,0,0.0
49591,0,0.0
49592,0,0.0
49593,0,0.0
49594,0,0.0
49595,0,0.0
49596,0,0.0
49597,0,0.0
49598,0,0.0
49599,0,0.0
49600,0,0.0
49601,0,0.0
49602,0,0.0
49603,0,0.0
49604,0,0.0
49605,0,0.0
49606,0,0.0
49607,0,0.0
49608,0,0.0
49609,0,0.0
49610,0,0.0
49611,0,0.0
49612,0,0.0
49613,0,0.0
49614,0,0.0
49615,0,0.0
49616,0,0.0
49617,0,0.0
49618,0,0.0
49619,0,0.0
49620,0,0.0
49621,0,0.0
49622,0,0.0
49623,0,0.0
49624,0,0.0
49625,0,0.0
49626,0,0.0
49627,0,0.0
49628,0,0.0
49629,0,0.0
49630,0,0.0
49631,0,0.0
49632,0,0.0
49633,0,0.0
49634,0,0.0
49635,0,0.0
49636,0,0.0
49637,0,0.0
49638,0,0.0
49639,0,0.0
49640,0,0.0
49641,0,0.0
49642,0,0.0
49643,0,0.0
49644,0,0.0
49645,0,0.0
49646,0,0.0
49647,0,0.0
49648,0,0.0
49649,0,0.0
49650,0,0.0
49651,0,0.0
49652,0,0.0
49653,0,0.0
49654,0,0.0
49655,0,0.0
49656,0,0.0
49657,0,0.0
49658,0,0.0
49659,0,0.0
49660,0,0.0
49661,0,0.0
49662,0,0.0
49663,0,0.0
49664,0,0.0
49665,0,0.0
49666,0,0.0
49667,0,0.0
49668,0,0.0
49669,0,0.0
49670,0,0.0
49671,0,0.0
49672,0,0.0
49673,0,0.0
49674,0,0.0
49675,0,0.0
49676,0,0.0
49677,0,0.0
49678,0,0.0
49679,0,0.0
49680,0,0.0
49681,0,0.0
49682,0,0.0
49683,0,0.0
49684,0,0.0
49685,0,0.0
49686,0,0.0
49687,0,0.0
49688,0,0.0
49689,0,0.0
49690,0,0.0
49691,0,0.0
49692,0,0.0
49693,0,0.0
49694,0,0.0
49695,0,0.0
49696,0,0.0
49697,0,0.0
49698,0,0.0
49699,0,0.0
49700,0,0.0
49701,0,0.0
49702,0,0.0
49703,0,0.0
49704,0,0.0
49705,0,0.0
49706,0,0.0
49707,0,0.0
49708,0,0.0
49709,0,0.0
49710,0,0.0
49711,0,0.0
49712,0,0.0
49713,0,0.0
49714,0,0.0
49715,0,0.0
49716,0,0.0
49717,0,0.0
49718,0,0.0
49719,0,0.0
49720,0,0.0
49721,0,0.0
49722,0,0.0
49723,0,0.0
49724,0,0.0
49725,0,0.0
49726,0,0.0
49727,0,0.0
49728,0,0.0
49729,0,0.0
49730,0,0.0
49731,0,0.0
49732,0,0.0
49733,0,0.0
49734,0,0.0
49735,0,0.0
49736,0,0.0
49737,0,0.0
49738,0,0.0
49739,0,0.0
49740,0,0.0
49741,0,0.0
49742,0,0.0
49743,0,0.0
49744,0,0.0
49745,0,0.0
49746,0,0.0
49747,0,0.0
49748,0,0.0
49749,0,0.0
49750,0,0.0
49751,0,0.0
49752,0,0.0
49753,0,0.0
49754,0,0.0
49755,0,0.0
49756,0,0.0
49757,0,0.0
49758,0,0.0
49759,0,0.0
49760,0,0.0
49761,0,0.0
49762,0,0.0
49763,0,0.0
49764,0,0.0
49765,0,0.0
49766,0,0.0
49767,0,0.0
49768,0,0.0
49769,0,0.0
49770,0,0.0
49771,0,0.0
49772,0,0.0
49773,0,0.0
49774,0,0.0
49775,0,0.0
49776,0,0.0
49777,0,0.0
49778,0,0.0
49779,0,0.0
49780,0,0.0
49781,0,0.0
49782,0,0.0
49783,0,0.0
49784,0,0.0
49785,0,0.0
49786,0,0.0
49787,0,0.0
49788,0,0.0
49789,0,0.0
49790,0,0.0
49791,0,0.0
49792,0,0.0
49793,0,0.0
49794,0,0.0
49795,0,0.0
49796,0,0.0
49797,0,0.0
49798,0,0.0
49799,0,0.0
49800,0,0.0
49801,0,0.0
49802,0,0.0
49803,0,0.0
49804,0,0.0
49805,0,0.0
49806,0,0.0
49807,0,0.0
49808,0,0.0
49809,0,0.0
49810,0,0.0
49811,0,0.0
49812,0,0.0
49813,0,0.0
49814,0,0.0
49815,0,0.0
49816,0,0.0
49817,0,0.0
49818,0,0.0
49819,0,0.0
49820,0,0.0
49821,0,0.0
49822,0,0.0
49823,0,0.0
49824,0,0.0
49825,0,0.0
49826,0,0.0
49827,0,0.0
49828,0,0.0
49829,0,0.0
49830,0,0.0
49831,0,0.0
49832,0,0.0
49833,0,0.0
49834,0,0.0
49835,0,0.0
49836,0,0.0
49837,0,0.0
49838,0,0.0
49839,0,0.0
49840,0,0.0
49841,0,0.0
49842,0,0.0
49843,0,0.0
49844,0,0.0
49845,0,0.0
49846,0,0.0
49847,0,0.0
49848,0,0.0
49849,0,0.0
49850,0,0.0
49851,0,0.0
49852,0,0.0
49853,0,0.0
49854,0,0.0
49855,0,0.0
49856,0,0.0
49857,0,0.0
49858,0,0.0
49859,0,0.0
49860,0,0.0
49861,0,0.0
49862,0,0.0
49863,0,0.0
49864,0,0.0
49865,0,0.0
49866,0,0.0
49867,0,0.0
49868,0,0.0
49869,0,0.0
49870,0,0.0
49871,0,0.0
49872,0,0.0
49873,0,0.0
49874,0,0.0
49875,0,0.0
49876,0,0.0
49877,0,0.0
49878,0,0.0
49879,0,0.0
49880,0,0.0
49881,0,0.0
49882,0,0.0
49883,0,0.0
49884,0,0.0
49885,0,0.0
49886,0,0.0
49887,0,0.0
49888,0,0.0
49889,0,0.0
49890,0,0.0
49891,0,0.0
49892,0,0.0
49893,0,0.0
49894,0,0.0
49895,0,0.0
49896,0,0.0
49897,0,0.0
49898,0,0.0
49899,0,0.0
49900,0,0.0
49901,0,0.0
49902,0,0.0
49903,0,0.0
49904,0,0.0
49905,0,0.0
49906,0,0.0
49907,0,0.0
49908,0,0.0
49909,0,0.0
49910,0,0.0
49911,0,0.0
49912,0,0.0
49913,0,0.0
49914,0,0.0
49915,0,0.0
49916,0,0.0
49917,0,0.0
49918,0,0.0
49919,0,0.0
49920,0,0.0
49921,0,0.0
49922,0,0.0
49923,0,0.0
49924,0,0.0
49925,0,0.0
49926,0,0.0
49927,0,0.0
49928,0,0.0
49929,0,0.0
49930,0,0.0
49931,0,0.0
49932,0,0.0
49933,0,0.0
49934,0,0.0
49935,0,0.0
49936,0,0.0
49937,0,0.0
49938,0,0.0
49939,0,0.0
49940,0,0.0
49941,0,0.0
49942,0,0.0
49943,0,0.0
49944,0,0.0
49945,0,0.0
49946,0,0.0
49947,0,0.0
49948,0,0.0
49949,0,0.0
49950,0,0.0
49951,0,0.0
49952,0,0.0
49953,0,0.0
49954,0,0.0
49955,0,0.0
49956,0,0.0
49957,0,0.0
49958,0,0.0
49959,0,0.0
49960,0,0.0
49961,0,0.0
49962,0,0.0
49963,0,0.0
49964,0,0.0
49965,0,0.0
49966,0,0.0
49967,0,0.0
49968,0,0.0
49969,0,0.0
49970,0,0.0
49971,0,0.0
49972,0,0.0
49973,0,0.0
49974,0,0.0
49975,0,0.0
49976,0,0.0
49977,0,0.0
49978,0,0.0
49979,0,0.0
49980,0,0.0
49981,0,0.0
49982,0,0.0
49983,0,0.0
49984,0,0.0
49985,0,0.0
49986,0,0.0
49987,0,0.0
49988,0,0.0
49989,0,0.0
49990,0,0.0
49991,0,0.0
49992,0,0.0
49993,0,0.0
49994,0,0.0
49995,0,0.0
49996,0,0.0
49997,0,0.0
49998,0,0.0
49999,0,0.0
50000,0,0.0
50001,0,0.0
50002,0,0.0
50003,0,0.0
50004,0,0.0
50005,0,0.0
50006,0,0.0
50007,0,0.0
50008,0,0.0
50009,0,0.0
50010,0,0.0
50011,0,0.0
50012,0,0.0
50013,0,0.0
50014,0,0.0
50015,0,0.0
50016,0,0.0
50017,0,0.0
50018,0,0.0
50019,0,0.0
50020,0,0.0
50021,0,0.0
50022,0,0.0
50023,0,0.0
50024,0,0.0
50025,0,0.0
50026,0,0.0
50027,0,0.0
50028,0,0.0
50029,0,0.0
50030,0,0.0
50031,0,0.0
50032,0,0.0
50033,0,0.0
50034,0,0.0
50035,0,0.0
50036,0,0.0
50037,0,0.0
50038,0,0.0
50039,0,0.0
50040,0,0.0
50041,0,0.0
50042,0,0.0
50043,0,0.0
50044,0,0.0
50045,0,0.0
50046,0,0.0
50047,0,0.0
50048,0,0.0
50049,0,0.0
50050,0,0.0
50051,0,0.0
50052,0,0.0
50053,0,0.0
50054,0,0.0
50055,0,0.0
50056,0,0.0
50057,0,0.0
50058,0,0.0
50059,0,0.0
50060,0,0.0
50061,0,0.0
50062,0,0.0
50063,0,0.0
50064,0,0.0
50065,0,0.0
50066,0,0.0
50067,0,0.0
50068,0,0.0
50069,0,0.0
50070,0,0.0
50071,0,0.0
50072,0,0.0
50073,0,0.0
50074,0,0.0
50075,0,0.0
50076,0,0.0
50077,0,0.0
50078,0,0.0
50079,0,0.0
50080,0,0.0
50081,0,0.0
50082,0,0.0
50083,0,0.0
50084,0,0.0
50085,0,0.0
50086,0,0.0
50087,0,0.0
50088,0,0.0
50089,0,0.0
50090,0,0.0
50091,0,0.0
50092,0,0.0
50093,0,0.0
50094,0,0.0
50095,0,0.0
50096,0,0.0
50097,0,0.0
50098,0,0.0
50099,0,0.0
50100,0,0.0
50101,0,0.0
50102,0,0.0
50103,0,0.0
50104,0,0.0
50105,0,0.0
50106,0,0.0
50107,0,0.0
50108,0,0.0
50109,0,0.0
50110,0,0.0
50111,0,0.0
50112,0,0.0
50113,0,0.0
50114,0,0.0
50115,0,0.0
50116,0,0.0
50117,0,0.0
50118,0,0.0
50119,0,0.0
50120,0,0.0
50121,0,0.0
50122,0,0.0
50123,0,0.0
50124,0,0.0
50125,0,0.0
50126,0,0.0
50127,0,0.0
50128,0,0.0
50129,0,0.0
50130,0,0.0
50131,0,0.0
50132,0,0.0
50133,0,0.0
50134,0,0.0
50135,0,0.0
50136,0,0.0
50137,0,0.0
50138,0,0.0
50139,0,0.0
50140,0,0.0
50141,0,0.0
50142,0,0.0
50143,0,0.0
50144,0,0.0
50145,0,0.0
50146,0,0.0
50147,0,0.0
50148,0,0.0
50149,0,0.0
50150,0,0.0
50151,0,0.0
50152,0,0.0
50153,0,0.0
50154,0,0.0
50155,0,0.0
50156,0,0.0
50157,0,0.0
50158,0,0.0
50159,0,0.0
50160,0,0.0
50161,0,0.0
50162,0,0.0
50163,0,0.0
50164,0,0.0
50165,0,0.0
50166,0,0.0
50167,0,0.0
50168,0,0.0
50169,0,0.0
50170,0,0.0
50171,0,0.0
50172,0,0.0
50173,0,0.0
50174,0,0.0
50175,0,0.0
50176,0,0.0
50177,0,0.0
50178,0,0.0
50179,0,0.0
50180,0,0.0
50181,0,0.0
50182,0,0.0
50183,0,0.0
50184,0,0.0
50185,0,0.0
50186,0,0.0
50187,0,0.0
50188,0,0.0
50189,0,0.0
50190,0,0.0
50191,0,0.0
50192,0,0.0
50193,0,0.0
50194,0,0.0
50195,0,0.0
50196,0,0.0
50197,0,0.0
50198,0,0.0
50199,0,0.0
50200,0,0.0
50201,0,0.0
50202,0,0.0
50203,0,0.0
50204,0,0.0
50205,0,0.0
50206,0,0.0
50207,0,0.0
50208,0,0.0
50209,0,0.0
50210,0,0.0
50211,0,0.0
50212,0,0.0
50213,0,0.0
50214,0,0.0
50215,0,0.0
50216,0,0.0
50217,0,0.0
50218,0,0.0
50219,0,0.0
50220,0,0.0
50221,0,0.0
50222,0,0.0
50223,0,0.0
50224,0,0.0
50225,0,0.0
50226,0,0.0
50227,0,0.0
50228,0,0.0
50229,0,0.0
50230,0,0.0
50231,0,0.0
50232,0,0.0
50233,0,0.0
50234,0,0.0
50235,0,0.0
50236,0,0.0
50237,0,0.0
50238,0,0.0
50239,0,0.0
50240,0,0.0
50241,0,0.0
50242,0,0.0
50243,0,0.0
50244,0,0.0
50245,0,0.0
50246,0,0.0
50247,0,0.0
50248,0,0.0
50249,0,0.0
50250,0,0.0
50251,0,0.0
50252,0,0.0
50253,0,0.0
50254,0,0.0
50255,0,0.0
50256,0,0.0
50257,0,0.0
50258,0,0.0
50259,0,0.0
50260,0,0.0
50261,0,0.0
50262,0,0.0
50263,0,0.0
50264,0,0.0
50265,0,0.0
50266,0,0.0
50267,0,0.0
50268,0,0.0
50269,0,0.0
50270,0,0.0
50271,0,0.0
50272,0,0.0
50273,0,0.0
50274,0,0.0
50275,0,0.0
50276,0,0.0
50277,0,0.0
50278,0,0.0
50279,0,0.0
50280,0,0.0
50281,0,0.0
50282,0,0.0
50283,0,0.0
50284,0,0.0
50285,0,0.0
50286,0,0.0
50287,0,0.0
50288,0,0.0
50289,0,0.0
50290,0,0.0
50291,0,0.0
50292,0,0.0
50293,0,0.0
50294,0,0.0
50295,0,0.0
50296,0,0.0
50297,0,0.0
50298,0,0.0
50299,0,0.0
50300,0,0.0
50301,0,0.0
50302,0,0.0
50303,0,0.0
50304,0,0.0
50305,0,0.0
50306,0,0.0
50307,0,0.0
50308,0,0.0
50309,0,0.0
50310,0,0.0
50311,0,0.0
50312,0,0.0
50313,0,0.0
50314,0,0.0
50315,0,0.0
50316,0,0.0
50317,0,0.0
50318,0,0.0
50319,0,0.0
50320,0,0.0
50321,0,0.0
50322,0,0.0
50323,0,0.0
50324,0,0.0
50325,0,0.0
50326,0,0.0
50327,0,0.0
50328,0,0.0
50329,0,0.0
50330,0,0.0
50331,0,0.0
50332,0,0.0
50333,0,0.0
50334,0,0.0
50335,0,0.0
50336,0,0.0
50337,0,0.0
50338,0,0.0
50339,0,0.0
50340,0,0.0
50341,0,0.0
50342,0,0.0
50343,0,0.0
50344,0,0.0
50345,0,0.0
50346,0,0.0
50347,0,0.0
50348,0,0.0
50349,0,0.0
50350,0,0.0
50351,0,0.0
50352,0,0.0
50353,0,0.0
50354,0,0.0
50355,0,0.0
50356,0,0.0
50357,0,0.0
50358,0,0.0
50359,0,0.0
50360,0,0.0
50361,0,0.0
50362,0,0.0
50363,0,0.0
50364,0,0.0
50365,0,0.0
50366,0,0.0
50367,0,0.0
50368,0,0.0
50369,0,0.0
50370,0,0.0
50371,0,0.0
50372,0,0.0
50373,0,0.0
50374,0,0.0
50375,0,0.0
50376,0,0.0
50377,0,0.0
50378,0,0.0
50379,0,0.0
50380,0,0.0
50381,0,0.0
50382,0,0.0
50383,0,0.0
50384,0,0.0
50385,0,0.0
50386,0,0.0
50387,0,0.0
50388,0,0.0
50389,0,0.0
50390,0,0.0
50391,0,0.0
50392,0,0.0
50393,0,0.0
50394,0,0.0
50395,0,0.0
50396,0,0.0
50397,0,0.0
50398,0,0.0
50399,0,0.0
50400,0,0.0
50401,0,0.0
50402,0,0.0
50403,0,0.0
50404,0,0.0
50405,0,0.0
50406,0,0.0
50407,0,0.0
50408,0,0.0
50409,0,0.0
50410,0,0.0
50411,0,0.0
50412,0,0.0
50413,0,0.0
50414,0,0.0
50415,0,0.0
50416,0,0.0
50417,0,0.0
50418,0,0.0
50419,0,0.0
50420,0,0.0
50421,0,0.0
50422,0,0.0
50423,0,0.0
50424,0,0.0
50425,0,0.0
50426,0,0.0
50427,0,0.0
50428,0,0.0
50429,0,0.0
50430,0,0.0
50431,0,0.0
50432,0,0.0
50433,0,0.0
50434,0,0.0
50435,0,0.0
50436,0,0.0
50437,0,0.0
50438,0,0.0
50439,0,0.0
50440,0,0.0
50441,0,0.0
50442,0,0.0
50443,0,0.0
50444,0,0.0
50445,0,0.0
50446,0,0.0
50447,0,0.0
50448,0,0.0
50449,0,0.0
50450,0,0.0
50451,0,0.0
50452,0,0.0
50453,0,0.0
50454,0,0.0
50455,0,0.0
50456,0,0.0
50457,0,0.0
50458,0,0.0
50459,0,0.0
50460,0,0.0
50461,0,0.0
50462,0,0.0
50463,0,0.0
50464,0,0.0
50465,0,0.0
50466,0,0.0
50467,0,0.0
50468,0,0.0
50469,0,0.0
50470,0,0.0
50471,0,0.0
50472,0,0.0
50473,0,0.0
50474,0,0.0
50475,0,0.0
50476,0,0.0
50477,0,0.0
50478,0,0.0
50479,0,0.0
50480,0,0.0
50481,0,0.0
50482,0,0.0
50483,0,0.0
50484,0,0.0
50485,0,0.0
50486,0,0.0
50487,0,0.0
50488,0,0.0
50489,0,0.0
50490,0,0.0
50491,0,0.0
50492,0,0.0
50493,0,0.0
50494,0,0.0
50495,0,0.0
50496,0,0.0
50497,0,0.0
50498,0,0.0
50499,0,0.0
50500,0,0.0
50501,0,0.0
50502,0,0.0
50503,0,0.0
50504,0,0.0
50505,0,0.0
50506,0,0.0
50507,0,0.0
50508,0,0.0
50509,0,0.0
50510,0,0.0
50511,0,0.0
50512,0,0.0
50513,0,0.0
50514,0,0.0
50515,0,0.0
50516,0,0.0
50517,0,0.0
50518,0,0.0
50519,0,0.0
50520,0,0.0
50521,0,0.0
50522,0,0.0
50523,0,0.0
50524,0,0.0
50525,0,0.0
50526,0,0.0
50527,0,0.0
50528,0,0.0
50529,0,0.0
50530,0,0.0
50531,0,0.0
50532,0,0.0
50533,0,0.0
50534,0,0.0
50535,0,0.0
50536,0,0.0
50537,0,0.0
50538,0,0.0
50539,0,0.0
50540,0,0.0
50541,0,0.0
50542,0,0.0
50543,0,0.0
50544,0,0.0
50545,0,0.0
50546,0,0.0
50547,0,0.0
50548,0,0.0
50549,0,0.0
50550,0,0.0
50551,0,0.0
50552,0,0.0
50553,0,0.0
50554,0,0.0
50555,0,0.0
50556,0,0.0
50557,0,0.0
50558,0,0.0
50559,0,0.0
50560,0,0.0
50561,0,0.0
50562,0,0.0
50563,0,0.0
50564,0,0.0
50565,0,0.0
50566,0,0.0
50567,0,0.0
50568,0,0.0
50569,0,0.0
50570,0,0.0
50571,0,0.0
50572,0,0.0
50573,0,0.0
50574,0,0.0
50575,0,0.0
50576,0,0.0
50577,0,0.0
50578,0,0.0
50579,0,0.0
50580,0,0.0
50581,0,0.0
50582,0,0.0
50583,0,0.0
50584,0,0.0
50585,0,0.0
50586,0,0.0
50587,0,0.0
50588,0,0.0
50589,0,0.0
50590,0,0.0
50591,0,0.0
50592,0,0.0
50593,0,0.0
50594,0,0.0
50595,0,0.0
50596,0,0.0
50597,0,0.0
50598,0,0.0
50599,0,0.0
50600,0,0.0
50601,0,0.0
50602,0,0.0
50603,0,0.0
50604,0,0.0
50605,0,0.0
50606,0,0.0
50607,0,0.0
50608,0,0.0
50609,0,0.0
50610,0,0.0
50611,0,0.0
50612,0,0.0
50613,0,0.0
50614,0,0.0
50615,0,0.0
50616,0,0.0
50617,0,0.0
50618,0,0.0
50619,0,0.0
50620,0,0.0
50621,0,0.0
50622,0,0.0
50623,0,0.0
50624,0,0.0
50625,0,0.0
50626,0,0.0
50627,0,0.0
50628,0,0.0
50629,0,0.0
50630,0,0.0
50631,0,0.0
50632,0,0.0
50633,0,0.0
50634,0,0.0
50635,0,0.0
50636,0,0.0
50637,0,0.0
50638,0,0.0
50639,0,0.0
50640,0,0.0
50641,0,0.0
50642,0,0.0
50643,0,0.0
50644,0,0.0
50645,0,0.0
50646,0,0.0
50647,0,0.0
50648,0,0.0
50649,0,0.0
50650,0,0.0
50651,0,0.0
50652,0,0.0
50653,0,0.0
50654,0,0.0
50655,0,0.0
50656,0,0.0
50657,0,0.0
50658,0,0.0
50659,0,0.0
50660,0,0.0
50661,0,0.0
50662,0,0.0
50663,0,0.0
50664,0,0.0
50665,0,0.0
50666,0,0.0
50667,0,0.0
50668,0,0.0
50669,0,0.0
50670,0,0.0
50671,0,0.0
50672,0,0.0
50673,0,0.0
50674,0,0.0
50675,0,0.0
50676,0,0.0
50677,0,0.0
50678,0,0.0
50679,0,0.0
50680,0,0.0
50681,0,0.0
50682,0,0.0
50683,0,0.0
50684,0,0.0
50685,0,0.0
50686,0,0.0
50687,0,0.0
50688,0,0.0
50689,0,0.0
50690,0,0.0
50691,0,0.0
50692,0,0.0
50693,0,0.0
50694,0,0.0
50695,0,0.0
50696,0,0.0
50697,0,0.0
50698,0,0.0
50699,0,0.0
50700,0,0.0
50701,0,0.0
50702,0,0.0
50703,0,0.0
50704,0,0.0
50705,0,0.0
50706,0,0.0
50707,0,0.0
50708,0,0.0
50709,0,0.0
50710,0,0.0
50711,0,0.0
50712,0,0.0
50713,0,0.0
50714,0,0.0
50715,0,0.0
50716,0,0.0
50717,0,0.0
50718,0,0.0
50719,0,0.0
50720,0,0.0
50721,0,0.0
50722,0,0.0
50723,0,0.0
50724,0,0.0
50725,0,0.0
50726,0,0.0
50727,0,0.0
50728,0,0.0
50729,0,0.0
50730,0,0.0
50731,0,0.0
50732,0,0.0
50733,0,0.0
50734,0,0.0
50735,0,0.0
50736,0,0.0
50737,0,0.0
50738,0,0.0
50739,0,0.0
50740,0,0.0
50741,0,0.0
50742,0,0.0
50743,0,0.0
50744,0,0.0
50745,0,0.0
50746,0,0.0
50747,0,0.0
50748,0,0.0
50749,0,0.0
50750,0,0.0
50751,0,0.0
50752,0,0.0
50753,0,0.0
50754,0,0.0
50755,0,0.0
50756,0,0.0
50757,0,0.0
50758,0,0.0
50759,0,0.0
50760,0,0.0
50761,0,0.0
50762,0,0.0
50763,0,0.0
50764,0,0.0
50765,0,0.0
50766,0,0.0
50767,0,0.0
50768,0,0.0
50769,0,0.0
50770,0,0.0
50771,0,0.0
50772,0,0.0
50773,0,0.0
50774,0,0.0
50775,0,0.0
50776,0,0.0
50777,0,0.0
50778,0,0.0
50779,0,0.0
50780,0,0.0
50781,0,0.0
50782,0,0.0
50783,0,0.0
50784,0,0.0
50785,0,0.0
50786,0,0.0
50787,0,0.0
50788,0,0.0
50789,0,0.0
50790,0,0.0
50791,0,0.0
50792,0,0.0
50793,0,0.0
50794,0,0.0
50795,0,0.0
50796,0,0.0
50797,0,0.0
50798,0,0.0
50799,0,0.0
50800,0,0.0
50801,0,0.0
50802,0,0.0
50803,0,0.0
50804,0,0.0
50805,0,0.0
50806,0,0.0
50807,0,0.0
50808,0,0.0
50809,0,0.0
50810,0,0.0
50811,0,0.0
50812,0,0.0
50813,0,0.0
50814,0,0.0
50815,0,0.0
50816,0,0.0
50817,0,0.0
50818,0,0.0
50819,0,0.0
50820,0,0.0
50821,0,0.0
50822,0,0.0
50823,0,0.0
50824,0,0.0
50825,0,0.0
50826,0,0.0
50827,0,0.0
50828,0,0.0
50829,0,0.0
50830,0,0.0
50831,0,0.0
50832,0,0.0
50833,0,0.0
50834,0,0.0
50835,0,0.0
50836,0,0.0
50837,0,0.0
50838,0,0.0
50839,0,0.0
50840,0,0.0
50841,0,0.0
50842,0,0.0
50843,0,0.0
50844,0,0.0
50845,0,0.0
50846,0,0.0
50847,0,0.0
50848,0,0.0
50849,0,0.0
50850,0,0.0
50851,0,0.0
50852,0,0.0
50853,0,0.0
50854,0,0.0
50855,0,0.0
50856,0,0.0
50857,0,0.0
50858,0,0.0
50859,0,0.0
50860,0,0.0
50861,0,0.0
50862,0,0.0
50863,0,0.0
50864,0,0.0
50865,0,0.0
50866,0,0.0
50867,0,0.0
50868,0,0.0
50869,0,0.0
50870,0,0.0
50871,0,0.0
50872,0,0.0
50873,0,0.0
50874,0,0.0
50875,0,0.0
50876,0,0.0
50877,0,0.0
50878,0,0.0
50879,0,0.0
50880,0,0.0
50881,0,0.0
50882,0,0.0
50883,0,0.0
50884,0,0.0
50885,0,0.0
50886,0,0.0
50887,0,0.0
50888,0,0.0
50889,0,0.0
50890,0,0.0
50891,0,0.0
50892,0,0.0
50893,0,0.0
50894,0,0.0
50895,0,0.0
50896,0,0.0
50897,0,0.0
50898,0,0.0
50899,0,0.0
50900,0,0.0
50901,0,0.0
50902,0,0.0
50903,0,0.0
50904,0,0.0
50905,0,0.0
50906,0,0.0
50907,0,0.0
50908,0,0.0
50909,0,0.0
50910,0,0.0
50911,0,0.0
50912,0,0.0
50913,0,0.0
50914,0,0.0
50915,0,0.0
50916,0,0.0
50917,0,0.0
50918,0,0.0
50919,0,0.0
50920,0,0.0
50921,0,0.0
50922,0,0.0
50923,0,0.0
50924,0,0.0
50925,0,0.0
50926,0,0.0
50927,0,0.0
50928,0,0.0
50929,0,0.0
50930,0,0.0
50931,0,0.0
50932,0,0.0
50933,0,0.0
50934,0,0.0
50935,0,0.0
50936,0,0.0
50937,0,0.0
50938,0,0.0
50939,0,0.0
50940,0,0.0
50941,0,0.0
50942,0,0.0
50943,0,0.0
50944,0,0.0
50945,0,0.0
50946,0,0.0
50947,0,0.0
50948,0,0.0
50949,0,0.0
50950,0,0.0
50951,0,0.0
50952,0,0.0
50953,0,0.0
50954,0,0.0
50955,0,0.0
50956,0,0.0
50957,0,0.0
50958,0,0.0
50959,0,0.0
50960,0,0.0
50961,0,0.0
50962,0,0.0
50963,0,0.0
50964,0,0.0
50965,0,0.0
50966,0,0.0
50967,0,0.0
50968,0,0.0
50969,0,0.0
50970,0,0.0
50971,0,0.0
50972,0,0.0
50973,0,0.0
50974,0,0.0
50975,0,0.0
50976,0,0.0
50977,0,0.0
50978,0,0.0
50979,0,0.0
50980,0,0.0
50981,0,0.0
50982,0,0.0
50983,0,0.0
50984,0,0.0
50985,0,0.0
50986,0,0.0
50987,0,0.0
50988,0,0.0
50989,0,0.0
50990,0,0.0
50991,0,0.0
50992,0,0.0
50993,0,0.0
50994,0,0.0
50995,0,0.0
50996,0,0.0
50997,0,0.0
50998,0,0.0
50999,0,0.0
51000,0,0.0
51001,0,0.0
51002,0,0.0
51003,0,0.0
51004,0,0.0
51005,0,0.0
51006,0,0.0
51007,0,0.0
51008,0,0.0
51009,0,0.0
51010,0,0.0
51011,0,0.0
51012,0,0.0
51013,0,0.0
51014,0,0.0
51015,0,0.0
51016,0,0.0
51017,0,0.0
51018,0,0.0
51019,0,0.0
51020,0,0.0
51021,0,0.0
51022,0,0.0
51023,0,0.0
51024,0,0.0
51025,0,0.0
51026,0,0.0
51027,0,0.0
51028,0,0.0
51029,0,0.0
51030,0,0.0
51031,0,0.0
51032,0,0.0
51033,0,0.0
51034,0,0.0
51035,0,0.0
51036,0,0.0
51037,0,0.0
51038,0,0.0
51039,0,0.0
51040,0,0.0
51041,0,0.0
51042,0,0.0
51043,0,0.0
51044,0,0.0
51045,0,0.0
51046,0,0.0
51047,0,0.0
51048,0,0.0
51049,0,0.0
51050,0,0.0
51051,0,0.0
51052,0,0.0
51053,0,0.0
51054,0,0.0
51055,0,0.0
51056,0,0.0
51057,0,0.0
51058,0,0.0
51059,0,0.0
51060,0,0.0
51061,0,0.0
51062,0,0.0
51063,0,0.0
51064,0,0.0
51065,0,0.0
51066,0,0.0
51067,0,0.0
51068,0,0.0
51069,0,0.0
51070,0,0.0
51071,0,0.0
51072,0,0.0
51073,0,0.0
51074,0,0.0
51075,0,0.0
51076,0,0.0
51077,0,0.0
51078,0,0.0
51079,0,0.0
51080,0,0.0
51081,0,0.0
51082,0,0.0
51083,0,0.0
51084,0,0.0
51085,0,0.0
51086,0,0.0
51087,0,0.0
51088,0,0.0
51089,0,0.0
51090,0,0.0
51091,0,0.0
51092,0,0.0
51093,0,0.0
51094,0,0.0
51095,0,0.0
51096,0,0.0
51097,0,0.0
51098,0,0.0
51099,0,0.0
51100,0,0.0
51101,0,0.0
51102,0,0.0
51103,0,0.0
51104,0,0.0
51105,0,0.0
51106,0,0.0
51107,0,0.0
51108,0,0.0
51109,0,0.0
51110,0,0.0
51111,0,0.0
51112,0,0.0
51113,0,0.0
51114,0,0.0
51115,0,0.0
51116,0,0.0
51117,0,0.0
51118,0,0.0
51119,0,0.0
51120,0,0.0
51121,0,0.0
51122,0,0.0
51123,0,0.0
51124,0,0.0
51125,0,0.0
51126,0,0.0
51127,0,0.0
51128,0,0.0
51129,0,0.0
51130,0,0.0
51131,0,0.0
51132,0,0.0
51133,0,0.0
51134,0,0.0
51135,0,0.0
51136,0,0.0
51137,0,0.0
51138,0,0.0
51139,0,0.0
51140,0,0.0
51141,0,0.0
51142,0,0.0
51143,0,0.0
51144,0,0.0
51145,0,0.0
51146,0,0.0
51147,0,0.0
51148,0,0.0
51149,0,0.0
51150,0,0.0
51151,0,0.0
51152,0,0.0
51153,0,0.0
51154,0,0.0
51155,0,0.0
51156,0,0.0
51157,0,0.0
51158,0,0.0
51159,0,0.0
51160,0,0.0
51161,0,0.0
51162,0,0.0
51163,0,0.0
51164,0,0.0
51165,0,0.0
51166,0,0.0
51167,0,0.0
51168,0,0.0
51169,0,0.0
51170,0,0.0
51171,0,0.0
51172,0,0.0
51173,0,0.0
51174,0,0.0
51175,0,0.0
51176,0,0.0
51177,0,0.0
51178,0,0.0
51179,0,0.0
51180,0,0.0
51181,0,0.0
51182,0,0.0
51183,0,0.0
51184,0,0.0
51185,0,0.0
51186,0,0.0
51187,0,0.0
51188,0,0.0
51189,0,0.0
51190,0,0.0
51191,0,0.0
51192,0,0.0
51193,0,0.0
51194,0,0.0
51195,0,0.0
51196,0,0.0
51197,0,0.0
51198,0,0.0
51199,0,0.0
51200,0,0.0
51201,0,0.0
51202,0,0.0
51203,0,0.0
51204,0,0.0
51205,0,0.0
51206,0,0.0
51207,0,0.0
51208,0,0.0
51209,0,0.0
51210,0,0.0
51211,0,0.0
51212,0,0.0
51213,0,0.0
51214,0,0.0
51215,0,0.0
51216,0,0.0
51217,0,0.0
51218,0,0.0
51219,0,0.0
51220,0,0.0
51221,0,0.0
51222,0,0.0
51223,0,0.0
51224,0,0.0
51225,0,0.0
51226,0,0.0
51227,0,0.0
51228,0,0.0
51229,0,0.0
51230,0,0.0
51231,0,0.0
51232,0,0.0
51233,0,0.0
51234,0,0.0
51235,0,0.0
51236,0,0.0
51237,0,0.0
51238,0,0.0
51239,0,0.0
51240,0,0.0
51241,0,0.0
51242,0,0.0
51243,0,0.0
51244,0,0.0
51245,0,0.0
51246,0,0.0
51247,0,0.0
51248,0,0.0
51249,0,0.0
51250,0,0.0
51251,0,0.0
51252,0,0.0
51253,0,0.0
51254,0,0.0
51255,0,0.0
51256,0,0.0
51257,0,0.0
51258,0,0.0
51259,0,0.0
51260,0,0.0
51261,0,0.0
51262,0,0.0
51263,0,0.0
51264,0,0.0
51265,0,0.0
51266,0,0.0
51267,0,0.0
51268,0,0.0
51269,0,0.0
51270,0,0.0
51271,0,0.0
51272,0,0.0
51273,0,0.0
51274,0,0.0
51275,0,0.0
51276,0,0.0
51277,0,0.0
51278,0,0.0
51279,0,0.0
51280,0,0.0
51281,0,0.0
51282,0,0.0
51283,0,0.0
51284,0,0.0
51285,0,0.0
51286,0,0.0
51287,0,0.0
51288,0,0.0
51289,0,0.0
51290,0,0.0
51291,0,0.0
51292,0,0.0
51293,0,0.0
51294,0,0.0
51295,0,0.0
51296,0,0.0
51297,0,0.0
51298,0,0.0
51299,0,0.0
51300,0,0.0
51301,0,0.0
51302,0,0.0
51303,0,0.0
51304,0,0.0
51305,0,0.0
51306,0,0.0
51307,0,0.0
51308,0,0.0
51309,0,0.0
51310,0,0.0
51311,0,0.0
51312,0,0.0
51313,0,0.0
51314,0,0.0
51315,0,0.0
51316,0,0.0
51317,0,0.0
51318,0,0.0
51319,0,0.0
51320,0,0.0
51321,0,0.0
51322,0,0.0
51323,0,0.0
51324,0,0.0
51325,0,0.0
51326,0,0.0
51327,0,0.0
51328,0,0.0
51329,0,0.0
51330,0,0.0
51331,0,0.0
51332,0,0.0
51333,0,0.0
51334,0,0.0
51335,0,0.0
51336,0,0.0
51337,0,0.0
51338,0,0.0
51339,0,0.0
51340,0,0.0
51341,0,0.0
51342,0,0.0
51343,0,0.0
51344,0,0.0
51345,0,0.0
51346,0,0.0
51347,0,0.0
51348,0,0.0
51349,0,0.0
51350,0,0.0
51351,0,0.0
51352,0,0.0
51353,0,0.0
51354,0,0.0
51355,0,0.0
51356,0,0.0
51357,0,0.0
51358,0,0.0
51359,0,0.0
51360,0,0.0
51361,0,0.0
51362,0,0.0
51363,0,0.0
51364,0,0.0
51365,0,0.0
51366,0,0.0
51367,0,0.0
51368,0,0.0
51369,0,0.0
51370,0,0.0
51371,0,0.0
51372,0,0.0
51373,0,0.0
51374,0,0.0
51375,0,0.0
51376,0,0.0
51377,0,0.0
51378,0,0.0
51379,0,0.0
51380,0,0.0
51381,0,0.0
51382,0,0.0
51383,0,0.0
51384,0,0.0
51385,0,0.0
51386,0,0.0
51387,0,0.0
51388,0,0.0
51389,0,0.0
51390,0,0.0
51391,0,0.0
51392,0,0.0
51393,0,0.0
51394,0,0.0
51395,0,0.0
51396,0,0.0
51397,0,0.0
51398,0,0.0
51399,0,0.0
51400,0,0.0
51401,0,0.0
51402,0,0.0
51403,0,0.0
51404,0,0.0
51405,0,0.0
51406,0,0.0
51407,0,0.0
51408,0,0.0
51409,0,0.0
51410,0,0.0
51411,0,0.0
51412,0,0.0
51413,0,0.0
51414,0,0.0
51415,0,0.0
51416,0,0.0
51417,0,0.0
51418,0,0.0
51419,0,0.0
51420,0,0.0
51421,0,0.0
51422,0,0.0
51423,0,0.0
51424,0,0.0
51425,0,0.0
51426,0,0.0
51427,0,0.0
51428,0,0.0
51429,0,0.0
51430,0,0.0
51431,0,0.0
51432,0,0.0
51433,0,0.0
51434,0,0.0
51435,0,0.0
51436,0,0.0
51437,0,0.0
51438,0,0.0
51439,0,0.0
51440,0,0.0
51441,0,0.0
51442,0,0.0
51443,0,0.0
51444,0,0.0
51445,0,0.0
51446,0,0.0
51447,0,0.0
51448,0,0.0
51449,0,0.0
51450,0,0.0
51451,0,0.0
51452,0,0.0
51453,0,0.0
51454,0,0.0
51455,0,0.0
51456,0,0.0
51457,0,0.0
51458,0,0.0
51459,0,0.0
51460,0,0.0
51461,0,0.0
51462,0,0.0
51463,0,0.0
51464,0,0.0
51465,0,0.0
51466,0,0.0
51467,0,0.0
51468,0,0.0
51469,0,0.0
51470,0,0.0
51471,0,0.0
51472,0,0.0
51473,0,0.0
51474,0,0.0
51475,0,0.0
51476,0,0.0
51477,0,0.0
51478,0,0.0
51479,0,0.0
51480,0,0.0
51481,0,0.0
51482,0,0.0
51483,0,0.0
51484,0,0.0
51485,0,0.0
51486,0,0.0
51487,0,0.0
51488,0,0.0
51489,0,0.0
51490,0,0.0
51491,0,0.0
51492,0,0.0
51493,0,0.0
51494,0,0.0
51495,0,0.0
51496,0,0.0
51497,0,0.0
51498,0,0.0
51499,0,0.0
51500,0,0.0
51501,0,0.0
51502,0,0.0
51503,0,0.0
51504,0,0.0
51505,0,0.0
51506,0,0.0
51507,0,0.0
51508,0,0.0
51509,0,0.0
51510,0,0.0
51511,0,0.0
51512,0,0.0
51513,0,0.0
51514,0,0.0
51515,0,0.0
51516,0,0.0
51517,0,0.0
51518,0,0.0
51519,0,0.0
51520,0,0.0
51521,0,0.0
51522,0,0.0
51523,0,0.0
51524,0,0.0
51525,0,0.0
51526,0,0.0
51527,0,0.0
51528,0,0.0
51529,0,0.0
51530,0,0.0
51531,0,0.0
51532,0,0.0
51533,0,0.0
51534,0,0.0
51535,0,0.0
51536,0,0.0
51537,0,0.0
51538,0,0.0
51539,0,0.0
51540,0,0.0
51541,0,0.0
51542,0,0.0
51543,0,0.0
51544,0,0.0
51545,0,0.0
51546,0,0.0
51547,0,0.0
51548,0,0.0
51549,0,0.0
51550,0,0.0
51551,0,0.0
51552,0,0.0
51553,0,0.0
51554,0,0.0
51555,0,0.0
51556,0,0.0
51557,0,0.0
51558,0,0.0
51559,0,0.0
51560,0,0.0
51561,0,0.0
51562,0,0.0
51563,0,0.0
51564,0,0.0
51565,0,0.0
51566,0,0.0
51567,0,0.0
51568,0,0.0
51569,0,0.0
51570,0,0.0
51571,0,0.0
51572,0,0.0
51573,0,0.0
51574,0,0.0
51575,0,0.0
51576,0,0.0
51577,0,0.0
51578,0,0.0
51579,0,0.0
51580,0,0.0
51581,0,0.0
51582,0,0.0
51583,0,0.0
51584,0,0.0
51585,0,0.0
51586,0,0.0
51587,0,0.0
51588,0,0.0
51589,0,0.0
51590,0,0.0
51591,0,0.0
51592,0,0.0
51593,0,0.0
51594,0,0.0
51595,0,0.0
51596,0,0.0
51597,0,0.0
51598,0,0.0
51599,0,0.0
51600,0,0.0
51601,0,0.0
51602,0,0.0
51603,0,0.0
51604,0,0.0
51605,0,0.0
51606,0,0.0
51607,0,0.0
51608,0,0.0
51609,0,0.0
51610,0,0.0
51611,0,0.0
51612,0,0.0
51613,0,0.0
51614,0,0.0
51615,0,0.0
51616,0,0.0
51617,0,0.0
51618,0,0.0
51619,0,0.0
51620,0,0.0
51621,0,0.0
51622,0,0.0
51623,0,0.0
51624,0,0.0
51625,0,0.0
51626,0,0.0
51627,0,0.0
51628,0,0.0
51629,0,0.0
51630,0,0.0
51631,0,0.0
51632,0,0.0
51633,0,0.0
51634,0,0.0
51635,0,0.0
51636,0,0.0
51637,0,0.0
51638,0,0.0
51639,0,0.0
51640,0,0.0
51641,0,0.0
51642,0,0.0
51643,0,0.0
51644,0,0.0
51645,0,0.0
51646,0,0.0
51647,0,0.0
51648,0,0.0
51649,0,0.0
51650,0,0.0
51651,0,0.0
51652,0,0.0
51653,0,0.0
51654,0,0.0
51655,0,0.0
51656,0,0.0
51657,0,0.0
51658,0,0.0
51659,0,0.0
51660,0,0.0
51661,0,0.0
51662,0,0.0
51663,0,0.0
51664,0,0.0
51665,0,0.0
51666,0,0.0
51667,0,0.0
51668,0,0.0
51669,0,0.0
51670,0,0.0
51671,0,0.0
51672,0,0.0
51673,0,0.0
51674,0,0.0
51675,0,0.0
51676,0,0.0
51677,0,0.0
51678,0,0.0
51679,0,0.0
51680,0,0.0
51681,0,0.0
51682,0,0.0
51683,0,0.0
51684,0,0.0
51685,0,0.0
51686,0,0.0
51687,0,0.0
51688,0,0.0
51689,0,0.0
51690,0,0.0
51691,0,0.0
51692,0,0.0
51693,0,0.0
51694,0,0.0
51695,0,0.0
51696,0,0.0
51697,0,0.0
51698,0,0.0
51699,0,0.0
51700,0,0.0
51701,0,0.0
51702,0,0.0
51703,0,0.0
51704,0,0.0
51705,0,0.0
51706,0,0.0
51707,0,0.0
51708,0,0.0
51709,0,0.0
51710,0,0.0
51711,0,0.0
51712,0,0.0
51713,0,0.0
51714,0,0.0
51715,0,0.0
51716,0,0.0
51717,0,0.0
51718,0,0.0
51719,0,0.0
51720,0,0.0
51721,0,0.0
51722,0,0.0
51723,0,0.0
51724,0,0.0
51725,0,0.0
51726,0,0.0
51727,0,0.0
51728,0,0.0
51729,0,0.0
51730,0,0.0
51731,0,0.0
51732,0,0.0
51733,0,0.0
51734,0,0.0
51735,0,0.0
51736,0,0.0
51737,0,0.0
51738,0,0.0
51739,0,0.0
51740,0,0.0
51741,0,0.0
51742,0,0.0
51743,0,0.0
51744,0,0.0
51745,0,0.0
51746,0,0.0
51747,0,0.0
51748,0,0.0
51749,0,0.0
51750,0,0.0
51751,0,0.0
51752,0,0.0
51753,0,0.0
51754,0,0.0
51755,0,0.0
51756,0,0.0
51757,0,0.0
51758,0,0.0
51759,0,0.0
51760,0,0.0
51761,0,0.0
51762,0,0.0
51763,0,0.0
51764,0,0.0
51765,0,0.0
51766,0,0.0
51767,0,0.0
51768,0,0.0
51769,0,0.0
51770,0,0.0
51771,0,0.0
51772,0,0.0
51773,0,0.0
51774,0,0.0
51775,0,0.0
51776,0,0.0
51777,0,0.0
51778,0,0.0
51779,0,0.0
51780,0,0.0
51781,0,0.0
51782,0,0.0
51783,0,0.0
51784,0,0.0
51785,0,0.0
51786,0,0.0
51787,0,0.0
51788,0,0.0
51789,0,0.0
51790,0,0.0
51791,0,0.0
51792,0,0.0
51793,0,0.0
51794,0,0.0
51795,0,0.0
51796,0,0.0
51797,0,0.0
51798,0,0.0
51799,0,0.0
51800,0,0.0
51801,0,0.0
51802,0,0.0
51803,0,0.0
51804,0,0.0
51805,0,0.0
51806,0,0.0
51807,0,0.0
51808,0,0.0
51809,0,0.0
51810,0,0.0
51811,0,0.0
51812,0,0.0
51813,0,0.0
51814,0,0.0
51815,0,0.0
51816,0,0.0
51817,0,0.0
51818,0,0.0
51819,0,0.0
51820,0,0.0
51821,0,0.0
51822,0,0.0
51823,0,0.0
51824,0,0.0
51825,0,0.0
51826,0,0.0
51827,0,0.0
51828,0,0.0
51829,0,0.0
51830,0,0.0
51831,0,0.0
51832,0,0.0
51833,0,0.0
51834,0,0.0
51835,0,0.0
51836,0,0.0
51837,0,0.0
51838,0,0.0
51839,0,0.0
51840,0,0.0
51841,0,0.0
51842,0,0.0
51843,0,0.0
51844,0,0.0
51845,0,0.0
51846,0,0.0
51847,0,0.0
51848,0,0.0
51849,0,0.0
51850,0,0.0
51851,0,0.0
51852,0,0.0
51853,0,0.0
51854,0,0.0
51855,0,0.0
51856,0,0.0
51857,0,0.0
51858,0,0.0
51859,0,0.0
51860,0,0.0
51861,0,0.0
51862,0,0.0
51863,0,0.0
51864,0,0.0
51865,0,0.0
51866,0,0.0
51867,0,0.0
51868,0,0.0
51869,0,0.0
51870,0,0.0
51871,0,0.0
51872,0,0.0
51873,0,0.0
51874,0,0.0
51875,0,0.0
51876,0,0.0
51877,0,0.0
51878,0,0.0
51879,0,0.0
51880,0,0.0
51881,0,0.0
51882,0,0.0
51883,0,0.0
51884,0,0.0
51885,0,0.0
51886,0,0.0
51887,0,0.0
51888,0,0.0
51889,0,0.0
51890,0,0.0
51891,0,0.0
51892,0,0.0
51893,0,0.0
51894,0,0.0
51895,0,0.0
51896,0,0.0
51897,0,0.0
51898,0,0.0
51899,0,0.0
51900,0,0.0
51901,0,0.0
51902,0,0.0
51903,0,0.0
51904,0,0.0
51905,0,0.0
51906,0,0.0
51907,0,0.0
51908,0,0.0
51909,0,0.0
51910,0,0.0
51911,0,0.0
51912,0,0.0
51913,0,0.0
51914,0,0.0
51915,0,0.0
51916,0,0.0
51917,0,0.0
51918,0,0.0
51919,0,0.0
51920,0,0.0
51921,0,0.0
51922,0,0.0
51923,0,0.0
51924,0,0.0
51925,0,0.0
51926,0,0.0
51927,0,0.0
51928,0,0.0
51929,0,0.0
51930,0,0.0
51931,0,0.0
51932,0,0.0
51933,0,0.0
51934,0,0.0
51935,0,0.0
51936,0,0.0
51937,0,0.0
51938,0,0.0
51939,0,0.0
51940,0,0.0
51941,0,0.0
51942,0,0.0
51943,0,0.0
51944,0,0.0
51945,0,0.0
51946,0,0.0
51947,0,0.0
51948,0,0.0
51949,0,0.0
51950,0,0.0
51951,0,0.0
51952,0,0.0
51953,0,0.0
51954,0,0.0
51955,0,0.0
51956,0,0.0
51957,0,0.0
51958,0,0.0
51959,0,0.0
51960,0,0.0
51961,0,0.0
51962,0,0.0
51963,0,0.0
51964,0,0.0
51965,0,0.0
51966,0,0.0
51967,0,0.0
51968,0,0.0
51969,0,0.0
51970,0,0.0
51971,0,0.0
51972,0,0.0
51973,0,0.0
51974,0,0.0
51975,0,0.0
51976,0,0.0
51977,0,0.0
51978,0,0.0
51979,0,0.0
51980,0,0.0
51981,0,0.0
51982,0,0.0
51983,0,0.0
51984,0,0.0
51985,0,0.0
51986,0,0.0
51987,0,0.0
51988,0,0.0
51989,0,0.0
51990,0,0.0
51991,0,0.0
51992,0,0.0
51993,0,0.0
51994,0,0.0
51995,0,0.0
51996,0,0.0
51997,0,0.0
51998,0,0.0
51999,0,0.0
52000,0,0.0
52001,0,0.0
52002,0,0.0
52003,0,0.0
52004,0,0.0
52005,0,0.0
52006,0,0.0
52007,0,0.0
52008,0,0.0
52009,0,0.0
52010,0,0.0
52011,0,0.0
52012,0,0.0
52013,0,0.0
52014,0,0.0
52015,0,0.0
52016,0,0.0
52017,0,0.0
52018,0,0.0
52019,0,0.0
52020,0,0.0
52021,0,0.0
52022,0,0.0
52023,0,0.0
52024,0,0.0
52025,0,0.0
52026,0,0.0
52027,0,0.0
52028,0,0.0
52029,0,0.0
52030,0,0.0
52031,0,0.0
52032,0,0.0
52033,0,0.0
52034,0,0.0
52035,0,0.0
52036,0,0.0
52037,0,0.0
52038,0,0.0
52039,0,0.0
52040,0,0.0
52041,0,0.0
52042,0,0.0
52043,0,0.0
52044,0,0.0
52045,0,0.0
52046,0,0.0
52047,0,0.0
52048,0,0.0
52049,0,0.0
52050,0,0.0
52051,0,0.0
52052,0,0.0
52053,0,0.0
52054,0,0.0
52055,0,0.0
52056,0,0.0
52057,0,0.0
52058,0,0.0
52059,0,0.0
52060,0,0.0
52061,0,0.0
52062,0,0.0
52063,0,0.0
52064,0,0.0
52065,0,0.0
52066,0,0.0
52067,0,0.0
52068,0,0.0
52069,0,0.0
52070,0,0.0
52071,0,0.0
52072,0,0.0
52073,0,0.0
52074,0,0.0
52075,0,0.0
52076,0,0.0
52077,0,0.0
52078,0,0.0
52079,0,0.0
52080,0,0.0
52081,0,0.0
52082,0,0.0
52083,0,0.0
52084,0,0.0
52085,0,0.0
52086,0,0.0
52087,0,0.0
52088,0,0.0
52089,0,0.0
52090,0,0.0
52091,0,0.0
52092,0,0.0
52093,0,0.0
52094,0,0.0
52095,0,0.0
52096,0,0.0
52097,0,0.0
52098,0,0.0
52099,0,0.0
52100,0,0.0
52101,0,0.0
52102,0,0.0
52103,0,0.0
52104,0,0.0
52105,0,0.0
52106,0,0.0
52107,0,0.0
52108,0,0.0
52109,0,0.0
52110,0,0.0
52111,0,0.0
52112,0,0.0
52113,0,0.0
52114,0,0.0
52115,0,0.0
52116,0,0.0
52117,0,0.0
52118,0,0.0
52119,0,0.0
52120,0,0.0
52121,0,0.0
52122,0,0.0
52123,0,0.0
52124,0,0.0
52125,0,0.0
52126,0,0.0
52127,0,0.0
52128,0,0.0
52129,0,0.0
52130,0,0.0
52131,0,0.0
52132,0,0.0
52133,0,0.0
52134,0,0.0
52135,0,0.0
52136,0,0.0
52137,0,0.0
52138,0,0.0
52139,0,0.0
52140,0,0.0
52141,0,0.0
52142,0,0.0
52143,0,0.0
52144,0,0.0
52145,0,0.0
52146,0,0.0
52147,0,0.0
52148,0,0.0
52149,0,0.0
52150,0,0.0
52151,0,0.0
52152,0,0.0
52153,0,0.0
52154,0,0.0
52155,0,0.0
52156,0,0.0
52157,0,0.0
52158,0,0.0
52159,0,0.0
52160,0,0.0
52161,0,0.0
52162,0,0.0
52163,0,0.0
52164,0,0.0
52165,0,0.0
52166,0,0.0
52167,0,0.0
52168,0,0.0
52169,0,0.0
52170,0,0.0
52171,0,0.0
52172,0,0.0
52173,0,0.0
52174,0,0.0
52175,0,0.0
52176,0,0.0
52177,0,0.0
52178,0,0.0
52179,0,0.0
52180,0,0.0
52181,0,0.0
52182,0,0.0
52183,0,0.0
52184,0,0.0
52185,0,0.0
52186,0,0.0
52187,0,0.0
52188,0,0.0
52189,0,0.0
52190,0,0.0
52191,0,0.0
52192,0,0.0
52193,0,0.0
52194,0,0.0
52195,0,0.0
52196,0,0.0
52197,0,0.0
52198,0,0.0
52199,0,0.0
52200,0,0.0
52201,0,0.0
52202,0,0.0
52203,0,0.0
52204,0,0.0
52205,0,0.0
52206,0,0.0
52207,0,0.0
52208,0,0.0
52209,0,0.0
52210,0,0.0
52211,0,0.0
52212,0,0.0
52213,0,0.0
52214,0,0.0
52215,0,0.0
52216,0,0.0
52217,0,0.0
52218,0,0.0
52219,0,0.0
52220,0,0.0
52221,0,0.0
52222,0,0.0
52223,0,0.0
52224,0,0.0
52225,0,0.0
52226,0,0.0
52227,0,0.0
52228,0,0.0
52229,0,0.0
52230,0,0.0
52231,0,0.0
52232,0,0.0
52233,0,0.0
52234,0,0.0
52235,0,0.0
52236,0,0.0
52237,0,0.0
52238,0,0.0
52239,0,0.0
52240,0,0.0
52241,0,0.0
52242,0,0.0
52243,0,0.0
52244,0,0.0
52245,0,0.0
52246,0,0.0
52247,0,0.0
52248,0,0.0
52249,0,0.0
52250,0,0.0
52251,0,0.0
52252,0,0.0
52253,0,0.0
52254,0,0.0
52255,0,0.0
52256,0,0.0
52257,0,0.0
52258,0,0.0
52259,0,0.0
52260,0,0.0
52261,0,0.0
52262,0,0.0
52263,0,0.0
52264,0,0.0
52265,0,0.0
52266,0,0.0
52267,0,0.0
52268,0,0.0
52269,0,0.0
52270,0,0.0
52271,0,0.0
52272,0,0.0
52273,0,0.0
52274,0,0.0
52275,0,0.0
52276,0,0.0
52277,0,0.0
52278,0,0.0
52279,0,0.0
52280,0,0.0
52281,0,0.0
52282,0,0.0
52283,0,0.0
52284,0,0.0
52285,0,0.0
52286,0,0.0
52287,0,0.0
52288,0,0.0
52289,0,0.0
52290,0,0.0
52291,0,0.0
52292,0,0.0
52293,0,0.0
52294,0,0.0
52295,0,0.0
52296,0,0.0
52297,0,0.0
52298,0,0.0
52299,0,0.0
52300,0,0.0
52301,0,0.0
52302,0,0.0
52303,0,0.0
52304,0,0.0
52305,0,0.0
52306,0,0.0
52307,0,0.0
52308,0,0.0
52309,0,0.0
52310,0,0.0
52311,0,0.0
52312,0,0.0
52313,0,0.0
52314,0,0.0
52315,0,0.0
52316,0,0.0
52317,0,0.0
52318,0,0.0
52319,0,0.0
52320,0,0.0
52321,0,0.0
52322,0,0.0
52323,0,0.0
52324,0,0.0
52325,0,0.0
52326,0,0.0
52327,0,0.0
52328,0,0.0
52329,0,0.0
52330,0,0.0
52331,0,0.0
52332,0,0.0
52333,0,0.0
52334,0,0.0
52335,0,0.0
52336,0,0.0
52337,0,0.0
52338,0,0.0
52339,0,0.0
52340,0,0.0
52341,0,0.0
52342,0,0.0
52343,0,0.0
52344,0,0.0
52345,0,0.0
52346,0,0.0
52347,0,0.0
52348,0,0.0
52349,0,0.0
52350,0,0.0
52351,0,0.0
52352,0,0.0
52353,0,0.0
52354,0,0.0
52355,0,0.0
52356,0,0.0
52357,0,0.0
52358,0,0.0
52359,0,0.0
52360,0,0.0
52361,0,0.0
52362,0,0.0
52363,0,0.0
52364,0,0.0
52365,0,0.0
52366,0,0.0
52367,0,0.0
52368,0,0.0
52369,0,0.0
52370,0,0.0
52371,0,0.0
52372,0,0.0
52373,0,0.0
52374,0,0.0
52375,0,0.0
52376,0,0.0
52377,0,0.0
52378,0,0.0
52379,0,0.0
52380,0,0.0
52381,0,0.0
52382,0,0.0
52383,0,0.0
52384,0,0.0
52385,0,0.0
52386,0,0.0
52387,0,0.0
52388,0,0.0
52389,0,0.0
52390,0,0.0
52391,0,0.0
52392,0,0.0
52393,0,0.0
52394,0,0.0
52395,0,0.0
52396,0,0.0
52397,0,0.0
52398,0,0.0
52399,0,0.0
52400,0,0.0
52401,0,0.0
52402,0,0.0
52403,0,0.0
52404,0,0.0
52405,0,0.0
52406,0,0.0
52407,0,0.0
52408,0,0.0
52409,0,0.0
52410,0,0.0
52411,0,0.0
52412,0,0.0
52413,0,0.0
52414,0,0.0
52415,0,0.0
52416,0,0.0
52417,0,0.0
52418,0,0.0
52419,0,0.0
52420,0,0.0
52421,0,0.0
52422,0,0.0
52423,0,0.0
52424,0,0.0
52425,0,0.0
52426,0,0.0
52427,0,0.0
52428,0,0.0
52429,0,0.0
52430,0,0.0
52431,0,0.0
52432,0,0.0
52433,0,0.0
52434,0,0.0
52435,0,0.0
52436,0,0.0
52437,0,0.0
52438,0,0.0
52439,0,0.0
52440,0,0.0
52441,0,0.0
52442,0,0.0
52443,0,0.0
52444,0,0.0
52445,0,0.0
52446,0,0.0
52447,0,0.0
52448,0,0.0
52449,0,0.0
52450,0,0.0
52451,0,0.0
52452,0,0.0
52453,0,0.0
52454,0,0.0
52455,0,0.0
52456,0,0.0
52457,0,0.0
52458,0,0.0
52459,0,0.0
52460,0,0.0
52461,0,0.0
52462,0,0.0
52463,0,0.0
52464,0,0.0
52465,0,0.0
52466,0,0.0
52467,0,0.0
52468,0,0.0
52469,0,0.0
52470,0,0.0
52471,0,0.0
52472,0,0.0
52473,0,0.0
52474,0,0.0
52475,0,0.0
52476,0,0.0
52477,0,0.0
52478,0,0.0
52479,0,0.0
52480,0,0.0
52481,0,0.0
52482,0,0.0
52483,0,0.0
52484,0,0.0
52485,0,0.0
52486,0,0.0
52487,0,0.0
52488,0,0.0
52489,0,0.0
52490,0,0.0
52491,0,0.0
52492,0,0.0
52493,0,0.0
52494,0,0.0
52495,0,0.0
52496,0,0.0
52497,0,0.0
52498,0,0.0
52499,0,0.0
52500,0,0.0
52501,0,0.0
52502,0,0.0
52503,0,0.0
52504,0,0.0
52505,0,0.0
52506,0,0.0
52507,0,0.0
52508,0,0.0
52509,0,0.0
52510,0,0.0
52511,0,0.0
52512,0,0.0
52513,0,0.0
52514,0,0.0
52515,0,0.0
52516,0,0.0
52517,0,0.0
52518,0,0.0
52519,0,0.0
52520,0,0.0
52521,0,0.0
52522,0,0.0
52523,0,0.0
52524,0,0.0
52525,0,0.0
52526,0,0.0
52527,0,0.0
52528,0,0.0
52529,0,0.0
52530,0,0.0
52531,0,0.0
52532,0,0.0
52533,0,0.0
52534,0,0.0
52535,0,0.0
52536,0,0.0
52537,0,0.0
52538,0,0.0
52539,0,0.0
52540,0,0.0
52541,0,0.0
52542,0,0.0
52543,0,0.0
52544,0,0.0
52545,0,0.0
52546,0,0.0
52547,0,0.0
52548,0,0.0
52549,0,0.0
52550,0,0.0
52551,0,0.0
52552,0,0.0
52553,0,0.0
52554,0,0.0
52555,0,0.0
52556,0,0.0
52557,0,0.0
52558,0,0.0
52559,0,0.0
52560,0,0.0
52561,0,0.0
52562,0,0.0
52563,0,0.0
52564,0,0.0
52565,0,0.0
52566,0,0.0
52567,0,0.0
52568,0,0.0
52569,0,0.0
52570,0,0.0
52571,0,0.0
52572,0,0.0
52573,0,0.0
52574,0,0.0
52575,0,0.0
52576,0,0.0
52577,0,0.0
52578,0,0.0
52579,0,0.0
52580,0,0.0
52581,0,0.0
52582,0,0.0
52583,0,0.0
52584,0,0.0
52585,0,0.0
52586,0,0.0
52587,0,0.0
52588,0,0.0
52589,0,0.0
52590,0,0.0
52591,0,0.0
52592,0,0.0
52593,0,0.0
52594,0,0.0
52595,0,0.0
52596,0,0.0
52597,0,0.0
52598,0,0.0
52599,0,0.0
52600,0,0.0
52601,0,0.0
52602,0,0.0
52603,0,0.0
52604,0,0.0
52605,0,0.0
52606,0,0.0
52607,0,0.0
52608,0,0.0
52609,0,0.0
52610,0,0.0
52611,0,0.0
52612,0,0.0
52613,0,0.0
52614,0,0.0
52615,0,0.0
52616,0,0.0
52617,0,0.0
52618,0,0.0
52619,0,0.0
52620,0,0.0
52621,0,0.0
52622,0,0.0
52623,0,0.0
52624,0,0.0
52625,0,0.0
52626,0,0.0
52627,0,0.0
52628,0,0.0
52629,0,0.0
52630,0,0.0
52631,0,0.0
52632,0,0.0
52633,0,0.0
52634,0,0.0
52635,0,0.0
52636,0,0.0
52637,0,0.0
52638,0,0.0
52639,0,0.0
52640,0,0.0
52641,0,0.0
52642,0,0.0
52643,0,0.0
52644,0,0.0
52645,0,0.0
52646,0,0.0
52647,0,0.0
52648,0,0.0
52649,0,0.0
52650,0,0.0
52651,0,0.0
52652,0,0.0
52653,0,0.0
52654,0,0.0
52655,0,0.0
52656,0,0.0
52657,0,0.0
52658,0,0.0
52659,0,0.0
52660,0,0.0
52661,0,0.0
52662,0,0.0
52663,0,0.0
52664,0,0.0
52665,0,0.0
52666,0,0.0
52667,0,0.0
52668,0,0.0
52669,0,0.0
52670,0,0.0
52671,0,0.0
52672,0,0.0
52673,0,0.0
52674,0,0.0
52675,0,0.0
52676,0,0.0
52677,0,0.0
52678,0,0.0
52679,0,0.0
52680,0,0.0
52681,0,0.0
52682,0,0.0
52683,0,0.0
52684,0,0.0
52685,0,0.0
52686,0,0.0
52687,0,0.0
52688,0,0.0
52689,0,0.0
52690,0,0.0
52691,0,0.0
52692,0,0.0
52693,0,0.0
52694,0,0.0
52695,0,0.0
52696,0,0.0
52697,0,0.0
52698,0,0.0
52699,0,0.0
52700,0,0.0
52701,0,0.0
52702,0,0.0
52703,0,0.0
52704,0,0.0
52705,0,0.0
52706,0,0.0
52707,0,0.0
52708,0,0.0
52709,0,0.0
52710,0,0.0
52711,0,0.0
52712,0,0.0
52713,0,0.0
52714,0,0.0
52715,0,0.0
52716,0,0.0
52717,0,0.0
52718,0,0.0
52719,0,0.0
52720,0,0.0
52721,0,0.0
52722,0,0.0
52723,0,0.0
52724,0,0.0
52725,0,0.0
52726,0,0.0
52727,0,0.0
52728,0,0.0
52729,0,0.0
52730,0,0.0
52731,0,0.0
52732,0,0.0
52733,0,0.0
52734,0,0.0
52735,0,0.0
52736,0,0.0
52737,0,0.0
52738,0,0.0
52739,0,0.0
52740,0,0.0
52741,0,0.0
52742,0,0.0
52743,0,0.0
52744,0,0.0
52745,0,0.0
52746,0,0.0
52747,0,0.0
52748,0,0.0
52749,0,0.0
52750,0,0.0
52751,0,0.0
52752,0,0.0
52753,0,0.0
52754,0,0.0
52755,0,0.0
52756,0,0.0
52757,0,0.0
52758,0,0.0
52759,0,0.0
52760,0,0.0
52761,0,0.0
52762,0,0.0
52763,0,0.0
52764,0,0.0
52765,0,0.0
52766,0,0.0
52767,0,0.0
52768,0,0.0
52769,0,0.0
52770,0,0.0
52771,0,0.0
52772,0,0.0
52773,0,0.0
52774,0,0.0
52775,0,0.0
52776,0,0.0
52777,0,0.0
52778,0,0.0
52779,0,0.0
52780,0,0.0
52781,0,0.0
52782,0,0.0
52783,0,0.0
52784,0,0.0
52785,0,0.0
52786,0,0.0
52787,0,0.0
52788,0,0.0
52789,0,0.0
52790,0,0.0
52791,0,0.0
52792,0,0.0
52793,0,0.0
52794,0,0.0
52795,0,0.0
52796,0,0.0
52797,0,0.0
52798,0,0.0
52799,0,0.0
52800,0,0.0
52801,0,0.0
52802,0,0.0
52803,0,0.0
52804,0,0.0
52805,0,0.0
52806,0,0.0
52807,0,0.0
52808,0,0.0
52809,0,0.0
52810,0,0.0
52811,0,0.0
52812,0,0.0
52813,0,0.0
52814,0,0.0
52815,0,0.0
52816,0,0.0
52817,0,0.0
52818,0,0.0
52819,0,0.0
52820,0,0.0
52821,0,0.0
52822,0,0.0
52823,0,0.0
52824,0,0.0
52825,0,0.0
52826,0,0.0
52827,0,0.0
52828,0,0.0
52829,0,0.0
52830,0,0.0
52831,0,0.0
52832,0,0.0
52833,0,0.0
52834,0,0.0
52835,0,0.0
52836,0,0.0
52837,0,0.0
52838,0,0.0
52839,0,0.0
52840,0,0.0
52841,0,0.0
52842,0,0.0
52843,0,0.0
52844,0,0.0
52845,0,0.0
52846,0,0.0
52847,0,0.0
52848,0,0.0
52849,0,0.0
52850,0,0.0
52851,0,0.0
52852,0,0.0
52853,0,0.0
52854,0,0.0
52855,0,0.0
52856,0,0.0
52857,0,0.0
52858,0,0.0
52859,0,0.0
52860,0,0.0
52861,0,0.0
52862,0,0.0
52863,0,0.0
52864,0,0.0
52865,0,0.0
52866,0,0.0
52867,0,0.0
52868,0,0.0
52869,0,0.0
52870,0,0.0
52871,0,0.0
52872,0,0.0
52873,0,0.0
52874,0,0.0
52875,0,0.0
52876,0,0.0
52877,0,0.0
52878,0,0.0
52879,0,0.0
52880,0,0.0
52881,0,0.0
52882,0,0.0
52883,0,0.0
52884,0,0.0
52885,0,0.0
52886,0,0.0
52887,0,0.0
52888,0,0.0
52889,0,0.0
52890,0,0.0
52891,0,0.0
52892,0,0.0
52893,0,0.0
52894,0,0.0
52895,0,0.0
52896,0,0.0
52897,0,0.0
52898,0,0.0
52899,0,0.0
52900,0,0.0
52901,0,0.0
52902,0,0.0
52903,0,0.0
52904,0,0.0
52905,0,0.0
52906,0,0.0
52907,0,0.0
52908,0,0.0
52909,0,0.0
52910,0,0.0
52911,0,0.0
52912,0,0.0
52913,0,0.0
52914,0,0.0
52915,0,0.0
52916,0,0.0
52917,0,0.0
52918,0,0.0
52919,0,0.0
52920,0,0.0
52921,0,0.0
52922,0,0.0
52923,0,0.0
52924,0,0.0
52925,0,0.0
52926,0,0.0
52927,0,0.0
52928,0,0.0
52929,0,0.0
52930,0,0.0
52931,0,0.0
52932,0,0.0
52933,0,0.0
52934,0,0.0
52935,0,0.0
52936,0,0.0
52937,0,0.0
52938,0,0.0
52939,0,0.0
52940,0,0.0
52941,0,0.0
52942,0,0.0
52943,0,0.0
52944,0,0.0
52945,0,0.0
52946,0,0.0
52947,0,0.0
52948,0,0.0
52949,0,0.0
52950,0,0.0
52951,0,0.0
52952,0,0.0
52953,0,0.0
52954,0,0.0
52955,0,0.0
52956,0,0.0
52957,0,0.0
52958,0,0.0
52959,0,0.0
52960,0,0.0
52961,0,0.0
52962,0,0.0
52963,0,0.0
52964,0,0.0
52965,0,0.0
52966,0,0.0
52967,0,0.0
52968,0,0.0
52969,0,0.0
52970,0,0.0
52971,0,0.0
52972,0,0.0
52973,0,0.0
52974,0,0.0
52975,0,0.0
52976,0,0.0
52977,0,0.0
52978,0,0.0
52979,0,0.0
52980,0,0.0
52981,0,0.0
52982,0,0.0
52983,0,0.0
52984,0,0.0
52985,0,0.0
52986,0,0.0
52987,0,0.0
52988,0,0.0
52989,0,0.0
52990,0,0.0
52991,0,0.0
52992,0,0.0
52993,0,0.0
52994,0,0.0
52995,0,0.0
52996,0,0.0
52997,0,0.0
52998,0,0.0
52999,0,0.0
53000,0,0.0
53001,0,0.0
53002,0,0.0
53003,0,0.0
53004,0,0.0
53005,0,0.0
53006,0,0.0
53007,0,0.0
53008,0,0.0
53009,0,0.0
53010,0,0.0
53011,0,0.0
53012,0,0.0
53013,0,0.0
53014,0,0.0
53015,0,0.0
53016,0,0.0
53017,0,0.0
53018,0,0.0
53019,0,0.0
53020,0,0.0
53021,0,0.0
53022,0,0.0
53023,0,0.0
53024,0,0.0
53025,0,0.0
53026,0,0.0
53027,0,0.0
53028,0,0.0
53029,0,0.0
53030,0,0.0
53031,0,0.0
53032,0,0.0
53033,0,0.0
53034,0,0.0
53035,0,0.0
53036,0,0.0
53037,0,0.0
53038,0,0.0
53039,0,0.0
53040,0,0.0
53041,0,0.0
53042,0,0.0
53043,0,0.0
53044,0,0.0
53045,0,0.0
53046,0,0.0
53047,0,0.0
53048,0,0.0
53049,0,0.0
53050,0,0.0
53051,0,0.0
53052,0,0.0
53053,0,0.0
53054,0,0.0
53055,0,0.0
53056,0,0.0
53057,0,0.0
53058,0,0.0
53059,0,0.0
53060,0,0.0
53061,0,0.0
53062,0,0.0
53063,0,0.0
53064,0,0.0
53065,0,0.0
53066,0,0.0
53067,0,0.0
53068,0,0.0
53069,0,0.0
53070,0,0.0
53071,0,0.0
53072,0,0.0
53073,0,0.0
53074,0,0.0
53075,0,0.0
53076,0,0.0
53077,0,0.0
53078,0,0.0
53079,0,0.0
53080,0,0.0
53081,0,0.0
53082,0,0.0
53083,0,0.0
53084,0,0.0
53085,0,0.0
53086,0,0.0
53087,0,0.0
53088,0,0.0
53089,0,0.0
53090,0,0.0
53091,0,0.0
53092,0,0.0
53093,0,0.0
53094,0,0.0
53095,0,0.0
53096,0,0.0
53097,0,0.0
53098,0,0.0
53099,0,0.0
53100,0,0.0
53101,0,0.0
53102,0,0.0
53103,0,0.0
53104,0,0.0
53105,0,0.0
53106,0,0.0
53107,0,0.0
53108,0,0.0
53109,0,0.0
53110,0,0.0
53111,0,0.0
53112,0,0.0
53113,0,0.0
53114,0,0.0
53115,0,0.0
53116,0,0.0
53117,0,0.0
53118,0,0.0
53119,0,0.0
53120,0,0.0
53121,0,0.0
53122,0,0.0
53123,0,0.0
53124,0,0.0
53125,0,0.0
53126,0,0.0
53127,0,0.0
53128,0,0.0
53129,0,0.0
53130,0,0.0
53131,0,0.0
53132,0,0.0
53133,0,0.0
53134,0,0.0
53135,0,0.0
53136,0,0.0
53137,0,0.0
53138,0,0.0
53139,0,0.0
53140,0,0.0
53141,0,0.0
53142,0,0.0
53143,0,0.0
53144,0,0.0
53145,0,0.0
53146,0,0.0
53147,0,0.0
53148,0,0.0
53149,0,0.0
53150,0,0.0
53151,0,0.0
53152,0,0.0
53153,0,0.0
53154,0,0.0
53155,0,0.0
53156,0,0.0
53157,0,0.0
53158,0,0.0
53159,0,0.0
53160,0,0.0
53161,0,0.0
53162,0,0.0
53163,0,0.0
53164,0,0.0
53165,0,0.0
53166,0,0.0
53167,0,0.0
53168,0,0.0
53169,0,0.0
53170,0,0.0
53171,0,0.0
53172,0,0.0
53173,0,0.0
53174,0,0.0
53175,0,0.0
53176,0,0.0
53177,0,0.0
53178,0,0.0
53179,0,0.0
53180,0,0.0
53181,0,0.0
53182,0,0.0
53183,0,0.0
53184,0,0.0
53185,0,0.0
53186,0,0.0
53187,0,0.0
53188,0,0.0
53189,0,0.0
53190,0,0.0
53191,0,0.0
53192,0,0.0
53193,0,0.0
53194,0,0.0
53195,0,0.0
53196,0,0.0
53197,0,0.0
53198,0,0.0
53199,0,0.0
53200,0,0.0
53201,0,0.0
53202,0,0.0
53203,0,0.0
53204,0,0.0
53205,0,0.0
53206,0,0.0
53207,0,0.0
53208,0,0.0
53209,0,0.0
53210,0,0.0
53211,0,0.0
53212,0,0.0
53213,0,0.0
53214,0,0.0
53215,0,0.0
53216,0,0.0
53217,0,0.0
53218,0,0.0
53219,0,0.0
53220,0,0.0
53221,0,0.0
53222,0,0.0
53223,0,0.0
53224,0,0.0
53225,0,0.0
53226,0,0.0
53227,0,0.0
53228,0,0.0
53229,0,0.0
53230,0,0.0
53231,0,0.0
53232,0,0.0
53233,0,0.0
53234,0,0.0
53235,0,0.0
53236,0,0.0
53237,0,0.0
53238,0,0.0
53239,0,0.0
53240,0,0.0
53241,0,0.0
53242,0,0.0
53243,0,0.0
53244,0,0.0
53245,0,0.0
53246,0,0.0
53247,0,0.0
53248,0,0.0
53249,0,0.0
53250,0,0.0
53251,0,0.0
53252,0,0.0
53253,0,0.0
53254,0,0.0
53255,0,0.0
53256,0,0.0
53257,0,0.0
53258,0,0.0
53259,0,0.0
53260,0,0.0
53261,0,0.0
53262,0,0.0
53263,0,0.0
53264,0,0.0
53265,0,0.0
53266,0,0.0
53267,0,0.0
53268,0,0.0
53269,0,0.0
53270,0,0.0
53271,0,0.0
53272,0,0.0
53273,0,0.0
53274,0,0.0
53275,0,0.0
53276,0,0.0
53277,0,0.0
53278,0,0.0
53279,0,0.0
53280,0,0.0
53281,0,0.0
53282,0,0.0
53283,0,0.0
53284,0,0.0
53285,0,0.0
53286,0,0.0
53287,0,0.0
53288,0,0.0
53289,0,0.0
53290,0,0.0
53291,0,0.0
53292,0,0.0
53293,0,0.0
53294,0,0.0
53295,0,0.0
53296,0,0.0
53297,0,0.0
53298,0,0.0
53299,0,0.0
53300,0,0.0
53301,0,0.0
53302,0,0.0
53303,0,0.0
53304,0,0.0
53305,0,0.0
53306,0,0.0
53307,0,0.0
53308,0,0.0
53309,0,0.0
53310,0,0.0
53311,0,0.0
53312,0,0.0
53313,0,0.0
53314,0,0.0
53315,0,0.0
53316,0,0.0
53317,0,0.0
53318,0,0.0
53319,0,0.0
53320,0,0.0
53321,0,0.0
53322,0,0.0
53323,0,0.0
53324,0,0.0
53325,0,0.0
53326,0,0.0
53327,0,0.0
53328,0,0.0
53329,0,0.0
53330,0,0.0
53331,0,0.0
53332,0,0.0
53333,0,0.0
53334,0,0.0
53335,0,0.0
53336,0,0.0
53337,0,0.0
53338,0,0.0
53339,0,0.0
53340,0,0.0
53341,0,0.0
53342,0,0.0
53343,0,0.0
53344,0,0.0
53345,0,0.0
53346,0,0.0
53347,0,0.0
53348,0,0.0
53349,0,0.0
53350,0,0.0
53351,0,0.0
53352,0,0.0
53353,0,0.0
53354,0,0.0
53355,0,0.0
53356,0,0.0
53357,0,0.0
53358,0,0.0
53359,0,0.0
53360,0,0.0
53361,0,0.0
53362,0,0.0
53363,0,0.0
53364,0,0.0
53365,0,0.0
53366,0,0.0
53367,0,0.0
53368,0,0.0
53369,0,0.0
53370,0,0.0
53371,0,0.0
53372,0,0.0
53373,0,0.0
53374,0,0.0
53375,0,0.0
53376,0,0.0
53377,0,0.0
53378,0,0.0
53379,0,0.0
53380,0,0.0
53381,0,0.0
53382,0,0.0
53383,0,0.0
53384,0,0.0
53385,0,0.0
53386,0,0.0
53387,0,0.0
53388,0,0.0
53389,0,0.0
53390,0,0.0
53391,0,0.0
53392,0,0.0
53393,0,0.0
53394,0,0.0
53395,0,0.0
53396,0,0.0
53397,0,0.0
53398,0,0.0
53399,0,0.0
53400,0,0.0
53401,0,0.0
53402,0,0.0
53403,0,0.0
53404,0,0.0
53405,0,0.0
53406,0,0.0
53407,0,0.0
53408,0,0.0
53409,0,0.0
53410,0,0.0
53411,0,0.0
53412,0,0.0
53413,0,0.0
53414,0,0.0
53415,0,0.0
53416,0,0.0
53417,0,0.0
53418,0,0.0
53419,0,0.0
53420,0,0.0
53421,0,0.0
53422,0,0.0
53423,0,0.0
53424,0,0.0
53425,0,0.0
53426,0,0.0
53427,0,0.0
53428,0,0.0
53429,0,0.0
53430,0,0.0
53431,0,0.0
53432,0,0.0
53433,0,0.0
53434,0,0.0
53435,0,0.0
53436,0,0.0
53437,0,0.0
53438,0,0.0
53439,0,0.0
53440,0,0.0
53441,0,0.0
53442,0,0.0
53443,0,0.0
53444,0,0.0
53445,0,0.0
53446,0,0.0
53447,0,0.0
53448,0,0.0
53449,0,0.0
53450,0,0.0
53451,0,0.0
53452,0,0.0
53453,0,0.0
53454,0,0.0
53455,0,0.0
53456,0,0.0
53457,0,0.0
53458,0,0.0
53459,0,0.0
53460,0,0.0
53461,0,0.0
53462,0,0.0
53463,0,0.0
53464,0,0.0
53465,0,0.0
53466,0,0.0
53467,0,0.0
53468,0,0.0
53469,0,0.0
53470,0,0.0
53471,0,0.0
53472,0,0.0
53473,0,0.0
53474,0,0.0
53475,0,0.0
53476,0,0.0
53477,0,0.0
53478,0,0.0
53479,0,0.0
53480,0,0.0
53481,0,0.0
53482,0,0.0
53483,0,0.0
53484,0,0.0
53485,0,0.0
53486,0,0.0
53487,0,0.0
53488,0,0.0
53489,0,0.0
53490,0,0.0
53491,0,0.0
53492,0,0.0
53493,0,0.0
53494,0,0.0
53495,0,0.0
53496,0,0.0
53497,0,0.0
53498,0,0.0
53499,0,0.0
53500,0,0.0
53501,0,0.0
53502,0,0.0
53503,0,0.0
53504,0,0.0
53505,0,0.0
53506,0,0.0
53507,0,0.0
53508,0,0.0
53509,0,0.0
53510,0,0.0
53511,0,0.0
53512,0,0.0
53513,0,0.0
53514,0,0.0
53515,0,0.0
53516,0,0.0
53517,0,0.0
53518,0,0.0
53519,0,0.0
53520,0,0.0
53521,0,0.0
53522,0,0.0
53523,0,0.0
53524,0,0.0
53525,0,0.0
53526,0,0.0
53527,0,0.0
53528,0,0.0
53529,0,0.0
53530,0,0.0
53531,0,0.0
53532,0,0.0
53533,0,0.0
53534,0,0.0
53535,0,0.0
53536,0,0.0
53537,0,0.0
53538,0,0.0
53539,0,0.0
53540,0,0.0
53541,0,0.0
53542,0,0.0
53543,0,0.0
53544,0,0.0
53545,0,0.0
53546,0,0.0
53547,0,0.0
53548,0,0.0
53549,0,0.0
53550,0,0.0
53551,0,0.0
53552,0,0.0
53553,0,0.0
53554,0,0.0
53555,0,0.0
53556,0,0.0
53557,0,0.0
53558,0,0.0
53559,0,0.0
53560,0,0.0
53561,0,0.0
53562,0,0.0
53563,0,0.0
53564,0,0.0
53565,0,0.0
53566,0,0.0
53567,0,0.0
53568,0,0.0
53569,0,0.0
53570,0,0.0
53571,0,0.0
53572,0,0.0
53573,0,0.0
53574,0,0.0
53575,0,0.0
53576,0,0.0
53577,0,0.0
53578,0,0.0
53579,0,0.0
53580,0,0.0
53581,0,0.0
53582,0,0.0
53583,0,0.0
53584,0,0.0
53585,0,0.0
53586,0,0.0
53587,0,0.0
53588,0,0.0
53589,0,0.0
53590,0,0.0
53591,0,0.0
53592,0,0.0
53593,0,0.0
53594,0,0.0
53595,0,0.0
53596,0,0.0
53597,0,0.0
53598,0,0.0
53599,0,0.0
53600,0,0.0
53601,0,0.0
53602,0,0.0
53603,0,0.0
53604,0,0.0
53605,0,0.0
53606,0,0.0
53607,0,0.0
53608,0,0.0
53609,0,0.0
53610,0,0.0
53611,0,0.0
53612,0,0.0
53613,0,0.0
53614,0,0.0
53615,0,0.0
53616,0,0.0
53617,0,0.0
53618,0,0.0
53619,0,0.0
53620,0,0.0
53621,0,0.0
53622,0,0.0
53623,0,0.0
53624,0,0.0
53625,0,0.0
53626,0,0.0
53627,0,0.0
53628,0,0.0
53629,0,0.0
53630,0,0.0
53631,0,0.0
53632,0,0.0
53633,0,0.0
53634,0,0.0
53635,0,0.0
53636,0,0.0
53637,0,0.0
53638,0,0.0
53639,0,0.0
53640,0,0.0
53641,0,0.0
53642,0,0.0
53643,0,0.0
53644,0,0.0
53645,0,0.0
53646,0,0.0
53647,0,0.0
53648,0,0.0
53649,0,0.0
53650,0,0.0
53651,0,0.0
53652,0,0.0
53653,0,0.0
53654,0,0.0
53655,0,0.0
53656,0,0.0
53657,0,0.0
53658,0,0.0
53659,0,0.0
53660,0,0.0
53661,0,0.0
53662,0,0.0
53663,0,0.0
53664,0,0.0
53665,0,0.0
53666,0,0.0
53667,0,0.0
53668,0,0.0
53669,0,0.0
53670,0,0.0
53671,0,0.0
53672,0,0.0
53673,0,0.0
53674,0,0.0
53675,0,0.0
53676,0,0.0
53677,0,0.0
53678,0,0.0
53679,0,0.0
53680,0,0.0
53681,0,0.0
53682,0,0.0
53683,0,0.0
53684,0,0.0
53685,0,0.0
53686,0,0.0
53687,0,0.0
53688,0,0.0
53689,0,0.0
53690,0,0.0
53691,0,0.0
53692,0,0.0
53693,0,0.0
53694,0,0.0
53695,0,0.0
53696,0,0.0
53697,0,0.0
53698,0,0.0
53699,0,0.0
53700,0,0.0
53701,0,0.0
53702,0,0.0
53703,0,0.0
53704,0,0.0
53705,0,0.0
53706,0,0.0
53707,0,0.0
53708,0,0.0
53709,0,0.0
53710,0,0.0
53711,0,0.0
53712,0,0.0
53713,0,0.0
53714,0,0.0
53715,0,0.0
53716,0,0.0
53717,0,0.0
53718,0,0.0
53719,0,0.0
53720,0,0.0
53721,0,0.0
53722,0,0.0
53723,0,0.0
53724,0,0.0
53725,0,0.0
53726,0,0.0
53727,0,0.0
53728,0,0.0
53729,0,0.0
53730,0,0.0
53731,0,0.0
53732,0,0.0
53733,0,0.0
53734,0,0.0
53735,0,0.0
53736,0,0.0
53737,0,0.0
53738,0,0.0
53739,0,0.0
53740,0,0.0
53741,0,0.0
53742,0,0.0
53743,0,0.0
53744,0,0.0
53745,0,0.0
53746,0,0.0
53747,0,0.0
53748,0,0.0
53749,0,0.0
53750,0,0.0
53751,0,0.0
53752,0,0.0
53753,0,0.0
53754,0,0.0
53755,0,0.0
53756,0,0.0
53757,0,0.0
53758,0,0.0
53759,0,0.0
53760,0,0.0
53761,0,0.0
53762,0,0.0
53763,0,0.0
53764,0,0.0
53765,0,0.0
53766,0,0.0
53767,0,0.0
53768,0,0.0
53769,0,0.0
53770,0,0.0
53771,0,0.0
53772,0,0.0
53773,0,0.0
53774,0,0.0
53775,0,0.0
53776,0,0.0
53777,0,0.0
53778,0,0.0
53779,0,0.0
53780,0,0.0
53781,0,0.0
53782,0,0.0
53783,0,0.0
53784,0,0.0
53785,0,0.0
53786,0,0.0
53787,0,0.0
53788,0,0.0
53789,0,0.0
53790,0,0.0
53791,0,0.0
53792,0,0.0
53793,0,0.0
53794,0,0.0
53795,0,0.0
53796,0,0.0
53797,0,0.0
53798,0,0.0
53799,0,0.0
53800,0,0.0
53801,0,0.0
53802,0,0.0
53803,0,0.0
53804,0,0.0
53805,0,0.0
53806,0,0.0
53807,0,0.0
53808,0,0.0
53809,0,0.0
53810,0,0.0
53811,0,0.0
53812,0,0.0
53813,0,0.0
53814,0,0.0
53815,0,0.0
53816,0,0.0
53817,0,0.0
53818,0,0.0
53819,0,0.0
53820,0,0.0
53821,0,0.0
53822,0,0.0
53823,0,0.0
53824,0,0.0
53825,0,0.0
53826,0,0.0
53827,0,0.0
53828,0,0.0
53829,0,0.0
53830,0,0.0
53831,0,0.0
53832,0,0.0
53833,0,0.0
53834,0,0.0
53835,0,0.0
53836,0,0.0
53837,0,0.0
53838,0,0.0
53839,0,0.0
53840,0,0.0
53841,0,0.0
53842,0,0.0
53843,0,0.0
53844,0,0.0
53845,0,0.0
53846,0,0.0
53847,0,0.0
53848,0,0.0
53849,0,0.0
53850,0,0.0
53851,0,0.0
53852,0,0.0
53853,0,0.0
53854,0,0.0
53855,0,0.0
53856,0,0.0
53857,0,0.0
53858,0,0.0
53859,0,0.0
53860,0,0.0
53861,0,0.0
53862,0,0.0
53863,0,0.0
53864,0,0.0
53865,0,0.0
53866,0,0.0
53867,0,0.0
53868,0,0.0
53869,0,0.0
53870,0,0.0
53871,0,0.0
53872,0,0.0
53873,0,0.0
53874,0,0.0
53875,0,0.0
53876,0,0.0
53877,0,0.0
53878,0,0.0
53879,0,0.0
53880,0,0.0
53881,0,0.0
53882,0,0.0
53883,0,0.0
53884,0,0.0
53885,0,0.0
53886,0,0.0
53887,0,0.0
53888,0,0.0
53889,0,0.0
53890,0,0.0
53891,0,0.0
53892,0,0.0
53893,0,0.0
53894,0,0.0
53895,0,0.0
53896,0,0.0
53897,0,0.0
53898,0,0.0
53899,0,0.0
53900,0,0.0
53901,0,0.0
53902,0,0.0
53903,0,0.0
53904,0,0.0
53905,0,0.0
53906,0,0.0
53907,0,0.0
53908,0,0.0
53909,0,0.0
53910,0,0.0
53911,0,0.0
53912,0,0.0
53913,0,0.0
53914,0,0.0
53915,0,0.0
53916,0,0.0
53917,0,0.0
53918,0,0.0
53919,0,0.0
53920,0,0.0
53921,0,0.0
53922,0,0.0
53923,0,0.0
53924,0,0.0
53925,0,0.0
53926,0,0.0
53927,0,0.0
53928,0,0.0
53929,0,0.0
53930,0,0.0
53931,0,0.0
53932,0,0.0
53933,0,0.0
53934,0,0.0
53935,0,0.0
53936,0,0.0
53937,0,0.0
53938,0,0.0
53939,0,0.0
53940,0,0.0
53941,0,0.0
53942,0,0.0
53943,0,0.0
53944,0,0.0
53945,0,0.0
53946,0,0.0
53947,0,0.0
53948,0,0.0
53949,0,0.0
53950,0,0.0
53951,0,0.0
53952,0,0.0
53953,0,0.0
53954,0,0.0
53955,0,0.0
53956,0,0.0
53957,0,0.0
53958,0,0.0
53959,0,0.0
53960,0,0.0
53961,0,0.0
53962,0,0.0
53963,0,0.0
53964,0,0.0
53965,0,0.0
53966,0,0.0
53967,0,0.0
53968,0,0.0
53969,0,0.0
53970,0,0.0
53971,0,0.0
53972,0,0.0
53973,0,0.0
53974,0,0.0
53975,0,0.0
53976,0,0.0
53977,0,0.0
53978,0,0.0
53979,0,0.0
53980,0,0.0
53981,0,0.0
53982,0,0.0
53983,0,0.0
53984,0,0.0
53985,0,0.0
53986,0,0.0
53987,0,0.0
53988,0,0.0
53989,0,0.0
53990,0,0.0
53991,0,0.0
53992,0,0.0
53993,0,0.0
53994,0,0.0
53995,0,0.0
53996,0,0.0
53997,0,0.0
53998,0,0.0
53999,0,0.0
54000,0,0.0
54001,0,0.0
54002,0,0.0
54003,0,0.0
54004,0,0.0
54005,0,0.0
54006,0,0.0
54007,0,0.0
54008,0,0.0
54009,0,0.0
54010,0,0.0
54011,0,0.0
54012,0,0.0
54013,0,0.0
54014,0,0.0
54015,0,0.0
54016,0,0.0
54017,0,0.0
54018,0,0.0
54019,0,0.0
54020,0,0.0
54021,0,0.0
54022,0,0.0
54023,0,0.0
54024,0,0.0
54025,0,0.0
54026,0,0.0
54027,0,0.0
54028,0,0.0
54029,0,0.0
54030,0,0.0
54031,0,0.0
54032,0,0.0
54033,0,0.0
54034,0,0.0
54035,0,0.0
54036,0,0.0
54037,0,0.0
54038,0,0.0
54039,0,0.0
54040,0,0.0
54041,0,0.0
54042,0,0.0
54043,0,0.0
54044,0,0.0
54045,0,0.0
54046,0,0.0
54047,0,0.0
54048,0,0.0
54049,0,0.0
54050,0,0.0
54051,0,0.0
54052,0,0.0
54053,0,0.0
54054,0,0.0
54055,0,0.0
54056,0,0.0
54057,0,0.0
54058,0,0.0
54059,0,0.0
54060,0,0.0
54061,0,0.0
54062,0,0.0
54063,0,0.0
54064,0,0.0
54065,0,0.0
54066,0,0.0
54067,0,0.0
54068,0,0.0
54069,0,0.0
54070,0,0.0
54071,0,0.0
54072,0,0.0
54073,0,0.0
54074,0,0.0
54075,0,0.0
54076,0,0.0
54077,0,0.0
54078,0,0.0
54079,0,0.0
54080,0,0.0
54081,0,0.0
54082,0,0.0
54083,0,0.0
54084,0,0.0
54085,0,0.0
54086,0,0.0
54087,0,0.0
54088,0,0.0
54089,0,0.0
54090,0,0.0
54091,0,0.0
54092,0,0.0
54093,0,0.0
54094,0,0.0
54095,0,0.0
54096,0,0.0
54097,0,0.0
54098,0,0.0
54099,0,0.0
54100,0,0.0
54101,0,0.0
54102,0,0.0
54103,0,0.0
54104,0,0.0
54105,0,0.0
54106,0,0.0
54107,0,0.0
54108,0,0.0
54109,0,0.0
54110,0,0.0
54111,0,0.0
54112,0,0.0
54113,0,0.0
54114,0,0.0
54115,0,0.0
54116,0,0.0
54117,0,0.0
54118,0,0.0
54119,0,0.0
54120,0,0.0
54121,0,0.0
54122,0,0.0
54123,0,0.0
54124,0,0.0
54125,0,0.0
54126,0,0.0
54127,0,0.0
54128,0,0.0
54129,0,0.0
54130,0,0.0
54131,0,0.0
54132,0,0.0
54133,0,0.0
54134,0,0.0
54135,0,0.0
54136,0,0.0
54137,0,0.0
54138,0,0.0
54139,0,0.0
54140,0,0.0
54141,0,0.0
54142,0,0.0
54143,0,0.0
54144,0,0.0
54145,0,0.0
54146,0,0.0
54147,0,0.0
54148,0,0.0
54149,0,0.0
54150,0,0.0
54151,0,0.0
54152,0,0.0
54153,0,0.0
54154,0,0.0
54155,0,0.0
54156,0,0.0
54157,0,0.0
54158,0,0.0
54159,0,0.0
54160,0,0.0
54161,0,0.0
54162,0,0.0
54163,0,0.0
54164,0,0.0
54165,0,0.0
54166,0,0.0
54167,0,0.0
54168,0,0.0
54169,0,0.0
54170,0,0.0
54171,0,0.0
54172,0,0.0
54173,0,0.0
54174,0,0.0
54175,0,0.0
54176,0,0.0
54177,0,0.0
54178,0,0.0
54179,0,0.0
54180,0,0.0
54181,0,0.0
54182,0,0.0
54183,0,0.0
54184,0,0.0
54185,0,0.0
54186,0,0.0
54187,0,0.0
54188,0,0.0
54189,0,0.0
54190,0,0.0
54191,0,0.0
54192,0,0.0
54193,0,0.0
54194,0,0.0
54195,0,0.0
54196,0,0.0
54197,0,0.0
54198,0,0.0
54199,0,0.0
54200,0,0.0
54201,0,0.0
54202,0,0.0
54203,0,0.0
54204,0,0.0
54205,0,0.0
54206,0,0.0
54207,0,0.0
54208,0,0.0
54209,0,0.0
54210,0,0.0
54211,0,0.0
54212,0,0.0
54213,0,0.0
54214,0,0.0
54215,0,0.0
54216,0,0.0
54217,0,0.0
54218,0,0.0
54219,0,0.0
54220,0,0.0
54221,0,0.0
54222,0,0.0
54223,0,0.0
54224,0,0.0
54225,0,0.0
54226,0,0.0
54227,0,0.0
54228,0,0.0
54229,0,0.0
54230,0,0.0
54231,0,0.0
54232,0,0.0
54233,0,0.0
54234,0,0.0
54235,0,0.0
54236,0,0.0
54237,0,0.0
54238,0,0.0
54239,0,0.0
54240,0,0.0
54241,0,0.0
54242,0,0.0
54243,0,0.0
54244,0,0.0
54245,0,0.0
54246,0,0.0
54247,0,0.0
54248,0,0.0
54249,0,0.0
54250,0,0.0
54251,0,0.0
54252,0,0.0
54253,0,0.0
54254,0,0.0
54255,0,0.0
54256,0,0.0
54257,0,0.0
54258,0,0.0
54259,0,0.0
54260,0,0.0
54261,0,0.0
54262,0,0.0
54263,0,0.0
54264,0,0.0
54265,0,0.0
54266,0,0.0
54267,0,0.0
54268,0,0.0
54269,0,0.0
54270,0,0.0
54271,0,0.0
54272,0,0.0
54273,0,0.0
54274,0,0.0
54275,0,0.0
54276,0,0.0
54277,0,0.0
54278,0,0.0
54279,0,0.0
54280,0,0.0
54281,0,0.0
54282,0,0.0
54283,0,0.0
54284,0,0.0
54285,0,0.0
54286,0,0.0
54287,0,0.0
54288,0,0.0
54289,0,0.0
54290,0,0.0
54291,0,0.0
54292,0,0.0
54293,0,0.0
54294,0,0.0
54295,0,0.0
54296,0,0.0
54297,0,0.0
54298,0,0.0
54299,0,0.0
54300,0,0.0
54301,0,0.0
54302,0,0.0
54303,0,0.0
54304,0,0.0
54305,0,0.0
54306,0,0.0
54307,0,0.0
54308,0,0.0
54309,0,0.0
54310,0,0.0
54311,0,0.0
54312,0,0.0
54313,0,0.0
54314,0,0.0
54315,0,0.0
54316,0,0.0
54317,0,0.0
54318,0,0.0
54319,0,0.0
54320,0,0.0
54321,0,0.0
54322,0,0.0
54323,0,0.0
54324,0,0.0
54325,0,0.0
54326,0,0.0
54327,0,0.0
54328,0,0.0
54329,0,0.0
54330,0,0.0
54331,0,0.0
54332,0,0.0
54333,0,0.0
54334,0,0.0
54335,0,0.0
54336,0,0.0
54337,0,0.0
54338,0,0.0
54339,0,0.0
54340,0,0.0
54341,0,0.0
54342,0,0.0
54343,0,0.0
54344,0,0.0
54345,0,0.0
54346,0,0.0
54347,0,0.0
54348,0,0.0
54349,0,0.0
54350,0,0.0
54351,0,0.0
54352,0,0.0
54353,0,0.0
54354,0,0.0
54355,0,0.0
54356,0,0.0
54357,0,0.0
54358,0,0.0
54359,0,0.0
54360,0,0.0
54361,0,0.0
54362,0,0.0
54363,0,0.0
54364,0,0.0
54365,0,0.0
54366,0,0.0
54367,0,0.0
54368,0,0.0
54369,0,0.0
54370,0,0.0
54371,0,0.0
54372,0,0.0
54373,0,0.0
54374,0,0.0
54375,0,0.0
54376,0,0.0
54377,0,0.0
54378,0,0.0
54379,0,0.0
54380,0,0.0
54381,0,0.0
54382,0,0.0
54383,0,0.0
54384,0,0.0
54385,0,0.0
54386,0,0.0
54387,0,0.0
54388,0,0.0
54389,0,0.0
54390,0,0.0
54391,0,0.0
54392,0,0.0
54393,0,0.0
54394,0,0.0
54395,0,0.0
54396,0,0.0
54397,0,0.0
54398,0,0.0
54399,0,0.0
54400,0,0.0
54401,0,0.0
54402,0,0.0
54403,0,0.0
54404,0,0.0
54405,0,0.0
54406,0,0.0
54407,0,0.0
54408,0,0.0
54409,0,0.0
54410,0,0.0
54411,0,0.0
54412,0,0.0
54413,0,0.0
54414,0,0.0
54415,0,0.0
54416,0,0.0
54417,0,0.0
54418,0,0.0
54419,0,0.0
54420,0,0.0
54421,0,0.0
54422,0,0.0
54423,0,0.0
54424,0,0.0
54425,0,0.0
54426,0,0.0
54427,0,0.0
54428,0,0.0
54429,0,0.0
54430,0,0.0
54431,0,0.0
54432,0,0.0
54433,0,0.0
54434,0,0.0
54435,0,0.0
54436,0,0.0
54437,0,0.0
54438,0,0.0
54439,0,0.0
54440,0,0.0
54441,0,0.0
54442,0,0.0
54443,0,0.0
54444,0,0.0
54445,0,0.0
54446,0,0.0
54447,0,0.0
54448,0,0.0
54449,0,0.0
54450,0,0.0
54451,0,0.0
54452,0,0.0
54453,0,0.0
54454,0,0.0
54455,0,0.0
54456,0,0.0
54457,0,0.0
54458,0,0.0
54459,0,0.0
54460,0,0.0
54461,0,0.0
54462,0,0.0
54463,0,0.0
54464,0,0.0
54465,0,0.0
54466,0,0.0
54467,0,0.0
54468,0,0.0
54469,0,0.0
54470,0,0.0
54471,0,0.0
54472,0,0.0
54473,0,0.0
54474,0,0.0
54475,0,0.0
54476,0,0.0
54477,0,0.0
54478,0,0.0
54479,0,0.0
54480,0,0.0
54481,0,0.0
54482,0,0.0
54483,0,0.0
54484,0,0.0
54485,0,0.0
54486,0,0.0
54487,0,0.0
54488,0,0.0
54489,0,0.0
54490,0,0.0
54491,0,0.0
54492,0,0.0
54493,0,0.0
54494,0,0.0
54495,0,0.0
54496,0,0.0
54497,0,0.0
54498,0,0.0
54499,0,0.0
54500,0,0.0
54501,0,0.0
54502,0,0.0
54503,0,0.0
54504,0,0.0
54505,0,0.0
54506,0,0.0
54507,0,0.0
54508,0,0.0
54509,0,0.0
54510,0,0.0
54511,0,0.0
54512,0,0.0
54513,0,0.0
54514,0,0.0
54515,0,0.0
54516,0,0.0
54517,0,0.0
54518,0,0.0
54519,0,0.0
54520,0,0.0
54521,0,0.0
54522,0,0.0
54523,0,0.0
54524,0,0.0
54525,0,0.0
54526,0,0.0
54527,0,0.0
54528,0,0.0
54529,0,0.0
54530,0,0.0
54531,0,0.0
54532,0,0.0
54533,0,0.0
54534,0,0.0
54535,0,0.0
54536,0,0.0
54537,0,0.0
54538,0,0.0
54539,0,0.0
54540,0,0.0
54541,0,0.0
54542,0,0.0
54543,0,0.0
54544,0,0.0
54545,0,0.0
54546,0,0.0
54547,0,0.0
54548,0,0.0
54549,0,0.0
54550,0,0.0
54551,0,0.0
54552,0,0.0
54553,0,0.0
54554,0,0.0
54555,0,0.0
54556,0,0.0
54557,0,0.0
54558,0,0.0
54559,0,0.0
54560,0,0.0
54561,0,0.0
54562,0,0.0
54563,0,0.0
54564,0,0.0
54565,0,0.0
54566,0,0.0
54567,0,0.0
54568,0,0.0
54569,0,0.0
54570,0,0.0
54571,0,0.0
54572,0,0.0
54573,0,0.0
54574,0,0.0
54575,0,0.0
54576,0,0.0
54577,0,0.0
54578,0,0.0
54579,0,0.0
54580,0,0.0
54581,0,0.0
54582,0,0.0
54583,0,0.0
54584,0,0.0
54585,0,0.0
54586,0,0.0
54587,0,0.0
54588,0,0.0
54589,0,0.0
54590,0,0.0
54591,0,0.0
54592,0,0.0
54593,0,0.0
54594,0,0.0
54595,0,0.0
54596,0,0.0
54597,0,0.0
54598,0,0.0
54599,0,0.0
54600,0,0.0
54601,0,0.0
54602,0,0.0
54603,0,0.0
54604,0,0.0
54605,0,0.0
54606,0,0.0
54607,0,0.0
54608,0,0.0
54609,0,0.0
54610,0,0.0
54611,0,0.0
54612,0,0.0
54613,0,0.0
54614,0,0.0
54615,0,0.0
54616,0,0.0
54617,0,0.0
54618,0,0.0
54619,0,0.0
54620,0,0.0
54621,0,0.0
54622,0,0.0
54623,0,0.0
54624,0,0.0
54625,0,0.0
54626,0,0.0
54627,0,0.0
54628,0,0.0
54629,0,0.0
54630,0,0.0
54631,0,0.0
54632,0,0.0
54633,0,0.0
54634,0,0.0
54635,0,0.0
54636,0,0.0
54637,0,0.0
54638,0,0.0
54639,0,0.0
54640,0,0.0
54641,0,0.0
54642,0,0.0
54643,0,0.0
54644,0,0.0
54645,0,0.0
54646,0,0.0
54647,0,0.0
54648,0,0.0
54649,0,0.0
54650,0,0.0
54651,0,0.0
54652,0,0.0
54653,0,0.0
54654,0,0.0
54655,0,0.0
54656,0,0.0
54657,0,0.0
54658,0,0.0
54659,0,0.0
54660,0,0.0
54661,0,0.0
54662,0,0.0
54663,0,0.0
54664,0,0.0
54665,0,0.0
54666,0,0.0
54667,0,0.0
54668,0,0.0
54669,0,0.0
54670,0,0.0
54671,0,0.0
54672,0,0.0
54673,0,0.0
54674,0,0.0
54675,0,0.0
54676,0,0.0
54677,0,0.0
54678,0,0.0
54679,0,0.0
54680,0,0.0
54681,0,0.0
54682,0,0.0
54683,0,0.0
54684,0,0.0
54685,0,0.0
54686,0,0.0
54687,0,0.0
54688,0,0.0
54689,0,0.0
54690,0,0.0
54691,0,0.0
54692,0,0.0
54693,0,0.0
54694,0,0.0
54695,0,0.0
54696,0,0.0
54697,0,0.0
54698,0,0.0
54699,0,0.0
54700,0,0.0
54701,0,0.0
54702,0,0.0
54703,0,0.0
54704,0,0.0
54705,0,0.0
54706,0,0.0
54707,0,0.0
54708,0,0.0
54709,0,0.0
54710,0,0.0
54711,0,0.0
54712,0,0.0
54713,0,0.0
54714,0,0.0
54715,0,0.0
54716,0,0.0
54717,0,0.0
54718,0,0.0
54719,0,0.0
54720,0,0.0
54721,0,0.0
54722,0,0.0
54723,0,0.0
54724,0,0.0
54725,0,0.0
54726,0,0.0
54727,0,0.0
54728,0,0.0
54729,0,0.0
54730,0,0.0
54731,0,0.0
54732,0,0.0
54733,0,0.0
54734,0,0.0
54735,0,0.0
54736,0,0.0
54737,0,0.0
54738,0,0.0
54739,0,0.0
54740,0,0.0
54741,0,0.0
54742,0,0.0
54743,0,0.0
54744,0,0.0
54745,0,0.0
54746,0,0.0
54747,0,0.0
54748,0,0.0
54749,0,0.0
54750,0,0.0
54751,0,0.0
54752,0,0.0
54753,0,0.0
54754,0,0.0
54755,0,0.0
54756,0,0.0
54757,0,0.0
54758,0,0.0
54759,0,0.0
54760,0,0.0
54761,0,0.0
54762,0,0.0
54763,0,0.0
54764,0,0.0
54765,0,0.0
54766,0,0.0
54767,0,0.0
54768,0,0.0
54769,0,0.0
54770,0,0.0
54771,0,0.0
54772,0,0.0
54773,0,0.0
54774,0,0.0
54775,0,0.0
54776,0,0.0
54777,0,0.0
54778,0,0.0
54779,0,0.0
54780,0,0.0
54781,0,0.0
54782,0,0.0
54783,0,0.0
54784,0,0.0
54785,0,0.0
54786,0,0.0
54787,0,0.0
54788,0,0.0
54789,0,0.0
54790,0,0.0
54791,0,0.0
54792,0,0.0
54793,0,0.0
54794,0,0.0
54795,0,0.0
54796,0,0.0
54797,0,0.0
54798,0,0.0
54799,0,0.0
54800,0,0.0
54801,0,0.0
54802,0,0.0
54803,0,0.0
54804,0,0.0
54805,0,0.0
54806,0,0.0
54807,0,0.0
54808,0,0.0
54809,0,0.0
54810,0,0.0
54811,0,0.0
54812,0,0.0
54813,0,0.0
54814,0,0.0
54815,0,0.0
54816,0,0.0
54817,0,0.0
54818,0,0.0
54819,0,0.0
54820,0,0.0
54821,0,0.0
54822,0,0.0
54823,0,0.0
54824,0,0.0
54825,0,0.0
54826,0,0.0
54827,0,0.0
54828,0,0.0
54829,0,0.0
54830,0,0.0
54831,0,0.0
54832,0,0.0
54833,0,0.0
54834,0,0.0
54835,0,0.0
54836,0,0.0
54837,0,0.0
54838,0,0.0
54839,0,0.0
54840,0,0.0
54841,0,0.0
54842,0,0.0
54843,0,0.0
54844,0,0.0
54845,0,0.0
54846,0,0.0
54847,0,0.0
54848,0,0.0
54849,0,0.0
54850,0,0.0
54851,0,0.0
54852,0,0.0
54853,0,0.0
54854,0,0.0
54855,0,0.0
54856,0,0.0
54857,0,0.0
54858,0,0.0
54859,0,0.0
54860,0,0.0
54861,0,0.0
54862,0,0.0
54863,0,0.0
54864,0,0.0
54865,0,0.0
54866,0,0.0
54867,0,0.0
54868,0,0.0
54869,0,0.0
54870,0,0.0
54871,0,0.0
54872,0,0.0
54873,0,0.0
54874,0,0.0
54875,0,0.0
54876,0,0.0
54877,0,0.0
54878,0,0.0
54879,0,0.0
54880,0,0.0
54881,0,0.0
54882,0,0.0
54883,0,0.0
54884,0,0.0
54885,0,0.0
54886,0,0.0
54887,0,0.0
54888,0,0.0
54889,0,0.0
54890,0,0.0
54891,0,0.0
54892,0,0.0
54893,0,0.0
54894,0,0.0
54895,0,0.0
54896,0,0.0
54897,0,0.0
54898,0,0.0
54899,0,0.0
54900,0,0.0
54901,0,0.0
54902,0,0.0
54903,0,0.0
54904,0,0.0
54905,0,0.0
54906,0,0.0
54907,0,0.0
54908,0,0.0
54909,0,0.0
54910,0,0.0
54911,0,0.0
54912,0,0.0
54913,0,0.0
54914,0,0.0
54915,0,0.0
54916,0,0.0
54917,0,0.0
54918,0,0.0
54919,0,0.0
54920,0,0.0
54921,0,0.0
54922,0,0.0
54923,0,0.0
54924,0,0.0
54925,0,0.0
54926,0,0.0
54927,0,0.0
54928,0,0.0
54929,0,0.0
54930,0,0.0
54931,0,0.0
54932,0,0.0
54933,0,0.0
54934,0,0.0
54935,0,0.0
54936,0,0.0
54937,0,0.0
54938,0,0.0
54939,0,0.0
54940,0,0.0
54941,0,0.0
54942,0,0.0
54943,0,0.0
54944,0,0.0
54945,0,0.0
54946,0,0.0
54947,0,0.0
54948,0,0.0
54949,0,0.0
54950,0,0.0
54951,0,0.0
54952,0,0.0
54953,0,0.0
54954,0,0.0
54955,0,0.0
54956,0,0.0
54957,0,0.0
54958,0,0.0
54959,0,0.0
54960,0,0.0
54961,0,0.0
54962,0,0.0
54963,0,0.0
54964,0,0.0
54965,0,0.0
54966,0,0.0
54967,0,0.0
54968,0,0.0
54969,0,0.0
54970,0,0.0
54971,0,0.0
54972,0,0.0
54973,0,0.0
54974,0,0.0
54975,0,0.0
54976,0,0.0
54977,0,0.0
54978,0,0.0
54979,0,0.0
54980,0,0.0
54981,0,0.0
54982,0,0.0
54983,0,0.0
54984,0,0.0
54985,0,0.0
54986,0,0.0
54987,0,0.0
54988,0,0.0
54989,0,0.0
54990,0,0.0
54991,0,0.0
54992,0,0.0
54993,0,0.0
54994,0,0.0
54995,0,0.0
54996,0,0.0
54997,0,0.0
54998,0,0.0
54999,0,0.0
55000,0,0.0
55001,0,0.0
55002,0,0.0
55003,0,0.0
55004,0,0.0
55005,0,0.0
55006,0,0.0
55007,0,0.0
55008,0,0.0
55009,0,0.0
55010,0,0.0
55011,0,0.0
55012,0,0.0
55013,0,0.0
55014,0,0.0
55015,0,0.0
55016,0,0.0
55017,0,0.0
55018,0,0.0
55019,0,0.0
55020,0,0.0
55021,0,0.0
55022,0,0.0
55023,0,0.0
55024,0,0.0
55025,0,0.0
55026,0,0.0
55027,0,0.0
55028,0,0.0
55029,0,0.0
55030,0,0.0
55031,0,0.0
55032,0,0.0
55033,0,0.0
55034,0,0.0
55035,0,0.0
55036,0,0.0
55037,0,0.0
55038,0,0.0
55039,0,0.0
55040,0,0.0
55041,0,0.0
55042,0,0.0
55043,0,0.0
55044,0,0.0
55045,0,0.0
55046,0,0.0
55047,0,0.0
55048,0,0.0
55049,0,0.0
55050,0,0.0
55051,0,0.0
55052,0,0.0
55053,0,0.0
55054,0,0.0
55055,0,0.0
55056,0,0.0
55057,0,0.0
55058,0,0.0
55059,0,0.0
55060,0,0.0
55061,0,0.0
55062,0,0.0
55063,0,0.0
55064,0,0.0
55065,0,0.0
55066,0,0.0
55067,0,0.0
55068,0,0.0
55069,0,0.0
55070,0,0.0
55071,0,0.0
55072,0,0.0
55073,0,0.0
55074,0,0.0
55075,0,0.0
55076,0,0.0
55077,0,0.0
55078,0,0.0
55079,0,0.0
55080,0,0.0
55081,0,0.0
55082,0,0.0
55083,0,0.0
55084,0,0.0
55085,0,0.0
55086,0,0.0
55087,0,0.0
55088,0,0.0
55089,0,0.0
55090,0,0.0
55091,0,0.0
55092,0,0.0
55093,0,0.0
55094,0,0.0
55095,0,0.0
55096,0,0.0
55097,0,0.0
55098,0,0.0
55099,0,0.0
55100,0,0.0
55101,0,0.0
55102,0,0.0
55103,0,0.0
55104,0,0.0
55105,0,0.0
55106,0,0.0
55107,0,0.0
55108,0,0.0
55109,0,0.0
55110,0,0.0
55111,0,0.0
55112,0,0.0
55113,0,0.0
55114,0,0.0
55115,0,0.0
55116,0,0.0
55117,0,0.0
55118,0,0.0
55119,0,0.0
55120,0,0.0
55121,0,0.0
55122,0,0.0
55123,0,0.0
55124,0,0.0
55125,0,0.0
55126,0,0.0
55127,0,0.0
55128,0,0.0
55129,0,0.0
55130,0,0.0
55131,0,0.0
55132,0,0.0
55133,0,0.0
55134,0,0.0
55135,0,0.0
55136,0,0.0
55137,0,0.0
55138,0,0.0
55139,0,0.0
55140,0,0.0
55141,0,0.0
55142,0,0.0
55143,0,0.0
55144,0,0.0
55145,0,0.0
55146,0,0.0
55147,0,0.0
55148,0,0.0
55149,0,0.0
55150,0,0.0
55151,0,0.0
55152,0,0.0
55153,0,0.0
55154,0,0.0
55155,0,0.0
55156,0,0.0
55157,0,0.0
55158,0,0.0
55159,0,0.0
55160,0,0.0
55161,0,0.0
55162,0,0.0
55163,0,0.0
55164,0,0.0
55165,0,0.0
55166,0,0.0
55167,0,0.0
55168,0,0.0
55169,0,0.0
55170,0,0.0
55171,0,0.0
55172,0,0.0
55173,0,0.0
55174,0,0.0
55175,0,0.0
55176,0,0.0
55177,0,0.0
55178,0,0.0
55179,0,0.0
55180,0,0.0
55181,0,0.0
55182,0,0.0
55183,0,0.0
55184,0,0.0
55185,0,0.0
55186,0,0.0
55187,0,0.0
55188,0,0.0
55189,0,0.0
55190,0,0.0
55191,0,0.0
55192,0,0.0
55193,0,0.0
55194,0,0.0
55195,0,0.0
55196,0,0.0
55197,0,0.0
55198,0,0.0
55199,0,0.0
55200,0,0.0
55201,0,0.0
55202,0,0.0
55203,0,0.0
55204,0,0.0
55205,0,0.0
55206,0,0.0
55207,0,0.0
55208,0,0.0
55209,0,0.0
55210,0,0.0
55211,0,0.0
55212,0,0.0
55213,0,0.0
55214,0,0.0
55215,0,0.0
55216,0,0.0
55217,0,0.0
55218,0,0.0
55219,0,0.0
55220,0,0.0
55221,0,0.0
55222,0,0.0
55223,0,0.0
55224,0,0.0
55225,0,0.0
55226,0,0.0
55227,0,0.0
55228,0,0.0
55229,0,0.0
55230,0,0.0
55231,0,0.0
55232,0,0.0
55233,0,0.0
55234,0,0.0
55235,0,0.0
55236,0,0.0
55237,0,0.0
55238,0,0.0
55239,0,0.0
55240,0,0.0
55241,0,0.0
55242,0,0.0
55243,0,0.0
55244,0,0.0
55245,0,0.0
55246,0,0.0
55247,0,0.0
55248,0,0.0
55249,0,0.0
55250,0,0.0
55251,0,0.0
55252,0,0.0
55253,0,0.0
55254,0,0.0
55255,0,0.0
55256,0,0.0
55257,0,0.0
55258,0,0.0
55259,0,0.0
55260,0,0.0
55261,0,0.0
55262,0,0.0
55263,0,0.0
55264,0,0.0
55265,0,0.0
55266,0,0.0
55267,0,0.0
55268,0,0.0
55269,0,0.0
55270,0,0.0
55271,0,0.0
55272,0,0.0
55273,0,0.0
55274,0,0.0
55275,0,0.0
55276,0,0.0
55277,0,0.0
55278,0,0.0
55279,0,0.0
55280,0,0.0
55281,0,0.0
55282,0,0.0
55283,0,0.0
55284,0,0.0
55285,0,0.0
55286,0,0.0
55287,0,0.0
55288,0,0.0
55289,0,0.0
55290,0,0.0
55291,0,0.0
55292,0,0.0
55293,0,0.0
55294,0,0.0
55295,0,0.0
55296,0,0.0
55297,0,0.0
55298,0,0.0
55299,0,0.0
55300,0,0.0
55301,0,0.0
55302,0,0.0
55303,0,0.0
55304,0,0.0
55305,0,0.0
55306,0,0.0
55307,0,0.0
55308,0,0.0
55309,0,0.0
55310,0,0.0
55311,0,0.0
55312,0,0.0
55313,0,0.0
55314,0,0.0
55315,0,0.0
55316,0,0.0
55317,0,0.0
55318,0,0.0
55319,0,0.0
55320,0,0.0
55321,0,0.0
55322,0,0.0
55323,0,0.0
55324,0,0.0
55325,0,0.0
55326,0,0.0
55327,0,0.0
55328,0,0.0
55329,0,0.0
55330,0,0.0
55331,0,0.0
55332,0,0.0
55333,0,0.0
55334,0,0.0
55335,0,0.0
55336,0,0.0
55337,0,0.0
55338,0,0.0
55339,0,0.0
55340,0,0.0
55341,0,0.0
55342,0,0.0
55343,0,0.0
55344,0,0.0
55345,0,0.0
55346,0,0.0
55347,0,0.0
55348,0,0.0
55349,0,0.0
55350,0,0.0
55351,0,0.0
55352,0,0.0
55353,0,0.0
55354,0,0.0
55355,0,0.0
55356,0,0.0
55357,0,0.0
55358,0,0.0
55359,0,0.0
55360,0,0.0
55361,0,0.0
55362,0,0.0
55363,0,0.0
55364,0,0.0
55365,0,0.0
55366,0,0.0
55367,0,0.0
55368,0,0.0
55369,0,0.0
55370,0,0.0
55371,0,0.0
55372,0,0.0
55373,0,0.0
55374,0,0.0
55375,0,0.0
55376,0,0.0
55377,0,0.0
55378,0,0.0
55379,0,0.0
55380,0,0.0
55381,0,0.0
55382,0,0.0
55383,0,0.0
55384,0,0.0
55385,0,0.0
55386,0,0.0
55387,0,0.0
55388,0,0.0
55389,0,0.0
55390,0,0.0
55391,0,0.0
55392,0,0.0
55393,0,0.0
55394,0,0.0
55395,0,0.0
55396,0,0.0
55397,0,0.0
55398,0,0.0
55399,0,0.0
55400,0,0.0
55401,0,0.0
55402,0,0.0
55403,0,0.0
55404,0,0.0
55405,0,0.0
55406,0,0.0
55407,0,0.0
55408,0,0.0
55409,0,0.0
55410,0,0.0
55411,0,0.0
55412,0,0.0
55413,0,0.0
55414,0,0.0
55415,0,0.0
55416,0,0.0
55417,0,0.0
55418,0,0.0
55419,0,0.0
55420,0,0.0
55421,0,0.0
55422,0,0.0
55423,0,0.0
55424,0,0.0
55425,0,0.0
55426,0,0.0
55427,0,0.0
55428,0,0.0
55429,0,0.0
55430,0,0.0
55431,0,0.0
55432,0,0.0
55433,0,0.0
55434,0,0.0
55435,0,0.0
55436,0,0.0
55437,0,0.0
55438,0,0.0
55439,0,0.0
55440,0,0.0
55441,0,0.0
55442,0,0.0
55443,0,0.0
55444,0,0.0
55445,0,0.0
55446,0,0.0
55447,0,0.0
55448,0,0.0
55449,0,0.0
55450,0,0.0
55451,0,0.0
55452,0,0.0
55453,0,0.0
55454,0,0.0
55455,0,0.0
55456,0,0.0
55457,0,0.0
55458,0,0.0
55459,0,0.0
55460,0,0.0
55461,0,0.0
55462,0,0.0
55463,0,0.0
55464,0,0.0
55465,0,0.0
55466,0,0.0
55467,0,0.0
55468,0,0.0
55469,0,0.0
55470,0,0.0
55471,0,0.0
55472,0,0.0
55473,0,0.0
55474,0,0.0
55475,0,0.0
55476,0,0.0
55477,0,0.0
55478,0,0.0
55479,0,0.0
55480,0,0.0
55481,0,0.0
55482,0,0.0
55483,0,0.0
55484,0,0.0
55485,0,0.0
55486,0,0.0
55487,0,0.0
55488,0,0.0
55489,0,0.0
55490,0,0.0
55491,0,0.0
55492,0,0.0
55493,0,0.0
55494,0,0.0
55495,0,0.0
55496,0,0.0
55497,0,0.0
55498,0,0.0
55499,0,0.0
55500,0,0.0
55501,0,0.0
55502,0,0.0
55503,0,0.0
55504,0,0.0
55505,0,0.0
55506,0,0.0
55507,0,0.0
55508,0,0.0
55509,0,0.0
55510,0,0.0
55511,0,0.0
55512,0,0.0
55513,0,0.0
55514,0,0.0
55515,0,0.0
55516,0,0.0
55517,0,0.0
55518,0,0.0
55519,0,0.0
55520,0,0.0
55521,0,0.0
55522,0,0.0
55523,0,0.0
55524,0,0.0
55525,0,0.0
55526,0,0.0
55527,0,0.0
55528,0,0.0
55529,0,0.0
55530,0,0.0
55531,0,0.0
55532,0,0.0
55533,0,0.0
55534,0,0.0
55535,0,0.0
55536,0,0.0
55537,0,0.0
55538,0,0.0
55539,0,0.0
55540,0,0.0
55541,0,0.0
55542,0,0.0
55543,0,0.0
55544,0,0.0
55545,0,0.0
55546,0,0.0
55547,0,0.0
55548,0,0.0
55549,0,0.0
55550,0,0.0
55551,0,0.0
55552,0,0.0
55553,0,0.0
55554,0,0.0
55555,0,0.0
55556,0,0.0
55557,0,0.0
55558,0,0.0
55559,0,0.0
55560,0,0.0
55561,0,0.0
55562,0,0.0
55563,0,0.0
55564,0,0.0
55565,0,0.0
55566,0,0.0
55567,0,0.0
55568,0,0.0
55569,0,0.0
55570,0,0.0
55571,0,0.0
55572,0,0.0
55573,0,0.0
55574,0,0.0
55575,0,0.0
55576,0,0.0
55577,0,0.0
55578,0,0.0
55579,0,0.0
55580,0,0.0
55581,0,0.0
55582,0,0.0
55583,0,0.0
55584,0,0.0
55585,0,0.0
55586,0,0.0
55587,0,0.0
55588,0,0.0
55589,0,0.0
55590,0,0.0
55591,0,0.0
55592,0,0.0
55593,0,0.0
55594,0,0.0
55595,0,0.0
55596,0,0.0
55597,0,0.0
55598,0,0.0
55599,0,0.0
55600,0,0.0
55601,0,0.0
55602,0,0.0
55603,0,0.0
55604,0,0.0
55605,0,0.0
55606,0,0.0
55607,0,0.0
55608,0,0.0
55609,0,0.0
55610,0,0.0
55611,0,0.0
55612,0,0.0
55613,0,0.0
55614,0,0.0
55615,0,0.0
55616,0,0.0
55617,0,0.0
55618,0,0.0
55619,0,0.0
55620,0,0.0
55621,0,0.0
55622,0,0.0
55623,0,0.0
55624,0,0.0
55625,0,0.0
55626,0,0.0
55627,0,0.0
55628,0,0.0
55629,0,0.0
55630,0,0.0
55631,0,0.0
55632,0,0.0
55633,0,0.0
55634,0,0.0
55635,0,0.0
55636,0,0.0
55637,0,0.0
55638,0,0.0
55639,0,0.0
55640,0,0.0
55641,0,0.0
55642,0,0.0
55643,0,0.0
55644,0,0.0
55645,0,0.0
55646,0,0.0
55647,0,0.0
55648,0,0.0
55649,0,0.0
55650,0,0.0
55651,0,0.0
55652,0,0.0
55653,0,0.0
55654,0,0.0
55655,0,0.0
55656,0,0.0
55657,0,0.0
55658,0,0.0
55659,0,0.0
55660,0,0.0
55661,0,0.0
55662,0,0.0
55663,0,0.0
55664,0,0.0
55665,0,0.0
55666,0,0.0
55667,0,0.0
55668,0,0.0
55669,0,0.0
55670,0,0.0
55671,0,0.0
55672,0,0.0
55673,0,0.0
55674,0,0.0
55675,0,0.0
55676,0,0.0
55677,0,0.0
55678,0,0.0
55679,0,0.0
55680,0,0.0
55681,0,0.0
55682,0,0.0
55683,0,0.0
55684,0,0.0
55685,0,0.0
55686,0,0.0
55687,0,0.0
55688,0,0.0
55689,0,0.0
55690,0,0.0
55691,0,0.0
55692,0,0.0
55693,0,0.0
55694,0,0.0
55695,0,0.0
55696,0,0.0
55697,0,0.0
55698,0,0.0
55699,0,0.0
55700,0,0.0
55701,0,0.0
55702,0,0.0
55703,0,0.0
55704,0,0.0
55705,0,0.0
55706,0,0.0
55707,0,0.0
55708,0,0.0
55709,0,0.0
55710,0,0.0
55711,0,0.0
55712,0,0.0
55713,0,0.0
55714,0,0.0
55715,0,0.0
55716,0,0.0
55717,0,0.0
55718,0,0.0
55719,0,0.0
55720,0,0.0
55721,0,0.0
55722,0,0.0
55723,0,0.0
55724,0,0.0
55725,0,0.0
55726,0,0.0
55727,0,0.0
55728,0,0.0
55729,0,0.0
55730,0,0.0
55731,0,0.0
55732,0,0.0
55733,0,0.0
55734,0,0.0
55735,0,0.0
55736,0,0.0
55737,0,0.0
55738,0,0.0
55739,0,0.0
55740,0,0.0
55741,0,0.0
55742,0,0.0
55743,0,0.0
55744,0,0.0
55745,0,0.0
55746,0,0.0
55747,0,0.0
55748,0,0.0
55749,0,0.0
55750,0,0.0
55751,0,0.0
55752,0,0.0
55753,0,0.0
55754,0,0.0
55755,0,0.0
55756,0,0.0
55757,0,0.0
55758,0,0.0
55759,0,0.0
55760,0,0.0
55761,0,0.0
55762,0,0.0
55763,0,0.0
55764,0,0.0
55765,0,0.0
55766,0,0.0
55767,0,0.0
55768,0,0.0
55769,0,0.0
55770,0,0.0
55771,0,0.0
55772,0,0.0
55773,0,0.0
55774,0,0.0
55775,0,0.0
55776,0,0.0
55777,0,0.0
55778,0,0.0
55779,0,0.0
55780,0,0.0
55781,0,0.0
55782,0,0.0
55783,0,0.0
55784,0,0.0
55785,0,0.0
55786,0,0.0
55787,0,0.0
55788,0,0.0
55789,0,0.0
55790,0,0.0
55791,0,0.0
55792,0,0.0
55793,0,0.0
55794,0,0.0
55795,0,0.0
55796,0,0.0
55797,0,0.0
55798,0,0.0
55799,0,0.0
55800,0,0.0
55801,0,0.0
55802,0,0.0
55803,0,0.0
55804,0,0.0
55805,0,0.0
55806,0,0.0
55807,0,0.0
55808,0,0.0
55809,0,0.0
55810,0,0.0
55811,0,0.0
55812,0,0.0
55813,0,0.0
55814,0,0.0
55815,0,0.0
55816,0,0.0
55817,0,0.0
55818,0,0.0
55819,0,0.0
55820,0,0.0
55821,0,0.0
55822,0,0.0
55823,0,0.0
55824,0,0.0
55825,0,0.0
55826,0,0.0
55827,0,0.0
55828,0,0.0
55829,0,0.0
55830,0,0.0
55831,0,0.0
55832,0,0.0
55833,0,0.0
55834,0,0.0
55835,0,0.0
55836,0,0.0
55837,0,0.0
55838,0,0.0
55839,0,0.0
55840,0,0.0
55841,0,0.0
55842,0,0.0
55843,0,0.0
55844,0,0.0
55845,0,0.0
55846,0,0.0
55847,0,0.0
55848,0,0.0
55849,0,0.0
55850,0,0.0
55851,0,0.0
55852,0,0.0
55853,0,0.0
55854,0,0.0
55855,0,0.0
55856,0,0.0
55857,0,0.0
55858,0,0.0
55859,0,0.0
55860,0,0.0
55861,0,0.0
55862,0,0.0
55863,0,0.0
55864,0,0.0
55865,0,0.0
55866,0,0.0
55867,0,0.0
55868,0,0.0
55869,0,0.0
55870,0,0.0
55871,0,0.0
55872,0,0.0
55873,0,0.0
55874,0,0.0
55875,0,0.0
55876,0,0.0
55877,0,0.0
55878,0,0.0
55879,0,0.0
55880,0,0.0
55881,0,0.0
55882,0,0.0
55883,0,0.0
55884,0,0.0
55885,0,0.0
55886,0,0.0
55887,0,0.0
55888,0,0.0
55889,0,0.0
55890,0,0.0
55891,0,0.0
55892,0,0.0
55893,0,0.0
55894,0,0.0
55895,0,0.0
55896,0,0.0
55897,0,0.0
55898,0,0.0
55899,0,0.0
55900,0,0.0
55901,0,0.0
55902,0,0.0
55903,0,0.0
55904,0,0.0
55905,0,0.0
55906,0,0.0
55907,0,0.0
55908,0,0.0
55909,0,0.0
55910,0,0.0
55911,0,0.0
55912,0,0.0
55913,0,0.0
55914,0,0.0
55915,0,0.0
55916,0,0.0
55917,0,0.0
55918,0,0.0
55919,0,0.0
55920,0,0.0
55921,0,0.0
55922,0,0.0
55923,0,0.0
55924,0,0.0
55925,0,0.0
55926,0,0.0
55927,0,0.0
55928,0,0.0
55929,0,0.0
55930,0,0.0
55931,0,0.0
55932,0,0.0
55933,0,0.0
55934,0,0.0
55935,0,0.0
55936,0,0.0
55937,0,0.0
55938,0,0.0
55939,0,0.0
55940,0,0.0
55941,0,0.0
55942,0,0.0
55943,0,0.0
55944,0,0.0
55945,0,0.0
55946,0,0.0
55947,0,0.0
55948,0,0.0
55949,0,0.0
55950,0,0.0
55951,0,0.0
55952,0,0.0
55953,0,0.0
55954,0,0.0
55955,0,0.0
55956,0,0.0
55957,0,0.0
55958,0,0.0
55959,0,0.0
55960,0,0.0
55961,0,0.0
55962,0,0.0
55963,0,0.0
55964,0,0.0
55965,0,0.0
55966,0,0.0
55967,0,0.0
55968,0,0.0
55969,0,0.0
55970,0,0.0
55971,0,0.0
55972,0,0.0
55973,0,0.0
55974,0,0.0
55975,0,0.0
55976,0,0.0
55977,0,0.0
55978,0,0.0
55979,0,0.0
55980,0,0.0
55981,0,0.0
55982,0,0.0
55983,0,0.0
55984,0,0.0
55985,0,0.0
55986,0,0.0
55987,0,0.0
55988,0,0.0
55989,0,0.0
55990,0,0.0
55991,0,0.0
55992,0,0.0
55993,0,0.0
55994,0,0.0
55995,0,0.0
55996,0,0.0
55997,0,0.0
55998,0,0.0
55999,0,0.0
56000,0,0.0
56001,0,0.0
56002,0,0.0
56003,0,0.0
56004,0,0.0
56005,0,0.0
56006,0,0.0
56007,0,0.0
56008,0,0.0
56009,0,0.0
56010,0,0.0
56011,0,0.0
56012,0,0.0
56013,0,0.0
56014,0,0.0
56015,0,0.0
56016,0,0.0
56017,0,0.0
56018,0,0.0
56019,0,0.0
56020,0,0.0
56021,0,0.0
56022,0,0.0
56023,0,0.0
56024,0,0.0
56025,0,0.0
56026,0,0.0
56027,0,0.0
56028,0,0.0
56029,0,0.0
56030,0,0.0
56031,0,0.0
56032,0,0.0
56033,0,0.0
56034,0,0.0
56035,0,0.0
56036,0,0.0
56037,0,0.0
56038,0,0.0
56039,0,0.0
56040,0,0.0
56041,0,0.0
56042,0,0.0
56043,0,0.0
56044,0,0.0
56045,0,0.0
56046,0,0.0
56047,0,0.0
56048,0,0.0
56049,0,0.0
56050,0,0.0
56051,0,0.0
56052,0,0.0
56053,0,0.0
56054,0,0.0
56055,0,0.0
56056,0,0.0
56057,0,0.0
56058,0,0.0
56059,0,0.0
56060,0,0.0
56061,0,0.0
56062,0,0.0
56063,0,0.0
56064,0,0.0
56065,0,0.0
56066,0,0.0
56067,0,0.0
56068,0,0.0
56069,0,0.0
56070,0,0.0
56071,0,0.0
56072,0,0.0
56073,0,0.0
56074,0,0.0
56075,0,0.0
56076,0,0.0
56077,0,0.0
56078,0,0.0
56079,0,0.0
56080,0,0.0
56081,0,0.0
56082,0,0.0
56083,0,0.0
56084,0,0.0
56085,0,0.0
56086,0,0.0
56087,0,0.0
56088,0,0.0
56089,0,0.0
56090,0,0.0
56091,0,0.0
56092,0,0.0
56093,0,0.0
56094,0,0.0
56095,0,0.0
56096,0,0.0
56097,0,0.0
56098,0,0.0
56099,0,0.0
56100,0,0.0
56101,0,0.0
56102,0,0.0
56103,0,0.0
56104,0,0.0
56105,0,0.0
56106,0,0.0
56107,0,0.0
56108,0,0.0
56109,0,0.0
56110,0,0.0
56111,0,0.0
56112,0,0.0
56113,0,0.0
56114,0,0.0
56115,0,0.0
56116,0,0.0
56117,0,0.0
56118,0,0.0
56119,0,0.0
56120,0,0.0
56121,0,0.0
56122,0,0.0
56123,0,0.0
56124,0,0.0
56125,0,0.0
56126,0,0.0
56127,0,0.0
56128,0,0.0
56129,0,0.0
56130,0,0.0
56131,0,0.0
56132,0,0.0
56133,0,0.0
56134,0,0.0
56135,0,0.0
56136,0,0.0
56137,0,0.0
56138,0,0.0
56139,0,0.0
56140,0,0.0
56141,0,0.0
56142,0,0.0
56143,0,0.0
56144,0,0.0
56145,0,0.0
56146,0,0.0
56147,0,0.0
56148,0,0.0
56149,0,0.0
56150,0,0.0
56151,0,0.0
56152,0,0.0
56153,0,0.0
56154,0,0.0
56155,0,0.0
56156,0,0.0
56157,0,0.0
56158,0,0.0
56159,0,0.0
56160,0,0.0
56161,0,0.0
56162,0,0.0
56163,0,0.0
56164,0,0.0
56165,0,0.0
56166,0,0.0
56167,0,0.0
56168,0,0.0
56169,0,0.0
56170,0,0.0
56171,0,0.0
56172,0,0.0
56173,0,0.0
56174,0,0.0
56175,0,0.0
56176,0,0.0
56177,0,0.0
56178,0,0.0
56179,0,0.0
56180,0,0.0
56181,0,0.0
56182,0,0.0
56183,0,0.0
56184,0,0.0
56185,0,0.0
56186,0,0.0
56187,0,0.0
56188,0,0.0
56189,0,0.0
56190,0,0.0
56191,0,0.0
56192,0,0.0
56193,0,0.0
56194,0,0.0
56195,0,0.0
56196,0,0.0
56197,0,0.0
56198,0,0.0
56199,0,0.0
56200,0,0.0
56201,0,0.0
56202,0,0.0
56203,0,0.0
56204,0,0.0
56205,0,0.0
56206,0,0.0
56207,0,0.0
56208,0,0.0
56209,0,0.0
56210,0,0.0
56211,0,0.0
56212,0,0.0
56213,0,0.0
56214,0,0.0
56215,0,0.0
56216,0,0.0
56217,0,0.0
56218,0,0.0
56219,0,0.0
56220,0,0.0
56221,0,0.0
56222,0,0.0
56223,0,0.0
56224,0,0.0
56225,0,0.0
56226,0,0.0
56227,0,0.0
56228,0,0.0
56229,0,0.0
56230,0,0.0
56231,0,0.0
56232,0,0.0
56233,0,0.0
56234,0,0.0
56235,0,0.0
56236,0,0.0
56237,0,0.0
56238,0,0.0
56239,0,0.0
56240,0,0.0
56241,0,0.0
56242,0,0.0
56243,0,0.0
56244,0,0.0
56245,0,0.0
56246,0,0.0
56247,0,0.0
56248,0,0.0
56249,0,0.0
56250,0,0.0
56251,0,0.0
56252,0,0.0
56253,0,0.0
56254,0,0.0
56255,0,0.0
56256,0,0.0
56257,0,0.0
56258,0,0.0
56259,0,0.0
56260,0,0.0
56261,0,0.0
56262,0,0.0
56263,0,0.0
56264,0,0.0
56265,0,0.0
56266,0,0.0
56267,0,0.0
56268,0,0.0
56269,0,0.0
56270,0,0.0
56271,0,0.0
56272,0,0.0
56273,0,0.0
56274,0,0.0
56275,0,0.0
56276,0,0.0
56277,0,0.0
56278,0,0.0
56279,0,0.0
56280,0,0.0
56281,0,0.0
56282,0,0.0
56283,0,0.0
56284,0,0.0
56285,0,0.0
56286,0,0.0
56287,0,0.0
56288,0,0.0
56289,0,0.0
56290,0,0.0
56291,0,0.0
56292,0,0.0
56293,0,0.0
56294,0,0.0
56295,0,0.0
56296,0,0.0
56297,0,0.0
56298,0,0.0
56299,0,0.0
56300,0,0.0
56301,0,0.0
56302,0,0.0
56303,0,0.0
56304,0,0.0
56305,0,0.0
56306,0,0.0
56307,0,0.0
56308,0,0.0
56309,0,0.0
56310,0,0.0
56311,0,0.0
56312,0,0.0
56313,0,0.0
56314,0,0.0
56315,0,0.0
56316,0,0.0
56317,0,0.0
56318,0,0.0
56319,0,0.0
56320,0,0.0
56321,0,0.0
56322,0,0.0
56323,0,0.0
56324,0,0.0
56325,0,0.0
56326,0,0.0
56327,0,0.0
56328,0,0.0
56329,0,0.0
56330,0,0.0
56331,0,0.0
56332,0,0.0
56333,0,0.0
56334,0,0.0
56335,0,0.0
56336,0,0.0
56337,0,0.0
56338,0,0.0
56339,0,0.0
56340,0,0.0
56341,0,0.0
56342,0,0.0
56343,0,0.0
56344,0,0.0
56345,0,0.0
56346,0,0.0
56347,0,0.0
56348,0,0.0
56349,0,0.0
56350,0,0.0
56351,0,0.0
56352,0,0.0
56353,0,0.0
56354,0,0.0
56355,0,0.0
56356,0,0.0
56357,0,0.0
56358,0,0.0
56359,0,0.0
56360,0,0.0
56361,0,0.0
56362,0,0.0
56363,0,0.0
56364,0,0.0
56365,0,0.0
56366,0,0.0
56367,0,0.0
56368,0,0.0
56369,0,0.0
56370,0,0.0
56371,0,0.0
56372,0,0.0
56373,0,0.0
56374,0,0.0
56375,0,0.0
56376,0,0.0
56377,0,0.0
56378,0,0.0
56379,0,0.0
56380,0,0.0
56381,0,0.0
56382,0,0.0
56383,0,0.0
56384,0,0.0
56385,0,0.0
56386,0,0.0
56387,0,0.0
56388,0,0.0
56389,0,0.0
56390,0,0.0
56391,0,0.0
56392,0,0.0
56393,0,0.0
56394,0,0.0
56395,0,0.0
56396,0,0.0
56397,0,0.0
56398,0,0.0
56399,0,0.0
56400,0,0.0
56401,0,0.0
56402,0,0.0
56403,0,0.0
56404,0,0.0
56405,0,0.0
56406,0,0.0
56407,0,0.0
56408,0,0.0
56409,0,0.0
56410,0,0.0
56411,0,0.0
56412,0,0.0
56413,0,0.0
56414,0,0.0
56415,0,0.0
56416,0,0.0
56417,0,0.0
56418,0,0.0
56419,0,0.0
56420,0,0.0
56421,0,0.0
56422,0,0.0
56423,0,0.0
56424,0,0.0
56425,0,0.0
56426,0,0.0
56427,0,0.0
56428,0,0.0
56429,0,0.0
56430,0,0.0
56431,0,0.0
56432,0,0.0
56433,0,0.0
56434,0,0.0
56435,0,0.0
56436,0,0.0
56437,0,0.0
56438,0,0.0
56439,0,0.0
56440,0,0.0
56441,0,0.0
56442,0,0.0
56443,0,0.0
56444,0,0.0
56445,0,0.0
56446,0,0.0
56447,0,0.0
56448,0,0.0
56449,0,0.0
56450,0,0.0
56451,0,0.0
56452,0,0.0
56453,0,0.0
56454,0,0.0
56455,0,0.0
56456,0,0.0
56457,0,0.0
56458,0,0.0
56459,0,0.0
56460,0,0.0
56461,0,0.0
56462,0,0.0
56463,0,0.0
56464,0,0.0
56465,0,0.0
56466,0,0.0
56467,0,0.0
56468,0,0.0
56469,0,0.0
56470,0,0.0
56471,0,0.0
56472,0,0.0
56473,0,0.0
56474,0,0.0
56475,0,0.0
56476,0,0.0
56477,0,0.0
56478,0,0.0
56479,0,0.0
56480,0,0.0
56481,0,0.0
56482,0,0.0
56483,0,0.0
56484,0,0.0
56485,0,0.0
56486,0,0.0
56487,0,0.0
56488,0,0.0
56489,0,0.0
56490,0,0.0
56491,0,0.0
56492,0,0.0
56493,0,0.0
56494,0,0.0
56495,0,0.0
56496,0,0.0
56497,0,0.0
56498,0,0.0
56499,0,0.0
56500,0,0.0
56501,0,0.0
56502,0,0.0
56503,0,0.0
56504,0,0.0
56505,0,0.0
56506,0,0.0
56507,0,0.0
56508,0,0.0
56509,0,0.0
56510,0,0.0
56511,0,0.0
56512,0,0.0
56513,0,0.0
56514,0,0.0
56515,0,0.0
56516,0,0.0
56517,0,0.0
56518,0,0.0
56519,0,0.0
56520,0,0.0
56521,0,0.0
56522,0,0.0
56523,0,0.0
56524,0,0.0
56525,0,0.0
56526,0,0.0
56527,0,0.0
56528,0,0.0
56529,0,0.0
56530,0,0.0
56531,0,0.0
56532,0,0.0
56533,0,0.0
56534,0,0.0
56535,0,0.0
56536,0,0.0
56537,0,0.0
56538,0,0.0
56539,0,0.0
56540,0,0.0
56541,0,0.0
56542,0,0.0
56543,0,0.0
56544,0,0.0
56545,0,0.0
56546,0,0.0
56547,0,0.0
56548,0,0.0
56549,0,0.0
56550,0,0.0
56551,0,0.0
56552,0,0.0
56553,0,0.0
56554,0,0.0
56555,0,0.0
56556,0,0.0
56557,0,0.0
56558,0,0.0
56559,0,0.0
56560,0,0.0
56561,0,0.0
56562,0,0.0
56563,0,0.0
56564,0,0.0
56565,0,0.0
56566,0,0.0
56567,0,0.0
56568,0,0.0
56569,0,0.0
56570,0,0.0
56571,0,0.0
56572,0,0.0
56573,0,0.0
56574,0,0.0
56575,0,0.0
56576,0,0.0
56577,0,0.0
56578,0,0.0
56579,0,0.0
56580,0,0.0
56581,0,0.0
56582,0,0.0
56583,0,0.0
56584,0,0.0
56585,0,0.0
56586,0,0.0
56587,0,0.0
56588,0,0.0
56589,0,0.0
56590,0,0.0
56591,0,0.0
56592,0,0.0
56593,0,0.0
56594,0,0.0
56595,0,0.0
56596,0,0.0
56597,0,0.0
56598,0,0.0
56599,0,0.0
56600,0,0.0
56601,0,0.0
56602,0,0.0
56603,0,0.0
56604,0,0.0
56605,0,0.0
56606,0,0.0
56607,0,0.0
56608,0,0.0
56609,0,0.0
56610,0,0.0
56611,0,0.0
56612,0,0.0
56613,0,0.0
56614,0,0.0
56615,0,0.0
56616,0,0.0
56617,0,0.0
56618,0,0.0
56619,0,0.0
56620,0,0.0
56621,0,0.0
56622,0,0.0
56623,0,0.0
56624,0,0.0
56625,0,0.0
56626,0,0.0
56627,0,0.0
56628,0,0.0
56629,0,0.0
56630,0,0.0
56631,0,0.0
56632,0,0.0
56633,0,0.0
56634,0,0.0
56635,0,0.0
56636,0,0.0
56637,0,0.0
56638,0,0.0
56639,0,0.0
56640,0,0.0
56641,0,0.0
56642,0,0.0
56643,0,0.0
56644,0,0.0
56645,0,0.0
56646,0,0.0
56647,0,0.0
56648,0,0.0
56649,0,0.0
56650,0,0.0
56651,0,0.0
56652,0,0.0
56653,0,0.0
56654,0,0.0
56655,0,0.0
56656,0,0.0
56657,0,0.0
56658,0,0.0
56659,0,0.0
56660,0,0.0
56661,0,0.0
56662,0,0.0
56663,0,0.0
56664,0,0.0
56665,0,0.0
56666,0,0.0
56667,0,0.0
56668,0,0.0
56669,0,0.0
56670,0,0.0
56671,0,0.0
56672,0,0.0
56673,0,0.0
56674,0,0.0
56675,0,0.0
56676,0,0.0
56677,0,0.0
56678,0,0.0
56679,0,0.0
56680,0,0.0
56681,0,0.0
56682,0,0.0
56683,0,0.0
56684,0,0.0
56685,0,0.0
56686,0,0.0
56687,0,0.0
56688,0,0.0
56689,0,0.0
56690,0,0.0
56691,0,0.0
56692,0,0.0
56693,0,0.0
56694,0,0.0
56695,0,0.0
56696,0,0.0
56697,0,0.0
56698,0,0.0
56699,0,0.0
56700,0,0.0
56701,0,0.0
56702,0,0.0
56703,0,0.0
56704,0,0.0
56705,0,0.0
56706,0,0.0
56707,0,0.0
56708,0,0.0
56709,0,0.0
56710,0,0.0
56711,0,0.0
56712,0,0.0
56713,0,0.0
56714,0,0.0
56715,0,0.0
56716,0,0.0
56717,0,0.0
56718,0,0.0
56719,0,0.0
56720,0,0.0
56721,0,0.0
56722,0,0.0
56723,0,0.0
56724,0,0.0
56725,0,0.0
56726,0,0.0
56727,0,0.0
56728,0,0.0
56729,0,0.0
56730,0,0.0
56731,0,0.0
56732,0,0.0
56733,0,0.0
56734,0,0.0
56735,0,0.0
56736,0,0.0
56737,0,0.0
56738,0,0.0
56739,0,0.0
56740,0,0.0
56741,0,0.0
56742,0,0.0
56743,0,0.0
56744,0,0.0
56745,0,0.0
56746,0,0.0
56747,0,0.0
56748,0,0.0
56749,0,0.0
56750,0,0.0
56751,0,0.0
56752,0,0.0
56753,0,0.0
56754,0,0.0
56755,0,0.0
56756,0,0.0
56757,0,0.0
56758,0,0.0
56759,0,0.0
56760,0,0.0
56761,0,0.0
56762,0,0.0
56763,0,0.0
56764,0,0.0
56765,0,0.0
56766,0,0.0
56767,0,0.0
56768,0,0.0
56769,0,0.0
56770,0,0.0
56771,0,0.0
56772,0,0.0
56773,0,0.0
56774,0,0.0
56775,0,0.0
56776,0,0.0
56777,0,0.0
56778,0,0.0
56779,0,0.0
56780,0,0.0
56781,0,0.0
56782,0,0.0
56783,0,0.0
56784,0,0.0
56785,0,0.0
56786,0,0.0
56787,0,0.0
56788,0,0.0
56789,0,0.0
56790,0,0.0
56791,0,0.0
56792,0,0.0
56793,0,0.0
56794,0,0.0
56795,0,0.0
56796,0,0.0
56797,0,0.0
56798,0,0.0
56799,0,0.0
56800,0,0.0
56801,0,0.0
56802,0,0.0
56803,0,0.0
56804,0,0.0
56805,0,0.0
56806,0,0.0
56807,0,0.0
56808,0,0.0
56809,0,0.0
56810,0,0.0
56811,0,0.0
56812,0,0.0
56813,0,0.0
56814,0,0.0
56815,0,0.0
56816,0,0.0
56817,0,0.0
56818,0,0.0
56819,0,0.0
56820,0,0.0
56821,0,0.0
56822,0,0.0
56823,0,0.0
56824,0,0.0
56825,0,0.0
56826,0,0.0
56827,0,0.0
56828,0,0.0
56829,0,0.0
56830,0,0.0
56831,0,0.0
56832,0,0.0
56833,0,0.0
56834,0,0.0
56835,0,0.0
56836,0,0.0
56837,0,0.0
56838,0,0.0
56839,0,0.0
56840,0,0.0
56841,0,0.0
56842,0,0.0
56843,0,0.0
56844,0,0.0
56845,0,0.0
56846,0,0.0
56847,0,0.0
56848,0,0.0
56849,0,0.0
56850,0,0.0
56851,0,0.0
56852,0,0.0
56853,0,0.0
56854,0,0.0
56855,0,0.0
56856,0,0.0
56857,0,0.0
56858,0,0.0
56859,0,0.0
56860,0,0.0
56861,0,0.0
56862,0,0.0
56863,0,0.0
56864,0,0.0
56865,0,0.0
56866,0,0.0
56867,0,0.0
56868,0,0.0
56869,0,0.0
56870,0,0.0
56871,0,0.0
56872,0,0.0
56873,0,0.0
56874,0,0.0
56875,0,0.0
56876,0,0.0
56877,0,0.0
56878,0,0.0
56879,0,0.0
56880,0,0.0
56881,0,0.0
56882,0,0.0
56883,0,0.0
56884,0,0.0
56885,0,0.0
56886,0,0.0
56887,0,0.0
56888,0,0.0
56889,0,0.0
56890,0,0.0
56891,0,0.0
56892,0,0.0
56893,0,0.0
56894,0,0.0
56895,0,0.0
56896,0,0.0
56897,0,0.0
56898,0,0.0
56899,0,0.0
56900,0,0.0
56901,0,0.0
56902,0,0.0
56903,0,0.0
56904,0,0.0
56905,0,0.0
56906,0,0.0
56907,0,0.0
56908,0,0.0
56909,0,0.0
56910,0,0.0
56911,0,0.0
56912,0,0.0
56913,0,0.0
56914,0,0.0
56915,0,0.0
56916,0,0.0
56917,0,0.0
56918,0,0.0
56919,0,0.0
56920,0,0.0
56921,0,0.0
56922,0,0.0
56923,0,0.0
56924,0,0.0
56925,0,0.0
56926,0,0.0
56927,0,0.0
56928,0,0.0
56929,0,0.0
56930,0,0.0
56931,0,0.0
56932,0,0.0
56933,0,0.0
56934,0,0.0
56935,0,0.0
56936,0,0.0
56937,0,0.0
56938,0,0.0
56939,0,0.0
56940,0,0.0
56941,0,0.0
56942,0,0.0
56943,0,0.0
56944,0,0.0
56945,0,0.0
56946,0,0.0
56947,0,0.0
56948,0,0.0
56949,0,0.0
56950,0,0.0
56951,0,0.0
56952,0,0.0
56953,0,0.0
56954,0,0.0
56955,0,0.0
56956,0,0.0
56957,0,0.0
56958,0,0.0
56959,0,0.0
56960,0,0.0
56961,0,0.0
56962,0,0.0
56963,0,0.0
56964,0,0.0
56965,0,0.0
56966,0,0.0
56967,0,0.0
56968,0,0.0
56969,0,0.0
56970,0,0.0
56971,0,0.0
56972,0,0.0
56973,0,0.0
56974,0,0.0
56975,0,0.0
56976,0,0.0
56977,0,0.0
56978,0,0.0
56979,0,0.0
56980,0,0.0
56981,0,0.0
56982,0,0.0
56983,0,0.0
56984,0,0.0
56985,0,0.0
56986,0,0.0
56987,0,0.0
56988,0,0.0
56989,0,0.0
56990,0,0.0
56991,0,0.0
56992,0,0.0
56993,0,0.0
56994,0,0.0
56995,0,0.0
56996,0,0.0
56997,0,0.0
56998,0,0.0
56999,0,0.0
57000,0,0.0
57001,0,0.0
57002,0,0.0
57003,0,0.0
57004,0,0.0
57005,0,0.0
57006,0,0.0
57007,0,0.0
57008,0,0.0
57009,0,0.0
57010,0,0.0
57011,0,0.0
57012,0,0.0
57013,0,0.0
57014,0,0.0
57015,0,0.0
57016,0,0.0
57017,0,0.0
57018,0,0.0
57019,0,0.0
57020,0,0.0
57021,0,0.0
57022,0,0.0
57023,0,0.0
57024,0,0.0
57025,0,0.0
57026,0,0.0
57027,0,0.0
57028,0,0.0
57029,0,0.0
57030,0,0.0
57031,0,0.0
57032,0,0.0
57033,0,0.0
57034,0,0.0
57035,0,0.0
57036,0,0.0
57037,0,0.0
57038,0,0.0
57039,0,0.0
57040,0,0.0
57041,0,0.0
57042,0,0.0
57043,0,0.0
57044,0,0.0
57045,0,0.0
57046,0,0.0
57047,0,0.0
57048,0,0.0
57049,0,0.0
57050,0,0.0
57051,0,0.0
57052,0,0.0
57053,0,0.0
57054,0,0.0
57055,0,0.0
57056,0,0.0
57057,0,0.0
57058,0,0.0
57059,0,0.0
57060,0,0.0
57061,0,0.0
57062,0,0.0
57063,0,0.0
57064,0,0.0
57065,0,0.0
57066,0,0.0
57067,0,0.0
57068,0,0.0
57069,0,0.0
57070,0,0.0
57071,0,0.0
57072,0,0.0
57073,0,0.0
57074,0,0.0
57075,0,0.0
57076,0,0.0
57077,0,0.0
57078,0,0.0
57079,0,0.0
57080,0,0.0
57081,0,0.0
57082,0,0.0
57083,0,0.0
57084,0,0.0
57085,0,0.0
57086,0,0.0
57087,0,0.0
57088,0,0.0
57089,0,0.0
57090,0,0.0
57091,0,0.0
57092,0,0.0
57093,0,0.0
57094,0,0.0
57095,0,0.0
57096,0,0.0
57097,0,0.0
57098,0,0.0
57099,0,0.0
57100,0,0.0
57101,0,0.0
57102,0,0.0
57103,0,0.0
57104,0,0.0
57105,0,0.0
57106,0,0.0
57107,0,0.0
57108,0,0.0
57109,0,0.0
57110,0,0.0
57111,0,0.0
57112,0,0.0
57113,0,0.0
57114,0,0.0
57115,0,0.0
57116,0,0.0
57117,0,0.0
57118,0,0.0
57119,0,0.0
57120,0,0.0
57121,0,0.0
57122,0,0.0
57123,0,0.0
57124,0,0.0
57125,0,0.0
57126,0,0.0
57127,0,0.0
57128,0,0.0
57129,0,0.0
57130,0,0.0
57131,0,0.0
57132,0,0.0
57133,0,0.0
57134,0,0.0
57135,0,0.0
57136,0,0.0
57137,0,0.0
57138,0,0.0
57139,0,0.0
57140,0,0.0
57141,0,0.0
57142,0,0.0
57143,0,0.0
57144,0,0.0
57145,0,0.0
57146,0,0.0
57147,0,0.0
57148,0,0.0
57149,0,0.0
57150,0,0.0
57151,0,0.0
57152,0,0.0
57153,0,0.0
57154,0,0.0
57155,0,0.0
57156,0,0.0
57157,0,0.0
57158,0,0.0
57159,0,0.0
57160,0,0.0
57161,0,0.0
57162,0,0.0
57163,0,0.0
57164,0,0.0
57165,0,0.0
57166,0,0.0
57167,0,0.0
57168,0,0.0
57169,0,0.0
57170,0,0.0
57171,0,0.0
57172,0,0.0
57173,0,0.0
57174,0,0.0
57175,0,0.0
57176,0,0.0
57177,0,0.0
57178,0,0.0
57179,0,0.0
57180,0,0.0
57181,0,0.0
57182,0,0.0
57183,0,0.0
57184,0,0.0
57185,0,0.0
57186,0,0.0
57187,0,0.0
57188,0,0.0
57189,0,0.0
57190,0,0.0
57191,0,0.0
57192,0,0.0
57193,0,0.0
57194,0,0.0
57195,0,0.0
57196,0,0.0
57197,0,0.0
57198,0,0.0
57199,0,0.0
57200,0,0.0
57201,0,0.0
57202,0,0.0
57203,0,0.0
57204,0,0.0
57205,0,0.0
57206,0,0.0
57207,0,0.0
57208,0,0.0
57209,0,0.0
57210,0,0.0
57211,0,0.0
57212,0,0.0
57213,0,0.0
57214,0,0.0
57215,0,0.0
57216,0,0.0
57217,0,0.0
57218,0,0.0
57219,0,0.0
57220,0,0.0
57221,0,0.0
57222,0,0.0
57223,0,0.0
57224,0,0.0
57225,0,0.0
57226,0,0.0
57227,0,0.0
57228,0,0.0
57229,0,0.0
57230,0,0.0
57231,0,0.0
57232,0,0.0
57233,0,0.0
57234,0,0.0
57235,0,0.0
57236,0,0.0
57237,0,0.0
57238,0,0.0
57239,0,0.0
57240,0,0.0
57241,0,0.0
57242,0,0.0
57243,0,0.0
57244,0,0.0
57245,0,0.0
57246,0,0.0
57247,0,0.0
57248,0,0.0
57249,0,0.0
57250,0,0.0
57251,0,0.0
57252,0,0.0
57253,0,0.0
57254,0,0.0
57255,0,0.0
57256,0,0.0
57257,0,0.0
57258,0,0.0
57259,0,0.0
57260,0,0.0
57261,0,0.0
57262,0,0.0
57263,0,0.0
57264,0,0.0
57265,0,0.0
57266,0,0.0
57267,0,0.0
57268,0,0.0
57269,0,0.0
57270,0,0.0
57271,0,0.0
57272,0,0.0
57273,0,0.0
57274,0,0.0
57275,0,0.0
57276,0,0.0
57277,0,0.0
57278,0,0.0
57279,0,0.0
57280,0,0.0
57281,0,0.0
57282,0,0.0
57283,0,0.0
57284,0,0.0
57285,0,0.0
57286,0,0.0
57287,0,0.0
57288,0,0.0
57289,0,0.0
57290,0,0.0
57291,0,0.0
57292,0,0.0
57293,0,0.0
57294,0,0.0
57295,0,0.0
57296,0,0.0
57297,0,0.0
57298,0,0.0
57299,0,0.0
57300,0,0.0
57301,0,0.0
57302,0,0.0
57303,0,0.0
57304,0,0.0
57305,0,0.0
57306,0,0.0
57307,0,0.0
57308,0,0.0
57309,0,0.0
57310,0,0.0
57311,0,0.0
57312,0,0.0
57313,0,0.0
57314,0,0.0
57315,0,0.0
57316,0,0.0
57317,0,0.0
57318,0,0.0
57319,0,0.0
57320,0,0.0
57321,0,0.0
57322,0,0.0
57323,0,0.0
57324,0,0.0
57325,0,0.0
57326,0,0.0
57327,0,0.0
57328,0,0.0
57329,0,0.0
57330,0,0.0
57331,0,0.0
57332,0,0.0
57333,0,0.0
57334,0,0.0
57335,0,0.0
57336,0,0.0
57337,0,0.0
57338,0,0.0
57339,0,0.0
57340,0,0.0
57341,0,0.0
57342,0,0.0
57343,0,0.0
57344,0,0.0
57345,0,0.0
57346,0,0.0
57347,0,0.0
57348,0,0.0
57349,0,0.0
57350,0,0.0
57351,0,0.0
57352,0,0.0
57353,0,0.0
57354,0,0.0
57355,0,0.0
57356,0,0.0
57357,0,0.0
57358,0,0.0
57359,0,0.0
57360,0,0.0
57361,0,0.0
57362,0,0.0
57363,0,0.0
57364,0,0.0
57365,0,0.0
57366,0,0.0
57367,0,0.0
57368,0,0.0
57369,0,0.0
57370,0,0.0
57371,0,0.0
57372,0,0.0
57373,0,0.0
57374,0,0.0
57375,0,0.0
57376,0,0.0
57377,0,0.0
57378,0,0.0
57379,0,0.0
57380,0,0.0
57381,0,0.0
57382,0,0.0
57383,0,0.0
57384,0,0.0
57385,0,0.0
57386,0,0.0
57387,0,0.0
57388,0,0.0
57389,0,0.0
57390,0,0.0
57391,0,0.0
57392,0,0.0
57393,0,0.0
57394,0,0.0
57395,0,0.0
57396,0,0.0
57397,0,0.0
57398,0,0.0
57399,0,0.0
57400,0,0.0
57401,0,0.0
57402,0,0.0
57403,0,0.0
57404,0,0.0
57405,0,0.0
57406,0,0.0
57407,0,0.0
57408,0,0.0
57409,0,0.0
57410,0,0.0
57411,0,0.0
57412,0,0.0
57413,0,0.0
57414,0,0.0
57415,0,0.0
57416,0,0.0
57417,0,0.0
57418,0,0.0
57419,0,0.0
57420,0,0.0
57421,0,0.0
57422,0,0.0
57423,0,0.0
57424,0,0.0
57425,0,0.0
57426,0,0.0
57427,0,0.0
57428,0,0.0
57429,0,0.0
57430,0,0.0
57431,0,0.0
57432,0,0.0
57433,0,0.0
57434,0,0.0
57435,0,0.0
57436,0,0.0
57437,0,0.0
57438,0,0.0
57439,0,0.0
57440,0,0.0
57441,0,0.0
57442,0,0.0
57443,0,0.0
57444,0,0.0
57445,0,0.0
57446,0,0.0
57447,0,0.0
57448,0,0.0
57449,0,0.0
57450,0,0.0
57451,0,0.0
57452,0,0.0
57453,0,0.0
57454,0,0.0
57455,0,0.0
57456,0,0.0
57457,0,0.0
57458,0,0.0
57459,0,0.0
57460,0,0.0
57461,0,0.0
57462,0,0.0
57463,0,0.0
57464,0,0.0
57465,0,0.0
57466,0,0.0
57467,0,0.0
57468,0,0.0
57469,0,0.0
57470,0,0.0
57471,0,0.0
57472,0,0.0
57473,0,0.0
57474,0,0.0
57475,0,0.0
57476,0,0.0
57477,0,0.0
57478,0,0.0
57479,0,0.0
57480,0,0.0
57481,0,0.0
57482,0,0.0
57483,0,0.0
57484,0,0.0
57485,0,0.0
57486,0,0.0
57487,0,0.0
57488,0,0.0
57489,0,0.0
57490,0,0.0
57491,0,0.0
57492,0,0.0
57493,0,0.0
57494,0,0.0
57495,0,0.0
57496,0,0.0
57497,0,0.0
57498,0,0.0
57499,0,0.0
57500,0,0.0
57501,0,0.0
57502,0,0.0
57503,0,0.0
57504,0,0.0
57505,0,0.0
57506,0,0.0
57507,0,0.0
57508,0,0.0
57509,0,0.0
57510,0,0.0
57511,0,0.0
57512,0,0.0
57513,0,0.0
57514,0,0.0
57515,0,0.0
57516,0,0.0
57517,0,0.0
57518,0,0.0
57519,0,0.0
57520,0,0.0
57521,0,0.0
57522,0,0.0
57523,0,0.0
57524,0,0.0
57525,0,0.0
57526,0,0.0
57527,0,0.0
57528,0,0.0
57529,0,0.0
57530,0,0.0
57531,0,0.0
57532,0,0.0
57533,0,0.0
57534,0,0.0
57535,0,0.0
57536,0,0.0
57537,0,0.0
57538,0,0.0
57539,0,0.0
57540,0,0.0
57541,0,0.0
57542,0,0.0
57543,0,0.0
57544,0,0.0
57545,0,0.0
57546,0,0.0
57547,0,0.0
57548,0,0.0
57549,0,0.0
57550,0,0.0
57551,0,0.0
57552,0,0.0
57553,0,0.0
57554,0,0.0
57555,0,0.0
57556,0,0.0
57557,0,0.0
57558,0,0.0
57559,0,0.0
57560,0,0.0
57561,0,0.0
57562,0,0.0
57563,0,0.0
57564,0,0.0
57565,0,0.0
57566,0,0.0
57567,0,0.0
57568,0,0.0
57569,0,0.0
57570,0,0.0
57571,0,0.0
57572,0,0.0
57573,0,0.0
57574,0,0.0
57575,0,0.0
57576,0,0.0
57577,0,0.0
57578,0,0.0
57579,0,0.0
57580,0,0.0
57581,0,0.0
57582,0,0.0
57583,0,0.0
57584,0,0.0
57585,0,0.0
57586,0,0.0
57587,0,0.0
57588,0,0.0
57589,0,0.0
57590,0,0.0
57591,0,0.0
57592,0,0.0
57593,0,0.0
57594,0,0.0
57595,0,0.0
57596,0,0.0
57597,0,0.0
57598,0,0.0
57599,0,0.0
57600,0,0.0
57601,0,0.0
57602,0,0.0
57603,0,0.0
57604,0,0.0
57605,0,0.0
57606,0,0.0
57607,0,0.0
57608,0,0.0
57609,0,0.0
57610,0,0.0
57611,0,0.0
57612,0,0.0
57613,0,0.0
57614,0,0.0
57615,0,0.0
57616,0,0.0
57617,0,0.0
57618,0,0.0
57619,0,0.0
57620,0,0.0
57621,0,0.0
57622,0,0.0
57623,0,0.0
57624,0,0.0
57625,0,0.0
57626,0,0.0
57627,0,0.0
57628,0,0.0
57629,0,0.0
57630,0,0.0
57631,0,0.0
57632,0,0.0
57633,0,0.0
57634,0,0.0
57635,0,0.0
57636,0,0.0
57637,0,0.0
57638,0,0.0
57639,0,0.0
57640,0,0.0
57641,0,0.0
57642,0,0.0
57643,0,0.0
57644,0,0.0
57645,0,0.0
57646,0,0.0
57647,0,0.0
57648,0,0.0
57649,0,0.0
57650,0,0.0
57651,0,0.0
57652,0,0.0
57653,0,0.0
57654,0,0.0
57655,0,0.0
57656,0,0.0
57657,0,0.0
57658,0,0.0
57659,0,0.0
57660,0,0.0
57661,0,0.0
57662,0,0.0
57663,0,0.0
57664,0,0.0
57665,0,0.0
57666,0,0.0
57667,0,0.0
57668,0,0.0
57669,0,0.0
57670,0,0.0
57671,0,0.0
57672,0,0.0
57673,0,0.0
57674,0,0.0
57675,0,0.0
57676,0,0.0
57677,0,0.0
57678,0,0.0
57679,0,0.0
57680,0,0.0
57681,0,0.0
57682,0,0.0
57683,0,0.0
57684,0,0.0
57685,0,0.0
57686,0,0.0
57687,0,0.0
57688,0,0.0
57689,0,0.0
57690,0,0.0
57691,0,0.0
57692,0,0.0
57693,0,0.0
57694,0,0.0
57695,0,0.0
57696,0,0.0
57697,0,0.0
57698,0,0.0
57699,0,0.0
57700,0,0.0
57701,0,0.0
57702,0,0.0
57703,0,0.0
57704,0,0.0
57705,0,0.0
57706,0,0.0
57707,0,0.0
57708,0,0.0
57709,0,0.0
57710,0,0.0
57711,0,0.0
57712,0,0.0
57713,0,0.0
57714,0,0.0
57715,0,0.0
57716,0,0.0
57717,0,0.0
57718,0,0.0
57719,0,0.0
57720,0,0.0
57721,0,0.0
57722,0,0.0
57723,0,0.0
57724,0,0.0
57725,0,0.0
57726,0,0.0
57727,0,0.0
57728,0,0.0
57729,0,0.0
57730,0,0.0
57731,0,0.0
57732,0,0.0
57733,0,0.0
57734,0,0.0
57735,0,0.0
57736,0,0.0
57737,0,0.0
57738,0,0.0
57739,0,0.0
57740,0,0.0
57741,0,0.0
57742,0,0.0
57743,0,0.0
57744,0,0.0
57745,0,0.0
57746,0,0.0
57747,0,0.0
57748,0,0.0
57749,0,0.0
57750,0,0.0
57751,0,0.0
57752,0,0.0
57753,0,0.0
57754,0,0.0
57755,0,0.0
57756,0,0.0
57757,0,0.0
57758,0,0.0
57759,0,0.0
57760,0,0.0
57761,0,0.0
57762,0,0.0
57763,0,0.0
57764,0,0.0
57765,0,0.0
57766,0,0.0
57767,0,0.0
57768,0,0.0
57769,0,0.0
57770,0,0.0
57771,0,0.0
57772,0,0.0
57773,0,0.0
57774,0,0.0
57775,0,0.0
57776,0,0.0
57777,0,0.0
57778,0,0.0
57779,0,0.0
57780,0,0.0
57781,0,0.0
57782,0,0.0
57783,0,0.0
57784,0,0.0
57785,0,0.0
57786,0,0.0
57787,0,0.0
57788,0,0.0
57789,0,0.0
57790,0,0.0
57791,0,0.0
57792,0,0.0
57793,0,0.0
57794,0,0.0
57795,0,0.0
57796,0,0.0
57797,0,0.0
57798,0,0.0
57799,0,0.0
57800,0,0.0
57801,0,0.0
57802,0,0.0
57803,0,0.0
57804,0,0.0
57805,0,0.0
57806,0,0.0
57807,0,0.0
57808,0,0.0
57809,0,0.0
57810,0,0.0
57811,0,0.0
57812,0,0.0
57813,0,0.0
57814,0,0.0
57815,0,0.0
57816,0,0.0
57817,0,0.0
57818,0,0.0
57819,0,0.0
57820,0,0.0
57821,0,0.0
57822,0,0.0
57823,0,0.0
57824,0,0.0
57825,0,0.0
57826,0,0.0
57827,0,0.0
57828,0,0.0
57829,0,0.0
57830,0,0.0
57831,0,0.0
57832,0,0.0
57833,0,0.0
57834,0,0.0
57835,0,0.0
57836,0,0.0
57837,0,0.0
57838,0,0.0
57839,0,0.0
57840,0,0.0
57841,0,0.0
57842,0,0.0
57843,0,0.0
57844,0,0.0
57845,0,0.0
57846,0,0.0
57847,0,0.0
57848,0,0.0
57849,0,0.0
57850,0,0.0
57851,0,0.0
57852,0,0.0
57853,0,0.0
57854,0,0.0
57855,0,0.0
57856,0,0.0
57857,0,0.0
57858,0,0.0
57859,0,0.0
57860,0,0.0
57861,0,0.0
57862,0,0.0
57863,0,0.0
57864,0,0.0
57865,0,0.0
57866,0,0.0
57867,0,0.0
57868,0,0.0
57869,0,0.0
57870,0,0.0
57871,0,0.0
57872,0,0.0
57873,0,0.0
57874,0,0.0
57875,0,0.0
57876,0,0.0
57877,0,0.0
57878,0,0.0
57879,0,0.0
57880,0,0.0
57881,0,0.0
57882,0,0.0
57883,0,0.0
57884,0,0.0
57885,0,0.0
57886,0,0.0
57887,0,0.0
57888,0,0.0
57889,0,0.0
57890,0,0.0
57891,0,0.0
57892,0,0.0
57893,0,0.0
57894,0,0.0
57895,0,0.0
57896,0,0.0
57897,0,0.0
57898,0,0.0
57899,0,0.0
57900,0,0.0
57901,0,0.0
57902,0,0.0
57903,0,0.0
57904,0,0.0
57905,0,0.0
57906,0,0.0
57907,0,0.0
57908,0,0.0
57909,0,0.0
57910,0,0.0
57911,0,0.0
57912,0,0.0
57913,0,0.0
57914,0,0.0
57915,0,0.0
57916,0,0.0
57917,0,0.0
57918,0,0.0
57919,0,0.0
57920,0,0.0
57921,0,0.0
57922,0,0.0
57923,0,0.0
57924,0,0.0
57925,0,0.0
57926,0,0.0
57927,0,0.0
57928,0,0.0
57929,0,0.0
57930,0,0.0
57931,0,0.0
57932,0,0.0
57933,0,0.0
57934,0,0.0
57935,0,0.0
57936,0,0.0
57937,0,0.0
57938,0,0.0
57939,0,0.0
57940,0,0.0
57941,0,0.0
57942,0,0.0
57943,0,0.0
57944,0,0.0
57945,0,0.0
57946,0,0.0
57947,0,0.0
57948,0,0.0
57949,0,0.0
57950,0,0.0
57951,0,0.0
57952,0,0.0
57953,0,0.0
57954,0,0.0
57955,0,0.0
57956,0,0.0
57957,0,0.0
57958,0,0.0
57959,0,0.0
57960,0,0.0
57961,0,0.0
57962,0,0.0
57963,0,0.0
57964,0,0.0
57965,0,0.0
57966,0,0.0
57967,0,0.0
57968,0,0.0
57969,0,0.0
57970,0,0.0
57971,0,0.0
57972,0,0.0
57973,0,0.0
57974,0,0.0
57975,0,0.0
57976,0,0.0
57977,0,0.0
57978,0,0.0
57979,0,0.0
57980,0,0.0
57981,0,0.0
57982,0,0.0
57983,0,0.0
57984,0,0.0
57985,0,0.0
57986,0,0.0
57987,0,0.0
57988,0,0.0
57989,0,0.0
57990,0,0.0
57991,0,0.0
57992,0,0.0
57993,0,0.0
57994,0,0.0
57995,0,0.0
57996,0,0.0
57997,0,0.0
57998,0,0.0
57999,0,0.0
58000,0,0.0
58001,0,0.0
58002,0,0.0
58003,0,0.0
58004,0,0.0
58005,0,0.0
58006,0,0.0
58007,0,0.0
58008,0,0.0
58009,0,0.0
58010,0,0.0
58011,0,0.0
58012,0,0.0
58013,0,0.0
58014,0,0.0
58015,0,0.0
58016,0,0.0
58017,0,0.0
58018,0,0.0
58019,0,0.0
58020,0,0.0
58021,0,0.0
58022,0,0.0
58023,0,0.0
58024,0,0.0
58025,0,0.0
58026,0,0.0
58027,0,0.0
58028,0,0.0
58029,0,0.0
58030,0,0.0
58031,0,0.0
58032,0,0.0
58033,0,0.0
58034,0,0.0
58035,0,0.0
58036,0,0.0
58037,0,0.0
58038,0,0.0
58039,0,0.0
58040,0,0.0
58041,0,0.0
58042,0,0.0
58043,0,0.0
58044,0,0.0
58045,0,0.0
58046,0,0.0
58047,0,0.0
58048,0,0.0
58049,0,0.0
58050,0,0.0
58051,0,0.0
58052,0,0.0
58053,0,0.0
58054,0,0.0
58055,0,0.0
58056,0,0.0
58057,0,0.0
58058,0,0.0
58059,0,0.0
58060,0,0.0
58061,0,0.0
58062,0,0.0
58063,0,0.0
58064,0,0.0
58065,0,0.0
58066,0,0.0
58067,0,0.0
58068,0,0.0
58069,0,0.0
58070,0,0.0
58071,0,0.0
58072,0,0.0
58073,0,0.0
58074,0,0.0
58075,0,0.0
58076,0,0.0
58077,0,0.0
58078,0,0.0
58079,0,0.0
58080,0,0.0
58081,0,0.0
58082,0,0.0
58083,0,0.0
58084,0,0.0
58085,0,0.0
58086,0,0.0
58087,0,0.0
58088,0,0.0
58089,0,0.0
58090,0,0.0
58091,0,0.0
58092,0,0.0
58093,0,0.0
58094,0,0.0
58095,0,0.0
58096,0,0.0
58097,0,0.0
58098,0,0.0
58099,0,0.0
58100,0,0.0
58101,0,0.0
58102,0,0.0
58103,0,0.0
58104,0,0.0
58105,0,0.0
58106,0,0.0
58107,0,0.0
58108,0,0.0
58109,0,0.0
58110,0,0.0
58111,0,0.0
58112,0,0.0
58113,0,0.0
58114,0,0.0
58115,0,0.0
58116,0,0.0
58117,0,0.0
58118,0,0.0
58119,0,0.0
58120,0,0.0
58121,0,0.0
58122,0,0.0
58123,0,0.0
58124,0,0.0
58125,0,0.0
58126,0,0.0
58127,0,0.0
58128,0,0.0
58129,0,0.0
58130,0,0.0
58131,0,0.0
58132,0,0.0
58133,0,0.0
58134,0,0.0
58135,0,0.0
58136,0,0.0
58137,0,0.0
58138,0,0.0
58139,0,0.0
58140,0,0.0
58141,0,0.0
58142,0,0.0
58143,0,0.0
58144,0,0.0
58145,0,0.0
58146,0,0.0
58147,0,0.0
58148,0,0.0
58149,0,0.0
58150,0,0.0
58151,0,0.0
58152,0,0.0
58153,0,0.0
58154,0,0.0
58155,0,0.0
58156,0,0.0
58157,0,0.0
58158,0,0.0
58159,0,0.0
58160,0,0.0
58161,0,0.0
58162,0,0.0
58163,0,0.0
58164,0,0.0
58165,0,0.0
58166,0,0.0
58167,0,0.0
58168,0,0.0
58169,0,0.0
58170,0,0.0
58171,0,0.0
58172,0,0.0
58173,0,0.0
58174,0,0.0
58175,0,0.0
58176,0,0.0
58177,0,0.0
58178,0,0.0
58179,0,0.0
58180,0,0.0
58181,0,0.0
58182,0,0.0
58183,0,0.0
58184,0,0.0
58185,0,0.0
58186,0,0.0
58187,0,0.0
58188,0,0.0
58189,0,0.0
58190,0,0.0
58191,0,0.0
58192,0,0.0
58193,0,0.0
58194,0,0.0
58195,0,0.0
58196,0,0.0
58197,0,0.0
58198,0,0.0
58199,0,0.0
58200,0,0.0
58201,0,0.0
58202,0,0.0
58203,0,0.0
58204,0,0.0
58205,0,0.0
58206,0,0.0
58207,0,0.0
58208,0,0.0
58209,0,0.0
58210,0,0.0
58211,0,0.0
58212,0,0.0
58213,0,0.0
58214,0,0.0
58215,0,0.0
58216,0,0.0
58217,0,0.0
58218,0,0.0
58219,0,0.0
58220,0,0.0
58221,0,0.0
58222,0,0.0
58223,0,0.0
58224,0,0.0
58225,0,0.0
58226,0,0.0
58227,0,0.0
58228,0,0.0
58229,0,0.0
58230,0,0.0
58231,0,0.0
58232,0,0.0
58233,0,0.0
58234,0,0.0
58235,0,0.0
58236,0,0.0
58237,0,0.0
58238,0,0.0
58239,0,0.0
58240,0,0.0
58241,0,0.0
58242,0,0.0
58243,0,0.0
58244,0,0.0
58245,0,0.0
58246,0,0.0
58247,0,0.0
58248,0,0.0
58249,0,0.0
58250,0,0.0
58251,0,0.0
58252,0,0.0
58253,0,0.0
58254,0,0.0
58255,0,0.0
58256,0,0.0
58257,0,0.0
58258,0,0.0
58259,0,0.0
58260,0,0.0
58261,0,0.0
58262,0,0.0
58263,0,0.0
58264,0,0.0
58265,0,0.0
58266,0,0.0
58267,0,0.0
58268,0,0.0
58269,0,0.0
58270,0,0.0
58271,0,0.0
58272,0,0.0
58273,0,0.0
58274,0,0.0
58275,0,0.0
58276,0,0.0
58277,0,0.0
58278,0,0.0
58279,0,0.0
58280,0,0.0
58281,0,0.0
58282,0,0.0
58283,0,0.0
58284,0,0.0
58285,0,0.0
58286,0,0.0
58287,0,0.0
58288,0,0.0
58289,0,0.0
58290,0,0.0
58291,0,0.0
58292,0,0.0
58293,0,0.0
58294,0,0.0
58295,0,0.0
58296,0,0.0
58297,0,0.0
58298,0,0.0
58299,0,0.0
58300,0,0.0
58301,0,0.0
58302,0,0.0
58303,0,0.0
58304,0,0.0
58305,0,0.0
58306,0,0.0
58307,0,0.0
58308,0,0.0
58309,0,0.0
58310,0,0.0
58311,0,0.0
58312,0,0.0
58313,0,0.0
58314,0,0.0
58315,0,0.0
58316,0,0.0
58317,0,0.0
58318,0,0.0
58319,0,0.0
58320,0,0.0
58321,0,0.0
58322,0,0.0
58323,0,0.0
58324,0,0.0
58325,0,0.0
58326,0,0.0
58327,0,0.0
58328,0,0.0
58329,0,0.0
58330,0,0.0
58331,0,0.0
58332,0,0.0
58333,0,0.0
58334,0,0.0
58335,0,0.0
58336,0,0.0
58337,0,0.0
58338,0,0.0
58339,0,0.0
58340,0,0.0
58341,0,0.0
58342,0,0.0
58343,0,0.0
58344,0,0.0
58345,0,0.0
58346,0,0.0
58347,0,0.0
58348,0,0.0
58349,0,0.0
58350,0,0.0
58351,0,0.0
58352,0,0.0
58353,0,0.0
58354,0,0.0
58355,0,0.0
58356,0,0.0
58357,0,0.0
58358,0,0.0
58359,0,0.0
58360,0,0.0
58361,0,0.0
58362,0,0.0
58363,0,0.0
58364,0,0.0
58365,0,0.0
58366,0,0.0
58367,0,0.0
58368,0,0.0
58369,0,0.0
58370,0,0.0
58371,0,0.0
58372,0,0.0
58373,0,0.0
58374,0,0.0
58375,0,0.0
58376,0,0.0
58377,0,0.0
58378,0,0.0
58379,0,0.0
58380,0,0.0
58381,0,0.0
58382,0,0.0
58383,0,0.0
58384,0,0.0
58385,0,0.0
58386,0,0.0
58387,0,0.0
58388,0,0.0
58389,0,0.0
58390,0,0.0
58391,0,0.0
58392,0,0.0
58393,0,0.0
58394,0,0.0
58395,0,0.0
58396,0,0.0
58397,0,0.0
58398,0,0.0
58399,0,0.0
58400,0,0.0
58401,0,0.0
58402,0,0.0
58403,0,0.0
58404,0,0.0
58405,0,0.0
58406,0,0.0
58407,0,0.0
58408,0,0.0
58409,0,0.0
58410,0,0.0
58411,0,0.0
58412,0,0.0
58413,0,0.0
58414,0,0.0
58415,0,0.0
58416,0,0.0
58417,0,0.0
58418,0,0.0
58419,0,0.0
58420,0,0.0
58421,0,0.0
58422,0,0.0
58423,0,0.0
58424,0,0.0
58425,0,0.0
58426,0,0.0
58427,0,0.0
58428,0,0.0
58429,0,0.0
58430,0,0.0
58431,0,0.0
58432,0,0.0
58433,0,0.0
58434,0,0.0
58435,0,0.0
58436,0,0.0
58437,0,0.0
58438,0,0.0
58439,0,0.0
58440,0,0.0
58441,0,0.0
58442,0,0.0
58443,0,0.0
58444,0,0.0
58445,0,0.0
58446,0,0.0
58447,0,0.0
58448,0,0.0
58449,0,0.0
58450,0,0.0
58451,0,0.0
58452,0,0.0
58453,0,0.0
58454,0,0.0
58455,0,0.0
58456,0,0.0
58457,0,0.0
58458,0,0.0
58459,0,0.0
58460,0,0.0
58461,0,0.0
58462,0,0.0
58463,0,0.0
58464,0,0.0
58465,0,0.0
58466,0,0.0
58467,0,0.0
58468,0,0.0
58469,0,0.0
58470,0,0.0
58471,0,0.0
58472,0,0.0
58473,0,0.0
58474,0,0.0
58475,0,0.0
58476,0,0.0
58477,0,0.0
58478,0,0.0
58479,0,0.0
58480,0,0.0
58481,0,0.0
58482,0,0.0
58483,0,0.0
58484,0,0.0
58485,0,0.0
58486,0,0.0
58487,0,0.0
58488,0,0.0
58489,0,0.0
58490,0,0.0
58491,0,0.0
58492,0,0.0
58493,0,0.0
58494,0,0.0
58495,0,0.0
58496,0,0.0
58497,0,0.0
58498,0,0.0
58499,0,0.0
58500,0,0.0
58501,0,0.0
58502,0,0.0
58503,0,0.0
58504,0,0.0
58505,0,0.0
58506,0,0.0
58507,0,0.0
58508,0,0.0
58509,0,0.0
58510,0,0.0
58511,0,0.0
58512,0,0.0
58513,0,0.0
58514,0,0.0
58515,0,0.0
58516,0,0.0
58517,0,0.0
58518,0,0.0
58519,0,0.0
58520,0,0.0
58521,0,0.0
58522,0,0.0
58523,0,0.0
58524,0,0.0
58525,0,0.0
58526,0,0.0
58527,0,0.0
58528,0,0.0
58529,0,0.0
58530,0,0.0
58531,0,0.0
58532,0,0.0
58533,0,0.0
58534,0,0.0
58535,0,0.0
58536,0,0.0
58537,0,0.0
58538,0,0.0
58539,0,0.0
58540,0,0.0
58541,0,0.0
58542,0,0.0
58543,0,0.0
58544,0,0.0
58545,0,0.0
58546,0,0.0
58547,0,0.0
58548,0,0.0
58549,0,0.0
58550,0,0.0
58551,0,0.0
58552,0,0.0
58553,0,0.0
58554,0,0.0
58555,0,0.0
58556,0,0.0
58557,0,0.0
58558,0,0.0
58559,0,0.0
58560,0,0.0
58561,0,0.0
58562,0,0.0
58563,0,0.0
58564,0,0.0
58565,0,0.0
58566,0,0.0
58567,0,0.0
58568,0,0.0
58569,0,0.0
58570,0,0.0
58571,0,0.0
58572,0,0.0
58573,0,0.0
58574,0,0.0
58575,0,0.0
58576,0,0.0
58577,0,0.0
58578,0,0.0
58579,0,0.0
58580,0,0.0
58581,0,0.0
58582,0,0.0
58583,0,0.0
58584,0,0.0
58585,0,0.0
58586,0,0.0
58587,0,0.0
58588,0,0.0
58589,0,0.0
58590,0,0.0
58591,0,0.0
58592,0,0.0
58593,0,0.0
58594,0,0.0
58595,0,0.0
58596,0,0.0
58597,0,0.0
58598,0,0.0
58599,0,0.0
58600,0,0.0
58601,0,0.0
58602,0,0.0
58603,0,0.0
58604,0,0.0
58605,0,0.0
58606,0,0.0
58607,0,0.0
58608,0,0.0
58609,0,0.0
58610,0,0.0
58611,0,0.0
58612,0,0.0
58613,0,0.0
58614,0,0.0
58615,0,0.0
58616,0,0.0
58617,0,0.0
58618,0,0.0
58619,0,0.0
58620,0,0.0
58621,0,0.0
58622,0,0.0
58623,0,0.0
58624,0,0.0
58625,0,0.0
58626,0,0.0
58627,0,0.0
58628,0,0.0
58629,0,0.0
58630,0,0.0
58631,0,0.0
58632,0,0.0
58633,0,0.0
58634,0,0.0
58635,0,0.0
58636,0,0.0
58637,0,0.0
58638,0,0.0
58639,0,0.0
58640,0,0.0
58641,0,0.0
58642,0,0.0
58643,0,0.0
58644,0,0.0
58645,0,0.0
58646,0,0.0
58647,0,0.0
58648,0,0.0
58649,0,0.0
58650,0,0.0
58651,0,0.0
58652,0,0.0
58653,0,0.0
58654,0,0.0
58655,0,0.0
58656,0,0.0
58657,0,0.0
58658,0,0.0
58659,0,0.0
58660,0,0.0
58661,0,0.0
58662,0,0.0
58663,0,0.0
58664,0,0.0
58665,0,0.0
58666,0,0.0
58667,0,0.0
58668,0,0.0
58669,0,0.0
58670,0,0.0
58671,0,0.0
58672,0,0.0
58673,0,0.0
58674,0,0.0
58675,0,0.0
58676,0,0.0
58677,0,0.0
58678,0,0.0
58679,0,0.0
58680,0,0.0
58681,0,0.0
58682,0,0.0
58683,0,0.0
58684,0,0.0
58685,0,0.0
58686,0,0.0
58687,0,0.0
58688,0,0.0
58689,0,0.0
58690,0,0.0
58691,0,0.0
58692,0,0.0
58693,0,0.0
58694,0,0.0
58695,0,0.0
58696,0,0.0
58697,0,0.0
58698,0,0.0
58699,0,0.0
58700,0,0.0
58701,0,0.0
58702,0,0.0
58703,0,0.0
58704,0,0.0
58705,0,0.0
58706,0,0.0
58707,0,0.0
58708,0,0.0
58709,0,0.0
58710,0,0.0
58711,0,0.0
58712,0,0.0
58713,0,0.0
58714,0,0.0
58715,0,0.0
58716,0,0.0
58717,0,0.0
58718,0,0.0
58719,0,0.0
58720,0,0.0
58721,0,0.0
58722,0,0.0
58723,0,0.0
58724,0,0.0
58725,0,0.0
58726,0,0.0
58727,0,0.0
58728,0,0.0
58729,0,0.0
58730,0,0.0
58731,0,0.0
58732,0,0.0
58733,0,0.0
58734,0,0.0
58735,0,0.0
58736,0,0.0
58737,0,0.0
58738,0,0.0
58739,0,0.0
58740,0,0.0
58741,0,0.0
58742,0,0.0
58743,0,0.0
58744,0,0.0
58745,0,0.0
58746,0,0.0
58747,0,0.0
58748,0,0.0
58749,0,0.0
58750,0,0.0
58751,0,0.0
58752,0,0.0
58753,0,0.0
58754,0,0.0
58755,0,0.0
58756,0,0.0
58757,0,0.0
58758,0,0.0
58759,0,0.0
58760,0,0.0
58761,0,0.0
58762,0,0.0
58763,0,0.0
58764,0,0.0
58765,0,0.0
58766,0,0.0
58767,0,0.0
58768,0,0.0
58769,0,0.0
58770,0,0.0
58771,0,0.0
58772,0,0.0
58773,0,0.0
58774,0,0.0
58775,0,0.0
58776,0,0.0
58777,0,0.0
58778,0,0.0
58779,0,0.0
58780,0,0.0
58781,0,0.0
58782,0,0.0
58783,0,0.0
58784,0,0.0
58785,0,0.0
58786,0,0.0
58787,0,0.0
58788,0,0.0
58789,0,0.0
58790,0,0.0
58791,0,0.0
58792,0,0.0
58793,0,0.0
58794,0,0.0
58795,0,0.0
58796,0,0.0
58797,0,0.0
58798,0,0.0
58799,0,0.0
58800,0,0.0
58801,0,0.0
58802,0,0.0
58803,0,0.0
58804,0,0.0
58805,0,0.0
58806,0,0.0
58807,0,0.0
58808,0,0.0
58809,0,0.0
58810,0,0.0
58811,0,0.0
58812,0,0.0
58813,0,0.0
58814,0,0.0
58815,0,0.0
58816,0,0.0
58817,0,0.0
58818,0,0.0
58819,0,0.0
58820,0,0.0
58821,0,0.0
58822,0,0.0
58823,0,0.0
58824,0,0.0
58825,0,0.0
58826,0,0.0
58827,0,0.0
58828,0,0.0
58829,0,0.0
58830,0,0.0
58831,0,0.0
58832,0,0.0
58833,0,0.0
58834,0,0.0
58835,0,0.0
58836,0,0.0
58837,0,0.0
58838,0,0.0
58839,0,0.0
58840,0,0.0
58841,0,0.0
58842,0,0.0
58843,0,0.0
58844,0,0.0
58845,0,0.0
58846,0,0.0
58847,0,0.0
58848,0,0.0
58849,0,0.0
58850,0,0.0
58851,0,0.0
58852,0,0.0
58853,0,0.0
58854,0,0.0
58855,0,0.0
58856,0,0.0
58857,0,0.0
58858,0,0.0
58859,0,0.0
58860,0,0.0
58861,0,0.0
58862,0,0.0
58863,0,0.0
58864,0,0.0
58865,0,0.0
58866,0,0.0
58867,0,0.0
58868,0,0.0
58869,0,0.0
58870,0,0.0
58871,0,0.0
58872,0,0.0
58873,0,0.0
58874,0,0.0
58875,0,0.0
58876,0,0.0
58877,0,0.0
58878,0,0.0
58879,0,0.0
58880,0,0.0
58881,0,0.0
58882,0,0.0
58883,0,0.0
58884,0,0.0
58885,0,0.0
58886,0,0.0
58887,0,0.0
58888,0,0.0
58889,0,0.0
58890,0,0.0
58891,0,0.0
58892,0,0.0
58893,0,0.0
58894,0,0.0
58895,0,0.0
58896,0,0.0
58897,0,0.0
58898,0,0.0
58899,0,0.0
58900,0,0.0
58901,0,0.0
58902,0,0.0
58903,0,0.0
58904,0,0.0
58905,0,0.0
58906,0,0.0
58907,0,0.0
58908,0,0.0
58909,0,0.0
58910,0,0.0
58911,0,0.0
58912,0,0.0
58913,0,0.0
58914,0,0.0
58915,0,0.0
58916,0,0.0
58917,0,0.0
58918,0,0.0
58919,0,0.0
58920,0,0.0
58921,0,0.0
58922,0,0.0
58923,0,0.0
58924,0,0.0
58925,0,0.0
58926,0,0.0
58927,0,0.0
58928,0,0.0
58929,0,0.0
58930,0,0.0
58931,0,0.0
58932,0,0.0
58933,0,0.0
58934,0,0.0
58935,0,0.0
58936,0,0.0
58937,0,0.0
58938,0,0.0
58939,0,0.0
58940,0,0.0
58941,0,0.0
58942,0,0.0
58943,0,0.0
58944,0,0.0
58945,0,0.0
58946,0,0.0
58947,0,0.0
58948,0,0.0
58949,0,0.0
58950,0,0.0
58951,0,0.0
58952,0,0.0
58953,0,0.0
58954,0,0.0
58955,0,0.0
58956,0,0.0
58957,0,0.0
58958,0,0.0
58959,0,0.0
58960,0,0.0
58961,0,0.0
58962,0,0.0
58963,0,0.0
58964,0,0.0
58965,0,0.0
58966,0,0.0
58967,0,0.0
58968,0,0.0
58969,0,0.0
58970,0,0.0
58971,0,0.0
58972,0,0.0
58973,0,0.0
58974,0,0.0
58975,0,0.0
58976,0,0.0
58977,0,0.0
58978,0,0.0
58979,0,0.0
58980,0,0.0
58981,0,0.0
58982,0,0.0
58983,0,0.0
58984,0,0.0
58985,0,0.0
58986,0,0.0
58987,0,0.0
58988,0,0.0
58989,0,0.0
58990,0,0.0
58991,0,0.0
58992,0,0.0
58993,0,0.0
58994,0,0.0
58995,0,0.0
58996,0,0.0
58997,0,0.0
58998,0,0.0
58999,0,0.0
59000,0,0.0
59001,0,0.0
59002,0,0.0
59003,0,0.0
59004,0,0.0
59005,0,0.0
59006,0,0.0
59007,0,0.0
59008,0,0.0
59009,0,0.0
59010,0,0.0
59011,0,0.0
59012,0,0.0
59013,0,0.0
59014,0,0.0
59015,0,0.0
59016,0,0.0
59017,0,0.0
59018,0,0.0
59019,0,0.0
59020,0,0.0
59021,0,0.0
59022,0,0.0
59023,0,0.0
59024,0,0.0
59025,0,0.0
59026,0,0.0
59027,0,0.0
59028,0,0.0
59029,0,0.0
59030,0,0.0
59031,0,0.0
59032,0,0.0
59033,0,0.0
59034,0,0.0
59035,0,0.0
59036,0,0.0
59037,0,0.0
59038,0,0.0
59039,0,0.0
59040,0,0.0
59041,0,0.0
59042,0,0.0
59043,0,0.0
59044,0,0.0
59045,0,0.0
59046,0,0.0
59047,0,0.0
59048,0,0.0
59049,0,0.0
59050,0,0.0
59051,0,0.0
59052,0,0.0
59053,0,0.0
59054,0,0.0
59055,0,0.0
59056,0,0.0
59057,0,0.0
59058,0,0.0
59059,0,0.0
59060,0,0.0
59061,0,0.0
59062,0,0.0
59063,0,0.0
59064,0,0.0
59065,0,0.0
59066,0,0.0
59067,0,0.0
59068,0,0.0
59069,0,0.0
59070,0,0.0
59071,0,0.0
59072,0,0.0
59073,0,0.0
59074,0,0.0
59075,0,0.0
59076,0,0.0
59077,0,0.0
59078,0,0.0
59079,0,0.0
59080,0,0.0
59081,0,0.0
59082,0,0.0
59083,0,0.0
59084,0,0.0
59085,0,0.0
59086,0,0.0
59087,0,0.0
59088,0,0.0
59089,0,0.0
59090,0,0.0
59091,0,0.0
59092,0,0.0
59093,0,0.0
59094,0,0.0
59095,0,0.0
59096,0,0.0
59097,0,0.0
59098,0,0.0
59099,0,0.0
59100,0,0.0
59101,0,0.0
59102,0,0.0
59103,0,0.0
59104,0,0.0
59105,0,0.0
59106,0,0.0
59107,0,0.0
59108,0,0.0
59109,0,0.0
59110,0,0.0
59111,0,0.0
59112,0,0.0
59113,0,0.0
59114,0,0.0
59115,0,0.0
59116,0,0.0
59117,0,0.0
59118,0,0.0
59119,0,0.0
59120,0,0.0
59121,0,0.0
59122,0,0.0
59123,0,0.0
59124,0,0.0
59125,0,0.0
59126,0,0.0
59127,0,0.0
59128,0,0.0
59129,0,0.0
59130,0,0.0
59131,0,0.0
59132,0,0.0
59133,0,0.0
59134,0,0.0
59135,0,0.0
59136,0,0.0
59137,0,0.0
59138,0,0.0
59139,0,0.0
59140,0,0.0
59141,0,0.0
59142,0,0.0
59143,0,0.0
59144,0,0.0
59145,0,0.0
59146,0,0.0
59147,0,0.0
59148,0,0.0
59149,0,0.0
59150,0,0.0
59151,0,0.0
59152,0,0.0
59153,0,0.0
59154,0,0.0
59155,0,0.0
59156,0,0.0
59157,0,0.0
59158,0,0.0
59159,0,0.0
59160,0,0.0
59161,0,0.0
59162,0,0.0
59163,0,0.0
59164,0,0.0
59165,0,0.0
59166,0,0.0
59167,0,0.0
59168,0,0.0
59169,0,0.0
59170,0,0.0
59171,0,0.0
59172,0,0.0
59173,0,0.0
59174,0,0.0
59175,0,0.0
59176,0,0.0
59177,0,0.0
59178,0,0.0
59179,0,0.0
59180,0,0.0
59181,0,0.0
59182,0,0.0
59183,0,0.0
59184,0,0.0
59185,0,0.0
59186,0,0.0
59187,0,0.0
59188,0,0.0
59189,0,0.0
59190,0,0.0
59191,0,0.0
59192,0,0.0
59193,0,0.0
59194,0,0.0
59195,0,0.0
59196,0,0.0
59197,0,0.0
59198,0,0.0
59199,0,0.0
59200,0,0.0
59201,0,0.0
59202,0,0.0
59203,0,0.0
59204,0,0.0
59205,0,0.0
59206,0,0.0
59207,0,0.0
59208,0,0.0
59209,0,0.0
59210,0,0.0
59211,0,0.0
59212,0,0.0
59213,0,0.0
59214,0,0.0
59215,0,0.0
59216,0,0.0
59217,0,0.0
59218,0,0.0
59219,0,0.0
59220,0,0.0
59221,0,0.0
59222,0,0.0
59223,0,0.0
59224,0,0.0
59225,0,0.0
59226,0,0.0
59227,0,0.0
59228,0,0.0
59229,0,0.0
59230,0,0.0
59231,0,0.0
59232,0,0.0
59233,0,0.0
59234,0,0.0
59235,0,0.0
59236,0,0.0
59237,0,0.0
59238,0,0.0
59239,0,0.0
59240,0,0.0
59241,0,0.0
59242,0,0.0
59243,0,0.0
59244,0,0.0
59245,0,0.0
59246,0,0.0
59247,0,0.0
59248,0,0.0
59249,0,0.0
59250,0,0.0
59251,0,0.0
59252,0,0.0
59253,0,0.0
59254,0,0.0
59255,0,0.0
59256,0,0.0
59257,0,0.0
59258,0,0.0
59259,0,0.0
59260,0,0.0
59261,0,0.0
59262,0,0.0
59263,0,0.0
59264,0,0.0
59265,0,0.0
59266,0,0.0
59267,0,0.0
59268,0,0.0
59269,0,0.0
59270,0,0.0
59271,0,0.0
59272,0,0.0
59273,0,0.0
59274,0,0.0
59275,0,0.0
59276,0,0.0
59277,0,0.0
59278,0,0.0
59279,0,0.0
59280,0,0.0
59281,0,0.0
59282,0,0.0
59283,0,0.0
59284,0,0.0
59285,0,0.0
59286,0,0.0
59287,0,0.0
59288,0,0.0
59289,0,0.0
59290,0,0.0
59291,0,0.0
59292,0,0.0
59293,0,0.0
59294,0,0.0
59295,0,0.0
59296,0,0.0
59297,0,0.0
59298,0,0.0
59299,0,0.0
59300,0,0.0
59301,0,0.0
59302,0,0.0
59303,0,0.0
59304,0,0.0
59305,0,0.0
59306,0,0.0
59307,0,0.0
59308,0,0.0
59309,0,0.0
59310,0,0.0
59311,0,0.0
59312,0,0.0
59313,0,0.0
59314,0,0.0
59315,0,0.0
59316,0,0.0
59317,0,0.0
59318,0,0.0
59319,0,0.0
59320,0,0.0
59321,0,0.0
59322,0,0.0
59323,0,0.0
59324,0,0.0
59325,0,0.0
59326,0,0.0
59327,0,0.0
59328,0,0.0
59329,0,0.0
59330,0,0.0
59331,0,0.0
59332,0,0.0
59333,0,0.0
59334,0,0.0
59335,0,0.0
59336,0,0.0
59337,0,0.0
59338,0,0.0
59339,0,0.0
59340,0,0.0
59341,0,0.0
59342,0,0.0
59343,0,0.0
59344,0,0.0
59345,0,0.0
59346,0,0.0
59347,0,0.0
59348,0,0.0
59349,0,0.0
59350,0,0.0
59351,0,0.0
59352,0,0.0
59353,0,0.0
59354,0,0.0
59355,0,0.0
59356,0,0.0
59357,0,0.0
59358,0,0.0
59359,0,0.0
59360,0,0.0
59361,0,0.0
59362,0,0.0
59363,0,0.0
59364,0,0.0
59365,0,0.0
59366,0,0.0
59367,0,0.0
59368,0,0.0
59369,0,0.0
59370,0,0.0
59371,0,0.0
59372,0,0.0
59373,0,0.0
59374,0,0.0
59375,0,0.0
59376,0,0.0
59377,0,0.0
59378,0,0.0
59379,0,0.0
59380,0,0.0
59381,0,0.0
59382,0,0.0
59383,0,0.0
59384,0,0.0
59385,0,0.0
59386,0,0.0
59387,0,0.0
59388,0,0.0
59389,0,0.0
59390,0,0.0
59391,0,0.0
59392,0,0.0
59393,0,1.0
