COUNTRY,DATE,ISO3,WHO_REGION,TOTAL_CONF_CASES,TOTAL_PROB_CASES,TOTAL_CONF_DEATHS,NEW_CONF_CASES,NEW_PROB_CASES,NEW_CONF_DEATHS
Mozambique,2022-01-05,MOZ,AFRO,0,0,0,0,0,0
Benin,2022-01-09,BEN,AFRO,0,0,0,0,0,0
Cameroon,2022-01-09,CMR,AFRO,0,0,0,0,0,0
Congo,2022-01-09,COG,AFRO,0,0,0,0,0,0
Liberia,2022-01-09,LBR,AFRO,0,0,0,0,0,0
Nigeria,2022-01-09,NGA,AFRO,1,0,0,1,0,0
South Africa,2022-01-09,ZAF,AFRO,0,0,0,0,0,0
Benin,2022-01-16,BEN,AFRO,0,0,0,0,0,0
Cameroon,2022-01-16,CMR,AFRO,0,0,0,0,0,0
Central African Republic,2022-01-16,CAF,AFRO,3,0,0,3,0,0
Congo,2022-01-16,COG,AFRO,0,0,0,0,0,0
Ghana,2022-01-16,GHA,AFRO,0,0,0,0,0,0
Liberia,2022-01-16,LBR,AFRO,0,0,0,0,0,0
Mozambique,2022-01-16,MOZ,AFRO,0,0,0,0,0,0
Nigeria,2022-01-16,NGA,AFRO,2,0,0,1,0,0
South Africa,2022-01-16,ZAF,AFRO,0,0,0,0,0,0
Japan,2022-01-19,JPN,WPRO,0,0,0,0,0,0
Benin,2022-01-23,BEN,AFRO,0,0,0,0,0,0
Cameroon,2022-01-23,CMR,AFRO,0,0,0,0,0,0
Central African Republic,2022-01-23,CAF,AFRO,3,0,0,0,0,0
Congo,2022-01-23,COG,AFRO,0,0,0,0,0,0
Ghana,2022-01-23,GHA,AFRO,0,0,0,0,0,0
Liberia,2022-01-23,LBR,AFRO,0,0,0,0,0,0
Mozambique,2022-01-23,MOZ,AFRO,0,0,0,0,0,0
Nigeria,2022-01-23,NGA,AFRO,3,0,0,1,0,0
South Africa,2022-01-23,ZAF,AFRO,0,0,0,0,0,0
Benin,2022-01-30,BEN,AFRO,0,0,0,0,0,0
Cameroon,2022-01-30,CMR,AFRO,0,0,0,0,0,0
Central African Republic,2022-01-30,CAF,AFRO,4,0,0,1,0,0
Congo,2022-01-30,COG,AFRO,0,0,0,0,0,0
Ghana,2022-01-30,GHA,AFRO,0,0,0,0,0,0
Liberia,2022-01-30,LBR,AFRO,0,0,0,0,0,0
Mozambique,2022-01-30,MOZ,AFRO,0,0,0,0,0,0
Nigeria,2022-01-30,NGA,AFRO,3,0,0,0,0,0
South Africa,2022-01-30,ZAF,AFRO,0,0,0,0,0,0
Benin,2022-02-06,BEN,AFRO,0,0,0,0,0,0
Cameroon,2022-02-06,CMR,AFRO,0,0,0,0,0,0
Central African Republic,2022-02-06,CAF,AFRO,5,0,0,1,0,0
Congo,2022-02-06,COG,AFRO,0,0,0,0,0,0
Ghana,2022-02-06,GHA,AFRO,0,0,0,0,0,0
Liberia,2022-02-06,LBR,AFRO,0,0,0,0,0,0
Nigeria,2022-02-06,NGA,AFRO,3,0,0,0,0,0
South Africa,2022-02-06,ZAF,AFRO,0,0,0,0,0,0
Mozambique,2022-02-10,MOZ,AFRO,0,0,0,0,0,0
Benin,2022-02-13,BEN,AFRO,0,0,0,0,0,0
Cameroon,2022-02-13,CMR,AFRO,0,0,0,0,0,0
Central African Republic,2022-02-13,CAF,AFRO,7,0,0,2,0,0
Congo,2022-02-13,COG,AFRO,0,0,0,0,0,0
Ghana,2022-02-13,GHA,AFRO,0,0,0,0,0,0
Liberia,2022-02-13,LBR,AFRO,0,0,0,0,0,0
Mozambique,2022-02-13,MOZ,AFRO,0,0,0,0,0,0
Nigeria,2022-02-13,NGA,AFRO,3,0,0,0,0,0
South Africa,2022-02-13,ZAF,AFRO,0,0,0,0,0,0
Benin,2022-02-20,BEN,AFRO,0,0,0,0,0,0
Cameroon,2022-02-20,CMR,AFRO,0,0,0,0,0,0
Central African Republic,2022-02-20,CAF,AFRO,11,0,0,4,0,0
Congo,2022-02-20,COG,AFRO,0,0,0,0,0,0
Ghana,2022-02-20,GHA,AFRO,0,0,0,0,0,0
Liberia,2022-02-20,LBR,AFRO,0,0,0,0,0,0
Mozambique,2022-02-20,MOZ,AFRO,0,0,0,0,0,0
Nigeria,2022-02-20,NGA,AFRO,4,0,0,1,0,0
South Africa,2022-02-20,ZAF,AFRO,0,0,0,0,0,0
Benin,2022-02-27,BEN,AFRO,0,0,0,0,0,0
Cameroon,2022-02-27,CMR,AFRO,0,0,0,0,0,0
Central African Republic,2022-02-27,CAF,AFRO,11,0,0,0,0,0
Congo,2022-02-27,COG,AFRO,0,0,0,0,0,0
Ghana,2022-02-27,GHA,AFRO,1,0,0,1,0,0
Liberia,2022-02-27,LBR,AFRO,0,0,0,0,0,0
Mozambique,2022-02-27,MOZ,AFRO,0,0,0,0,0,0
Nigeria,2022-02-27,NGA,AFRO,4,0,0,0,0,0
South Africa,2022-02-27,ZAF,AFRO,0,0,0,0,0,0
Mozambique,2022-03-04,MOZ,AFRO,0,0,0,0,0,0
Benin,2022-03-06,BEN,AFRO,0,0,0,0,0,0
Cameroon,2022-03-06,CMR,AFRO,1,0,0,1,0,0
Central African Republic,2022-03-06,CAF,AFRO,11,0,0,0,0,0
Congo,2022-03-06,COG,AFRO,0,0,0,0,0,0
Ghana,2022-03-06,GHA,AFRO,2,0,0,1,0,0
Liberia,2022-03-06,LBR,AFRO,0,0,0,0,0,0
Nigeria,2022-03-06,NGA,AFRO,6,0,0,2,0,0
South Africa,2022-03-06,ZAF,AFRO,0,0,0,0,0,0
Mozambique,2022-03-07,MOZ,AFRO,0,0,0,0,0,0
Benin,2022-03-13,BEN,AFRO,0,0,0,0,0,0
Cameroon,2022-03-13,CMR,AFRO,2,0,1,1,0,1
Central African Republic,2022-03-13,CAF,AFRO,11,0,0,0,0,0
Congo,2022-03-13,COG,AFRO,0,0,0,0,0,0
Ghana,2022-03-13,GHA,AFRO,2,0,0,0,0,0
Liberia,2022-03-13,LBR,AFRO,0,0,0,0,0,0
Mozambique,2022-03-13,MOZ,AFRO,0,0,0,0,0,0
Nigeria,2022-03-13,NGA,AFRO,9,0,0,3,0,0
South Africa,2022-03-13,ZAF,AFRO,0,0,0,0,0,0
Benin,2022-03-20,BEN,AFRO,0,0,0,0,0,0
Cameroon,2022-03-20,CMR,AFRO,3,0,1,1,0,0
Central African Republic,2022-03-20,CAF,AFRO,15,0,0,4,0,0
Congo,2022-03-20,COG,AFRO,0,0,0,0,0,0
Ghana,2022-03-20,GHA,AFRO,2,0,0,0,0,0
Liberia,2022-03-20,LBR,AFRO,0,0,0,0,0,0
Mozambique,2022-03-20,MOZ,AFRO,0,0,0,0,0,0
Nigeria,2022-03-20,NGA,AFRO,10,0,0,1,0,0
South Africa,2022-03-20,ZAF,AFRO,0,0,0,0,0,0
Benin,2022-03-27,BEN,AFRO,0,0,0,0,0,0
Cameroon,2022-03-27,CMR,AFRO,3,0,1,0,0,0
Central African Republic,2022-03-27,CAF,AFRO,17,0,0,2,0,0
Congo,2022-03-27,COG,AFRO,0,0,0,0,0,0
Ghana,2022-03-27,GHA,AFRO,2,0,0,0,0,0
Liberia,2022-03-27,LBR,AFRO,0,0,0,0,0,0
Mozambique,2022-03-27,MOZ,AFRO,0,0,0,0,0,0
Nigeria,2022-03-27,NGA,AFRO,10,0,0,0,0,0
South Africa,2022-03-27,ZAF,AFRO,0,0,0,0,0,0
Benin,2022-04-03,BEN,AFRO,0,0,0,0,0,0
Cameroon,2022-04-03,CMR,AFRO,3,0,1,0,0,0
Central African Republic,2022-04-03,CAF,AFRO,17,0,0,0,0,0
Congo,2022-04-03,COG,AFRO,0,0,0,0,0,0
Ghana,2022-04-03,GHA,AFRO,2,0,0,0,0,0
Liberia,2022-04-03,LBR,AFRO,0,0,0,0,0,0
Nigeria,2022-04-03,NGA,AFRO,11,0,0,1,0,0
South Africa,2022-04-03,ZAF,AFRO,0,0,0,0,0,0
Mozambique,2022-04-09,MOZ,AFRO,0,0,0,0,0,0
Benin,2022-04-10,BEN,AFRO,0,0,0,0,0,0
Cameroon,2022-04-10,CMR,AFRO,3,0,1,0,0,0
Central African Republic,2022-04-10,CAF,AFRO,17,0,0,0,0,0
Congo,2022-04-10,COG,AFRO,0,0,0,0,0,0
Ghana,2022-04-10,GHA,AFRO,2,0,0,0,0,0
Liberia,2022-04-10,LBR,AFRO,0,0,0,0,0,0
Nigeria,2022-04-10,NGA,AFRO,13,0,1,2,0,1
South Africa,2022-04-10,ZAF,AFRO,0,0,0,0,0,0
Mozambique,2022-04-12,MOZ,AFRO,0,0,0,0,0,0
Benin,2022-04-17,BEN,AFRO,0,0,0,0,0,0
Cameroon,2022-04-17,CMR,AFRO,3,0,1,0,0,0
Central African Republic,2022-04-17,CAF,AFRO,18,0,0,1,0,0
Congo,2022-04-17,COG,AFRO,0,0,0,0,0,0
Ghana,2022-04-17,GHA,AFRO,2,0,0,0,0,0
Liberia,2022-04-17,LBR,AFRO,0,0,0,0,0,0
Mozambique,2022-04-17,MOZ,AFRO,0,0,0,0,0,0
Nigeria,2022-04-17,NGA,AFRO,14,0,1,1,0,0
South Africa,2022-04-17,ZAF,AFRO,0,0,0,0,0,0
Benin,2022-04-24,BEN,AFRO,0,0,0,0,0,0
Cameroon,2022-04-24,CMR,AFRO,3,0,1,0,0,0
Central African Republic,2022-04-24,CAF,AFRO,18,0,0,0,0,0
Congo,2022-04-24,COG,AFRO,2,0,0,2,0,0
Ghana,2022-04-24,GHA,AFRO,2,0,0,0,0,0
Liberia,2022-04-24,LBR,AFRO,0,0,0,0,0,0
Mozambique,2022-04-24,MOZ,AFRO,0,0,0,0,0,0
Nigeria,2022-04-24,NGA,AFRO,14,0,1,0,0,0
South Africa,2022-04-24,ZAF,AFRO,0,0,0,0,0,0
Canada,2022-04-25,CAN,AMRO,3,0,0,3,0,0
Benin,2022-05-01,BEN,AFRO,0,0,0,0,0,0
Cameroon,2022-05-01,CMR,AFRO,4,0,1,1,0,0
Central African Republic,2022-05-01,CAF,AFRO,18,0,0,0,0,0
Congo,2022-05-01,COG,AFRO,2,0,0,0,0,0
Ghana,2022-05-01,GHA,AFRO,2,0,0,0,0,0
Liberia,2022-05-01,LBR,AFRO,0,0,0,0,0,0
Nigeria,2022-05-01,NGA,AFRO,15,0,1,1,0,0
South Africa,2022-05-01,ZAF,AFRO,0,0,0,0,0,0
Canada,2022-05-02,CAN,AMRO,15,0,0,12,0,0
Mozambique,2022-05-06,MOZ,AFRO,0,0,0,0,0,0
The United Kingdom,2022-05-07,GBR,EURO,1,0,0,1,0,0
Benin,2022-05-08,BEN,AFRO,0,0,0,0,0,0
Cameroon,2022-05-08,CMR,AFRO,4,0,1,0,0,0
Central African Republic,2022-05-08,CAF,AFRO,18,0,0,0,0,0
Congo,2022-05-08,COG,AFRO,2,0,0,0,0,0
Ghana,2022-05-08,GHA,AFRO,2,0,0,0,0,0
Liberia,2022-05-08,LBR,AFRO,0,0,0,0,0,0
Nigeria,2022-05-08,NGA,AFRO,15,0,1,0,0,0
South Africa,2022-05-08,ZAF,AFRO,0,0,0,0,0,0
Brazil,2022-05-09,BRA,AMRO,1,0,0,1,0,0
Canada,2022-05-09,CAN,AMRO,31,0,0,16,0,0
United States of America,2022-05-09,USA,AMRO,6,0,0,6,0,0
The United Kingdom,2022-05-14,GBR,EURO,3,0,0,2,0,0
Benin,2022-05-15,BEN,AFRO,0,0,0,0,0,0
Cameroon,2022-05-15,CMR,AFRO,4,0,1,0,0,0
Central African Republic,2022-05-15,CAF,AFRO,18,0,0,0,0,0
Congo,2022-05-15,COG,AFRO,2,0,0,0,0,0
Ghana,2022-05-15,GHA,AFRO,2,0,0,0,0,0
Liberia,2022-05-15,LBR,AFRO,0,0,0,0,0,0
Mozambique,2022-05-15,MOZ,AFRO,0,0,0,0,0,0
Nigeria,2022-05-15,NGA,AFRO,19,0,1,4,0,0
South Africa,2022-05-15,ZAF,AFRO,0,0,0,0,0,0
Brazil,2022-05-16,BRA,AMRO,2,0,0,1,0,0
Canada,2022-05-16,CAN,AMRO,59,0,0,28,0,0
Ireland,2022-05-16,IRL,EURO,1,0,0,1,0,0
Mexico,2022-05-16,MEX,AMRO,1,0,0,1,0,0
The United Kingdom,2022-05-16,GBR,EURO,7,0,0,4,0,0
United States of America,2022-05-16,USA,AMRO,24,0,0,18,0,0
Portugal,2022-05-17,PRT,EURO,3,0,0,3,0,0
Portugal,2022-05-18,PRT,EURO,5,0,0,2,0,0
Spain,2022-05-18,ESP,EURO,0,0,0,0,0,0
Sweden,2022-05-18,SWE,EURO,1,0,0,1,0,0
The United Kingdom,2022-05-18,GBR,EURO,9,0,0,2,0,0
Belgium,2022-05-19,BEL,EURO,1,0,0,1,0,0
France,2022-05-19,FRA,EURO,0,0,0,0,0,0
Italy,2022-05-19,ITA,EURO,1,0,0,1,0,0
Portugal,2022-05-19,PRT,EURO,14,0,0,9,0,0
Spain,2022-05-19,ESP,EURO,7,0,0,7,0,0
The United Kingdom,2022-05-19,GBR,EURO,9,0,0,0,0,0
Australia,2022-05-20,AUS,WPRO,2,0,0,2,0,0
Belgium,2022-05-20,BEL,EURO,3,0,0,2,0,0
Finland,2022-05-20,FIN,EURO,1,0,0,1,0,0
France,2022-05-20,FRA,EURO,1,0,0,1,0,0
Germany,2022-05-20,DEU,EURO,1,0,0,1,0,0
Italy,2022-05-20,ITA,EURO,3,0,0,2,0,0
Portugal,2022-05-20,PRT,EURO,23,0,0,9,0,0
Spain,2022-05-20,ESP,EURO,23,0,0,16,0,0
The United Kingdom,2022-05-20,GBR,EURO,20,0,0,11,0,0
Ireland,2022-05-21,IRL,EURO,2,0,0,1,0,0
Israel,2022-05-21,ISR,EURO,1,0,0,1,0,0
Portugal,2022-05-21,PRT,EURO,37,0,0,14,0,0
Switzerland,2022-05-21,CHE,EURO,1,0,0,1,0,0
The United Kingdom,2022-05-21,GBR,EURO,29,0,0,9,0,0
Benin,2022-05-22,BEN,AFRO,0,0,0,0,0,0
Cameroon,2022-05-22,CMR,AFRO,4,0,1,0,0,0
Central African Republic,2022-05-22,CAF,AFRO,18,0,0,0,0,0
Congo,2022-05-22,COG,AFRO,2,0,0,0,0,0
Germany,2022-05-22,DEU,EURO,3,0,0,2,0,0
Ghana,2022-05-22,GHA,AFRO,2,0,0,0,0,0
Liberia,2022-05-22,LBR,AFRO,0,0,0,0,0,0
Mozambique,2022-05-22,MOZ,AFRO,0,0,0,0,0,0
Netherlands,2022-05-22,NLD,EURO,2,0,0,2,0,0
Nigeria,2022-05-22,NGA,AFRO,21,0,1,2,0,0
South Africa,2022-05-22,ZAF,AFRO,0,0,0,0,0,0
Spain,2022-05-22,ESP,EURO,40,0,0,17,0,0
Argentina,2022-05-23,ARG,AMRO,2,0,0,2,0,0
Austria,2022-05-23,AUT,EURO,1,0,0,1,0,0
Belgium,2022-05-23,BEL,EURO,4,0,0,1,0,0
Brazil,2022-05-23,BRA,AMRO,4,0,0,2,0,0
Canada,2022-05-23,CAN,AMRO,107,0,0,48,0,0
Denmark,2022-05-23,DNK,EURO,1,0,0,1,0,0
Germany,2022-05-23,DEU,EURO,4,0,0,1,0,0
Italy,2022-05-23,ITA,EURO,4,0,0,1,0,0
Mexico,2022-05-23,MEX,AMRO,1,0,0,0,0,0
Netherlands,2022-05-23,NLD,EURO,5,0,0,3,0,0
The United Kingdom,2022-05-23,GBR,EURO,56,0,0,27,0,0
United States of America,2022-05-23,USA,AMRO,39,0,0,15,0,0
Czechia,2022-05-24,CZE,EURO,1,0,0,1,0,0
Denmark,2022-05-24,DNK,EURO,2,0,0,1,0,0
France,2022-05-24,FRA,EURO,3,0,0,2,0,0
Germany,2022-05-24,DEU,EURO,6,0,0,2,0,0
Ireland,2022-05-24,IRL,EURO,3,0,0,1,0,0
Netherlands,2022-05-24,NLD,EURO,6,0,0,1,0,0
Slovenia,2022-05-24,SVN,EURO,1,0,0,1,0,0
The United Kingdom,2022-05-24,GBR,EURO,71,0,0,15,0,0
United Arab Emirates,2022-05-24,ARE,EMRO,4,0,0,4,0,0
France,2022-05-25,FRA,EURO,5,0,0,2,0,0
Germany,2022-05-25,DEU,EURO,10,0,0,4,0,0
Ireland,2022-05-25,IRL,EURO,4,0,0,1,0,0
Italy,2022-05-25,ITA,EURO,5,0,0,1,0,0
Portugal,2022-05-25,PRT,EURO,74,0,0,37,0,0
Slovenia,2022-05-25,SVN,EURO,2,0,0,1,0,0
Switzerland,2022-05-25,CHE,EURO,2,0,0,1,0,0
Belgium,2022-05-26,BEL,EURO,6,0,0,2,0,0
Czechia,2022-05-26,CZE,EURO,5,0,0,4,0,0
France,2022-05-26,FRA,EURO,7,0,0,2,0,0
Italy,2022-05-26,ITA,EURO,8,0,0,3,0,0
Netherlands,2022-05-26,NLD,EURO,26,0,0,20,0,0
Sweden,2022-05-26,SWE,EURO,2,0,0,1,0,0
The United Kingdom,2022-05-26,GBR,EURO,90,0,0,19,0,0
Finland,2022-05-27,FIN,EURO,1,0,0,0,0,0
Germany,2022-05-27,DEU,EURO,15,0,0,5,0,0
Ireland,2022-05-27,IRL,EURO,7,0,0,3,0,0
Switzerland,2022-05-27,CHE,EURO,3,0,0,1,0,0
The United Kingdom,2022-05-27,GBR,EURO,106,0,0,16,0,0
Benin,2022-05-29,BEN,AFRO,0,0,0,0,0,0
Cameroon,2022-05-29,CMR,AFRO,4,0,1,0,0,0
Central African Republic,2022-05-29,CAF,AFRO,18,0,0,0,0,0
Congo,2022-05-29,COG,AFRO,2,0,0,0,0,0
Ghana,2022-05-29,GHA,AFRO,2,0,0,0,0,0
Ireland,2022-05-29,IRL,EURO,8,0,0,1,0,0
Liberia,2022-05-29,LBR,AFRO,0,0,0,0,0,0
Mozambique,2022-05-29,MOZ,AFRO,0,0,0,0,0,0
Nigeria,2022-05-29,NGA,AFRO,21,0,1,0,0,0
South Africa,2022-05-29,ZAF,AFRO,0,0,0,0,0,0
Argentina,2022-05-30,ARG,AMRO,2,0,0,0,0,0
Austria,2022-05-30,AUT,EURO,1,0,0,0,0,0
Brazil,2022-05-30,BRA,AMRO,11,0,0,7,0,0
Canada,2022-05-30,CAN,AMRO,173,0,0,66,0,0
Chile,2022-05-30,CHL,AMRO,1,0,0,1,0,0
Colombia,2022-05-30,COL,AMRO,2,0,0,2,0,0
Czechia,2022-05-30,CZE,EURO,5,0,0,0,0,0
France,2022-05-30,FRA,EURO,16,0,0,9,0,0
Germany,2022-05-30,DEU,EURO,21,0,0,6,0,0
Ireland,2022-05-30,IRL,EURO,9,0,0,1,0,0
Israel,2022-05-30,ISR,EURO,2,0,0,1,0,0
Italy,2022-05-30,ITA,EURO,14,0,0,6,0,0
Malta,2022-05-30,MLT,EURO,1,0,0,1,0,0
Mexico,2022-05-30,MEX,AMRO,5,0,0,4,0,0
Spain,2022-05-30,ESP,EURO,98,0,0,58,0,0
Switzerland,2022-05-30,CHE,EURO,4,0,0,1,0,0
The United Kingdom,2022-05-30,GBR,EURO,179,0,0,73,0,0
United States of America,2022-05-30,USA,AMRO,91,0,0,52,0,0
Austria,2022-05-31,AUT,EURO,1,0,0,0,0,0
Belgium,2022-05-31,BEL,EURO,10,0,0,4,0,0
Denmark,2022-05-31,DNK,EURO,2,0,0,0,0,0
France,2022-05-31,FRA,EURO,17,0,0,1,0,0
Germany,2022-05-31,DEU,EURO,33,0,0,12,0,0
Hungary,2022-05-31,HUN,EURO,1,0,0,1,0,0
Norway,2022-05-31,NOR,EURO,1,0,0,1,0,0
Portugal,2022-05-31,PRT,EURO,100,0,0,26,0,0
Sweden,2022-05-31,SWE,EURO,4,0,0,2,0,0
The United Kingdom,2022-05-31,GBR,EURO,190,0,0,11,0,0
Austria,2022-06-01,AUT,EURO,1,0,0,0,0,0
Finland,2022-06-01,FIN,EURO,1,0,0,0,0,0
Germany,2022-06-01,DEU,EURO,44,0,0,11,0,0
Netherlands,2022-06-01,NLD,EURO,26,0,0,0,0,0
Norway,2022-06-01,NOR,EURO,2,0,0,1,0,0
Portugal,2022-06-01,PRT,EURO,119,0,0,19,0,0
Spain,2022-06-01,ESP,EURO,142,0,0,44,0,0
The United Kingdom,2022-06-01,GBR,EURO,196,0,0,6,0,0
Australia,2022-06-02,AUS,WPRO,3,0,0,1,0,0
Belgium,2022-06-02,BEL,EURO,14,0,0,4,0,0
France,2022-06-02,FRA,EURO,33,0,0,16,0,0
Germany,2022-06-02,DEU,EURO,57,0,0,13,0,0
Gibraltar,2022-06-02,GIB,EURO,1,0,0,1,0,0
Italy,2022-06-02,ITA,EURO,20,0,0,6,0,0
Morocco,2022-06-02,MAR,EMRO,1,0,0,1,0,0
Mozambique,2022-06-02,MOZ,AFRO,0,0,0,0,0,0
Portugal,2022-06-02,PRT,EURO,138,0,0,19,0,0
Slovenia,2022-06-02,SVN,EURO,3,0,0,1,0,0
Spain,2022-06-02,ESP,EURO,156,0,0,14,0,0
The United Kingdom,2022-06-02,GBR,EURO,207,0,0,11,0,0
United Arab Emirates,2022-06-02,ARE,EMRO,8,0,0,4,0,0
Australia,2022-06-03,AUS,WPRO,5,0,0,2,0,0
Belgium,2022-06-03,BEL,EURO,17,0,0,3,0,0
Czechia,2022-06-03,CZE,EURO,6,0,0,1,0,0
Finland,2022-06-03,FIN,EURO,2,0,0,1,0,0
Germany,2022-06-03,DEU,EURO,65,0,0,8,0,0
Latvia,2022-06-03,LVA,EURO,1,0,0,1,0,0
Mozambique,2022-06-03,MOZ,AFRO,0,0,0,0,0,0
Netherlands,2022-06-03,NLD,EURO,40,0,0,14,0,0
Portugal,2022-06-03,PRT,EURO,143,0,0,5,0,0
Spain,2022-06-03,ESP,EURO,186,0,0,30,0,0
Sweden,2022-06-03,SWE,EURO,5,0,0,1,0,0
Switzerland,2022-06-03,CHE,EURO,6,0,0,2,0,0
The United Kingdom,2022-06-03,GBR,EURO,225,0,0,18,0,0
Australia,2022-06-04,AUS,WPRO,5,0,0,0,0,0
France,2022-06-04,FRA,EURO,51,0,0,18,0,0
Portugal,2022-06-04,PRT,EURO,143,0,0,0,0,0
Switzerland,2022-06-04,CHE,EURO,8,0,0,2,0,0
Benin,2022-06-05,BEN,AFRO,0,0,0,0,0,0
Cameroon,2022-06-05,CMR,AFRO,5,0,1,1,0,0
Central African Republic,2022-06-05,CAF,AFRO,18,0,0,0,0,0
Congo,2022-06-05,COG,AFRO,2,0,0,0,0,0
Ghana,2022-06-05,GHA,AFRO,8,0,0,6,0,0
Liberia,2022-06-05,LBR,AFRO,0,0,0,0,0,0
Nigeria,2022-06-05,NGA,AFRO,32,0,2,11,0,1
South Africa,2022-06-05,ZAF,AFRO,0,0,0,0,0,0
Argentina,2022-06-06,ARG,AMRO,3,0,0,1,0,0
Australia,2022-06-06,AUS,WPRO,6,0,0,1,0,0
Bahamas,2022-06-06,BHS,AMRO,1,0,0,1,0,0
Brazil,2022-06-06,BRA,AMRO,23,0,0,12,0,0
Canada,2022-06-06,CAN,AMRO,236,0,0,63,0,0
Chile,2022-06-06,CHL,AMRO,2,0,0,1,0,0
Colombia,2022-06-06,COL,AMRO,2,0,0,0,0,0
Denmark,2022-06-06,DNK,EURO,3,0,0,1,0,0
Ecuador,2022-06-06,ECU,AMRO,1,0,0,1,0,0
Ireland,2022-06-06,IRL,EURO,10,0,0,1,0,0
Mexico,2022-06-06,MEX,AMRO,14,0,0,9,0,0
Portugal,2022-06-06,PRT,EURO,153,0,0,10,0,0
Slovenia,2022-06-06,SVN,EURO,6,0,0,3,0,0
The United Kingdom,2022-06-06,GBR,EURO,302,0,0,77,0,0
United States of America,2022-06-06,USA,AMRO,189,0,0,98,0,0
Australia,2022-06-07,AUS,WPRO,6,0,0,0,0,0
Austria,2022-06-07,AUT,EURO,1,0,0,0,0,0
Belgium,2022-06-07,BEL,EURO,17,0,0,0,0,0
Czechia,2022-06-07,CZE,EURO,6,0,0,0,0,0
Denmark,2022-06-07,DNK,EURO,3,0,0,0,0,0
Finland,2022-06-07,FIN,EURO,2,0,0,0,0,0
France,2022-06-07,FRA,EURO,66,0,0,15,0,0
Germany,2022-06-07,DEU,EURO,80,0,0,15,0,0
Hungary,2022-06-07,HUN,EURO,1,0,0,0,0,0
Israel,2022-06-07,ISR,EURO,2,0,0,0,0,0
Italy,2022-06-07,ITA,EURO,20,0,0,0,0,0
Latvia,2022-06-07,LVA,EURO,1,0,0,0,0,0
Malta,2022-06-07,MLT,EURO,1,0,0,0,0,0
Morocco,2022-06-07,MAR,EMRO,1,0,0,0,0,0
Netherlands,2022-06-07,NLD,EURO,40,0,0,0,0,0
Norway,2022-06-07,NOR,EURO,2,0,0,0,0,0
Portugal,2022-06-07,PRT,EURO,166,0,0,13,0,0
Slovenia,2022-06-07,SVN,EURO,6,0,0,0,0,0
Spain,2022-06-07,ESP,EURO,198,0,0,12,0,0
Sweden,2022-06-07,SWE,EURO,5,0,0,0,0,0
Switzerland,2022-06-07,CHE,EURO,8,0,0,0,0,0
The United Kingdom,2022-06-07,GBR,EURO,302,0,0,0,0,0
United Arab Emirates,2022-06-07,ARE,EMRO,8,0,0,0,0,0
Australia,2022-06-08,AUS,WPRO,6,0,0,0,0,0
Austria,2022-06-08,AUT,EURO,1,0,0,0,0,0
Belgium,2022-06-08,BEL,EURO,17,0,0,0,0,0
Czechia,2022-06-08,CZE,EURO,6,0,0,0,0,0
Denmark,2022-06-08,DNK,EURO,3,0,0,0,0,0
Finland,2022-06-08,FIN,EURO,2,0,0,0,0,0
France,2022-06-08,FRA,EURO,66,0,0,0,0,0
Germany,2022-06-08,DEU,EURO,113,0,0,33,0,0
Hungary,2022-06-08,HUN,EURO,1,0,0,0,0,0
Ireland,2022-06-08,IRL,EURO,12,0,0,2,0,0
Israel,2022-06-08,ISR,EURO,3,0,0,1,0,0
Italy,2022-06-08,ITA,EURO,20,0,0,0,0,0
Latvia,2022-06-08,LVA,EURO,1,0,0,0,0,0
Malta,2022-06-08,MLT,EURO,1,0,0,0,0,0
Morocco,2022-06-08,MAR,EMRO,1,0,0,0,0,0
Netherlands,2022-06-08,NLD,EURO,54,0,0,14,0,0
Norway,2022-06-08,NOR,EURO,2,0,0,0,0,0
Portugal,2022-06-08,PRT,EURO,191,0,0,25,0,0
Slovenia,2022-06-08,SVN,EURO,6,0,0,0,0,0
Spain,2022-06-08,ESP,EURO,198,0,0,0,0,0
Sweden,2022-06-08,SWE,EURO,5,0,0,0,0,0
Switzerland,2022-06-08,CHE,EURO,10,0,0,2,0,0
The United Kingdom,2022-06-08,GBR,EURO,321,0,0,19,0,0
United Arab Emirates,2022-06-08,ARE,EMRO,13,0,0,5,0,0
Australia,2022-06-09,AUS,WPRO,6,0,0,0,0,0
Austria,2022-06-09,AUT,EURO,1,0,0,0,0,0
Belgium,2022-06-09,BEL,EURO,24,0,0,7,0,0
Czechia,2022-06-09,CZE,EURO,6,0,0,0,0,0
Denmark,2022-06-09,DNK,EURO,3,0,0,0,0,0
Finland,2022-06-09,FIN,EURO,2,0,0,0,0,0
France,2022-06-09,FRA,EURO,66,0,0,0,0,0
Germany,2022-06-09,DEU,EURO,131,0,0,18,0,0
Greece,2022-06-09,GRC,EURO,0,0,0,0,0,0
Hungary,2022-06-09,HUN,EURO,1,0,0,0,0,0
Iceland,2022-06-09,ISL,EURO,0,0,0,0,0,0
Ireland,2022-06-09,IRL,EURO,13,0,0,1,0,0
Israel,2022-06-09,ISR,EURO,3,0,0,0,0,0
Italy,2022-06-09,ITA,EURO,20,0,0,0,0,0
Latvia,2022-06-09,LVA,EURO,1,0,0,0,0,0
Malta,2022-06-09,MLT,EURO,1,0,0,0,0,0
Morocco,2022-06-09,MAR,EMRO,1,0,0,0,0,0
Netherlands,2022-06-09,NLD,EURO,54,0,0,0,0,0
Norway,2022-06-09,NOR,EURO,2,0,0,0,0,0
Portugal,2022-06-09,PRT,EURO,209,0,0,18,0,0
Slovenia,2022-06-09,SVN,EURO,6,0,0,0,0,0
Spain,2022-06-09,ESP,EURO,198,0,0,0,0,0
Sweden,2022-06-09,SWE,EURO,5,0,0,0,0,0
Switzerland,2022-06-09,CHE,EURO,12,0,0,2,0,0
The United Kingdom,2022-06-09,GBR,EURO,321,0,0,0,0,0
United Arab Emirates,2022-06-09,ARE,EMRO,13,0,0,0,0,0
Australia,2022-06-10,AUS,WPRO,7,0,0,1,0,0
Austria,2022-06-10,AUT,EURO,1,0,0,0,0,0
Belgium,2022-06-10,BEL,EURO,24,1,0,0,1,0
Czechia,2022-06-10,CZE,EURO,6,0,0,0,0,0
Denmark,2022-06-10,DNK,EURO,3,0,0,0,0,0
Finland,2022-06-10,FIN,EURO,2,0,0,0,0,0
France,2022-06-10,FRA,EURO,91,0,0,25,0,0
Germany,2022-06-10,DEU,EURO,165,0,0,34,0,0
Greece,2022-06-10,GRC,EURO,0,0,0,0,0,0
Hungary,2022-06-10,HUN,EURO,2,0,0,1,0,0
Iceland,2022-06-10,ISL,EURO,0,0,0,0,0,0
Israel,2022-06-10,ISR,EURO,4,0,0,1,0,0
Italy,2022-06-10,ITA,EURO,20,0,0,0,0,0
Latvia,2022-06-10,LVA,EURO,1,0,0,0,0,0
Malta,2022-06-10,MLT,EURO,1,0,0,0,0,0
Morocco,2022-06-10,MAR,EMRO,1,0,0,0,0,0
Netherlands,2022-06-10,NLD,EURO,54,0,0,0,0,0
Norway,2022-06-10,NOR,EURO,2,0,0,0,0,0
Portugal,2022-06-10,PRT,EURO,209,0,0,0,0,0
Slovenia,2022-06-10,SVN,EURO,6,0,0,0,0,0
Spain,2022-06-10,ESP,EURO,259,0,0,61,0,0
Sweden,2022-06-10,SWE,EURO,6,0,0,1,0,0
Switzerland,2022-06-10,CHE,EURO,12,0,0,0,0,0
The United Kingdom,2022-06-10,GBR,EURO,366,0,0,45,0,0
United Arab Emirates,2022-06-10,ARE,EMRO,13,0,0,0,0,0
Mozambique,2022-06-11,MOZ,AFRO,0,0,0,0,0,0
Benin,2022-06-12,BEN,AFRO,0,0,0,0,0,0
Cameroon,2022-06-12,CMR,AFRO,5,0,1,0,0,0
Central African Republic,2022-06-12,CAF,AFRO,18,0,0,0,0,0
Congo,2022-06-12,COG,AFRO,2,0,0,0,0,0
Denmark,2022-06-12,DNK,EURO,3,0,0,0,0,0
Ghana,2022-06-12,GHA,AFRO,19,0,0,11,0,0
Liberia,2022-06-12,LBR,AFRO,0,0,0,0,0,0
Netherlands,2022-06-12,NLD,EURO,60,0,0,6,0,0
Nigeria,2022-06-12,NGA,AFRO,38,0,2,6,0,0
South Africa,2022-06-12,ZAF,AFRO,0,0,0,0,0,0
Switzerland,2022-06-12,CHE,EURO,14,0,0,2,0,0
Argentina,2022-06-13,ARG,AMRO,3,0,0,0,0,0
Australia,2022-06-13,AUS,WPRO,7,0,0,0,0,0
Austria,2022-06-13,AUT,EURO,4,0,0,3,0,0
Bahamas,2022-06-13,BHS,AMRO,1,0,0,0,0,0
Belgium,2022-06-13,BEL,EURO,34,0,0,10,-1,0
Brazil,2022-06-13,BRA,AMRO,57,0,0,34,0,0
Canada,2022-06-13,CAN,AMRO,305,0,0,69,0,0
Chile,2022-06-13,CHL,AMRO,6,0,0,4,0,0
Colombia,2022-06-13,COL,AMRO,3,0,0,1,0,0
Czechia,2022-06-13,CZE,EURO,6,0,0,0,0,0
Denmark,2022-06-13,DNK,EURO,4,0,0,1,0,0
Ecuador,2022-06-13,ECU,AMRO,1,0,0,0,0,0
Finland,2022-06-13,FIN,EURO,2,0,0,0,0,0
France,2022-06-13,FRA,EURO,91,0,0,0,0,0
Germany,2022-06-13,DEU,EURO,189,0,0,24,0,0
Greece,2022-06-13,GRC,EURO,2,0,0,2,0,0
Hungary,2022-06-13,HUN,EURO,2,0,0,0,0,0
Iceland,2022-06-13,ISL,EURO,3,0,0,3,0,0
Ireland,2022-06-13,IRL,EURO,14,0,0,1,0,0
Israel,2022-06-13,ISR,EURO,4,0,0,0,0,0
Italy,2022-06-13,ITA,EURO,29,0,0,9,0,0
Latvia,2022-06-13,LVA,EURO,2,0,0,1,0,0
Malta,2022-06-13,MLT,EURO,1,0,0,0,0,0
Mexico,2022-06-13,MEX,AMRO,21,0,0,7,0,0
Morocco,2022-06-13,MAR,EMRO,1,0,0,0,0,0
Netherlands,2022-06-13,NLD,EURO,72,0,0,12,0,0
Norway,2022-06-13,NOR,EURO,2,0,0,0,0,0
Peru,2022-06-13,PER,AMRO,4,0,0,4,0,0
Poland,2022-06-13,POL,EURO,1,0,0,1,0,0
Portugal,2022-06-13,PRT,EURO,209,0,0,0,0,0
Slovenia,2022-06-13,SVN,EURO,7,0,0,1,0,0
Spain,2022-06-13,ESP,EURO,275,0,0,16,0,0
Sweden,2022-06-13,SWE,EURO,6,0,0,0,0,0
Switzerland,2022-06-13,CHE,EURO,19,0,0,5,0,0
The United Kingdom,2022-06-13,GBR,EURO,470,0,0,104,0,0
United Arab Emirates,2022-06-13,ARE,EMRO,13,0,0,0,0,0
United States of America,2022-06-13,USA,AMRO,384,0,0,195,0,0
Venezuela (Bolivarian Republic of),2022-06-13,VEN,AMRO,1,0,0,1,0,0
Australia,2022-06-14,AUS,WPRO,7,0,0,0,0,0
Austria,2022-06-14,AUT,EURO,4,0,0,0,0,0
Belgium,2022-06-14,BEL,EURO,34,0,0,0,0,0
Czechia,2022-06-14,CZE,EURO,6,0,0,0,0,0
Denmark,2022-06-14,DNK,EURO,7,0,0,3,0,0
Finland,2022-06-14,FIN,EURO,3,0,0,1,0,0
France,2022-06-14,FRA,EURO,125,0,0,34,0,0
Germany,2022-06-14,DEU,EURO,229,0,0,40,0,0
Greece,2022-06-14,GRC,EURO,2,0,0,0,0,0
Hungary,2022-06-14,HUN,EURO,3,0,0,1,0,0
Iceland,2022-06-14,ISL,EURO,3,0,0,0,0,0
Israel,2022-06-14,ISR,EURO,4,0,0,0,0,0
Latvia,2022-06-14,LVA,EURO,2,0,0,0,0,0
Malta,2022-06-14,MLT,EURO,1,0,0,0,0,0
Morocco,2022-06-14,MAR,EMRO,1,0,0,0,0,0
Netherlands,2022-06-14,NLD,EURO,80,0,0,8,0,0
Norway,2022-06-14,NOR,EURO,2,0,0,0,0,0
Poland,2022-06-14,POL,EURO,1,0,0,0,0,0
Portugal,2022-06-14,PRT,EURO,231,0,0,22,0,0
Romania,2022-06-14,ROU,EURO,2,0,0,2,0,0
Slovenia,2022-06-14,SVN,EURO,7,0,0,0,0,0
Spain,2022-06-14,ESP,EURO,313,0,0,38,0,0
Sweden,2022-06-14,SWE,EURO,6,0,0,0,0,0
Switzerland,2022-06-14,CHE,EURO,20,0,0,1,0,0
The United Kingdom,2022-06-14,GBR,EURO,470,0,0,0,0,0
United Arab Emirates,2022-06-14,ARE,EMRO,13,0,0,0,0,0
Australia,2022-06-15,AUS,WPRO,8,0,0,1,0,0
Belgium,2022-06-15,BEL,EURO,52,0,0,18,0,0
Georgia,2022-06-15,GEO,EURO,1,0,0,1,0,0
Germany,2022-06-15,DEU,EURO,263,0,0,34,0,0
Hungary,2022-06-15,HUN,EURO,5,0,0,2,0,0
Israel,2022-06-15,ISR,EURO,5,0,0,1,0,0
Italy,2022-06-15,ITA,EURO,48,0,0,19,0,0
Malta,2022-06-15,MLT,EURO,2,0,0,1,0,0
Portugal,2022-06-15,PRT,EURO,241,0,0,10,0,0
Romania,2022-06-15,ROU,EURO,3,0,0,1,0,0
Sweden,2022-06-15,SWE,EURO,10,0,0,4,0,0
Switzerland,2022-06-15,CHE,EURO,28,0,0,8,0,0
The United Kingdom,2022-06-15,GBR,EURO,524,0,0,54,0,0
Denmark,2022-06-16,DNK,EURO,8,0,0,1,0,0
France,2022-06-16,FRA,EURO,183,0,0,58,0,0
Germany,2022-06-16,DEU,EURO,305,0,0,42,0,0
Hungary,2022-06-16,HUN,EURO,6,0,0,1,0,0
Israel,2022-06-16,ISR,EURO,6,0,0,1,0,0
Luxembourg,2022-06-16,LUX,EURO,1,0,0,1,0,0
Netherlands,2022-06-16,NLD,EURO,95,0,0,15,0,0
Norway,2022-06-16,NOR,EURO,4,0,0,2,0,0
Romania,2022-06-16,ROU,EURO,4,0,0,1,0,0
Switzerland,2022-06-16,CHE,EURO,30,0,0,2,0,0
Austria,2022-06-17,AUT,EURO,11,0,0,7,0,0
Belgium,2022-06-17,BEL,EURO,62,0,0,10,0,0
Germany,2022-06-17,DEU,EURO,338,0,0,33,0,0
Italy,2022-06-17,ITA,EURO,71,0,0,23,0,0
Portugal,2022-06-17,PRT,EURO,276,0,0,35,0,0
Serbia,2022-06-17,SRB,EURO,1,0,0,1,0,0
Spain,2022-06-17,ESP,EURO,497,0,0,184,0,0
Switzerland,2022-06-17,CHE,EURO,31,0,0,1,0,0
The United Kingdom,2022-06-17,GBR,EURO,574,0,0,50,0,0
Benin,2022-06-19,BEN,AFRO,0,0,0,0,0,0
Cameroon,2022-06-19,CMR,AFRO,6,0,1,1,0,0
Central African Republic,2022-06-19,CAF,AFRO,18,0,0,0,0,0
Congo,2022-06-19,COG,AFRO,2,0,0,0,0,0
Ghana,2022-06-19,GHA,AFRO,22,0,0,3,0,0
Liberia,2022-06-19,LBR,AFRO,0,0,0,0,0,0
Mozambique,2022-06-19,MOZ,AFRO,0,0,0,0,0,0
Nigeria,2022-06-19,NGA,AFRO,46,0,2,8,0,0
South Africa,2022-06-19,ZAF,AFRO,0,0,0,0,0,0
Argentina,2022-06-20,ARG,AMRO,4,0,0,1,0,0
Bahamas,2022-06-20,BHS,AMRO,1,0,0,0,0,0
Brazil,2022-06-20,BRA,AMRO,156,0,0,99,0,0
Canada,2022-06-20,CAN,AMRO,413,0,0,108,0,0
Chile,2022-06-20,CHL,AMRO,13,0,0,7,0,0
Colombia,2022-06-20,COL,AMRO,4,0,0,1,0,0
Denmark,2022-06-20,DNK,EURO,10,0,0,2,0,0
Ecuador,2022-06-20,ECU,AMRO,1,0,0,0,0,0
Finland,2022-06-20,FIN,EURO,4,0,0,1,0,0
Germany,2022-06-20,DEU,EURO,412,0,0,74,0,0
Israel,2022-06-20,ISR,EURO,9,0,0,3,0,0
Lebanon,2022-06-20,LBN,EMRO,1,0,0,1,0,0
Mexico,2022-06-20,MEX,AMRO,31,0,0,10,0,0
Peru,2022-06-20,PER,AMRO,13,0,1,9,0,1
Portugal,2022-06-20,PRT,EURO,297,0,0,21,0,0
Switzerland,2022-06-20,CHE,EURO,40,0,0,9,0,0
The United Kingdom,2022-06-20,GBR,EURO,793,0,0,219,0,0
United States of America,2022-06-20,USA,AMRO,725,0,0,341,0,0
Venezuela (Bolivarian Republic of),2022-06-20,VEN,AMRO,1,0,0,0,0,0
Belgium,2022-06-21,BEL,EURO,77,1,0,15,1,0
Denmark,2022-06-21,DNK,EURO,12,0,0,2,0,0
France,2022-06-21,FRA,EURO,277,0,0,94,0,0
Germany,2022-06-21,DEU,EURO,469,0,0,57,0,0
Israel,2022-06-21,ISR,EURO,11,0,0,2,0,0
Italy,2022-06-21,ITA,EURO,85,0,0,14,0,0
Portugal,2022-06-21,PRT,EURO,304,0,0,7,0,0
Romania,2022-06-21,ROU,EURO,5,0,0,1,0,0
Singapore,2022-06-21,SGP,WPRO,1,0,0,1,0,0
Spain,2022-06-21,ESP,EURO,520,0,0,23,0,0
Switzerland,2022-06-21,CHE,EURO,41,0,0,1,0,0
Austria,2022-06-22,AUT,EURO,12,0,0,1,0,0
Czechia,2022-06-22,CZE,EURO,7,0,0,1,0,0
Denmark,2022-06-22,DNK,EURO,13,0,0,1,0,0
Germany,2022-06-22,DEU,EURO,521,0,0,52,0,0
Hungary,2022-06-22,HUN,EURO,7,0,0,1,0,0
Israel,2022-06-22,ISR,EURO,13,0,0,2,0,0
Netherlands,2022-06-22,NLD,EURO,167,0,0,72,0,0
Poland,2022-06-22,POL,EURO,7,0,0,6,0,0
Portugal,2022-06-22,PRT,EURO,317,0,0,13,0,0
Republic of Korea,2022-06-22,KOR,WPRO,1,0,0,1,0,0
Slovenia,2022-06-22,SVN,EURO,8,0,0,1,0,0
Switzerland,2022-06-22,CHE,EURO,46,0,0,5,0,0
Australia,2022-06-23,AUS,WPRO,9,0,0,1,0,0
Bulgaria,2022-06-23,BGR,EURO,2,0,0,2,0,0
France,2022-06-23,FRA,EURO,330,0,0,53,0,0
Germany,2022-06-23,DEU,EURO,592,0,0,71,0,0
Greece,2022-06-23,GRC,EURO,3,0,0,1,0,0
Ireland,2022-06-23,IRL,EURO,28,0,0,14,0,0
Israel,2022-06-23,ISR,EURO,16,0,0,3,0,0
Portugal,2022-06-23,PRT,EURO,328,0,0,11,0,0
Romania,2022-06-23,ROU,EURO,6,0,0,1,0,0
Slovenia,2022-06-23,SVN,EURO,9,0,0,1,0,0
Sweden,2022-06-23,SWE,EURO,13,0,0,3,0,0
Switzerland,2022-06-23,CHE,EURO,55,0,0,9,0,0
The United Kingdom,2022-06-23,GBR,EURO,910,0,0,117,0,0
Austria,2022-06-24,AUT,EURO,20,0,0,8,0,0
China,2022-06-24,CHN,WPRO,1,0,0,1,0,0
Croatia,2022-06-24,HRV,EURO,1,0,0,1,0,0
Germany,2022-06-24,DEU,EURO,676,0,0,84,0,0
Hungary,2022-06-24,HUN,EURO,12,0,0,5,0,0
Netherlands,2022-06-24,NLD,EURO,211,0,0,44,0,0
Portugal,2022-06-24,PRT,EURO,348,0,0,20,0,0
Spain,2022-06-24,ESP,EURO,736,0,0,216,0,0
Italy,2022-06-25,ITA,EURO,127,0,0,42,0,0
Luxembourg,2022-06-25,LUX,EURO,3,0,0,2,0,0
Benin,2022-06-26,BEN,AFRO,3,0,0,3,0,0
Cameroon,2022-06-26,CMR,AFRO,6,0,1,0,0,0
Central African Republic,2022-06-26,CAF,AFRO,18,0,0,0,0,0
Congo,2022-06-26,COG,AFRO,2,0,0,0,0,0
Ghana,2022-06-26,GHA,AFRO,23,0,0,1,0,0
Israel,2022-06-26,ISR,EURO,18,0,0,2,0,0
Liberia,2022-06-26,LBR,AFRO,0,0,0,0,0,0
Mozambique,2022-06-26,MOZ,AFRO,0,0,0,0,0,0
Nigeria,2022-06-26,NGA,AFRO,68,0,2,22,0,0
South Africa,2022-06-26,ZAF,AFRO,0,0,0,0,0,0
Argentina,2022-06-27,ARG,AMRO,6,0,0,2,0,0
Australia,2022-06-27,AUS,WPRO,10,0,0,1,0,0
Bahamas,2022-06-27,BHS,AMRO,1,0,0,0,0,0
Brazil,2022-06-27,BRA,AMRO,359,0,0,203,0,0
Canada,2022-06-27,CAN,AMRO,559,0,0,146,0,0
Chile,2022-06-27,CHL,AMRO,20,0,0,7,0,0
Colombia,2022-06-27,COL,AMRO,6,0,0,2,0,0
Denmark,2022-06-27,DNK,EURO,16,0,0,3,0,0
Dominican Republic,2022-06-27,DOM,AMRO,1,0,0,1,0,0
Ecuador,2022-06-27,ECU,AMRO,1,0,0,0,0,0
Germany,2022-06-27,DEU,EURO,765,0,0,89,0,0
Israel,2022-06-27,ISR,EURO,29,0,0,11,0,0
Mexico,2022-06-27,MEX,AMRO,41,0,0,10,0,0
Netherlands,2022-06-27,NLD,EURO,257,0,0,46,0,0
Panama,2022-06-27,PAN,AMRO,1,0,0,1,0,0
Peru,2022-06-27,PER,AMRO,40,0,1,27,0,0
Portugal,2022-06-27,PRT,EURO,365,0,0,17,0,0
Switzerland,2022-06-27,CHE,EURO,68,0,0,13,0,0
United States of America,2022-06-27,USA,AMRO,1440,0,0,715,0,0
Venezuela (Bolivarian Republic of),2022-06-27,VEN,AMRO,1,0,0,0,0,0
Belgium,2022-06-28,BEL,EURO,117,0,0,40,-1,0
Estonia,2022-06-28,EST,EURO,1,0,0,1,0,0
France,2022-06-28,FRA,EURO,440,0,0,110,0,0
Germany,2022-06-28,DEU,EURO,838,0,0,73,0,0
Israel,2022-06-28,ISR,EURO,33,0,0,4,0,0
Italy,2022-06-28,ITA,EURO,159,0,0,32,0,0
Portugal,2022-06-28,PRT,EURO,373,0,0,8,0,0
Romania,2022-06-28,ROU,EURO,9,0,0,3,0,0
Spain,2022-06-28,ESP,EURO,800,0,0,64,0,0
Switzerland,2022-06-28,CHE,EURO,72,0,0,4,0,0
The United Kingdom,2022-06-28,GBR,EURO,1076,0,0,166,0,0
Australia,2022-06-29,AUS,WPRO,12,0,0,2,0,0
Czechia,2022-06-29,CZE,EURO,8,0,0,1,0,0
Denmark,2022-06-29,DNK,EURO,18,0,0,2,0,0
Germany,2022-06-29,DEU,EURO,874,0,0,36,0,0
Hungary,2022-06-29,HUN,EURO,19,0,0,7,0,0
Iceland,2022-06-29,ISL,EURO,4,0,0,1,0,0
Ireland,2022-06-29,IRL,EURO,31,0,0,3,0,0
Israel,2022-06-29,ISR,EURO,38,0,0,5,0,0
Malta,2022-06-29,MLT,EURO,6,0,0,4,0,0
Norway,2022-06-29,NOR,EURO,15,0,0,11,0,0
Poland,2022-06-29,POL,EURO,10,0,0,3,0,0
Portugal,2022-06-29,PRT,EURO,391,0,0,18,0,0
Romania,2022-06-29,ROU,EURO,11,0,0,2,0,0
Switzerland,2022-06-29,CHE,EURO,81,0,0,9,0,0
Bulgaria,2022-06-30,BGR,EURO,3,0,0,1,0,0
Denmark,2022-06-30,DNK,EURO,20,0,0,2,0,0
France,2022-06-30,FRA,EURO,498,0,0,58,0,0
Germany,2022-06-30,DEU,EURO,969,0,0,95,0,0
Hungary,2022-06-30,HUN,EURO,18,0,0,-1,0,0
Ireland,2022-06-30,IRL,EURO,39,0,0,8,0,0
Israel,2022-06-30,ISR,EURO,42,0,0,4,0,0
Portugal,2022-06-30,PRT,EURO,402,0,0,11,0,0
Sweden,2022-06-30,SWE,EURO,28,0,0,15,0,0
Switzerland,2022-06-30,CHE,EURO,83,0,0,2,0,0
The United Kingdom,2022-06-30,GBR,EURO,1235,0,0,159,0,0
Türkiye,2022-06-30,TUR,EURO,1,0,0,1,0,0
Austria,2022-07-01,AUT,EURO,37,0,0,17,0,0
Germany,2022-07-01,DEU,EURO,1054,0,0,85,0,0
Italy,2022-07-01,ITA,EURO,192,0,0,33,0,0
Netherlands,2022-07-01,NLD,EURO,288,0,0,31,0,0
Portugal,2022-07-01,PRT,EURO,415,0,0,13,0,0
Switzerland,2022-07-01,CHE,EURO,91,0,0,8,0,0
Switzerland,2022-07-02,CHE,EURO,115,0,0,24,0,0
Benin,2022-07-03,BEN,AFRO,3,0,0,0,0,0
Cameroon,2022-07-03,CMR,AFRO,8,0,1,2,0,0
Central African Republic,2022-07-03,CAF,AFRO,18,0,0,0,0,0
Congo,2022-07-03,COG,AFRO,2,0,0,0,0,0
Ghana,2022-07-03,GHA,AFRO,29,0,0,6,0,0
Israel,2022-07-03,ISR,EURO,50,0,0,8,0,0
Liberia,2022-07-03,LBR,AFRO,0,0,0,0,0,0
Nigeria,2022-07-03,NGA,AFRO,89,0,3,21,0,1
South Africa,2022-07-03,ZAF,AFRO,1,0,0,1,0,0
Argentina,2022-07-04,ARG,AMRO,10,0,0,4,0,0
Australia,2022-07-04,AUS,WPRO,15,0,0,3,0,0
Bahamas,2022-07-04,BHS,AMRO,1,0,0,0,0,0
Brazil,2022-07-04,BRA,AMRO,692,0,0,333,0,0
Canada,2022-07-04,CAN,AMRO,690,0,0,131,0,0
Chile,2022-07-04,CHL,AMRO,30,0,0,10,0,0
Colombia,2022-07-04,COL,AMRO,10,0,0,4,0,0
Denmark,2022-07-04,DNK,EURO,23,0,0,3,0,0
Dominican Republic,2022-07-04,DOM,AMRO,1,0,0,0,0,0
Ecuador,2022-07-04,ECU,AMRO,3,0,0,2,0,0
Finland,2022-07-04,FIN,EURO,10,0,0,6,0,0
Germany,2022-07-04,DEU,EURO,1141,0,0,87,0,0
Greece,2022-07-04,GRC,EURO,6,0,0,3,0,0
Israel,2022-07-04,ISR,EURO,52,0,0,2,0,0
Jamaica,2022-07-04,JAM,AMRO,1,0,0,1,0,0
Mexico,2022-07-04,MEX,AMRO,59,0,0,18,0,0
Netherlands,2022-07-04,NLD,EURO,352,0,0,64,0,0
Panama,2022-07-04,PAN,AMRO,1,0,0,0,0,0
Peru,2022-07-04,PER,AMRO,106,0,3,66,0,2
Slovenia,2022-07-04,SVN,EURO,12,0,0,3,0,0
United States of America,2022-07-04,USA,AMRO,2717,0,1,1277,0,1
Venezuela (Bolivarian Republic of),2022-07-04,VEN,AMRO,1,0,0,0,0,0
Belgium,2022-07-05,BEL,EURO,168,0,0,51,0,0
Denmark,2022-07-05,DNK,EURO,24,0,0,1,0,0
Estonia,2022-07-05,EST,EURO,2,0,0,1,0,0
France,2022-07-05,FRA,EURO,577,0,0,79,0,0
Germany,2022-07-05,DEU,EURO,1242,0,0,101,0,0
Hungary,2022-07-05,HUN,EURO,22,0,0,4,0,0
Ireland,2022-07-05,IRL,EURO,44,0,0,5,0,0
Italy,2022-07-05,ITA,EURO,233,0,0,41,0,0
Luxembourg,2022-07-05,LUX,EURO,7,0,0,4,0,0
Malta,2022-07-05,MLT,EURO,8,0,0,2,0,0
Norway,2022-07-05,NOR,EURO,19,0,0,4,0,0
Poland,2022-07-05,POL,EURO,13,0,0,3,0,0
Romania,2022-07-05,ROU,EURO,12,0,0,1,0,0
Spain,2022-07-05,ESP,EURO,1256,0,0,456,0,0
Switzerland,2022-07-05,CHE,EURO,121,0,0,6,0,0
Australia,2022-07-06,AUS,WPRO,17,0,0,2,0,0
Belgium,2022-07-06,BEL,EURO,169,0,0,1,0,0
Denmark,2022-07-06,DNK,EURO,26,0,0,2,0,0
Germany,2022-07-06,DEU,EURO,1304,0,0,62,0,0
Greece,2022-07-06,GRC,EURO,9,0,0,3,0,0
Israel,2022-07-06,ISR,EURO,55,0,0,3,0,0
Malta,2022-07-06,MLT,EURO,9,0,0,1,0,0
Spain,2022-07-06,ESP,EURO,1477,0,0,221,0,0
Sweden,2022-07-06,SWE,EURO,34,0,0,6,0,0
The United Kingdom,2022-07-06,GBR,EURO,1351,0,0,116,0,0
Australia,2022-07-07,AUS,WPRO,20,0,0,3,0,0
Finland,2022-07-07,FIN,EURO,13,0,0,3,0,0
Germany,2022-07-07,DEU,EURO,1385,0,0,81,0,0
Greece,2022-07-07,GRC,EURO,11,0,0,2,0,0
Iceland,2022-07-07,ISL,EURO,6,0,0,2,0,0
Israel,2022-07-07,ISR,EURO,59,0,0,4,0,0
Netherlands,2022-07-07,NLD,EURO,402,0,0,50,0,0
Singapore,2022-07-07,SGP,WPRO,2,0,0,1,0,0
Slovakia,2022-07-07,SVK,EURO,1,0,0,1,0,0
Slovenia,2022-07-07,SVN,EURO,14,0,0,2,0,0
Sweden,2022-07-07,SWE,EURO,43,0,0,9,0,0
Switzerland,2022-07-07,CHE,EURO,131,0,0,10,0,0
Mozambique,2022-07-08,MOZ,AFRO,0,0,0,0,0,0
Australia,2022-07-10,AUS,WPRO,23,0,0,3,0,0
Austria,2022-07-10,AUT,EURO,62,0,0,25,0,0
Benin,2022-07-10,BEN,AFRO,3,0,0,0,0,0
Cameroon,2022-07-10,CMR,AFRO,8,0,1,0,0,0
Central African Republic,2022-07-10,CAF,AFRO,18,0,0,0,0,0
Congo,2022-07-10,COG,AFRO,2,0,0,0,0,0
Czechia,2022-07-10,CZE,EURO,10,0,0,2,0,0
Denmark,2022-07-10,DNK,EURO,28,0,0,2,0,0
France,2022-07-10,FRA,EURO,721,0,0,144,0,0
Germany,2022-07-10,DEU,EURO,1490,0,0,105,0,0
Ghana,2022-07-10,GHA,AFRO,34,0,0,5,0,0
Greece,2022-07-10,GRC,EURO,12,0,0,1,0,0
Hungary,2022-07-10,HUN,EURO,24,0,0,2,0,0
Israel,2022-07-10,ISR,EURO,61,0,0,2,0,0
Italy,2022-07-10,ITA,EURO,255,0,0,22,0,0
Liberia,2022-07-10,LBR,AFRO,0,0,0,0,0,0
Nigeria,2022-07-10,NGA,AFRO,106,0,3,17,0,0
Poland,2022-07-10,POL,EURO,19,0,0,6,0,0
Portugal,2022-07-10,PRT,EURO,473,0,0,58,0,0
Romania,2022-07-10,ROU,EURO,14,0,0,2,0,0
Slovenia,2022-07-10,SVN,EURO,18,0,0,4,0,0
South Africa,2022-07-10,ZAF,AFRO,1,0,0,0,0,0
Spain,2022-07-10,ESP,EURO,2034,0,0,557,0,0
Switzerland,2022-07-10,CHE,EURO,140,0,0,9,0,0
The United Kingdom,2022-07-10,GBR,EURO,1552,0,0,201,0,0
Argentina,2022-07-11,ARG,AMRO,16,0,0,6,0,0
Austria,2022-07-11,AUT,EURO,62,0,0,0,0,0
Bahamas,2022-07-11,BHS,AMRO,1,0,0,0,0,0
Belgium,2022-07-11,BEL,EURO,169,0,0,0,0,0
Brazil,2022-07-11,BRA,AMRO,1224,0,0,532,0,0
Bulgaria,2022-07-11,BGR,EURO,3,0,0,0,0,0
Canada,2022-07-11,CAN,AMRO,823,0,0,133,0,0
Chile,2022-07-11,CHL,AMRO,51,0,0,21,0,0
Colombia,2022-07-11,COL,AMRO,15,0,0,5,0,0
Costa Rica,2022-07-11,CRI,AMRO,1,0,0,1,0,0
Croatia,2022-07-11,HRV,EURO,1,0,0,0,0,0
Czechia,2022-07-11,CZE,EURO,10,0,0,0,0,0
Denmark,2022-07-11,DNK,EURO,29,0,0,1,0,0
Dominican Republic,2022-07-11,DOM,AMRO,3,0,0,2,0,0
Ecuador,2022-07-11,ECU,AMRO,5,0,0,2,0,0
Estonia,2022-07-11,EST,EURO,2,0,0,0,0,0
Finland,2022-07-11,FIN,EURO,13,0,0,0,0,0
France,2022-07-11,FRA,EURO,721,0,0,0,0,0
Georgia,2022-07-11,GEO,EURO,1,0,0,0,0,0
Germany,2022-07-11,DEU,EURO,1556,0,0,66,0,0
Gibraltar,2022-07-11,GIB,EURO,1,0,0,0,0,0
Greece,2022-07-11,GRC,EURO,12,0,0,0,0,0
Guatemala,2022-07-11,GTM,AMRO,1,0,0,1,0,0
Hungary,2022-07-11,HUN,EURO,24,0,0,0,0,0
Iceland,2022-07-11,ISL,EURO,6,0,0,0,0,0
Ireland,2022-07-11,IRL,EURO,44,0,0,0,0,0
Israel,2022-07-11,ISR,EURO,66,0,0,5,0,0
Italy,2022-07-11,ITA,EURO,255,0,0,0,0,0
Jamaica,2022-07-11,JAM,AMRO,1,0,0,0,0,0
Latvia,2022-07-11,LVA,EURO,2,0,0,0,0,0
Luxembourg,2022-07-11,LUX,EURO,6,0,0,-1,0,0
Malta,2022-07-11,MLT,EURO,9,0,0,0,0,0
Mexico,2022-07-11,MEX,AMRO,85,0,1,26,0,1
Netherlands,2022-07-11,NLD,EURO,503,0,0,101,0,0
New Zealand,2022-07-11,NZL,WPRO,2,0,0,2,0,0
Norway,2022-07-11,NOR,EURO,19,0,0,0,0,0
Panama,2022-07-11,PAN,AMRO,1,0,0,0,0,0
Peru,2022-07-11,PER,AMRO,220,0,4,114,0,1
Poland,2022-07-11,POL,EURO,19,0,0,0,0,0
Portugal,2022-07-11,PRT,EURO,473,0,0,0,0,0
Romania,2022-07-11,ROU,EURO,14,0,0,0,0,0
Serbia,2022-07-11,SRB,EURO,1,0,0,0,0,0
Singapore,2022-07-11,SGP,WPRO,4,0,0,2,0,0
Slovakia,2022-07-11,SVK,EURO,1,0,0,0,0,0
Slovenia,2022-07-11,SVN,EURO,18,0,0,0,0,0
Spain,2022-07-11,ESP,EURO,2034,0,0,0,0,0
Sweden,2022-07-11,SWE,EURO,43,0,0,0,0,0
Switzerland,2022-07-11,CHE,EURO,140,0,0,0,0,0
The United Kingdom,2022-07-11,GBR,EURO,1552,0,0,0,0,0
Türkiye,2022-07-11,TUR,EURO,1,0,0,0,0,0
United States of America,2022-07-11,USA,AMRO,4718,0,2,2001,0,1
Venezuela (Bolivarian Republic of),2022-07-11,VEN,AMRO,1,0,0,0,0,0
Australia,2022-07-12,AUS,WPRO,28,0,0,5,0,0
Austria,2022-07-12,AUT,EURO,63,0,0,1,0,0
Belgium,2022-07-12,BEL,EURO,225,0,0,56,0,0
Bulgaria,2022-07-12,BGR,EURO,3,0,0,0,0,0
China,2022-07-12,CHN,WPRO,2,0,0,1,0,0
Croatia,2022-07-12,HRV,EURO,3,0,0,2,0,0
Czechia,2022-07-12,CZE,EURO,10,0,0,0,0,0
Denmark,2022-07-12,DNK,EURO,30,0,0,1,0,0
Estonia,2022-07-12,EST,EURO,2,0,0,0,0,0
Finland,2022-07-12,FIN,EURO,13,0,0,0,0,0
France,2022-07-12,FRA,EURO,721,0,0,0,0,0
Georgia,2022-07-12,GEO,EURO,1,0,0,0,0,0
Germany,2022-07-12,DEU,EURO,1636,0,0,80,0,0
Gibraltar,2022-07-12,GIB,EURO,4,0,0,3,0,0
Greece,2022-07-12,GRC,EURO,12,0,0,0,0,0
Hungary,2022-07-12,HUN,EURO,28,0,0,4,0,0
Iceland,2022-07-12,ISL,EURO,6,0,0,0,0,0
Ireland,2022-07-12,IRL,EURO,54,0,0,10,0,0
Israel,2022-07-12,ISR,EURO,73,0,0,7,0,0
Italy,2022-07-12,ITA,EURO,292,0,0,37,0,0
Latvia,2022-07-12,LVA,EURO,2,0,0,0,0,0
Luxembourg,2022-07-12,LUX,EURO,6,0,0,0,0,0
Malta,2022-07-12,MLT,EURO,9,0,0,0,0,0
Netherlands,2022-07-12,NLD,EURO,503,0,0,0,0,0
New Caledonia,2022-07-12,NCL,WPRO,1,0,0,1,0,0
Norway,2022-07-12,NOR,EURO,30,0,0,11,0,0
Poland,2022-07-12,POL,EURO,21,0,0,2,0,0
Portugal,2022-07-12,PRT,EURO,473,0,0,0,0,0
Romania,2022-07-12,ROU,EURO,14,0,0,0,0,0
Russian Federation,2022-07-12,RUS,EURO,1,0,0,1,0,0
Serbia,2022-07-12,SRB,EURO,1,0,0,0,0,0
Slovakia,2022-07-12,SVK,EURO,1,0,0,0,0,0
Slovenia,2022-07-12,SVN,EURO,18,0,0,0,0,0
Spain,2022-07-12,ESP,EURO,2034,0,0,0,0,0
Sweden,2022-07-12,SWE,EURO,49,0,0,6,0,0
Switzerland,2022-07-12,CHE,EURO,163,0,0,23,0,0
The United Kingdom,2022-07-12,GBR,EURO,1735,0,0,183,0,0
Türkiye,2022-07-12,TUR,EURO,1,0,0,0,0,0
Austria,2022-07-13,AUT,EURO,63,0,0,0,0,0
Belgium,2022-07-13,BEL,EURO,225,0,0,0,0,0
Bulgaria,2022-07-13,BGR,EURO,3,0,0,0,0,0
Croatia,2022-07-13,HRV,EURO,3,0,0,0,0,0
Czechia,2022-07-13,CZE,EURO,11,0,0,1,0,0
Denmark,2022-07-13,DNK,EURO,32,0,0,2,0,0
Estonia,2022-07-13,EST,EURO,2,0,0,0,0,0
Finland,2022-07-13,FIN,EURO,13,0,0,0,0,0
France,2022-07-13,FRA,EURO,721,0,0,0,0,0
Georgia,2022-07-13,GEO,EURO,1,0,0,0,0,0
Germany,2022-07-13,DEU,EURO,1694,0,0,58,0,0
Gibraltar,2022-07-13,GIB,EURO,4,0,0,0,0,0
Greece,2022-07-13,GRC,EURO,12,0,0,0,0,0
Hungary,2022-07-13,HUN,EURO,28,0,0,0,0,0
Iceland,2022-07-13,ISL,EURO,6,0,0,0,0,0
Ireland,2022-07-13,IRL,EURO,54,0,0,0,0,0
Israel,2022-07-13,ISR,EURO,73,0,0,0,0,0
Italy,2022-07-13,ITA,EURO,292,0,0,0,0,0
Latvia,2022-07-13,LVA,EURO,2,0,0,0,0,0
Luxembourg,2022-07-13,LUX,EURO,6,0,0,0,0,0
Malta,2022-07-13,MLT,EURO,9,0,0,0,0,0
Netherlands,2022-07-13,NLD,EURO,503,0,0,0,0,0
Norway,2022-07-13,NOR,EURO,33,0,0,3,0,0
Poland,2022-07-13,POL,EURO,21,0,0,0,0,0
Portugal,2022-07-13,PRT,EURO,473,0,0,0,0,0
Romania,2022-07-13,ROU,EURO,15,0,0,1,0,0
Russian Federation,2022-07-13,RUS,EURO,1,0,0,0,0,0
Serbia,2022-07-13,SRB,EURO,1,0,0,0,0,0
Singapore,2022-07-13,SGP,WPRO,5,0,0,1,0,0
Slovakia,2022-07-13,SVK,EURO,1,0,0,0,0,0
Slovenia,2022-07-13,SVN,EURO,18,0,0,0,0,0
Spain,2022-07-13,ESP,EURO,2447,0,0,413,0,0
Sweden,2022-07-13,SWE,EURO,49,0,0,0,0,0
Switzerland,2022-07-13,CHE,EURO,165,0,0,2,0,0
The United Kingdom,2022-07-13,GBR,EURO,1735,0,0,0,0,0
Türkiye,2022-07-13,TUR,EURO,1,0,0,0,0,0
Australia,2022-07-14,AUS,WPRO,33,0,0,5,0,0
Austria,2022-07-14,AUT,EURO,69,0,0,6,0,0
Belgium,2022-07-14,BEL,EURO,225,0,0,0,0,0
Bosnia and Herzegovina,2022-07-14,BIH,EURO,0,0,0,0,0,0
Bulgaria,2022-07-14,BGR,EURO,3,0,0,0,0,0
Croatia,2022-07-14,HRV,EURO,3,0,0,0,0,0
Czechia,2022-07-14,CZE,EURO,11,0,0,0,0,0
Denmark,2022-07-14,DNK,EURO,33,0,0,1,0,0
Estonia,2022-07-14,EST,EURO,2,0,0,0,0,0
Finland,2022-07-14,FIN,EURO,13,0,0,0,0,0
France,2022-07-14,FRA,EURO,912,0,0,191,0,0
Georgia,2022-07-14,GEO,EURO,1,0,0,0,0,0
Germany,2022-07-14,DEU,EURO,1694,0,0,0,0,0
Gibraltar,2022-07-14,GIB,EURO,5,0,0,1,0,0
Greece,2022-07-14,GRC,EURO,13,0,0,1,0,0
Hungary,2022-07-14,HUN,EURO,28,0,0,0,0,0
Iceland,2022-07-14,ISL,EURO,7,0,0,1,0,0
India,2022-07-14,IND,SEARO,1,0,0,1,0,0
Ireland,2022-07-14,IRL,EURO,54,0,0,0,0,0
Israel,2022-07-14,ISR,EURO,80,0,0,7,0,0
Italy,2022-07-14,ITA,EURO,292,0,0,0,0,0
Latvia,2022-07-14,LVA,EURO,2,0,0,0,0,0
Luxembourg,2022-07-14,LUX,EURO,6,0,0,0,0,0
Malta,2022-07-14,MLT,EURO,9,0,0,0,0,0
Netherlands,2022-07-14,NLD,EURO,503,0,0,0,0,0
Norway,2022-07-14,NOR,EURO,34,0,0,1,0,0
Poland,2022-07-14,POL,EURO,22,0,0,1,0,0
Portugal,2022-07-14,PRT,EURO,473,0,0,0,0,0
Romania,2022-07-14,ROU,EURO,16,0,0,1,0,0
Russian Federation,2022-07-14,RUS,EURO,1,0,0,0,0,0
Saudi Arabia,2022-07-14,SAU,EMRO,1,0,0,1,0,0
Serbia,2022-07-14,SRB,EURO,5,0,0,4,0,0
Singapore,2022-07-14,SGP,WPRO,6,0,0,1,0,0
Slovakia,2022-07-14,SVK,EURO,1,0,0,0,0,0
Slovenia,2022-07-14,SVN,EURO,19,0,0,1,0,0
Spain,2022-07-14,ESP,EURO,2447,0,0,0,0,0
Sweden,2022-07-14,SWE,EURO,49,0,0,0,0,0
Switzerland,2022-07-14,CHE,EURO,181,0,0,16,0,0
The United Kingdom,2022-07-14,GBR,EURO,1735,0,0,0,0,0
Türkiye,2022-07-14,TUR,EURO,1,0,0,0,0,0
Austria,2022-07-15,AUT,EURO,74,0,0,5,0,0
Belgium,2022-07-15,BEL,EURO,225,0,0,0,0,0
Bosnia and Herzegovina,2022-07-15,BIH,EURO,0,0,0,0,0,0
Bulgaria,2022-07-15,BGR,EURO,3,0,0,0,0,0
Croatia,2022-07-15,HRV,EURO,3,0,0,0,0,0
Czechia,2022-07-15,CZE,EURO,11,0,0,0,0,0
Denmark,2022-07-15,DNK,EURO,33,0,0,0,0,0
Estonia,2022-07-15,EST,EURO,2,0,0,0,0,0
Finland,2022-07-15,FIN,EURO,13,0,0,0,0,0
France,2022-07-15,FRA,EURO,912,0,0,0,0,0
Georgia,2022-07-15,GEO,EURO,1,0,0,0,0,0
Germany,2022-07-15,DEU,EURO,1790,0,0,96,0,0
Gibraltar,2022-07-15,GIB,EURO,5,0,0,0,0,0
Greece,2022-07-15,GRC,EURO,13,0,0,0,0,0
Hungary,2022-07-15,HUN,EURO,28,0,0,0,0,0
Iceland,2022-07-15,ISL,EURO,7,0,0,0,0,0
Ireland,2022-07-15,IRL,EURO,54,0,0,0,0,0
Israel,2022-07-15,ISR,EURO,80,0,0,0,0,0
Italy,2022-07-15,ITA,EURO,292,0,0,0,0,0
Latvia,2022-07-15,LVA,EURO,2,0,0,0,0,0
Luxembourg,2022-07-15,LUX,EURO,8,0,0,2,0,0
Malta,2022-07-15,MLT,EURO,9,0,0,0,0,0
Netherlands,2022-07-15,NLD,EURO,549,0,0,46,0,0
Norway,2022-07-15,NOR,EURO,35,0,0,1,0,0
Poland,2022-07-15,POL,EURO,22,0,0,0,0,0
Portugal,2022-07-15,PRT,EURO,515,0,0,42,0,0
Romania,2022-07-15,ROU,EURO,16,0,0,0,0,0
Russian Federation,2022-07-15,RUS,EURO,1,0,0,0,0,0
Serbia,2022-07-15,SRB,EURO,5,0,0,0,0,0
Slovakia,2022-07-15,SVK,EURO,2,0,0,1,0,0
Slovenia,2022-07-15,SVN,EURO,20,0,0,1,0,0
Spain,2022-07-15,ESP,EURO,2447,0,0,0,0,0
Sweden,2022-07-15,SWE,EURO,58,0,0,9,0,0
Switzerland,2022-07-15,CHE,EURO,189,0,0,8,0,0
The United Kingdom,2022-07-15,GBR,EURO,1735,0,0,0,0,0
Türkiye,2022-07-15,TUR,EURO,1,0,0,0,0,0
Benin,2022-07-17,BEN,AFRO,3,0,0,0,0,0
Cameroon,2022-07-17,CMR,AFRO,8,0,1,0,0,0
Central African Republic,2022-07-17,CAF,AFRO,20,0,0,2,0,0
Congo,2022-07-17,COG,AFRO,2,0,0,0,0,0
Ghana,2022-07-17,GHA,AFRO,36,0,0,2,0,0
Liberia,2022-07-17,LBR,AFRO,0,0,0,0,0,0
Mozambique,2022-07-17,MOZ,AFRO,0,0,0,0,0,0
Nigeria,2022-07-17,NGA,AFRO,123,0,3,17,0,0
South Africa,2022-07-17,ZAF,AFRO,2,0,0,1,0,0
Argentina,2022-07-18,ARG,AMRO,24,0,0,8,0,0
Austria,2022-07-18,AUT,EURO,83,0,0,9,0,0
Bahamas,2022-07-18,BHS,AMRO,1,0,0,0,0,0
Barbados,2022-07-18,BRB,AMRO,1,0,0,1,0,0
Belgium,2022-07-18,BEL,EURO,225,0,0,0,0,0
Bermuda,2022-07-18,BMU,AMRO,1,0,0,1,0,0
Bosnia and Herzegovina,2022-07-18,BIH,EURO,0,0,0,0,0,0
Brazil,2022-07-18,BRA,AMRO,2022,0,0,798,0,0
Bulgaria,2022-07-18,BGR,EURO,3,0,0,0,0,0
Canada,2022-07-18,CAN,AMRO,957,0,0,134,0,0
Chile,2022-07-18,CHL,AMRO,70,0,0,19,0,0
Colombia,2022-07-18,COL,AMRO,33,0,0,18,0,0
Costa Rica,2022-07-18,CRI,AMRO,3,0,0,2,0,0
Croatia,2022-07-18,HRV,EURO,3,0,0,0,0,0
Czechia,2022-07-18,CZE,EURO,11,0,0,0,0,0
Denmark,2022-07-18,DNK,EURO,43,0,0,10,0,0
Dominican Republic,2022-07-18,DOM,AMRO,3,0,0,0,0,0
Ecuador,2022-07-18,ECU,AMRO,7,0,0,2,0,0
Estonia,2022-07-18,EST,EURO,2,0,0,0,0,0
Finland,2022-07-18,FIN,EURO,13,0,0,0,0,0
France,2022-07-18,FRA,EURO,912,0,0,0,0,0
Georgia,2022-07-18,GEO,EURO,1,0,0,0,0,0
Germany,2022-07-18,DEU,EURO,1859,0,0,69,0,0
Gibraltar,2022-07-18,GIB,EURO,5,0,0,0,0,0
Greece,2022-07-18,GRC,EURO,13,0,0,0,0,0
Guatemala,2022-07-18,GTM,AMRO,2,0,0,1,0,0
Hungary,2022-07-18,HUN,EURO,30,0,0,2,0,0
Iceland,2022-07-18,ISL,EURO,7,0,0,0,0,0
Ireland,2022-07-18,IRL,EURO,54,0,0,0,0,0
Israel,2022-07-18,ISR,EURO,96,0,0,16,0,0
Italy,2022-07-18,ITA,EURO,339,0,0,47,0,0
Jamaica,2022-07-18,JAM,AMRO,2,0,0,1,0,0
Latvia,2022-07-18,LVA,EURO,2,0,0,0,0,0
Luxembourg,2022-07-18,LUX,EURO,8,0,0,0,0,0
Malta,2022-07-18,MLT,EURO,9,0,0,0,0,0
Martinique,2022-07-18,MTQ,AMRO,1,0,0,1,0,0
Mexico,2022-07-18,MEX,AMRO,142,0,1,57,0,0
Netherlands,2022-07-18,NLD,EURO,549,0,0,0,0,0
Norway,2022-07-18,NOR,EURO,38,0,0,3,0,0
Panama,2022-07-18,PAN,AMRO,1,0,0,0,0,0
Peru,2022-07-18,PER,AMRO,358,0,4,138,0,0
Poland,2022-07-18,POL,EURO,28,0,0,6,0,0
Portugal,2022-07-18,PRT,EURO,515,0,0,0,0,0
Romania,2022-07-18,ROU,EURO,18,0,0,2,0,0
Russian Federation,2022-07-18,RUS,EURO,1,0,0,0,0,0
Serbia,2022-07-18,SRB,EURO,5,0,0,0,0,0
Slovakia,2022-07-18,SVK,EURO,2,0,0,0,0,0
Slovenia,2022-07-18,SVN,EURO,24,0,0,4,0,0
Spain,2022-07-18,ESP,EURO,2835,0,0,388,0,0
Sweden,2022-07-18,SWE,EURO,58,0,0,0,0,0
Switzerland,2022-07-18,CHE,EURO,198,0,0,9,0,0
The United Kingdom,2022-07-18,GBR,EURO,1856,0,0,121,0,0
Türkiye,2022-07-18,TUR,EURO,1,0,0,0,0,0
United States of America,2022-07-18,USA,AMRO,7093,0,2,2375,0,0
Uruguay,2022-07-18,URY,AMRO,1,0,0,1,0,0
Venezuela (Bolivarian Republic of),2022-07-18,VEN,AMRO,1,0,0,0,0,0
Australia,2022-07-19,AUS,WPRO,41,0,0,8,0,0
Austria,2022-07-19,AUT,EURO,88,0,0,5,0,0
Belgium,2022-07-19,BEL,EURO,312,0,0,87,0,0
Bosnia and Herzegovina,2022-07-19,BIH,EURO,1,0,0,1,0,0
Bulgaria,2022-07-19,BGR,EURO,3,0,0,0,0,0
Croatia,2022-07-19,HRV,EURO,6,0,0,3,0,0
Czechia,2022-07-19,CZE,EURO,14,0,0,3,0,0
Denmark,2022-07-19,DNK,EURO,43,0,0,0,0,0
Estonia,2022-07-19,EST,EURO,4,0,0,2,0,0
Finland,2022-07-19,FIN,EURO,13,0,0,0,0,0
France,2022-07-19,FRA,EURO,912,0,0,0,0,0
Georgia,2022-07-19,GEO,EURO,1,0,0,0,0,0
Germany,2022-07-19,DEU,EURO,2033,0,0,174,0,0
Gibraltar,2022-07-19,GIB,EURO,5,0,0,0,0,0
Greece,2022-07-19,GRC,EURO,18,0,0,5,0,0
Hungary,2022-07-19,HUN,EURO,32,0,0,2,0,0
Iceland,2022-07-19,ISL,EURO,7,0,0,0,0,0
India,2022-07-19,IND,SEARO,2,0,0,1,0,0
Ireland,2022-07-19,IRL,EURO,69,0,0,15,0,0
Israel,2022-07-19,ISR,EURO,102,0,0,6,0,0
Italy,2022-07-19,ITA,EURO,374,0,0,35,0,0
Latvia,2022-07-19,LVA,EURO,2,0,0,0,0,0
Luxembourg,2022-07-19,LUX,EURO,10,0,0,2,0,0
Malta,2022-07-19,MLT,EURO,17,0,0,8,0,0
Netherlands,2022-07-19,NLD,EURO,656,0,0,107,0,0
Norway,2022-07-19,NOR,EURO,44,0,0,6,0,0
Poland,2022-07-19,POL,EURO,40,0,0,12,0,0
Portugal,2022-07-19,PRT,EURO,515,0,0,0,0,0
Romania,2022-07-19,ROU,EURO,19,0,0,1,0,0
Russian Federation,2022-07-19,RUS,EURO,1,0,0,0,0,0
Saudi Arabia,2022-07-19,SAU,EMRO,2,0,0,1,0,0
Serbia,2022-07-19,SRB,EURO,5,0,0,0,0,0
Slovakia,2022-07-19,SVK,EURO,2,0,0,0,0,0
Slovenia,2022-07-19,SVN,EURO,26,0,0,2,0,0
Spain,2022-07-19,ESP,EURO,2835,0,0,0,0,0
Sweden,2022-07-19,SWE,EURO,71,0,0,13,0,0
Switzerland,2022-07-19,CHE,EURO,208,0,0,10,0,0
The United Kingdom,2022-07-19,GBR,EURO,2115,0,0,259,0,0
Türkiye,2022-07-19,TUR,EURO,1,0,0,0,0,0
Austria,2022-07-20,AUT,EURO,88,0,0,0,0,0
Belgium,2022-07-20,BEL,EURO,312,0,0,0,0,0
Bosnia and Herzegovina,2022-07-20,BIH,EURO,1,0,0,0,0,0
Bulgaria,2022-07-20,BGR,EURO,3,0,0,0,0,0
Croatia,2022-07-20,HRV,EURO,7,0,0,1,0,0
Czechia,2022-07-20,CZE,EURO,14,0,0,0,0,0
Denmark,2022-07-20,DNK,EURO,46,0,0,3,0,0
Estonia,2022-07-20,EST,EURO,4,0,0,0,0,0
Finland,2022-07-20,FIN,EURO,13,0,0,0,0,0
France,2022-07-20,FRA,EURO,912,0,0,0,0,0
Georgia,2022-07-20,GEO,EURO,1,0,0,0,0,0
Germany,2022-07-20,DEU,EURO,2110,0,0,77,0,0
Gibraltar,2022-07-20,GIB,EURO,5,0,0,0,0,0
Greece,2022-07-20,GRC,EURO,18,0,0,0,0,0
Hungary,2022-07-20,HUN,EURO,32,0,0,0,0,0
Iceland,2022-07-20,ISL,EURO,7,0,0,0,0,0
Ireland,2022-07-20,IRL,EURO,69,0,0,0,0,0
Israel,2022-07-20,ISR,EURO,102,0,0,0,0,0
Italy,2022-07-20,ITA,EURO,374,0,0,0,0,0
Latvia,2022-07-20,LVA,EURO,2,0,0,0,0,0
Luxembourg,2022-07-20,LUX,EURO,10,0,0,0,0,0
Malta,2022-07-20,MLT,EURO,17,0,0,0,0,0
Netherlands,2022-07-20,NLD,EURO,656,0,0,0,0,0
Norway,2022-07-20,NOR,EURO,46,0,0,2,0,0
Poland,2022-07-20,POL,EURO,40,0,0,0,0,0
Portugal,2022-07-20,PRT,EURO,515,0,0,0,0,0
Romania,2022-07-20,ROU,EURO,19,0,0,0,0,0
Russian Federation,2022-07-20,RUS,EURO,1,0,0,0,0,0
Serbia,2022-07-20,SRB,EURO,5,0,0,0,0,0
Slovakia,2022-07-20,SVK,EURO,2,0,0,0,0,0
Slovenia,2022-07-20,SVN,EURO,26,0,0,0,0,0
Spain,2022-07-20,ESP,EURO,3125,0,0,290,0,0
Sweden,2022-07-20,SWE,EURO,71,0,0,0,0,0
Switzerland,2022-07-20,CHE,EURO,213,0,0,5,0,0
The United Kingdom,2022-07-20,GBR,EURO,2137,0,0,22,0,0
Türkiye,2022-07-20,TUR,EURO,1,0,0,0,0,0
Australia,2022-07-21,AUS,WPRO,42,0,0,1,0,0
Austria,2022-07-21,AUT,EURO,91,0,0,3,0,0
Belgium,2022-07-21,BEL,EURO,312,0,0,0,0,0
Bosnia and Herzegovina,2022-07-21,BIH,EURO,1,0,0,0,0,0
Bulgaria,2022-07-21,BGR,EURO,3,0,0,0,0,0
Croatia,2022-07-21,HRV,EURO,7,0,0,0,0,0
Czechia,2022-07-21,CZE,EURO,14,0,0,0,0,0
Denmark,2022-07-21,DNK,EURO,48,0,0,2,0,0
Estonia,2022-07-21,EST,EURO,4,0,0,0,0,0
Finland,2022-07-21,FIN,EURO,13,0,0,0,0,0
France,2022-07-21,FRA,EURO,1453,0,0,541,0,0
Georgia,2022-07-21,GEO,EURO,1,0,0,0,0,0
Germany,2022-07-21,DEU,EURO,2191,0,0,81,0,0
Gibraltar,2022-07-21,GIB,EURO,5,0,0,0,0,0
Greece,2022-07-21,GRC,EURO,19,0,0,1,0,0
Hungary,2022-07-21,HUN,EURO,32,0,0,0,0,0
Iceland,2022-07-21,ISL,EURO,9,0,0,2,0,0
Ireland,2022-07-21,IRL,EURO,69,0,0,0,0,0
Israel,2022-07-21,ISR,EURO,102,0,0,0,0,0
Italy,2022-07-21,ITA,EURO,374,0,0,0,0,0
Latvia,2022-07-21,LVA,EURO,2,0,0,0,0,0
Lebanon,2022-07-21,LBN,EMRO,4,0,0,3,0,0
Luxembourg,2022-07-21,LUX,EURO,10,0,0,0,0,0
Malta,2022-07-21,MLT,EURO,17,0,0,0,0,0
Netherlands,2022-07-21,NLD,EURO,656,0,0,0,0,0
Norway,2022-07-21,NOR,EURO,46,0,0,0,0,0
Poland,2022-07-21,POL,EURO,40,0,0,0,0,0
Portugal,2022-07-21,PRT,EURO,515,0,0,0,0,0
Qatar,2022-07-21,QAT,EMRO,1,0,0,1,0,0
Romania,2022-07-21,ROU,EURO,19,0,0,0,0,0
Russian Federation,2022-07-21,RUS,EURO,1,0,0,0,0,0
Serbia,2022-07-21,SRB,EURO,5,0,0,0,0,0
Slovakia,2022-07-21,SVK,EURO,2,0,0,0,0,0
Slovenia,2022-07-21,SVN,EURO,27,0,0,1,0,0
Spain,2022-07-21,ESP,EURO,3125,0,0,0,0,0
Sweden,2022-07-21,SWE,EURO,71,0,0,0,0,0
Switzerland,2022-07-21,CHE,EURO,216,0,0,3,0,0
Thailand,2022-07-21,THA,SEARO,1,0,0,1,0,0
The United Kingdom,2022-07-21,GBR,EURO,2137,0,0,0,0,0
Türkiye,2022-07-21,TUR,EURO,1,0,0,0,0,0
Austria,2022-07-22,AUT,EURO,91,0,0,0,0,0
Belgium,2022-07-22,BEL,EURO,312,0,0,0,0,0
Bosnia and Herzegovina,2022-07-22,BIH,EURO,1,0,0,0,0,0
Bulgaria,2022-07-22,BGR,EURO,3,0,0,0,0,0
Croatia,2022-07-22,HRV,EURO,8,0,0,1,0,0
Czechia,2022-07-22,CZE,EURO,14,0,0,0,0,0
Denmark,2022-07-22,DNK,EURO,51,0,0,3,0,0
Estonia,2022-07-22,EST,EURO,4,0,0,0,0,0
Finland,2022-07-22,FIN,EURO,13,0,0,0,0,0
France,2022-07-22,FRA,EURO,1453,0,0,0,0,0
Georgia,2022-07-22,GEO,EURO,1,0,0,0,0,0
Germany,2022-07-22,DEU,EURO,2268,0,0,77,0,0
Gibraltar,2022-07-22,GIB,EURO,5,0,0,0,0,0
Greece,2022-07-22,GRC,EURO,20,0,0,1,0,0
Hungary,2022-07-22,HUN,EURO,33,0,0,1,0,0
Iceland,2022-07-22,ISL,EURO,9,0,0,0,0,0
Ireland,2022-07-22,IRL,EURO,69,0,0,0,0,0
Israel,2022-07-22,ISR,EURO,105,0,0,3,0,0
Italy,2022-07-22,ITA,EURO,374,0,0,0,0,0
Latvia,2022-07-22,LVA,EURO,3,0,0,1,0,0
Luxembourg,2022-07-22,LUX,EURO,14,0,0,4,0,0
Malta,2022-07-22,MLT,EURO,17,0,0,0,0,0
Netherlands,2022-07-22,NLD,EURO,712,0,0,56,0,0
Norway,2022-07-22,NOR,EURO,46,0,0,0,0,0
Poland,2022-07-22,POL,EURO,40,0,0,0,0,0
Portugal,2022-07-22,PRT,EURO,588,0,0,73,0,0
Romania,2022-07-22,ROU,EURO,19,0,0,0,0,0
Russian Federation,2022-07-22,RUS,EURO,1,0,0,0,0,0
Serbia,2022-07-22,SRB,EURO,5,0,0,0,0,0
Slovakia,2022-07-22,SVK,EURO,3,0,0,1,0,0
Slovenia,2022-07-22,SVN,EURO,27,0,0,0,0,0
Spain,2022-07-22,ESP,EURO,3125,0,0,0,0,0
Sweden,2022-07-22,SWE,EURO,77,0,0,6,0,0
Switzerland,2022-07-22,CHE,EURO,216,0,0,0,0,0
The United Kingdom,2022-07-22,GBR,EURO,2137,0,0,0,0,0
Türkiye,2022-07-22,TUR,EURO,1,0,0,0,0,0
Australia,2022-07-24,AUS,WPRO,44,0,0,2,0,0
Benin,2022-07-24,BEN,AFRO,3,0,0,0,0,0
Cameroon,2022-07-24,CMR,AFRO,8,0,1,0,0,0
Central African Republic,2022-07-24,CAF,AFRO,20,0,0,0,0,0
Congo,2022-07-24,COG,AFRO,2,0,0,0,0,0
Ghana,2022-07-24,GHA,AFRO,38,0,0,2,0,0
Liberia,2022-07-24,LBR,AFRO,0,0,0,0,0,0
Mozambique,2022-07-24,MOZ,AFRO,0,0,0,0,0,0
Nigeria,2022-07-24,NGA,AFRO,138,0,3,15,0,0
Qatar,2022-07-24,QAT,EMRO,2,0,0,1,0,0
Singapore,2022-07-24,SGP,WPRO,8,0,0,2,0,0
South Africa,2022-07-24,ZAF,AFRO,2,0,0,0,0,0
United Arab Emirates,2022-07-24,ARE,EMRO,16,0,0,3,0,0
Andorra,2022-07-25,AND,EURO,2,0,0,2,0,0
Argentina,2022-07-25,ARG,AMRO,33,0,0,9,0,0
Austria,2022-07-25,AUT,EURO,99,0,0,8,0,0
Bahamas,2022-07-25,BHS,AMRO,1,0,0,0,0,0
Barbados,2022-07-25,BRB,AMRO,1,0,0,0,0,0
Belgium,2022-07-25,BEL,EURO,312,0,0,0,0,0
Bermuda,2022-07-25,BMU,AMRO,1,0,0,0,0,0
Bosnia and Herzegovina,2022-07-25,BIH,EURO,1,0,0,0,0,0
Brazil,2022-07-25,BRA,AMRO,2940,0,1,918,0,1
Bulgaria,2022-07-25,BGR,EURO,4,0,0,1,0,0
Canada,2022-07-25,CAN,AMRO,1046,0,0,89,0,0
Chile,2022-07-25,CHL,AMRO,116,0,0,46,0,0
Colombia,2022-07-25,COL,AMRO,63,0,0,30,0,0
Costa Rica,2022-07-25,CRI,AMRO,3,0,0,0,0,0
Croatia,2022-07-25,HRV,EURO,8,0,0,0,0,0
Czechia,2022-07-25,CZE,EURO,16,0,0,2,0,0
Denmark,2022-07-25,DNK,EURO,59,0,0,8,0,0
Dominican Republic,2022-07-25,DOM,AMRO,3,0,0,0,0,0
Ecuador,2022-07-25,ECU,AMRO,14,0,1,7,0,1
Estonia,2022-07-25,EST,EURO,4,0,0,0,0,0
Finland,2022-07-25,FIN,EURO,13,0,0,0,0,0
France,2022-07-25,FRA,EURO,1567,0,0,114,0,0
Georgia,2022-07-25,GEO,EURO,1,0,0,0,0,0
Germany,2022-07-25,DEU,EURO,2352,0,0,84,0,0
Gibraltar,2022-07-25,GIB,EURO,5,0,0,0,0,0
Greece,2022-07-25,GRC,EURO,21,0,0,1,0,0
Guatemala,2022-07-25,GTM,AMRO,3,0,0,1,0,0
Hungary,2022-07-25,HUN,EURO,33,0,0,0,0,0
Iceland,2022-07-25,ISL,EURO,9,0,0,0,0,0
India,2022-07-25,IND,SEARO,4,0,0,2,0,0
Ireland,2022-07-25,IRL,EURO,69,0,0,0,0,0
Israel,2022-07-25,ISR,EURO,114,0,0,9,0,0
Italy,2022-07-25,ITA,EURO,407,0,0,33,0,0
Jamaica,2022-07-25,JAM,AMRO,2,0,0,0,0,0
Japan,2022-07-25,JPN,WPRO,1,0,0,1,0,0
Latvia,2022-07-25,LVA,EURO,3,0,0,0,0,0
Luxembourg,2022-07-25,LUX,EURO,15,0,0,1,0,0
Malta,2022-07-25,MLT,EURO,17,0,0,0,0,0
Martinique,2022-07-25,MTQ,AMRO,1,0,0,0,0,0
Mexico,2022-07-25,MEX,AMRO,226,0,1,84,0,0
Netherlands,2022-07-25,NLD,EURO,712,0,0,0,0,0
Norway,2022-07-25,NOR,EURO,46,0,0,0,0,0
Panama,2022-07-25,PAN,AMRO,1,0,0,0,0,0
Peru,2022-07-25,PER,AMRO,581,0,5,223,0,1
Poland,2022-07-25,POL,EURO,48,0,0,8,0,0
Portugal,2022-07-25,PRT,EURO,588,0,0,0,0,0
Romania,2022-07-25,ROU,EURO,20,0,0,1,0,0
Russian Federation,2022-07-25,RUS,EURO,1,0,0,0,0,0
Serbia,2022-07-25,SRB,EURO,5,0,0,0,0,0
Singapore,2022-07-25,SGP,WPRO,9,0,0,1,0,0
Slovakia,2022-07-25,SVK,EURO,3,0,0,0,0,0
Slovenia,2022-07-25,SVN,EURO,28,0,0,1,0,0
Spain,2022-07-25,ESP,EURO,3151,0,0,26,0,0
Sweden,2022-07-25,SWE,EURO,79,0,0,2,0,0
Switzerland,2022-07-25,CHE,EURO,229,0,0,13,0,0
The United Kingdom,2022-07-25,GBR,EURO,2208,0,0,71,0,0
Türkiye,2022-07-25,TUR,EURO,1,0,0,0,0,0
United States of America,2022-07-25,USA,AMRO,10049,0,7,2956,0,5
Uruguay,2022-07-25,URY,AMRO,2,0,0,1,0,0
Venezuela (Bolivarian Republic of),2022-07-25,VEN,AMRO,1,0,0,0,0,0
Andorra,2022-07-26,AND,EURO,3,0,0,1,0,0
Austria,2022-07-26,AUT,EURO,111,0,0,12,0,0
Belgium,2022-07-26,BEL,EURO,393,0,0,81,0,0
Bosnia and Herzegovina,2022-07-26,BIH,EURO,1,0,0,0,0,0
Bulgaria,2022-07-26,BGR,EURO,4,0,0,0,0,0
Croatia,2022-07-26,HRV,EURO,10,0,0,2,0,0
Czechia,2022-07-26,CZE,EURO,16,0,0,0,0,0
Denmark,2022-07-26,DNK,EURO,60,0,0,1,0,0
Estonia,2022-07-26,EST,EURO,4,0,0,0,0,0
Finland,2022-07-26,FIN,EURO,17,0,0,4,0,0
France,2022-07-26,FRA,EURO,1567,0,0,0,0,0
Georgia,2022-07-26,GEO,EURO,1,0,0,0,0,0
Germany,2022-07-26,DEU,EURO,2410,0,0,58,0,0
Gibraltar,2022-07-26,GIB,EURO,5,0,0,0,0,0
Greece,2022-07-26,GRC,EURO,29,0,0,8,0,0
Hungary,2022-07-26,HUN,EURO,37,0,0,4,0,0
Iceland,2022-07-26,ISL,EURO,9,0,0,0,0,0
Ireland,2022-07-26,IRL,EURO,85,0,0,16,0,0
Israel,2022-07-26,ISR,EURO,121,0,0,7,0,0
Italy,2022-07-26,ITA,EURO,426,0,0,19,0,0
Latvia,2022-07-26,LVA,EURO,3,0,0,0,0,0
Luxembourg,2022-07-26,LUX,EURO,19,0,0,4,0,0
Malta,2022-07-26,MLT,EURO,17,0,0,0,0,0
Netherlands,2022-07-26,NLD,EURO,818,0,0,106,0,0
Norway,2022-07-26,NOR,EURO,49,0,0,3,0,0
Poland,2022-07-26,POL,EURO,53,0,0,5,0,0
Portugal,2022-07-26,PRT,EURO,588,0,0,0,0,0
Romania,2022-07-26,ROU,EURO,20,0,0,0,0,0
Russian Federation,2022-07-26,RUS,EURO,1,0,0,0,0,0
Serbia,2022-07-26,SRB,EURO,10,0,0,5,0,0
Singapore,2022-07-26,SGP,WPRO,10,0,0,1,0,0
Slovakia,2022-07-26,SVK,EURO,3,0,0,0,0,0
Slovenia,2022-07-26,SVN,EURO,33,0,0,5,0,0
Spain,2022-07-26,ESP,EURO,3596,0,0,445,0,0
Sweden,2022-07-26,SWE,EURO,81,0,0,2,0,0
Switzerland,2022-07-26,CHE,EURO,234,0,0,5,0,0
The United Kingdom,2022-07-26,GBR,EURO,2208,0,0,0,0,0
Türkiye,2022-07-26,TUR,EURO,1,0,0,0,0,0
Andorra,2022-07-27,AND,EURO,3,0,0,0,0,0
Austria,2022-07-27,AUT,EURO,111,0,0,0,0,0
Belgium,2022-07-27,BEL,EURO,393,0,0,0,0,0
Bosnia and Herzegovina,2022-07-27,BIH,EURO,1,0,0,0,0,0
Bulgaria,2022-07-27,BGR,EURO,4,0,0,0,0,0
Croatia,2022-07-27,HRV,EURO,10,0,0,0,0,0
Czechia,2022-07-27,CZE,EURO,16,0,0,0,0,0
Denmark,2022-07-27,DNK,EURO,71,0,0,11,0,0
Estonia,2022-07-27,EST,EURO,4,0,0,0,0,0
Finland,2022-07-27,FIN,EURO,17,0,0,0,0,0
France,2022-07-27,FRA,EURO,1567,0,0,0,0,0
Georgia,2022-07-27,GEO,EURO,1,0,0,0,0,0
Germany,2022-07-27,DEU,EURO,2459,0,0,49,0,0
Gibraltar,2022-07-27,GIB,EURO,5,0,0,0,0,0
Greece,2022-07-27,GRC,EURO,29,0,0,0,0,0
Hungary,2022-07-27,HUN,EURO,37,0,0,0,0,0
Iceland,2022-07-27,ISL,EURO,9,0,0,0,0,0
Ireland,2022-07-27,IRL,EURO,85,0,0,0,0,0
Israel,2022-07-27,ISR,EURO,121,0,0,0,0,0
Italy,2022-07-27,ITA,EURO,426,0,0,0,0,0
Japan,2022-07-27,JPN,WPRO,2,0,0,1,0,0
Latvia,2022-07-27,LVA,EURO,3,0,0,0,0,0
Luxembourg,2022-07-27,LUX,EURO,19,0,0,0,0,0
Malta,2022-07-27,MLT,EURO,17,0,0,0,0,0
Netherlands,2022-07-27,NLD,EURO,818,0,0,0,0,0
Norway,2022-07-27,NOR,EURO,50,0,0,1,0,0
Poland,2022-07-27,POL,EURO,53,0,0,0,0,0
Portugal,2022-07-27,PRT,EURO,588,0,0,0,0,0
Romania,2022-07-27,ROU,EURO,20,0,0,0,0,0
Russian Federation,2022-07-27,RUS,EURO,1,0,0,0,0,0
Saudi Arabia,2022-07-27,SAU,EMRO,3,0,0,1,0,0
Serbia,2022-07-27,SRB,EURO,10,0,0,0,0,0
Singapore,2022-07-27,SGP,WPRO,11,0,0,1,0,0
Slovakia,2022-07-27,SVK,EURO,3,0,0,0,0,0
Slovenia,2022-07-27,SVN,EURO,33,0,0,0,0,0
Spain,2022-07-27,ESP,EURO,3738,0,0,142,0,0
Sweden,2022-07-27,SWE,EURO,81,0,0,0,0,0
Switzerland,2022-07-27,CHE,EURO,238,0,0,4,0,0
The United Kingdom,2022-07-27,GBR,EURO,2432,0,0,224,0,0
Türkiye,2022-07-27,TUR,EURO,1,0,0,0,0,0
Andorra,2022-07-28,AND,EURO,3,0,0,0,0,0
Australia,2022-07-28,AUS,WPRO,45,0,0,1,0,0
Austria,2022-07-28,AUT,EURO,115,0,0,4,0,0
Belgium,2022-07-28,BEL,EURO,393,0,0,0,0,0
Bosnia and Herzegovina,2022-07-28,BIH,EURO,1,0,0,0,0,0
Bulgaria,2022-07-28,BGR,EURO,4,0,0,0,0,0
Croatia,2022-07-28,HRV,EURO,11,0,0,1,0,0
Czechia,2022-07-28,CZE,EURO,16,0,0,0,0,0
Denmark,2022-07-28,DNK,EURO,76,0,0,5,0,0
Estonia,2022-07-28,EST,EURO,5,0,0,1,0,0
Finland,2022-07-28,FIN,EURO,17,0,0,0,0,0
France,2022-07-28,FRA,EURO,1837,0,0,270,0,0
Georgia,2022-07-28,GEO,EURO,1,0,0,0,0,0
Germany,2022-07-28,DEU,EURO,2540,0,0,81,0,0
Gibraltar,2022-07-28,GIB,EURO,5,0,0,0,0,0
Greece,2022-07-28,GRC,EURO,32,0,0,3,0,0
Hungary,2022-07-28,HUN,EURO,37,0,0,0,0,0
Iceland,2022-07-28,ISL,EURO,9,0,0,0,0,0
Ireland,2022-07-28,IRL,EURO,85,0,0,0,0,0
Israel,2022-07-28,ISR,EURO,121,0,0,0,0,0
Italy,2022-07-28,ITA,EURO,426,0,0,0,0,0
Latvia,2022-07-28,LVA,EURO,3,0,0,0,0,0
Luxembourg,2022-07-28,LUX,EURO,22,0,0,3,0,0
Malta,2022-07-28,MLT,EURO,17,0,0,0,0,0
Netherlands,2022-07-28,NLD,EURO,818,0,0,0,0,0
Norway,2022-07-28,NOR,EURO,51,0,0,1,0,0
Poland,2022-07-28,POL,EURO,53,0,0,0,0,0
Portugal,2022-07-28,PRT,EURO,588,0,0,0,0,0
Romania,2022-07-28,ROU,EURO,20,0,0,0,0,0
Russian Federation,2022-07-28,RUS,EURO,1,0,0,0,0,0
Serbia,2022-07-28,SRB,EURO,10,0,0,0,0,0
Slovakia,2022-07-28,SVK,EURO,3,0,0,0,0,0
Slovenia,2022-07-28,SVN,EURO,33,0,0,0,0,0
Spain,2022-07-28,ESP,EURO,3738,0,0,0,0,0
Sweden,2022-07-28,SWE,EURO,81,0,0,0,0,0
Switzerland,2022-07-28,CHE,EURO,251,0,0,13,0,0
Thailand,2022-07-28,THA,SEARO,2,0,0,1,0,0
The United Kingdom,2022-07-28,GBR,EURO,2432,0,0,0,0,0
Türkiye,2022-07-28,TUR,EURO,1,0,0,0,0,0
Andorra,2022-07-29,AND,EURO,3,0,0,0,0,0
Austria,2022-07-29,AUT,EURO,118,0,0,3,0,0
Belgium,2022-07-29,BEL,EURO,393,0,0,0,0,0
Bosnia and Herzegovina,2022-07-29,BIH,EURO,1,0,0,0,0,0
Bulgaria,2022-07-29,BGR,EURO,4,0,0,0,0,0
Croatia,2022-07-29,HRV,EURO,11,0,0,0,0,0
Czechia,2022-07-29,CZE,EURO,16,0,0,0,0,0
Denmark,2022-07-29,DNK,EURO,81,0,0,5,0,0
Estonia,2022-07-29,EST,EURO,5,0,0,0,0,0
Finland,2022-07-29,FIN,EURO,17,0,0,0,0,0
France,2022-07-29,FRA,EURO,1837,0,0,0,0,0
Georgia,2022-07-29,GEO,EURO,1,0,0,0,0,0
Germany,2022-07-29,DEU,EURO,2595,0,0,55,0,0
Gibraltar,2022-07-29,GIB,EURO,5,0,0,0,0,0
Greece,2022-07-29,GRC,EURO,32,0,0,0,0,0
Hungary,2022-07-29,HUN,EURO,37,0,0,0,0,0
Iceland,2022-07-29,ISL,EURO,9,0,0,0,0,0
Ireland,2022-07-29,IRL,EURO,85,0,0,0,0,0
Israel,2022-07-29,ISR,EURO,121,0,0,0,0,0
Italy,2022-07-29,ITA,EURO,426,0,0,0,0,0
Latvia,2022-07-29,LVA,EURO,3,0,0,0,0,0
Luxembourg,2022-07-29,LUX,EURO,23,0,0,1,0,0
Malta,2022-07-29,MLT,EURO,17,0,0,0,0,0
Netherlands,2022-07-29,NLD,EURO,879,0,0,61,0,0
Norway,2022-07-29,NOR,EURO,51,0,0,0,0,0
Philippines,2022-07-29,PHL,WPRO,1,0,0,1,0,0
Poland,2022-07-29,POL,EURO,53,0,0,0,0,0
Portugal,2022-07-29,PRT,EURO,633,0,0,45,0,0
Romania,2022-07-29,ROU,EURO,20,0,0,0,0,0
Russian Federation,2022-07-29,RUS,EURO,1,0,0,0,0,0
Serbia,2022-07-29,SRB,EURO,10,0,0,0,0,0
Slovakia,2022-07-29,SVK,EURO,6,0,0,3,0,0
Slovenia,2022-07-29,SVN,EURO,33,0,0,0,0,0
Spain,2022-07-29,ESP,EURO,3738,0,0,0,0,0
Sweden,2022-07-29,SWE,EURO,85,0,0,4,0,0
Switzerland,2022-07-29,CHE,EURO,264,0,0,13,0,0
The United Kingdom,2022-07-29,GBR,EURO,2432,0,0,0,0,0
Türkiye,2022-07-29,TUR,EURO,1,0,0,0,0,0
Benin,2022-07-31,BEN,AFRO,3,0,0,0,0,0
Cameroon,2022-07-31,CMR,AFRO,8,0,1,0,0,0
Central African Republic,2022-07-31,CAF,AFRO,21,0,0,1,0,0
Congo,2022-07-31,COG,AFRO,2,0,0,0,0,0
Ghana,2022-07-31,GHA,AFRO,52,0,1,14,0,1
Liberia,2022-07-31,LBR,AFRO,1,0,0,1,0,0
Montenegro,2022-07-31,MNE,EURO,1,0,0,1,0,0
Mozambique,2022-07-31,MOZ,AFRO,0,0,0,0,0,0
Nigeria,2022-07-31,NGA,AFRO,162,0,3,24,0,0
Saudi Arabia,2022-07-31,SAU,EMRO,4,0,0,1,0,0
South Africa,2022-07-31,ZAF,AFRO,3,0,0,1,0,0
Andorra,2022-08-01,AND,EURO,3,0,0,0,0,0
Argentina,2022-08-01,ARG,AMRO,48,0,0,15,0,0
Austria,2022-08-01,AUT,EURO,124,0,0,6,0,0
Bahamas,2022-08-01,BHS,AMRO,2,0,0,1,0,0
Barbados,2022-08-01,BRB,AMRO,1,0,0,0,0,0
Belgium,2022-08-01,BEL,EURO,393,0,0,0,0,0
Bermuda,2022-08-01,BMU,AMRO,1,0,0,0,0,0
Bolivia (Plurinational State of),2022-08-01,BOL,AMRO,5,0,0,5,0,0
Bosnia and Herzegovina,2022-08-01,BIH,EURO,1,0,0,0,0,0
Brazil,2022-08-01,BRA,AMRO,3947,0,1,1007,0,0
Bulgaria,2022-08-01,BGR,EURO,4,0,0,0,0,0
Canada,2022-08-01,CAN,AMRO,1138,0,0,92,0,0
Chile,2022-08-01,CHL,AMRO,180,0,0,64,0,0
Colombia,2022-08-01,COL,AMRO,165,0,0,102,0,0
Costa Rica,2022-08-01,CRI,AMRO,3,0,0,0,0,0
Croatia,2022-08-01,HRV,EURO,12,0,0,1,0,0
Czechia,2022-08-01,CZE,EURO,19,0,0,3,0,0
Denmark,2022-08-01,DNK,EURO,99,0,0,18,0,0
Dominican Republic,2022-08-01,DOM,AMRO,6,0,0,3,0,0
Ecuador,2022-08-01,ECU,AMRO,22,0,1,8,0,0
Estonia,2022-08-01,EST,EURO,6,0,0,1,0,0
Finland,2022-08-01,FIN,EURO,17,0,0,0,0,0
France,2022-08-01,FRA,EURO,1955,0,0,118,0,0
Georgia,2022-08-01,GEO,EURO,1,0,0,0,0,0
Germany,2022-08-01,DEU,EURO,2677,0,0,82,0,0
Gibraltar,2022-08-01,GIB,EURO,5,0,0,0,0,0
Greece,2022-08-01,GRC,EURO,32,0,0,0,0,0
Guadeloupe,2022-08-01,GLP,AMRO,1,0,0,1,0,0
Guatemala,2022-08-01,GTM,AMRO,3,0,0,0,0,0
Hungary,2022-08-01,HUN,EURO,39,0,0,2,0,0
Iceland,2022-08-01,ISL,EURO,10,0,0,1,0,0
Ireland,2022-08-01,IRL,EURO,85,0,0,0,0,0
Israel,2022-08-01,ISR,EURO,146,0,0,25,0,0
Italy,2022-08-01,ITA,EURO,479,0,0,53,0,0
Jamaica,2022-08-01,JAM,AMRO,4,0,0,2,0,0
Latvia,2022-08-01,LVA,EURO,3,0,0,0,0,0
Luxembourg,2022-08-01,LUX,EURO,28,0,0,5,0,0
Malta,2022-08-01,MLT,EURO,17,0,0,0,0,0
Martinique,2022-08-01,MTQ,AMRO,1,0,0,0,0,0
Mexico,2022-08-01,MEX,AMRO,358,0,1,132,0,0
Netherlands,2022-08-01,NLD,EURO,879,0,0,0,0,0
Norway,2022-08-01,NOR,EURO,53,0,0,2,0,0
Panama,2022-08-01,PAN,AMRO,2,0,0,1,0,0
Peru,2022-08-01,PER,AMRO,861,0,6,280,0,1
Poland,2022-08-01,POL,EURO,59,0,0,6,0,0
Portugal,2022-08-01,PRT,EURO,633,0,0,0,0,0
Romania,2022-08-01,ROU,EURO,21,0,0,1,0,0
Russian Federation,2022-08-01,RUS,EURO,1,0,0,0,0,0
Saint Martin,2022-08-01,MAF,AMRO,1,0,0,1,0,0
Saudi Arabia,2022-08-01,SAU,EMRO,4,0,0,0,0,0
Serbia,2022-08-01,SRB,EURO,10,0,0,0,0,0
Singapore,2022-08-01,SGP,WPRO,12,0,0,1,0,0
Slovakia,2022-08-01,SVK,EURO,6,0,0,0,0,0
Slovenia,2022-08-01,SVN,EURO,35,0,0,2,0,0
Spain,2022-08-01,ESP,EURO,4298,0,0,560,0,0
Sudan,2022-08-01,SDN,EMRO,1,0,0,1,0,0
Sweden,2022-08-01,SWE,EURO,88,0,0,3,0,0
Switzerland,2022-08-01,CHE,EURO,272,0,0,8,0,0
The United Kingdom,2022-08-01,GBR,EURO,2546,0,0,114,0,0
Türkiye,2022-08-01,TUR,EURO,1,0,0,0,0,0
United States of America,2022-08-01,USA,AMRO,13319,0,11,3270,0,4
Uruguay,2022-08-01,URY,AMRO,2,0,0,0,0,0
Venezuela (Bolivarian Republic of),2022-08-01,VEN,AMRO,1,0,0,0,0,0
Andorra,2022-08-02,AND,EURO,3,0,0,0,0,0
Austria,2022-08-02,AUT,EURO,135,0,0,11,0,0
Belgium,2022-08-02,BEL,EURO,482,0,0,89,0,0
Bosnia and Herzegovina,2022-08-02,BIH,EURO,1,0,0,0,0,0
Bulgaria,2022-08-02,BGR,EURO,4,0,0,0,0,0
Croatia,2022-08-02,HRV,EURO,12,0,0,0,0,0
Czechia,2022-08-02,CZE,EURO,25,0,0,6,0,0
Denmark,2022-08-02,DNK,EURO,101,0,0,2,0,0
Estonia,2022-08-02,EST,EURO,8,0,0,2,0,0
Finland,2022-08-02,FIN,EURO,20,0,0,3,0,0
France,2022-08-02,FRA,EURO,2054,0,0,99,0,0
Georgia,2022-08-02,GEO,EURO,1,0,0,0,0,0
Germany,2022-08-02,DEU,EURO,2724,0,0,47,0,0
Gibraltar,2022-08-02,GIB,EURO,5,0,0,0,0,0
Greece,2022-08-02,GRC,EURO,33,0,0,1,0,0
Hungary,2022-08-02,HUN,EURO,42,0,0,3,0,0
Iceland,2022-08-02,ISL,EURO,10,0,0,0,0,0
India,2022-08-02,IND,SEARO,6,0,1,2,0,1
Ireland,2022-08-02,IRL,EURO,97,0,0,12,0,0
Israel,2022-08-02,ISR,EURO,146,0,0,0,0,0
Italy,2022-08-02,ITA,EURO,505,0,0,26,0,0
Latvia,2022-08-02,LVA,EURO,3,0,0,0,0,0
Luxembourg,2022-08-02,LUX,EURO,30,0,0,2,0,0
Malta,2022-08-02,MLT,EURO,17,0,0,0,0,0
Montenegro,2022-08-02,MNE,EURO,1,0,0,0,0,0
Netherlands,2022-08-02,NLD,EURO,927,0,0,48,0,0
New Zealand,2022-08-02,NZL,WPRO,3,0,0,1,0,0
Norway,2022-08-02,NOR,EURO,57,0,0,4,0,0
Poland,2022-08-02,POL,EURO,63,0,0,4,0,0
Portugal,2022-08-02,PRT,EURO,633,0,0,0,0,0
Romania,2022-08-02,ROU,EURO,22,0,0,1,0,0
Russian Federation,2022-08-02,RUS,EURO,1,0,0,0,0,0
Serbia,2022-08-02,SRB,EURO,10,0,0,0,0,0
Slovakia,2022-08-02,SVK,EURO,6,0,0,0,0,0
Slovenia,2022-08-02,SVN,EURO,37,0,0,2,0,0
Spain,2022-08-02,ESP,EURO,4577,0,2,279,0,2
Sweden,2022-08-02,SWE,EURO,102,0,0,14,0,0
Switzerland,2022-08-02,CHE,EURO,272,0,0,0,0,0
Thailand,2022-08-02,THA,SEARO,2,0,0,0,0,0
The United Kingdom,2022-08-02,GBR,EURO,2759,0,0,213,0,0
Türkiye,2022-08-02,TUR,EURO,1,0,0,0,0,0
Andorra,2022-08-03,AND,EURO,3,0,0,0,0,0
Australia,2022-08-03,AUS,WPRO,58,0,0,13,0,0
Austria,2022-08-03,AUT,EURO,135,0,0,0,0,0
Belgium,2022-08-03,BEL,EURO,482,0,0,0,0,0
Bosnia and Herzegovina,2022-08-03,BIH,EURO,1,0,0,0,0,0
Bulgaria,2022-08-03,BGR,EURO,4,0,0,0,0,0
Croatia,2022-08-03,HRV,EURO,12,0,0,0,0,0
Cyprus,2022-08-03,CYP,EURO,1,0,0,1,0,0
Czechia,2022-08-03,CZE,EURO,25,0,0,0,0,0
Denmark,2022-08-03,DNK,EURO,105,0,0,4,0,0
Estonia,2022-08-03,EST,EURO,8,0,0,0,0,0
Finland,2022-08-03,FIN,EURO,20,0,0,0,0,0
France,2022-08-03,FRA,EURO,2054,0,0,0,0,0
Georgia,2022-08-03,GEO,EURO,1,0,0,0,0,0
Germany,2022-08-03,DEU,EURO,2724,0,0,0,0,0
Gibraltar,2022-08-03,GIB,EURO,5,0,0,0,0,0
Greece,2022-08-03,GRC,EURO,33,0,0,0,0,0
Hungary,2022-08-03,HUN,EURO,42,0,0,0,0,0
Iceland,2022-08-03,ISL,EURO,10,0,0,0,0,0
Ireland,2022-08-03,IRL,EURO,97,0,0,0,0,0
Israel,2022-08-03,ISR,EURO,146,0,0,0,0,0
Italy,2022-08-03,ITA,EURO,505,0,0,0,0,0
Latvia,2022-08-03,LVA,EURO,3,0,0,0,0,0
Luxembourg,2022-08-03,LUX,EURO,30,0,0,0,0,0
Malta,2022-08-03,MLT,EURO,17,0,0,0,0,0
Montenegro,2022-08-03,MNE,EURO,1,0,0,0,0,0
Netherlands,2022-08-03,NLD,EURO,927,0,0,0,0,0
Norway,2022-08-03,NOR,EURO,57,0,0,0,0,0
Poland,2022-08-03,POL,EURO,63,0,0,0,0,0
Portugal,2022-08-03,PRT,EURO,633,0,0,0,0,0
Romania,2022-08-03,ROU,EURO,22,0,0,0,0,0
Russian Federation,2022-08-03,RUS,EURO,1,0,0,0,0,0
Serbia,2022-08-03,SRB,EURO,10,0,0,0,0,0
Singapore,2022-08-03,SGP,WPRO,13,0,0,1,0,0
Slovakia,2022-08-03,SVK,EURO,6,0,0,0,0,0
Slovenia,2022-08-03,SVN,EURO,37,0,0,0,0,0
Spain,2022-08-03,ESP,EURO,4577,0,2,0,0,0
Sweden,2022-08-03,SWE,EURO,102,0,0,0,0,0
Switzerland,2022-08-03,CHE,EURO,298,0,0,26,0,0
Thailand,2022-08-03,THA,SEARO,3,0,0,1,0,0
The United Kingdom,2022-08-03,GBR,EURO,2759,0,0,0,0,0
Türkiye,2022-08-03,TUR,EURO,1,0,0,0,0,0
Andorra,2022-08-04,AND,EURO,3,0,0,0,0,0
Austria,2022-08-04,AUT,EURO,145,0,0,10,0,0
Belgium,2022-08-04,BEL,EURO,482,0,0,0,0,0
Bosnia and Herzegovina,2022-08-04,BIH,EURO,1,0,0,0,0,0
Bulgaria,2022-08-04,BGR,EURO,4,0,0,0,0,0
Croatia,2022-08-04,HRV,EURO,12,0,0,0,0,0
Cyprus,2022-08-04,CYP,EURO,1,0,0,0,0,0
Czechia,2022-08-04,CZE,EURO,25,0,0,0,0,0
Denmark,2022-08-04,DNK,EURO,108,0,0,3,0,0
Estonia,2022-08-04,EST,EURO,8,0,0,0,0,0
Finland,2022-08-04,FIN,EURO,20,0,0,0,0,0
France,2022-08-04,FRA,EURO,2239,0,0,185,0,0
Georgia,2022-08-04,GEO,EURO,1,0,0,0,0,0
Germany,2022-08-04,DEU,EURO,2839,0,0,115,0,0
Gibraltar,2022-08-04,GIB,EURO,5,0,0,0,0,0
Greece,2022-08-04,GRC,EURO,34,0,0,1,0,0
Hungary,2022-08-04,HUN,EURO,42,0,0,0,0,0
Iceland,2022-08-04,ISL,EURO,10,0,0,0,0,0
Ireland,2022-08-04,IRL,EURO,97,0,0,0,0,0
Israel,2022-08-04,ISR,EURO,157,0,0,11,0,0
Italy,2022-08-04,ITA,EURO,505,0,0,0,0,0
Latvia,2022-08-04,LVA,EURO,3,0,0,0,0,0
Lebanon,2022-08-04,LBN,EMRO,6,0,0,2,0,0
Lithuania,2022-08-04,LTU,EURO,1,0,0,1,0,0
Luxembourg,2022-08-04,LUX,EURO,30,0,0,0,0,0
Malta,2022-08-04,MLT,EURO,17,0,0,0,0,0
Montenegro,2022-08-04,MNE,EURO,1,0,0,0,0,0
Netherlands,2022-08-04,NLD,EURO,927,0,0,0,0,0
Norway,2022-08-04,NOR,EURO,63,0,0,6,0,0
Poland,2022-08-04,POL,EURO,63,0,0,0,0,0
Portugal,2022-08-04,PRT,EURO,633,0,0,0,0,0
Romania,2022-08-04,ROU,EURO,22,0,0,0,0,0
Russian Federation,2022-08-04,RUS,EURO,1,0,0,0,0,0
Saudi Arabia,2022-08-04,SAU,EMRO,5,0,0,1,0,0
Serbia,2022-08-04,SRB,EURO,10,0,0,0,0,0
Slovakia,2022-08-04,SVK,EURO,6,0,0,0,0,0
Slovenia,2022-08-04,SVN,EURO,37,0,0,0,0,0
Spain,2022-08-04,ESP,EURO,4577,0,2,0,0,0
Sweden,2022-08-04,SWE,EURO,102,0,0,0,0,0
Switzerland,2022-08-04,CHE,EURO,304,0,0,6,0,0
Thailand,2022-08-04,THA,SEARO,4,0,0,1,0,0
The United Kingdom,2022-08-04,GBR,EURO,2759,0,0,0,0,0
Türkiye,2022-08-04,TUR,EURO,1,0,0,0,0,0
Andorra,2022-08-05,AND,EURO,4,0,0,1,0,0
Austria,2022-08-05,AUT,EURO,154,0,0,9,0,0
Belgium,2022-08-05,BEL,EURO,482,0,0,0,0,0
Bosnia and Herzegovina,2022-08-05,BIH,EURO,1,0,0,0,0,0
Bulgaria,2022-08-05,BGR,EURO,4,0,0,0,0,0
Croatia,2022-08-05,HRV,EURO,12,0,0,0,0,0
Cyprus,2022-08-05,CYP,EURO,1,0,0,0,0,0
Czechia,2022-08-05,CZE,EURO,26,0,0,1,0,0
Denmark,2022-08-05,DNK,EURO,108,0,0,0,0,0
Estonia,2022-08-05,EST,EURO,9,0,0,1,0,0
Finland,2022-08-05,FIN,EURO,22,0,0,2,0,0
France,2022-08-05,FRA,EURO,2239,0,0,0,0,0
Georgia,2022-08-05,GEO,EURO,1,0,0,0,0,0
Germany,2022-08-05,DEU,EURO,2887,0,0,48,0,0
Gibraltar,2022-08-05,GIB,EURO,5,0,0,0,0,0
Greece,2022-08-05,GRC,EURO,39,0,0,5,0,0
Hungary,2022-08-05,HUN,EURO,42,0,0,0,0,0
Iceland,2022-08-05,ISL,EURO,10,0,0,0,0,0
Ireland,2022-08-05,IRL,EURO,97,0,0,0,0,0
Israel,2022-08-05,ISR,EURO,160,0,0,3,0,0
Italy,2022-08-05,ITA,EURO,505,0,0,0,0,0
Japan,2022-08-05,JPN,WPRO,3,0,0,1,0,0
Latvia,2022-08-05,LVA,EURO,3,0,0,0,0,0
Lithuania,2022-08-05,LTU,EURO,3,0,0,2,0,0
Luxembourg,2022-08-05,LUX,EURO,31,0,0,1,0,0
Malta,2022-08-05,MLT,EURO,17,0,0,0,0,0
Montenegro,2022-08-05,MNE,EURO,1,0,0,0,0,0
Mozambique,2022-08-05,MOZ,AFRO,0,0,0,0,0,0
Netherlands,2022-08-05,NLD,EURO,959,0,0,32,0,0
Norway,2022-08-05,NOR,EURO,64,0,0,1,0,0
Poland,2022-08-05,POL,EURO,63,0,0,0,0,0
Portugal,2022-08-05,PRT,EURO,710,0,0,77,0,0
Romania,2022-08-05,ROU,EURO,22,0,0,0,0,0
Russian Federation,2022-08-05,RUS,EURO,1,0,0,0,0,0
Serbia,2022-08-05,SRB,EURO,10,0,0,0,0,0
Singapore,2022-08-05,SGP,WPRO,15,0,0,2,0,0
Slovakia,2022-08-05,SVK,EURO,6,0,0,0,0,0
Slovenia,2022-08-05,SVN,EURO,37,0,0,0,0,0
Spain,2022-08-05,ESP,EURO,4577,0,2,0,0,0
Sweden,2022-08-05,SWE,EURO,111,0,0,9,0,0
Switzerland,2022-08-05,CHE,EURO,312,0,0,8,0,0
The United Kingdom,2022-08-05,GBR,EURO,2759,0,0,0,0,0
Türkiye,2022-08-05,TUR,EURO,1,0,0,0,0,0
China,2022-08-06,CHN,WPRO,3,0,0,1,0,0
India,2022-08-06,IND,SEARO,9,0,1,3,0,0
Benin,2022-08-07,BEN,AFRO,3,0,0,0,0,0
Cameroon,2022-08-07,CMR,AFRO,8,0,3,0,0,2
Central African Republic,2022-08-07,CAF,AFRO,21,0,0,0,0,0
Congo,2022-08-07,COG,AFRO,2,0,0,0,0,0
Ghana,2022-08-07,GHA,AFRO,56,0,1,4,0,0
Liberia,2022-08-07,LBR,AFRO,2,0,0,1,0,0
Nigeria,2022-08-07,NGA,AFRO,177,0,4,15,0,1
South Africa,2022-08-07,ZAF,AFRO,3,0,0,0,0,0
Andorra,2022-08-08,AND,EURO,4,0,0,0,0,0
Argentina,2022-08-08,ARG,AMRO,76,0,0,28,0,0
Austria,2022-08-08,AUT,EURO,161,0,0,7,0,0
Bahamas,2022-08-08,BHS,AMRO,2,0,0,0,0,0
Barbados,2022-08-08,BRB,AMRO,1,0,0,0,0,0
Belgium,2022-08-08,BEL,EURO,482,0,0,0,0,0
Bermuda,2022-08-08,BMU,AMRO,1,0,0,0,0,0
Bolivia (Plurinational State of),2022-08-08,BOL,AMRO,15,0,0,10,0,0
Bosnia and Herzegovina,2022-08-08,BIH,EURO,1,0,0,0,0,0
Brazil,2022-08-08,BRA,AMRO,4868,0,1,921,0,0
Bulgaria,2022-08-08,BGR,EURO,4,0,0,0,0,0
Canada,2022-08-08,CAN,AMRO,1244,0,0,106,0,0
Chile,2022-08-08,CHL,AMRO,255,0,0,75,0,0
Colombia,2022-08-08,COL,AMRO,352,0,0,187,0,0
Costa Rica,2022-08-08,CRI,AMRO,3,0,0,0,0,0
Croatia,2022-08-08,HRV,EURO,12,0,0,0,0,0
Cyprus,2022-08-08,CYP,EURO,3,0,0,2,0,0
Czechia,2022-08-08,CZE,EURO,28,0,0,2,0,0
Denmark,2022-08-08,DNK,EURO,123,0,0,15,0,0
Dominican Republic,2022-08-08,DOM,AMRO,8,0,0,2,0,0
Ecuador,2022-08-08,ECU,AMRO,34,0,1,12,0,0
Estonia,2022-08-08,EST,EURO,9,0,0,0,0,0
Finland,2022-08-08,FIN,EURO,22,0,0,0,0,0
France,2022-08-08,FRA,EURO,2423,0,0,184,0,0
Georgia,2022-08-08,GEO,EURO,1,0,0,0,0,0
Germany,2022-08-08,DEU,EURO,2887,0,0,0,0,0
Gibraltar,2022-08-08,GIB,EURO,5,0,0,0,0,0
Greece,2022-08-08,GRC,EURO,39,0,0,0,0,0
Guadeloupe,2022-08-08,GLP,AMRO,1,0,0,0,0,0
Guatemala,2022-08-08,GTM,AMRO,5,0,0,2,0,0
Honduras,2022-08-08,HND,AMRO,2,0,0,2,0,0
Hungary,2022-08-08,HUN,EURO,48,0,0,6,0,0
Iceland,2022-08-08,ISL,EURO,11,0,0,1,0,0
Ireland,2022-08-08,IRL,EURO,97,0,0,0,0,0
Israel,2022-08-08,ISR,EURO,166,0,0,6,0,0
Italy,2022-08-08,ITA,EURO,545,0,0,40,0,0
Jamaica,2022-08-08,JAM,AMRO,4,0,0,0,0,0
Latvia,2022-08-08,LVA,EURO,3,0,0,0,0,0
Lithuania,2022-08-08,LTU,EURO,3,0,0,0,0,0
Luxembourg,2022-08-08,LUX,EURO,32,0,0,1,0,0
Malta,2022-08-08,MLT,EURO,24,0,0,7,0,0
Martinique,2022-08-08,MTQ,AMRO,1,0,0,0,0,0
Mexico,2022-08-08,MEX,AMRO,519,0,3,161,0,2
Montenegro,2022-08-08,MNE,EURO,1,0,0,0,0,0
Netherlands,2022-08-08,NLD,EURO,959,0,0,0,0,0
Norway,2022-08-08,NOR,EURO,65,0,0,1,0,0
Panama,2022-08-08,PAN,AMRO,5,0,0,3,0,0
Peru,2022-08-08,PER,AMRO,1175,0,11,314,0,5
Poland,2022-08-08,POL,EURO,76,0,0,13,0,0
Portugal,2022-08-08,PRT,EURO,710,0,0,0,0,0
Romania,2022-08-08,ROU,EURO,25,0,0,3,0,0
Russian Federation,2022-08-08,RUS,EURO,1,0,0,0,0,0
Saint Martin,2022-08-08,MAF,AMRO,1,0,0,0,0,0
Serbia,2022-08-08,SRB,EURO,23,0,0,13,0,0
Slovakia,2022-08-08,SVK,EURO,8,0,0,2,0,0
Slovenia,2022-08-08,SVN,EURO,38,0,0,1,0,0
Spain,2022-08-08,ESP,EURO,4942,0,2,365,0,0
Sweden,2022-08-08,SWE,EURO,114,0,0,3,0,0
Switzerland,2022-08-08,CHE,EURO,316,0,0,4,0,0
The United Kingdom,2022-08-08,GBR,EURO,2859,0,0,100,0,0
Türkiye,2022-08-08,TUR,EURO,1,0,0,0,0,0
United States of America,2022-08-08,USA,AMRO,16261,0,15,2942,0,4
Uruguay,2022-08-08,URY,AMRO,3,0,0,1,0,0
Venezuela (Bolivarian Republic of),2022-08-08,VEN,AMRO,1,0,0,0,0,0
Andorra,2022-08-09,AND,EURO,4,0,0,0,0,0
Austria,2022-08-09,AUT,EURO,175,0,0,14,0,0
Belgium,2022-08-09,BEL,EURO,546,0,0,64,0,0
Bosnia and Herzegovina,2022-08-09,BIH,EURO,1,0,0,0,0,0
Bulgaria,2022-08-09,BGR,EURO,4,0,0,0,0,0
Croatia,2022-08-09,HRV,EURO,12,0,0,0,0,0
Cyprus,2022-08-09,CYP,EURO,3,0,0,0,0,0
Czechia,2022-08-09,CZE,EURO,29,0,0,1,0,0
Denmark,2022-08-09,DNK,EURO,126,0,0,3,0,0
Estonia,2022-08-09,EST,EURO,9,0,0,0,0,0
Finland,2022-08-09,FIN,EURO,22,0,0,0,0,0
France,2022-08-09,FRA,EURO,2423,0,0,0,0,0
Georgia,2022-08-09,GEO,EURO,1,0,0,0,0,0
Germany,2022-08-09,DEU,EURO,2982,0,0,95,0,0
Gibraltar,2022-08-09,GIB,EURO,5,0,0,0,0,0
Greece,2022-08-09,GRC,EURO,41,0,0,2,0,0
Hungary,2022-08-09,HUN,EURO,51,0,0,3,0,0
Iceland,2022-08-09,ISL,EURO,11,0,0,0,0,0
Ireland,2022-08-09,IRL,EURO,101,0,0,4,0,0
Israel,2022-08-09,ISR,EURO,166,0,0,0,0,0
Italy,2022-08-09,ITA,EURO,599,0,0,54,0,0
Latvia,2022-08-09,LVA,EURO,3,0,0,0,0,0
Lithuania,2022-08-09,LTU,EURO,3,0,0,0,0,0
Luxembourg,2022-08-09,LUX,EURO,34,0,0,2,0,0
Malta,2022-08-09,MLT,EURO,30,0,0,6,0,0
Montenegro,2022-08-09,MNE,EURO,1,0,0,0,0,0
Netherlands,2022-08-09,NLD,EURO,959,0,0,0,0,0
Norway,2022-08-09,NOR,EURO,66,0,0,1,0,0
Poland,2022-08-09,POL,EURO,85,0,0,9,0,0
Portugal,2022-08-09,PRT,EURO,710,0,0,0,0,0
Qatar,2022-08-09,QAT,EMRO,3,0,0,1,0,0
Republic of Moldova,2022-08-09,MDA,EURO,1,0,0,1,0,0
Romania,2022-08-09,ROU,EURO,28,0,0,3,0,0
Russian Federation,2022-08-09,RUS,EURO,1,0,0,0,0,0
Serbia,2022-08-09,SRB,EURO,23,0,0,0,0,0
Slovakia,2022-08-09,SVK,EURO,8,0,0,0,0,0
Slovenia,2022-08-09,SVN,EURO,40,0,0,2,0,0
Spain,2022-08-09,ESP,EURO,5162,0,2,220,0,0
Sweden,2022-08-09,SWE,EURO,123,0,0,9,0,0
Switzerland,2022-08-09,CHE,EURO,335,0,0,19,0,0
The United Kingdom,2022-08-09,GBR,EURO,2973,0,0,114,0,0
Türkiye,2022-08-09,TUR,EURO,1,0,0,0,0,0
Andorra,2022-08-10,AND,EURO,4,0,0,0,0,0
Australia,2022-08-10,AUS,WPRO,66,0,0,8,0,0
Austria,2022-08-10,AUT,EURO,175,0,0,0,0,0
Belgium,2022-08-10,BEL,EURO,546,0,0,0,0,0
Bosnia and Herzegovina,2022-08-10,BIH,EURO,1,0,0,0,0,0
Bulgaria,2022-08-10,BGR,EURO,4,0,0,0,0,0
Croatia,2022-08-10,HRV,EURO,12,0,0,0,0,0
Cyprus,2022-08-10,CYP,EURO,3,0,0,0,0,0
Czechia,2022-08-10,CZE,EURO,29,0,0,0,0,0
Denmark,2022-08-10,DNK,EURO,129,0,0,3,0,0
Estonia,2022-08-10,EST,EURO,9,0,0,0,0,0
Finland,2022-08-10,FIN,EURO,22,0,0,0,0,0
France,2022-08-10,FRA,EURO,2423,0,0,0,0,0
Georgia,2022-08-10,GEO,EURO,1,0,0,0,0,0
Germany,2022-08-10,DEU,EURO,3025,0,0,43,0,0
Gibraltar,2022-08-10,GIB,EURO,5,0,0,0,0,0
Greece,2022-08-10,GRC,EURO,41,0,0,0,0,0
Greenland,2022-08-10,GRL,EURO,2,0,0,2,0,0
Hungary,2022-08-10,HUN,EURO,51,0,0,0,0,0
Iceland,2022-08-10,ISL,EURO,11,0,0,0,0,0
Ireland,2022-08-10,IRL,EURO,101,0,0,0,0,0
Israel,2022-08-10,ISR,EURO,169,0,0,3,0,0
Italy,2022-08-10,ITA,EURO,599,0,0,0,0,0
Japan,2022-08-10,JPN,WPRO,4,0,0,1,0,0
Latvia,2022-08-10,LVA,EURO,3,0,0,0,0,0
Lithuania,2022-08-10,LTU,EURO,3,0,0,0,0,0
Luxembourg,2022-08-10,LUX,EURO,34,0,0,0,0,0
Malta,2022-08-10,MLT,EURO,30,0,0,0,0,0
Montenegro,2022-08-10,MNE,EURO,1,0,0,0,0,0
Netherlands,2022-08-10,NLD,EURO,959,0,0,0,0,0
Norway,2022-08-10,NOR,EURO,66,0,0,0,0,0
Poland,2022-08-10,POL,EURO,85,0,0,0,0,0
Portugal,2022-08-10,PRT,EURO,710,0,0,0,0,0
Republic of Moldova,2022-08-10,MDA,EURO,1,0,0,0,0,0
Romania,2022-08-10,ROU,EURO,28,0,0,0,0,0
Russian Federation,2022-08-10,RUS,EURO,1,0,0,0,0,0
Serbia,2022-08-10,SRB,EURO,23,0,0,0,0,0
Slovakia,2022-08-10,SVK,EURO,8,0,0,0,0,0
Slovenia,2022-08-10,SVN,EURO,41,0,0,1,0,0
Spain,2022-08-10,ESP,EURO,5162,0,2,0,0,0
Sudan,2022-08-10,SDN,EMRO,2,0,0,1,0,0
Sweden,2022-08-10,SWE,EURO,123,0,0,0,0,0
Switzerland,2022-08-10,CHE,EURO,347,0,0,12,0,0
The United Kingdom,2022-08-10,GBR,EURO,3017,0,0,44,0,0
Türkiye,2022-08-10,TUR,EURO,1,0,0,0,0,0
Andorra,2022-08-11,AND,EURO,4,0,0,0,0,0
Australia,2022-08-11,AUS,WPRO,70,0,0,4,0,0
Austria,2022-08-11,AUT,EURO,186,0,0,11,0,0
Belgium,2022-08-11,BEL,EURO,546,0,0,0,0,0
Bosnia and Herzegovina,2022-08-11,BIH,EURO,1,0,0,0,0,0
Bulgaria,2022-08-11,BGR,EURO,4,0,0,0,0,0
Croatia,2022-08-11,HRV,EURO,12,0,0,0,0,0
Cyprus,2022-08-11,CYP,EURO,3,0,0,0,0,0
Czechia,2022-08-11,CZE,EURO,29,0,0,0,0,0
Denmark,2022-08-11,DNK,EURO,129,0,0,0,0,0
Estonia,2022-08-11,EST,EURO,9,0,0,0,0,0
Finland,2022-08-11,FIN,EURO,22,0,0,0,0,0
France,2022-08-11,FRA,EURO,2601,0,0,178,0,0
Georgia,2022-08-11,GEO,EURO,1,0,0,0,0,0
Germany,2022-08-11,DEU,EURO,3025,0,0,0,0,0
Gibraltar,2022-08-11,GIB,EURO,6,0,0,1,0,0
Greece,2022-08-11,GRC,EURO,41,0,0,0,0,0
Greenland,2022-08-11,GRL,EURO,2,0,0,0,0,0
Hungary,2022-08-11,HUN,EURO,51,0,0,0,0,0
Iceland,2022-08-11,ISL,EURO,11,0,0,0,0,0
Ireland,2022-08-11,IRL,EURO,101,0,0,0,0,0
Israel,2022-08-11,ISR,EURO,174,0,0,5,0,0
Italy,2022-08-11,ITA,EURO,599,0,0,0,0,0
Latvia,2022-08-11,LVA,EURO,3,0,0,0,0,0
Lithuania,2022-08-11,LTU,EURO,5,0,0,2,0,0
Luxembourg,2022-08-11,LUX,EURO,34,0,0,0,0,0
Malta,2022-08-11,MLT,EURO,30,0,0,0,0,0
Montenegro,2022-08-11,MNE,EURO,1,0,0,0,0,0
Netherlands,2022-08-11,NLD,EURO,959,0,0,0,0,0
New Zealand,2022-08-11,NZL,WPRO,4,0,0,1,0,0
Norway,2022-08-11,NOR,EURO,66,0,0,0,0,0
Poland,2022-08-11,POL,EURO,85,0,0,0,0,0
Portugal,2022-08-11,PRT,EURO,710,0,0,0,0,0
Republic of Moldova,2022-08-11,MDA,EURO,1,0,0,0,0,0
Romania,2022-08-11,ROU,EURO,28,0,0,0,0,0
Russian Federation,2022-08-11,RUS,EURO,1,0,0,0,0,0
Serbia,2022-08-11,SRB,EURO,23,0,0,0,0,0
Slovakia,2022-08-11,SVK,EURO,9,0,0,1,0,0
Slovenia,2022-08-11,SVN,EURO,41,0,0,0,0,0
Spain,2022-08-11,ESP,EURO,5270,0,2,108,0,0
Sweden,2022-08-11,SWE,EURO,123,0,0,0,0,0
Switzerland,2022-08-11,CHE,EURO,361,0,0,14,0,0
The United Kingdom,2022-08-11,GBR,EURO,3017,0,0,0,0,0
Türkiye,2022-08-11,TUR,EURO,1,0,0,0,0,0
Andorra,2022-08-12,AND,EURO,4,0,0,0,0,0
Austria,2022-08-12,AUT,EURO,194,0,0,8,0,0
Belgium,2022-08-12,BEL,EURO,546,0,0,0,0,0
Bosnia and Herzegovina,2022-08-12,BIH,EURO,1,0,0,0,0,0
Bulgaria,2022-08-12,BGR,EURO,4,0,0,0,0,0
Croatia,2022-08-12,HRV,EURO,12,0,0,0,0,0
Cyprus,2022-08-12,CYP,EURO,3,0,0,0,0,0
Czechia,2022-08-12,CZE,EURO,35,0,0,6,0,0
Denmark,2022-08-12,DNK,EURO,135,0,0,6,0,0
Estonia,2022-08-12,EST,EURO,9,0,0,0,0,0
Finland,2022-08-12,FIN,EURO,22,0,0,0,0,0
France,2022-08-12,FRA,EURO,2601,0,0,0,0,0
Georgia,2022-08-12,GEO,EURO,1,0,0,0,0,0
Germany,2022-08-12,DEU,EURO,3102,0,0,77,0,0
Gibraltar,2022-08-12,GIB,EURO,6,0,0,0,0,0
Greece,2022-08-12,GRC,EURO,48,0,0,7,0,0
Greenland,2022-08-12,GRL,EURO,2,0,0,0,0,0
Hungary,2022-08-12,HUN,EURO,51,0,0,0,0,0
Iceland,2022-08-12,ISL,EURO,11,0,0,0,0,0
Ireland,2022-08-12,IRL,EURO,101,0,0,0,0,0
Israel,2022-08-12,ISR,EURO,174,0,0,0,0,0
Italy,2022-08-12,ITA,EURO,644,0,0,45,0,0
Latvia,2022-08-12,LVA,EURO,3,0,0,0,0,0
Lithuania,2022-08-12,LTU,EURO,5,0,0,0,0,0
Luxembourg,2022-08-12,LUX,EURO,39,0,0,5,0,0
Malta,2022-08-12,MLT,EURO,30,0,0,0,0,0
Monaco,2022-08-12,MCO,EURO,3,0,0,3,0,0
Montenegro,2022-08-12,MNE,EURO,1,0,0,0,0,0
Netherlands,2022-08-12,NLD,EURO,1025,0,0,66,0,0
Norway,2022-08-12,NOR,EURO,67,0,0,1,0,0
Poland,2022-08-12,POL,EURO,85,0,0,0,0,0
Portugal,2022-08-12,PRT,EURO,770,0,0,60,0,0
Republic of Moldova,2022-08-12,MDA,EURO,1,0,0,0,0,0
Romania,2022-08-12,ROU,EURO,31,0,0,3,0,0
Russian Federation,2022-08-12,RUS,EURO,1,0,0,0,0,0
Serbia,2022-08-12,SRB,EURO,23,0,0,0,0,0
Slovakia,2022-08-12,SVK,EURO,9,0,0,0,0,0
Slovenia,2022-08-12,SVN,EURO,43,0,0,2,0,0
Spain,2022-08-12,ESP,EURO,5270,0,2,0,0,0
Sweden,2022-08-12,SWE,EURO,126,0,0,3,0,0
Switzerland,2022-08-12,CHE,EURO,368,0,0,7,0,0
The United Kingdom,2022-08-12,GBR,EURO,3017,0,0,0,0,0
Türkiye,2022-08-12,TUR,EURO,1,0,0,0,0,0
Andorra,2022-08-14,AND,EURO,4,0,0,0,0,0
Austria,2022-08-14,AUT,EURO,199,0,0,5,0,0
Belgium,2022-08-14,BEL,EURO,546,0,0,0,0,0
Benin,2022-08-14,BEN,AFRO,3,0,0,0,0,0
Bosnia and Herzegovina,2022-08-14,BIH,EURO,3,0,0,2,0,0
Bulgaria,2022-08-14,BGR,EURO,4,0,0,0,0,0
Cameroon,2022-08-14,CMR,AFRO,8,0,3,0,0,0
Central African Republic,2022-08-14,CAF,AFRO,22,0,0,1,0,0
Congo,2022-08-14,COG,AFRO,3,0,0,1,0,0
Croatia,2022-08-14,HRV,EURO,17,0,0,5,0,0
Cyprus,2022-08-14,CYP,EURO,3,0,0,0,0,0
Czechia,2022-08-14,CZE,EURO,35,0,0,0,0,0
Denmark,2022-08-14,DNK,EURO,141,0,0,6,0,0
Estonia,2022-08-14,EST,EURO,9,0,0,0,0,0
Finland,2022-08-14,FIN,EURO,22,0,0,0,0,0
France,2022-08-14,FRA,EURO,2673,0,0,72,0,0
Georgia,2022-08-14,GEO,EURO,1,0,0,0,0,0
Germany,2022-08-14,DEU,EURO,3102,0,0,0,0,0
Ghana,2022-08-14,GHA,AFRO,68,0,1,12,0,0
Gibraltar,2022-08-14,GIB,EURO,6,0,0,0,0,0
Greece,2022-08-14,GRC,EURO,49,0,0,1,0,0
Greenland,2022-08-14,GRL,EURO,2,0,0,0,0,0
Hungary,2022-08-14,HUN,EURO,57,0,0,6,0,0
Iceland,2022-08-14,ISL,EURO,11,0,0,0,0,0
Ireland,2022-08-14,IRL,EURO,101,0,0,0,0,0
Israel,2022-08-14,ISR,EURO,174,0,0,0,0,0
Italy,2022-08-14,ITA,EURO,644,0,0,0,0,0
Latvia,2022-08-14,LVA,EURO,3,0,0,0,0,0
Liberia,2022-08-14,LBR,AFRO,3,0,0,1,0,0
Lithuania,2022-08-14,LTU,EURO,5,0,0,0,0,0
Luxembourg,2022-08-14,LUX,EURO,41,0,0,2,0,0
Malta,2022-08-14,MLT,EURO,30,0,0,0,0,0
Monaco,2022-08-14,MCO,EURO,3,0,0,0,0,0
Montenegro,2022-08-14,MNE,EURO,1,0,0,0,0,0
Mozambique,2022-08-14,MOZ,AFRO,0,0,0,0,0,0
Netherlands,2022-08-14,NLD,EURO,1025,0,0,0,0,0
Nigeria,2022-08-14,NGA,AFRO,225,0,4,48,0,0
Norway,2022-08-14,NOR,EURO,70,0,0,3,0,0
Poland,2022-08-14,POL,EURO,95,0,0,10,0,0
Portugal,2022-08-14,PRT,EURO,770,0,0,0,0,0
Republic of Moldova,2022-08-14,MDA,EURO,1,0,0,0,0,0
Romania,2022-08-14,ROU,EURO,32,0,0,1,0,0
Russian Federation,2022-08-14,RUS,EURO,1,0,0,0,0,0
Serbia,2022-08-14,SRB,EURO,23,0,0,0,0,0
Slovakia,2022-08-14,SVK,EURO,10,0,0,1,0,0
Slovenia,2022-08-14,SVN,EURO,43,0,0,0,0,0
South Africa,2022-08-14,ZAF,AFRO,3,0,0,0,0,0
Spain,2022-08-14,ESP,EURO,5719,0,2,449,0,0
Sweden,2022-08-14,SWE,EURO,129,0,0,3,0,0
Switzerland,2022-08-14,CHE,EURO,376,0,0,8,0,0
The United Kingdom,2022-08-14,GBR,EURO,3037,0,0,20,0,0
Türkiye,2022-08-14,TUR,EURO,1,0,0,0,0,0
Argentina,2022-08-15,ARG,AMRO,123,0,0,47,0,0
Bahamas,2022-08-15,BHS,AMRO,2,0,0,0,0,0
Barbados,2022-08-15,BRB,AMRO,1,0,0,0,0,0
Bermuda,2022-08-15,BMU,AMRO,1,0,0,0,0,0
Bolivia (Plurinational State of),2022-08-15,BOL,AMRO,42,0,0,27,0,0
Brazil,2022-08-15,BRA,AMRO,5736,0,1,868,0,0
Canada,2022-08-15,CAN,AMRO,1313,0,0,69,0,0
Chile,2022-08-15,CHL,AMRO,391,0,0,136,0,0
Colombia,2022-08-15,COL,AMRO,696,0,0,344,0,0
Costa Rica,2022-08-15,CRI,AMRO,3,0,0,0,0,0
Curaçao,2022-08-15,CUW,AMRO,1,0,0,1,0,0
Dominican Republic,2022-08-15,DOM,AMRO,16,0,1,8,0,1
Ecuador,2022-08-15,ECU,AMRO,50,0,1,16,0,0
Guadeloupe,2022-08-15,GLP,AMRO,1,0,0,0,0,0
Guatemala,2022-08-15,GTM,AMRO,7,0,0,2,0,0
Guyana,2022-08-15,GUY,AMRO,1,0,0,1,0,0
Honduras,2022-08-15,HND,AMRO,3,0,0,1,0,0
India,2022-08-15,IND,SEARO,10,0,1,1,0,0
Jamaica,2022-08-15,JAM,AMRO,6,0,0,2,0,0
Martinique,2022-08-15,MTQ,AMRO,1,0,0,0,0,0
Mexico,2022-08-15,MEX,AMRO,718,0,3,199,0,0
Panama,2022-08-15,PAN,AMRO,9,0,0,4,0,0
Peru,2022-08-15,PER,AMRO,1485,0,12,310,0,1
Saint Martin,2022-08-15,MAF,AMRO,1,0,0,0,0,0
Saudi Arabia,2022-08-15,SAU,EMRO,6,0,0,1,0,0
Thailand,2022-08-15,THA,SEARO,5,0,0,1,0,0
United States of America,2022-08-15,USA,AMRO,18925,0,21,2664,0,6
Uruguay,2022-08-15,URY,AMRO,5,0,0,2,0,0
Venezuela (Bolivarian Republic of),2022-08-15,VEN,AMRO,1,0,0,0,0,0
Andorra,2022-08-16,AND,EURO,4,0,0,0,0,0
Australia,2022-08-16,AUS,WPRO,82,0,0,12,0,0
Austria,2022-08-16,AUT,EURO,210,0,0,11,0,0
Belgium,2022-08-16,BEL,EURO,546,0,0,0,0,0
Bosnia and Herzegovina,2022-08-16,BIH,EURO,3,0,0,0,0,0
Bulgaria,2022-08-16,BGR,EURO,4,0,0,0,0,0
Croatia,2022-08-16,HRV,EURO,17,0,0,0,0,0
Cyprus,2022-08-16,CYP,EURO,3,0,0,0,0,0
Czechia,2022-08-16,CZE,EURO,36,0,0,1,0,0
Denmark,2022-08-16,DNK,EURO,154,0,0,13,0,0
Estonia,2022-08-16,EST,EURO,9,0,0,0,0,0
Finland,2022-08-16,FIN,EURO,22,0,0,0,0,0
France,2022-08-16,FRA,EURO,2673,0,0,0,0,0
Georgia,2022-08-16,GEO,EURO,1,0,0,0,0,0
Germany,2022-08-16,DEU,EURO,3187,0,0,85,0,0
Gibraltar,2022-08-16,GIB,EURO,6,0,0,0,0,0
Greece,2022-08-16,GRC,EURO,49,0,0,0,0,0
Greenland,2022-08-16,GRL,EURO,2,0,0,0,0,0
Hungary,2022-08-16,HUN,EURO,62,0,0,5,0,0
Iceland,2022-08-16,ISL,EURO,12,0,0,1,0,0
Ireland,2022-08-16,IRL,EURO,113,0,0,12,0,0
Israel,2022-08-16,ISR,EURO,189,0,0,15,0,0
Italy,2022-08-16,ITA,EURO,662,0,0,18,0,0
Latvia,2022-08-16,LVA,EURO,4,0,0,1,0,0
Lithuania,2022-08-16,LTU,EURO,5,0,0,0,0,0
Luxembourg,2022-08-16,LUX,EURO,43,0,0,2,0,0
Malta,2022-08-16,MLT,EURO,30,0,0,0,0,0
Monaco,2022-08-16,MCO,EURO,3,0,0,0,0,0
Montenegro,2022-08-16,MNE,EURO,1,0,0,0,0,0
Netherlands,2022-08-16,NLD,EURO,1029,0,0,4,0,0
Norway,2022-08-16,NOR,EURO,74,0,0,4,0,0
Poland,2022-08-16,POL,EURO,104,0,0,9,0,0
Portugal,2022-08-16,PRT,EURO,770,0,0,0,0,0
Republic of Moldova,2022-08-16,MDA,EURO,1,0,0,0,0,0
Romania,2022-08-16,ROU,EURO,32,0,0,0,0,0
Russian Federation,2022-08-16,RUS,EURO,1,0,0,0,0,0
Serbia,2022-08-16,SRB,EURO,23,0,0,0,0,0
Slovakia,2022-08-16,SVK,EURO,10,0,0,0,0,0
Slovenia,2022-08-16,SVN,EURO,43,0,0,0,0,0
Spain,2022-08-16,ESP,EURO,5719,0,2,0,0,0
Sweden,2022-08-16,SWE,EURO,130,0,0,1,0,0
Switzerland,2022-08-16,CHE,EURO,387,0,0,11,0,0
The United Kingdom,2022-08-16,GBR,EURO,3055,0,0,18,0,0
Türkiye,2022-08-16,TUR,EURO,1,0,0,0,0,0
Andorra,2022-08-17,AND,EURO,4,0,0,0,0,0
Austria,2022-08-17,AUT,EURO,216,0,0,6,0,0
Belgium,2022-08-17,BEL,EURO,624,0,0,78,0,0
Bosnia and Herzegovina,2022-08-17,BIH,EURO,3,0,0,0,0,0
Bulgaria,2022-08-17,BGR,EURO,4,0,0,0,0,0
Croatia,2022-08-17,HRV,EURO,17,0,0,0,0,0
Cyprus,2022-08-17,CYP,EURO,3,0,0,0,0,0
Czechia,2022-08-17,CZE,EURO,36,0,0,0,0,0
Denmark,2022-08-17,DNK,EURO,155,0,0,1,0,0
Estonia,2022-08-17,EST,EURO,9,0,0,0,0,0
Finland,2022-08-17,FIN,EURO,22,0,0,0,0,0
France,2022-08-17,FRA,EURO,2749,0,0,76,0,0
Georgia,2022-08-17,GEO,EURO,2,0,0,1,0,0
Germany,2022-08-17,DEU,EURO,3187,0,0,0,0,0
Gibraltar,2022-08-17,GIB,EURO,6,0,0,0,0,0
Greece,2022-08-17,GRC,EURO,49,0,0,0,0,0
Greenland,2022-08-17,GRL,EURO,2,0,0,0,0,0
Hungary,2022-08-17,HUN,EURO,62,0,0,0,0,0
Iceland,2022-08-17,ISL,EURO,12,0,0,0,0,0
Ireland,2022-08-17,IRL,EURO,113,0,0,0,0,0
Israel,2022-08-17,ISR,EURO,189,0,0,0,0,0
Italy,2022-08-17,ITA,EURO,662,0,0,0,0,0
Latvia,2022-08-17,LVA,EURO,4,0,0,0,0,0
Lithuania,2022-08-17,LTU,EURO,5,0,0,0,0,0
Luxembourg,2022-08-17,LUX,EURO,43,0,0,0,0,0
Malta,2022-08-17,MLT,EURO,31,0,0,1,0,0
Monaco,2022-08-17,MCO,EURO,3,0,0,0,0,0
Montenegro,2022-08-17,MNE,EURO,1,0,0,0,0,0
Netherlands,2022-08-17,NLD,EURO,1029,0,0,0,0,0
Norway,2022-08-17,NOR,EURO,74,0,0,0,0,0
Poland,2022-08-17,POL,EURO,104,0,0,0,0,0
Portugal,2022-08-17,PRT,EURO,770,0,0,0,0,0
Republic of Moldova,2022-08-17,MDA,EURO,2,0,0,1,0,0
Romania,2022-08-17,ROU,EURO,32,0,0,0,0,0
Russian Federation,2022-08-17,RUS,EURO,1,0,0,0,0,0
Serbia,2022-08-17,SRB,EURO,23,0,0,0,0,0
Slovakia,2022-08-17,SVK,EURO,10,0,0,0,0,0
Slovenia,2022-08-17,SVN,EURO,43,0,0,0,0,0
Spain,2022-08-17,ESP,EURO,5792,0,2,73,0,0
Sweden,2022-08-17,SWE,EURO,130,0,0,0,0,0
Switzerland,2022-08-17,CHE,EURO,388,0,0,1,0,0
The United Kingdom,2022-08-17,GBR,EURO,3055,0,0,0,0,0
Türkiye,2022-08-17,TUR,EURO,1,0,0,0,0,0
Andorra,2022-08-18,AND,EURO,4,0,0,0,0,0
Australia,2022-08-18,AUS,WPRO,89,0,0,7,0,0
Austria,2022-08-18,AUT,EURO,217,0,0,1,0,0
Belgium,2022-08-18,BEL,EURO,624,0,0,0,0,0
Bosnia and Herzegovina,2022-08-18,BIH,EURO,3,0,0,0,0,0
Bulgaria,2022-08-18,BGR,EURO,4,0,0,0,0,0
Croatia,2022-08-18,HRV,EURO,17,0,0,0,0,0
Cyprus,2022-08-18,CYP,EURO,4,0,0,1,0,0
Czechia,2022-08-18,CZE,EURO,36,0,0,0,0,0
Denmark,2022-08-18,DNK,EURO,158,0,0,3,0,0
Estonia,2022-08-18,EST,EURO,9,0,0,0,0,0
Finland,2022-08-18,FIN,EURO,22,0,0,0,0,0
France,2022-08-18,FRA,EURO,2749,0,0,0,0,0
Georgia,2022-08-18,GEO,EURO,2,0,0,0,0,0
Germany,2022-08-18,DEU,EURO,3242,0,0,55,0,0
Gibraltar,2022-08-18,GIB,EURO,6,0,0,0,0,0
Greece,2022-08-18,GRC,EURO,50,0,0,1,0,0
Greenland,2022-08-18,GRL,EURO,2,0,0,0,0,0
Hungary,2022-08-18,HUN,EURO,62,0,0,0,0,0
Iceland,2022-08-18,ISL,EURO,12,0,0,0,0,0
Iran (Islamic Republic of),2022-08-18,IRN,EMRO,1,0,0,1,0,0
Ireland,2022-08-18,IRL,EURO,113,0,0,0,0,0
Israel,2022-08-18,ISR,EURO,194,0,0,5,0,0
Italy,2022-08-18,ITA,EURO,662,0,0,0,0,0
Latvia,2022-08-18,LVA,EURO,4,0,0,0,0,0
Lithuania,2022-08-18,LTU,EURO,5,0,0,0,0,0
Luxembourg,2022-08-18,LUX,EURO,45,0,0,2,0,0
Malta,2022-08-18,MLT,EURO,31,0,0,0,0,0
Monaco,2022-08-18,MCO,EURO,3,0,0,0,0,0
Montenegro,2022-08-18,MNE,EURO,1,0,0,0,0,0
Netherlands,2022-08-18,NLD,EURO,1029,0,0,0,0,0
Norway,2022-08-18,NOR,EURO,74,0,0,0,0,0
Philippines,2022-08-18,PHL,WPRO,3,0,0,2,0,0
Poland,2022-08-18,POL,EURO,104,0,0,0,0,0
Portugal,2022-08-18,PRT,EURO,770,0,0,0,0,0
Republic of Moldova,2022-08-18,MDA,EURO,2,0,0,0,0,0
Romania,2022-08-18,ROU,EURO,33,0,0,1,0,0
Russian Federation,2022-08-18,RUS,EURO,1,0,0,0,0,0
Serbia,2022-08-18,SRB,EURO,31,0,0,8,0,0
Slovakia,2022-08-18,SVK,EURO,10,0,0,0,0,0
Slovenia,2022-08-18,SVN,EURO,43,0,0,0,0,0
Spain,2022-08-18,ESP,EURO,5792,0,2,0,0,0
Sweden,2022-08-18,SWE,EURO,130,0,0,0,0,0
Switzerland,2022-08-18,CHE,EURO,392,0,0,4,0,0
The United Kingdom,2022-08-18,GBR,EURO,3195,0,0,140,0,0
Türkiye,2022-08-18,TUR,EURO,1,0,0,0,0,0
Andorra,2022-08-19,AND,EURO,4,0,0,0,0,0
Austria,2022-08-19,AUT,EURO,217,0,0,0,0,0
Belgium,2022-08-19,BEL,EURO,624,0,0,0,0,0
Bosnia and Herzegovina,2022-08-19,BIH,EURO,3,0,0,0,0,0
Bulgaria,2022-08-19,BGR,EURO,4,0,0,0,0,0
Croatia,2022-08-19,HRV,EURO,17,0,0,0,0,0
Cyprus,2022-08-19,CYP,EURO,4,0,0,0,0,0
Czechia,2022-08-19,CZE,EURO,36,0,0,0,0,0
Denmark,2022-08-19,DNK,EURO,158,0,0,0,0,0
Estonia,2022-08-19,EST,EURO,9,0,0,0,0,0
Finland,2022-08-19,FIN,EURO,22,0,0,0,0,0
France,2022-08-19,FRA,EURO,2889,0,0,140,0,0
Georgia,2022-08-19,GEO,EURO,2,0,0,0,0,0
Germany,2022-08-19,DEU,EURO,3266,0,0,24,0,0
Gibraltar,2022-08-19,GIB,EURO,6,0,0,0,0,0
Greece,2022-08-19,GRC,EURO,50,0,0,0,0,0
Greenland,2022-08-19,GRL,EURO,2,0,0,0,0,0
Hungary,2022-08-19,HUN,EURO,62,0,0,0,0,0
Iceland,2022-08-19,ISL,EURO,12,0,0,0,0,0
Ireland,2022-08-19,IRL,EURO,113,0,0,0,0,0
Israel,2022-08-19,ISR,EURO,194,0,0,0,0,0
Italy,2022-08-19,ITA,EURO,689,0,0,27,0,0
Latvia,2022-08-19,LVA,EURO,4,0,0,0,0,0
Lithuania,2022-08-19,LTU,EURO,5,0,0,0,0,0
Luxembourg,2022-08-19,LUX,EURO,45,0,0,0,0,0
Malta,2022-08-19,MLT,EURO,31,0,0,0,0,0
Monaco,2022-08-19,MCO,EURO,3,0,0,0,0,0
Montenegro,2022-08-19,MNE,EURO,1,0,0,0,0,0
Netherlands,2022-08-19,NLD,EURO,1087,0,0,58,0,0
Norway,2022-08-19,NOR,EURO,76,0,0,2,0,0
Poland,2022-08-19,POL,EURO,104,0,0,0,0,0
Portugal,2022-08-19,PRT,EURO,810,0,0,40,0,0
Republic of Moldova,2022-08-19,MDA,EURO,2,0,0,0,0,0
Romania,2022-08-19,ROU,EURO,33,0,0,0,0,0
Russian Federation,2022-08-19,RUS,EURO,1,0,0,0,0,0
Serbia,2022-08-19,SRB,EURO,31,0,0,0,0,0
Singapore,2022-08-19,SGP,WPRO,16,0,0,1,0,0
Slovakia,2022-08-19,SVK,EURO,10,0,0,0,0,0
Slovenia,2022-08-19,SVN,EURO,43,0,0,0,0,0
Spain,2022-08-19,ESP,EURO,5792,0,2,0,0,0
Sweden,2022-08-19,SWE,EURO,139,0,0,9,0,0
Switzerland,2022-08-19,CHE,EURO,392,0,0,0,0,0
The United Kingdom,2022-08-19,GBR,EURO,3195,0,0,0,0,0
Türkiye,2022-08-19,TUR,EURO,1,0,0,0,0,0
Benin,2022-08-21,BEN,AFRO,3,0,0,0,0,0
Cameroon,2022-08-21,CMR,AFRO,8,0,3,0,0,0
Central African Republic,2022-08-21,CAF,AFRO,22,0,0,0,0,0
Congo,2022-08-21,COG,AFRO,3,0,0,0,0,0
Ghana,2022-08-21,GHA,AFRO,79,0,4,11,0,3
Liberia,2022-08-21,LBR,AFRO,3,0,0,0,0,0
Mozambique,2022-08-21,MOZ,AFRO,0,0,0,0,0,0
Nigeria,2022-08-21,NGA,AFRO,246,0,6,21,0,2
South Africa,2022-08-21,ZAF,AFRO,4,0,0,1,0,0
Andorra,2022-08-22,AND,EURO,4,0,0,0,0,0
Argentina,2022-08-22,ARG,AMRO,165,0,0,42,0,0
Aruba,2022-08-22,ABW,AMRO,1,0,0,1,0,0
Austria,2022-08-22,AUT,EURO,218,0,0,1,0,0
Bahamas,2022-08-22,BHS,AMRO,2,0,0,0,0,0
Barbados,2022-08-22,BRB,AMRO,1,0,0,0,0,0
Belgium,2022-08-22,BEL,EURO,624,0,0,0,0,0
Bermuda,2022-08-22,BMU,AMRO,1,0,0,0,0,0
Bolivia (Plurinational State of),2022-08-22,BOL,AMRO,65,0,0,23,0,0
Bosnia and Herzegovina,2022-08-22,BIH,EURO,3,0,0,0,0,0
Brazil,2022-08-22,BRA,AMRO,6450,0,1,714,0,0
Bulgaria,2022-08-22,BGR,EURO,4,0,0,0,0,0
Canada,2022-08-22,CAN,AMRO,1353,0,0,40,0,0
Chile,2022-08-22,CHL,AMRO,491,0,0,100,0,0
Colombia,2022-08-22,COL,AMRO,1118,0,0,422,0,0
Costa Rica,2022-08-22,CRI,AMRO,3,0,0,0,0,0
Croatia,2022-08-22,HRV,EURO,22,0,0,5,0,0
Cuba,2022-08-22,CUB,AMRO,1,0,1,1,0,1
Curaçao,2022-08-22,CUW,AMRO,1,0,0,0,0,0
Cyprus,2022-08-22,CYP,EURO,4,0,0,0,0,0
Czechia,2022-08-22,CZE,EURO,39,0,0,3,0,0
Denmark,2022-08-22,DNK,EURO,169,0,0,11,0,0
Dominican Republic,2022-08-22,DOM,AMRO,25,0,1,9,0,0
Ecuador,2022-08-22,ECU,AMRO,61,0,1,11,0,0
Estonia,2022-08-22,EST,EURO,9,0,0,0,0,0
Finland,2022-08-22,FIN,EURO,22,0,0,0,0,0
France,2022-08-22,FRA,EURO,2889,0,0,0,0,0
Georgia,2022-08-22,GEO,EURO,2,0,0,0,0,0
Germany,2022-08-22,DEU,EURO,3295,0,0,29,0,0
Gibraltar,2022-08-22,GIB,EURO,6,0,0,0,0,0
Greece,2022-08-22,GRC,EURO,50,0,0,0,0,0
Greenland,2022-08-22,GRL,EURO,2,0,0,0,0,0
Guadeloupe,2022-08-22,GLP,AMRO,1,0,0,0,0,0
Guatemala,2022-08-22,GTM,AMRO,10,0,0,3,0,0
Guyana,2022-08-22,GUY,AMRO,2,0,0,1,0,0
Honduras,2022-08-22,HND,AMRO,4,0,0,1,0,0
Hungary,2022-08-22,HUN,EURO,63,0,0,1,0,0
Iceland,2022-08-22,ISL,EURO,12,0,0,0,0,0
Indonesia,2022-08-22,IDN,SEARO,1,0,0,1,0,0
Ireland,2022-08-22,IRL,EURO,113,0,0,0,0,0
Israel,2022-08-22,ISR,EURO,208,0,0,14,0,0
Italy,2022-08-22,ITA,EURO,689,0,0,0,0,0
Jamaica,2022-08-22,JAM,AMRO,8,0,0,2,0,0
Latvia,2022-08-22,LVA,EURO,4,0,0,0,0,0
Lithuania,2022-08-22,LTU,EURO,5,0,0,0,0,0
Luxembourg,2022-08-22,LUX,EURO,45,0,0,0,0,0
Malta,2022-08-22,MLT,EURO,31,0,0,0,0,0
Martinique,2022-08-22,MTQ,AMRO,1,0,0,0,0,0
Mexico,2022-08-22,MEX,AMRO,978,0,4,260,0,1
Monaco,2022-08-22,MCO,EURO,3,0,0,0,0,0
Montenegro,2022-08-22,MNE,EURO,2,0,0,1,0,0
Netherlands,2022-08-22,NLD,EURO,1090,0,0,3,0,0
Norway,2022-08-22,NOR,EURO,76,0,0,0,0,0
Panama,2022-08-22,PAN,AMRO,12,0,0,3,0,0
Paraguay,2022-08-22,PRY,AMRO,1,0,0,1,0,0
Peru,2022-08-22,PER,AMRO,1730,0,13,245,0,1
Philippines,2022-08-22,PHL,WPRO,4,0,0,1,0,0
Poland,2022-08-22,POL,EURO,114,0,0,10,0,0
Portugal,2022-08-22,PRT,EURO,810,0,0,0,0,0
Republic of Moldova,2022-08-22,MDA,EURO,2,0,0,0,0,0
Romania,2022-08-22,ROU,EURO,34,0,0,1,0,0
Russian Federation,2022-08-22,RUS,EURO,1,0,0,0,0,0
Saint Martin,2022-08-22,MAF,AMRO,1,0,0,0,0,0
Serbia,2022-08-22,SRB,EURO,31,0,0,0,0,0
Slovakia,2022-08-22,SVK,EURO,12,0,0,2,0,0
Slovenia,2022-08-22,SVN,EURO,43,0,0,0,0,0
Spain,2022-08-22,ESP,EURO,6119,0,2,327,0,0
Sweden,2022-08-22,SWE,EURO,141,0,0,2,0,0
Switzerland,2022-08-22,CHE,EURO,416,0,0,24,0,0
The United Kingdom,2022-08-22,GBR,EURO,3225,0,0,30,0,0
Türkiye,2022-08-22,TUR,EURO,1,0,0,0,0,0
United States of America,2022-08-22,USA,AMRO,21084,0,26,2159,0,5
Uruguay,2022-08-22,URY,AMRO,5,0,0,0,0,0
Venezuela (Bolivarian Republic of),2022-08-22,VEN,AMRO,3,0,0,2,0,0
Andorra,2022-08-23,AND,EURO,4,0,0,0,0,0
Australia,2022-08-23,AUS,WPRO,102,0,0,13,0,0
Austria,2022-08-23,AUT,EURO,231,0,0,13,0,0
Belgium,2022-08-23,BEL,EURO,671,0,0,47,0,0
Bosnia and Herzegovina,2022-08-23,BIH,EURO,3,0,0,0,0,0
Bulgaria,2022-08-23,BGR,EURO,4,0,0,0,0,0
Croatia,2022-08-23,HRV,EURO,25,0,0,3,0,0
Cyprus,2022-08-23,CYP,EURO,4,0,0,0,0,0
Czechia,2022-08-23,CZE,EURO,41,0,0,2,0,0
Denmark,2022-08-23,DNK,EURO,169,0,0,0,0,0
Estonia,2022-08-23,EST,EURO,10,0,0,1,0,0
Finland,2022-08-23,FIN,EURO,22,0,0,0,0,0
France,2022-08-23,FRA,EURO,2889,0,0,0,0,0
Georgia,2022-08-23,GEO,EURO,2,0,0,0,0,0
Germany,2022-08-23,DEU,EURO,3329,0,0,34,0,0
Gibraltar,2022-08-23,GIB,EURO,6,0,0,0,0,0
Greece,2022-08-23,GRC,EURO,52,0,0,2,0,0
Greenland,2022-08-23,GRL,EURO,2,0,0,0,0,0
Hungary,2022-08-23,HUN,EURO,64,0,0,1,0,0
Iceland,2022-08-23,ISL,EURO,12,0,0,0,0,0
Ireland,2022-08-23,IRL,EURO,128,0,0,15,0,0
Israel,2022-08-23,ISR,EURO,213,0,0,5,0,0
Italy,2022-08-23,ITA,EURO,714,0,0,25,0,0
Latvia,2022-08-23,LVA,EURO,4,0,0,0,0,0
Lithuania,2022-08-23,LTU,EURO,5,0,0,0,0,0
Luxembourg,2022-08-23,LUX,EURO,47,0,0,2,0,0
Malta,2022-08-23,MLT,EURO,31,0,0,0,0,0
Monaco,2022-08-23,MCO,EURO,3,0,0,0,0,0
Montenegro,2022-08-23,MNE,EURO,2,0,0,0,0,0
Netherlands,2022-08-23,NLD,EURO,1090,0,0,0,0,0
Norway,2022-08-23,NOR,EURO,76,0,0,0,0,0
Poland,2022-08-23,POL,EURO,121,0,0,7,0,0
Portugal,2022-08-23,PRT,EURO,810,0,0,0,0,0
Republic of Moldova,2022-08-23,MDA,EURO,2,0,0,0,0,0
Romania,2022-08-23,ROU,EURO,35,0,0,1,0,0
Russian Federation,2022-08-23,RUS,EURO,1,0,0,0,0,0
Saudi Arabia,2022-08-23,SAU,EMRO,7,0,0,1,0,0
Serbia,2022-08-23,SRB,EURO,31,0,0,0,0,0
Slovakia,2022-08-23,SVK,EURO,12,0,0,0,0,0
Slovenia,2022-08-23,SVN,EURO,43,0,0,0,0,0
Spain,2022-08-23,ESP,EURO,6283,0,2,164,0,0
Sweden,2022-08-23,SWE,EURO,150,0,0,9,0,0
Switzerland,2022-08-23,CHE,EURO,416,0,0,0,0,0
The United Kingdom,2022-08-23,GBR,EURO,3340,0,0,115,0,0
Türkiye,2022-08-23,TUR,EURO,1,0,0,0,0,0
Andorra,2022-08-24,AND,EURO,4,0,0,0,0,0
Austria,2022-08-24,AUT,EURO,234,0,0,3,0,0
Belgium,2022-08-24,BEL,EURO,671,0,0,0,0,0
Bosnia and Herzegovina,2022-08-24,BIH,EURO,3,0,0,0,0,0
Bulgaria,2022-08-24,BGR,EURO,4,0,0,0,0,0
Croatia,2022-08-24,HRV,EURO,25,0,0,0,0,0
Cyprus,2022-08-24,CYP,EURO,4,0,0,0,0,0
Czechia,2022-08-24,CZE,EURO,41,0,0,0,0,0
Denmark,2022-08-24,DNK,EURO,169,0,0,0,0,0
Estonia,2022-08-24,EST,EURO,10,0,0,0,0,0
Finland,2022-08-24,FIN,EURO,22,0,0,0,0,0
France,2022-08-24,FRA,EURO,2889,0,0,0,0,0
Georgia,2022-08-24,GEO,EURO,2,0,0,0,0,0
Germany,2022-08-24,DEU,EURO,3350,0,0,21,0,0
Gibraltar,2022-08-24,GIB,EURO,6,0,0,0,0,0
Greece,2022-08-24,GRC,EURO,52,0,0,0,0,0
Greenland,2022-08-24,GRL,EURO,2,0,0,0,0,0
Hungary,2022-08-24,HUN,EURO,64,0,0,0,0,0
Iceland,2022-08-24,ISL,EURO,12,0,0,0,0,0
Ireland,2022-08-24,IRL,EURO,128,0,0,0,0,0
Israel,2022-08-24,ISR,EURO,213,0,0,0,0,0
Italy,2022-08-24,ITA,EURO,714,0,0,0,0,0
Latvia,2022-08-24,LVA,EURO,4,0,0,0,0,0
Lithuania,2022-08-24,LTU,EURO,5,0,0,0,0,0
Luxembourg,2022-08-24,LUX,EURO,47,0,0,0,0,0
Malta,2022-08-24,MLT,EURO,31,0,0,0,0,0
Monaco,2022-08-24,MCO,EURO,3,0,0,0,0,0
Montenegro,2022-08-24,MNE,EURO,2,0,0,0,0,0
Netherlands,2022-08-24,NLD,EURO,1090,0,0,0,0,0
Norway,2022-08-24,NOR,EURO,76,0,0,0,0,0
Poland,2022-08-24,POL,EURO,121,0,0,0,0,0
Portugal,2022-08-24,PRT,EURO,810,0,0,0,0,0
Republic of Moldova,2022-08-24,MDA,EURO,2,0,0,0,0,0
Romania,2022-08-24,ROU,EURO,35,0,0,0,0,0
Russian Federation,2022-08-24,RUS,EURO,1,0,0,0,0,0
Serbia,2022-08-24,SRB,EURO,31,0,0,0,0,0
Slovakia,2022-08-24,SVK,EURO,12,0,0,0,0,0
Slovenia,2022-08-24,SVN,EURO,43,0,0,0,0,0
Spain,2022-08-24,ESP,EURO,6284,0,2,1,0,0
Sweden,2022-08-24,SWE,EURO,150,0,0,0,0,0
Switzerland,2022-08-24,CHE,EURO,424,0,0,8,0,0
The United Kingdom,2022-08-24,GBR,EURO,3340,0,0,0,0,0
Türkiye,2022-08-24,TUR,EURO,1,0,0,0,0,0
Andorra,2022-08-25,AND,EURO,4,0,0,0,0,0
Austria,2022-08-25,AUT,EURO,250,0,0,16,0,0
Belgium,2022-08-25,BEL,EURO,671,0,0,0,0,0
Bosnia and Herzegovina,2022-08-25,BIH,EURO,3,0,0,0,0,0
Bulgaria,2022-08-25,BGR,EURO,4,0,0,0,0,0
Croatia,2022-08-25,HRV,EURO,25,0,0,0,0,0
Cyprus,2022-08-25,CYP,EURO,4,0,0,0,0,0
Czechia,2022-08-25,CZE,EURO,41,0,0,0,0,0
Denmark,2022-08-25,DNK,EURO,169,0,0,0,0,0
Estonia,2022-08-25,EST,EURO,10,0,0,0,0,0
Finland,2022-08-25,FIN,EURO,22,0,0,0,0,0
France,2022-08-25,FRA,EURO,2889,0,0,0,0,0
Georgia,2022-08-25,GEO,EURO,2,0,0,0,0,0
Germany,2022-08-25,DEU,EURO,3387,0,0,37,0,0
Gibraltar,2022-08-25,GIB,EURO,6,0,0,0,0,0
Greece,2022-08-25,GRC,EURO,54,0,0,2,0,0
Greenland,2022-08-25,GRL,EURO,2,0,0,0,0,0
Hungary,2022-08-25,HUN,EURO,64,0,0,0,0,0
Iceland,2022-08-25,ISL,EURO,12,0,0,0,0,0
Ireland,2022-08-25,IRL,EURO,128,0,0,0,0,0
Israel,2022-08-25,ISR,EURO,215,0,0,2,0,0
Italy,2022-08-25,ITA,EURO,714,0,0,0,0,0
Latvia,2022-08-25,LVA,EURO,4,0,0,0,0,0
Lithuania,2022-08-25,LTU,EURO,5,0,0,0,0,0
Luxembourg,2022-08-25,LUX,EURO,50,0,0,3,0,0
Malta,2022-08-25,MLT,EURO,31,0,0,0,0,0
Monaco,2022-08-25,MCO,EURO,3,0,0,0,0,0
Montenegro,2022-08-25,MNE,EURO,2,0,0,0,0,0
Netherlands,2022-08-25,NLD,EURO,1136,0,0,46,0,0
Norway,2022-08-25,NOR,EURO,77,0,0,1,0,0
Poland,2022-08-25,POL,EURO,122,0,0,1,0,0
Portugal,2022-08-25,PRT,EURO,810,0,0,0,0,0
Republic of Moldova,2022-08-25,MDA,EURO,2,0,0,0,0,0
Romania,2022-08-25,ROU,EURO,35,0,0,0,0,0
Russian Federation,2022-08-25,RUS,EURO,1,0,0,0,0,0
Serbia,2022-08-25,SRB,EURO,31,0,0,0,0,0
Slovakia,2022-08-25,SVK,EURO,12,0,0,0,0,0
Slovenia,2022-08-25,SVN,EURO,43,0,0,0,0,0
Spain,2022-08-25,ESP,EURO,6284,0,2,0,0,0
Sweden,2022-08-25,SWE,EURO,150,0,0,0,0,0
Switzerland,2022-08-25,CHE,EURO,431,0,0,7,0,0
The United Kingdom,2022-08-25,GBR,EURO,3340,0,0,0,0,0
Türkiye,2022-08-25,TUR,EURO,1,0,0,0,0,0
Andorra,2022-08-26,AND,EURO,4,0,0,0,0,0
Australia,2022-08-26,AUS,WPRO,106,0,0,4,0,0
Austria,2022-08-26,AUT,EURO,258,0,0,8,0,0
Belgium,2022-08-26,BEL,EURO,671,0,0,0,0,0
Bosnia and Herzegovina,2022-08-26,BIH,EURO,3,0,0,0,0,0
Bulgaria,2022-08-26,BGR,EURO,4,0,0,0,0,0
Croatia,2022-08-26,HRV,EURO,26,0,0,1,0,0
Cyprus,2022-08-26,CYP,EURO,4,0,0,0,0,0
Czechia,2022-08-26,CZE,EURO,46,0,0,5,0,0
Denmark,2022-08-26,DNK,EURO,171,0,0,2,0,0
Estonia,2022-08-26,EST,EURO,10,0,0,0,0,0
Finland,2022-08-26,FIN,EURO,22,0,0,0,0,0
France,2022-08-26,FRA,EURO,3421,0,0,532,0,0
Georgia,2022-08-26,GEO,EURO,2,0,0,0,0,0
Germany,2022-08-26,DEU,EURO,3405,0,0,18,0,0
Gibraltar,2022-08-26,GIB,EURO,6,0,0,0,0,0
Greece,2022-08-26,GRC,EURO,54,0,0,0,0,0
Greenland,2022-08-26,GRL,EURO,2,0,0,0,0,0
Hungary,2022-08-26,HUN,EURO,67,0,0,3,0,0
Iceland,2022-08-26,ISL,EURO,12,0,0,0,0,0
Ireland,2022-08-26,IRL,EURO,128,0,0,0,0,0
Israel,2022-08-26,ISR,EURO,215,0,0,0,0,0
Italy,2022-08-26,ITA,EURO,740,0,0,26,0,0
Latvia,2022-08-26,LVA,EURO,4,0,0,0,0,0
Lithuania,2022-08-26,LTU,EURO,5,0,0,0,0,0
Luxembourg,2022-08-26,LUX,EURO,50,0,0,0,0,0
Malta,2022-08-26,MLT,EURO,31,0,0,0,0,0
Monaco,2022-08-26,MCO,EURO,3,0,0,0,0,0
Montenegro,2022-08-26,MNE,EURO,2,0,0,0,0,0
Netherlands,2022-08-26,NLD,EURO,1136,0,0,0,0,0
Norway,2022-08-26,NOR,EURO,79,0,0,2,0,0
Poland,2022-08-26,POL,EURO,128,0,0,6,0,0
Portugal,2022-08-26,PRT,EURO,846,0,0,36,0,0
Republic of Moldova,2022-08-26,MDA,EURO,2,0,0,0,0,0
Romania,2022-08-26,ROU,EURO,36,0,0,1,0,0
Russian Federation,2022-08-26,RUS,EURO,1,0,0,0,0,0
Serbia,2022-08-26,SRB,EURO,31,0,0,0,0,0
Slovakia,2022-08-26,SVK,EURO,12,0,0,0,0,0
Slovenia,2022-08-26,SVN,EURO,43,0,0,0,0,0
Spain,2022-08-26,ESP,EURO,6459,0,2,175,0,0
Sweden,2022-08-26,SWE,EURO,156,0,0,6,0,0
Switzerland,2022-08-26,CHE,EURO,431,0,0,0,0,0
The United Kingdom,2022-08-26,GBR,EURO,3340,0,0,0,0,0
Türkiye,2022-08-26,TUR,EURO,1,0,0,0,0,0
Benin,2022-08-28,BEN,AFRO,3,0,0,0,0,0
Cameroon,2022-08-28,CMR,AFRO,8,0,3,0,0,0
Central African Republic,2022-08-28,CAF,AFRO,22,0,0,0,0,0
Congo,2022-08-28,COG,AFRO,3,0,0,0,0,0
Ghana,2022-08-28,GHA,AFRO,86,0,4,7,0,0
Liberia,2022-08-28,LBR,AFRO,3,0,0,0,0,0
Mozambique,2022-08-28,MOZ,AFRO,0,0,0,0,0,0
Nigeria,2022-08-28,NGA,AFRO,282,0,6,36,0,0
South Africa,2022-08-28,ZAF,AFRO,5,0,0,1,0,0
Andorra,2022-08-29,AND,EURO,4,0,0,0,0,0
Argentina,2022-08-29,ARG,AMRO,211,0,1,46,0,1
Aruba,2022-08-29,ABW,AMRO,2,0,0,1,0,0
Austria,2022-08-29,AUT,EURO,258,0,0,0,0,0
Bahamas,2022-08-29,BHS,AMRO,2,0,0,0,0,0
Barbados,2022-08-29,BRB,AMRO,1,0,0,0,0,0
Belgium,2022-08-29,BEL,EURO,671,0,0,0,0,0
Bermuda,2022-08-29,BMU,AMRO,1,0,0,0,0,0
Bolivia (Plurinational State of),2022-08-29,BOL,AMRO,90,0,0,25,0,0
Bosnia and Herzegovina,2022-08-29,BIH,EURO,3,0,0,0,0,0
Brazil,2022-08-29,BRA,AMRO,7106,0,2,656,0,1
Bulgaria,2022-08-29,BGR,EURO,4,0,0,0,0,0
Canada,2022-08-29,CAN,AMRO,1382,0,0,29,0,0
Chile,2022-08-29,CHL,AMRO,634,0,0,143,0,0
Colombia,2022-08-29,COL,AMRO,1539,0,0,421,0,0
Costa Rica,2022-08-29,CRI,AMRO,3,0,0,0,0,0
Croatia,2022-08-29,HRV,EURO,26,0,0,0,0,0
Cuba,2022-08-29,CUB,AMRO,1,0,1,0,0,0
Curaçao,2022-08-29,CUW,AMRO,1,0,0,0,0,0
Cyprus,2022-08-29,CYP,EURO,5,0,0,1,0,0
Czechia,2022-08-29,CZE,EURO,46,0,0,0,0,0
Denmark,2022-08-29,DNK,EURO,173,0,0,2,0,0
Dominican Republic,2022-08-29,DOM,AMRO,41,0,1,16,0,0
Ecuador,2022-08-29,ECU,AMRO,76,0,1,15,0,0
El Salvador,2022-08-29,SLV,AMRO,1,0,0,1,0,0
Estonia,2022-08-29,EST,EURO,10,0,0,0,0,0
Finland,2022-08-29,FIN,EURO,22,0,0,0,0,0
France,2022-08-29,FRA,EURO,3421,0,0,0,0,0
Georgia,2022-08-29,GEO,EURO,2,0,0,0,0,0
Germany,2022-08-29,DEU,EURO,3422,0,0,17,0,0
Gibraltar,2022-08-29,GIB,EURO,6,0,0,0,0,0
Greece,2022-08-29,GRC,EURO,54,0,0,0,0,0
Greenland,2022-08-29,GRL,EURO,2,0,0,0,0,0
Guadeloupe,2022-08-29,GLP,AMRO,1,0,0,0,0,0
Guatemala,2022-08-29,GTM,AMRO,13,0,0,3,0,0
Guyana,2022-08-29,GUY,AMRO,2,0,0,0,0,0
Honduras,2022-08-29,HND,AMRO,4,0,0,0,0,0
Hungary,2022-08-29,HUN,EURO,67,0,0,0,0,0
Iceland,2022-08-29,ISL,EURO,12,0,0,0,0,0
Ireland,2022-08-29,IRL,EURO,128,0,0,0,0,0
Israel,2022-08-29,ISR,EURO,233,0,0,18,0,0
Italy,2022-08-29,ITA,EURO,740,0,0,0,0,0
Jamaica,2022-08-29,JAM,AMRO,13,0,0,5,0,0
Latvia,2022-08-29,LVA,EURO,4,0,0,0,0,0
Lithuania,2022-08-29,LTU,EURO,5,0,0,0,0,0
Luxembourg,2022-08-29,LUX,EURO,50,0,0,0,0,0
Malta,2022-08-29,MLT,EURO,31,0,0,0,0,0
Martinique,2022-08-29,MTQ,AMRO,1,0,0,0,0,0
Mexico,2022-08-29,MEX,AMRO,1247,0,4,269,0,0
Monaco,2022-08-29,MCO,EURO,3,0,0,0,0,0
Montenegro,2022-08-29,MNE,EURO,2,0,0,0,0,0
Morocco,2022-08-29,MAR,EMRO,3,0,0,2,0,0
Netherlands,2022-08-29,NLD,EURO,1136,0,0,0,0,0
Norway,2022-08-29,NOR,EURO,79,0,0,0,0,0
Panama,2022-08-29,PAN,AMRO,12,0,0,0,0,0
Paraguay,2022-08-29,PRY,AMRO,1,0,0,0,0,0
Peru,2022-08-29,PER,AMRO,1968,0,14,238,0,1
Poland,2022-08-29,POL,EURO,128,0,0,0,0,0
Portugal,2022-08-29,PRT,EURO,846,0,0,0,0,0
Republic of Moldova,2022-08-29,MDA,EURO,2,0,0,0,0,0
Romania,2022-08-29,ROU,EURO,36,0,0,0,0,0
Russian Federation,2022-08-29,RUS,EURO,1,0,0,0,0,0
Saint Martin,2022-08-29,MAF,AMRO,1,0,0,0,0,0
Serbia,2022-08-29,SRB,EURO,31,0,0,0,0,0
Slovakia,2022-08-29,SVK,EURO,12,0,0,0,0,0
Slovenia,2022-08-29,SVN,EURO,43,0,0,0,0,0
Spain,2022-08-29,ESP,EURO,6459,0,2,0,0,0
Sweden,2022-08-29,SWE,EURO,156,0,0,0,0,0
Switzerland,2022-08-29,CHE,EURO,436,0,0,5,0,0
Thailand,2022-08-29,THA,SEARO,7,0,0,2,0,0
The United Kingdom,2022-08-29,GBR,EURO,3340,0,0,0,0,0
Türkiye,2022-08-29,TUR,EURO,1,0,0,0,0,0
United States of America,2022-08-29,USA,AMRO,22922,0,32,1838,0,6
Uruguay,2022-08-29,URY,AMRO,5,0,0,0,0,0
Venezuela (Bolivarian Republic of),2022-08-29,VEN,AMRO,3,0,0,0,0,0
Andorra,2022-08-30,AND,EURO,4,0,0,0,0,0
Austria,2022-08-30,AUT,EURO,265,0,0,7,0,0
Belgium,2022-08-30,BEL,EURO,706,0,0,35,0,0
Bosnia and Herzegovina,2022-08-30,BIH,EURO,3,0,0,0,0,0
Bulgaria,2022-08-30,BGR,EURO,4,0,0,0,0,0
Croatia,2022-08-30,HRV,EURO,26,0,0,0,0,0
Cyprus,2022-08-30,CYP,EURO,5,0,0,0,0,0
Czechia,2022-08-30,CZE,EURO,48,0,0,2,0,0
Denmark,2022-08-30,DNK,EURO,174,0,0,1,0,0
Estonia,2022-08-30,EST,EURO,10,0,0,0,0,0
Finland,2022-08-30,FIN,EURO,22,0,0,0,0,0
France,2022-08-30,FRA,EURO,3421,0,0,0,0,0
Georgia,2022-08-30,GEO,EURO,2,0,0,0,0,0
Germany,2022-08-30,DEU,EURO,3455,0,0,33,0,0
Gibraltar,2022-08-30,GIB,EURO,6,0,0,0,0,0
Greece,2022-08-30,GRC,EURO,56,0,0,2,0,0
Greenland,2022-08-30,GRL,EURO,2,0,0,0,0,0
Hungary,2022-08-30,HUN,EURO,70,0,0,3,0,0
Iceland,2022-08-30,ISL,EURO,12,0,0,0,0,0
Ireland,2022-08-30,IRL,EURO,144,0,0,16,0,0
Israel,2022-08-30,ISR,EURO,234,0,0,1,0,0
Italy,2022-08-30,ITA,EURO,760,0,0,20,0,0
Latvia,2022-08-30,LVA,EURO,4,0,0,0,0,0
Lithuania,2022-08-30,LTU,EURO,5,0,0,0,0,0
Luxembourg,2022-08-30,LUX,EURO,53,0,0,3,0,0
Malta,2022-08-30,MLT,EURO,31,0,0,0,0,0
Monaco,2022-08-30,MCO,EURO,3,0,0,0,0,0
Montenegro,2022-08-30,MNE,EURO,2,0,0,0,0,0
Netherlands,2022-08-30,NLD,EURO,1160,0,0,24,0,0
Norway,2022-08-30,NOR,EURO,79,0,0,0,0,0
Poland,2022-08-30,POL,EURO,130,0,0,2,0,0
Portugal,2022-08-30,PRT,EURO,846,0,0,0,0,0
Republic of Moldova,2022-08-30,MDA,EURO,2,0,0,0,0,0
Romania,2022-08-30,ROU,EURO,36,0,0,0,0,0
Russian Federation,2022-08-30,RUS,EURO,1,0,0,0,0,0
Saudi Arabia,2022-08-30,SAU,EMRO,8,0,0,1,0,0
Serbia,2022-08-30,SRB,EURO,31,0,0,0,0,0
Slovakia,2022-08-30,SVK,EURO,12,0,0,0,0,0
Slovenia,2022-08-30,SVN,EURO,43,0,0,0,0,0
Spain,2022-08-30,ESP,EURO,6543,0,2,84,0,0
Sweden,2022-08-30,SWE,EURO,157,0,0,1,0,0
Switzerland,2022-08-30,CHE,EURO,455,0,0,19,0,0
The United Kingdom,2022-08-30,GBR,EURO,3340,0,0,0,0,0
Türkiye,2022-08-30,TUR,EURO,1,0,0,0,0,0
Andorra,2022-08-31,AND,EURO,4,0,0,0,0,0
Austria,2022-08-31,AUT,EURO,265,0,0,0,0,0
Belgium,2022-08-31,BEL,EURO,706,0,1,0,0,1
Bosnia and Herzegovina,2022-08-31,BIH,EURO,3,0,0,0,0,0
Bulgaria,2022-08-31,BGR,EURO,4,0,0,0,0,0
Croatia,2022-08-31,HRV,EURO,26,0,0,0,0,0
Cyprus,2022-08-31,CYP,EURO,5,0,0,0,0,0
Czechia,2022-08-31,CZE,EURO,48,0,0,0,0,0
Denmark,2022-08-31,DNK,EURO,174,0,0,0,0,0
Estonia,2022-08-31,EST,EURO,10,0,0,0,0,0
Finland,2022-08-31,FIN,EURO,22,0,0,0,0,0
France,2022-08-31,FRA,EURO,3547,0,0,126,0,0
Georgia,2022-08-31,GEO,EURO,2,0,0,0,0,0
Germany,2022-08-31,DEU,EURO,3467,0,0,12,0,0
Gibraltar,2022-08-31,GIB,EURO,6,0,0,0,0,0
Greece,2022-08-31,GRC,EURO,56,0,0,0,0,0
Greenland,2022-08-31,GRL,EURO,2,0,0,0,0,0
Hungary,2022-08-31,HUN,EURO,70,0,0,0,0,0
Iceland,2022-08-31,ISL,EURO,12,0,0,0,0,0
Ireland,2022-08-31,IRL,EURO,144,0,0,0,0,0
Israel,2022-08-31,ISR,EURO,234,0,0,0,0,0
Italy,2022-08-31,ITA,EURO,760,0,0,0,0,0
Latvia,2022-08-31,LVA,EURO,4,0,0,0,0,0
Lithuania,2022-08-31,LTU,EURO,5,0,0,0,0,0
Luxembourg,2022-08-31,LUX,EURO,53,0,0,0,0,0
Malta,2022-08-31,MLT,EURO,31,0,0,0,0,0
Monaco,2022-08-31,MCO,EURO,3,0,0,0,0,0
Montenegro,2022-08-31,MNE,EURO,2,0,0,0,0,0
Netherlands,2022-08-31,NLD,EURO,1160,0,0,0,0,0
Norway,2022-08-31,NOR,EURO,80,0,0,1,0,0
Poland,2022-08-31,POL,EURO,130,0,0,0,0,0
Portugal,2022-08-31,PRT,EURO,846,0,0,0,0,0
Republic of Moldova,2022-08-31,MDA,EURO,2,0,0,0,0,0
Romania,2022-08-31,ROU,EURO,36,0,0,0,0,0
Russian Federation,2022-08-31,RUS,EURO,1,0,0,0,0,0
Serbia,2022-08-31,SRB,EURO,31,0,0,0,0,0
Slovakia,2022-08-31,SVK,EURO,12,0,0,0,0,0
Slovenia,2022-08-31,SVN,EURO,43,0,0,0,0,0
Spain,2022-08-31,ESP,EURO,6543,0,2,0,0,0
Sweden,2022-08-31,SWE,EURO,157,0,0,0,0,0
Switzerland,2022-08-31,CHE,EURO,456,0,0,1,0,0
The United Kingdom,2022-08-31,GBR,EURO,3413,0,0,73,0,0
Türkiye,2022-08-31,TUR,EURO,1,0,0,0,0,0
Andorra,2022-09-01,AND,EURO,4,0,0,0,0,0
Australia,2022-09-01,AUS,WPRO,124,0,0,18,0,0
Austria,2022-09-01,AUT,EURO,271,0,0,6,0,0
Belgium,2022-09-01,BEL,EURO,706,0,1,0,0,0
Bosnia and Herzegovina,2022-09-01,BIH,EURO,3,0,0,0,0,0
Bulgaria,2022-09-01,BGR,EURO,4,0,0,0,0,0
Croatia,2022-09-01,HRV,EURO,26,0,0,0,0,0
Cyprus,2022-09-01,CYP,EURO,5,0,0,0,0,0
Czechia,2022-09-01,CZE,EURO,48,0,0,0,0,0
Denmark,2022-09-01,DNK,EURO,175,0,0,1,0,0
Estonia,2022-09-01,EST,EURO,10,0,0,0,0,0
Finland,2022-09-01,FIN,EURO,24,0,0,2,0,0
France,2022-09-01,FRA,EURO,3558,0,0,11,0,0
Georgia,2022-09-01,GEO,EURO,2,0,0,0,0,0
Germany,2022-09-01,DEU,EURO,3480,0,0,13,0,0
Gibraltar,2022-09-01,GIB,EURO,6,0,0,0,0,0
Greece,2022-09-01,GRC,EURO,58,0,0,2,0,0
Greenland,2022-09-01,GRL,EURO,2,0,0,0,0,0
Hungary,2022-09-01,HUN,EURO,70,0,0,0,0,0
Iceland,2022-09-01,ISL,EURO,12,0,0,0,0,0
Ireland,2022-09-01,IRL,EURO,144,0,0,0,0,0
Israel,2022-09-01,ISR,EURO,239,0,0,5,0,0
Italy,2022-09-01,ITA,EURO,760,0,0,0,0,0
Latvia,2022-09-01,LVA,EURO,4,0,0,0,0,0
Lithuania,2022-09-01,LTU,EURO,5,0,0,0,0,0
Luxembourg,2022-09-01,LUX,EURO,53,0,0,0,0,0
Malta,2022-09-01,MLT,EURO,31,0,0,0,0,0
Monaco,2022-09-01,MCO,EURO,3,0,0,0,0,0
Montenegro,2022-09-01,MNE,EURO,2,0,0,0,0,0
Mozambique,2022-09-01,MOZ,AFRO,0,0,0,0,0,0
Netherlands,2022-09-01,NLD,EURO,1166,0,0,6,0,0
Norway,2022-09-01,NOR,EURO,82,0,0,2,0,0
Poland,2022-09-01,POL,EURO,130,0,0,0,0,0
Portugal,2022-09-01,PRT,EURO,846,0,0,0,0,0
Republic of Moldova,2022-09-01,MDA,EURO,2,0,0,0,0,0
Romania,2022-09-01,ROU,EURO,36,0,0,0,0,0
Russian Federation,2022-09-01,RUS,EURO,1,0,0,0,0,0
Serbia,2022-09-01,SRB,EURO,31,0,0,0,0,0
Slovakia,2022-09-01,SVK,EURO,12,0,0,0,0,0
Slovenia,2022-09-01,SVN,EURO,43,0,0,0,0,0
Spain,2022-09-01,ESP,EURO,6543,0,2,0,0,0
Sweden,2022-09-01,SWE,EURO,161,0,0,4,0,0
Switzerland,2022-09-01,CHE,EURO,471,0,0,15,0,0
The United Kingdom,2022-09-01,GBR,EURO,3413,0,0,0,0,0
Türkiye,2022-09-01,TUR,EURO,1,0,0,0,0,0
New Zealand,2022-09-03,NZL,WPRO,5,0,0,1,0,0
Republic of Korea,2022-09-03,KOR,WPRO,2,0,0,1,0,0
Andorra,2022-09-04,AND,EURO,4,0,0,0,0,0
Austria,2022-09-04,AUT,EURO,273,0,0,2,0,0
Belgium,2022-09-04,BEL,EURO,706,0,1,0,0,0
Benin,2022-09-04,BEN,AFRO,3,0,0,0,0,0
Bosnia and Herzegovina,2022-09-04,BIH,EURO,3,0,0,0,0,0
Bulgaria,2022-09-04,BGR,EURO,4,0,0,0,0,0
Cameroon,2022-09-04,CMR,AFRO,8,0,3,0,0,0
Central African Republic,2022-09-04,CAF,AFRO,22,0,0,0,0,0
Congo,2022-09-04,COG,AFRO,3,0,0,0,0,0
Croatia,2022-09-04,HRV,EURO,27,0,0,1,0,0
Cyprus,2022-09-04,CYP,EURO,5,0,0,0,0,0
Czechia,2022-09-04,CZE,EURO,53,0,0,5,0,0
Denmark,2022-09-04,DNK,EURO,177,0,0,2,0,0
Estonia,2022-09-04,EST,EURO,10,0,0,0,0,0
Finland,2022-09-04,FIN,EURO,24,0,0,0,0,0
France,2022-09-04,FRA,EURO,3646,0,0,88,0,0
Georgia,2022-09-04,GEO,EURO,2,0,0,0,0,0
Germany,2022-09-04,DEU,EURO,3493,0,0,13,0,0
Ghana,2022-09-04,GHA,AFRO,89,0,4,3,0,0
Gibraltar,2022-09-04,GIB,EURO,6,0,0,0,0,0
Greece,2022-09-04,GRC,EURO,58,0,0,0,0,0
Greenland,2022-09-04,GRL,EURO,2,0,0,0,0,0
Hungary,2022-09-04,HUN,EURO,70,0,0,0,0,0
Iceland,2022-09-04,ISL,EURO,12,0,0,0,0,0
Ireland,2022-09-04,IRL,EURO,144,0,0,0,0,0
Israel,2022-09-04,ISR,EURO,239,0,0,0,0,0
Italy,2022-09-04,ITA,EURO,773,0,0,13,0,0
Latvia,2022-09-04,LVA,EURO,4,0,0,0,0,0
Liberia,2022-09-04,LBR,AFRO,3,0,0,0,0,0
Lithuania,2022-09-04,LTU,EURO,5,0,0,0,0,0
Luxembourg,2022-09-04,LUX,EURO,53,0,0,0,0,0
Malta,2022-09-04,MLT,EURO,31,0,0,0,0,0
Monaco,2022-09-04,MCO,EURO,3,0,0,0,0,0
Montenegro,2022-09-04,MNE,EURO,2,0,0,0,0,0
Netherlands,2022-09-04,NLD,EURO,1172,0,0,6,0,0
Nigeria,2022-09-04,NGA,AFRO,323,0,7,41,0,1
Norway,2022-09-04,NOR,EURO,82,0,0,0,0,0
Poland,2022-09-04,POL,EURO,141,0,0,11,0,0
Portugal,2022-09-04,PRT,EURO,871,0,0,25,0,0
Republic of Moldova,2022-09-04,MDA,EURO,2,0,0,0,0,0
Romania,2022-09-04,ROU,EURO,36,0,0,0,0,0
Russian Federation,2022-09-04,RUS,EURO,1,0,0,0,0,0
Serbia,2022-09-04,SRB,EURO,31,0,0,0,0,0
Slovakia,2022-09-04,SVK,EURO,14,0,0,2,0,0
Slovenia,2022-09-04,SVN,EURO,44,0,0,1,0,0
South Africa,2022-09-04,ZAF,AFRO,5,0,0,0,0,0
Spain,2022-09-04,ESP,EURO,6645,0,2,102,0,0
Sweden,2022-09-04,SWE,EURO,163,0,0,2,0,0
Switzerland,2022-09-04,CHE,EURO,476,0,0,5,0,0
The United Kingdom,2022-09-04,GBR,EURO,3413,0,0,0,0,0
Türkiye,2022-09-04,TUR,EURO,1,0,0,0,0,0
Argentina,2022-09-05,ARG,AMRO,268,0,1,57,0,0
Aruba,2022-09-05,ABW,AMRO,2,0,0,0,0,0
Australia,2022-09-05,AUS,WPRO,125,0,0,1,0,0
Bahamas,2022-09-05,BHS,AMRO,2,0,0,0,0,0
Barbados,2022-09-05,BRB,AMRO,1,0,0,0,0,0
Bermuda,2022-09-05,BMU,AMRO,1,0,0,0,0,0
Bolivia (Plurinational State of),2022-09-05,BOL,AMRO,119,0,0,29,0,0
Brazil,2022-09-05,BRA,AMRO,7716,0,2,610,0,0
Canada,2022-09-05,CAN,AMRO,1400,0,0,18,0,0
Chile,2022-09-05,CHL,AMRO,765,0,0,131,0,0
Colombia,2022-09-05,COL,AMRO,1998,0,0,459,0,0
Costa Rica,2022-09-05,CRI,AMRO,4,0,0,1,0,0
Cuba,2022-09-05,CUB,AMRO,2,0,1,1,0,0
Curaçao,2022-09-05,CUW,AMRO,1,0,0,0,0,0
Dominican Republic,2022-09-05,DOM,AMRO,50,0,1,9,0,0
Ecuador,2022-09-05,ECU,AMRO,98,0,1,22,0,0
El Salvador,2022-09-05,SLV,AMRO,1,0,0,0,0,0
Guadeloupe,2022-09-05,GLP,AMRO,1,0,0,0,0,0
Guatemala,2022-09-05,GTM,AMRO,13,0,0,0,0,0
Guyana,2022-09-05,GUY,AMRO,2,0,0,0,0,0
Honduras,2022-09-05,HND,AMRO,4,0,0,0,0,0
Jamaica,2022-09-05,JAM,AMRO,13,0,0,0,0,0
Martinique,2022-09-05,MTQ,AMRO,1,0,0,0,0,0
Mexico,2022-09-05,MEX,AMRO,1556,0,6,309,0,2
Panama,2022-09-05,PAN,AMRO,13,0,0,1,0,0
Paraguay,2022-09-05,PRY,AMRO,1,0,0,0,0,0
Peru,2022-09-05,PER,AMRO,2228,0,15,260,0,1
Saint Martin,2022-09-05,MAF,AMRO,1,0,0,0,0,0
United States of America,2022-09-05,USA,AMRO,24438,0,34,1516,0,2
Uruguay,2022-09-05,URY,AMRO,5,0,0,0,0,0
Venezuela (Bolivarian Republic of),2022-09-05,VEN,AMRO,3,0,0,0,0,0
Andorra,2022-09-06,AND,EURO,4,0,0,0,0,0
Austria,2022-09-06,AUT,EURO,278,0,0,5,0,0
Belgium,2022-09-06,BEL,EURO,726,0,1,20,0,0
Bosnia and Herzegovina,2022-09-06,BIH,EURO,3,0,0,0,0,0
Bulgaria,2022-09-06,BGR,EURO,5,0,0,1,0,0
China,2022-09-06,CHN,WPRO,4,0,0,1,0,0
Croatia,2022-09-06,HRV,EURO,27,0,0,0,0,0
Cyprus,2022-09-06,CYP,EURO,5,0,0,0,0,0
Czechia,2022-09-06,CZE,EURO,58,0,0,5,0,0
Denmark,2022-09-06,DNK,EURO,178,0,0,1,0,0
Estonia,2022-09-06,EST,EURO,10,0,0,0,0,0
Finland,2022-09-06,FIN,EURO,30,0,0,6,0,0
France,2022-09-06,FRA,EURO,3646,0,0,0,0,0
Georgia,2022-09-06,GEO,EURO,2,0,0,0,0,0
Germany,2022-09-06,DEU,EURO,3505,0,0,12,0,0
Gibraltar,2022-09-06,GIB,EURO,6,0,0,0,0,0
Greece,2022-09-06,GRC,EURO,62,0,0,4,0,0
Greenland,2022-09-06,GRL,EURO,2,0,0,0,0,0
Hungary,2022-09-06,HUN,EURO,71,0,0,1,0,0
Iceland,2022-09-06,ISL,EURO,12,0,0,0,0,0
Ireland,2022-09-06,IRL,EURO,160,0,0,16,0,0
Israel,2022-09-06,ISR,EURO,241,0,0,2,0,0
Italy,2022-09-06,ITA,EURO,787,0,0,14,0,0
Latvia,2022-09-06,LVA,EURO,4,0,0,0,0,0
Lebanon,2022-09-06,LBN,EMRO,8,0,0,2,0,0
Lithuania,2022-09-06,LTU,EURO,5,0,0,0,0,0
Luxembourg,2022-09-06,LUX,EURO,53,0,0,0,0,0
Malta,2022-09-06,MLT,EURO,33,0,0,2,0,0
Monaco,2022-09-06,MCO,EURO,3,0,0,0,0,0
Montenegro,2022-09-06,MNE,EURO,2,0,0,0,0,0
Netherlands,2022-09-06,NLD,EURO,1172,0,0,0,0,0
Norway,2022-09-06,NOR,EURO,82,0,0,0,0,0
Poland,2022-09-06,POL,EURO,145,0,0,4,0,0
Portugal,2022-09-06,PRT,EURO,871,0,0,0,0,0
Republic of Moldova,2022-09-06,MDA,EURO,2,0,0,0,0,0
Romania,2022-09-06,ROU,EURO,36,0,0,0,0,0
Russian Federation,2022-09-06,RUS,EURO,1,0,0,0,0,0
Serbia,2022-09-06,SRB,EURO,31,0,0,0,0,0
Slovakia,2022-09-06,SVK,EURO,14,0,0,0,0,0
Slovenia,2022-09-06,SVN,EURO,45,0,0,1,0,0
Spain,2022-09-06,ESP,EURO,6749,0,2,104,0,0
Sudan,2022-09-06,SDN,EMRO,4,0,0,2,0,0
Sweden,2022-09-06,SWE,EURO,165,0,0,2,0,0
Switzerland,2022-09-06,CHE,EURO,480,0,0,4,0,0
The United Kingdom,2022-09-06,GBR,EURO,3484,0,0,71,0,0
Türkiye,2022-09-06,TUR,EURO,1,0,0,0,0,0
Andorra,2022-09-07,AND,EURO,4,0,0,0,0,0
Austria,2022-09-07,AUT,EURO,283,0,0,5,0,0
Belgium,2022-09-07,BEL,EURO,726,0,1,0,0,0
Bosnia and Herzegovina,2022-09-07,BIH,EURO,3,0,0,0,0,0
Bulgaria,2022-09-07,BGR,EURO,5,0,0,0,0,0
Croatia,2022-09-07,HRV,EURO,27,0,0,0,0,0
Cyprus,2022-09-07,CYP,EURO,5,0,0,0,0,0
Czechia,2022-09-07,CZE,EURO,58,0,0,0,0,0
Denmark,2022-09-07,DNK,EURO,179,0,0,1,0,0
Estonia,2022-09-07,EST,EURO,10,0,0,0,0,0
Finland,2022-09-07,FIN,EURO,30,0,0,0,0,0
France,2022-09-07,FRA,EURO,3720,0,0,74,0,0
Georgia,2022-09-07,GEO,EURO,2,0,0,0,0,0
Germany,2022-09-07,DEU,EURO,3511,0,0,6,0,0
Gibraltar,2022-09-07,GIB,EURO,6,0,0,0,0,0
Greece,2022-09-07,GRC,EURO,62,0,0,0,0,0
Greenland,2022-09-07,GRL,EURO,2,0,0,0,0,0
Hungary,2022-09-07,HUN,EURO,71,0,0,0,0,0
Iceland,2022-09-07,ISL,EURO,12,0,0,0,0,0
Ireland,2022-09-07,IRL,EURO,160,0,0,0,0,0
Israel,2022-09-07,ISR,EURO,244,0,0,3,0,0
Italy,2022-09-07,ITA,EURO,787,0,0,0,0,0
Latvia,2022-09-07,LVA,EURO,4,0,0,0,0,0
Lithuania,2022-09-07,LTU,EURO,5,0,0,0,0,0
Luxembourg,2022-09-07,LUX,EURO,53,0,0,0,0,0
Malta,2022-09-07,MLT,EURO,33,0,0,0,0,0
Monaco,2022-09-07,MCO,EURO,3,0,0,0,0,0
Montenegro,2022-09-07,MNE,EURO,2,0,0,0,0,0
Netherlands,2022-09-07,NLD,EURO,1172,0,0,0,0,0
Norway,2022-09-07,NOR,EURO,83,0,0,1,0,0
Poland,2022-09-07,POL,EURO,145,0,0,0,0,0
Portugal,2022-09-07,PRT,EURO,871,0,0,0,0,0
Republic of Moldova,2022-09-07,MDA,EURO,2,0,0,0,0,0
Romania,2022-09-07,ROU,EURO,36,0,0,0,0,0
Russian Federation,2022-09-07,RUS,EURO,1,0,0,0,0,0
Serbia,2022-09-07,SRB,EURO,31,0,0,0,0,0
Slovakia,2022-09-07,SVK,EURO,14,0,0,0,0,0
Slovenia,2022-09-07,SVN,EURO,45,0,0,0,0,0
Spain,2022-09-07,ESP,EURO,6749,0,2,0,0,0
Sweden,2022-09-07,SWE,EURO,165,0,0,0,0,0
Switzerland,2022-09-07,CHE,EURO,481,0,0,1,0,0
The United Kingdom,2022-09-07,GBR,EURO,3484,0,0,0,0,0
Türkiye,2022-09-07,TUR,EURO,1,0,0,0,0,0
Andorra,2022-09-08,AND,EURO,4,0,0,0,0,0
Australia,2022-09-08,AUS,WPRO,129,0,0,4,0,0
Austria,2022-09-08,AUT,EURO,284,0,0,1,0,0
Belgium,2022-09-08,BEL,EURO,726,0,1,0,0,0
Bosnia and Herzegovina,2022-09-08,BIH,EURO,3,0,0,0,0,0
Bulgaria,2022-09-08,BGR,EURO,5,0,0,0,0,0
Croatia,2022-09-08,HRV,EURO,27,0,0,0,0,0
Cyprus,2022-09-08,CYP,EURO,5,0,0,0,0,0
Czechia,2022-09-08,CZE,EURO,58,0,0,0,0,0
Denmark,2022-09-08,DNK,EURO,181,0,0,2,0,0
Estonia,2022-09-08,EST,EURO,10,0,0,0,0,0
Finland,2022-09-08,FIN,EURO,33,0,0,3,0,0
France,2022-09-08,FRA,EURO,3721,0,0,1,0,0
Georgia,2022-09-08,GEO,EURO,2,0,0,0,0,0
Germany,2022-09-08,DEU,EURO,3518,0,0,7,0,0
Gibraltar,2022-09-08,GIB,EURO,6,0,0,0,0,0
Greece,2022-09-08,GRC,EURO,66,0,0,4,0,0
Greenland,2022-09-08,GRL,EURO,2,0,0,0,0,0
Hungary,2022-09-08,HUN,EURO,71,0,0,0,0,0
Iceland,2022-09-08,ISL,EURO,12,0,0,0,0,0
Ireland,2022-09-08,IRL,EURO,160,0,0,0,0,0
Israel,2022-09-08,ISR,EURO,244,0,0,0,0,0
Italy,2022-09-08,ITA,EURO,787,0,0,0,0,0
Jordan,2022-09-08,JOR,EMRO,1,0,0,1,0,0
Latvia,2022-09-08,LVA,EURO,4,0,0,0,0,0
Lithuania,2022-09-08,LTU,EURO,5,0,0,0,0,0
Luxembourg,2022-09-08,LUX,EURO,53,0,0,0,0,0
Malta,2022-09-08,MLT,EURO,33,0,0,0,0,0
Monaco,2022-09-08,MCO,EURO,3,0,0,0,0,0
Montenegro,2022-09-08,MNE,EURO,2,0,0,0,0,0
Netherlands,2022-09-08,NLD,EURO,1195,0,0,23,0,0
Norway,2022-09-08,NOR,EURO,83,0,0,0,0,0
Poland,2022-09-08,POL,EURO,147,0,0,2,0,0
Portugal,2022-09-08,PRT,EURO,871,0,0,0,0,0
Republic of Moldova,2022-09-08,MDA,EURO,2,0,0,0,0,0
Romania,2022-09-08,ROU,EURO,37,0,0,1,0,0
Russian Federation,2022-09-08,RUS,EURO,1,0,0,0,0,0
Serbia,2022-09-08,SRB,EURO,31,0,0,0,0,0
Slovakia,2022-09-08,SVK,EURO,14,0,0,0,0,0
Slovenia,2022-09-08,SVN,EURO,45,0,0,0,0,0
Spain,2022-09-08,ESP,EURO,6749,0,2,0,0,0
Sweden,2022-09-08,SWE,EURO,168,0,0,3,0,0
Switzerland,2022-09-08,CHE,EURO,485,0,0,4,0,0
The United Kingdom,2022-09-08,GBR,EURO,3484,0,0,0,0,0
Türkiye,2022-09-08,TUR,EURO,1,0,0,0,0,0
Lebanon,2022-09-09,LBN,EMRO,11,0,0,3,0,0
Mozambique,2022-09-10,MOZ,AFRO,1,0,0,1,0,0
Andorra,2022-09-11,AND,EURO,4,0,0,0,0,0
Austria,2022-09-11,AUT,EURO,286,0,0,2,0,0
Belgium,2022-09-11,BEL,EURO,726,0,1,0,0,0
Benin,2022-09-11,BEN,AFRO,3,0,0,0,0,0
Bosnia and Herzegovina,2022-09-11,BIH,EURO,3,0,0,0,0,0
Bulgaria,2022-09-11,BGR,EURO,5,0,0,0,0,0
Cameroon,2022-09-11,CMR,AFRO,9,0,3,1,0,0
Central African Republic,2022-09-11,CAF,AFRO,23,0,0,1,0,0
Congo,2022-09-11,COG,AFRO,5,0,0,2,0,0
Croatia,2022-09-11,HRV,EURO,27,0,0,0,0,0
Cyprus,2022-09-11,CYP,EURO,5,0,0,0,0,0
Czechia,2022-09-11,CZE,EURO,62,0,0,4,0,0
Denmark,2022-09-11,DNK,EURO,181,0,0,0,0,0
Estonia,2022-09-11,EST,EURO,10,0,0,0,0,0
Finland,2022-09-11,FIN,EURO,33,0,0,0,0,0
France,2022-09-11,FRA,EURO,3785,0,0,64,0,0
Georgia,2022-09-11,GEO,EURO,2,0,0,0,0,0
Germany,2022-09-11,DEU,EURO,3530,0,0,12,0,0
Ghana,2022-09-11,GHA,AFRO,93,0,4,4,0,0
Gibraltar,2022-09-11,GIB,EURO,6,0,0,0,0,0
Greece,2022-09-11,GRC,EURO,66,0,0,0,0,0
Greenland,2022-09-11,GRL,EURO,2,0,0,0,0,0
Hungary,2022-09-11,HUN,EURO,71,0,0,0,0,0
Iceland,2022-09-11,ISL,EURO,12,0,0,0,0,0
Ireland,2022-09-11,IRL,EURO,160,0,0,0,0,0
Israel,2022-09-11,ISR,EURO,245,0,0,1,0,0
Italy,2022-09-11,ITA,EURO,805,0,0,18,0,0
Latvia,2022-09-11,LVA,EURO,4,0,0,0,0,0
Liberia,2022-09-11,LBR,AFRO,3,0,0,0,0,0
Lithuania,2022-09-11,LTU,EURO,5,0,0,0,0,0
Luxembourg,2022-09-11,LUX,EURO,54,0,0,1,0,0
Malta,2022-09-11,MLT,EURO,33,0,0,0,0,0
Monaco,2022-09-11,MCO,EURO,3,0,0,0,0,0
Montenegro,2022-09-11,MNE,EURO,2,0,0,0,0,0
Netherlands,2022-09-11,NLD,EURO,1195,0,0,0,0,0
Nigeria,2022-09-11,NGA,AFRO,354,0,7,31,0,0
Norway,2022-09-11,NOR,EURO,85,0,0,2,0,0
Poland,2022-09-11,POL,EURO,156,0,0,9,0,0
Portugal,2022-09-11,PRT,EURO,898,0,0,27,0,0
Republic of Moldova,2022-09-11,MDA,EURO,2,0,0,0,0,0
Romania,2022-09-11,ROU,EURO,37,0,0,0,0,0
Russian Federation,2022-09-11,RUS,EURO,2,0,0,1,0,0
Serbia,2022-09-11,SRB,EURO,31,0,0,0,0,0
Slovakia,2022-09-11,SVK,EURO,14,0,0,0,0,0
Slovenia,2022-09-11,SVN,EURO,46,0,0,1,0,0
South Africa,2022-09-11,ZAF,AFRO,5,0,0,0,0,0
Spain,2022-09-11,ESP,EURO,6892,0,2,143,0,0
Sweden,2022-09-11,SWE,EURO,174,0,0,6,0,0
Switzerland,2022-09-11,CHE,EURO,484,0,0,-1,0,0
The United Kingdom,2022-09-11,GBR,EURO,3484,0,0,0,0,0
Türkiye,2022-09-11,TUR,EURO,1,0,0,0,0,0
Argentina,2022-09-12,ARG,AMRO,328,0,1,60,0,0
Aruba,2022-09-12,ABW,AMRO,3,0,0,1,0,0
Bahamas,2022-09-12,BHS,AMRO,2,0,0,0,0,0
Barbados,2022-09-12,BRB,AMRO,1,0,0,0,0,0
Bermuda,2022-09-12,BMU,AMRO,1,0,0,0,0,0
Bolivia (Plurinational State of),2022-09-12,BOL,AMRO,145,0,0,26,0,0
Brazil,2022-09-12,BRA,AMRO,8252,0,2,536,0,0
Canada,2022-09-12,CAN,AMRO,1418,0,0,18,0,0
Chile,2022-09-12,CHL,AMRO,871,0,0,106,0,0
Colombia,2022-09-12,COL,AMRO,2396,0,0,398,0,0
Costa Rica,2022-09-12,CRI,AMRO,4,0,0,0,0,0
Cuba,2022-09-12,CUB,AMRO,2,0,1,0,0,0
Curaçao,2022-09-12,CUW,AMRO,1,0,0,0,0,0
Dominican Republic,2022-09-12,DOM,AMRO,51,0,1,1,0,0
Ecuador,2022-09-12,ECU,AMRO,122,0,1,24,0,0
El Salvador,2022-09-12,SLV,AMRO,4,0,0,3,0,0
Guadeloupe,2022-09-12,GLP,AMRO,1,0,0,0,0,0
Guam,2022-09-12,GUM,WPRO,1,0,0,1,0,0
Guatemala,2022-09-12,GTM,AMRO,26,0,0,13,0,0
Guyana,2022-09-12,GUY,AMRO,2,0,0,0,0,0
Honduras,2022-09-12,HND,AMRO,6,0,0,2,0,0
Jamaica,2022-09-12,JAM,AMRO,14,0,0,1,0,0
Martinique,2022-09-12,MTQ,AMRO,1,0,0,0,0,0
Mexico,2022-09-12,MEX,AMRO,1844,0,7,288,0,1
Panama,2022-09-12,PAN,AMRO,13,0,0,0,0,0
Paraguay,2022-09-12,PRY,AMRO,1,0,0,0,0,0
Peru,2022-09-12,PER,AMRO,2445,0,16,217,0,1
Saint Martin,2022-09-12,MAF,AMRO,1,0,0,0,0,0
United States of America,2022-09-12,USA,AMRO,25658,0,37,1220,0,3
Uruguay,2022-09-12,URY,AMRO,8,0,0,3,0,0
Venezuela (Bolivarian Republic of),2022-09-12,VEN,AMRO,5,0,0,2,0,0
Andorra,2022-09-13,AND,EURO,4,0,0,0,0,0
Austria,2022-09-13,AUT,EURO,292,0,0,6,0,0
Belgium,2022-09-13,BEL,EURO,744,0,1,18,0,0
Bosnia and Herzegovina,2022-09-13,BIH,EURO,3,0,0,0,0,0
Bulgaria,2022-09-13,BGR,EURO,6,0,0,1,0,0
Croatia,2022-09-13,HRV,EURO,27,0,0,0,0,0
Cyprus,2022-09-13,CYP,EURO,5,0,0,0,0,0
Czechia,2022-09-13,CZE,EURO,62,0,0,0,0,0
Denmark,2022-09-13,DNK,EURO,183,0,0,2,0,0
Estonia,2022-09-13,EST,EURO,11,0,0,1,0,0
Finland,2022-09-13,FIN,EURO,33,0,0,0,0,0
France,2022-09-13,FRA,EURO,3785,0,0,0,0,0
Georgia,2022-09-13,GEO,EURO,2,0,0,0,0,0
Germany,2022-09-13,DEU,EURO,3547,0,0,17,0,0
Gibraltar,2022-09-13,GIB,EURO,6,0,0,0,0,0
Greece,2022-09-13,GRC,EURO,67,0,0,1,0,0
Greenland,2022-09-13,GRL,EURO,2,0,0,0,0,0
Hungary,2022-09-13,HUN,EURO,75,0,0,4,0,0
Iceland,2022-09-13,ISL,EURO,12,0,0,0,0,0
Ireland,2022-09-13,IRL,EURO,173,0,0,13,0,0
Israel,2022-09-13,ISR,EURO,246,0,0,1,0,0
Italy,2022-09-13,ITA,EURO,813,0,0,8,0,0
Latvia,2022-09-13,LVA,EURO,4,0,0,0,0,0
Lithuania,2022-09-13,LTU,EURO,5,0,0,0,0,0
Luxembourg,2022-09-13,LUX,EURO,55,0,0,1,0,0
Malta,2022-09-13,MLT,EURO,33,0,0,0,0,0
Monaco,2022-09-13,MCO,EURO,3,0,0,0,0,0
Montenegro,2022-09-13,MNE,EURO,2,0,0,0,0,0
Netherlands,2022-09-13,NLD,EURO,1195,0,0,0,0,0
Norway,2022-09-13,NOR,EURO,85,0,0,0,0,0
Poland,2022-09-13,POL,EURO,160,0,0,4,0,0
Portugal,2022-09-13,PRT,EURO,898,0,0,0,0,0
Republic of Moldova,2022-09-13,MDA,EURO,2,0,0,0,0,0
Romania,2022-09-13,ROU,EURO,37,0,0,0,0,0
Russian Federation,2022-09-13,RUS,EURO,2,0,0,0,0,0
Serbia,2022-09-13,SRB,EURO,31,0,0,0,0,0
Slovakia,2022-09-13,SVK,EURO,14,0,0,0,0,0
Slovenia,2022-09-13,SVN,EURO,46,0,0,0,0,0
Spain,2022-09-13,ESP,EURO,6947,0,2,55,0,0
Sweden,2022-09-13,SWE,EURO,177,0,0,3,0,0
Switzerland,2022-09-13,CHE,EURO,490,0,0,6,0,0
The United Kingdom,2022-09-13,GBR,EURO,3552,0,0,68,0,0
Türkiye,2022-09-13,TUR,EURO,1,0,0,0,0,0
Andorra,2022-09-14,AND,EURO,4,0,0,0,0,0
Austria,2022-09-14,AUT,EURO,298,0,0,6,0,0
Belgium,2022-09-14,BEL,EURO,744,0,1,0,0,0
Bosnia and Herzegovina,2022-09-14,BIH,EURO,3,0,0,0,0,0
Bulgaria,2022-09-14,BGR,EURO,6,0,0,0,0,0
Croatia,2022-09-14,HRV,EURO,27,0,0,0,0,0
Cyprus,2022-09-14,CYP,EURO,5,0,0,0,0,0
Czechia,2022-09-14,CZE,EURO,62,0,0,0,0,0
Denmark,2022-09-14,DNK,EURO,183,0,0,0,0,0
Estonia,2022-09-14,EST,EURO,11,0,0,0,0,0
Finland,2022-09-14,FIN,EURO,33,0,0,0,0,0
France,2022-09-14,FRA,EURO,3833,0,0,48,0,0
Georgia,2022-09-14,GEO,EURO,2,0,0,0,0,0
Germany,2022-09-14,DEU,EURO,3551,0,0,4,0,0
Gibraltar,2022-09-14,GIB,EURO,6,0,0,0,0,0
Greece,2022-09-14,GRC,EURO,67,0,0,0,0,0
Greenland,2022-09-14,GRL,EURO,2,0,0,0,0,0
Hungary,2022-09-14,HUN,EURO,75,0,0,0,0,0
Iceland,2022-09-14,ISL,EURO,12,0,0,0,0,0
Ireland,2022-09-14,IRL,EURO,173,0,0,0,0,0
Israel,2022-09-14,ISR,EURO,246,0,0,0,0,0
Italy,2022-09-14,ITA,EURO,813,0,0,0,0,0
Latvia,2022-09-14,LVA,EURO,4,0,0,0,0,0
Lithuania,2022-09-14,LTU,EURO,5,0,0,0,0,0
Luxembourg,2022-09-14,LUX,EURO,55,0,0,0,0,0
Malta,2022-09-14,MLT,EURO,33,0,0,0,0,0
Monaco,2022-09-14,MCO,EURO,3,0,0,0,0,0
Montenegro,2022-09-14,MNE,EURO,2,0,0,0,0,0
Netherlands,2022-09-14,NLD,EURO,1195,0,0,0,0,0
Norway,2022-09-14,NOR,EURO,87,0,0,2,0,0
Poland,2022-09-14,POL,EURO,160,0,0,0,0,0
Portugal,2022-09-14,PRT,EURO,898,0,0,0,0,0
Republic of Moldova,2022-09-14,MDA,EURO,2,0,0,0,0,0
Romania,2022-09-14,ROU,EURO,37,0,0,0,0,0
Russian Federation,2022-09-14,RUS,EURO,2,0,0,0,0,0
Serbia,2022-09-14,SRB,EURO,31,0,0,0,0,0
Slovakia,2022-09-14,SVK,EURO,14,0,0,0,0,0
Slovenia,2022-09-14,SVN,EURO,46,0,0,0,0,0
Spain,2022-09-14,ESP,EURO,6947,0,2,0,0,0
Sweden,2022-09-14,SWE,EURO,177,0,0,0,0,0
Switzerland,2022-09-14,CHE,EURO,490,0,0,0,0,0
The United Kingdom,2022-09-14,GBR,EURO,3552,0,0,0,0,0
Türkiye,2022-09-14,TUR,EURO,1,0,0,0,0,0
Andorra,2022-09-15,AND,EURO,4,0,0,0,0,0
Australia,2022-09-15,AUS,WPRO,132,0,0,3,0,0
Austria,2022-09-15,AUT,EURO,300,0,0,2,0,0
Belgium,2022-09-15,BEL,EURO,744,0,1,0,0,0
Bosnia and Herzegovina,2022-09-15,BIH,EURO,3,0,0,0,0,0
Bulgaria,2022-09-15,BGR,EURO,6,0,0,0,0,0
Croatia,2022-09-15,HRV,EURO,27,0,0,0,0,0
Cyprus,2022-09-15,CYP,EURO,5,0,0,0,0,0
Czechia,2022-09-15,CZE,EURO,62,0,0,0,0,0
Denmark,2022-09-15,DNK,EURO,183,0,0,0,0,0
Estonia,2022-09-15,EST,EURO,11,0,0,0,0,0
Finland,2022-09-15,FIN,EURO,33,0,0,0,0,0
France,2022-09-15,FRA,EURO,3833,0,0,0,0,0
Georgia,2022-09-15,GEO,EURO,2,0,0,0,0,0
Germany,2022-09-15,DEU,EURO,3548,0,0,-3,0,0
Gibraltar,2022-09-15,GIB,EURO,6,0,0,0,0,0
Greece,2022-09-15,GRC,EURO,69,0,0,2,0,0
Greenland,2022-09-15,GRL,EURO,2,0,0,0,0,0
Hungary,2022-09-15,HUN,EURO,75,0,0,0,0,0
Iceland,2022-09-15,ISL,EURO,12,0,0,0,0,0
India,2022-09-15,IND,SEARO,12,0,1,2,0,0
Indonesia,2022-09-15,IDN,SEARO,1,0,0,0,0,0
Ireland,2022-09-15,IRL,EURO,173,0,0,0,0,0
Israel,2022-09-15,ISR,EURO,246,0,0,0,0,0
Italy,2022-09-15,ITA,EURO,813,0,0,0,0,0
Latvia,2022-09-15,LVA,EURO,4,0,0,0,0,0
Lithuania,2022-09-15,LTU,EURO,5,0,0,0,0,0
Luxembourg,2022-09-15,LUX,EURO,55,0,0,0,0,0
Malta,2022-09-15,MLT,EURO,33,0,0,0,0,0
Monaco,2022-09-15,MCO,EURO,3,0,0,0,0,0
Montenegro,2022-09-15,MNE,EURO,2,0,0,0,0,0
Netherlands,2022-09-15,NLD,EURO,1209,0,0,14,0,0
Norway,2022-09-15,NOR,EURO,89,0,0,2,0,0
Poland,2022-09-15,POL,EURO,160,0,0,0,0,0
Portugal,2022-09-15,PRT,EURO,898,0,0,0,0,0
Qatar,2022-09-15,QAT,EMRO,4,0,0,1,0,0
Republic of Moldova,2022-09-15,MDA,EURO,2,0,0,0,0,0
Romania,2022-09-15,ROU,EURO,37,0,0,0,0,0
Russian Federation,2022-09-15,RUS,EURO,2,0,0,0,0,0
Serbia,2022-09-15,SRB,EURO,31,0,0,0,0,0
Singapore,2022-09-15,SGP,WPRO,19,0,0,3,0,0
Slovakia,2022-09-15,SVK,EURO,14,0,0,0,0,0
Slovenia,2022-09-15,SVN,EURO,46,0,0,0,0,0
Spain,2022-09-15,ESP,EURO,6947,0,2,0,0,0
Sudan,2022-09-15,SDN,EMRO,6,0,1,2,0,1
Sweden,2022-09-15,SWE,EURO,179,0,0,2,0,0
Switzerland,2022-09-15,CHE,EURO,494,0,0,4,0,0
Thailand,2022-09-15,THA,SEARO,7,0,0,0,0,0
The United Kingdom,2022-09-15,GBR,EURO,3552,0,0,0,0,0
Türkiye,2022-09-15,TUR,EURO,1,0,0,0,0,0
Ukraine,2022-09-15,UKR,EURO,1,0,0,1,0,0
Andorra,2022-09-16,AND,EURO,4,0,0,0,0,0
Austria,2022-09-16,AUT,EURO,301,0,0,1,0,0
Bahrain,2022-09-16,BHR,EMRO,1,0,0,1,0,0
Belgium,2022-09-16,BEL,EURO,744,0,1,0,0,0
Bosnia and Herzegovina,2022-09-16,BIH,EURO,3,0,0,0,0,0
Bulgaria,2022-09-16,BGR,EURO,6,0,0,0,0,0
China,2022-09-16,CHN,WPRO,5,0,0,1,0,0
Croatia,2022-09-16,HRV,EURO,27,0,0,0,0,0
Cyprus,2022-09-16,CYP,EURO,5,0,0,0,0,0
Czechia,2022-09-16,CZE,EURO,65,0,0,3,0,0
Denmark,2022-09-16,DNK,EURO,183,0,0,0,0,0
Estonia,2022-09-16,EST,EURO,11,0,0,0,0,0
Finland,2022-09-16,FIN,EURO,33,0,0,0,0,0
France,2022-09-16,FRA,EURO,3898,0,0,65,0,0
Georgia,2022-09-16,GEO,EURO,2,0,0,0,0,0
Germany,2022-09-16,DEU,EURO,3556,0,0,8,0,0
Gibraltar,2022-09-16,GIB,EURO,6,0,0,0,0,0
Greece,2022-09-16,GRC,EURO,69,0,0,0,0,0
Greenland,2022-09-16,GRL,EURO,2,0,0,0,0,0
Hungary,2022-09-16,HUN,EURO,75,0,0,0,0,0
Iceland,2022-09-16,ISL,EURO,12,0,0,0,0,0
India,2022-09-16,IND,SEARO,12,0,1,0,0,0
Indonesia,2022-09-16,IDN,SEARO,1,0,0,0,0,0
Ireland,2022-09-16,IRL,EURO,173,0,0,0,0,0
Israel,2022-09-16,ISR,EURO,246,0,0,0,0,0
Italy,2022-09-16,ITA,EURO,828,0,0,15,0,0
Latvia,2022-09-16,LVA,EURO,5,0,0,1,0,0
Lithuania,2022-09-16,LTU,EURO,5,0,0,0,0,0
Luxembourg,2022-09-16,LUX,EURO,55,0,0,0,0,0
Malta,2022-09-16,MLT,EURO,33,0,0,0,0,0
Monaco,2022-09-16,MCO,EURO,3,0,0,0,0,0
Montenegro,2022-09-16,MNE,EURO,2,0,0,0,0,0
Netherlands,2022-09-16,NLD,EURO,1209,0,0,0,0,0
Norway,2022-09-16,NOR,EURO,89,0,0,0,0,0
Poland,2022-09-16,POL,EURO,167,0,0,7,0,0
Portugal,2022-09-16,PRT,EURO,908,0,0,10,0,0
Republic of Moldova,2022-09-16,MDA,EURO,2,0,0,0,0,0
Romania,2022-09-16,ROU,EURO,37,0,0,0,0,0
Russian Federation,2022-09-16,RUS,EURO,2,0,0,0,0,0
Serbia,2022-09-16,SRB,EURO,31,0,0,0,0,0
Slovakia,2022-09-16,SVK,EURO,14,0,0,0,0,0
Slovenia,2022-09-16,SVN,EURO,46,0,0,0,0,0
Spain,2022-09-16,ESP,EURO,6947,0,2,0,0,0
Sweden,2022-09-16,SWE,EURO,179,0,0,0,0,0
Switzerland,2022-09-16,CHE,EURO,498,0,0,4,0,0
Thailand,2022-09-16,THA,SEARO,8,0,0,1,0,0
The United Kingdom,2022-09-16,GBR,EURO,3552,0,0,0,0,0
Türkiye,2022-09-16,TUR,EURO,1,0,0,0,0,0
Ukraine,2022-09-16,UKR,EURO,1,0,0,0,0,0
Benin,2022-09-18,BEN,AFRO,3,0,0,0,0,0
Cameroon,2022-09-18,CMR,AFRO,9,0,3,0,0,0
Central African Republic,2022-09-18,CAF,AFRO,23,0,0,0,0,0
Congo,2022-09-18,COG,AFRO,5,0,0,0,0,0
Ghana,2022-09-18,GHA,AFRO,96,0,4,3,0,0
Liberia,2022-09-18,LBR,AFRO,3,0,0,0,0,0
Mozambique,2022-09-18,MOZ,AFRO,1,0,0,0,0,0
Nigeria,2022-09-18,NGA,AFRO,405,0,7,51,0,0
South Africa,2022-09-18,ZAF,AFRO,5,0,0,0,0,0
Andorra,2022-09-19,AND,EURO,4,0,0,0,0,0
Argentina,2022-09-19,ARG,AMRO,399,0,1,71,0,0
Aruba,2022-09-19,ABW,AMRO,3,0,0,0,0,0
Austria,2022-09-19,AUT,EURO,301,0,0,0,0,0
Bahamas,2022-09-19,BHS,AMRO,2,0,0,0,0,0
Barbados,2022-09-19,BRB,AMRO,1,0,0,0,0,0
Belgium,2022-09-19,BEL,EURO,744,0,1,0,0,0
Bermuda,2022-09-19,BMU,AMRO,1,0,0,0,0,0
Bolivia (Plurinational State of),2022-09-19,BOL,AMRO,174,0,0,29,0,0
Bosnia and Herzegovina,2022-09-19,BIH,EURO,3,0,0,0,0,0
Brazil,2022-09-19,BRA,AMRO,8716,0,2,464,0,0
Bulgaria,2022-09-19,BGR,EURO,6,0,0,0,0,0
Canada,2022-09-19,CAN,AMRO,1431,0,0,13,0,0
Chile,2022-09-19,CHL,AMRO,972,0,0,101,0,0
Colombia,2022-09-19,COL,AMRO,2765,0,0,369,0,0
Costa Rica,2022-09-19,CRI,AMRO,4,0,0,0,0,0
Croatia,2022-09-19,HRV,EURO,27,0,0,0,0,0
Cuba,2022-09-19,CUB,AMRO,2,0,1,0,0,0
Curaçao,2022-09-19,CUW,AMRO,3,0,0,2,0,0
Cyprus,2022-09-19,CYP,EURO,5,0,0,0,0,0
Czechia,2022-09-19,CZE,EURO,65,0,0,0,0,0
Denmark,2022-09-19,DNK,EURO,183,0,0,0,0,0
Dominican Republic,2022-09-19,DOM,AMRO,53,0,1,2,0,0
Ecuador,2022-09-19,ECU,AMRO,155,0,2,33,0,1
El Salvador,2022-09-19,SLV,AMRO,6,0,0,2,0,0
Estonia,2022-09-19,EST,EURO,11,0,0,0,0,0
Finland,2022-09-19,FIN,EURO,33,0,0,0,0,0
France,2022-09-19,FRA,EURO,3898,0,0,0,0,0
Georgia,2022-09-19,GEO,EURO,2,0,0,0,0,0
Germany,2022-09-19,DEU,EURO,3563,0,0,7,0,0
Gibraltar,2022-09-19,GIB,EURO,6,0,0,0,0,0
Greece,2022-09-19,GRC,EURO,69,0,0,0,0,0
Greenland,2022-09-19,GRL,EURO,2,0,0,0,0,0
Guadeloupe,2022-09-19,GLP,AMRO,1,0,0,0,0,0
Guatemala,2022-09-19,GTM,AMRO,34,0,0,8,0,0
Guyana,2022-09-19,GUY,AMRO,2,0,0,0,0,0
Honduras,2022-09-19,HND,AMRO,6,0,0,0,0,0
Hungary,2022-09-19,HUN,EURO,75,0,0,0,0,0
Iceland,2022-09-19,ISL,EURO,12,0,0,0,0,0
Ireland,2022-09-19,IRL,EURO,173,0,0,0,0,0
Israel,2022-09-19,ISR,EURO,247,0,0,1,0,0
Italy,2022-09-19,ITA,EURO,828,0,0,0,0,0
Jamaica,2022-09-19,JAM,AMRO,14,0,0,0,0,0
Latvia,2022-09-19,LVA,EURO,5,0,0,0,0,0
Lithuania,2022-09-19,LTU,EURO,5,0,0,0,0,0
Luxembourg,2022-09-19,LUX,EURO,55,0,0,0,0,0
Malta,2022-09-19,MLT,EURO,33,0,0,0,0,0
Martinique,2022-09-19,MTQ,AMRO,1,0,0,0,0,0
Mexico,2022-09-19,MEX,AMRO,2131,0,9,287,0,2
Monaco,2022-09-19,MCO,EURO,3,0,0,0,0,0
Montenegro,2022-09-19,MNE,EURO,2,0,0,0,0,0
Netherlands,2022-09-19,NLD,EURO,1209,0,0,0,0,0
Norway,2022-09-19,NOR,EURO,89,0,0,0,0,0
Panama,2022-09-19,PAN,AMRO,15,0,0,2,0,0
Paraguay,2022-09-19,PRY,AMRO,1,0,0,0,0,0
Peru,2022-09-19,PER,AMRO,2639,0,18,194,0,2
Poland,2022-09-19,POL,EURO,167,0,0,0,0,0
Portugal,2022-09-19,PRT,EURO,908,0,0,0,0,0
Republic of Moldova,2022-09-19,MDA,EURO,2,0,0,0,0,0
Romania,2022-09-19,ROU,EURO,38,0,0,1,0,0
Russian Federation,2022-09-19,RUS,EURO,2,0,0,0,0,0
Saint Martin,2022-09-19,MAF,AMRO,1,0,0,0,0,0
Serbia,2022-09-19,SRB,EURO,31,0,0,0,0,0
Slovakia,2022-09-19,SVK,EURO,14,0,0,0,0,0
Slovenia,2022-09-19,SVN,EURO,46,0,0,0,0,0
Spain,2022-09-19,ESP,EURO,7037,0,2,90,0,0
Sweden,2022-09-19,SWE,EURO,179,0,0,0,0,0
Switzerland,2022-09-19,CHE,EURO,502,0,0,4,0,0
The United Kingdom,2022-09-19,GBR,EURO,3552,0,0,0,0,0
Türkiye,2022-09-19,TUR,EURO,1,0,0,0,0,0
Ukraine,2022-09-19,UKR,EURO,1,0,0,0,0,0
United States of America,2022-09-19,USA,AMRO,26553,0,40,895,0,3
Uruguay,2022-09-19,URY,AMRO,9,0,0,1,0,0
Venezuela (Bolivarian Republic of),2022-09-19,VEN,AMRO,5,0,0,0,0,0
Andorra,2022-09-20,AND,EURO,4,0,0,0,0,0
Austria,2022-09-20,AUT,EURO,304,0,0,3,0,0
Belgium,2022-09-20,BEL,EURO,757,0,1,13,0,0
Bosnia and Herzegovina,2022-09-20,BIH,EURO,3,0,0,0,0,0
Bulgaria,2022-09-20,BGR,EURO,6,0,0,0,0,0
Croatia,2022-09-20,HRV,EURO,29,0,0,2,0,0
Cyprus,2022-09-20,CYP,EURO,5,0,0,0,0,0
Czechia,2022-09-20,CZE,EURO,66,0,1,1,0,1
Denmark,2022-09-20,DNK,EURO,183,0,0,0,0,0
Estonia,2022-09-20,EST,EURO,11,0,0,0,0,0
Finland,2022-09-20,FIN,EURO,33,0,0,0,0,0
France,2022-09-20,FRA,EURO,3898,0,0,0,0,0
Georgia,2022-09-20,GEO,EURO,2,0,0,0,0,0
Germany,2022-09-20,DEU,EURO,3570,0,0,7,0,0
Gibraltar,2022-09-20,GIB,EURO,6,0,0,0,0,0
Greece,2022-09-20,GRC,EURO,69,0,0,0,0,0
Greenland,2022-09-20,GRL,EURO,2,0,0,0,0,0
Hungary,2022-09-20,HUN,EURO,77,0,0,2,0,0
Iceland,2022-09-20,ISL,EURO,12,0,0,0,0,0
Ireland,2022-09-20,IRL,EURO,178,0,0,5,0,0
Israel,2022-09-20,ISR,EURO,250,0,0,3,0,0
Italy,2022-09-20,ITA,EURO,837,0,0,9,0,0
Japan,2022-09-20,JPN,WPRO,5,0,0,1,0,0
Latvia,2022-09-20,LVA,EURO,5,0,0,0,0,0
Lithuania,2022-09-20,LTU,EURO,5,0,0,0,0,0
Luxembourg,2022-09-20,LUX,EURO,55,0,0,0,0,0
Malta,2022-09-20,MLT,EURO,33,0,0,0,0,0
Monaco,2022-09-20,MCO,EURO,3,0,0,0,0,0
Montenegro,2022-09-20,MNE,EURO,2,0,0,0,0,0
Netherlands,2022-09-20,NLD,EURO,1221,0,0,12,0,0
Norway,2022-09-20,NOR,EURO,89,0,0,0,0,0
Poland,2022-09-20,POL,EURO,173,0,0,6,0,0
Portugal,2022-09-20,PRT,EURO,908,0,0,0,0,0
Qatar,2022-09-20,QAT,EMRO,5,0,0,1,0,0
Republic of Moldova,2022-09-20,MDA,EURO,2,0,0,0,0,0
Romania,2022-09-20,ROU,EURO,39,0,0,1,0,0
Russian Federation,2022-09-20,RUS,EURO,2,0,0,0,0,0
Serbia,2022-09-20,SRB,EURO,31,0,0,0,0,0
Slovakia,2022-09-20,SVK,EURO,14,0,0,0,0,0
Slovenia,2022-09-20,SVN,EURO,46,0,0,0,0,0
Spain,2022-09-20,ESP,EURO,7083,0,2,46,0,0
Sweden,2022-09-20,SWE,EURO,186,0,0,7,0,0
Switzerland,2022-09-20,CHE,EURO,502,0,0,0,0,0
The United Kingdom,2022-09-20,GBR,EURO,3552,0,0,0,0,0
Türkiye,2022-09-20,TUR,EURO,1,0,0,0,0,0
Ukraine,2022-09-20,UKR,EURO,2,0,0,1,0,0
Andorra,2022-09-21,AND,EURO,4,0,0,0,0,0
Austria,2022-09-21,AUT,EURO,304,0,0,0,0,0
Belgium,2022-09-21,BEL,EURO,757,0,1,0,0,0
Bosnia and Herzegovina,2022-09-21,BIH,EURO,3,0,0,0,0,0
Bulgaria,2022-09-21,BGR,EURO,6,0,0,0,0,0
Croatia,2022-09-21,HRV,EURO,29,0,0,0,0,0
Cyprus,2022-09-21,CYP,EURO,5,0,0,0,0,0
Czechia,2022-09-21,CZE,EURO,66,0,1,0,0,0
Denmark,2022-09-21,DNK,EURO,183,0,0,0,0,0
Estonia,2022-09-21,EST,EURO,11,0,0,0,0,0
Finland,2022-09-21,FIN,EURO,33,0,0,0,0,0
France,2022-09-21,FRA,EURO,3943,0,0,45,0,0
Georgia,2022-09-21,GEO,EURO,2,0,0,0,0,0
Germany,2022-09-21,DEU,EURO,3585,0,0,15,0,0
Gibraltar,2022-09-21,GIB,EURO,6,0,0,0,0,0
Greece,2022-09-21,GRC,EURO,69,0,0,0,0,0
Greenland,2022-09-21,GRL,EURO,2,0,0,0,0,0
Hungary,2022-09-21,HUN,EURO,77,0,0,0,0,0
Iceland,2022-09-21,ISL,EURO,12,0,0,0,0,0
Ireland,2022-09-21,IRL,EURO,178,0,0,0,0,0
Israel,2022-09-21,ISR,EURO,250,0,0,0,0,0
Italy,2022-09-21,ITA,EURO,837,0,0,0,0,0
Latvia,2022-09-21,LVA,EURO,5,0,0,0,0,0
Lithuania,2022-09-21,LTU,EURO,5,0,0,0,0,0
Luxembourg,2022-09-21,LUX,EURO,55,0,0,0,0,0
Malta,2022-09-21,MLT,EURO,33,0,0,0,0,0
Monaco,2022-09-21,MCO,EURO,3,0,0,0,0,0
Montenegro,2022-09-21,MNE,EURO,2,0,0,0,0,0
Netherlands,2022-09-21,NLD,EURO,1221,0,0,0,0,0
Norway,2022-09-21,NOR,EURO,90,0,0,1,0,0
Poland,2022-09-21,POL,EURO,173,0,0,0,0,0
Portugal,2022-09-21,PRT,EURO,908,0,0,0,0,0
Republic of Moldova,2022-09-21,MDA,EURO,2,0,0,0,0,0
Romania,2022-09-21,ROU,EURO,39,0,0,0,0,0
Russian Federation,2022-09-21,RUS,EURO,2,0,0,0,0,0
Serbia,2022-09-21,SRB,EURO,40,0,0,9,0,0
Slovakia,2022-09-21,SVK,EURO,14,0,0,0,0,0
Slovenia,2022-09-21,SVN,EURO,46,0,0,0,0,0
Spain,2022-09-21,ESP,EURO,7083,0,2,0,0,0
Sudan,2022-09-21,SDN,EMRO,7,0,1,1,0,0
Sweden,2022-09-21,SWE,EURO,186,0,0,0,0,0
Switzerland,2022-09-21,CHE,EURO,503,0,0,1,0,0
The United Kingdom,2022-09-21,GBR,EURO,3585,0,0,33,0,0
Türkiye,2022-09-21,TUR,EURO,1,0,0,0,0,0
Ukraine,2022-09-21,UKR,EURO,2,0,0,0,0,0
Andorra,2022-09-22,AND,EURO,4,0,0,0,0,0
Australia,2022-09-22,AUS,WPRO,135,0,0,3,0,0
Austria,2022-09-22,AUT,EURO,307,0,0,3,0,0
Belgium,2022-09-22,BEL,EURO,757,0,1,0,0,0
Bosnia and Herzegovina,2022-09-22,BIH,EURO,3,0,0,0,0,0
Bulgaria,2022-09-22,BGR,EURO,6,0,0,0,0,0
Croatia,2022-09-22,HRV,EURO,29,0,0,0,0,0
Cyprus,2022-09-22,CYP,EURO,5,0,0,0,0,0
Czechia,2022-09-22,CZE,EURO,66,0,1,0,0,0
Denmark,2022-09-22,DNK,EURO,183,0,0,0,0,0
Estonia,2022-09-22,EST,EURO,11,0,0,0,0,0
Finland,2022-09-22,FIN,EURO,33,0,0,0,0,0
France,2022-09-22,FRA,EURO,3943,0,0,0,0,0
Georgia,2022-09-22,GEO,EURO,2,0,0,0,0,0
Germany,2022-09-22,DEU,EURO,3590,0,0,5,0,0
Gibraltar,2022-09-22,GIB,EURO,6,0,0,0,0,0
Greece,2022-09-22,GRC,EURO,72,0,0,3,0,0
Greenland,2022-09-22,GRL,EURO,2,0,0,0,0,0
Hungary,2022-09-22,HUN,EURO,77,0,0,0,0,0
Iceland,2022-09-22,ISL,EURO,12,0,0,0,0,0
Ireland,2022-09-22,IRL,EURO,178,0,0,0,0,0
Israel,2022-09-22,ISR,EURO,250,0,0,0,0,0
Italy,2022-09-22,ITA,EURO,837,0,0,0,0,0
Latvia,2022-09-22,LVA,EURO,5,0,0,0,0,0
Lithuania,2022-09-22,LTU,EURO,5,0,0,0,0,0
Luxembourg,2022-09-22,LUX,EURO,55,0,0,0,0,0
Malta,2022-09-22,MLT,EURO,33,0,0,0,0,0
Monaco,2022-09-22,MCO,EURO,3,0,0,0,0,0
Montenegro,2022-09-22,MNE,EURO,2,0,0,0,0,0
Netherlands,2022-09-22,NLD,EURO,1221,0,0,0,0,0
New Zealand,2022-09-22,NZL,WPRO,9,0,0,4,0,0
Norway,2022-09-22,NOR,EURO,90,0,0,0,0,0
Poland,2022-09-22,POL,EURO,173,0,0,0,0,0
Portugal,2022-09-22,PRT,EURO,908,0,0,0,0,0
Republic of Moldova,2022-09-22,MDA,EURO,2,0,0,0,0,0
Romania,2022-09-22,ROU,EURO,39,0,0,0,0,0
Russian Federation,2022-09-22,RUS,EURO,2,0,0,0,0,0
Serbia,2022-09-22,SRB,EURO,40,0,0,0,0,0
Slovakia,2022-09-22,SVK,EURO,14,0,0,0,0,0
Slovenia,2022-09-22,SVN,EURO,46,0,0,0,0,0
Spain,2022-09-22,ESP,EURO,7083,0,2,0,0,0
Sweden,2022-09-22,SWE,EURO,186,0,0,0,0,0
Switzerland,2022-09-22,CHE,EURO,503,0,0,0,0,0
The United Kingdom,2022-09-22,GBR,EURO,3585,0,0,0,0,0
Türkiye,2022-09-22,TUR,EURO,1,0,0,0,0,0
Ukraine,2022-09-22,UKR,EURO,2,0,0,0,0,0
Andorra,2022-09-23,AND,EURO,4,0,0,0,0,0
Austria,2022-09-23,AUT,EURO,307,0,0,0,0,0
Belgium,2022-09-23,BEL,EURO,757,0,1,0,0,0
Bosnia and Herzegovina,2022-09-23,BIH,EURO,3,0,0,0,0,0
Bulgaria,2022-09-23,BGR,EURO,6,0,0,0,0,0
Croatia,2022-09-23,HRV,EURO,29,0,0,0,0,0
Cyprus,2022-09-23,CYP,EURO,5,0,0,0,0,0
Czechia,2022-09-23,CZE,EURO,66,0,1,0,0,0
Denmark,2022-09-23,DNK,EURO,183,0,0,0,0,0
Estonia,2022-09-23,EST,EURO,11,0,0,0,0,0
Finland,2022-09-23,FIN,EURO,33,0,0,0,0,0
France,2022-09-23,FRA,EURO,3943,0,0,0,0,0
Georgia,2022-09-23,GEO,EURO,2,0,0,0,0,0
Germany,2022-09-23,DEU,EURO,3597,0,0,7,0,0
Gibraltar,2022-09-23,GIB,EURO,6,0,0,0,0,0
Greece,2022-09-23,GRC,EURO,72,0,0,0,0,0
Greenland,2022-09-23,GRL,EURO,2,0,0,0,0,0
Hungary,2022-09-23,HUN,EURO,77,0,0,0,0,0
Iceland,2022-09-23,ISL,EURO,12,0,0,0,0,0
Ireland,2022-09-23,IRL,EURO,178,0,0,0,0,0
Israel,2022-09-23,ISR,EURO,250,0,0,0,0,0
Italy,2022-09-23,ITA,EURO,842,0,0,5,0,0
Latvia,2022-09-23,LVA,EURO,5,0,0,0,0,0
Lithuania,2022-09-23,LTU,EURO,5,0,0,0,0,0
Luxembourg,2022-09-23,LUX,EURO,55,0,0,0,0,0
Malta,2022-09-23,MLT,EURO,33,0,0,0,0,0
Monaco,2022-09-23,MCO,EURO,3,0,0,0,0,0
Montenegro,2022-09-23,MNE,EURO,2,0,0,0,0,0
Netherlands,2022-09-23,NLD,EURO,1221,0,0,0,0,0
Norway,2022-09-23,NOR,EURO,91,0,0,1,0,0
Poland,2022-09-23,POL,EURO,173,0,0,0,0,0
Portugal,2022-09-23,PRT,EURO,917,0,0,9,0,0
Republic of Moldova,2022-09-23,MDA,EURO,2,0,0,0,0,0
Romania,2022-09-23,ROU,EURO,39,0,0,0,0,0
Russian Federation,2022-09-23,RUS,EURO,2,0,0,0,0,0
Serbia,2022-09-23,SRB,EURO,40,0,0,0,0,0
Slovakia,2022-09-23,SVK,EURO,14,0,0,0,0,0
Slovenia,2022-09-23,SVN,EURO,46,0,0,0,0,0
Spain,2022-09-23,ESP,EURO,7083,0,2,0,0,0
Sweden,2022-09-23,SWE,EURO,186,0,0,0,0,0
Switzerland,2022-09-23,CHE,EURO,503,0,0,0,0,0
The United Kingdom,2022-09-23,GBR,EURO,3585,0,0,0,0,0
Türkiye,2022-09-23,TUR,EURO,1,0,0,0,0,0
Ukraine,2022-09-23,UKR,EURO,3,0,0,1,0,0
Benin,2022-09-25,BEN,AFRO,3,0,0,0,0,0
Cameroon,2022-09-25,CMR,AFRO,10,0,3,1,0,0
Central African Republic,2022-09-25,CAF,AFRO,24,0,0,1,0,0
Congo,2022-09-25,COG,AFRO,5,0,0,0,0,0
Ghana,2022-09-25,GHA,AFRO,101,0,4,5,0,0
Liberia,2022-09-25,LBR,AFRO,3,0,0,0,0,0
Mozambique,2022-09-25,MOZ,AFRO,1,0,0,0,0,0
Nigeria,2022-09-25,NGA,AFRO,461,0,7,56,0,0
South Africa,2022-09-25,ZAF,AFRO,5,0,0,0,0,0
Andorra,2022-09-26,AND,EURO,4,0,0,0,0,0
Argentina,2022-09-26,ARG,AMRO,483,0,1,84,0,0
Aruba,2022-09-26,ABW,AMRO,3,0,0,0,0,0
Austria,2022-09-26,AUT,EURO,309,0,0,2,0,0
Bahamas,2022-09-26,BHS,AMRO,2,0,0,0,0,0
Barbados,2022-09-26,BRB,AMRO,1,0,0,0,0,0
Belgium,2022-09-26,BEL,EURO,757,0,1,0,0,0
Bermuda,2022-09-26,BMU,AMRO,1,0,0,0,0,0
Bolivia (Plurinational State of),2022-09-26,BOL,AMRO,200,0,0,26,0,0
Bosnia and Herzegovina,2022-09-26,BIH,EURO,5,0,0,2,0,0
Brazil,2022-09-26,BRA,AMRO,9060,0,3,344,0,1
Bulgaria,2022-09-26,BGR,EURO,6,0,0,0,0,0
Canada,2022-09-26,CAN,AMRO,1447,0,0,16,0,0
Chile,2022-09-26,CHL,AMRO,1044,0,0,72,0,0
Colombia,2022-09-26,COL,AMRO,3065,0,0,300,0,0
Costa Rica,2022-09-26,CRI,AMRO,6,0,0,2,0,0
Croatia,2022-09-26,HRV,EURO,29,0,0,0,0,0
Cuba,2022-09-26,CUB,AMRO,3,0,1,1,0,0
Curaçao,2022-09-26,CUW,AMRO,3,0,0,0,0,0
Cyprus,2022-09-26,CYP,EURO,5,0,0,0,0,0
Czechia,2022-09-26,CZE,EURO,66,0,1,0,0,0
Denmark,2022-09-26,DNK,EURO,184,0,0,1,0,0
Dominican Republic,2022-09-26,DOM,AMRO,54,0,1,1,0,0
Ecuador,2022-09-26,ECU,AMRO,185,0,2,30,0,0
El Salvador,2022-09-26,SLV,AMRO,7,0,0,1,0,0
Estonia,2022-09-26,EST,EURO,11,0,0,0,0,0
Finland,2022-09-26,FIN,EURO,33,0,0,0,0,0
France,2022-09-26,FRA,EURO,3970,0,0,27,0,0
Georgia,2022-09-26,GEO,EURO,2,0,0,0,0,0
Germany,2022-09-26,DEU,EURO,3601,0,0,4,0,0
Gibraltar,2022-09-26,GIB,EURO,6,0,0,0,0,0
Greece,2022-09-26,GRC,EURO,74,0,0,2,0,0
Greenland,2022-09-26,GRL,EURO,2,0,0,0,0,0
Guadeloupe,2022-09-26,GLP,AMRO,1,0,0,0,0,0
Guatemala,2022-09-26,GTM,AMRO,45,0,0,11,0,0
Guyana,2022-09-26,GUY,AMRO,2,0,0,0,0,0
Honduras,2022-09-26,HND,AMRO,6,0,0,0,0,0
Hungary,2022-09-26,HUN,EURO,77,0,0,0,0,0
Iceland,2022-09-26,ISL,EURO,14,0,0,2,0,0
Ireland,2022-09-26,IRL,EURO,178,0,0,0,0,0
Israel,2022-09-26,ISR,EURO,250,0,0,0,0,0
Italy,2022-09-26,ITA,EURO,842,0,0,0,0,0
Jamaica,2022-09-26,JAM,AMRO,14,0,0,0,0,0
Latvia,2022-09-26,LVA,EURO,5,0,0,0,0,0
Lithuania,2022-09-26,LTU,EURO,5,0,0,0,0,0
Luxembourg,2022-09-26,LUX,EURO,55,0,0,0,0,0
Malta,2022-09-26,MLT,EURO,33,0,0,0,0,0
Martinique,2022-09-26,MTQ,AMRO,1,0,0,0,0,0
Mexico,2022-09-26,MEX,AMRO,2378,0,11,247,0,2
Monaco,2022-09-26,MCO,EURO,3,0,0,0,0,0
Montenegro,2022-09-26,MNE,EURO,2,0,0,0,0,0
Netherlands,2022-09-26,NLD,EURO,1221,0,0,0,0,0
Norway,2022-09-26,NOR,EURO,92,0,0,1,0,0
Panama,2022-09-26,PAN,AMRO,16,0,0,1,0,0
Paraguay,2022-09-26,PRY,AMRO,2,0,0,1,0,0
Peru,2022-09-26,PER,AMRO,2794,0,18,155,0,0
Poland,2022-09-26,POL,EURO,182,0,0,9,0,0
Portugal,2022-09-26,PRT,EURO,917,0,0,0,0,0
Republic of Moldova,2022-09-26,MDA,EURO,2,0,0,0,0,0
Romania,2022-09-26,ROU,EURO,40,0,0,1,0,0
Russian Federation,2022-09-26,RUS,EURO,2,0,0,0,0,0
Saint Martin,2022-09-26,MAF,AMRO,1,0,0,0,0,0
Serbia,2022-09-26,SRB,EURO,40,0,0,0,0,0
Slovakia,2022-09-26,SVK,EURO,14,0,0,0,0,0
Slovenia,2022-09-26,SVN,EURO,47,0,0,1,0,0
Spain,2022-09-26,ESP,EURO,7122,0,2,39,0,0
Sweden,2022-09-26,SWE,EURO,186,0,0,0,0,0
Switzerland,2022-09-26,CHE,EURO,513,0,0,10,0,0
The United Kingdom,2022-09-26,GBR,EURO,3585,0,0,0,0,0
Türkiye,2022-09-26,TUR,EURO,1,0,0,0,0,0
Ukraine,2022-09-26,UKR,EURO,3,0,0,0,0,0
United States of America,2022-09-26,USA,AMRO,27275,0,43,722,0,3
Uruguay,2022-09-26,URY,AMRO,10,0,0,1,0,0
Venezuela (Bolivarian Republic of),2022-09-26,VEN,AMRO,5,0,0,0,0,0
Andorra,2022-09-27,AND,EURO,4,0,0,0,0,0
Australia,2022-09-27,AUS,WPRO,136,0,0,1,0,0
Austria,2022-09-27,AUT,EURO,309,0,0,0,0,0
Belgium,2022-09-27,BEL,EURO,770,0,1,13,0,0
Bosnia and Herzegovina,2022-09-27,BIH,EURO,5,0,0,0,0,0
Bulgaria,2022-09-27,BGR,EURO,6,0,0,0,0,0
Croatia,2022-09-27,HRV,EURO,29,0,0,0,0,0
Cyprus,2022-09-27,CYP,EURO,5,0,0,0,0,0
Czechia,2022-09-27,CZE,EURO,66,0,1,0,0,0
Denmark,2022-09-27,DNK,EURO,185,0,0,1,0,0
Egypt,2022-09-27,EGY,EMRO,1,0,0,1,0,0
Estonia,2022-09-27,EST,EURO,11,0,0,0,0,0
Finland,2022-09-27,FIN,EURO,40,0,0,7,0,0
France,2022-09-27,FRA,EURO,3970,0,0,0,0,0
Georgia,2022-09-27,GEO,EURO,2,0,0,0,0,0
Germany,2022-09-27,DEU,EURO,3607,0,0,6,0,0
Gibraltar,2022-09-27,GIB,EURO,6,0,0,0,0,0
Greece,2022-09-27,GRC,EURO,74,0,0,0,0,0
Greenland,2022-09-27,GRL,EURO,2,0,0,0,0,0
Hungary,2022-09-27,HUN,EURO,77,0,0,0,0,0
Iceland,2022-09-27,ISL,EURO,14,0,0,0,0,0
Ireland,2022-09-27,IRL,EURO,183,0,0,5,0,0
Israel,2022-09-27,ISR,EURO,250,0,0,0,0,0
Italy,2022-09-27,ITA,EURO,846,0,0,4,0,0
Latvia,2022-09-27,LVA,EURO,5,0,0,0,0,0
Lithuania,2022-09-27,LTU,EURO,5,0,0,0,0,0
Luxembourg,2022-09-27,LUX,EURO,55,0,0,0,0,0
Malta,2022-09-27,MLT,EURO,33,0,0,0,0,0
Monaco,2022-09-27,MCO,EURO,3,0,0,0,0,0
Montenegro,2022-09-27,MNE,EURO,2,0,0,0,0,0
Netherlands,2022-09-27,NLD,EURO,1223,0,0,2,0,0
Norway,2022-09-27,NOR,EURO,92,0,0,0,0,0
Poland,2022-09-27,POL,EURO,188,0,0,6,0,0
Portugal,2022-09-27,PRT,EURO,917,0,0,0,0,0
Republic of Moldova,2022-09-27,MDA,EURO,2,0,0,0,0,0
Romania,2022-09-27,ROU,EURO,40,0,0,0,0,0
Russian Federation,2022-09-27,RUS,EURO,2,0,0,0,0,0
Serbia,2022-09-27,SRB,EURO,40,0,0,0,0,0
Slovakia,2022-09-27,SVK,EURO,14,0,0,0,0,0
Slovenia,2022-09-27,SVN,EURO,47,0,0,0,0,0
Spain,2022-09-27,ESP,EURO,7149,0,2,27,0,0
Sweden,2022-09-27,SWE,EURO,192,0,0,6,0,0
Switzerland,2022-09-27,CHE,EURO,513,0,0,0,0,0
The United Kingdom,2022-09-27,GBR,EURO,3635,0,0,50,0,0
Türkiye,2022-09-27,TUR,EURO,1,0,0,0,0,0
Ukraine,2022-09-27,UKR,EURO,3,0,0,0,0,0
Andorra,2022-09-28,AND,EURO,4,0,0,0,0,0
Austria,2022-09-28,AUT,EURO,310,0,0,1,0,0
Belgium,2022-09-28,BEL,EURO,770,0,1,0,0,0
Bosnia and Herzegovina,2022-09-28,BIH,EURO,5,0,0,0,0,0
Bulgaria,2022-09-28,BGR,EURO,6,0,0,0,0,0
Croatia,2022-09-28,HRV,EURO,29,0,0,0,0,0
Cyprus,2022-09-28,CYP,EURO,5,0,0,0,0,0
Czechia,2022-09-28,CZE,EURO,66,0,1,0,0,0
Denmark,2022-09-28,DNK,EURO,185,0,0,0,0,0
Estonia,2022-09-28,EST,EURO,11,0,0,0,0,0
Finland,2022-09-28,FIN,EURO,40,0,0,0,0,0
France,2022-09-28,FRA,EURO,3970,0,0,0,0,0
Georgia,2022-09-28,GEO,EURO,2,0,0,0,0,0
Germany,2022-09-28,DEU,EURO,3615,0,0,8,0,0
Gibraltar,2022-09-28,GIB,EURO,6,0,0,0,0,0
Greece,2022-09-28,GRC,EURO,80,0,0,6,0,0
Greenland,2022-09-28,GRL,EURO,2,0,0,0,0,0
Hungary,2022-09-28,HUN,EURO,77,0,0,0,0,0
Iceland,2022-09-28,ISL,EURO,14,0,0,0,0,0
Ireland,2022-09-28,IRL,EURO,183,0,0,0,0,0
Israel,2022-09-28,ISR,EURO,250,0,0,0,0,0
Italy,2022-09-28,ITA,EURO,846,0,0,0,0,0
Latvia,2022-09-28,LVA,EURO,5,0,0,0,0,0
Lithuania,2022-09-28,LTU,EURO,5,0,0,0,0,0
Luxembourg,2022-09-28,LUX,EURO,55,0,0,0,0,0
Malta,2022-09-28,MLT,EURO,33,0,0,0,0,0
Monaco,2022-09-28,MCO,EURO,3,0,0,0,0,0
Montenegro,2022-09-28,MNE,EURO,2,0,0,0,0,0
Netherlands,2022-09-28,NLD,EURO,1223,0,0,0,0,0
Norway,2022-09-28,NOR,EURO,92,0,0,0,0,0
Poland,2022-09-28,POL,EURO,188,0,0,0,0,0
Portugal,2022-09-28,PRT,EURO,917,0,0,0,0,0
Republic of Moldova,2022-09-28,MDA,EURO,2,0,0,0,0,0
Romania,2022-09-28,ROU,EURO,40,0,0,0,0,0
Russian Federation,2022-09-28,RUS,EURO,2,0,0,0,0,0
Serbia,2022-09-28,SRB,EURO,40,0,0,0,0,0
Slovakia,2022-09-28,SVK,EURO,14,0,0,0,0,0
Slovenia,2022-09-28,SVN,EURO,47,0,0,0,0,0
Spain,2022-09-28,ESP,EURO,7149,0,2,0,0,0
Sweden,2022-09-28,SWE,EURO,192,0,0,0,0,0
Switzerland,2022-09-28,CHE,EURO,513,0,0,0,0,0
The United Kingdom,2022-09-28,GBR,EURO,3635,0,0,0,0,0
Türkiye,2022-09-28,TUR,EURO,1,0,0,0,0,0
Ukraine,2022-09-28,UKR,EURO,3,0,0,0,0,0
Andorra,2022-09-29,AND,EURO,4,0,0,0,0,0
Austria,2022-09-29,AUT,EURO,313,0,0,3,0,0
Belgium,2022-09-29,BEL,EURO,770,0,1,0,0,0
Bosnia and Herzegovina,2022-09-29,BIH,EURO,5,0,0,0,0,0
Bulgaria,2022-09-29,BGR,EURO,6,0,0,0,0,0
Croatia,2022-09-29,HRV,EURO,29,0,0,0,0,0
Cyprus,2022-09-29,CYP,EURO,5,0,0,0,0,0
Czechia,2022-09-29,CZE,EURO,66,0,1,0,0,0
Denmark,2022-09-29,DNK,EURO,185,0,0,0,0,0
Estonia,2022-09-29,EST,EURO,11,0,0,0,0,0
Finland,2022-09-29,FIN,EURO,40,0,0,0,0,0
France,2022-09-29,FRA,EURO,3999,0,0,29,0,0
Georgia,2022-09-29,GEO,EURO,2,0,0,0,0,0
Germany,2022-09-29,DEU,EURO,3621,0,0,6,0,0
Gibraltar,2022-09-29,GIB,EURO,6,0,0,0,0,0
Greece,2022-09-29,GRC,EURO,80,0,0,0,0,0
Greenland,2022-09-29,GRL,EURO,2,0,0,0,0,0
Hungary,2022-09-29,HUN,EURO,77,0,0,0,0,0
Iceland,2022-09-29,ISL,EURO,14,0,0,0,0,0
Ireland,2022-09-29,IRL,EURO,183,0,0,0,0,0
Israel,2022-09-29,ISR,EURO,250,0,0,0,0,0
Italy,2022-09-29,ITA,EURO,846,0,0,0,0,0
Japan,2022-09-29,JPN,WPRO,6,0,0,1,0,0
Latvia,2022-09-29,LVA,EURO,5,0,0,0,0,0
Lithuania,2022-09-29,LTU,EURO,5,0,0,0,0,0
Luxembourg,2022-09-29,LUX,EURO,55,0,0,0,0,0
Malta,2022-09-29,MLT,EURO,33,0,0,0,0,0
Monaco,2022-09-29,MCO,EURO,3,0,0,0,0,0
Montenegro,2022-09-29,MNE,EURO,2,0,0,0,0,0
Netherlands,2022-09-29,NLD,EURO,1223,0,0,0,0,0
Norway,2022-09-29,NOR,EURO,92,0,0,0,0,0
Poland,2022-09-29,POL,EURO,188,0,0,0,0,0
Portugal,2022-09-29,PRT,EURO,917,0,0,0,0,0
Republic of Moldova,2022-09-29,MDA,EURO,2,0,0,0,0,0
Romania,2022-09-29,ROU,EURO,40,0,0,0,0,0
Russian Federation,2022-09-29,RUS,EURO,2,0,0,0,0,0
San Marino,2022-09-29,SMR,EURO,0,0,0,0,0,0
Serbia,2022-09-29,SRB,EURO,40,0,0,0,0,0
Slovakia,2022-09-29,SVK,EURO,14,0,0,0,0,0
Slovenia,2022-09-29,SVN,EURO,47,0,0,0,0,0
Spain,2022-09-29,ESP,EURO,7149,0,2,0,0,0
Sweden,2022-09-29,SWE,EURO,195,0,0,3,0,0
Switzerland,2022-09-29,CHE,EURO,513,0,0,0,0,0
The United Kingdom,2022-09-29,GBR,EURO,3635,0,0,0,0,0
Türkiye,2022-09-29,TUR,EURO,1,0,0,0,0,0
Ukraine,2022-09-29,UKR,EURO,3,0,0,0,0,0
Andorra,2022-09-30,AND,EURO,4,0,0,0,0,0
Austria,2022-09-30,AUT,EURO,313,0,0,0,0,0
Belgium,2022-09-30,BEL,EURO,770,0,1,0,0,0
Bosnia and Herzegovina,2022-09-30,BIH,EURO,5,0,0,0,0,0
Bulgaria,2022-09-30,BGR,EURO,6,0,0,0,0,0
Croatia,2022-09-30,HRV,EURO,29,0,0,0,0,0
Cyprus,2022-09-30,CYP,EURO,5,0,0,0,0,0
Czechia,2022-09-30,CZE,EURO,67,0,1,1,0,0
Denmark,2022-09-30,DNK,EURO,185,0,0,0,0,0
Estonia,2022-09-30,EST,EURO,11,0,0,0,0,0
Finland,2022-09-30,FIN,EURO,40,0,0,0,0,0
France,2022-09-30,FRA,EURO,3999,0,0,0,0,0
Georgia,2022-09-30,GEO,EURO,2,0,0,0,0,0
Germany,2022-09-30,DEU,EURO,3625,0,0,4,0,0
Gibraltar,2022-09-30,GIB,EURO,6,0,0,0,0,0
Greece,2022-09-30,GRC,EURO,80,0,0,0,0,0
Greenland,2022-09-30,GRL,EURO,2,0,0,0,0,0
Hungary,2022-09-30,HUN,EURO,77,0,0,0,0,0
Iceland,2022-09-30,ISL,EURO,14,0,0,0,0,0
Ireland,2022-09-30,IRL,EURO,183,0,0,0,0,0
Israel,2022-09-30,ISR,EURO,250,0,0,0,0,0
Italy,2022-09-30,ITA,EURO,850,0,0,4,0,0
Latvia,2022-09-30,LVA,EURO,5,0,0,0,0,0
Lithuania,2022-09-30,LTU,EURO,5,0,0,0,0,0
Luxembourg,2022-09-30,LUX,EURO,55,0,0,0,0,0
Malta,2022-09-30,MLT,EURO,33,0,0,0,0,0
Monaco,2022-09-30,MCO,EURO,3,0,0,0,0,0
Montenegro,2022-09-30,MNE,EURO,2,0,0,0,0,0
Netherlands,2022-09-30,NLD,EURO,1223,0,0,0,0,0
Norway,2022-09-30,NOR,EURO,92,0,0,0,0,0
Poland,2022-09-30,POL,EURO,188,0,0,0,0,0
Portugal,2022-09-30,PRT,EURO,926,0,0,9,0,0
Republic of Moldova,2022-09-30,MDA,EURO,2,0,0,0,0,0
Romania,2022-09-30,ROU,EURO,40,0,0,0,0,0
Russian Federation,2022-09-30,RUS,EURO,2,0,0,0,0,0
San Marino,2022-09-30,SMR,EURO,0,0,0,0,0,0
Serbia,2022-09-30,SRB,EURO,40,0,0,0,0,0
Slovakia,2022-09-30,SVK,EURO,14,0,0,0,0,0
Slovenia,2022-09-30,SVN,EURO,47,0,0,0,0,0
Spain,2022-09-30,ESP,EURO,7188,0,2,39,0,0
Sweden,2022-09-30,SWE,EURO,195,0,0,0,0,0
Switzerland,2022-09-30,CHE,EURO,513,0,0,0,0,0
The United Kingdom,2022-09-30,GBR,EURO,3635,0,0,0,0,0
Türkiye,2022-09-30,TUR,EURO,1,0,0,0,0,0
Ukraine,2022-09-30,UKR,EURO,3,0,0,0,0,0
Sudan,2022-10-01,SDN,EMRO,17,0,1,10,0,0
Benin,2022-10-02,BEN,AFRO,3,0,0,0,0,0
Cameroon,2022-10-02,CMR,AFRO,10,0,3,0,0,0
Central African Republic,2022-10-02,CAF,AFRO,24,0,0,0,0,0
Congo,2022-10-02,COG,AFRO,5,0,0,0,0,0
Ghana,2022-10-02,GHA,AFRO,105,0,4,4,0,0
India,2022-10-02,IND,SEARO,12,0,1,0,0,0
Indonesia,2022-10-02,IDN,SEARO,1,0,0,0,0,0
Liberia,2022-10-02,LBR,AFRO,3,0,0,0,0,0
Nigeria,2022-10-02,NGA,AFRO,486,0,7,25,0,0
South Africa,2022-10-02,ZAF,AFRO,5,0,0,0,0,0
Thailand,2022-10-02,THA,SEARO,10,0,0,2,0,0
Andorra,2022-10-03,AND,EURO,4,0,0,0,0,0
Argentina,2022-10-03,ARG,AMRO,540,0,1,57,0,0
Aruba,2022-10-03,ABW,AMRO,3,0,0,0,0,0
Austria,2022-10-03,AUT,EURO,314,0,0,1,0,0
Bahamas,2022-10-03,BHS,AMRO,2,0,0,0,0,0
Barbados,2022-10-03,BRB,AMRO,1,0,0,0,0,0
Belgium,2022-10-03,BEL,EURO,770,0,1,0,0,0
Bermuda,2022-10-03,BMU,AMRO,1,0,0,0,0,0
Bolivia (Plurinational State of),2022-10-03,BOL,AMRO,217,0,0,17,0,0
Bosnia and Herzegovina,2022-10-03,BIH,EURO,5,0,0,0,0,0
Brazil,2022-10-03,BRA,AMRO,9358,0,3,298,0,0
Bulgaria,2022-10-03,BGR,EURO,6,0,0,0,0,0
Canada,2022-10-03,CAN,AMRO,1453,0,0,6,0,0
Chile,2022-10-03,CHL,AMRO,1107,0,0,63,0,0
Colombia,2022-10-03,COL,AMRO,3304,0,0,239,0,0
Costa Rica,2022-10-03,CRI,AMRO,8,0,0,2,0,0
Croatia,2022-10-03,HRV,EURO,29,0,0,0,0,0
Cuba,2022-10-03,CUB,AMRO,4,0,1,1,0,0
Curaçao,2022-10-03,CUW,AMRO,3,0,0,0,0,0
Cyprus,2022-10-03,CYP,EURO,5,0,0,0,0,0
Czechia,2022-10-03,CZE,EURO,67,0,1,0,0,0
Denmark,2022-10-03,DNK,EURO,185,0,0,0,0,0
Dominican Republic,2022-10-03,DOM,AMRO,54,0,1,0,0,0
Ecuador,2022-10-03,ECU,AMRO,223,0,2,38,0,0
El Salvador,2022-10-03,SLV,AMRO,10,0,0,3,0,0
Estonia,2022-10-03,EST,EURO,11,0,0,0,0,0
Finland,2022-10-03,FIN,EURO,40,0,0,0,0,0
France,2022-10-03,FRA,EURO,3999,0,0,0,0,0
Georgia,2022-10-03,GEO,EURO,2,0,0,0,0,0
Germany,2022-10-03,DEU,EURO,3625,0,0,0,0,0
Gibraltar,2022-10-03,GIB,EURO,6,0,0,0,0,0
Greece,2022-10-03,GRC,EURO,81,0,0,1,0,0
Greenland,2022-10-03,GRL,EURO,2,0,0,0,0,0
Guadeloupe,2022-10-03,GLP,AMRO,1,0,0,0,0,0
Guatemala,2022-10-03,GTM,AMRO,63,0,0,18,0,0
Guyana,2022-10-03,GUY,AMRO,2,0,0,0,0,0
Honduras,2022-10-03,HND,AMRO,6,0,0,0,0,0
Hungary,2022-10-03,HUN,EURO,77,0,0,0,0,0
Iceland,2022-10-03,ISL,EURO,14,0,0,0,0,0
Ireland,2022-10-03,IRL,EURO,183,0,0,0,0,0
Israel,2022-10-03,ISR,EURO,253,0,0,3,0,0
Italy,2022-10-03,ITA,EURO,850,0,0,0,0,0
Jamaica,2022-10-03,JAM,AMRO,14,0,0,0,0,0
Latvia,2022-10-03,LVA,EURO,5,0,0,0,0,0
Lithuania,2022-10-03,LTU,EURO,5,0,0,0,0,0
Luxembourg,2022-10-03,LUX,EURO,55,0,0,0,0,0
Malta,2022-10-03,MLT,EURO,33,0,0,0,0,0
Martinique,2022-10-03,MTQ,AMRO,1,0,0,0,0,0
Mexico,2022-10-03,MEX,AMRO,2608,0,11,230,0,0
Monaco,2022-10-03,MCO,EURO,3,0,0,0,0,0
Montenegro,2022-10-03,MNE,EURO,2,0,0,0,0,0
Netherlands,2022-10-03,NLD,EURO,1219,0,0,-4,0,0
Norway,2022-10-03,NOR,EURO,92,0,0,0,0,0
Panama,2022-10-03,PAN,AMRO,16,0,0,0,0,0
Paraguay,2022-10-03,PRY,AMRO,2,0,0,0,0,0
Peru,2022-10-03,PER,AMRO,2947,0,18,153,0,0
Poland,2022-10-03,POL,EURO,188,0,0,0,0,0
Portugal,2022-10-03,PRT,EURO,926,0,0,0,0,0
Republic of Moldova,2022-10-03,MDA,EURO,2,0,0,0,0,0
Romania,2022-10-03,ROU,EURO,40,0,0,0,0,0
Russian Federation,2022-10-03,RUS,EURO,2,0,0,0,0,0
Saint Martin,2022-10-03,MAF,AMRO,1,0,0,0,0,0
San Marino,2022-10-03,SMR,EURO,0,0,0,0,0,0
Serbia,2022-10-03,SRB,EURO,40,0,0,0,0,0
Slovakia,2022-10-03,SVK,EURO,14,0,0,0,0,0
Slovenia,2022-10-03,SVN,EURO,47,0,0,0,0,0
Spain,2022-10-03,ESP,EURO,7188,0,2,0,0,0
Sweden,2022-10-03,SWE,EURO,195,0,0,0,0,0
Switzerland,2022-10-03,CHE,EURO,513,0,0,0,0,0
The United Kingdom,2022-10-03,GBR,EURO,3635,0,0,0,0,0
Türkiye,2022-10-03,TUR,EURO,1,0,0,0,0,0
Ukraine,2022-10-03,UKR,EURO,4,0,0,1,0,0
United States of America,2022-10-03,USA,AMRO,27835,0,44,560,0,1
Uruguay,2022-10-03,URY,AMRO,11,0,0,1,0,0
Venezuela (Bolivarian Republic of),2022-10-03,VEN,AMRO,8,0,0,3,0,0
Viet Nam,2022-10-03,VNM,WPRO,1,0,0,1,0,0
Andorra,2022-10-04,AND,EURO,4,0,0,0,0,0
Australia,2022-10-04,AUS,WPRO,138,0,0,2,0,0
Austria,2022-10-04,AUT,EURO,314,0,0,0,0,0
Belgium,2022-10-04,BEL,EURO,775,0,1,5,0,0
Bosnia and Herzegovina,2022-10-04,BIH,EURO,5,0,0,0,0,0
Bulgaria,2022-10-04,BGR,EURO,6,0,0,0,0,0
Croatia,2022-10-04,HRV,EURO,29,0,0,0,0,0
Cyprus,2022-10-04,CYP,EURO,5,0,0,0,0,0
Czechia,2022-10-04,CZE,EURO,68,0,1,1,0,0
Denmark,2022-10-04,DNK,EURO,187,0,0,2,0,0
Estonia,2022-10-04,EST,EURO,11,0,0,0,0,0
Finland,2022-10-04,FIN,EURO,40,0,0,0,0,0
France,2022-10-04,FRA,EURO,3999,0,0,0,0,0
Georgia,2022-10-04,GEO,EURO,2,0,0,0,0,0
Germany,2022-10-04,DEU,EURO,3631,0,0,6,0,0
Gibraltar,2022-10-04,GIB,EURO,6,0,0,0,0,0
Greece,2022-10-04,GRC,EURO,82,0,0,1,0,0
Greenland,2022-10-04,GRL,EURO,2,0,0,0,0,0
Hungary,2022-10-04,HUN,EURO,78,0,0,1,0,0
Iceland,2022-10-04,ISL,EURO,14,0,0,0,0,0
Ireland,2022-10-04,IRL,EURO,195,0,0,12,0,0
Israel,2022-10-04,ISR,EURO,254,0,0,1,0,0
Italy,2022-10-04,ITA,EURO,851,0,0,1,0,0
Latvia,2022-10-04,LVA,EURO,5,0,0,0,0,0
Lithuania,2022-10-04,LTU,EURO,5,0,0,0,0,0
Luxembourg,2022-10-04,LUX,EURO,55,0,0,0,0,0
Malta,2022-10-04,MLT,EURO,33,0,0,0,0,0
Monaco,2022-10-04,MCO,EURO,3,0,0,0,0,0
Montenegro,2022-10-04,MNE,EURO,2,0,0,0,0,0
Mozambique,2022-10-04,MOZ,AFRO,1,0,0,0,0,0
Netherlands,2022-10-04,NLD,EURO,1219,0,0,0,0,0
Norway,2022-10-04,NOR,EURO,92,0,0,0,0,0
Poland,2022-10-04,POL,EURO,195,0,0,7,0,0
Portugal,2022-10-04,PRT,EURO,926,0,0,0,0,0
Republic of Moldova,2022-10-04,MDA,EURO,2,0,0,0,0,0
Romania,2022-10-04,ROU,EURO,40,0,0,0,0,0
Russian Federation,2022-10-04,RUS,EURO,2,0,0,0,0,0
San Marino,2022-10-04,SMR,EURO,0,0,0,0,0,0
Serbia,2022-10-04,SRB,EURO,40,0,0,0,0,0
Slovakia,2022-10-04,SVK,EURO,14,0,0,0,0,0
Slovenia,2022-10-04,SVN,EURO,47,0,0,0,0,0
Spain,2022-10-04,ESP,EURO,7209,0,2,21,0,0
Sweden,2022-10-04,SWE,EURO,198,0,0,3,0,0
Switzerland,2022-10-04,CHE,EURO,516,0,0,3,0,0
The United Kingdom,2022-10-04,GBR,EURO,3654,0,0,19,0,0
Türkiye,2022-10-04,TUR,EURO,1,0,0,0,0,0
Ukraine,2022-10-04,UKR,EURO,4,0,0,0,0,0
Andorra,2022-10-05,AND,EURO,4,0,0,0,0,0
Austria,2022-10-05,AUT,EURO,315,0,0,1,0,0
Belgium,2022-10-05,BEL,EURO,775,0,1,0,0,0
Bosnia and Herzegovina,2022-10-05,BIH,EURO,6,0,0,1,0,0
Bulgaria,2022-10-05,BGR,EURO,6,0,0,0,0,0
Croatia,2022-10-05,HRV,EURO,29,0,0,0,0,0
Cyprus,2022-10-05,CYP,EURO,5,0,0,0,0,0
Czechia,2022-10-05,CZE,EURO,68,0,1,0,0,0
Denmark,2022-10-05,DNK,EURO,187,0,0,0,0,0
Estonia,2022-10-05,EST,EURO,11,0,0,0,0,0
Finland,2022-10-05,FIN,EURO,40,0,0,0,0,0
France,2022-10-05,FRA,EURO,3999,0,0,0,0,0
Georgia,2022-10-05,GEO,EURO,2,0,0,0,0,0
Germany,2022-10-05,DEU,EURO,3631,0,0,0,0,0
Gibraltar,2022-10-05,GIB,EURO,6,0,0,0,0,0
Greece,2022-10-05,GRC,EURO,82,0,0,0,0,0
Greenland,2022-10-05,GRL,EURO,2,0,0,0,0,0
Hungary,2022-10-05,HUN,EURO,78,0,0,0,0,0
Iceland,2022-10-05,ISL,EURO,16,0,0,2,0,0
Ireland,2022-10-05,IRL,EURO,195,0,0,0,0,0
Israel,2022-10-05,ISR,EURO,254,0,0,0,0,0
Italy,2022-10-05,ITA,EURO,851,0,0,0,0,0
Latvia,2022-10-05,LVA,EURO,6,0,0,1,0,0
Lithuania,2022-10-05,LTU,EURO,5,0,0,0,0,0
Luxembourg,2022-10-05,LUX,EURO,55,0,0,0,0,0
Malta,2022-10-05,MLT,EURO,33,0,0,0,0,0
Monaco,2022-10-05,MCO,EURO,3,0,0,0,0,0
Montenegro,2022-10-05,MNE,EURO,2,0,0,0,0,0
Netherlands,2022-10-05,NLD,EURO,1219,0,0,0,0,0
New Zealand,2022-10-05,NZL,WPRO,11,0,0,2,0,0
Norway,2022-10-05,NOR,EURO,92,0,0,0,0,0
Poland,2022-10-05,POL,EURO,195,0,0,0,0,0
Portugal,2022-10-05,PRT,EURO,926,0,0,0,0,0
Republic of Moldova,2022-10-05,MDA,EURO,2,0,0,0,0,0
Romania,2022-10-05,ROU,EURO,40,0,0,0,0,0
Russian Federation,2022-10-05,RUS,EURO,2,0,0,0,0,0
San Marino,2022-10-05,SMR,EURO,0,0,0,0,0,0
Serbia,2022-10-05,SRB,EURO,40,0,0,0,0,0
Slovakia,2022-10-05,SVK,EURO,14,0,0,0,0,0
Slovenia,2022-10-05,SVN,EURO,47,0,0,0,0,0
Spain,2022-10-05,ESP,EURO,7209,0,2,0,0,0
Sweden,2022-10-05,SWE,EURO,198,0,0,0,0,0
Switzerland,2022-10-05,CHE,EURO,516,0,0,0,0,0
The United Kingdom,2022-10-05,GBR,EURO,3654,0,0,0,0,0
Türkiye,2022-10-05,TUR,EURO,12,0,0,11,0,0
Ukraine,2022-10-05,UKR,EURO,4,0,0,0,0,0
Andorra,2022-10-06,AND,EURO,4,0,0,0,0,0
Austria,2022-10-06,AUT,EURO,315,0,0,0,0,0
Belgium,2022-10-06,BEL,EURO,775,0,1,0,0,0
Bosnia and Herzegovina,2022-10-06,BIH,EURO,6,0,0,0,0,0
Bulgaria,2022-10-06,BGR,EURO,6,0,0,0,0,0
Croatia,2022-10-06,HRV,EURO,29,0,0,0,0,0
Cyprus,2022-10-06,CYP,EURO,5,0,0,0,0,0
Czechia,2022-10-06,CZE,EURO,68,0,1,0,0,0
Denmark,2022-10-06,DNK,EURO,187,0,0,0,0,0
Estonia,2022-10-06,EST,EURO,11,0,0,0,0,0
Finland,2022-10-06,FIN,EURO,40,0,0,0,0,0
France,2022-10-06,FRA,EURO,4043,0,0,44,0,0
Georgia,2022-10-06,GEO,EURO,2,0,0,0,0,0
Germany,2022-10-06,DEU,EURO,3640,0,0,9,0,0
Gibraltar,2022-10-06,GIB,EURO,6,0,0,0,0,0
Greece,2022-10-06,GRC,EURO,82,0,0,0,0,0
Greenland,2022-10-06,GRL,EURO,2,0,0,0,0,0
Hungary,2022-10-06,HUN,EURO,78,0,0,0,0,0
Iceland,2022-10-06,ISL,EURO,16,0,0,0,0,0
Ireland,2022-10-06,IRL,EURO,195,0,0,0,0,0
Israel,2022-10-06,ISR,EURO,254,0,0,0,0,0
Italy,2022-10-06,ITA,EURO,851,0,0,0,0,0
Japan,2022-10-06,JPN,WPRO,7,0,0,1,0,0
Latvia,2022-10-06,LVA,EURO,6,0,0,0,0,0
Lebanon,2022-10-06,LBN,EMRO,14,0,0,3,0,0
Lithuania,2022-10-06,LTU,EURO,5,0,0,0,0,0
Luxembourg,2022-10-06,LUX,EURO,55,0,0,0,0,0
Malta,2022-10-06,MLT,EURO,33,0,0,0,0,0
Monaco,2022-10-06,MCO,EURO,3,0,0,0,0,0
Montenegro,2022-10-06,MNE,EURO,2,0,0,0,0,0
Netherlands,2022-10-06,NLD,EURO,1219,0,0,0,0,0
Norway,2022-10-06,NOR,EURO,92,0,0,0,0,0
Poland,2022-10-06,POL,EURO,195,0,0,0,0,0
Portugal,2022-10-06,PRT,EURO,926,0,0,0,0,0
Republic of Moldova,2022-10-06,MDA,EURO,2,0,0,0,0,0
Romania,2022-10-06,ROU,EURO,40,0,0,0,0,0
Russian Federation,2022-10-06,RUS,EURO,2,0,0,0,0,0
San Marino,2022-10-06,SMR,EURO,0,0,0,0,0,0
Serbia,2022-10-06,SRB,EURO,40,0,0,0,0,0
Slovakia,2022-10-06,SVK,EURO,14,0,0,0,0,0
Slovenia,2022-10-06,SVN,EURO,47,0,0,0,0,0
Spain,2022-10-06,ESP,EURO,7209,0,2,0,0,0
Sweden,2022-10-06,SWE,EURO,198,0,0,0,0,0
Switzerland,2022-10-06,CHE,EURO,516,0,0,0,0,0
The United Kingdom,2022-10-06,GBR,EURO,3654,0,0,0,0,0
Türkiye,2022-10-06,TUR,EURO,12,0,0,0,0,0
Ukraine,2022-10-06,UKR,EURO,4,0,0,0,0,0
Andorra,2022-10-07,AND,EURO,4,0,0,0,0,0
Austria,2022-10-07,AUT,EURO,317,0,0,2,0,0
Belgium,2022-10-07,BEL,EURO,775,0,1,0,0,0
Bosnia and Herzegovina,2022-10-07,BIH,EURO,6,0,0,0,0,0
Bulgaria,2022-10-07,BGR,EURO,6,0,0,0,0,0
Croatia,2022-10-07,HRV,EURO,29,0,0,0,0,0
Cyprus,2022-10-07,CYP,EURO,5,0,0,0,0,0
Czechia,2022-10-07,CZE,EURO,72,0,1,4,0,0
Denmark,2022-10-07,DNK,EURO,187,0,0,0,0,0
Estonia,2022-10-07,EST,EURO,11,0,0,0,0,0
Finland,2022-10-07,FIN,EURO,40,0,0,0,0,0
France,2022-10-07,FRA,EURO,4043,0,0,0,0,0
Georgia,2022-10-07,GEO,EURO,2,0,0,0,0,0
Germany,2022-10-07,DEU,EURO,3645,0,0,5,0,0
Gibraltar,2022-10-07,GIB,EURO,6,0,0,0,0,0
Greece,2022-10-07,GRC,EURO,82,0,0,0,0,0
Greenland,2022-10-07,GRL,EURO,2,0,0,0,0,0
Hungary,2022-10-07,HUN,EURO,78,0,0,0,0,0
Iceland,2022-10-07,ISL,EURO,16,0,0,0,0,0
Ireland,2022-10-07,IRL,EURO,195,0,0,0,0,0
Israel,2022-10-07,ISR,EURO,254,0,0,0,0,0
Italy,2022-10-07,ITA,EURO,854,0,0,3,0,0
Latvia,2022-10-07,LVA,EURO,6,0,0,0,0,0
Lithuania,2022-10-07,LTU,EURO,5,0,0,0,0,0
Luxembourg,2022-10-07,LUX,EURO,55,0,0,0,0,0
Malta,2022-10-07,MLT,EURO,33,0,0,0,0,0
Monaco,2022-10-07,MCO,EURO,3,0,0,0,0,0
Montenegro,2022-10-07,MNE,EURO,2,0,0,0,0,0
Mozambique,2022-10-07,MOZ,AFRO,1,0,0,0,0,0
Netherlands,2022-10-07,NLD,EURO,1221,0,0,2,0,0
Norway,2022-10-07,NOR,EURO,92,0,0,0,0,0
Poland,2022-10-07,POL,EURO,195,0,0,0,0,0
Portugal,2022-10-07,PRT,EURO,930,0,0,4,0,0
Republic of Moldova,2022-10-07,MDA,EURO,2,0,0,0,0,0
Romania,2022-10-07,ROU,EURO,40,0,0,0,0,0
Russian Federation,2022-10-07,RUS,EURO,2,0,0,0,0,0
San Marino,2022-10-07,SMR,EURO,0,0,0,0,0,0
Serbia,2022-10-07,SRB,EURO,40,0,0,0,0,0
Slovakia,2022-10-07,SVK,EURO,14,0,0,0,0,0
Slovenia,2022-10-07,SVN,EURO,47,0,0,0,0,0
Spain,2022-10-07,ESP,EURO,7209,0,2,0,0,0
Sweden,2022-10-07,SWE,EURO,198,0,0,0,0,0
Switzerland,2022-10-07,CHE,EURO,517,0,0,1,0,0
The United Kingdom,2022-10-07,GBR,EURO,3654,0,0,0,0,0
Türkiye,2022-10-07,TUR,EURO,12,0,0,0,0,0
Ukraine,2022-10-07,UKR,EURO,4,0,0,0,0,0
Benin,2022-10-09,BEN,AFRO,3,0,0,0,0,0
Cameroon,2022-10-09,CMR,AFRO,10,0,3,0,0,0
Central African Republic,2022-10-09,CAF,AFRO,24,0,0,0,0,0
China,2022-10-09,CHN,WPRO,6,0,0,1,0,0
Congo,2022-10-09,COG,AFRO,5,0,0,0,0,0
Ghana,2022-10-09,GHA,AFRO,105,0,4,0,0,0
Liberia,2022-10-09,LBR,AFRO,3,0,0,0,0,0
Nigeria,2022-10-09,NGA,AFRO,535,0,7,49,0,0
South Africa,2022-10-09,ZAF,AFRO,5,0,0,0,0,0
Andorra,2022-10-10,AND,EURO,4,0,0,0,0,0
Argentina,2022-10-10,ARG,AMRO,633,0,1,93,0,0
Aruba,2022-10-10,ABW,AMRO,3,0,0,0,0,0
Austria,2022-10-10,AUT,EURO,317,0,0,0,0,0
Bahamas,2022-10-10,BHS,AMRO,2,0,0,0,0,0
Barbados,2022-10-10,BRB,AMRO,1,0,0,0,0,0
Belgium,2022-10-10,BEL,EURO,775,0,1,0,0,0
Bermuda,2022-10-10,BMU,AMRO,1,0,0,0,0,0
Bolivia (Plurinational State of),2022-10-10,BOL,AMRO,234,0,0,17,0,0
Bosnia and Herzegovina,2022-10-10,BIH,EURO,6,0,0,0,0,0
Brazil,2022-10-10,BRA,AMRO,9612,0,7,254,0,4
Bulgaria,2022-10-10,BGR,EURO,6,0,0,0,0,0
Canada,2022-10-10,CAN,AMRO,1456,0,0,3,0,0
Chile,2022-10-10,CHL,AMRO,1148,0,0,41,0,0
Colombia,2022-10-10,COL,AMRO,3496,0,0,192,0,0
Costa Rica,2022-10-10,CRI,AMRO,9,0,0,1,0,0
Croatia,2022-10-10,HRV,EURO,29,0,0,0,0,0
Cuba,2022-10-10,CUB,AMRO,8,0,1,4,0,0
Curaçao,2022-10-10,CUW,AMRO,3,0,0,0,0,0
Cyprus,2022-10-10,CYP,EURO,5,0,0,0,0,0
Czechia,2022-10-10,CZE,EURO,72,0,1,0,0,0
Denmark,2022-10-10,DNK,EURO,187,0,0,0,0,0
Dominican Republic,2022-10-10,DOM,AMRO,57,0,1,3,0,0
Ecuador,2022-10-10,ECU,AMRO,256,0,2,33,0,0
El Salvador,2022-10-10,SLV,AMRO,10,0,0,0,0,0
Estonia,2022-10-10,EST,EURO,11,0,0,0,0,0
Finland,2022-10-10,FIN,EURO,41,0,0,1,0,0
France,2022-10-10,FRA,EURO,4043,0,0,0,0,0
Georgia,2022-10-10,GEO,EURO,2,0,0,0,0,0
Germany,2022-10-10,DEU,EURO,3645,0,0,0,0,0
Gibraltar,2022-10-10,GIB,EURO,6,0,0,0,0,0
Greece,2022-10-10,GRC,EURO,82,0,0,0,0,0
Greenland,2022-10-10,GRL,EURO,2,0,0,0,0,0
Guadeloupe,2022-10-10,GLP,AMRO,1,0,0,0,0,0
Guatemala,2022-10-10,GTM,AMRO,77,0,0,14,0,0
Guyana,2022-10-10,GUY,AMRO,2,0,0,0,0,0
Honduras,2022-10-10,HND,AMRO,6,0,0,0,0,0
Hungary,2022-10-10,HUN,EURO,78,0,0,0,0,0
Iceland,2022-10-10,ISL,EURO,16,0,0,0,0,0
Ireland,2022-10-10,IRL,EURO,198,0,0,3,0,0
Israel,2022-10-10,ISR,EURO,254,0,0,0,0,0
Italy,2022-10-10,ITA,EURO,854,0,0,0,0,0
Jamaica,2022-10-10,JAM,AMRO,15,0,0,1,0,0
Latvia,2022-10-10,LVA,EURO,6,0,0,0,0,0
Lithuania,2022-10-10,LTU,EURO,5,0,0,0,0,0
Luxembourg,2022-10-10,LUX,EURO,55,0,0,0,0,0
Malta,2022-10-10,MLT,EURO,33,0,0,0,0,0
Martinique,2022-10-10,MTQ,AMRO,1,0,0,0,0,0
Mexico,2022-10-10,MEX,AMRO,2835,0,12,227,0,1
Monaco,2022-10-10,MCO,EURO,3,0,0,0,0,0
Montenegro,2022-10-10,MNE,EURO,2,0,0,0,0,0
Netherlands,2022-10-10,NLD,EURO,1221,0,0,0,0,0
Norway,2022-10-10,NOR,EURO,92,0,0,0,0,0
Panama,2022-10-10,PAN,AMRO,17,0,0,1,0,0
Paraguay,2022-10-10,PRY,AMRO,3,0,0,1,0,0
Peru,2022-10-10,PER,AMRO,3078,0,19,131,0,1
Poland,2022-10-10,POL,EURO,195,0,0,0,0,0
Portugal,2022-10-10,PRT,EURO,930,0,0,0,0,0
Republic of Moldova,2022-10-10,MDA,EURO,2,0,0,0,0,0
Romania,2022-10-10,ROU,EURO,40,0,0,0,0,0
Russian Federation,2022-10-10,RUS,EURO,2,0,0,0,0,0
Saint Martin,2022-10-10,MAF,AMRO,1,0,0,0,0,0
San Marino,2022-10-10,SMR,EURO,1,0,0,1,0,0
Serbia,2022-10-10,SRB,EURO,40,0,0,0,0,0
Slovakia,2022-10-10,SVK,EURO,14,0,0,0,0,0
Slovenia,2022-10-10,SVN,EURO,47,0,0,0,0,0
Spain,2022-10-10,ESP,EURO,7219,0,2,10,0,0
Sweden,2022-10-10,SWE,EURO,198,0,0,0,0,0
Switzerland,2022-10-10,CHE,EURO,517,0,0,0,0,0
The United Kingdom,2022-10-10,GBR,EURO,3654,0,0,0,0,0
Türkiye,2022-10-10,TUR,EURO,12,0,0,0,0,0
Ukraine,2022-10-10,UKR,EURO,5,0,0,1,0,0
United States of America,2022-10-10,USA,AMRO,28308,0,48,473,0,4
Uruguay,2022-10-10,URY,AMRO,13,0,0,2,0,0
Venezuela (Bolivarian Republic of),2022-10-10,VEN,AMRO,10,0,0,2,0,0
Andorra,2022-10-11,AND,EURO,4,0,0,0,0,0
Austria,2022-10-11,AUT,EURO,317,0,0,0,0,0
Belgium,2022-10-11,BEL,EURO,778,0,1,3,0,0
Bosnia and Herzegovina,2022-10-11,BIH,EURO,6,0,0,0,0,0
Bulgaria,2022-10-11,BGR,EURO,6,0,0,0,0,0
Croatia,2022-10-11,HRV,EURO,29,0,0,0,0,0
Cyprus,2022-10-11,CYP,EURO,5,0,0,0,0,0
Czechia,2022-10-11,CZE,EURO,72,0,1,0,0,0
Denmark,2022-10-11,DNK,EURO,189,0,0,2,0,0
Estonia,2022-10-11,EST,EURO,11,0,0,0,0,0
Finland,2022-10-11,FIN,EURO,41,0,0,0,0,0
France,2022-10-11,FRA,EURO,4043,0,0,0,0,0
Georgia,2022-10-11,GEO,EURO,2,0,0,0,0,0
Germany,2022-10-11,DEU,EURO,3651,0,0,6,0,0
Gibraltar,2022-10-11,GIB,EURO,6,0,0,0,0,0
Greece,2022-10-11,GRC,EURO,82,0,0,0,0,0
Greenland,2022-10-11,GRL,EURO,2,0,0,0,0,0
Hungary,2022-10-11,HUN,EURO,78,0,0,0,0,0
Iceland,2022-10-11,ISL,EURO,16,0,0,0,0,0
Ireland,2022-10-11,IRL,EURO,198,0,0,0,0,0
Israel,2022-10-11,ISR,EURO,254,0,0,0,0,0
Italy,2022-10-11,ITA,EURO,856,0,0,2,0,0
Latvia,2022-10-11,LVA,EURO,6,0,0,0,0,0
Lithuania,2022-10-11,LTU,EURO,5,0,0,0,0,0
Luxembourg,2022-10-11,LUX,EURO,55,0,0,0,0,0
Malta,2022-10-11,MLT,EURO,33,0,0,0,0,0
Monaco,2022-10-11,MCO,EURO,3,0,0,0,0,0
Montenegro,2022-10-11,MNE,EURO,2,0,0,0,0,0
Netherlands,2022-10-11,NLD,EURO,1223,0,0,2,0,0
New Zealand,2022-10-11,NZL,WPRO,34,0,0,23,0,0
Norway,2022-10-11,NOR,EURO,92,0,0,0,0,0
Poland,2022-10-11,POL,EURO,196,0,0,1,0,0
Portugal,2022-10-11,PRT,EURO,930,0,0,0,0,0
Republic of Moldova,2022-10-11,MDA,EURO,2,0,0,0,0,0
Romania,2022-10-11,ROU,EURO,41,0,0,1,0,0
Russian Federation,2022-10-11,RUS,EURO,2,0,0,0,0,0
San Marino,2022-10-11,SMR,EURO,1,0,0,0,0,0
Serbia,2022-10-11,SRB,EURO,40,0,0,0,0,0
Slovakia,2022-10-11,SVK,EURO,14,0,0,0,0,0
Slovenia,2022-10-11,SVN,EURO,47,0,0,0,0,0
Spain,2022-10-11,ESP,EURO,7239,0,2,20,0,0
Sweden,2022-10-11,SWE,EURO,202,0,0,4,0,0
Switzerland,2022-10-11,CHE,EURO,521,0,0,4,0,0
The United Kingdom,2022-10-11,GBR,EURO,3654,0,0,0,0,0
Türkiye,2022-10-11,TUR,EURO,12,0,0,0,0,0
Ukraine,2022-10-11,UKR,EURO,5,0,0,0,0,0
Andorra,2022-10-12,AND,EURO,4,0,0,0,0,0
Austria,2022-10-12,AUT,EURO,320,0,0,3,0,0
Belgium,2022-10-12,BEL,EURO,779,0,1,1,0,0
Bosnia and Herzegovina,2022-10-12,BIH,EURO,9,0,0,3,0,0
Bulgaria,2022-10-12,BGR,EURO,6,0,0,0,0,0
Croatia,2022-10-12,HRV,EURO,29,0,0,0,0,0
Cyprus,2022-10-12,CYP,EURO,5,0,0,0,0,0
Czechia,2022-10-12,CZE,EURO,72,0,1,0,0,0
Denmark,2022-10-12,DNK,EURO,189,0,0,0,0,0
Estonia,2022-10-12,EST,EURO,11,0,0,0,0,0
Finland,2022-10-12,FIN,EURO,41,0,0,0,0,0
France,2022-10-12,FRA,EURO,4043,0,0,0,0,0
Georgia,2022-10-12,GEO,EURO,2,0,0,0,0,0
Germany,2022-10-12,DEU,EURO,3651,0,0,0,0,0
Gibraltar,2022-10-12,GIB,EURO,6,0,0,0,0,0
Greece,2022-10-12,GRC,EURO,82,0,0,0,0,0
Greenland,2022-10-12,GRL,EURO,2,0,0,0,0,0
Hungary,2022-10-12,HUN,EURO,78,0,0,0,0,0
Iceland,2022-10-12,ISL,EURO,16,0,0,0,0,0
Ireland,2022-10-12,IRL,EURO,198,0,0,0,0,0
Israel,2022-10-12,ISR,EURO,254,0,0,0,0,0
Italy,2022-10-12,ITA,EURO,856,0,0,0,0,0
Latvia,2022-10-12,LVA,EURO,6,0,0,0,0,0
Lithuania,2022-10-12,LTU,EURO,5,0,0,0,0,0
Luxembourg,2022-10-12,LUX,EURO,55,0,0,0,0,0
Malta,2022-10-12,MLT,EURO,33,0,0,0,0,0
Monaco,2022-10-12,MCO,EURO,3,0,0,0,0,0
Montenegro,2022-10-12,MNE,EURO,2,0,0,0,0,0
Netherlands,2022-10-12,NLD,EURO,1223,0,0,0,0,0
Norway,2022-10-12,NOR,EURO,92,0,0,0,0,0
Poland,2022-10-12,POL,EURO,196,0,0,0,0,0
Portugal,2022-10-12,PRT,EURO,930,0,0,0,0,0
Republic of Moldova,2022-10-12,MDA,EURO,2,0,0,0,0,0
Romania,2022-10-12,ROU,EURO,41,0,0,0,0,0
Russian Federation,2022-10-12,RUS,EURO,2,0,0,0,0,0
San Marino,2022-10-12,SMR,EURO,1,0,0,0,0,0
Serbia,2022-10-12,SRB,EURO,40,0,0,0,0,0
Slovakia,2022-10-12,SVK,EURO,14,0,0,0,0,0
Slovenia,2022-10-12,SVN,EURO,47,0,0,0,0,0
Spain,2022-10-12,ESP,EURO,7239,0,2,0,0,0
Sweden,2022-10-12,SWE,EURO,202,0,0,0,0,0
Switzerland,2022-10-12,CHE,EURO,521,0,0,0,0,0
The United Kingdom,2022-10-12,GBR,EURO,3654,0,0,0,0,0
Türkiye,2022-10-12,TUR,EURO,12,0,0,0,0,0
Ukraine,2022-10-12,UKR,EURO,5,0,0,0,0,0
Andorra,2022-10-13,AND,EURO,4,0,0,0,0,0
Austria,2022-10-13,AUT,EURO,320,0,0,0,0,0
Belgium,2022-10-13,BEL,EURO,779,0,1,0,0,0
Bosnia and Herzegovina,2022-10-13,BIH,EURO,9,0,0,0,0,0
Bulgaria,2022-10-13,BGR,EURO,6,0,0,0,0,0
Croatia,2022-10-13,HRV,EURO,29,0,0,0,0,0
Cyprus,2022-10-13,CYP,EURO,5,0,0,0,0,0
Czechia,2022-10-13,CZE,EURO,72,0,1,0,0,0
Denmark,2022-10-13,DNK,EURO,189,0,0,0,0,0
Estonia,2022-10-13,EST,EURO,11,0,0,0,0,0
Finland,2022-10-13,FIN,EURO,41,0,0,0,0,0
France,2022-10-13,FRA,EURO,4064,0,0,21,0,0
Georgia,2022-10-13,GEO,EURO,2,0,0,0,0,0
Germany,2022-10-13,DEU,EURO,3651,0,0,0,0,0
Gibraltar,2022-10-13,GIB,EURO,6,0,0,0,0,0
Greece,2022-10-13,GRC,EURO,82,0,0,0,0,0
Greenland,2022-10-13,GRL,EURO,2,0,0,0,0,0
Hungary,2022-10-13,HUN,EURO,78,0,0,0,0,0
Iceland,2022-10-13,ISL,EURO,16,0,0,0,0,0
Ireland,2022-10-13,IRL,EURO,198,0,0,0,0,0
Israel,2022-10-13,ISR,EURO,254,0,0,0,0,0
Italy,2022-10-13,ITA,EURO,856,0,0,0,0,0
Latvia,2022-10-13,LVA,EURO,6,0,0,0,0,0
Lithuania,2022-10-13,LTU,EURO,5,0,0,0,0,0
Luxembourg,2022-10-13,LUX,EURO,55,0,0,0,0,0
Malta,2022-10-13,MLT,EURO,33,0,0,0,0,0
Monaco,2022-10-13,MCO,EURO,3,0,0,0,0,0
Montenegro,2022-10-13,MNE,EURO,2,0,0,0,0,0
Netherlands,2022-10-13,NLD,EURO,1223,0,0,0,0,0
New Zealand,2022-10-13,NZL,WPRO,23,0,0,-11,0,0
Norway,2022-10-13,NOR,EURO,92,0,0,0,0,0
Poland,2022-10-13,POL,EURO,196,0,0,0,0,0
Portugal,2022-10-13,PRT,EURO,930,0,0,0,0,0
Republic of Moldova,2022-10-13,MDA,EURO,2,0,0,0,0,0
Romania,2022-10-13,ROU,EURO,41,0,0,0,0,0
Russian Federation,2022-10-13,RUS,EURO,2,0,0,0,0,0
San Marino,2022-10-13,SMR,EURO,1,0,0,0,0,0
Serbia,2022-10-13,SRB,EURO,40,0,0,0,0,0
Slovakia,2022-10-13,SVK,EURO,14,0,0,0,0,0
Slovenia,2022-10-13,SVN,EURO,47,0,0,0,0,0
Spain,2022-10-13,ESP,EURO,7239,0,2,0,0,0
Sweden,2022-10-13,SWE,EURO,202,0,0,0,0,0
Switzerland,2022-10-13,CHE,EURO,521,0,0,0,0,0
The United Kingdom,2022-10-13,GBR,EURO,3654,0,0,0,0,0
Türkiye,2022-10-13,TUR,EURO,12,0,0,0,0,0
Ukraine,2022-10-13,UKR,EURO,5,0,0,0,0,0
Andorra,2022-10-14,AND,EURO,4,0,0,0,0,0
Austria,2022-10-14,AUT,EURO,320,0,0,0,0,0
Belgium,2022-10-14,BEL,EURO,779,0,1,0,0,0
Bosnia and Herzegovina,2022-10-14,BIH,EURO,9,0,0,0,0,0
Bulgaria,2022-10-14,BGR,EURO,6,0,0,0,0,0
Croatia,2022-10-14,HRV,EURO,29,0,0,0,0,0
Cyprus,2022-10-14,CYP,EURO,5,0,0,0,0,0
Czechia,2022-10-14,CZE,EURO,70,0,1,-2,0,0
Denmark,2022-10-14,DNK,EURO,189,0,0,0,0,0
Estonia,2022-10-14,EST,EURO,11,0,0,0,0,0
Finland,2022-10-14,FIN,EURO,41,0,0,0,0,0
France,2022-10-14,FRA,EURO,4064,0,0,0,0,0
Georgia,2022-10-14,GEO,EURO,2,0,0,0,0,0
Germany,2022-10-14,DEU,EURO,3651,0,0,0,0,0
Gibraltar,2022-10-14,GIB,EURO,6,0,0,0,0,0
Greece,2022-10-14,GRC,EURO,82,0,0,0,0,0
Greenland,2022-10-14,GRL,EURO,2,0,0,0,0,0
Hungary,2022-10-14,HUN,EURO,78,0,0,0,0,0
Iceland,2022-10-14,ISL,EURO,16,0,0,0,0,0
Ireland,2022-10-14,IRL,EURO,198,0,0,0,0,0
Israel,2022-10-14,ISR,EURO,254,0,0,0,0,0
Italy,2022-10-14,ITA,EURO,881,0,0,25,0,0
Latvia,2022-10-14,LVA,EURO,6,0,0,0,0,0
Lebanon,2022-10-14,LBN,EMRO,18,0,0,4,0,0
Lithuania,2022-10-14,LTU,EURO,5,0,0,0,0,0
Luxembourg,2022-10-14,LUX,EURO,55,0,0,0,0,0
Malta,2022-10-14,MLT,EURO,33,0,0,0,0,0
Monaco,2022-10-14,MCO,EURO,3,0,0,0,0,0
Montenegro,2022-10-14,MNE,EURO,2,0,0,0,0,0
Netherlands,2022-10-14,NLD,EURO,1223,0,0,0,0,0
Norway,2022-10-14,NOR,EURO,92,0,0,0,0,0
Poland,2022-10-14,POL,EURO,196,0,0,0,0,0
Portugal,2022-10-14,PRT,EURO,940,0,0,10,0,0
Republic of Moldova,2022-10-14,MDA,EURO,2,0,0,0,0,0
Romania,2022-10-14,ROU,EURO,41,0,0,0,0,0
Russian Federation,2022-10-14,RUS,EURO,2,0,0,0,0,0
San Marino,2022-10-14,SMR,EURO,1,0,0,0,0,0
Serbia,2022-10-14,SRB,EURO,40,0,0,0,0,0
Slovakia,2022-10-14,SVK,EURO,14,0,0,0,0,0
Slovenia,2022-10-14,SVN,EURO,47,0,0,0,0,0
Spain,2022-10-14,ESP,EURO,7239,0,2,0,0,0
Sweden,2022-10-14,SWE,EURO,206,0,0,4,0,0
Switzerland,2022-10-14,CHE,EURO,521,0,0,0,0,0
The United Kingdom,2022-10-14,GBR,EURO,3654,0,0,0,0,0
Türkiye,2022-10-14,TUR,EURO,12,0,0,0,0,0
Ukraine,2022-10-14,UKR,EURO,5,0,0,0,0,0
Benin,2022-10-16,BEN,AFRO,3,0,0,0,0,0
Cameroon,2022-10-16,CMR,AFRO,12,0,3,2,0,0
Central African Republic,2022-10-16,CAF,AFRO,27,0,0,3,0,0
Congo,2022-10-16,COG,AFRO,5,0,0,0,0,0
Ghana,2022-10-16,GHA,AFRO,106,0,4,1,0,0
Liberia,2022-10-16,LBR,AFRO,3,0,0,0,0,0
Mozambique,2022-10-16,MOZ,AFRO,1,0,0,0,0,0
Nigeria,2022-10-16,NGA,AFRO,557,0,7,22,0,0
South Africa,2022-10-16,ZAF,AFRO,5,0,0,0,0,0
Andorra,2022-10-17,AND,EURO,4,0,0,0,0,0
Argentina,2022-10-17,ARG,AMRO,697,0,1,64,0,0
Aruba,2022-10-17,ABW,AMRO,3,0,0,0,0,0
Austria,2022-10-17,AUT,EURO,321,0,0,1,0,0
Bahamas,2022-10-17,BHS,AMRO,2,0,0,0,0,0
Barbados,2022-10-17,BRB,AMRO,1,0,0,0,0,0
Belgium,2022-10-17,BEL,EURO,779,0,1,0,0,0
Bermuda,2022-10-17,BMU,AMRO,1,0,0,0,0,0
Bolivia (Plurinational State of),2022-10-17,BOL,AMRO,240,0,0,6,0,0
Bosnia and Herzegovina,2022-10-17,BIH,EURO,9,0,0,0,0,0
Brazil,2022-10-17,BRA,AMRO,9825,0,8,213,0,1
Bulgaria,2022-10-17,BGR,EURO,6,0,0,0,0,0
Canada,2022-10-17,CAN,AMRO,1458,0,0,2,0,0
Chile,2022-10-17,CHL,AMRO,1183,0,0,35,0,0
Colombia,2022-10-17,COL,AMRO,3630,0,0,134,0,0
Costa Rica,2022-10-17,CRI,AMRO,11,0,0,2,0,0
Croatia,2022-10-17,HRV,EURO,29,0,0,0,0,0
Cuba,2022-10-17,CUB,AMRO,8,0,1,0,0,0
Curaçao,2022-10-17,CUW,AMRO,3,0,0,0,0,0
Cyprus,2022-10-17,CYP,EURO,5,0,0,0,0,0
Czechia,2022-10-17,CZE,EURO,70,0,1,0,0,0
Denmark,2022-10-17,DNK,EURO,189,0,0,0,0,0
Dominican Republic,2022-10-17,DOM,AMRO,58,0,1,1,0,0
Ecuador,2022-10-17,ECU,AMRO,290,0,2,34,0,0
El Salvador,2022-10-17,SLV,AMRO,13,0,0,3,0,0
Estonia,2022-10-17,EST,EURO,11,0,0,0,0,0
Finland,2022-10-17,FIN,EURO,41,0,0,0,0,0
France,2022-10-17,FRA,EURO,4064,0,0,0,0,0
Georgia,2022-10-17,GEO,EURO,2,0,0,0,0,0
Germany,2022-10-17,DEU,EURO,3651,0,0,0,0,0
Gibraltar,2022-10-17,GIB,EURO,6,0,0,0,0,0
Greece,2022-10-17,GRC,EURO,82,0,0,0,0,0
Greenland,2022-10-17,GRL,EURO,2,0,0,0,0,0
Guadeloupe,2022-10-17,GLP,AMRO,1,0,0,0,0,0
Guatemala,2022-10-17,GTM,AMRO,99,0,0,22,0,0
Guyana,2022-10-17,GUY,AMRO,2,0,0,0,0,0
Honduras,2022-10-17,HND,AMRO,8,0,0,2,0,0
Hungary,2022-10-17,HUN,EURO,78,0,0,0,0,0
Iceland,2022-10-17,ISL,EURO,16,0,0,0,0,0
Ireland,2022-10-17,IRL,EURO,198,0,0,0,0,0
Israel,2022-10-17,ISR,EURO,254,0,0,0,0,0
Italy,2022-10-17,ITA,EURO,881,0,0,0,0,0
Jamaica,2022-10-17,JAM,AMRO,16,0,0,1,0,0
Latvia,2022-10-17,LVA,EURO,6,0,0,0,0,0
Lithuania,2022-10-17,LTU,EURO,5,0,0,0,0,0
Luxembourg,2022-10-17,LUX,EURO,55,0,0,0,0,0
Malta,2022-10-17,MLT,EURO,33,0,0,0,0,0
Martinique,2022-10-17,MTQ,AMRO,1,0,0,0,0,0
Mexico,2022-10-17,MEX,AMRO,2999,0,12,164,0,0
Monaco,2022-10-17,MCO,EURO,3,0,0,0,0,0
Montenegro,2022-10-17,MNE,EURO,2,0,0,0,0,0
Netherlands,2022-10-17,NLD,EURO,1223,0,0,0,0,0
New Zealand,2022-10-17,NZL,WPRO,28,0,0,5,0,0
Norway,2022-10-17,NOR,EURO,92,0,0,0,0,0
Panama,2022-10-17,PAN,AMRO,17,0,0,0,0,0
Paraguay,2022-10-17,PRY,AMRO,3,0,0,0,0,0
Peru,2022-10-17,PER,AMRO,3196,0,22,118,0,3
Poland,2022-10-17,POL,EURO,196,0,0,0,0,0
Portugal,2022-10-17,PRT,EURO,940,0,0,0,0,0
Republic of Moldova,2022-10-17,MDA,EURO,2,0,0,0,0,0
Romania,2022-10-17,ROU,EURO,41,0,0,0,0,0
Russian Federation,2022-10-17,RUS,EURO,2,0,0,0,0,0
Saint Martin,2022-10-17,MAF,AMRO,1,0,0,0,0,0
San Marino,2022-10-17,SMR,EURO,1,0,0,0,0,0
Serbia,2022-10-17,SRB,EURO,40,0,0,0,0,0
Slovakia,2022-10-17,SVK,EURO,14,0,0,0,0,0
Slovenia,2022-10-17,SVN,EURO,47,0,0,0,0,0
Spain,2022-10-17,ESP,EURO,7239,0,2,0,0,0
Sweden,2022-10-17,SWE,EURO,206,0,0,0,0,0
Switzerland,2022-10-17,CHE,EURO,521,0,0,0,0,0
The United Kingdom,2022-10-17,GBR,EURO,3673,0,0,19,0,0
Türkiye,2022-10-17,TUR,EURO,12,0,0,0,0,0
Ukraine,2022-10-17,UKR,EURO,5,0,0,0,0,0
United States of America,2022-10-17,USA,AMRO,28672,0,49,364,0,1
Uruguay,2022-10-17,URY,AMRO,14,0,0,1,0,0
Venezuela (Bolivarian Republic of),2022-10-17,VEN,AMRO,10,0,0,0,0,0
Australia,2022-10-18,AUS,WPRO,140,0,0,2,0,0
India,2022-10-18,IND,SEARO,12,0,1,0,0,0
Indonesia,2022-10-18,IDN,SEARO,1,0,0,0,0,0
Thailand,2022-10-18,THA,SEARO,11,0,0,1,0,0
Andorra,2022-10-19,AND,EURO,4,0,0,0,0,0
Austria,2022-10-19,AUT,EURO,323,0,0,2,0,0
Belgium,2022-10-19,BEL,EURO,784,0,1,5,0,0
Bosnia and Herzegovina,2022-10-19,BIH,EURO,9,0,0,0,0,0
Bulgaria,2022-10-19,BGR,EURO,6,0,0,0,0,0
Croatia,2022-10-19,HRV,EURO,29,0,0,0,0,0
Cyprus,2022-10-19,CYP,EURO,5,0,0,0,0,0
Czechia,2022-10-19,CZE,EURO,70,0,1,0,0,0
Denmark,2022-10-19,DNK,EURO,191,0,0,2,0,0
Estonia,2022-10-19,EST,EURO,11,0,0,0,0,0
Finland,2022-10-19,FIN,EURO,41,0,0,0,0,0
France,2022-10-19,FRA,EURO,4084,0,0,20,0,0
Georgia,2022-10-19,GEO,EURO,2,0,0,0,0,0
Germany,2022-10-19,DEU,EURO,3656,0,0,5,0,0
Gibraltar,2022-10-19,GIB,EURO,6,0,0,0,0,0
Greece,2022-10-19,GRC,EURO,82,0,0,0,0,0
Greenland,2022-10-19,GRL,EURO,2,0,0,0,0,0
Hungary,2022-10-19,HUN,EURO,79,0,0,1,0,0
Iceland,2022-10-19,ISL,EURO,16,0,0,0,0,0
Ireland,2022-10-19,IRL,EURO,200,0,0,2,0,0
Israel,2022-10-19,ISR,EURO,257,0,0,3,0,0
Italy,2022-10-19,ITA,EURO,888,0,0,7,0,0
Latvia,2022-10-19,LVA,EURO,6,0,0,0,0,0
Lithuania,2022-10-19,LTU,EURO,5,0,0,0,0,0
Luxembourg,2022-10-19,LUX,EURO,55,0,0,0,0,0
Malta,2022-10-19,MLT,EURO,33,0,0,0,0,0
Monaco,2022-10-19,MCO,EURO,3,0,0,0,0,0
Montenegro,2022-10-19,MNE,EURO,2,0,0,0,0,0
Netherlands,2022-10-19,NLD,EURO,1226,0,0,3,0,0
Norway,2022-10-19,NOR,EURO,92,0,0,0,0,0
Poland,2022-10-19,POL,EURO,201,0,0,5,0,0
Portugal,2022-10-19,PRT,EURO,940,0,0,0,0,0
Republic of Moldova,2022-10-19,MDA,EURO,2,0,0,0,0,0
Romania,2022-10-19,ROU,EURO,41,0,0,0,0,0
Russian Federation,2022-10-19,RUS,EURO,2,0,0,0,0,0
San Marino,2022-10-19,SMR,EURO,1,0,0,0,0,0
Serbia,2022-10-19,SRB,EURO,40,0,0,0,0,0
Slovakia,2022-10-19,SVK,EURO,14,0,0,0,0,0
Slovenia,2022-10-19,SVN,EURO,47,0,0,0,0,0
Spain,2022-10-19,ESP,EURO,7277,0,2,38,0,0
Sudan,2022-10-19,SDN,EMRO,18,0,1,1,0,0
Sweden,2022-10-19,SWE,EURO,207,0,0,1,0,0
Switzerland,2022-10-19,CHE,EURO,542,0,0,21,0,0
The United Kingdom,2022-10-19,GBR,EURO,3686,0,0,13,0,0
Türkiye,2022-10-19,TUR,EURO,12,0,0,0,0,0
Ukraine,2022-10-19,UKR,EURO,5,0,0,0,0,0
Viet Nam,2022-10-19,VNM,WPRO,2,0,0,1,0,0
Andorra,2022-10-20,AND,EURO,4,0,0,0,0,0
Australia,2022-10-20,AUS,WPRO,140,0,0,0,0,0
Austria,2022-10-20,AUT,EURO,323,0,0,0,0,0
Belgium,2022-10-20,BEL,EURO,785,0,1,1,0,0
Bosnia and Herzegovina,2022-10-20,BIH,EURO,9,0,0,0,0,0
Bulgaria,2022-10-20,BGR,EURO,6,0,0,0,0,0
Croatia,2022-10-20,HRV,EURO,29,0,0,0,0,0
Cyprus,2022-10-20,CYP,EURO,5,0,0,0,0,0
Czechia,2022-10-20,CZE,EURO,70,0,1,0,0,0
Denmark,2022-10-20,DNK,EURO,191,0,0,0,0,0
Estonia,2022-10-20,EST,EURO,11,0,0,0,0,0
Finland,2022-10-20,FIN,EURO,41,0,0,0,0,0
France,2022-10-20,FRA,EURO,4084,0,0,0,0,0
Georgia,2022-10-20,GEO,EURO,2,0,0,0,0,0
Germany,2022-10-20,DEU,EURO,3656,0,0,0,0,0
Gibraltar,2022-10-20,GIB,EURO,6,0,0,0,0,0
Greece,2022-10-20,GRC,EURO,82,0,0,0,0,0
Greenland,2022-10-20,GRL,EURO,2,0,0,0,0,0
Hungary,2022-10-20,HUN,EURO,79,0,0,0,0,0
Iceland,2022-10-20,ISL,EURO,16,0,0,0,0,0
India,2022-10-20,IND,SEARO,17,0,1,5,0,0
Indonesia,2022-10-20,IDN,SEARO,1,0,0,0,0,0
Ireland,2022-10-20,IRL,EURO,200,0,0,0,0,0
Israel,2022-10-20,ISR,EURO,257,0,0,0,0,0
Italy,2022-10-20,ITA,EURO,888,0,0,0,0,0
Latvia,2022-10-20,LVA,EURO,6,0,0,0,0,0
Lithuania,2022-10-20,LTU,EURO,5,0,0,0,0,0
Luxembourg,2022-10-20,LUX,EURO,55,0,0,0,0,0
Malta,2022-10-20,MLT,EURO,33,0,0,0,0,0
Monaco,2022-10-20,MCO,EURO,3,0,0,0,0,0
Montenegro,2022-10-20,MNE,EURO,2,0,0,0,0,0
Netherlands,2022-10-20,NLD,EURO,1230,0,0,4,0,0
New Zealand,2022-10-20,NZL,WPRO,27,0,0,-1,0,0
Norway,2022-10-20,NOR,EURO,92,0,0,0,0,0
Poland,2022-10-20,POL,EURO,201,0,0,0,0,0
Portugal,2022-10-20,PRT,EURO,940,0,0,0,0,0
Republic of Moldova,2022-10-20,MDA,EURO,2,0,0,0,0,0
Romania,2022-10-20,ROU,EURO,41,0,0,0,0,0
Russian Federation,2022-10-20,RUS,EURO,2,0,0,0,0,0
San Marino,2022-10-20,SMR,EURO,1,0,0,0,0,0
Serbia,2022-10-20,SRB,EURO,40,0,0,0,0,0
Slovakia,2022-10-20,SVK,EURO,14,0,0,0,0,0
Slovenia,2022-10-20,SVN,EURO,47,0,0,0,0,0
Spain,2022-10-20,ESP,EURO,7277,0,2,0,0,0
Sweden,2022-10-20,SWE,EURO,207,0,0,0,0,0
Switzerland,2022-10-20,CHE,EURO,542,0,0,0,0,0
Thailand,2022-10-20,THA,SEARO,11,0,0,0,0,0
The United Kingdom,2022-10-20,GBR,EURO,3686,0,0,0,0,0
Türkiye,2022-10-20,TUR,EURO,12,0,0,0,0,0
Ukraine,2022-10-20,UKR,EURO,5,0,0,0,0,0
Andorra,2022-10-21,AND,EURO,4,0,0,0,0,0
Austria,2022-10-21,AUT,EURO,323,0,0,0,0,0
Belgium,2022-10-21,BEL,EURO,785,0,1,0,0,0
Bosnia and Herzegovina,2022-10-21,BIH,EURO,9,0,0,0,0,0
Bulgaria,2022-10-21,BGR,EURO,6,0,0,0,0,0
Croatia,2022-10-21,HRV,EURO,29,0,0,0,0,0
Cyprus,2022-10-21,CYP,EURO,5,0,0,0,0,0
Czechia,2022-10-21,CZE,EURO,70,0,1,0,0,0
Denmark,2022-10-21,DNK,EURO,191,0,0,0,0,0
Estonia,2022-10-21,EST,EURO,11,0,0,0,0,0
Finland,2022-10-21,FIN,EURO,41,0,0,0,0,0
France,2022-10-21,FRA,EURO,4084,0,0,0,0,0
Georgia,2022-10-21,GEO,EURO,2,0,0,0,0,0
Germany,2022-10-21,DEU,EURO,3656,0,0,0,0,0
Gibraltar,2022-10-21,GIB,EURO,6,0,0,0,0,0
Greece,2022-10-21,GRC,EURO,82,0,0,0,0,0
Greenland,2022-10-21,GRL,EURO,2,0,0,0,0,0
Hungary,2022-10-21,HUN,EURO,79,0,0,0,0,0
Iceland,2022-10-21,ISL,EURO,16,0,0,0,0,0
Ireland,2022-10-21,IRL,EURO,200,0,0,0,0,0
Israel,2022-10-21,ISR,EURO,257,0,0,0,0,0
Italy,2022-10-21,ITA,EURO,890,0,0,2,0,0
Latvia,2022-10-21,LVA,EURO,6,0,0,0,0,0
Lithuania,2022-10-21,LTU,EURO,5,0,0,0,0,0
Luxembourg,2022-10-21,LUX,EURO,55,0,0,0,0,0
Malta,2022-10-21,MLT,EURO,33,0,0,0,0,0
Monaco,2022-10-21,MCO,EURO,3,0,0,0,0,0
Montenegro,2022-10-21,MNE,EURO,2,0,0,0,0,0
Netherlands,2022-10-21,NLD,EURO,1230,0,0,0,0,0
Norway,2022-10-21,NOR,EURO,92,0,0,0,0,0
Poland,2022-10-21,POL,EURO,201,0,0,0,0,0
Portugal,2022-10-21,PRT,EURO,944,0,0,4,0,0
Republic of Moldova,2022-10-21,MDA,EURO,2,0,0,0,0,0
Romania,2022-10-21,ROU,EURO,41,0,0,0,0,0
Russian Federation,2022-10-21,RUS,EURO,2,0,0,0,0,0
San Marino,2022-10-21,SMR,EURO,1,0,0,0,0,0
Serbia,2022-10-21,SRB,EURO,40,0,0,0,0,0
Slovakia,2022-10-21,SVK,EURO,14,0,0,0,0,0
Slovenia,2022-10-21,SVN,EURO,47,0,0,0,0,0
Spain,2022-10-21,ESP,EURO,7277,0,2,0,0,0
Sweden,2022-10-21,SWE,EURO,207,0,0,0,0,0
Switzerland,2022-10-21,CHE,EURO,544,0,0,2,0,0
The United Kingdom,2022-10-21,GBR,EURO,3686,0,0,0,0,0
Türkiye,2022-10-21,TUR,EURO,12,0,0,0,0,0
Ukraine,2022-10-21,UKR,EURO,5,0,0,0,0,0
Benin,2022-10-23,BEN,AFRO,3,0,0,0,0,0
Cameroon,2022-10-23,CMR,AFRO,12,0,3,0,0,0
Central African Republic,2022-10-23,CAF,AFRO,27,0,0,0,0,0
Congo,2022-10-23,COG,AFRO,5,0,0,0,0,0
Ghana,2022-10-23,GHA,AFRO,106,0,4,0,0,0
Liberia,2022-10-23,LBR,AFRO,3,0,0,0,0,0
Mozambique,2022-10-23,MOZ,AFRO,1,0,1,0,0,1
Nigeria,2022-10-23,NGA,AFRO,588,0,7,31,0,0
South Africa,2022-10-23,ZAF,AFRO,5,0,0,0,0,0
Andorra,2022-10-24,AND,EURO,4,0,0,0,0,0
Argentina,2022-10-24,ARG,AMRO,766,0,2,69,0,1
Aruba,2022-10-24,ABW,AMRO,3,0,0,0,0,0
Austria,2022-10-24,AUT,EURO,323,0,0,0,0,0
Bahamas,2022-10-24,BHS,AMRO,2,0,0,0,0,0
Barbados,2022-10-24,BRB,AMRO,1,0,0,0,0,0
Belgium,2022-10-24,BEL,EURO,785,0,1,0,0,0
Bermuda,2022-10-24,BMU,AMRO,1,0,0,0,0,0
Bolivia (Plurinational State of),2022-10-24,BOL,AMRO,241,0,0,1,0,0
Bosnia and Herzegovina,2022-10-24,BIH,EURO,9,0,0,0,0,0
Brazil,2022-10-24,BRA,AMRO,10000,0,9,175,0,1
Bulgaria,2022-10-24,BGR,EURO,6,0,0,0,0,0
Canada,2022-10-24,CAN,AMRO,1462,0,0,4,0,0
Chile,2022-10-24,CHL,AMRO,1215,0,0,32,0,0
Colombia,2022-10-24,COL,AMRO,3739,0,0,109,0,0
Costa Rica,2022-10-24,CRI,AMRO,15,0,0,4,0,0
Croatia,2022-10-24,HRV,EURO,29,0,0,0,0,0
Cuba,2022-10-24,CUB,AMRO,8,0,1,0,0,0
Curaçao,2022-10-24,CUW,AMRO,3,0,0,0,0,0
Cyprus,2022-10-24,CYP,EURO,5,0,0,0,0,0
Czechia,2022-10-24,CZE,EURO,70,0,1,0,0,0
Denmark,2022-10-24,DNK,EURO,191,0,0,0,0,0
Dominican Republic,2022-10-24,DOM,AMRO,59,0,1,1,0,0
Ecuador,2022-10-24,ECU,AMRO,321,0,2,31,0,0
El Salvador,2022-10-24,SLV,AMRO,16,0,0,3,0,0
Estonia,2022-10-24,EST,EURO,11,0,0,0,0,0
Finland,2022-10-24,FIN,EURO,41,0,0,0,0,0
France,2022-10-24,FRA,EURO,4084,0,0,0,0,0
Georgia,2022-10-24,GEO,EURO,2,0,0,0,0,0
Germany,2022-10-24,DEU,EURO,3656,0,0,0,0,0
Gibraltar,2022-10-24,GIB,EURO,6,0,0,0,0,0
Greece,2022-10-24,GRC,EURO,84,0,0,2,0,0
Greenland,2022-10-24,GRL,EURO,2,0,0,0,0,0
Guadeloupe,2022-10-24,GLP,AMRO,1,0,0,0,0,0
Guatemala,2022-10-24,GTM,AMRO,120,0,0,21,0,0
Guyana,2022-10-24,GUY,AMRO,2,0,0,0,0,0
Honduras,2022-10-24,HND,AMRO,10,0,0,2,0,0
Hungary,2022-10-24,HUN,EURO,79,0,0,0,0,0
Iceland,2022-10-24,ISL,EURO,16,0,0,0,0,0
India,2022-10-24,IND,SEARO,17,0,1,0,0,0
Indonesia,2022-10-24,IDN,SEARO,1,0,0,0,0,0
Ireland,2022-10-24,IRL,EURO,206,0,0,6,0,0
Israel,2022-10-24,ISR,EURO,260,0,0,3,0,0
Italy,2022-10-24,ITA,EURO,890,0,0,0,0,0
Jamaica,2022-10-24,JAM,AMRO,16,0,0,0,0,0
Latvia,2022-10-24,LVA,EURO,6,0,0,0,0,0
Lithuania,2022-10-24,LTU,EURO,5,0,0,0,0,0
Luxembourg,2022-10-24,LUX,EURO,55,0,0,0,0,0
Malta,2022-10-24,MLT,EURO,33,0,0,0,0,0
Martinique,2022-10-24,MTQ,AMRO,1,0,0,0,0,0
Mexico,2022-10-24,MEX,AMRO,3154,0,13,155,0,1
Monaco,2022-10-24,MCO,EURO,3,0,0,0,0,0
Montenegro,2022-10-24,MNE,EURO,2,0,0,0,0,0
Netherlands,2022-10-24,NLD,EURO,1230,0,0,0,0,0
Norway,2022-10-24,NOR,EURO,92,0,0,0,0,0
Panama,2022-10-24,PAN,AMRO,20,0,0,3,0,0
Paraguay,2022-10-24,PRY,AMRO,5,0,0,2,0,0
Peru,2022-10-24,PER,AMRO,3262,0,22,66,0,0
Poland,2022-10-24,POL,EURO,201,0,0,0,0,0
Portugal,2022-10-24,PRT,EURO,944,0,0,0,0,0
Republic of Moldova,2022-10-24,MDA,EURO,2,0,0,0,0,0
Romania,2022-10-24,ROU,EURO,41,0,0,0,0,0
Russian Federation,2022-10-24,RUS,EURO,2,0,0,0,0,0
Saint Martin,2022-10-24,MAF,AMRO,1,0,0,0,0,0
San Marino,2022-10-24,SMR,EURO,1,0,0,0,0,0
Serbia,2022-10-24,SRB,EURO,40,0,0,0,0,0
Slovakia,2022-10-24,SVK,EURO,14,0,0,0,0,0
Slovenia,2022-10-24,SVN,EURO,47,0,0,0,0,0
Spain,2022-10-24,ESP,EURO,7277,0,2,0,0,0
Sweden,2022-10-24,SWE,EURO,207,0,0,0,0,0
Switzerland,2022-10-24,CHE,EURO,544,0,0,0,0,0
Thailand,2022-10-24,THA,SEARO,12,0,0,1,0,0
The United Kingdom,2022-10-24,GBR,EURO,3686,0,0,0,0,0
Türkiye,2022-10-24,TUR,EURO,12,0,0,0,0,0
Ukraine,2022-10-24,UKR,EURO,5,0,0,0,0,0
United States of America,2022-10-24,USA,AMRO,28959,0,49,287,0,0
Uruguay,2022-10-24,URY,AMRO,14,0,0,0,0,0
Venezuela (Bolivarian Republic of),2022-10-24,VEN,AMRO,10,0,0,0,0,0
Andorra,2022-10-25,AND,EURO,4,0,0,0,0,0
Austria,2022-10-25,AUT,EURO,323,0,0,0,0,0
Belgium,2022-10-25,BEL,EURO,785,0,1,0,0,0
Bosnia and Herzegovina,2022-10-25,BIH,EURO,9,0,0,0,0,0
Bulgaria,2022-10-25,BGR,EURO,6,0,0,0,0,0
Croatia,2022-10-25,HRV,EURO,29,0,0,0,0,0
Cyprus,2022-10-25,CYP,EURO,5,0,0,0,0,0
Czechia,2022-10-25,CZE,EURO,70,0,1,0,0,0
Denmark,2022-10-25,DNK,EURO,191,0,0,0,0,0
Estonia,2022-10-25,EST,EURO,11,0,0,0,0,0
Finland,2022-10-25,FIN,EURO,41,0,0,0,0,0
France,2022-10-25,FRA,EURO,4084,0,0,0,0,0
Georgia,2022-10-25,GEO,EURO,2,0,0,0,0,0
Germany,2022-10-25,DEU,EURO,3662,0,0,6,0,0
Gibraltar,2022-10-25,GIB,EURO,6,0,0,0,0,0
Greece,2022-10-25,GRC,EURO,84,0,0,0,0,0
Greenland,2022-10-25,GRL,EURO,2,0,0,0,0,0
Hungary,2022-10-25,HUN,EURO,80,0,0,1,0,0
Iceland,2022-10-25,ISL,EURO,16,0,0,0,0,0
Ireland,2022-10-25,IRL,EURO,206,0,0,0,0,0
Israel,2022-10-25,ISR,EURO,260,0,0,0,0,0
Italy,2022-10-25,ITA,EURO,890,0,0,0,0,0
Latvia,2022-10-25,LVA,EURO,6,0,0,0,0,0
Lithuania,2022-10-25,LTU,EURO,5,0,0,0,0,0
Luxembourg,2022-10-25,LUX,EURO,55,0,0,0,0,0
Malta,2022-10-25,MLT,EURO,33,0,0,0,0,0
Monaco,2022-10-25,MCO,EURO,3,0,0,0,0,0
Montenegro,2022-10-25,MNE,EURO,2,0,0,0,0,0
Netherlands,2022-10-25,NLD,EURO,1235,0,0,5,0,0
Norway,2022-10-25,NOR,EURO,92,0,0,0,0,0
Poland,2022-10-25,POL,EURO,206,0,0,5,0,0
Portugal,2022-10-25,PRT,EURO,944,0,0,0,0,0
Republic of Moldova,2022-10-25,MDA,EURO,2,0,0,0,0,0
Romania,2022-10-25,ROU,EURO,42,0,0,1,0,0
Russian Federation,2022-10-25,RUS,EURO,2,0,0,0,0,0
San Marino,2022-10-25,SMR,EURO,1,0,0,0,0,0
Serbia,2022-10-25,SRB,EURO,40,0,0,0,0,0
Slovakia,2022-10-25,SVK,EURO,14,0,0,0,0,0
Slovenia,2022-10-25,SVN,EURO,47,0,0,0,0,0
Spain,2022-10-25,ESP,EURO,7317,0,2,40,0,0
Sweden,2022-10-25,SWE,EURO,209,0,0,2,0,0
Switzerland,2022-10-25,CHE,EURO,546,0,0,2,0,0
The United Kingdom,2022-10-25,GBR,EURO,3698,0,0,12,0,0
Türkiye,2022-10-25,TUR,EURO,12,0,0,0,0,0
Ukraine,2022-10-25,UKR,EURO,5,0,0,0,0,0
Andorra,2022-10-26,AND,EURO,4,0,0,0,0,0
Austria,2022-10-26,AUT,EURO,323,0,0,0,0,0
Belgium,2022-10-26,BEL,EURO,785,0,1,0,0,0
Bosnia and Herzegovina,2022-10-26,BIH,EURO,9,0,0,0,0,0
Bulgaria,2022-10-26,BGR,EURO,6,0,0,0,0,0
Croatia,2022-10-26,HRV,EURO,29,0,0,0,0,0
Cyprus,2022-10-26,CYP,EURO,5,0,0,0,0,0
Czechia,2022-10-26,CZE,EURO,70,0,1,0,0,0
Denmark,2022-10-26,DNK,EURO,191,0,0,0,0,0
Estonia,2022-10-26,EST,EURO,11,0,0,0,0,0
Finland,2022-10-26,FIN,EURO,41,0,0,0,0,0
France,2022-10-26,FRA,EURO,4094,0,0,10,0,0
Georgia,2022-10-26,GEO,EURO,2,0,0,0,0,0
Germany,2022-10-26,DEU,EURO,3662,0,0,0,0,0
Gibraltar,2022-10-26,GIB,EURO,6,0,0,0,0,0
Greece,2022-10-26,GRC,EURO,84,0,0,0,0,0
Greenland,2022-10-26,GRL,EURO,2,0,0,0,0,0
Hungary,2022-10-26,HUN,EURO,80,0,0,0,0,0
Iceland,2022-10-26,ISL,EURO,16,0,0,0,0,0
Ireland,2022-10-26,IRL,EURO,206,0,0,0,0,0
Israel,2022-10-26,ISR,EURO,260,0,0,0,0,0
Italy,2022-10-26,ITA,EURO,890,0,0,0,0,0
Latvia,2022-10-26,LVA,EURO,6,0,0,0,0,0
Lithuania,2022-10-26,LTU,EURO,5,0,0,0,0,0
Luxembourg,2022-10-26,LUX,EURO,55,0,0,0,0,0
Malta,2022-10-26,MLT,EURO,33,0,0,0,0,0
Monaco,2022-10-26,MCO,EURO,3,0,0,0,0,0
Montenegro,2022-10-26,MNE,EURO,2,0,0,0,0,0
Netherlands,2022-10-26,NLD,EURO,1235,0,0,0,0,0
Norway,2022-10-26,NOR,EURO,92,0,0,0,0,0
Poland,2022-10-26,POL,EURO,206,0,0,0,0,0
Portugal,2022-10-26,PRT,EURO,944,0,0,0,0,0
Republic of Moldova,2022-10-26,MDA,EURO,2,0,0,0,0,0
Romania,2022-10-26,ROU,EURO,42,0,0,0,0,0
Russian Federation,2022-10-26,RUS,EURO,2,0,0,0,0,0
San Marino,2022-10-26,SMR,EURO,1,0,0,0,0,0
Serbia,2022-10-26,SRB,EURO,40,0,0,0,0,0
Slovakia,2022-10-26,SVK,EURO,14,0,0,0,0,0
Slovenia,2022-10-26,SVN,EURO,47,0,0,0,0,0
Spain,2022-10-26,ESP,EURO,7317,0,2,0,0,0
Sweden,2022-10-26,SWE,EURO,209,0,0,0,0,0
Switzerland,2022-10-26,CHE,EURO,546,0,0,0,0,0
The United Kingdom,2022-10-26,GBR,EURO,3698,0,0,0,0,0
Türkiye,2022-10-26,TUR,EURO,12,0,0,0,0,0
Ukraine,2022-10-26,UKR,EURO,5,0,0,0,0,0
Andorra,2022-10-27,AND,EURO,4,0,0,0,0,0
Austria,2022-10-27,AUT,EURO,323,0,0,0,0,0
Belgium,2022-10-27,BEL,EURO,785,0,1,0,0,0
Bosnia and Herzegovina,2022-10-27,BIH,EURO,9,0,0,0,0,0
Bulgaria,2022-10-27,BGR,EURO,6,0,0,0,0,0
Croatia,2022-10-27,HRV,EURO,29,0,0,0,0,0
Cyprus,2022-10-27,CYP,EURO,5,0,0,0,0,0
Czechia,2022-10-27,CZE,EURO,70,0,1,0,0,0
Denmark,2022-10-27,DNK,EURO,191,0,0,0,0,0
Estonia,2022-10-27,EST,EURO,11,0,0,0,0,0
Finland,2022-10-27,FIN,EURO,41,0,0,0,0,0
France,2022-10-27,FRA,EURO,4094,0,0,0,0,0
Georgia,2022-10-27,GEO,EURO,2,0,0,0,0,0
Germany,2022-10-27,DEU,EURO,3662,0,0,0,0,0
Gibraltar,2022-10-27,GIB,EURO,6,0,0,0,0,0
Greece,2022-10-27,GRC,EURO,84,0,0,0,0,0
Greenland,2022-10-27,GRL,EURO,2,0,0,0,0,0
Hungary,2022-10-27,HUN,EURO,80,0,0,0,0,0
Iceland,2022-10-27,ISL,EURO,16,0,0,0,0,0
Ireland,2022-10-27,IRL,EURO,206,0,0,0,0,0
Israel,2022-10-27,ISR,EURO,260,0,0,0,0,0
Italy,2022-10-27,ITA,EURO,890,0,0,0,0,0
Latvia,2022-10-27,LVA,EURO,6,0,0,0,0,0
Lithuania,2022-10-27,LTU,EURO,5,0,0,0,0,0
Luxembourg,2022-10-27,LUX,EURO,55,0,0,0,0,0
Malta,2022-10-27,MLT,EURO,33,0,0,0,0,0
Monaco,2022-10-27,MCO,EURO,3,0,0,0,0,0
Montenegro,2022-10-27,MNE,EURO,2,0,0,0,0,0
Netherlands,2022-10-27,NLD,EURO,1235,0,0,0,0,0
New Zealand,2022-10-27,NZL,WPRO,28,0,0,1,0,0
Norway,2022-10-27,NOR,EURO,93,0,0,1,0,0
Poland,2022-10-27,POL,EURO,206,0,0,0,0,0
Portugal,2022-10-27,PRT,EURO,944,0,0,0,0,0
Republic of Moldova,2022-10-27,MDA,EURO,2,0,0,0,0,0
Romania,2022-10-27,ROU,EURO,42,0,0,0,0,0
Russian Federation,2022-10-27,RUS,EURO,2,0,0,0,0,0
San Marino,2022-10-27,SMR,EURO,1,0,0,0,0,0
Serbia,2022-10-27,SRB,EURO,40,0,0,0,0,0
Slovakia,2022-10-27,SVK,EURO,14,0,0,0,0,0
Slovenia,2022-10-27,SVN,EURO,47,0,0,0,0,0
Spain,2022-10-27,ESP,EURO,7317,0,2,0,0,0
Sweden,2022-10-27,SWE,EURO,209,0,0,0,0,0
Switzerland,2022-10-27,CHE,EURO,546,0,0,0,0,0
The United Kingdom,2022-10-27,GBR,EURO,3698,0,0,0,0,0
Türkiye,2022-10-27,TUR,EURO,12,0,0,0,0,0
Ukraine,2022-10-27,UKR,EURO,5,0,0,0,0,0
Andorra,2022-10-28,AND,EURO,4,0,0,0,0,0
Austria,2022-10-28,AUT,EURO,323,0,0,0,0,0
Belgium,2022-10-28,BEL,EURO,785,0,1,0,0,0
Bosnia and Herzegovina,2022-10-28,BIH,EURO,9,0,0,0,0,0
Bulgaria,2022-10-28,BGR,EURO,6,0,0,0,0,0
Croatia,2022-10-28,HRV,EURO,29,0,0,0,0,0
Cyprus,2022-10-28,CYP,EURO,5,0,0,0,0,0
Czechia,2022-10-28,CZE,EURO,70,0,1,0,0,0
Denmark,2022-10-28,DNK,EURO,191,0,0,0,0,0
Estonia,2022-10-28,EST,EURO,11,0,0,0,0,0
Finland,2022-10-28,FIN,EURO,41,0,0,0,0,0
France,2022-10-28,FRA,EURO,4094,0,0,0,0,0
Georgia,2022-10-28,GEO,EURO,2,0,0,0,0,0
Germany,2022-10-28,DEU,EURO,3662,0,0,0,0,0
Gibraltar,2022-10-28,GIB,EURO,6,0,0,0,0,0
Greece,2022-10-28,GRC,EURO,84,0,0,0,0,0
Greenland,2022-10-28,GRL,EURO,2,0,0,0,0,0
Hungary,2022-10-28,HUN,EURO,80,0,0,0,0,0
Iceland,2022-10-28,ISL,EURO,16,0,0,0,0,0
Ireland,2022-10-28,IRL,EURO,206,0,0,0,0,0
Israel,2022-10-28,ISR,EURO,260,0,0,0,0,0
Italy,2022-10-28,ITA,EURO,894,0,0,4,0,0
Latvia,2022-10-28,LVA,EURO,6,0,0,0,0,0
Lithuania,2022-10-28,LTU,EURO,5,0,0,0,0,0
Luxembourg,2022-10-28,LUX,EURO,55,0,0,0,0,0
Malta,2022-10-28,MLT,EURO,33,0,0,0,0,0
Monaco,2022-10-28,MCO,EURO,3,0,0,0,0,0
Montenegro,2022-10-28,MNE,EURO,2,0,0,0,0,0
Netherlands,2022-10-28,NLD,EURO,1235,0,0,0,0,0
Norway,2022-10-28,NOR,EURO,93,0,0,0,0,0
Poland,2022-10-28,POL,EURO,206,0,0,0,0,0
Portugal,2022-10-28,PRT,EURO,944,0,0,0,0,0
Republic of Moldova,2022-10-28,MDA,EURO,2,0,0,0,0,0
Romania,2022-10-28,ROU,EURO,42,0,0,0,0,0
Russian Federation,2022-10-28,RUS,EURO,2,0,0,0,0,0
San Marino,2022-10-28,SMR,EURO,1,0,0,0,0,0
Serbia,2022-10-28,SRB,EURO,40,0,0,0,0,0
Slovakia,2022-10-28,SVK,EURO,14,0,0,0,0,0
Slovenia,2022-10-28,SVN,EURO,47,0,0,0,0,0
Spain,2022-10-28,ESP,EURO,7317,0,2,0,0,0
Sweden,2022-10-28,SWE,EURO,209,0,0,0,0,0
Switzerland,2022-10-28,CHE,EURO,546,0,0,0,0,0
The United Kingdom,2022-10-28,GBR,EURO,3698,0,0,0,0,0
Türkiye,2022-10-28,TUR,EURO,12,0,0,0,0,0
Ukraine,2022-10-28,UKR,EURO,5,0,0,0,0,0
Benin,2022-10-30,BEN,AFRO,3,0,0,0,0,0
Cameroon,2022-10-30,CMR,AFRO,16,0,3,4,0,0
Central African Republic,2022-10-30,CAF,AFRO,27,0,0,0,0,0
Congo,2022-10-30,COG,AFRO,5,0,0,0,0,0
Ghana,2022-10-30,GHA,AFRO,108,0,4,2,0,0
Liberia,2022-10-30,LBR,AFRO,3,0,0,0,0,0
Mozambique,2022-10-30,MOZ,AFRO,1,0,1,0,0,0
Nigeria,2022-10-30,NGA,AFRO,609,0,7,21,0,0
South Africa,2022-10-30,ZAF,AFRO,5,0,0,0,0,0
Andorra,2022-10-31,AND,EURO,4,0,0,0,0,0
Argentina,2022-10-31,ARG,AMRO,813,0,2,47,0,0
Aruba,2022-10-31,ABW,AMRO,3,0,0,0,0,0
Austria,2022-10-31,AUT,EURO,323,0,0,0,0,0
Bahamas,2022-10-31,BHS,AMRO,2,0,0,0,0,0
Barbados,2022-10-31,BRB,AMRO,1,0,0,0,0,0
Belgium,2022-10-31,BEL,EURO,785,0,1,0,0,0
Bermuda,2022-10-31,BMU,AMRO,1,0,0,0,0,0
Bolivia (Plurinational State of),2022-10-31,BOL,AMRO,242,0,0,1,0,0
Bosnia and Herzegovina,2022-10-31,BIH,EURO,9,0,0,0,0,0
Brazil,2022-10-31,BRA,AMRO,10154,0,11,154,0,2
Bulgaria,2022-10-31,BGR,EURO,6,0,0,0,0,0
Canada,2022-10-31,CAN,AMRO,1465,0,0,3,0,0
Chile,2022-10-31,CHL,AMRO,1245,0,0,30,0,0
Colombia,2022-10-31,COL,AMRO,3827,0,0,88,0,0
Costa Rica,2022-10-31,CRI,AMRO,23,0,0,8,0,0
Croatia,2022-10-31,HRV,EURO,29,0,0,0,0,0
Cuba,2022-10-31,CUB,AMRO,8,0,1,0,0,0
Curaçao,2022-10-31,CUW,AMRO,3,0,0,0,0,0
Cyprus,2022-10-31,CYP,EURO,5,0,0,0,0,0
Czechia,2022-10-31,CZE,EURO,70,0,1,0,0,0
Denmark,2022-10-31,DNK,EURO,191,0,0,0,0,0
Dominican Republic,2022-10-31,DOM,AMRO,59,0,1,0,0,0
Ecuador,2022-10-31,ECU,AMRO,349,0,2,28,0,0
El Salvador,2022-10-31,SLV,AMRO,17,0,0,1,0,0
Estonia,2022-10-31,EST,EURO,11,0,0,0,0,0
Finland,2022-10-31,FIN,EURO,41,0,0,0,0,0
France,2022-10-31,FRA,EURO,4094,0,0,0,0,0
Georgia,2022-10-31,GEO,EURO,2,0,0,0,0,0
Germany,2022-10-31,DEU,EURO,3662,0,0,0,0,0
Gibraltar,2022-10-31,GIB,EURO,6,0,0,0,0,0
Greece,2022-10-31,GRC,EURO,84,0,0,0,0,0
Greenland,2022-10-31,GRL,EURO,2,0,0,0,0,0
Guadeloupe,2022-10-31,GLP,AMRO,1,0,0,0,0,0
Guatemala,2022-10-31,GTM,AMRO,144,0,0,24,0,0
Guyana,2022-10-31,GUY,AMRO,2,0,0,0,0,0
Honduras,2022-10-31,HND,AMRO,10,0,0,0,0,0
Hungary,2022-10-31,HUN,EURO,80,0,0,0,0,0
Iceland,2022-10-31,ISL,EURO,16,0,0,0,0,0
Ireland,2022-10-31,IRL,EURO,206,0,0,0,0,0
Israel,2022-10-31,ISR,EURO,262,0,0,2,0,0
Italy,2022-10-31,ITA,EURO,894,0,0,0,0,0
Jamaica,2022-10-31,JAM,AMRO,17,0,0,1,0,0
Latvia,2022-10-31,LVA,EURO,6,0,0,0,0,0
Lithuania,2022-10-31,LTU,EURO,5,0,0,0,0,0
Luxembourg,2022-10-31,LUX,EURO,55,0,0,0,0,0
Malta,2022-10-31,MLT,EURO,33,0,0,0,0,0
Martinique,2022-10-31,MTQ,AMRO,1,0,0,0,0,0
Mexico,2022-10-31,MEX,AMRO,3292,0,15,138,0,2
Monaco,2022-10-31,MCO,EURO,3,0,0,0,0,0
Montenegro,2022-10-31,MNE,EURO,2,0,0,0,0,0
Netherlands,2022-10-31,NLD,EURO,1235,0,0,0,0,0
Norway,2022-10-31,NOR,EURO,93,0,0,0,0,0
Panama,2022-10-31,PAN,AMRO,30,0,0,10,0,0
Paraguay,2022-10-31,PRY,AMRO,7,0,0,2,0,0
Peru,2022-10-31,PER,AMRO,3352,0,23,90,0,1
Poland,2022-10-31,POL,EURO,206,0,0,0,0,0
Portugal,2022-10-31,PRT,EURO,944,0,0,0,0,0
Republic of Moldova,2022-10-31,MDA,EURO,2,0,0,0,0,0
Romania,2022-10-31,ROU,EURO,43,0,0,1,0,0
Russian Federation,2022-10-31,RUS,EURO,2,0,0,0,0,0
Saint Martin,2022-10-31,MAF,AMRO,1,0,0,0,0,0
San Marino,2022-10-31,SMR,EURO,1,0,0,0,0,0
Serbia,2022-10-31,SRB,EURO,40,0,0,0,0,0
Slovakia,2022-10-31,SVK,EURO,14,0,0,0,0,0
Slovenia,2022-10-31,SVN,EURO,47,0,0,0,0,0
Spain,2022-10-31,ESP,EURO,7317,0,2,0,0,0
Sweden,2022-10-31,SWE,EURO,212,0,0,3,0,0
Switzerland,2022-10-31,CHE,EURO,546,0,0,0,0,0
The United Kingdom,2022-10-31,GBR,EURO,3698,0,0,0,0,0
Türkiye,2022-10-31,TUR,EURO,12,0,0,0,0,0
Ukraine,2022-10-31,UKR,EURO,5,0,0,0,0,0
United States of America,2022-10-31,USA,AMRO,29213,0,50,254,0,1
Uruguay,2022-10-31,URY,AMRO,14,0,0,0,0,0
Venezuela (Bolivarian Republic of),2022-10-31,VEN,AMRO,10,0,0,0,0,0
Andorra,2022-11-01,AND,EURO,4,0,0,0,0,0
Austria,2022-11-01,AUT,EURO,323,0,0,0,0,0
Belgium,2022-11-01,BEL,EURO,785,0,1,0,0,0
Bosnia and Herzegovina,2022-11-01,BIH,EURO,9,0,0,0,0,0
Bulgaria,2022-11-01,BGR,EURO,6,0,0,0,0,0
Croatia,2022-11-01,HRV,EURO,29,0,0,0,0,0
Cyprus,2022-11-01,CYP,EURO,5,0,0,0,0,0
Czechia,2022-11-01,CZE,EURO,70,0,1,0,0,0
Denmark,2022-11-01,DNK,EURO,191,0,0,0,0,0
Estonia,2022-11-01,EST,EURO,11,0,0,0,0,0
Finland,2022-11-01,FIN,EURO,41,0,0,0,0,0
France,2022-11-01,FRA,EURO,4094,0,0,0,0,0
Georgia,2022-11-01,GEO,EURO,2,0,0,0,0,0
Germany,2022-11-01,DEU,EURO,3668,0,0,6,0,0
Gibraltar,2022-11-01,GIB,EURO,6,0,0,0,0,0
Greece,2022-11-01,GRC,EURO,84,0,0,0,0,0
Greenland,2022-11-01,GRL,EURO,2,0,0,0,0,0
Hungary,2022-11-01,HUN,EURO,80,0,0,0,0,0
Iceland,2022-11-01,ISL,EURO,16,0,0,0,0,0
Ireland,2022-11-01,IRL,EURO,207,0,0,1,0,0
Israel,2022-11-01,ISR,EURO,262,0,0,0,0,0
Italy,2022-11-01,ITA,EURO,894,0,0,0,0,0
Latvia,2022-11-01,LVA,EURO,6,0,0,0,0,0
Lithuania,2022-11-01,LTU,EURO,5,0,0,0,0,0
Luxembourg,2022-11-01,LUX,EURO,55,0,0,0,0,0
Malta,2022-11-01,MLT,EURO,33,0,0,0,0,0
Monaco,2022-11-01,MCO,EURO,3,0,0,0,0,0
Montenegro,2022-11-01,MNE,EURO,2,0,0,0,0,0
Netherlands,2022-11-01,NLD,EURO,1235,0,0,0,0,0
Norway,2022-11-01,NOR,EURO,93,0,0,0,0,0
Poland,2022-11-01,POL,EURO,210,0,0,4,0,0
Portugal,2022-11-01,PRT,EURO,944,0,0,0,0,0
Republic of Moldova,2022-11-01,MDA,EURO,2,0,0,0,0,0
Romania,2022-11-01,ROU,EURO,43,0,0,0,0,0
Russian Federation,2022-11-01,RUS,EURO,2,0,0,0,0,0
San Marino,2022-11-01,SMR,EURO,1,0,0,0,0,0
Serbia,2022-11-01,SRB,EURO,40,0,0,0,0,0
Slovakia,2022-11-01,SVK,EURO,14,0,0,0,0,0
Slovenia,2022-11-01,SVN,EURO,47,0,0,0,0,0
Spain,2022-11-01,ESP,EURO,7317,0,2,0,0,0
Sweden,2022-11-01,SWE,EURO,212,0,0,0,0,0
Switzerland,2022-11-01,CHE,EURO,546,0,0,0,0,0
The United Kingdom,2022-11-01,GBR,EURO,3701,0,0,3,0,0
Türkiye,2022-11-01,TUR,EURO,12,0,0,0,0,0
Ukraine,2022-11-01,UKR,EURO,5,0,0,0,0,0
New Zealand,2022-11-03,NZL,WPRO,33,0,0,5,0,0
Andorra,2022-11-04,AND,EURO,4,0,0,0,0,0
Australia,2022-11-04,AUS,WPRO,141,0,0,1,0,0
Austria,2022-11-04,AUT,EURO,325,0,0,2,0,0
Belgium,2022-11-04,BEL,EURO,785,0,1,0,0,0
Bosnia and Herzegovina,2022-11-04,BIH,EURO,9,0,0,0,0,0
Bulgaria,2022-11-04,BGR,EURO,6,0,0,0,0,0
Croatia,2022-11-04,HRV,EURO,29,0,0,0,0,0
Cyprus,2022-11-04,CYP,EURO,5,0,0,0,0,0
Czechia,2022-11-04,CZE,EURO,70,0,1,0,0,0
Denmark,2022-11-04,DNK,EURO,191,0,0,0,0,0
Estonia,2022-11-04,EST,EURO,11,0,0,0,0,0
Finland,2022-11-04,FIN,EURO,42,0,0,1,0,0
France,2022-11-04,FRA,EURO,4097,0,0,3,0,0
Georgia,2022-11-04,GEO,EURO,2,0,0,0,0,0
Germany,2022-11-04,DEU,EURO,3668,0,0,0,0,0
Gibraltar,2022-11-04,GIB,EURO,6,0,0,0,0,0
Greece,2022-11-04,GRC,EURO,84,0,0,0,0,0
Greenland,2022-11-04,GRL,EURO,2,0,0,0,0,0
Hungary,2022-11-04,HUN,EURO,80,0,0,0,0,0
Iceland,2022-11-04,ISL,EURO,16,0,0,0,0,0
India,2022-11-04,IND,SEARO,17,0,1,0,0,0
Indonesia,2022-11-04,IDN,SEARO,1,0,0,0,0,0
Ireland,2022-11-04,IRL,EURO,207,0,0,0,0,0
Israel,2022-11-04,ISR,EURO,262,0,0,0,0,0
Italy,2022-11-04,ITA,EURO,898,0,0,4,0,0
Latvia,2022-11-04,LVA,EURO,6,0,0,0,0,0
Lithuania,2022-11-04,LTU,EURO,5,0,0,0,0,0
Luxembourg,2022-11-04,LUX,EURO,55,0,0,0,0,0
Malta,2022-11-04,MLT,EURO,33,0,0,0,0,0
Monaco,2022-11-04,MCO,EURO,3,0,0,0,0,0
Montenegro,2022-11-04,MNE,EURO,2,0,0,0,0,0
Netherlands,2022-11-04,NLD,EURO,1237,0,0,2,0,0
Norway,2022-11-04,NOR,EURO,93,0,0,0,0,0
Poland,2022-11-04,POL,EURO,210,0,0,0,0,0
Portugal,2022-11-04,PRT,EURO,944,0,0,0,0,0
Republic of Moldova,2022-11-04,MDA,EURO,2,0,0,0,0,0
Romania,2022-11-04,ROU,EURO,43,0,0,0,0,0
Russian Federation,2022-11-04,RUS,EURO,2,0,0,0,0,0
San Marino,2022-11-04,SMR,EURO,1,0,0,0,0,0
Serbia,2022-11-04,SRB,EURO,40,0,0,0,0,0
Slovakia,2022-11-04,SVK,EURO,14,0,0,0,0,0
Slovenia,2022-11-04,SVN,EURO,47,0,0,0,0,0
Spain,2022-11-04,ESP,EURO,7336,0,2,19,0,0
Sri Lanka,2022-11-04,LKA,SEARO,1,0,0,1,0,0
Sweden,2022-11-04,SWE,EURO,212,0,0,0,0,0
Switzerland,2022-11-04,CHE,EURO,546,0,0,0,0,0
Thailand,2022-11-04,THA,SEARO,12,0,0,0,0,0
The United Kingdom,2022-11-04,GBR,EURO,3701,0,0,0,0,0
Türkiye,2022-11-04,TUR,EURO,12,0,0,0,0,0
Ukraine,2022-11-04,UKR,EURO,5,0,0,0,0,0
Benin,2022-11-06,BEN,AFRO,3,0,0,0,0,0
Cameroon,2022-11-06,CMR,AFRO,16,0,3,0,0,0
Central African Republic,2022-11-06,CAF,AFRO,27,0,0,0,0,0
Congo,2022-11-06,COG,AFRO,5,0,0,0,0,0
Ghana,2022-11-06,GHA,AFRO,108,0,4,0,0,0
Liberia,2022-11-06,LBR,AFRO,3,0,0,0,0,0
Nigeria,2022-11-06,NGA,AFRO,629,0,7,20,0,0
South Africa,2022-11-06,ZAF,AFRO,5,0,0,0,0,0
Argentina,2022-11-07,ARG,AMRO,877,0,2,64,0,0
Aruba,2022-11-07,ABW,AMRO,3,0,0,0,0,0
Bahamas,2022-11-07,BHS,AMRO,2,0,0,0,0,0
Barbados,2022-11-07,BRB,AMRO,1,0,0,0,0,0
Bermuda,2022-11-07,BMU,AMRO,1,0,0,0,0,0
Bolivia (Plurinational State of),2022-11-07,BOL,AMRO,248,0,0,6,0,0
Brazil,2022-11-07,BRA,AMRO,10278,0,12,124,0,1
Canada,2022-11-07,CAN,AMRO,1470,0,0,5,0,0
Chile,2022-11-07,CHL,AMRO,1279,0,0,34,0,0
Colombia,2022-11-07,COL,AMRO,3889,0,0,62,0,0
Costa Rica,2022-11-07,CRI,AMRO,27,0,0,4,0,0
Cuba,2022-11-07,CUB,AMRO,8,0,1,0,0,0
Curaçao,2022-11-07,CUW,AMRO,3,0,0,0,0,0
Dominican Republic,2022-11-07,DOM,AMRO,59,0,1,0,0,0
Ecuador,2022-11-07,ECU,AMRO,382,0,2,33,0,0
El Salvador,2022-11-07,SLV,AMRO,20,0,0,3,0,0
Guadeloupe,2022-11-07,GLP,AMRO,1,0,0,0,0,0
Guatemala,2022-11-07,GTM,AMRO,170,0,0,26,0,0
Guyana,2022-11-07,GUY,AMRO,2,0,0,0,0,0
Honduras,2022-11-07,HND,AMRO,11,0,0,1,0,0
Jamaica,2022-11-07,JAM,AMRO,18,0,0,1,0,0
Martinique,2022-11-07,MTQ,AMRO,1,0,0,0,0,0
Mexico,2022-11-07,MEX,AMRO,3389,0,16,97,0,1
Panama,2022-11-07,PAN,AMRO,44,0,0,14,0,0
Paraguay,2022-11-07,PRY,AMRO,12,0,0,5,0,0
Peru,2022-11-07,PER,AMRO,3431,0,23,79,0,0
Saint Martin,2022-11-07,MAF,AMRO,1,0,0,0,0,0
United States of America,2022-11-07,USA,AMRO,29416,0,50,203,0,0
Uruguay,2022-11-07,URY,AMRO,14,0,0,0,0,0
Venezuela (Bolivarian Republic of),2022-11-07,VEN,AMRO,10,0,0,0,0,0
Andorra,2022-11-08,AND,EURO,4,0,0,0,0,0
Austria,2022-11-08,AUT,EURO,325,0,0,0,0,0
Belgium,2022-11-08,BEL,EURO,785,0,1,0,0,0
Bosnia and Herzegovina,2022-11-08,BIH,EURO,9,0,0,0,0,0
Bulgaria,2022-11-08,BGR,EURO,6,0,0,0,0,0
Croatia,2022-11-08,HRV,EURO,29,0,0,0,0,0
Cyprus,2022-11-08,CYP,EURO,5,0,0,0,0,0
Czechia,2022-11-08,CZE,EURO,70,0,1,0,0,0
Denmark,2022-11-08,DNK,EURO,191,0,0,0,0,0
Estonia,2022-11-08,EST,EURO,11,0,0,0,0,0
Finland,2022-11-08,FIN,EURO,42,0,0,0,0,0
France,2022-11-08,FRA,EURO,4097,0,0,0,0,0
Georgia,2022-11-08,GEO,EURO,2,0,0,0,0,0
Germany,2022-11-08,DEU,EURO,3670,0,0,2,0,0
Gibraltar,2022-11-08,GIB,EURO,6,0,0,0,0,0
Greece,2022-11-08,GRC,EURO,84,0,0,0,0,0
Greenland,2022-11-08,GRL,EURO,2,0,0,0,0,0
Hungary,2022-11-08,HUN,EURO,80,0,0,0,0,0
Iceland,2022-11-08,ISL,EURO,16,0,0,0,0,0
Ireland,2022-11-08,IRL,EURO,210,0,0,3,0,0
Israel,2022-11-08,ISR,EURO,262,0,0,0,0,0
Italy,2022-11-08,ITA,EURO,914,0,0,16,0,0
Latvia,2022-11-08,LVA,EURO,6,0,0,0,0,0
Lithuania,2022-11-08,LTU,EURO,5,0,0,0,0,0
Luxembourg,2022-11-08,LUX,EURO,55,0,0,0,0,0
Malta,2022-11-08,MLT,EURO,33,0,0,0,0,0
Monaco,2022-11-08,MCO,EURO,3,0,0,0,0,0
Montenegro,2022-11-08,MNE,EURO,2,0,0,0,0,0
Netherlands,2022-11-08,NLD,EURO,1240,0,0,3,0,0
Norway,2022-11-08,NOR,EURO,93,0,0,0,0,0
Poland,2022-11-08,POL,EURO,212,0,0,2,0,0
Portugal,2022-11-08,PRT,EURO,944,0,0,0,0,0
Republic of Moldova,2022-11-08,MDA,EURO,2,0,0,0,0,0
Romania,2022-11-08,ROU,EURO,44,0,0,1,0,0
Russian Federation,2022-11-08,RUS,EURO,2,0,0,0,0,0
San Marino,2022-11-08,SMR,EURO,1,0,0,0,0,0
Serbia,2022-11-08,SRB,EURO,40,0,0,0,0,0
Slovakia,2022-11-08,SVK,EURO,14,0,0,0,0,0
Slovenia,2022-11-08,SVN,EURO,47,0,0,0,0,0
Spain,2022-11-08,ESP,EURO,7336,0,2,0,0,0
Sweden,2022-11-08,SWE,EURO,212,0,0,0,0,0
Switzerland,2022-11-08,CHE,EURO,546,0,0,0,0,0
The United Kingdom,2022-11-08,GBR,EURO,3701,0,0,0,0,0
Türkiye,2022-11-08,TUR,EURO,12,0,0,0,0,0
Ukraine,2022-11-08,UKR,EURO,5,0,0,0,0,0
Mozambique,2022-11-09,MOZ,AFRO,1,0,1,0,0,0
Mozambique,2022-11-12,MOZ,AFRO,1,0,1,0,0,0
Andorra,2022-11-13,AND,EURO,4,0,0,0,0,0
Austria,2022-11-13,AUT,EURO,325,0,0,0,0,0
Belgium,2022-11-13,BEL,EURO,785,0,1,0,0,0
Benin,2022-11-13,BEN,AFRO,3,0,0,0,0,0
Bosnia and Herzegovina,2022-11-13,BIH,EURO,9,0,0,0,0,0
Bulgaria,2022-11-13,BGR,EURO,6,0,0,0,0,0
Cameroon,2022-11-13,CMR,AFRO,18,0,3,2,0,0
Central African Republic,2022-11-13,CAF,AFRO,27,0,0,0,0,0
Congo,2022-11-13,COG,AFRO,5,0,0,0,0,0
Croatia,2022-11-13,HRV,EURO,29,0,0,0,0,0
Cyprus,2022-11-13,CYP,EURO,5,0,0,0,0,0
Czechia,2022-11-13,CZE,EURO,70,0,1,0,0,0
Denmark,2022-11-13,DNK,EURO,191,0,0,0,0,0
Estonia,2022-11-13,EST,EURO,11,0,0,0,0,0
Finland,2022-11-13,FIN,EURO,42,0,0,0,0,0
France,2022-11-13,FRA,EURO,4102,0,0,5,0,0
Georgia,2022-11-13,GEO,EURO,2,0,0,0,0,0
Germany,2022-11-13,DEU,EURO,3670,0,0,0,0,0
Ghana,2022-11-13,GHA,AFRO,108,0,4,0,0,0
Gibraltar,2022-11-13,GIB,EURO,6,0,0,0,0,0
Greece,2022-11-13,GRC,EURO,85,0,0,1,0,0
Greenland,2022-11-13,GRL,EURO,2,0,0,0,0,0
Hungary,2022-11-13,HUN,EURO,80,0,0,0,0,0
Iceland,2022-11-13,ISL,EURO,16,0,0,0,0,0
Ireland,2022-11-13,IRL,EURO,210,0,0,0,0,0
Israel,2022-11-13,ISR,EURO,262,0,0,0,0,0
Italy,2022-11-13,ITA,EURO,915,0,0,1,0,0
Latvia,2022-11-13,LVA,EURO,6,0,0,0,0,0
Liberia,2022-11-13,LBR,AFRO,3,0,0,0,0,0
Lithuania,2022-11-13,LTU,EURO,5,0,0,0,0,0
Luxembourg,2022-11-13,LUX,EURO,56,0,0,1,0,0
Malta,2022-11-13,MLT,EURO,33,0,0,0,0,0
Monaco,2022-11-13,MCO,EURO,3,0,0,0,0,0
Montenegro,2022-11-13,MNE,EURO,2,0,0,0,0,0
Mozambique,2022-11-13,MOZ,AFRO,1,0,1,0,0,0
Netherlands,2022-11-13,NLD,EURO,1240,0,0,0,0,0
Nigeria,2022-11-13,NGA,AFRO,644,0,7,15,0,0
Norway,2022-11-13,NOR,EURO,93,0,0,0,0,0
Poland,2022-11-13,POL,EURO,212,0,0,0,0,0
Portugal,2022-11-13,PRT,EURO,948,0,0,4,0,0
Republic of Moldova,2022-11-13,MDA,EURO,2,0,0,0,0,0
Romania,2022-11-13,ROU,EURO,45,0,0,1,0,0
Russian Federation,2022-11-13,RUS,EURO,2,0,0,0,0,0
San Marino,2022-11-13,SMR,EURO,1,0,0,0,0,0
Serbia,2022-11-13,SRB,EURO,40,0,0,0,0,0
Slovakia,2022-11-13,SVK,EURO,14,0,0,0,0,0
Slovenia,2022-11-13,SVN,EURO,47,0,0,0,0,0
South Africa,2022-11-13,ZAF,AFRO,5,0,0,0,0,0
Spain,2022-11-13,ESP,EURO,7377,0,2,41,0,0
Sweden,2022-11-13,SWE,EURO,212,0,0,0,0,0
Switzerland,2022-11-13,CHE,EURO,546,0,0,0,0,0
The United Kingdom,2022-11-13,GBR,EURO,3703,0,0,2,0,0
Türkiye,2022-11-13,TUR,EURO,12,0,0,0,0,0
Ukraine,2022-11-13,UKR,EURO,5,0,0,0,0,0
Argentina,2022-11-14,ARG,AMRO,919,0,2,42,0,0
Aruba,2022-11-14,ABW,AMRO,3,0,0,0,0,0
Bahamas,2022-11-14,BHS,AMRO,2,0,0,0,0,0
Barbados,2022-11-14,BRB,AMRO,1,0,0,0,0,0
Bermuda,2022-11-14,BMU,AMRO,1,0,0,0,0,0
Bolivia (Plurinational State of),2022-11-14,BOL,AMRO,251,0,0,3,0,0
Brazil,2022-11-14,BRA,AMRO,10413,0,12,135,0,0
Canada,2022-11-14,CAN,AMRO,1473,0,0,3,0,0
Chile,2022-11-14,CHL,AMRO,1309,0,1,30,0,1
Colombia,2022-11-14,COL,AMRO,3933,0,0,44,0,0
Costa Rica,2022-11-14,CRI,AMRO,35,0,0,8,0,0
Cuba,2022-11-14,CUB,AMRO,8,0,1,0,0,0
Curaçao,2022-11-14,CUW,AMRO,3,0,0,0,0,0
Dominican Republic,2022-11-14,DOM,AMRO,60,0,1,1,0,0
Ecuador,2022-11-14,ECU,AMRO,393,0,2,11,0,0
El Salvador,2022-11-14,SLV,AMRO,23,0,0,3,0,0
Guadeloupe,2022-11-14,GLP,AMRO,1,0,0,0,0,0
Guatemala,2022-11-14,GTM,AMRO,192,0,0,22,0,0
Guyana,2022-11-14,GUY,AMRO,2,0,0,0,0,0
Honduras,2022-11-14,HND,AMRO,11,0,0,0,0,0
Jamaica,2022-11-14,JAM,AMRO,18,0,0,0,0,0
Martinique,2022-11-14,MTQ,AMRO,1,0,0,0,0,0
Mexico,2022-11-14,MEX,AMRO,3485,0,18,96,0,2
Panama,2022-11-14,PAN,AMRO,52,0,0,8,0,0
Paraguay,2022-11-14,PRY,AMRO,17,0,0,5,0,0
Peru,2022-11-14,PER,AMRO,3516,0,23,85,0,0
Saint Martin,2022-11-14,MAF,AMRO,1,0,0,0,0,0
United States of America,2022-11-14,USA,AMRO,29580,0,52,164,0,2
Uruguay,2022-11-14,URY,AMRO,15,0,0,1,0,0
Venezuela (Bolivarian Republic of),2022-11-14,VEN,AMRO,10,0,0,0,0,0
Andorra,2022-11-15,AND,EURO,4,0,0,0,0,0
Austria,2022-11-15,AUT,EURO,325,0,0,0,0,0
Belgium,2022-11-15,BEL,EURO,786,0,1,1,0,0
Bosnia and Herzegovina,2022-11-15,BIH,EURO,9,0,0,0,0,0
Bulgaria,2022-11-15,BGR,EURO,6,0,0,0,0,0
Croatia,2022-11-15,HRV,EURO,29,0,0,0,0,0
Cyprus,2022-11-15,CYP,EURO,5,0,0,0,0,0
Czechia,2022-11-15,CZE,EURO,70,0,1,0,0,0
Denmark,2022-11-15,DNK,EURO,191,0,0,0,0,0
Estonia,2022-11-15,EST,EURO,11,0,0,0,0,0
Finland,2022-11-15,FIN,EURO,42,0,0,0,0,0
France,2022-11-15,FRA,EURO,4102,0,0,0,0,0
Georgia,2022-11-15,GEO,EURO,2,0,0,0,0,0
Germany,2022-11-15,DEU,EURO,3671,0,0,1,0,0
Gibraltar,2022-11-15,GIB,EURO,6,0,0,0,0,0
Greece,2022-11-15,GRC,EURO,85,0,0,0,0,0
Greenland,2022-11-15,GRL,EURO,2,0,0,0,0,0
Hungary,2022-11-15,HUN,EURO,80,0,0,0,0,0
Iceland,2022-11-15,ISL,EURO,16,0,0,0,0,0
India,2022-11-15,IND,SEARO,17,0,1,0,0,0
Indonesia,2022-11-15,IDN,SEARO,1,0,0,0,0,0
Ireland,2022-11-15,IRL,EURO,215,0,0,5,0,0
Israel,2022-11-15,ISR,EURO,262,0,0,0,0,0
Italy,2022-11-15,ITA,EURO,915,0,0,0,0,0
Latvia,2022-11-15,LVA,EURO,6,0,0,0,0,0
Lithuania,2022-11-15,LTU,EURO,5,0,0,0,0,0
Luxembourg,2022-11-15,LUX,EURO,57,0,0,1,0,0
Malta,2022-11-15,MLT,EURO,33,0,0,0,0,0
Monaco,2022-11-15,MCO,EURO,3,0,0,0,0,0
Montenegro,2022-11-15,MNE,EURO,2,0,0,0,0,0
Netherlands,2022-11-15,NLD,EURO,1240,0,0,0,0,0
Norway,2022-11-15,NOR,EURO,93,0,0,0,0,0
Poland,2022-11-15,POL,EURO,212,0,0,0,0,0
Portugal,2022-11-15,PRT,EURO,948,0,0,0,0,0
Republic of Moldova,2022-11-15,MDA,EURO,2,0,0,0,0,0
Romania,2022-11-15,ROU,EURO,45,0,0,0,0,0
Russian Federation,2022-11-15,RUS,EURO,2,0,0,0,0,0
San Marino,2022-11-15,SMR,EURO,1,0,0,0,0,0
Serbia,2022-11-15,SRB,EURO,40,0,0,0,0,0
Slovakia,2022-11-15,SVK,EURO,14,0,0,0,0,0
Slovenia,2022-11-15,SVN,EURO,47,0,0,0,0,0
Spain,2022-11-15,ESP,EURO,7392,0,3,15,0,1
Sri Lanka,2022-11-15,LKA,SEARO,2,0,0,1,0,0
Sweden,2022-11-15,SWE,EURO,216,0,0,4,0,0
Switzerland,2022-11-15,CHE,EURO,546,0,0,0,0,0
Thailand,2022-11-15,THA,SEARO,12,0,0,0,0,0
The United Kingdom,2022-11-15,GBR,EURO,3710,0,0,7,0,0
Türkiye,2022-11-15,TUR,EURO,12,0,0,0,0,0
Ukraine,2022-11-15,UKR,EURO,5,0,0,0,0,0
Republic of Korea,2022-11-16,KOR,WPRO,3,0,0,1,0,0
New Zealand,2022-11-17,NZL,WPRO,35,0,0,2,0,0
Andorra,2022-11-18,AND,EURO,4,0,0,0,0,0
Austria,2022-11-18,AUT,EURO,326,0,0,1,0,0
Belgium,2022-11-18,BEL,EURO,786,0,1,0,0,0
Bosnia and Herzegovina,2022-11-18,BIH,EURO,9,0,0,0,0,0
Bulgaria,2022-11-18,BGR,EURO,6,0,0,0,0,0
Croatia,2022-11-18,HRV,EURO,29,0,0,0,0,0
Cyprus,2022-11-18,CYP,EURO,5,0,0,0,0,0
Czechia,2022-11-18,CZE,EURO,70,0,1,0,0,0
Denmark,2022-11-18,DNK,EURO,191,0,0,0,0,0
Estonia,2022-11-18,EST,EURO,11,0,0,0,0,0
Finland,2022-11-18,FIN,EURO,42,0,0,0,0,0
France,2022-11-18,FRA,EURO,4104,0,0,2,0,0
Georgia,2022-11-18,GEO,EURO,2,0,0,0,0,0
Germany,2022-11-18,DEU,EURO,3671,0,0,0,0,0
Gibraltar,2022-11-18,GIB,EURO,6,0,0,0,0,0
Greece,2022-11-18,GRC,EURO,85,0,0,0,0,0
Greenland,2022-11-18,GRL,EURO,2,0,0,0,0,0
Hungary,2022-11-18,HUN,EURO,80,0,0,0,0,0
Iceland,2022-11-18,ISL,EURO,16,0,0,0,0,0
Ireland,2022-11-18,IRL,EURO,215,0,0,0,0,0
Israel,2022-11-18,ISR,EURO,262,0,0,0,0,0
Italy,2022-11-18,ITA,EURO,917,0,0,2,0,0
Latvia,2022-11-18,LVA,EURO,6,0,0,0,0,0
Lithuania,2022-11-18,LTU,EURO,5,0,0,0,0,0
Luxembourg,2022-11-18,LUX,EURO,57,0,0,0,0,0
Malta,2022-11-18,MLT,EURO,33,0,0,0,0,0
Monaco,2022-11-18,MCO,EURO,3,0,0,0,0,0
Montenegro,2022-11-18,MNE,EURO,2,0,0,0,0,0
Netherlands,2022-11-18,NLD,EURO,1247,0,0,7,0,0
Norway,2022-11-18,NOR,EURO,93,0,0,0,0,0
Poland,2022-11-18,POL,EURO,212,0,0,0,0,0
Portugal,2022-11-18,PRT,EURO,948,0,0,0,0,0
Republic of Moldova,2022-11-18,MDA,EURO,2,0,0,0,0,0
Romania,2022-11-18,ROU,EURO,45,0,0,0,0,0
Russian Federation,2022-11-18,RUS,EURO,2,0,0,0,0,0
San Marino,2022-11-18,SMR,EURO,1,0,0,0,0,0
Serbia,2022-11-18,SRB,EURO,40,0,0,0,0,0
Slovakia,2022-11-18,SVK,EURO,14,0,0,0,0,0
Slovenia,2022-11-18,SVN,EURO,47,0,0,0,0,0
Spain,2022-11-18,ESP,EURO,7392,0,3,0,0,0
Sweden,2022-11-18,SWE,EURO,216,0,0,0,0,0
Switzerland,2022-11-18,CHE,EURO,546,0,0,0,0,0
The United Kingdom,2022-11-18,GBR,EURO,3710,0,0,0,0,0
Türkiye,2022-11-18,TUR,EURO,12,0,0,0,0,0
Ukraine,2022-11-18,UKR,EURO,5,0,0,0,0,0
Benin,2022-11-20,BEN,AFRO,3,0,0,0,0,0
Cameroon,2022-11-20,CMR,AFRO,18,0,3,0,0,0
Central African Republic,2022-11-20,CAF,AFRO,27,0,0,0,0,0
Congo,2022-11-20,COG,AFRO,5,0,0,0,0,0
Ghana,2022-11-20,GHA,AFRO,108,0,4,0,0,0
Liberia,2022-11-20,LBR,AFRO,3,0,0,0,0,0
Mozambique,2022-11-20,MOZ,AFRO,1,0,1,0,0,0
Nigeria,2022-11-20,NGA,AFRO,665,0,7,21,0,0
South Africa,2022-11-20,ZAF,AFRO,5,0,0,0,0,0
Argentina,2022-11-21,ARG,AMRO,944,0,2,25,0,0
Aruba,2022-11-21,ABW,AMRO,3,0,0,0,0,0
Bahamas,2022-11-21,BHS,AMRO,2,0,0,0,0,0
Barbados,2022-11-21,BRB,AMRO,1,0,0,0,0,0
Bermuda,2022-11-21,BMU,AMRO,1,0,0,0,0,0
Bolivia (Plurinational State of),2022-11-21,BOL,AMRO,253,0,0,2,0,0
Brazil,2022-11-21,BRA,AMRO,10529,0,13,116,0,1
Canada,2022-11-21,CAN,AMRO,1473,0,0,0,0,0
Chile,2022-11-21,CHL,AMRO,1337,0,2,28,0,1
Colombia,2022-11-21,COL,AMRO,3971,0,0,38,0,0
Costa Rica,2022-11-21,CRI,AMRO,42,0,0,7,0,0
Cuba,2022-11-21,CUB,AMRO,8,0,1,0,0,0
Curaçao,2022-11-21,CUW,AMRO,3,0,0,0,0,0
Dominican Republic,2022-11-21,DOM,AMRO,61,0,1,1,0,0
Ecuador,2022-11-21,ECU,AMRO,411,0,2,18,0,0
El Salvador,2022-11-21,SLV,AMRO,38,0,0,15,0,0
Guadeloupe,2022-11-21,GLP,AMRO,1,0,0,0,0,0
Guatemala,2022-11-21,GTM,AMRO,214,0,0,22,0,0
Guyana,2022-11-21,GUY,AMRO,2,0,0,0,0,0
Honduras,2022-11-21,HND,AMRO,11,0,0,0,0,0
Jamaica,2022-11-21,JAM,AMRO,18,0,0,0,0,0
Martinique,2022-11-21,MTQ,AMRO,1,0,0,0,0,0
Mexico,2022-11-21,MEX,AMRO,3556,0,19,71,0,1
Panama,2022-11-21,PAN,AMRO,60,0,0,8,0,0
Paraguay,2022-11-21,PRY,AMRO,24,0,0,7,0,0
Peru,2022-11-21,PER,AMRO,3567,0,23,51,0,0
Saint Martin,2022-11-21,MAF,AMRO,1,0,0,0,0,0
United States of America,2022-11-21,USA,AMRO,29705,0,52,125,0,0
Uruguay,2022-11-21,URY,AMRO,17,0,0,2,0,0
Venezuela (Bolivarian Republic of),2022-11-21,VEN,AMRO,10,0,0,0,0,0
Andorra,2022-11-22,AND,EURO,4,0,0,0,0,0
Austria,2022-11-22,AUT,EURO,326,0,0,0,0,0
Belgium,2022-11-22,BEL,EURO,789,0,1,3,0,0
Bosnia and Herzegovina,2022-11-22,BIH,EURO,9,0,0,0,0,0
Bulgaria,2022-11-22,BGR,EURO,6,0,0,0,0,0
Croatia,2022-11-22,HRV,EURO,29,0,0,0,0,0
Cyprus,2022-11-22,CYP,EURO,5,0,0,0,0,0
Czechia,2022-11-22,CZE,EURO,70,0,1,0,0,0
Denmark,2022-11-22,DNK,EURO,191,0,0,0,0,0
Estonia,2022-11-22,EST,EURO,11,0,0,0,0,0
Finland,2022-11-22,FIN,EURO,42,0,0,0,0,0
France,2022-11-22,FRA,EURO,4104,0,0,0,0,0
Georgia,2022-11-22,GEO,EURO,2,0,0,0,0,0
Germany,2022-11-22,DEU,EURO,3672,0,0,1,0,0
Gibraltar,2022-11-22,GIB,EURO,6,0,0,0,0,0
Greece,2022-11-22,GRC,EURO,85,0,0,0,0,0
Greenland,2022-11-22,GRL,EURO,2,0,0,0,0,0
Hungary,2022-11-22,HUN,EURO,80,0,0,0,0,0
Iceland,2022-11-22,ISL,EURO,16,0,0,0,0,0
Ireland,2022-11-22,IRL,EURO,217,0,0,2,0,0
Israel,2022-11-22,ISR,EURO,262,0,0,0,0,0
Italy,2022-11-22,ITA,EURO,917,0,0,0,0,0
Latvia,2022-11-22,LVA,EURO,6,0,0,0,0,0
Lithuania,2022-11-22,LTU,EURO,5,0,0,0,0,0
Luxembourg,2022-11-22,LUX,EURO,57,0,0,0,0,0
Malta,2022-11-22,MLT,EURO,33,0,0,0,0,0
Monaco,2022-11-22,MCO,EURO,3,0,0,0,0,0
Montenegro,2022-11-22,MNE,EURO,2,0,0,0,0,0
Netherlands,2022-11-22,NLD,EURO,1248,0,0,1,0,0
Norway,2022-11-22,NOR,EURO,93,0,0,0,0,0
Poland,2022-11-22,POL,EURO,213,0,0,1,0,0
Portugal,2022-11-22,PRT,EURO,948,0,0,0,0,0
Republic of Moldova,2022-11-22,MDA,EURO,2,0,0,0,0,0
Romania,2022-11-22,ROU,EURO,45,0,0,0,0,0
Russian Federation,2022-11-22,RUS,EURO,2,0,0,0,0,0
San Marino,2022-11-22,SMR,EURO,1,0,0,0,0,0
Serbia,2022-11-22,SRB,EURO,40,0,0,0,0,0
Slovakia,2022-11-22,SVK,EURO,14,0,0,0,0,0
Slovenia,2022-11-22,SVN,EURO,47,0,0,0,0,0
Spain,2022-11-22,ESP,EURO,7405,0,3,13,0,0
Sweden,2022-11-22,SWE,EURO,220,0,0,4,0,0
Switzerland,2022-11-22,CHE,EURO,546,0,0,0,0,0
The United Kingdom,2022-11-22,GBR,EURO,3720,0,0,10,0,0
Türkiye,2022-11-22,TUR,EURO,12,0,0,0,0,0
Ukraine,2022-11-22,UKR,EURO,5,0,0,0,0,0
Republic of Korea,2022-11-23,KOR,WPRO,4,0,0,1,0,0
New Zealand,2022-11-24,NZL,WPRO,36,0,0,1,0,0
Andorra,2022-11-25,AND,EURO,4,0,0,0,0,0
Australia,2022-11-25,AUS,WPRO,143,0,0,2,0,0
Austria,2022-11-25,AUT,EURO,326,0,0,0,0,0
Belgium,2022-11-25,BEL,EURO,789,0,1,0,0,0
Bosnia and Herzegovina,2022-11-25,BIH,EURO,9,0,0,0,0,0
Bulgaria,2022-11-25,BGR,EURO,6,0,0,0,0,0
Croatia,2022-11-25,HRV,EURO,29,0,0,0,0,0
Cyprus,2022-11-25,CYP,EURO,5,0,0,0,0,0
Czechia,2022-11-25,CZE,EURO,70,0,1,0,0,0
Denmark,2022-11-25,DNK,EURO,191,0,0,0,0,0
Estonia,2022-11-25,EST,EURO,11,0,0,0,0,0
Finland,2022-11-25,FIN,EURO,42,0,0,0,0,0
France,2022-11-25,FRA,EURO,4107,0,0,3,0,0
Georgia,2022-11-25,GEO,EURO,2,0,0,0,0,0
Germany,2022-11-25,DEU,EURO,3672,0,0,0,0,0
Gibraltar,2022-11-25,GIB,EURO,6,0,0,0,0,0
Greece,2022-11-25,GRC,EURO,85,0,0,0,0,0
Greenland,2022-11-25,GRL,EURO,2,0,0,0,0,0
Hungary,2022-11-25,HUN,EURO,80,0,0,0,0,0
Iceland,2022-11-25,ISL,EURO,16,0,0,0,0,0
Ireland,2022-11-25,IRL,EURO,217,0,0,0,0,0
Israel,2022-11-25,ISR,EURO,262,0,0,0,0,0
Italy,2022-11-25,ITA,EURO,918,0,0,1,0,0
Latvia,2022-11-25,LVA,EURO,6,0,0,0,0,0
Lithuania,2022-11-25,LTU,EURO,5,0,0,0,0,0
Luxembourg,2022-11-25,LUX,EURO,57,0,0,0,0,0
Malta,2022-11-25,MLT,EURO,33,0,0,0,0,0
Monaco,2022-11-25,MCO,EURO,3,0,0,0,0,0
Montenegro,2022-11-25,MNE,EURO,2,0,0,0,0,0
Netherlands,2022-11-25,NLD,EURO,1248,0,0,0,0,0
Norway,2022-11-25,NOR,EURO,93,0,0,0,0,0
Poland,2022-11-25,POL,EURO,213,0,0,0,0,0
Portugal,2022-11-25,PRT,EURO,948,0,0,0,0,0
Republic of Moldova,2022-11-25,MDA,EURO,2,0,0,0,0,0
Romania,2022-11-25,ROU,EURO,45,0,0,0,0,0
Russian Federation,2022-11-25,RUS,EURO,2,0,0,0,0,0
San Marino,2022-11-25,SMR,EURO,1,0,0,0,0,0
Serbia,2022-11-25,SRB,EURO,40,0,0,0,0,0
Slovakia,2022-11-25,SVK,EURO,14,0,0,0,0,0
Slovenia,2022-11-25,SVN,EURO,47,0,0,0,0,0
Spain,2022-11-25,ESP,EURO,7405,0,3,0,0,0
Sweden,2022-11-25,SWE,EURO,220,0,0,0,0,0
Switzerland,2022-11-25,CHE,EURO,546,0,0,0,0,0
The United Kingdom,2022-11-25,GBR,EURO,3720,0,0,0,0,0
Türkiye,2022-11-25,TUR,EURO,12,0,0,0,0,0
Ukraine,2022-11-25,UKR,EURO,5,0,0,0,0,0
Lebanon,2022-11-26,LBN,EMRO,24,0,0,6,0,0
Benin,2022-11-27,BEN,AFRO,3,0,0,0,0,0
Cameroon,2022-11-27,CMR,AFRO,18,0,3,0,0,0
Central African Republic,2022-11-27,CAF,AFRO,27,0,0,0,0,0
Congo,2022-11-27,COG,AFRO,5,0,0,0,0,0
Ghana,2022-11-27,GHA,AFRO,111,0,4,3,0,0
Liberia,2022-11-27,LBR,AFRO,4,0,0,1,0,0
Mozambique,2022-11-27,MOZ,AFRO,1,0,1,0,0,0
Nigeria,2022-11-27,NGA,AFRO,686,0,7,21,0,0
South Africa,2022-11-27,ZAF,AFRO,5,0,0,0,0,0
Argentina,2022-11-28,ARG,AMRO,971,0,2,27,0,0
Aruba,2022-11-28,ABW,AMRO,3,0,0,0,0,0
Bahamas,2022-11-28,BHS,AMRO,2,0,0,0,0,0
Barbados,2022-11-28,BRB,AMRO,1,0,0,0,0,0
Bermuda,2022-11-28,BMU,AMRO,1,0,0,0,0,0
Bolivia (Plurinational State of),2022-11-28,BOL,AMRO,259,0,0,6,0,0
Brazil,2022-11-28,BRA,AMRO,10607,0,14,78,0,1
Canada,2022-11-28,CAN,AMRO,1474,0,0,1,0,0
Chile,2022-11-28,CHL,AMRO,1359,0,2,22,0,0
Colombia,2022-11-28,COL,AMRO,4002,0,0,31,0,0
Costa Rica,2022-11-28,CRI,AMRO,50,0,0,8,0,0
Cuba,2022-11-28,CUB,AMRO,8,0,1,0,0,0
Curaçao,2022-11-28,CUW,AMRO,3,0,0,0,0,0
Dominican Republic,2022-11-28,DOM,AMRO,61,0,1,0,0,0
Ecuador,2022-11-28,ECU,AMRO,425,0,2,14,0,0
El Salvador,2022-11-28,SLV,AMRO,50,0,0,12,0,0
Guadeloupe,2022-11-28,GLP,AMRO,1,0,0,0,0,0
Guatemala,2022-11-28,GTM,AMRO,227,0,0,13,0,0
Guyana,2022-11-28,GUY,AMRO,2,0,0,0,0,0
Honduras,2022-11-28,HND,AMRO,11,0,0,0,0,0
Jamaica,2022-11-28,JAM,AMRO,18,0,0,0,0,0
Martinique,2022-11-28,MTQ,AMRO,1,0,0,0,0,0
Mexico,2022-11-28,MEX,AMRO,3626,0,20,70,0,1
Panama,2022-11-28,PAN,AMRO,66,0,0,6,0,0
Paraguay,2022-11-28,PRY,AMRO,32,0,0,8,0,0
Peru,2022-11-28,PER,AMRO,3600,0,23,33,0,0
Saint Martin,2022-11-28,MAF,AMRO,1,0,0,0,0,0
United States of America,2022-11-28,USA,AMRO,29810,0,52,105,0,0
Uruguay,2022-11-28,URY,AMRO,18,0,0,1,0,0
Venezuela (Bolivarian Republic of),2022-11-28,VEN,AMRO,10,0,0,0,0,0
Andorra,2022-11-29,AND,EURO,4,0,0,0,0,0
Austria,2022-11-29,AUT,EURO,326,0,0,0,0,0
Belgium,2022-11-29,BEL,EURO,789,0,1,0,0,0
Bosnia and Herzegovina,2022-11-29,BIH,EURO,9,0,0,0,0,0
Bulgaria,2022-11-29,BGR,EURO,6,0,0,0,0,0
Croatia,2022-11-29,HRV,EURO,29,0,0,0,0,0
Cyprus,2022-11-29,CYP,EURO,5,0,0,0,0,0
Czechia,2022-11-29,CZE,EURO,70,0,1,0,0,0
Denmark,2022-11-29,DNK,EURO,191,0,0,0,0,0
Estonia,2022-11-29,EST,EURO,11,0,0,0,0,0
Finland,2022-11-29,FIN,EURO,42,0,0,0,0,0
France,2022-11-29,FRA,EURO,4107,0,0,0,0,0
Georgia,2022-11-29,GEO,EURO,2,0,0,0,0,0
Germany,2022-11-29,DEU,EURO,3671,0,0,-1,0,0
Gibraltar,2022-11-29,GIB,EURO,6,0,0,0,0,0
Greece,2022-11-29,GRC,EURO,85,0,0,0,0,0
Greenland,2022-11-29,GRL,EURO,2,0,0,0,0,0
Hungary,2022-11-29,HUN,EURO,80,0,0,0,0,0
Iceland,2022-11-29,ISL,EURO,16,0,0,0,0,0
Ireland,2022-11-29,IRL,EURO,220,0,0,3,0,0
Israel,2022-11-29,ISR,EURO,262,0,0,0,0,0
Italy,2022-11-29,ITA,EURO,920,0,0,2,0,0
Latvia,2022-11-29,LVA,EURO,6,0,0,0,0,0
Lithuania,2022-11-29,LTU,EURO,5,0,0,0,0,0
Luxembourg,2022-11-29,LUX,EURO,57,0,0,0,0,0
Malta,2022-11-29,MLT,EURO,33,0,0,0,0,0
Monaco,2022-11-29,MCO,EURO,3,0,0,0,0,0
Montenegro,2022-11-29,MNE,EURO,2,0,0,0,0,0
Netherlands,2022-11-29,NLD,EURO,1251,0,0,3,0,0
Norway,2022-11-29,NOR,EURO,93,0,0,0,0,0
Poland,2022-11-29,POL,EURO,214,0,0,1,0,0
Portugal,2022-11-29,PRT,EURO,948,0,0,0,0,0
Republic of Moldova,2022-11-29,MDA,EURO,2,0,0,0,0,0
Romania,2022-11-29,ROU,EURO,45,0,0,0,0,0
Russian Federation,2022-11-29,RUS,EURO,2,0,0,0,0,0
San Marino,2022-11-29,SMR,EURO,1,0,0,0,0,0
Serbia,2022-11-29,SRB,EURO,40,0,0,0,0,0
Slovakia,2022-11-29,SVK,EURO,14,0,0,0,0,0
Slovenia,2022-11-29,SVN,EURO,47,0,0,0,0,0
Spain,2022-11-29,ESP,EURO,7408,0,3,3,0,0
Sweden,2022-11-29,SWE,EURO,229,0,0,9,0,0
Switzerland,2022-11-29,CHE,EURO,550,0,0,4,0,0
The United Kingdom,2022-11-29,GBR,EURO,3725,0,0,5,0,0
Türkiye,2022-11-29,TUR,EURO,12,0,0,0,0,0
Ukraine,2022-11-29,UKR,EURO,5,0,0,0,0,0
India,2022-12-01,IND,SEARO,17,0,1,0,0,0
Andorra,2022-12-02,AND,EURO,4,0,0,0,0,0
Austria,2022-12-02,AUT,EURO,327,0,0,1,0,0
Belgium,2022-12-02,BEL,EURO,789,0,1,0,0,0
Bosnia and Herzegovina,2022-12-02,BIH,EURO,9,0,0,0,0,0
Bulgaria,2022-12-02,BGR,EURO,6,0,0,0,0,0
Croatia,2022-12-02,HRV,EURO,29,0,0,0,0,0
Cyprus,2022-12-02,CYP,EURO,5,0,0,0,0,0
Czechia,2022-12-02,CZE,EURO,71,0,1,1,0,0
Denmark,2022-12-02,DNK,EURO,191,0,0,0,0,0
Estonia,2022-12-02,EST,EURO,11,0,0,0,0,0
Finland,2022-12-02,FIN,EURO,42,0,0,0,0,0
France,2022-12-02,FRA,EURO,4110,0,0,3,0,0
Georgia,2022-12-02,GEO,EURO,2,0,0,0,0,0
Germany,2022-12-02,DEU,EURO,3671,0,0,0,0,0
Gibraltar,2022-12-02,GIB,EURO,6,0,0,0,0,0
Greece,2022-12-02,GRC,EURO,85,0,0,0,0,0
Greenland,2022-12-02,GRL,EURO,2,0,0,0,0,0
Hungary,2022-12-02,HUN,EURO,80,0,0,0,0,0
Iceland,2022-12-02,ISL,EURO,16,0,0,0,0,0
Ireland,2022-12-02,IRL,EURO,220,0,0,0,0,0
Israel,2022-12-02,ISR,EURO,262,0,0,0,0,0
Italy,2022-12-02,ITA,EURO,921,0,0,1,0,0
Latvia,2022-12-02,LVA,EURO,6,0,0,0,0,0
Lithuania,2022-12-02,LTU,EURO,5,0,0,0,0,0
Luxembourg,2022-12-02,LUX,EURO,57,0,0,0,0,0
Malta,2022-12-02,MLT,EURO,33,0,0,0,0,0
Monaco,2022-12-02,MCO,EURO,3,0,0,0,0,0
Montenegro,2022-12-02,MNE,EURO,2,0,0,0,0,0
Netherlands,2022-12-02,NLD,EURO,1251,0,0,0,0,0
New Zealand,2022-12-02,NZL,WPRO,39,0,0,3,0,0
Norway,2022-12-02,NOR,EURO,93,0,0,0,0,0
Poland,2022-12-02,POL,EURO,214,0,0,0,0,0
Portugal,2022-12-02,PRT,EURO,948,0,0,0,0,0
Republic of Moldova,2022-12-02,MDA,EURO,2,0,0,0,0,0
Romania,2022-12-02,ROU,EURO,45,0,0,0,0,0
Russian Federation,2022-12-02,RUS,EURO,2,0,0,0,0,0
San Marino,2022-12-02,SMR,EURO,1,0,0,0,0,0
Serbia,2022-12-02,SRB,EURO,40,0,0,0,0,0
Slovakia,2022-12-02,SVK,EURO,14,0,0,0,0,0
Slovenia,2022-12-02,SVN,EURO,47,0,0,0,0,0
Spain,2022-12-02,ESP,EURO,7408,0,3,0,0,0
Sweden,2022-12-02,SWE,EURO,229,0,0,0,0,0
Switzerland,2022-12-02,CHE,EURO,550,0,0,0,0,0
Thailand,2022-12-02,THA,SEARO,12,0,0,0,0,0
The United Kingdom,2022-12-02,GBR,EURO,3725,0,0,0,0,0
Türkiye,2022-12-02,TUR,EURO,12,0,0,0,0,0
Ukraine,2022-12-02,UKR,EURO,5,0,0,0,0,0
Indonesia,2022-12-03,IDN,SEARO,1,0,0,0,0,0
Benin,2022-12-04,BEN,AFRO,3,0,0,0,0,0
Cameroon,2022-12-04,CMR,AFRO,18,0,3,0,0,0
Central African Republic,2022-12-04,CAF,AFRO,27,0,0,0,0,0
Congo,2022-12-04,COG,AFRO,5,0,0,0,0,0
Ghana,2022-12-04,GHA,AFRO,111,0,4,0,0,0
Liberia,2022-12-04,LBR,AFRO,4,0,0,0,0,0
Nigeria,2022-12-04,NGA,AFRO,726,0,7,40,0,0
South Africa,2022-12-04,ZAF,AFRO,5,0,0,0,0,0
Sri Lanka,2022-12-04,LKA,SEARO,2,0,0,0,0,0
Argentina,2022-12-05,ARG,AMRO,991,0,2,20,0,0
Aruba,2022-12-05,ABW,AMRO,3,0,0,0,0,0
Bahamas,2022-12-05,BHS,AMRO,2,0,0,0,0,0
Barbados,2022-12-05,BRB,AMRO,1,0,0,0,0,0
Bermuda,2022-12-05,BMU,AMRO,1,0,0,0,0,0
Bolivia (Plurinational State of),2022-12-05,BOL,AMRO,260,0,0,1,0,0
Brazil,2022-12-05,BRA,AMRO,10703,0,14,96,0,0
Canada,2022-12-05,CAN,AMRO,1476,0,0,2,0,0
Chile,2022-12-05,CHL,AMRO,1374,0,2,15,0,0
Colombia,2022-12-05,COL,AMRO,4022,0,0,20,0,0
Costa Rica,2022-12-05,CRI,AMRO,56,0,0,6,0,0
Cuba,2022-12-05,CUB,AMRO,8,0,1,0,0,0
Curaçao,2022-12-05,CUW,AMRO,3,0,0,0,0,0
Dominican Republic,2022-12-05,DOM,AMRO,62,0,1,1,0,0
Ecuador,2022-12-05,ECU,AMRO,442,0,2,17,0,0
El Salvador,2022-12-05,SLV,AMRO,61,0,0,11,0,0
Guadeloupe,2022-12-05,GLP,AMRO,1,0,0,0,0,0
Guatemala,2022-12-05,GTM,AMRO,247,0,0,20,0,0
Guyana,2022-12-05,GUY,AMRO,2,0,0,0,0,0
Honduras,2022-12-05,HND,AMRO,12,0,0,1,0,0
Jamaica,2022-12-05,JAM,AMRO,18,0,0,0,0,0
Martinique,2022-12-05,MTQ,AMRO,1,0,0,0,0,0
Mexico,2022-12-05,MEX,AMRO,3674,0,20,48,0,0
Panama,2022-12-05,PAN,AMRO,71,0,0,5,0,0
Paraguay,2022-12-05,PRY,AMRO,37,0,0,5,0,0
Peru,2022-12-05,PER,AMRO,3634,0,23,34,0,0
Saint Martin,2022-12-05,MAF,AMRO,1,0,0,0,0,0
United States of America,2022-12-05,USA,AMRO,29906,0,52,96,0,0
Uruguay,2022-12-05,URY,AMRO,19,0,0,1,0,0
Venezuela (Bolivarian Republic of),2022-12-05,VEN,AMRO,10,0,0,0,0,0
Andorra,2022-12-06,AND,EURO,4,0,0,0,0,0
Austria,2022-12-06,AUT,EURO,327,0,0,0,0,0
Belgium,2022-12-06,BEL,EURO,790,0,1,1,0,0
Bosnia and Herzegovina,2022-12-06,BIH,EURO,9,0,0,0,0,0
Bulgaria,2022-12-06,BGR,EURO,6,0,0,0,0,0
Croatia,2022-12-06,HRV,EURO,29,0,0,0,0,0
Cyprus,2022-12-06,CYP,EURO,5,0,0,0,0,0
Czechia,2022-12-06,CZE,EURO,71,0,1,0,0,0
Denmark,2022-12-06,DNK,EURO,191,0,0,0,0,0
Estonia,2022-12-06,EST,EURO,11,0,0,0,0,0
Finland,2022-12-06,FIN,EURO,42,0,0,0,0,0
France,2022-12-06,FRA,EURO,4110,0,0,0,0,0
Georgia,2022-12-06,GEO,EURO,2,0,0,0,0,0
Germany,2022-12-06,DEU,EURO,3673,0,0,2,0,0
Gibraltar,2022-12-06,GIB,EURO,6,0,0,0,0,0
Greece,2022-12-06,GRC,EURO,85,0,0,0,0,0
Greenland,2022-12-06,GRL,EURO,2,0,0,0,0,0
Hungary,2022-12-06,HUN,EURO,80,0,0,0,0,0
Iceland,2022-12-06,ISL,EURO,16,0,0,0,0,0
Ireland,2022-12-06,IRL,EURO,223,0,0,3,0,0
Israel,2022-12-06,ISR,EURO,262,0,0,0,0,0
Italy,2022-12-06,ITA,EURO,923,0,0,2,0,0
Latvia,2022-12-06,LVA,EURO,6,0,0,0,0,0
Lithuania,2022-12-06,LTU,EURO,5,0,0,0,0,0
Luxembourg,2022-12-06,LUX,EURO,57,0,0,0,0,0
Malta,2022-12-06,MLT,EURO,33,0,0,0,0,0
Monaco,2022-12-06,MCO,EURO,3,0,0,0,0,0
Montenegro,2022-12-06,MNE,EURO,2,0,0,0,0,0
Mozambique,2022-12-06,MOZ,AFRO,1,0,1,0,0,0
Netherlands,2022-12-06,NLD,EURO,1251,0,0,0,0,0
Norway,2022-12-06,NOR,EURO,93,0,0,0,0,0
Poland,2022-12-06,POL,EURO,214,0,0,0,0,0
Portugal,2022-12-06,PRT,EURO,948,0,0,0,0,0
Republic of Moldova,2022-12-06,MDA,EURO,2,0,0,0,0,0
Romania,2022-12-06,ROU,EURO,46,0,0,1,0,0
Russian Federation,2022-12-06,RUS,EURO,2,0,0,0,0,0
San Marino,2022-12-06,SMR,EURO,1,0,0,0,0,0
Serbia,2022-12-06,SRB,EURO,40,0,0,0,0,0
Slovakia,2022-12-06,SVK,EURO,14,0,0,0,0,0
Slovenia,2022-12-06,SVN,EURO,47,0,0,0,0,0
Spain,2022-12-06,ESP,EURO,7408,0,3,0,0,0
Sweden,2022-12-06,SWE,EURO,236,0,0,7,0,0
Switzerland,2022-12-06,CHE,EURO,551,0,0,1,0,0
The United Kingdom,2022-12-06,GBR,EURO,3730,0,0,5,0,0
Türkiye,2022-12-06,TUR,EURO,12,0,0,0,0,0
Ukraine,2022-12-06,UKR,EURO,5,0,0,0,0,0
Andorra,2022-12-09,AND,EURO,4,0,0,0,0,0
Australia,2022-12-09,AUS,WPRO,144,0,0,1,0,0
Austria,2022-12-09,AUT,EURO,327,0,0,0,0,0
Belgium,2022-12-09,BEL,EURO,790,0,1,0,0,0
Bosnia and Herzegovina,2022-12-09,BIH,EURO,9,0,0,0,0,0
Bulgaria,2022-12-09,BGR,EURO,6,0,0,0,0,0
Croatia,2022-12-09,HRV,EURO,29,0,0,0,0,0
Cyprus,2022-12-09,CYP,EURO,5,0,0,0,0,0
Czechia,2022-12-09,CZE,EURO,71,0,1,0,0,0
Denmark,2022-12-09,DNK,EURO,191,0,0,0,0,0
Egypt,2022-12-09,EGY,EMRO,2,0,0,1,0,0
Estonia,2022-12-09,EST,EURO,11,0,0,0,0,0
Finland,2022-12-09,FIN,EURO,42,0,0,0,0,0
France,2022-12-09,FRA,EURO,4110,0,0,0,0,0
Georgia,2022-12-09,GEO,EURO,2,0,0,0,0,0
Germany,2022-12-09,DEU,EURO,3673,0,0,0,0,0
Gibraltar,2022-12-09,GIB,EURO,6,0,0,0,0,0
Greece,2022-12-09,GRC,EURO,85,0,0,0,0,0
Greenland,2022-12-09,GRL,EURO,2,0,0,0,0,0
Hungary,2022-12-09,HUN,EURO,80,0,0,0,0,0
Iceland,2022-12-09,ISL,EURO,16,0,0,0,0,0
Ireland,2022-12-09,IRL,EURO,223,0,0,0,0,0
Israel,2022-12-09,ISR,EURO,262,0,0,0,0,0
Italy,2022-12-09,ITA,EURO,927,0,0,4,0,0
Latvia,2022-12-09,LVA,EURO,6,0,0,0,0,0
Lithuania,2022-12-09,LTU,EURO,5,0,0,0,0,0
Luxembourg,2022-12-09,LUX,EURO,57,0,0,0,0,0
Malta,2022-12-09,MLT,EURO,33,0,0,0,0,0
Monaco,2022-12-09,MCO,EURO,3,0,0,0,0,0
Montenegro,2022-12-09,MNE,EURO,2,0,0,0,0,0
Netherlands,2022-12-09,NLD,EURO,1251,0,0,0,0,0
New Zealand,2022-12-09,NZL,WPRO,40,0,0,1,0,0
Norway,2022-12-09,NOR,EURO,93,0,0,0,0,0
Poland,2022-12-09,POL,EURO,214,0,0,0,0,0
Portugal,2022-12-09,PRT,EURO,948,0,0,0,0,0
Republic of Moldova,2022-12-09,MDA,EURO,2,0,0,0,0,0
Romania,2022-12-09,ROU,EURO,46,0,0,0,0,0
Russian Federation,2022-12-09,RUS,EURO,2,0,0,0,0,0
San Marino,2022-12-09,SMR,EURO,1,0,0,0,0,0
Serbia,2022-12-09,SRB,EURO,40,0,0,0,0,0
Slovakia,2022-12-09,SVK,EURO,14,0,0,0,0,0
Slovenia,2022-12-09,SVN,EURO,47,0,0,0,0,0
Spain,2022-12-09,ESP,EURO,7412,0,3,4,0,0
Sweden,2022-12-09,SWE,EURO,236,0,0,0,0,0
Switzerland,2022-12-09,CHE,EURO,551,0,0,0,0,0
The United Kingdom,2022-12-09,GBR,EURO,3730,0,0,0,0,0
Türkiye,2022-12-09,TUR,EURO,12,0,0,0,0,0
Ukraine,2022-12-09,UKR,EURO,5,0,0,0,0,0
Benin,2022-12-11,BEN,AFRO,3,0,0,0,0,0
Cameroon,2022-12-11,CMR,AFRO,18,0,3,0,0,0
Central African Republic,2022-12-11,CAF,AFRO,28,0,0,1,0,0
Congo,2022-12-11,COG,AFRO,5,0,0,0,0,0
Ghana,2022-12-11,GHA,AFRO,117,0,4,6,0,0
Liberia,2022-12-11,LBR,AFRO,6,0,0,2,0,0
Nigeria,2022-12-11,NGA,AFRO,750,0,7,24,0,0
South Africa,2022-12-11,ZAF,AFRO,5,0,0,0,0,0
Argentina,2022-12-12,ARG,AMRO,1009,0,2,18,0,0
Aruba,2022-12-12,ABW,AMRO,3,0,0,0,0,0
Bahamas,2022-12-12,BHS,AMRO,2,0,0,0,0,0
Barbados,2022-12-12,BRB,AMRO,1,0,0,0,0,0
Bermuda,2022-12-12,BMU,AMRO,1,0,0,0,0,0
Bolivia (Plurinational State of),2022-12-12,BOL,AMRO,261,0,0,1,0,0
Brazil,2022-12-12,BRA,AMRO,10768,0,14,65,0,0
Canada,2022-12-12,CAN,AMRO,1480,0,0,4,0,0
Chile,2022-12-12,CHL,AMRO,1382,0,2,8,0,0
Colombia,2022-12-12,COL,AMRO,4028,0,0,6,0,0
Costa Rica,2022-12-12,CRI,AMRO,66,0,0,10,0,0
Cuba,2022-12-12,CUB,AMRO,8,0,1,0,0,0
Curaçao,2022-12-12,CUW,AMRO,3,0,0,0,0,0
Dominican Republic,2022-12-12,DOM,AMRO,63,0,1,1,0,0
Ecuador,2022-12-12,ECU,AMRO,450,0,2,8,0,0
Egypt,2022-12-12,EGY,EMRO,3,0,0,1,0,0
El Salvador,2022-12-12,SLV,AMRO,67,0,0,6,0,0
Guadeloupe,2022-12-12,GLP,AMRO,1,0,0,0,0,0
Guatemala,2022-12-12,GTM,AMRO,268,0,0,21,0,0
Guyana,2022-12-12,GUY,AMRO,2,0,0,0,0,0
Honduras,2022-12-12,HND,AMRO,12,0,0,0,0,0
India,2022-12-12,IND,SEARO,20,0,1,3,0,0
Indonesia,2022-12-12,IDN,SEARO,1,0,0,0,0,0
Jamaica,2022-12-12,JAM,AMRO,18,0,0,0,0,0
Martinique,2022-12-12,MTQ,AMRO,1,0,0,0,0,0
Mexico,2022-12-12,MEX,AMRO,3709,0,21,35,0,1
Panama,2022-12-12,PAN,AMRO,77,0,0,6,0,0
Paraguay,2022-12-12,PRY,AMRO,39,0,0,2,0,0
Peru,2022-12-12,PER,AMRO,3656,0,23,22,0,0
Saint Martin,2022-12-12,MAF,AMRO,1,0,0,0,0,0
Sri Lanka,2022-12-12,LKA,SEARO,2,0,0,0,0,0
Thailand,2022-12-12,THA,SEARO,12,0,0,0,0,0
United States of America,2022-12-12,USA,AMRO,29994,0,53,88,0,1
Uruguay,2022-12-12,URY,AMRO,19,0,0,0,0,0
Venezuela (Bolivarian Republic of),2022-12-12,VEN,AMRO,10,0,0,0,0,0
Andorra,2022-12-13,AND,EURO,4,0,0,0,0,0
Austria,2022-12-13,AUT,EURO,327,0,0,0,0,0
Belgium,2022-12-13,BEL,EURO,790,0,1,0,0,0
Bosnia and Herzegovina,2022-12-13,BIH,EURO,9,0,0,0,0,0
Bulgaria,2022-12-13,BGR,EURO,6,0,0,0,0,0
Croatia,2022-12-13,HRV,EURO,29,0,0,0,0,0
Cyprus,2022-12-13,CYP,EURO,5,0,0,0,0,0
Czechia,2022-12-13,CZE,EURO,71,0,1,0,0,0
Denmark,2022-12-13,DNK,EURO,192,0,0,1,0,0
Estonia,2022-12-13,EST,EURO,11,0,0,0,0,0
Finland,2022-12-13,FIN,EURO,42,0,0,0,0,0
France,2022-12-13,FRA,EURO,4110,0,0,0,0,0
Georgia,2022-12-13,GEO,EURO,2,0,0,0,0,0
Germany,2022-12-13,DEU,EURO,3675,0,0,2,0,0
Gibraltar,2022-12-13,GIB,EURO,6,0,0,0,0,0
Greece,2022-12-13,GRC,EURO,85,0,0,0,0,0
Greenland,2022-12-13,GRL,EURO,2,0,0,0,0,0
Hungary,2022-12-13,HUN,EURO,80,0,0,0,0,0
Iceland,2022-12-13,ISL,EURO,16,0,0,0,0,0
Ireland,2022-12-13,IRL,EURO,225,0,0,2,0,0
Israel,2022-12-13,ISR,EURO,262,0,0,0,0,0
Italy,2022-12-13,ITA,EURO,927,0,0,0,0,0
Latvia,2022-12-13,LVA,EURO,6,0,0,0,0,0
Lithuania,2022-12-13,LTU,EURO,5,0,0,0,0,0
Luxembourg,2022-12-13,LUX,EURO,57,0,0,0,0,0
Malta,2022-12-13,MLT,EURO,33,0,0,0,0,0
Monaco,2022-12-13,MCO,EURO,3,0,0,0,0,0
Montenegro,2022-12-13,MNE,EURO,2,0,0,0,0,0
Netherlands,2022-12-13,NLD,EURO,1255,0,0,4,0,0
Norway,2022-12-13,NOR,EURO,93,0,0,0,0,0
Poland,2022-12-13,POL,EURO,214,0,0,0,0,0
Portugal,2022-12-13,PRT,EURO,948,0,0,0,0,0
Republic of Moldova,2022-12-13,MDA,EURO,2,0,0,0,0,0
Romania,2022-12-13,ROU,EURO,46,0,0,0,0,0
Russian Federation,2022-12-13,RUS,EURO,2,0,0,0,0,0
San Marino,2022-12-13,SMR,EURO,1,0,0,0,0,0
Serbia,2022-12-13,SRB,EURO,40,0,0,0,0,0
Slovakia,2022-12-13,SVK,EURO,14,0,0,0,0,0
Slovenia,2022-12-13,SVN,EURO,47,0,0,0,0,0
Spain,2022-12-13,ESP,EURO,7416,0,3,4,0,0
Sweden,2022-12-13,SWE,EURO,242,0,0,6,0,0
Switzerland,2022-12-13,CHE,EURO,551,0,0,0,0,0
The United Kingdom,2022-12-13,GBR,EURO,3730,0,0,0,0,0
Türkiye,2022-12-13,TUR,EURO,12,0,0,0,0,0
Ukraine,2022-12-13,UKR,EURO,5,0,0,0,0,0
Andorra,2022-12-16,AND,EURO,4,0,0,0,0,0
Austria,2022-12-16,AUT,EURO,327,0,0,0,0,0
Belgium,2022-12-16,BEL,EURO,790,0,1,0,0,0
Bosnia and Herzegovina,2022-12-16,BIH,EURO,9,0,0,0,0,0
Bulgaria,2022-12-16,BGR,EURO,6,0,0,0,0,0
Croatia,2022-12-16,HRV,EURO,29,0,0,0,0,0
Cyprus,2022-12-16,CYP,EURO,5,0,0,0,0,0
Czechia,2022-12-16,CZE,EURO,71,0,1,0,0,0
Denmark,2022-12-16,DNK,EURO,192,0,0,0,0,0
Estonia,2022-12-16,EST,EURO,11,0,0,0,0,0
Finland,2022-12-16,FIN,EURO,42,0,0,0,0,0
France,2022-12-16,FRA,EURO,4110,0,0,0,0,0
Georgia,2022-12-16,GEO,EURO,2,0,0,0,0,0
Germany,2022-12-16,DEU,EURO,3675,0,0,0,0,0
Gibraltar,2022-12-16,GIB,EURO,6,0,0,0,0,0
Greece,2022-12-16,GRC,EURO,85,0,0,0,0,0
Greenland,2022-12-16,GRL,EURO,2,0,0,0,0,0
Hungary,2022-12-16,HUN,EURO,80,0,0,0,0,0
Iceland,2022-12-16,ISL,EURO,16,0,0,0,0,0
Ireland,2022-12-16,IRL,EURO,225,0,0,0,0,0
Israel,2022-12-16,ISR,EURO,262,0,0,0,0,0
Italy,2022-12-16,ITA,EURO,932,0,0,5,0,0
Latvia,2022-12-16,LVA,EURO,6,0,0,0,0,0
Lithuania,2022-12-16,LTU,EURO,5,0,0,0,0,0
Luxembourg,2022-12-16,LUX,EURO,57,0,0,0,0,0
Malta,2022-12-16,MLT,EURO,33,0,0,0,0,0
Monaco,2022-12-16,MCO,EURO,3,0,0,0,0,0
Montenegro,2022-12-16,MNE,EURO,2,0,0,0,0,0
Netherlands,2022-12-16,NLD,EURO,1256,0,0,1,0,0
Norway,2022-12-16,NOR,EURO,93,0,0,0,0,0
Poland,2022-12-16,POL,EURO,214,0,0,0,0,0
Portugal,2022-12-16,PRT,EURO,948,0,0,0,0,0
Republic of Moldova,2022-12-16,MDA,EURO,2,0,0,0,0,0
Romania,2022-12-16,ROU,EURO,46,0,0,0,0,0
Russian Federation,2022-12-16,RUS,EURO,2,0,0,0,0,0
San Marino,2022-12-16,SMR,EURO,1,0,0,0,0,0
Serbia,2022-12-16,SRB,EURO,40,0,0,0,0,0
Slovakia,2022-12-16,SVK,EURO,14,0,0,0,0,0
Slovenia,2022-12-16,SVN,EURO,47,0,0,0,0,0
Spain,2022-12-16,ESP,EURO,7416,0,3,0,0,0
Sweden,2022-12-16,SWE,EURO,242,0,0,0,0,0
Switzerland,2022-12-16,CHE,EURO,551,0,0,0,0,0
The United Kingdom,2022-12-16,GBR,EURO,3730,0,0,0,0,0
Türkiye,2022-12-16,TUR,EURO,12,0,0,0,0,0
Ukraine,2022-12-16,UKR,EURO,5,0,0,0,0,0
Benin,2022-12-18,BEN,AFRO,3,0,0,0,0,0
Cameroon,2022-12-18,CMR,AFRO,18,0,3,0,0,0
Central African Republic,2022-12-18,CAF,AFRO,29,0,0,1,0,0
Congo,2022-12-18,COG,AFRO,5,0,0,0,0,0
Ghana,2022-12-18,GHA,AFRO,117,0,4,0,0,0
Liberia,2022-12-18,LBR,AFRO,6,0,0,0,0,0
Mozambique,2022-12-18,MOZ,AFRO,1,0,1,0,0,0
Nigeria,2022-12-18,NGA,AFRO,759,0,7,9,0,0
South Africa,2022-12-18,ZAF,AFRO,5,0,0,0,0,0
Argentina,2022-12-19,ARG,AMRO,1020,0,2,11,0,0
Aruba,2022-12-19,ABW,AMRO,3,0,0,0,0,0
Bahamas,2022-12-19,BHS,AMRO,2,0,0,0,0,0
Barbados,2022-12-19,BRB,AMRO,1,0,0,0,0,0
Bermuda,2022-12-19,BMU,AMRO,1,0,0,0,0,0
Bolivia (Plurinational State of),2022-12-19,BOL,AMRO,261,0,0,0,0,0
Brazil,2022-12-19,BRA,AMRO,10822,0,14,54,0,0
Canada,2022-12-19,CAN,AMRO,1480,0,0,0,0,0
Chile,2022-12-19,CHL,AMRO,1391,0,2,9,0,0
Colombia,2022-12-19,COL,AMRO,4044,0,0,16,0,0
Costa Rica,2022-12-19,CRI,AMRO,80,0,0,14,0,0
Cuba,2022-12-19,CUB,AMRO,8,0,1,0,0,0
Curaçao,2022-12-19,CUW,AMRO,3,0,0,0,0,0
Dominican Republic,2022-12-19,DOM,AMRO,63,0,1,0,0,0
Ecuador,2022-12-19,ECU,AMRO,462,0,2,12,0,0
El Salvador,2022-12-19,SLV,AMRO,75,0,0,8,0,0
Guadeloupe,2022-12-19,GLP,AMRO,1,0,0,0,0,0
Guatemala,2022-12-19,GTM,AMRO,292,0,0,24,0,0
Guyana,2022-12-19,GUY,AMRO,2,0,0,0,0,0
Honduras,2022-12-19,HND,AMRO,13,0,0,1,0,0
Jamaica,2022-12-19,JAM,AMRO,18,0,0,0,0,0
Martinique,2022-12-19,MTQ,AMRO,1,0,0,0,0,0
Mexico,2022-12-19,MEX,AMRO,3737,0,21,28,0,0
Panama,2022-12-19,PAN,AMRO,81,0,0,4,0,0
Paraguay,2022-12-19,PRY,AMRO,43,0,0,4,0,0
Peru,2022-12-19,PER,AMRO,3681,0,23,25,0,0
Saint Martin,2022-12-19,MAF,AMRO,1,0,0,0,0,0
United States of America,2022-12-19,USA,AMRO,30056,0,53,62,0,0
Uruguay,2022-12-19,URY,AMRO,19,0,0,0,0,0
Venezuela (Bolivarian Republic of),2022-12-19,VEN,AMRO,12,0,0,2,0,0
Andorra,2022-12-20,AND,EURO,4,0,0,0,0,0
Austria,2022-12-20,AUT,EURO,327,0,0,0,0,0
Belgium,2022-12-20,BEL,EURO,790,0,1,0,0,0
Bosnia and Herzegovina,2022-12-20,BIH,EURO,9,0,0,0,0,0
Bulgaria,2022-12-20,BGR,EURO,6,0,0,0,0,0
Croatia,2022-12-20,HRV,EURO,29,0,0,0,0,0
Cyprus,2022-12-20,CYP,EURO,5,0,0,0,0,0
Czechia,2022-12-20,CZE,EURO,71,0,1,0,0,0
Denmark,2022-12-20,DNK,EURO,192,0,0,0,0,0
Estonia,2022-12-20,EST,EURO,11,0,0,0,0,0
Finland,2022-12-20,FIN,EURO,42,0,0,0,0,0
France,2022-12-20,FRA,EURO,4110,0,0,0,0,0
Georgia,2022-12-20,GEO,EURO,2,0,0,0,0,0
Germany,2022-12-20,DEU,EURO,3676,0,0,1,0,0
Gibraltar,2022-12-20,GIB,EURO,6,0,0,0,0,0
Greece,2022-12-20,GRC,EURO,85,0,0,0,0,0
Greenland,2022-12-20,GRL,EURO,2,0,0,0,0,0
Hungary,2022-12-20,HUN,EURO,80,0,0,0,0,0
Iceland,2022-12-20,ISL,EURO,16,0,0,0,0,0
Ireland,2022-12-20,IRL,EURO,225,0,0,0,0,0
Israel,2022-12-20,ISR,EURO,262,0,0,0,0,0
Italy,2022-12-20,ITA,EURO,936,0,0,4,0,0
Latvia,2022-12-20,LVA,EURO,6,0,0,0,0,0
Lithuania,2022-12-20,LTU,EURO,5,0,0,0,0,0
Luxembourg,2022-12-20,LUX,EURO,57,0,0,0,0,0
Malta,2022-12-20,MLT,EURO,33,0,0,0,0,0
Monaco,2022-12-20,MCO,EURO,3,0,0,0,0,0
Montenegro,2022-12-20,MNE,EURO,2,0,0,0,0,0
Netherlands,2022-12-20,NLD,EURO,1256,0,0,0,0,0
Norway,2022-12-20,NOR,EURO,93,0,0,0,0,0
Poland,2022-12-20,POL,EURO,214,0,0,0,0,0
Portugal,2022-12-20,PRT,EURO,948,0,0,0,0,0
Republic of Moldova,2022-12-20,MDA,EURO,2,0,0,0,0,0
Romania,2022-12-20,ROU,EURO,46,0,0,0,0,0
Russian Federation,2022-12-20,RUS,EURO,2,0,0,0,0,0
San Marino,2022-12-20,SMR,EURO,1,0,0,0,0,0
Serbia,2022-12-20,SRB,EURO,40,0,0,0,0,0
Slovakia,2022-12-20,SVK,EURO,14,0,0,0,0,0
Slovenia,2022-12-20,SVN,EURO,47,0,0,0,0,0
Spain,2022-12-20,ESP,EURO,7496,0,3,80,0,0
Sweden,2022-12-20,SWE,EURO,250,0,0,8,0,0
Switzerland,2022-12-20,CHE,EURO,551,0,0,0,0,0
The United Kingdom,2022-12-20,GBR,EURO,3730,0,0,0,0,0
Türkiye,2022-12-20,TUR,EURO,12,0,0,0,0,0
Ukraine,2022-12-20,UKR,EURO,5,0,0,0,0,0
Japan,2022-12-23,JPN,WPRO,8,0,0,1,0,0
Benin,2022-12-25,BEN,AFRO,3,0,0,0,0,0
Cameroon,2022-12-25,CMR,AFRO,18,0,3,0,0,0
Central African Republic,2022-12-25,CAF,AFRO,29,0,0,0,0,0
Congo,2022-12-25,COG,AFRO,5,0,0,0,0,0
Ghana,2022-12-25,GHA,AFRO,122,0,4,5,0,0
Liberia,2022-12-25,LBR,AFRO,6,0,0,0,0,0
Mozambique,2022-12-25,MOZ,AFRO,1,0,1,0,0,0
Nigeria,2022-12-25,NGA,AFRO,762,0,7,3,0,0
South Africa,2022-12-25,ZAF,AFRO,5,0,0,0,0,0
Argentina,2022-12-26,ARG,AMRO,1025,0,2,5,0,0
Aruba,2022-12-26,ABW,AMRO,3,0,0,0,0,0
Bahamas,2022-12-26,BHS,AMRO,2,0,0,0,0,0
Barbados,2022-12-26,BRB,AMRO,1,0,0,0,0,0
Bermuda,2022-12-26,BMU,AMRO,1,0,0,0,0,0
Bolivia (Plurinational State of),2022-12-26,BOL,AMRO,261,0,0,0,0,0
Brazil,2022-12-26,BRA,AMRO,10862,0,14,40,0,0
Canada,2022-12-26,CAN,AMRO,1480,0,0,0,0,0
Chile,2022-12-26,CHL,AMRO,1400,0,2,9,0,0
Colombia,2022-12-26,COL,AMRO,4059,0,0,15,0,0
Costa Rica,2022-12-26,CRI,AMRO,103,0,0,23,0,0
Cuba,2022-12-26,CUB,AMRO,8,0,1,0,0,0
Curaçao,2022-12-26,CUW,AMRO,3,0,0,0,0,0
Dominican Republic,2022-12-26,DOM,AMRO,65,0,1,2,0,0
Ecuador,2022-12-26,ECU,AMRO,465,0,2,3,0,0
El Salvador,2022-12-26,SLV,AMRO,82,0,0,7,0,0
Guadeloupe,2022-12-26,GLP,AMRO,1,0,0,0,0,0
Guatemala,2022-12-26,GTM,AMRO,302,0,0,10,0,0
Guyana,2022-12-26,GUY,AMRO,2,0,0,0,0,0
Honduras,2022-12-26,HND,AMRO,14,0,0,1,0,0
Jamaica,2022-12-26,JAM,AMRO,18,0,0,0,0,0
Martinique,2022-12-26,MTQ,AMRO,1,0,0,0,0,0
Mexico,2022-12-26,MEX,AMRO,3768,0,21,31,0,0
Panama,2022-12-26,PAN,AMRO,89,0,0,8,0,0
Paraguay,2022-12-26,PRY,AMRO,53,0,0,10,0,0
Peru,2022-12-26,PER,AMRO,3699,0,23,18,0,0
Saint Martin,2022-12-26,MAF,AMRO,1,0,0,0,0,0
United States of America,2022-12-26,USA,AMRO,30093,0,53,37,0,0
Uruguay,2022-12-26,URY,AMRO,19,0,0,0,0,0
Venezuela (Bolivarian Republic of),2022-12-26,VEN,AMRO,12,0,0,0,0,0
Andorra,2022-12-27,AND,EURO,4,0,0,0,0,0
Austria,2022-12-27,AUT,EURO,327,0,0,0,0,0
Belgium,2022-12-27,BEL,EURO,790,0,1,0,0,0
Bosnia and Herzegovina,2022-12-27,BIH,EURO,9,0,0,0,0,0
Bulgaria,2022-12-27,BGR,EURO,6,0,0,0,0,0
Croatia,2022-12-27,HRV,EURO,29,0,0,0,0,0
Cyprus,2022-12-27,CYP,EURO,5,0,0,0,0,0
Czechia,2022-12-27,CZE,EURO,71,0,1,0,0,0
Denmark,2022-12-27,DNK,EURO,192,0,0,0,0,0
Estonia,2022-12-27,EST,EURO,11,0,0,0,0,0
Finland,2022-12-27,FIN,EURO,42,0,0,0,0,0
France,2022-12-27,FRA,EURO,4114,0,0,4,0,0
Georgia,2022-12-27,GEO,EURO,2,0,0,0,0,0
Germany,2022-12-27,DEU,EURO,3676,0,0,0,0,0
Gibraltar,2022-12-27,GIB,EURO,6,0,0,0,0,0
Greece,2022-12-27,GRC,EURO,85,0,0,0,0,0
Greenland,2022-12-27,GRL,EURO,2,0,0,0,0,0
Hungary,2022-12-27,HUN,EURO,80,0,0,0,0,0
Iceland,2022-12-27,ISL,EURO,16,0,0,0,0,0
Ireland,2022-12-27,IRL,EURO,225,0,0,0,0,0
Israel,2022-12-27,ISR,EURO,262,0,0,0,0,0
Italy,2022-12-27,ITA,EURO,938,0,0,2,0,0
Latvia,2022-12-27,LVA,EURO,6,0,0,0,0,0
Lithuania,2022-12-27,LTU,EURO,5,0,0,0,0,0
Luxembourg,2022-12-27,LUX,EURO,57,0,0,0,0,0
Malta,2022-12-27,MLT,EURO,33,0,0,0,0,0
Monaco,2022-12-27,MCO,EURO,3,0,0,0,0,0
Montenegro,2022-12-27,MNE,EURO,2,0,0,0,0,0
Netherlands,2022-12-27,NLD,EURO,1256,0,0,0,0,0
Norway,2022-12-27,NOR,EURO,93,0,0,0,0,0
Poland,2022-12-27,POL,EURO,214,0,0,0,0,0
Portugal,2022-12-27,PRT,EURO,948,0,0,0,0,0
Republic of Moldova,2022-12-27,MDA,EURO,2,0,0,0,0,0
Romania,2022-12-27,ROU,EURO,46,0,0,0,0,0
Russian Federation,2022-12-27,RUS,EURO,2,0,0,0,0,0
San Marino,2022-12-27,SMR,EURO,1,0,0,0,0,0
Serbia,2022-12-27,SRB,EURO,40,0,0,0,0,0
Slovakia,2022-12-27,SVK,EURO,14,0,0,0,0,0
Slovenia,2022-12-27,SVN,EURO,47,0,0,0,0,0
Spain,2022-12-27,ESP,EURO,7496,0,3,0,0,0
Sweden,2022-12-27,SWE,EURO,250,0,0,0,0,0
Switzerland,2022-12-27,CHE,EURO,551,0,0,0,0,0
The United Kingdom,2022-12-27,GBR,EURO,3730,0,0,0,0,0
Türkiye,2022-12-27,TUR,EURO,12,0,0,0,0,0
Ukraine,2022-12-27,UKR,EURO,5,0,0,0,0,0
Benin,2023-01-01,BEN,AFRO,3,0,0,0,0,0
Cameroon,2023-01-01,CMR,AFRO,18,0,3,0,0,0
Central African Republic,2023-01-01,CAF,AFRO,30,0,0,1,0,0
Congo,2023-01-01,COG,AFRO,5,0,0,0,0,0
Ghana,2023-01-01,GHA,AFRO,122,0,4,0,0,0
Liberia,2023-01-01,LBR,AFRO,6,0,0,0,0,0
Mozambique,2023-01-01,MOZ,AFRO,1,0,1,0,0,0
Nigeria,2023-01-01,NGA,AFRO,769,0,7,7,0,0
South Africa,2023-01-01,ZAF,AFRO,5,0,0,0,0,0
Argentina,2023-01-02,ARG,AMRO,1036,0,2,11,0,0
Aruba,2023-01-02,ABW,AMRO,3,0,0,0,0,0
Bahamas,2023-01-02,BHS,AMRO,2,0,0,0,0,0
Barbados,2023-01-02,BRB,AMRO,1,0,0,0,0,0
Bermuda,2023-01-02,BMU,AMRO,1,0,0,0,0,0
Bolivia (Plurinational State of),2023-01-02,BOL,AMRO,262,0,0,1,0,0
Brazil,2023-01-02,BRA,AMRO,10924,0,15,62,0,1
Canada,2023-01-02,CAN,AMRO,1481,0,0,1,0,0
Chile,2023-01-02,CHL,AMRO,1411,0,2,11,0,0
Colombia,2023-01-02,COL,AMRO,4066,0,0,7,0,0
Costa Rica,2023-01-02,CRI,AMRO,124,0,0,21,0,0
Cuba,2023-01-02,CUB,AMRO,8,0,1,0,0,0
Curaçao,2023-01-02,CUW,AMRO,3,0,0,0,0,0
Dominican Republic,2023-01-02,DOM,AMRO,65,0,1,0,0,0
Ecuador,2023-01-02,ECU,AMRO,472,0,2,7,0,0
El Salvador,2023-01-02,SLV,AMRO,85,0,0,3,0,0
Guadeloupe,2023-01-02,GLP,AMRO,1,0,0,0,0,0
Guatemala,2023-01-02,GTM,AMRO,322,0,0,20,0,0
Guyana,2023-01-02,GUY,AMRO,2,0,0,0,0,0
Honduras,2023-01-02,HND,AMRO,16,0,0,2,0,0
Jamaica,2023-01-02,JAM,AMRO,18,0,0,0,0,0
Martinique,2023-01-02,MTQ,AMRO,1,0,0,0,0,0
Mexico,2023-01-02,MEX,AMRO,3810,0,23,42,0,2
Panama,2023-01-02,PAN,AMRO,99,0,0,10,0,0
Paraguay,2023-01-02,PRY,AMRO,61,0,0,8,0,0
Peru,2023-01-02,PER,AMRO,3710,0,23,11,0,0
Saint Martin,2023-01-02,MAF,AMRO,1,0,0,0,0,0
United States of America,2023-01-02,USA,AMRO,30140,0,54,47,0,1
Uruguay,2023-01-02,URY,AMRO,19,0,0,0,0,0
Venezuela (Bolivarian Republic of),2023-01-02,VEN,AMRO,12,0,0,0,0,0
Andorra,2023-01-03,AND,EURO,4,0,0,0,0,0
Austria,2023-01-03,AUT,EURO,327,0,0,0,0,0
Belgium,2023-01-03,BEL,EURO,790,0,1,0,0,0
Bosnia and Herzegovina,2023-01-03,BIH,EURO,9,0,0,0,0,0
Bulgaria,2023-01-03,BGR,EURO,6,0,0,0,0,0
Croatia,2023-01-03,HRV,EURO,31,0,0,2,0,0
Cyprus,2023-01-03,CYP,EURO,5,0,0,0,0,0
Czechia,2023-01-03,CZE,EURO,71,0,1,0,0,0
Denmark,2023-01-03,DNK,EURO,192,0,0,0,0,0
Estonia,2023-01-03,EST,EURO,11,0,0,0,0,0
Finland,2023-01-03,FIN,EURO,42,0,0,0,0,0
France,2023-01-03,FRA,EURO,4114,0,0,0,0,0
Georgia,2023-01-03,GEO,EURO,2,0,0,0,0,0
Germany,2023-01-03,DEU,EURO,3677,0,0,1,0,0
Gibraltar,2023-01-03,GIB,EURO,6,0,0,0,0,0
Greece,2023-01-03,GRC,EURO,85,0,0,0,0,0
Greenland,2023-01-03,GRL,EURO,2,0,0,0,0,0
Hungary,2023-01-03,HUN,EURO,80,0,0,0,0,0
Iceland,2023-01-03,ISL,EURO,16,0,0,0,0,0
Ireland,2023-01-03,IRL,EURO,227,0,0,2,0,0
Israel,2023-01-03,ISR,EURO,262,0,0,0,0,0
Italy,2023-01-03,ITA,EURO,951,0,0,13,0,0
Latvia,2023-01-03,LVA,EURO,6,0,0,0,0,0
Lithuania,2023-01-03,LTU,EURO,5,0,0,0,0,0
Luxembourg,2023-01-03,LUX,EURO,57,0,0,0,0,0
Malta,2023-01-03,MLT,EURO,33,0,0,0,0,0
Monaco,2023-01-03,MCO,EURO,3,0,0,0,0,0
Montenegro,2023-01-03,MNE,EURO,2,0,0,0,0,0
Netherlands,2023-01-03,NLD,EURO,1259,0,0,3,0,0
Norway,2023-01-03,NOR,EURO,94,0,0,1,0,0
Poland,2023-01-03,POL,EURO,214,0,0,0,0,0
Portugal,2023-01-03,PRT,EURO,950,0,0,2,0,0
Republic of Moldova,2023-01-03,MDA,EURO,2,0,0,0,0,0
Romania,2023-01-03,ROU,EURO,46,0,0,0,0,0
Russian Federation,2023-01-03,RUS,EURO,2,0,0,0,0,0
San Marino,2023-01-03,SMR,EURO,1,0,0,0,0,0
Serbia,2023-01-03,SRB,EURO,40,0,0,0,0,0
Slovakia,2023-01-03,SVK,EURO,14,0,0,0,0,0
Slovenia,2023-01-03,SVN,EURO,47,0,0,0,0,0
Spain,2023-01-03,ESP,EURO,7500,0,3,4,0,0
Sweden,2023-01-03,SWE,EURO,253,0,0,3,0,0
Switzerland,2023-01-03,CHE,EURO,551,0,0,0,0,0
The United Kingdom,2023-01-03,GBR,EURO,3730,0,0,0,0,0
Türkiye,2023-01-03,TUR,EURO,12,0,0,0,0,0
Ukraine,2023-01-03,UKR,EURO,5,0,0,0,0,0
Andorra,2023-01-06,AND,EURO,4,0,0,0,0,0
Austria,2023-01-06,AUT,EURO,327,0,0,0,0,0
Belgium,2023-01-06,BEL,EURO,790,0,1,0,0,0
Bosnia and Herzegovina,2023-01-06,BIH,EURO,9,0,0,0,0,0
Bulgaria,2023-01-06,BGR,EURO,6,0,0,0,0,0
Croatia,2023-01-06,HRV,EURO,31,0,0,0,0,0
Cyprus,2023-01-06,CYP,EURO,5,0,0,0,0,0
Czechia,2023-01-06,CZE,EURO,71,0,1,0,0,0
Denmark,2023-01-06,DNK,EURO,192,0,0,0,0,0
Estonia,2023-01-06,EST,EURO,11,0,0,0,0,0
Finland,2023-01-06,FIN,EURO,42,0,0,0,0,0
France,2023-01-06,FRA,EURO,4114,0,0,0,0,0
Georgia,2023-01-06,GEO,EURO,2,0,0,0,0,0
Germany,2023-01-06,DEU,EURO,3677,0,0,0,0,0
Gibraltar,2023-01-06,GIB,EURO,6,0,0,0,0,0
Greece,2023-01-06,GRC,EURO,85,0,0,0,0,0
Greenland,2023-01-06,GRL,EURO,2,0,0,0,0,0
Hungary,2023-01-06,HUN,EURO,80,0,0,0,0,0
Iceland,2023-01-06,ISL,EURO,16,0,0,0,0,0
Ireland,2023-01-06,IRL,EURO,227,0,0,0,0,0
Israel,2023-01-06,ISR,EURO,262,0,0,0,0,0
Italy,2023-01-06,ITA,EURO,951,0,0,0,0,0
Latvia,2023-01-06,LVA,EURO,6,0,0,0,0,0
Lithuania,2023-01-06,LTU,EURO,5,0,0,0,0,0
Luxembourg,2023-01-06,LUX,EURO,57,0,0,0,0,0
Malta,2023-01-06,MLT,EURO,33,0,0,0,0,0
Monaco,2023-01-06,MCO,EURO,3,0,0,0,0,0
Montenegro,2023-01-06,MNE,EURO,2,0,0,0,0,0
Netherlands,2023-01-06,NLD,EURO,1259,0,0,0,0,0
Norway,2023-01-06,NOR,EURO,94,0,0,0,0,0
Poland,2023-01-06,POL,EURO,214,0,0,0,0,0
Portugal,2023-01-06,PRT,EURO,950,0,0,0,0,0
Republic of Moldova,2023-01-06,MDA,EURO,2,0,0,0,0,0
Romania,2023-01-06,ROU,EURO,46,0,0,0,0,0
Russian Federation,2023-01-06,RUS,EURO,2,0,0,0,0,0
San Marino,2023-01-06,SMR,EURO,1,0,0,0,0,0
Serbia,2023-01-06,SRB,EURO,40,0,0,0,0,0
Slovakia,2023-01-06,SVK,EURO,14,0,0,0,0,0
Slovenia,2023-01-06,SVN,EURO,47,0,0,0,0,0
Spain,2023-01-06,ESP,EURO,7500,0,3,0,0,0
Sweden,2023-01-06,SWE,EURO,255,0,0,2,0,0
Switzerland,2023-01-06,CHE,EURO,551,0,0,0,0,0
The United Kingdom,2023-01-06,GBR,EURO,3730,0,0,0,0,0
Türkiye,2023-01-06,TUR,EURO,12,0,0,0,0,0
Ukraine,2023-01-06,UKR,EURO,5,0,0,0,0,0
Benin,2023-01-08,BEN,AFRO,3,0,0,0,0,0
Cameroon,2023-01-08,CMR,AFRO,18,0,3,0,0,0
Central African Republic,2023-01-08,CAF,AFRO,32,0,0,2,0,0
Congo,2023-01-08,COG,AFRO,5,0,0,0,0,0
Democratic Republic of the Congo,2023-01-08,COD,AFRO,1,0,0,1,0,0
Ghana,2023-01-08,GHA,AFRO,122,0,4,0,0,0
Liberia,2023-01-08,LBR,AFRO,6,0,0,0,0,0
Nigeria,2023-01-08,NGA,AFRO,772,0,7,3,0,0
South Africa,2023-01-08,ZAF,AFRO,5,0,0,0,0,0
Argentina,2023-01-09,ARG,AMRO,1055,0,2,19,0,0
Aruba,2023-01-09,ABW,AMRO,3,0,0,0,0,0
Bahamas,2023-01-09,BHS,AMRO,2,0,0,0,0,0
Barbados,2023-01-09,BRB,AMRO,1,0,0,0,0,0
Bermuda,2023-01-09,BMU,AMRO,1,0,0,0,0,0
Bolivia (Plurinational State of),2023-01-09,BOL,AMRO,263,0,0,1,0,0
Brazil,2023-01-09,BRA,AMRO,10962,0,15,38,0,0
Canada,2023-01-09,CAN,AMRO,1482,0,0,1,0,0
Chile,2023-01-09,CHL,AMRO,1414,0,2,3,0,0
Colombia,2023-01-09,COL,AMRO,4069,0,0,3,0,0
Costa Rica,2023-01-09,CRI,AMRO,141,0,0,17,0,0
Cuba,2023-01-09,CUB,AMRO,8,0,1,0,0,0
Curaçao,2023-01-09,CUW,AMRO,3,0,0,0,0,0
Dominican Republic,2023-01-09,DOM,AMRO,66,0,1,1,0,0
Ecuador,2023-01-09,ECU,AMRO,488,0,2,16,0,0
El Salvador,2023-01-09,SLV,AMRO,88,0,0,3,0,0
Guadeloupe,2023-01-09,GLP,AMRO,1,0,0,0,0,0
Guatemala,2023-01-09,GTM,AMRO,341,0,0,19,0,0
Guyana,2023-01-09,GUY,AMRO,2,0,0,0,0,0
Honduras,2023-01-09,HND,AMRO,17,0,0,1,0,0
Jamaica,2023-01-09,JAM,AMRO,18,0,0,0,0,0
Martinique,2023-01-09,MTQ,AMRO,7,0,0,6,0,0
Mexico,2023-01-09,MEX,AMRO,3846,0,24,36,0,1
Panama,2023-01-09,PAN,AMRO,107,0,0,8,0,0
Paraguay,2023-01-09,PRY,AMRO,68,0,0,7,0,0
Peru,2023-01-09,PER,AMRO,3721,0,23,11,0,0
Saint Martin,2023-01-09,MAF,AMRO,1,0,0,0,0,0
United States of America,2023-01-09,USA,AMRO,30189,0,55,49,0,1
Uruguay,2023-01-09,URY,AMRO,19,0,0,0,0,0
Venezuela (Bolivarian Republic of),2023-01-09,VEN,AMRO,12,0,0,0,0,0
Andorra,2023-01-10,AND,EURO,4,0,0,0,0,0
Austria,2023-01-10,AUT,EURO,327,0,0,0,0,0
Belgium,2023-01-10,BEL,EURO,790,0,1,0,0,0
Bosnia and Herzegovina,2023-01-10,BIH,EURO,9,0,0,0,0,0
Bulgaria,2023-01-10,BGR,EURO,6,0,0,0,0,0
Croatia,2023-01-10,HRV,EURO,31,0,0,0,0,0
Cyprus,2023-01-10,CYP,EURO,5,0,0,0,0,0
Czechia,2023-01-10,CZE,EURO,71,0,1,0,0,0
Denmark,2023-01-10,DNK,EURO,192,0,0,0,0,0
Estonia,2023-01-10,EST,EURO,11,0,0,0,0,0
Finland,2023-01-10,FIN,EURO,42,0,0,0,0,0
France,2023-01-10,FRA,EURO,4114,0,0,0,0,0
Georgia,2023-01-10,GEO,EURO,2,0,0,0,0,0
Germany,2023-01-10,DEU,EURO,3677,0,0,0,0,0
Gibraltar,2023-01-10,GIB,EURO,6,0,0,0,0,0
Greece,2023-01-10,GRC,EURO,85,0,0,0,0,0
Greenland,2023-01-10,GRL,EURO,2,0,0,0,0,0
Hungary,2023-01-10,HUN,EURO,80,0,0,0,0,0
Iceland,2023-01-10,ISL,EURO,16,0,0,0,0,0
Ireland,2023-01-10,IRL,EURO,227,0,0,0,0,0
Israel,2023-01-10,ISR,EURO,262,0,0,0,0,0
Italy,2023-01-10,ITA,EURO,951,0,0,0,0,0
Latvia,2023-01-10,LVA,EURO,6,0,0,0,0,0
Lithuania,2023-01-10,LTU,EURO,5,0,0,0,0,0
Luxembourg,2023-01-10,LUX,EURO,57,0,0,0,0,0
Malta,2023-01-10,MLT,EURO,33,0,0,0,0,0
Monaco,2023-01-10,MCO,EURO,3,0,0,0,0,0
Montenegro,2023-01-10,MNE,EURO,2,0,0,0,0,0
Mozambique,2023-01-10,MOZ,AFRO,1,0,1,0,0,0
Netherlands,2023-01-10,NLD,EURO,1259,0,0,0,0,0
Norway,2023-01-10,NOR,EURO,94,0,0,0,0,0
Poland,2023-01-10,POL,EURO,214,0,0,0,0,0
Portugal,2023-01-10,PRT,EURO,950,0,0,0,0,0
Republic of Moldova,2023-01-10,MDA,EURO,2,0,0,0,0,0
Romania,2023-01-10,ROU,EURO,46,0,0,0,0,0
Russian Federation,2023-01-10,RUS,EURO,2,0,0,0,0,0
San Marino,2023-01-10,SMR,EURO,1,0,0,0,0,0
Serbia,2023-01-10,SRB,EURO,40,0,0,0,0,0
Slovakia,2023-01-10,SVK,EURO,14,0,0,0,0,0
Slovenia,2023-01-10,SVN,EURO,47,0,0,0,0,0
Spain,2023-01-10,ESP,EURO,7505,0,3,5,0,0
Sweden,2023-01-10,SWE,EURO,255,0,0,0,0,0
Switzerland,2023-01-10,CHE,EURO,551,0,0,0,0,0
The United Kingdom,2023-01-10,GBR,EURO,3730,0,0,0,0,0
Türkiye,2023-01-10,TUR,EURO,12,0,0,0,0,0
Ukraine,2023-01-10,UKR,EURO,5,0,0,0,0,0
United Arab Emirates,2023-01-11,ARE,EMRO,17,0,0,1,0,0
New Zealand,2023-01-12,NZL,WPRO,41,0,0,1,0,0
Andorra,2023-01-13,AND,EURO,4,0,0,0,0,0
Austria,2023-01-13,AUT,EURO,327,0,0,0,0,0
Belgium,2023-01-13,BEL,EURO,790,0,1,0,0,0
Bosnia and Herzegovina,2023-01-13,BIH,EURO,9,0,0,0,0,0
Bulgaria,2023-01-13,BGR,EURO,6,0,0,0,0,0
Croatia,2023-01-13,HRV,EURO,31,0,0,0,0,0
Cyprus,2023-01-13,CYP,EURO,5,0,0,0,0,0
Czechia,2023-01-13,CZE,EURO,71,0,1,0,0,0
Denmark,2023-01-13,DNK,EURO,192,0,0,0,0,0
Estonia,2023-01-13,EST,EURO,11,0,0,0,0,0
Finland,2023-01-13,FIN,EURO,42,0,0,0,0,0
France,2023-01-13,FRA,EURO,4114,0,0,0,0,0
Georgia,2023-01-13,GEO,EURO,2,0,0,0,0,0
Germany,2023-01-13,DEU,EURO,3700,0,0,23,0,0
Gibraltar,2023-01-13,GIB,EURO,6,0,0,0,0,0
Greece,2023-01-13,GRC,EURO,85,0,0,0,0,0
Greenland,2023-01-13,GRL,EURO,2,0,0,0,0,0
Hungary,2023-01-13,HUN,EURO,80,0,0,0,0,0
Iceland,2023-01-13,ISL,EURO,16,0,0,0,0,0
Ireland,2023-01-13,IRL,EURO,227,0,0,0,0,0
Israel,2023-01-13,ISR,EURO,262,0,0,0,0,0
Italy,2023-01-13,ITA,EURO,951,0,0,0,0,0
Latvia,2023-01-13,LVA,EURO,6,0,0,0,0,0
Lithuania,2023-01-13,LTU,EURO,5,0,0,0,0,0
Luxembourg,2023-01-13,LUX,EURO,57,0,0,0,0,0
Malta,2023-01-13,MLT,EURO,33,0,0,0,0,0
Monaco,2023-01-13,MCO,EURO,3,0,0,0,0,0
Montenegro,2023-01-13,MNE,EURO,2,0,0,0,0,0
Netherlands,2023-01-13,NLD,EURO,1260,0,0,1,0,0
Norway,2023-01-13,NOR,EURO,94,0,0,0,0,0
Poland,2023-01-13,POL,EURO,214,0,0,0,0,0
Portugal,2023-01-13,PRT,EURO,950,0,0,0,0,0
Republic of Moldova,2023-01-13,MDA,EURO,2,0,0,0,0,0
Romania,2023-01-13,ROU,EURO,46,0,0,0,0,0
Russian Federation,2023-01-13,RUS,EURO,2,0,0,0,0,0
San Marino,2023-01-13,SMR,EURO,1,0,0,0,0,0
Serbia,2023-01-13,SRB,EURO,40,0,0,0,0,0
Singapore,2023-01-13,SGP,WPRO,21,0,0,2,0,0
Slovakia,2023-01-13,SVK,EURO,14,0,0,0,0,0
Slovenia,2023-01-13,SVN,EURO,47,0,0,0,0,0
Spain,2023-01-13,ESP,EURO,7505,0,3,0,0,0
Sweden,2023-01-13,SWE,EURO,255,0,0,0,0,0
Switzerland,2023-01-13,CHE,EURO,551,0,0,0,0,0
The United Kingdom,2023-01-13,GBR,EURO,3730,0,0,0,0,0
Türkiye,2023-01-13,TUR,EURO,12,0,0,0,0,0
Ukraine,2023-01-13,UKR,EURO,5,0,0,0,0,0
Benin,2023-01-15,BEN,AFRO,3,0,0,0,0,0
Cameroon,2023-01-15,CMR,AFRO,18,0,3,0,0,0
Central African Republic,2023-01-15,CAF,AFRO,34,0,0,2,0,0
Congo,2023-01-15,COG,AFRO,5,0,0,0,0,0
Democratic Republic of the Congo,2023-01-15,COD,AFRO,2,0,0,1,0,0
Ghana,2023-01-15,GHA,AFRO,122,0,4,0,0,0
Liberia,2023-01-15,LBR,AFRO,6,0,0,0,0,0
Mozambique,2023-01-15,MOZ,AFRO,1,0,1,0,0,0
Nigeria,2023-01-15,NGA,AFRO,780,0,8,8,0,1
South Africa,2023-01-15,ZAF,AFRO,5,0,0,0,0,0
Argentina,2023-01-16,ARG,AMRO,1067,0,2,12,0,0
Aruba,2023-01-16,ABW,AMRO,3,0,0,0,0,0
Bahamas,2023-01-16,BHS,AMRO,2,0,0,0,0,0
Barbados,2023-01-16,BRB,AMRO,1,0,0,0,0,0
Bermuda,2023-01-16,BMU,AMRO,1,0,0,0,0,0
Bolivia (Plurinational State of),2023-01-16,BOL,AMRO,263,0,0,0,0,0
Brazil,2023-01-16,BRA,AMRO,10995,0,15,33,0,0
Canada,2023-01-16,CAN,AMRO,1485,0,0,3,0,0
Chile,2023-01-16,CHL,AMRO,1422,0,2,8,0,0
Colombia,2023-01-16,COL,AMRO,4072,0,0,3,0,0
Costa Rica,2023-01-16,CRI,AMRO,153,0,0,12,0,0
Cuba,2023-01-16,CUB,AMRO,8,0,1,0,0,0
Curaçao,2023-01-16,CUW,AMRO,3,0,0,0,0,0
Dominican Republic,2023-01-16,DOM,AMRO,69,0,1,3,0,0
Ecuador,2023-01-16,ECU,AMRO,509,0,2,21,0,0
El Salvador,2023-01-16,SLV,AMRO,92,0,0,4,0,0
Guadeloupe,2023-01-16,GLP,AMRO,1,0,0,0,0,0
Guatemala,2023-01-16,GTM,AMRO,356,0,0,15,0,0
Guyana,2023-01-16,GUY,AMRO,2,0,0,0,0,0
Honduras,2023-01-16,HND,AMRO,17,0,0,0,0,0
Jamaica,2023-01-16,JAM,AMRO,18,0,0,0,0,0
Martinique,2023-01-16,MTQ,AMRO,7,0,0,0,0,0
Mexico,2023-01-16,MEX,AMRO,3869,0,24,23,0,0
Panama,2023-01-16,PAN,AMRO,116,0,0,9,0,0
Paraguay,2023-01-16,PRY,AMRO,79,0,0,11,0,0
Peru,2023-01-16,PER,AMRO,3729,0,23,8,0,0
Saint Martin,2023-01-16,MAF,AMRO,1,0,0,0,0,0
United States of America,2023-01-16,USA,AMRO,30226,0,55,37,0,0
Uruguay,2023-01-16,URY,AMRO,19,0,0,0,0,0
Venezuela (Bolivarian Republic of),2023-01-16,VEN,AMRO,12,0,0,0,0,0
Andorra,2023-01-17,AND,EURO,4,0,0,0,0,0
Austria,2023-01-17,AUT,EURO,327,0,0,0,0,0
Belgium,2023-01-17,BEL,EURO,790,0,1,0,0,0
Bosnia and Herzegovina,2023-01-17,BIH,EURO,9,0,0,0,0,0
Bulgaria,2023-01-17,BGR,EURO,6,0,0,0,0,0
Croatia,2023-01-17,HRV,EURO,33,0,0,2,0,0
Cyprus,2023-01-17,CYP,EURO,5,0,0,0,0,0
Czechia,2023-01-17,CZE,EURO,71,0,1,0,0,0
Denmark,2023-01-17,DNK,EURO,192,0,0,0,0,0
Estonia,2023-01-17,EST,EURO,11,0,0,0,0,0
Finland,2023-01-17,FIN,EURO,42,0,0,0,0,0
France,2023-01-17,FRA,EURO,4114,0,0,0,0,0
Georgia,2023-01-17,GEO,EURO,2,0,0,0,0,0
Germany,2023-01-17,DEU,EURO,3684,0,0,-16,0,0
Gibraltar,2023-01-17,GIB,EURO,6,0,0,0,0,0
Greece,2023-01-17,GRC,EURO,86,0,0,1,0,0
Greenland,2023-01-17,GRL,EURO,2,0,0,0,0,0
Hungary,2023-01-17,HUN,EURO,80,0,0,0,0,0
Iceland,2023-01-17,ISL,EURO,16,0,0,0,0,0
Ireland,2023-01-17,IRL,EURO,227,0,0,0,0,0
Israel,2023-01-17,ISR,EURO,262,0,0,0,0,0
Italy,2023-01-17,ITA,EURO,959,0,0,8,0,0
Latvia,2023-01-17,LVA,EURO,6,0,0,0,0,0
Lithuania,2023-01-17,LTU,EURO,5,0,0,0,0,0
Luxembourg,2023-01-17,LUX,EURO,57,0,0,0,0,0
Malta,2023-01-17,MLT,EURO,33,0,0,0,0,0
Monaco,2023-01-17,MCO,EURO,3,0,0,0,0,0
Montenegro,2023-01-17,MNE,EURO,2,0,0,0,0,0
Netherlands,2023-01-17,NLD,EURO,1260,0,0,0,0,0
Norway,2023-01-17,NOR,EURO,94,0,0,0,0,0
Poland,2023-01-17,POL,EURO,215,0,0,1,0,0
Portugal,2023-01-17,PRT,EURO,950,0,0,0,0,0
Republic of Moldova,2023-01-17,MDA,EURO,2,0,0,0,0,0
Romania,2023-01-17,ROU,EURO,47,0,0,1,0,0
Russian Federation,2023-01-17,RUS,EURO,2,0,0,0,0,0
San Marino,2023-01-17,SMR,EURO,1,0,0,0,0,0
Serbia,2023-01-17,SRB,EURO,40,0,0,0,0,0
Slovakia,2023-01-17,SVK,EURO,14,0,0,0,0,0
Slovenia,2023-01-17,SVN,EURO,47,0,0,0,0,0
Spain,2023-01-17,ESP,EURO,7514,0,3,9,0,0
Sweden,2023-01-17,SWE,EURO,257,0,0,2,0,0
Switzerland,2023-01-17,CHE,EURO,551,0,0,0,0,0
The United Kingdom,2023-01-17,GBR,EURO,3735,0,0,5,0,0
Türkiye,2023-01-17,TUR,EURO,12,0,0,0,0,0
Ukraine,2023-01-17,UKR,EURO,5,0,0,0,0,0
Japan,2023-01-19,JPN,WPRO,9,0,0,1,0,0
Andorra,2023-01-20,AND,EURO,4,0,0,0,0,0
Austria,2023-01-20,AUT,EURO,327,0,0,0,0,0
Belgium,2023-01-20,BEL,EURO,790,0,1,0,0,0
Bosnia and Herzegovina,2023-01-20,BIH,EURO,9,0,0,0,0,0
Bulgaria,2023-01-20,BGR,EURO,6,0,0,0,0,0
Croatia,2023-01-20,HRV,EURO,33,0,0,0,0,0
Cyprus,2023-01-20,CYP,EURO,5,0,0,0,0,0
Czechia,2023-01-20,CZE,EURO,71,0,1,0,0,0
Denmark,2023-01-20,DNK,EURO,192,0,0,0,0,0
Estonia,2023-01-20,EST,EURO,11,0,0,0,0,0
Finland,2023-01-20,FIN,EURO,42,0,0,0,0,0
France,2023-01-20,FRA,EURO,4114,0,0,0,0,0
Georgia,2023-01-20,GEO,EURO,2,0,0,0,0,0
Germany,2023-01-20,DEU,EURO,3689,0,0,5,0,0
Gibraltar,2023-01-20,GIB,EURO,6,0,0,0,0,0
Greece,2023-01-20,GRC,EURO,86,0,0,0,0,0
Greenland,2023-01-20,GRL,EURO,2,0,0,0,0,0
Hungary,2023-01-20,HUN,EURO,80,0,0,0,0,0
Iceland,2023-01-20,ISL,EURO,16,0,0,0,0,0
India,2023-01-20,IND,SEARO,22,0,1,2,0,0
Indonesia,2023-01-20,IDN,SEARO,1,0,0,0,0,0
Ireland,2023-01-20,IRL,EURO,227,0,0,0,0,0
Israel,2023-01-20,ISR,EURO,262,0,0,0,0,0
Italy,2023-01-20,ITA,EURO,954,0,0,-5,0,0
Latvia,2023-01-20,LVA,EURO,6,0,0,0,0,0
Lithuania,2023-01-20,LTU,EURO,5,0,0,0,0,0
Luxembourg,2023-01-20,LUX,EURO,57,0,0,0,0,0
Malta,2023-01-20,MLT,EURO,33,0,0,0,0,0
Monaco,2023-01-20,MCO,EURO,3,0,0,0,0,0
Montenegro,2023-01-20,MNE,EURO,2,0,0,0,0,0
Netherlands,2023-01-20,NLD,EURO,1260,0,0,0,0,0
Norway,2023-01-20,NOR,EURO,94,0,0,0,0,0
Poland,2023-01-20,POL,EURO,215,0,0,0,0,0
Portugal,2023-01-20,PRT,EURO,950,0,0,0,0,0
Republic of Moldova,2023-01-20,MDA,EURO,2,0,0,0,0,0
Romania,2023-01-20,ROU,EURO,47,0,0,0,0,0
Russian Federation,2023-01-20,RUS,EURO,2,0,0,0,0,0
San Marino,2023-01-20,SMR,EURO,1,0,0,0,0,0
Serbia,2023-01-20,SRB,EURO,40,0,0,0,0,0
Slovakia,2023-01-20,SVK,EURO,14,0,0,0,0,0
Slovenia,2023-01-20,SVN,EURO,47,0,0,0,0,0
Spain,2023-01-20,ESP,EURO,7514,0,3,0,0,0
Sri Lanka,2023-01-20,LKA,SEARO,2,0,0,0,0,0
Sweden,2023-01-20,SWE,EURO,257,0,0,0,0,0
Switzerland,2023-01-20,CHE,EURO,551,0,0,0,0,0
Thailand,2023-01-20,THA,SEARO,12,0,0,0,0,0
The United Kingdom,2023-01-20,GBR,EURO,3735,0,0,0,0,0
Türkiye,2023-01-20,TUR,EURO,12,0,0,0,0,0
Ukraine,2023-01-20,UKR,EURO,5,0,0,0,0,0
United Arab Emirates,2023-01-21,ARE,EMRO,18,0,0,1,0,0
Benin,2023-01-22,BEN,AFRO,3,0,0,0,0,0
Cameroon,2023-01-22,CMR,AFRO,18,0,3,0,0,0
Central African Republic,2023-01-22,CAF,AFRO,34,0,0,0,0,0
Congo,2023-01-22,COG,AFRO,5,0,0,0,0,0
Democratic Republic of the Congo,2023-01-22,COD,AFRO,6,0,0,4,0,0
Ghana,2023-01-22,GHA,AFRO,124,0,4,2,0,0
Lebanon,2023-01-22,LBN,EMRO,26,0,0,2,0,0
Liberia,2023-01-22,LBR,AFRO,6,0,0,0,0,0
Mozambique,2023-01-22,MOZ,AFRO,1,0,1,0,0,0
New Zealand,2023-01-22,NZL,WPRO,41,0,0,0,0,0
Nigeria,2023-01-22,NGA,AFRO,790,0,8,10,0,0
South Africa,2023-01-22,ZAF,AFRO,5,0,0,0,0,0
Argentina,2023-01-23,ARG,AMRO,1081,0,2,14,0,0
Aruba,2023-01-23,ABW,AMRO,3,0,0,0,0,0
Bahamas,2023-01-23,BHS,AMRO,2,0,0,0,0,0
Barbados,2023-01-23,BRB,AMRO,1,0,0,0,0,0
Bermuda,2023-01-23,BMU,AMRO,1,0,0,0,0,0
Bolivia (Plurinational State of),2023-01-23,BOL,AMRO,263,0,0,0,0,0
Brazil,2023-01-23,BRA,AMRO,11019,0,15,24,0,0
Canada,2023-01-23,CAN,AMRO,1486,0,0,1,0,0
Chile,2023-01-23,CHL,AMRO,1428,0,2,6,0,0
Colombia,2023-01-23,COL,AMRO,4077,0,0,5,0,0
Costa Rica,2023-01-23,CRI,AMRO,165,0,0,12,0,0
Cuba,2023-01-23,CUB,AMRO,8,0,1,0,0,0
Curaçao,2023-01-23,CUW,AMRO,3,0,0,0,0,0
Dominican Republic,2023-01-23,DOM,AMRO,70,0,1,1,0,0
Ecuador,2023-01-23,ECU,AMRO,518,0,2,9,0,0
El Salvador,2023-01-23,SLV,AMRO,94,0,0,2,0,0
Guadeloupe,2023-01-23,GLP,AMRO,1,0,0,0,0,0
Guatemala,2023-01-23,GTM,AMRO,366,0,0,10,0,0
Guyana,2023-01-23,GUY,AMRO,2,0,0,0,0,0
Honduras,2023-01-23,HND,AMRO,17,0,0,0,0,0
Jamaica,2023-01-23,JAM,AMRO,18,0,0,0,0,0
Martinique,2023-01-23,MTQ,AMRO,7,0,0,0,0,0
Mexico,2023-01-23,MEX,AMRO,3897,0,24,28,0,0
Panama,2023-01-23,PAN,AMRO,132,0,0,16,0,0
Paraguay,2023-01-23,PRY,AMRO,89,0,0,10,0,0
Peru,2023-01-23,PER,AMRO,3738,0,23,9,0,0
Saint Martin,2023-01-23,MAF,AMRO,1,0,0,0,0,0
United States of America,2023-01-23,USA,AMRO,30257,0,55,31,0,0
Uruguay,2023-01-23,URY,AMRO,19,0,0,0,0,0
Venezuela (Bolivarian Republic of),2023-01-23,VEN,AMRO,12,0,0,0,0,0
Andorra,2023-01-24,AND,EURO,4,0,0,0,0,0
Austria,2023-01-24,AUT,EURO,327,0,0,0,0,0
Belgium,2023-01-24,BEL,EURO,790,0,1,0,0,0
Bosnia and Herzegovina,2023-01-24,BIH,EURO,9,0,0,0,0,0
Bulgaria,2023-01-24,BGR,EURO,6,0,0,0,0,0
Croatia,2023-01-24,HRV,EURO,33,0,0,0,0,0
Cyprus,2023-01-24,CYP,EURO,5,0,0,0,0,0
Czechia,2023-01-24,CZE,EURO,71,0,1,0,0,0
Denmark,2023-01-24,DNK,EURO,194,0,0,2,0,0
Estonia,2023-01-24,EST,EURO,11,0,0,0,0,0
Finland,2023-01-24,FIN,EURO,42,0,0,0,0,0
France,2023-01-24,FRA,EURO,4114,0,0,0,0,0
Georgia,2023-01-24,GEO,EURO,2,0,0,0,0,0
Germany,2023-01-24,DEU,EURO,3690,0,0,1,0,0
Gibraltar,2023-01-24,GIB,EURO,6,0,0,0,0,0
Greece,2023-01-24,GRC,EURO,86,0,0,0,0,0
Greenland,2023-01-24,GRL,EURO,2,0,0,0,0,0
Hungary,2023-01-24,HUN,EURO,80,0,0,0,0,0
Iceland,2023-01-24,ISL,EURO,16,0,0,0,0,0
Ireland,2023-01-24,IRL,EURO,228,0,0,1,0,0
Israel,2023-01-24,ISR,EURO,262,0,0,0,0,0
Italy,2023-01-24,ITA,EURO,954,0,0,0,0,0
Latvia,2023-01-24,LVA,EURO,6,0,0,0,0,0
Lithuania,2023-01-24,LTU,EURO,5,0,0,0,0,0
Luxembourg,2023-01-24,LUX,EURO,57,0,0,0,0,0
Malta,2023-01-24,MLT,EURO,33,0,0,0,0,0
Monaco,2023-01-24,MCO,EURO,3,0,0,0,0,0
Montenegro,2023-01-24,MNE,EURO,2,0,0,0,0,0
Netherlands,2023-01-24,NLD,EURO,1260,0,0,0,0,0
Norway,2023-01-24,NOR,EURO,94,0,0,0,0,0
Poland,2023-01-24,POL,EURO,215,0,0,0,0,0
Portugal,2023-01-24,PRT,EURO,950,0,0,0,0,0
Republic of Moldova,2023-01-24,MDA,EURO,2,0,0,0,0,0
Romania,2023-01-24,ROU,EURO,47,0,0,0,0,0
Russian Federation,2023-01-24,RUS,EURO,2,0,0,0,0,0
San Marino,2023-01-24,SMR,EURO,1,0,0,0,0,0
Serbia,2023-01-24,SRB,EURO,40,0,0,0,0,0
Slovakia,2023-01-24,SVK,EURO,14,0,0,0,0,0
Slovenia,2023-01-24,SVN,EURO,47,0,0,0,0,0
Spain,2023-01-24,ESP,EURO,7518,0,3,4,0,0
Sweden,2023-01-24,SWE,EURO,257,0,0,0,0,0
Switzerland,2023-01-24,CHE,EURO,551,0,0,0,0,0
The United Kingdom,2023-01-24,GBR,EURO,3735,0,0,0,0,0
Türkiye,2023-01-24,TUR,EURO,12,0,0,0,0,0
Ukraine,2023-01-24,UKR,EURO,5,0,0,0,0,0
Japan,2023-01-26,JPN,WPRO,11,0,0,2,0,0
Andorra,2023-01-27,AND,EURO,4,0,0,0,0,0
Austria,2023-01-27,AUT,EURO,327,0,0,0,0,0
Belgium,2023-01-27,BEL,EURO,790,0,1,0,0,0
Bosnia and Herzegovina,2023-01-27,BIH,EURO,9,0,0,0,0,0
Bulgaria,2023-01-27,BGR,EURO,6,0,0,0,0,0
Croatia,2023-01-27,HRV,EURO,33,0,0,0,0,0
Cyprus,2023-01-27,CYP,EURO,5,0,0,0,0,0
Czechia,2023-01-27,CZE,EURO,71,0,1,0,0,0
Denmark,2023-01-27,DNK,EURO,194,0,0,0,0,0
Estonia,2023-01-27,EST,EURO,11,0,0,0,0,0
Finland,2023-01-27,FIN,EURO,42,0,0,0,0,0
France,2023-01-27,FRA,EURO,4128,0,0,14,0,0
Georgia,2023-01-27,GEO,EURO,2,0,0,0,0,0
Germany,2023-01-27,DEU,EURO,3692,0,0,2,0,0
Gibraltar,2023-01-27,GIB,EURO,6,0,0,0,0,0
Greece,2023-01-27,GRC,EURO,86,0,0,0,0,0
Greenland,2023-01-27,GRL,EURO,2,0,0,0,0,0
Hungary,2023-01-27,HUN,EURO,80,0,0,0,0,0
Iceland,2023-01-27,ISL,EURO,16,0,0,0,0,0
Ireland,2023-01-27,IRL,EURO,228,0,0,0,0,0
Israel,2023-01-27,ISR,EURO,262,0,0,0,0,0
Italy,2023-01-27,ITA,EURO,954,0,0,0,0,0
Latvia,2023-01-27,LVA,EURO,6,0,0,0,0,0
Lithuania,2023-01-27,LTU,EURO,5,0,0,0,0,0
Luxembourg,2023-01-27,LUX,EURO,57,0,0,0,0,0
Malta,2023-01-27,MLT,EURO,33,0,0,0,0,0
Monaco,2023-01-27,MCO,EURO,3,0,0,0,0,0
Montenegro,2023-01-27,MNE,EURO,2,0,0,0,0,0
Netherlands,2023-01-27,NLD,EURO,1260,0,0,0,0,0
Norway,2023-01-27,NOR,EURO,94,0,0,0,0,0
Poland,2023-01-27,POL,EURO,215,0,0,0,0,0
Portugal,2023-01-27,PRT,EURO,950,0,0,0,0,0
Republic of Moldova,2023-01-27,MDA,EURO,2,0,0,0,0,0
Romania,2023-01-27,ROU,EURO,47,0,0,0,0,0
Russian Federation,2023-01-27,RUS,EURO,2,0,0,0,0,0
San Marino,2023-01-27,SMR,EURO,1,0,0,0,0,0
Serbia,2023-01-27,SRB,EURO,40,0,0,0,0,0
Slovakia,2023-01-27,SVK,EURO,14,0,0,0,0,0
Slovenia,2023-01-27,SVN,EURO,47,0,0,0,0,0
Spain,2023-01-27,ESP,EURO,7518,0,3,0,0,0
Sweden,2023-01-27,SWE,EURO,257,0,0,0,0,0
Switzerland,2023-01-27,CHE,EURO,551,0,0,0,0,0
The United Kingdom,2023-01-27,GBR,EURO,3735,0,0,0,0,0
Türkiye,2023-01-27,TUR,EURO,12,0,0,0,0,0
Ukraine,2023-01-27,UKR,EURO,5,0,0,0,0,0
Benin,2023-01-29,BEN,AFRO,3,0,0,0,0,0
Cameroon,2023-01-29,CMR,AFRO,18,0,3,0,0,0
Central African Republic,2023-01-29,CAF,AFRO,36,0,0,2,0,0
Congo,2023-01-29,COG,AFRO,5,0,0,0,0,0
Democratic Republic of the Congo,2023-01-29,COD,AFRO,7,0,0,1,0,0
Ghana,2023-01-29,GHA,AFRO,124,0,4,0,0,0
Liberia,2023-01-29,LBR,AFRO,7,0,0,1,0,0
Mozambique,2023-01-29,MOZ,AFRO,1,0,1,0,0,0
Nigeria,2023-01-29,NGA,AFRO,793,0,8,3,0,0
South Africa,2023-01-29,ZAF,AFRO,5,0,0,0,0,0
Argentina,2023-01-30,ARG,AMRO,1092,0,2,11,0,0
Aruba,2023-01-30,ABW,AMRO,3,0,0,0,0,0
Bahamas,2023-01-30,BHS,AMRO,2,0,0,0,0,0
Barbados,2023-01-30,BRB,AMRO,1,0,0,0,0,0
Bermuda,2023-01-30,BMU,AMRO,1,0,0,0,0,0
Bolivia (Plurinational State of),2023-01-30,BOL,AMRO,264,0,0,1,0,0
Brazil,2023-01-30,BRA,AMRO,11039,0,15,20,0,0
Canada,2023-01-30,CAN,AMRO,1489,0,0,3,0,0
Chile,2023-01-30,CHL,AMRO,1431,0,2,3,0,0
Colombia,2023-01-30,COL,AMRO,4080,0,0,3,0,0
Costa Rica,2023-01-30,CRI,AMRO,178,0,0,13,0,0
Cuba,2023-01-30,CUB,AMRO,8,0,1,0,0,0
Curaçao,2023-01-30,CUW,AMRO,3,0,0,0,0,0
Dominican Republic,2023-01-30,DOM,AMRO,71,0,1,1,0,0
Ecuador,2023-01-30,ECU,AMRO,524,0,2,6,0,0
El Salvador,2023-01-30,SLV,AMRO,97,0,0,3,0,0
Guadeloupe,2023-01-30,GLP,AMRO,1,0,0,0,0,0
Guatemala,2023-01-30,GTM,AMRO,378,0,1,12,0,1
Guyana,2023-01-30,GUY,AMRO,2,0,0,0,0,0
Honduras,2023-01-30,HND,AMRO,18,0,0,1,0,0
Jamaica,2023-01-30,JAM,AMRO,18,0,0,0,0,0
Martinique,2023-01-30,MTQ,AMRO,7,0,0,0,0,0
Mexico,2023-01-30,MEX,AMRO,3922,0,24,25,0,0
Panama,2023-01-30,PAN,AMRO,141,0,0,9,0,0
Paraguay,2023-01-30,PRY,AMRO,98,0,0,9,0,0
Peru,2023-01-30,PER,AMRO,3750,0,24,12,0,1
Saint Martin,2023-01-30,MAF,AMRO,1,0,0,0,0,0
United States of America,2023-01-30,USA,AMRO,30284,0,55,27,0,0
Uruguay,2023-01-30,URY,AMRO,19,0,0,0,0,0
Venezuela (Bolivarian Republic of),2023-01-30,VEN,AMRO,12,0,0,0,0,0
Andorra,2023-01-31,AND,EURO,4,0,0,0,0,0
Austria,2023-01-31,AUT,EURO,327,0,0,0,0,0
Belgium,2023-01-31,BEL,EURO,793,0,1,3,0,0
Bosnia and Herzegovina,2023-01-31,BIH,EURO,9,0,0,0,0,0
Bulgaria,2023-01-31,BGR,EURO,6,0,0,0,0,0
Croatia,2023-01-31,HRV,EURO,33,0,0,0,0,0
Cyprus,2023-01-31,CYP,EURO,5,0,0,0,0,0
Czechia,2023-01-31,CZE,EURO,71,0,1,0,0,0
Denmark,2023-01-31,DNK,EURO,196,0,0,2,0,0
Estonia,2023-01-31,EST,EURO,11,0,0,0,0,0
Finland,2023-01-31,FIN,EURO,42,0,0,0,0,0
France,2023-01-31,FRA,EURO,4128,0,0,0,0,0
Georgia,2023-01-31,GEO,EURO,2,0,0,0,0,0
Germany,2023-01-31,DEU,EURO,3692,0,0,0,0,0
Gibraltar,2023-01-31,GIB,EURO,6,0,0,0,0,0
Greece,2023-01-31,GRC,EURO,86,0,0,0,0,0
Greenland,2023-01-31,GRL,EURO,2,0,0,0,0,0
Hungary,2023-01-31,HUN,EURO,80,0,0,0,0,0
Iceland,2023-01-31,ISL,EURO,16,0,0,0,0,0
Ireland,2023-01-31,IRL,EURO,228,0,0,0,0,0
Israel,2023-01-31,ISR,EURO,262,0,0,0,0,0
Italy,2023-01-31,ITA,EURO,954,0,0,0,0,0
Japan,2023-01-31,JPN,WPRO,15,0,0,4,0,0
Latvia,2023-01-31,LVA,EURO,6,0,0,0,0,0
Lithuania,2023-01-31,LTU,EURO,5,0,0,0,0,0
Luxembourg,2023-01-31,LUX,EURO,57,0,0,0,0,0
Malta,2023-01-31,MLT,EURO,33,0,0,0,0,0
Monaco,2023-01-31,MCO,EURO,3,0,0,0,0,0
Montenegro,2023-01-31,MNE,EURO,2,0,0,0,0,0
Netherlands,2023-01-31,NLD,EURO,1260,0,0,0,0,0
Norway,2023-01-31,NOR,EURO,95,0,0,1,0,0
Poland,2023-01-31,POL,EURO,215,0,0,0,0,0
Portugal,2023-01-31,PRT,EURO,951,0,0,1,0,0
Republic of Moldova,2023-01-31,MDA,EURO,2,0,0,0,0,0
Romania,2023-01-31,ROU,EURO,47,0,0,0,0,0
Russian Federation,2023-01-31,RUS,EURO,2,0,0,0,0,0
San Marino,2023-01-31,SMR,EURO,1,0,0,0,0,0
Serbia,2023-01-31,SRB,EURO,40,0,0,0,0,0
Slovakia,2023-01-31,SVK,EURO,14,0,0,0,0,0
Slovenia,2023-01-31,SVN,EURO,47,0,0,0,0,0
Spain,2023-01-31,ESP,EURO,7528,0,3,10,0,0
Sweden,2023-01-31,SWE,EURO,260,0,0,3,0,0
Switzerland,2023-01-31,CHE,EURO,551,0,0,0,0,0
The United Kingdom,2023-01-31,GBR,EURO,3735,0,0,0,0,0
Türkiye,2023-01-31,TUR,EURO,12,0,0,0,0,0
Ukraine,2023-01-31,UKR,EURO,5,0,0,0,0,0
India,2023-02-01,IND,SEARO,22,0,1,0,0,0
Indonesia,2023-02-01,IDN,SEARO,1,0,0,0,0,0
Sri Lanka,2023-02-01,LKA,SEARO,2,0,0,0,0,0
Thailand,2023-02-01,THA,SEARO,15,0,0,3,0,0
New Zealand,2023-02-02,NZL,WPRO,42,0,0,1,0,0
Andorra,2023-02-03,AND,EURO,4,0,0,0,0,0
Austria,2023-02-03,AUT,EURO,327,0,0,0,0,0
Belgium,2023-02-03,BEL,EURO,793,0,1,0,0,0
Bosnia and Herzegovina,2023-02-03,BIH,EURO,9,0,0,0,0,0
Bulgaria,2023-02-03,BGR,EURO,6,0,0,0,0,0
Croatia,2023-02-03,HRV,EURO,33,0,0,0,0,0
Cyprus,2023-02-03,CYP,EURO,5,0,0,0,0,0
Czechia,2023-02-03,CZE,EURO,71,0,1,0,0,0
Denmark,2023-02-03,DNK,EURO,196,0,0,0,0,0
Estonia,2023-02-03,EST,EURO,11,0,0,0,0,0
Finland,2023-02-03,FIN,EURO,42,0,0,0,0,0
France,2023-02-03,FRA,EURO,4128,0,0,0,0,0
Georgia,2023-02-03,GEO,EURO,2,0,0,0,0,0
Germany,2023-02-03,DEU,EURO,3692,0,0,0,0,0
Gibraltar,2023-02-03,GIB,EURO,6,0,0,0,0,0
Greece,2023-02-03,GRC,EURO,86,0,0,0,0,0
Greenland,2023-02-03,GRL,EURO,2,0,0,0,0,0
Hungary,2023-02-03,HUN,EURO,80,0,0,0,0,0
Iceland,2023-02-03,ISL,EURO,16,0,0,0,0,0
Ireland,2023-02-03,IRL,EURO,228,0,0,0,0,0
Israel,2023-02-03,ISR,EURO,262,0,0,0,0,0
Italy,2023-02-03,ITA,EURO,955,0,0,1,0,0
Japan,2023-02-03,JPN,WPRO,18,0,0,3,0,0
Latvia,2023-02-03,LVA,EURO,6,0,0,0,0,0
Lithuania,2023-02-03,LTU,EURO,5,0,0,0,0,0
Luxembourg,2023-02-03,LUX,EURO,57,0,0,0,0,0
Malta,2023-02-03,MLT,EURO,33,0,0,0,0,0
Monaco,2023-02-03,MCO,EURO,3,0,0,0,0,0
Montenegro,2023-02-03,MNE,EURO,2,0,0,0,0,0
Netherlands,2023-02-03,NLD,EURO,1260,0,0,0,0,0
Norway,2023-02-03,NOR,EURO,95,0,0,0,0,0
Poland,2023-02-03,POL,EURO,215,0,0,0,0,0
Portugal,2023-02-03,PRT,EURO,951,0,0,0,0,0
Republic of Moldova,2023-02-03,MDA,EURO,2,0,0,0,0,0
Romania,2023-02-03,ROU,EURO,47,0,0,0,0,0
Russian Federation,2023-02-03,RUS,EURO,2,0,0,0,0,0
San Marino,2023-02-03,SMR,EURO,1,0,0,0,0,0
Serbia,2023-02-03,SRB,EURO,40,0,0,0,0,0
Slovakia,2023-02-03,SVK,EURO,14,0,0,0,0,0
Slovenia,2023-02-03,SVN,EURO,47,0,0,0,0,0
Spain,2023-02-03,ESP,EURO,7528,0,3,0,0,0
Sweden,2023-02-03,SWE,EURO,260,0,0,0,0,0
Switzerland,2023-02-03,CHE,EURO,551,0,0,0,0,0
The United Kingdom,2023-02-03,GBR,EURO,3735,0,0,0,0,0
Türkiye,2023-02-03,TUR,EURO,12,0,0,0,0,0
Ukraine,2023-02-03,UKR,EURO,5,0,0,0,0,0
China,2023-02-04,CHN,WPRO,7,0,0,1,0,0
Mozambique,2023-02-04,MOZ,AFRO,1,0,1,0,0,0
Benin,2023-02-05,BEN,AFRO,3,0,0,0,0,0
Cameroon,2023-02-05,CMR,AFRO,18,0,3,0,0,0
Central African Republic,2023-02-05,CAF,AFRO,36,0,0,0,0,0
Congo,2023-02-05,COG,AFRO,5,0,0,0,0,0
Democratic Republic of the Congo,2023-02-05,COD,AFRO,7,0,0,0,0,0
Ghana,2023-02-05,GHA,AFRO,124,0,4,0,0,0
Liberia,2023-02-05,LBR,AFRO,7,0,0,0,0,0
Nigeria,2023-02-05,NGA,AFRO,799,0,8,6,0,0
South Africa,2023-02-05,ZAF,AFRO,5,0,0,0,0,0
Argentina,2023-02-06,ARG,AMRO,1098,0,2,6,0,0
Aruba,2023-02-06,ABW,AMRO,3,0,0,0,0,0
Bahamas,2023-02-06,BHS,AMRO,2,0,0,0,0,0
Barbados,2023-02-06,BRB,AMRO,1,0,0,0,0,0
Bermuda,2023-02-06,BMU,AMRO,1,0,0,0,0,0
Bolivia (Plurinational State of),2023-02-06,BOL,AMRO,264,0,0,0,0,0
Brazil,2023-02-06,BRA,AMRO,11052,0,15,13,0,0
Canada,2023-02-06,CAN,AMRO,1491,0,0,2,0,0
Chile,2023-02-06,CHL,AMRO,1436,0,2,5,0,0
Colombia,2023-02-06,COL,AMRO,4081,0,0,1,0,0
Costa Rica,2023-02-06,CRI,AMRO,191,0,0,13,0,0
Cuba,2023-02-06,CUB,AMRO,8,0,1,0,0,0
Curaçao,2023-02-06,CUW,AMRO,3,0,0,0,0,0
Dominican Republic,2023-02-06,DOM,AMRO,71,0,1,0,0,0
Ecuador,2023-02-06,ECU,AMRO,526,0,2,2,0,0
El Salvador,2023-02-06,SLV,AMRO,100,0,0,3,0,0
Guadeloupe,2023-02-06,GLP,AMRO,1,0,0,0,0,0
Guatemala,2023-02-06,GTM,AMRO,386,0,1,8,0,0
Guyana,2023-02-06,GUY,AMRO,2,0,0,0,0,0
Honduras,2023-02-06,HND,AMRO,20,0,0,2,0,0
Jamaica,2023-02-06,JAM,AMRO,18,0,0,0,0,0
Martinique,2023-02-06,MTQ,AMRO,7,0,0,0,0,0
Mexico,2023-02-06,MEX,AMRO,3941,0,25,19,0,1
Panama,2023-02-06,PAN,AMRO,152,0,0,11,0,0
Paraguay,2023-02-06,PRY,AMRO,101,0,0,3,0,0
Peru,2023-02-06,PER,AMRO,3757,0,24,7,0,0
Saint Martin,2023-02-06,MAF,AMRO,1,0,0,0,0,0
United States of America,2023-02-06,USA,AMRO,30298,0,55,14,0,0
Uruguay,2023-02-06,URY,AMRO,19,0,0,0,0,0
Venezuela (Bolivarian Republic of),2023-02-06,VEN,AMRO,12,0,0,0,0,0
Andorra,2023-02-07,AND,EURO,4,0,0,0,0,0
Austria,2023-02-07,AUT,EURO,327,0,0,0,0,0
Belgium,2023-02-07,BEL,EURO,793,0,1,0,0,0
Bosnia and Herzegovina,2023-02-07,BIH,EURO,9,0,0,0,0,0
Bulgaria,2023-02-07,BGR,EURO,6,0,0,0,0,0
Croatia,2023-02-07,HRV,EURO,33,0,0,0,0,0
Cyprus,2023-02-07,CYP,EURO,5,0,0,0,0,0
Czechia,2023-02-07,CZE,EURO,71,0,1,0,0,0
Denmark,2023-02-07,DNK,EURO,196,0,0,0,0,0
Estonia,2023-02-07,EST,EURO,11,0,0,0,0,0
Finland,2023-02-07,FIN,EURO,42,0,0,0,0,0
France,2023-02-07,FRA,EURO,4128,0,0,0,0,0
Georgia,2023-02-07,GEO,EURO,2,0,0,0,0,0
Germany,2023-02-07,DEU,EURO,3692,0,0,0,0,0
Gibraltar,2023-02-07,GIB,EURO,6,0,0,0,0,0
Greece,2023-02-07,GRC,EURO,86,0,0,0,0,0
Greenland,2023-02-07,GRL,EURO,2,0,0,0,0,0
Hungary,2023-02-07,HUN,EURO,80,0,0,0,0,0
Iceland,2023-02-07,ISL,EURO,16,0,0,0,0,0
Ireland,2023-02-07,IRL,EURO,228,0,0,0,0,0
Israel,2023-02-07,ISR,EURO,262,0,0,0,0,0
Italy,2023-02-07,ITA,EURO,955,0,0,0,0,0
Latvia,2023-02-07,LVA,EURO,6,0,0,0,0,0
Lithuania,2023-02-07,LTU,EURO,5,0,0,0,0,0
Luxembourg,2023-02-07,LUX,EURO,57,0,0,0,0,0
Malta,2023-02-07,MLT,EURO,33,0,0,0,0,0
Monaco,2023-02-07,MCO,EURO,3,0,0,0,0,0
Montenegro,2023-02-07,MNE,EURO,2,0,0,0,0,0
Mozambique,2023-02-07,MOZ,AFRO,1,0,1,0,0,0
Netherlands,2023-02-07,NLD,EURO,1260,0,0,0,0,0
Norway,2023-02-07,NOR,EURO,95,0,0,0,0,0
Poland,2023-02-07,POL,EURO,215,0,0,0,0,0
Portugal,2023-02-07,PRT,EURO,951,0,0,0,0,0
Republic of Moldova,2023-02-07,MDA,EURO,2,0,0,0,0,0
Romania,2023-02-07,ROU,EURO,47,0,0,0,0,0
Russian Federation,2023-02-07,RUS,EURO,2,0,0,0,0,0
San Marino,2023-02-07,SMR,EURO,1,0,0,0,0,0
Serbia,2023-02-07,SRB,EURO,40,0,0,0,0,0
Slovakia,2023-02-07,SVK,EURO,14,0,0,0,0,0
Slovenia,2023-02-07,SVN,EURO,47,0,0,0,0,0
Spain,2023-02-07,ESP,EURO,7533,0,3,5,0,0
Sweden,2023-02-07,SWE,EURO,260,0,0,0,0,0
Switzerland,2023-02-07,CHE,EURO,551,0,0,0,0,0
The United Kingdom,2023-02-07,GBR,EURO,3735,0,0,0,0,0
Türkiye,2023-02-07,TUR,EURO,12,0,0,0,0,0
Ukraine,2023-02-07,UKR,EURO,5,0,0,0,0,0
Japan,2023-02-09,JPN,WPRO,19,0,0,1,0,0
Andorra,2023-02-10,AND,EURO,4,0,0,0,0,0
Austria,2023-02-10,AUT,EURO,327,0,0,0,0,0
Belgium,2023-02-10,BEL,EURO,793,0,1,0,0,0
Bosnia and Herzegovina,2023-02-10,BIH,EURO,9,0,0,0,0,0
Bulgaria,2023-02-10,BGR,EURO,6,0,0,0,0,0
Croatia,2023-02-10,HRV,EURO,33,0,0,0,0,0
Cyprus,2023-02-10,CYP,EURO,5,0,0,0,0,0
Czechia,2023-02-10,CZE,EURO,71,0,1,0,0,0
Denmark,2023-02-10,DNK,EURO,196,0,0,0,0,0
Estonia,2023-02-10,EST,EURO,11,0,0,0,0,0
Finland,2023-02-10,FIN,EURO,42,0,0,0,0,0
France,2023-02-10,FRA,EURO,4128,0,0,0,0,0
Georgia,2023-02-10,GEO,EURO,2,0,0,0,0,0
Germany,2023-02-10,DEU,EURO,3692,0,0,0,0,0
Gibraltar,2023-02-10,GIB,EURO,6,0,0,0,0,0
Greece,2023-02-10,GRC,EURO,86,0,0,0,0,0
Greenland,2023-02-10,GRL,EURO,2,0,0,0,0,0
Hungary,2023-02-10,HUN,EURO,80,0,0,0,0,0
Iceland,2023-02-10,ISL,EURO,16,0,0,0,0,0
Ireland,2023-02-10,IRL,EURO,228,0,0,0,0,0
Israel,2023-02-10,ISR,EURO,262,0,0,0,0,0
Italy,2023-02-10,ITA,EURO,957,0,0,2,0,0
Latvia,2023-02-10,LVA,EURO,6,0,0,0,0,0
Lithuania,2023-02-10,LTU,EURO,5,0,0,0,0,0
Luxembourg,2023-02-10,LUX,EURO,57,0,0,0,0,0
Malta,2023-02-10,MLT,EURO,33,0,0,0,0,0
Monaco,2023-02-10,MCO,EURO,3,0,0,0,0,0
Montenegro,2023-02-10,MNE,EURO,2,0,0,0,0,0
Netherlands,2023-02-10,NLD,EURO,1260,0,0,0,0,0
Norway,2023-02-10,NOR,EURO,95,0,0,0,0,0
Poland,2023-02-10,POL,EURO,215,0,0,0,0,0
Portugal,2023-02-10,PRT,EURO,951,0,0,0,0,0
Republic of Moldova,2023-02-10,MDA,EURO,2,0,0,0,0,0
Romania,2023-02-10,ROU,EURO,47,0,0,0,0,0
Russian Federation,2023-02-10,RUS,EURO,2,0,0,0,0,0
San Marino,2023-02-10,SMR,EURO,1,0,0,0,0,0
Serbia,2023-02-10,SRB,EURO,40,0,0,0,0,0
Slovakia,2023-02-10,SVK,EURO,14,0,0,0,0,0
Slovenia,2023-02-10,SVN,EURO,47,0,0,0,0,0
Spain,2023-02-10,ESP,EURO,7533,0,3,0,0,0
Sweden,2023-02-10,SWE,EURO,260,0,0,0,0,0
Switzerland,2023-02-10,CHE,EURO,551,0,0,0,0,0
The United Kingdom,2023-02-10,GBR,EURO,3735,0,0,0,0,0
Türkiye,2023-02-10,TUR,EURO,12,0,0,0,0,0
Ukraine,2023-02-10,UKR,EURO,5,0,0,0,0,0
Benin,2023-02-12,BEN,AFRO,3,0,0,0,0,0
Cameroon,2023-02-12,CMR,AFRO,18,0,3,0,0,0
Central African Republic,2023-02-12,CAF,AFRO,38,0,1,2,0,1
Congo,2023-02-12,COG,AFRO,5,0,0,0,0,0
Democratic Republic of the Congo,2023-02-12,COD,AFRO,7,0,0,0,0,0
Ghana,2023-02-12,GHA,AFRO,124,0,4,0,0,0
Liberia,2023-02-12,LBR,AFRO,7,0,0,0,0,0
Nigeria,2023-02-12,NGA,AFRO,803,0,8,4,0,0
South Africa,2023-02-12,ZAF,AFRO,5,0,0,0,0,0
Argentina,2023-02-13,ARG,AMRO,1102,0,2,4,0,0
Aruba,2023-02-13,ABW,AMRO,3,0,0,0,0,0
Bahamas,2023-02-13,BHS,AMRO,2,0,0,0,0,0
Barbados,2023-02-13,BRB,AMRO,1,0,0,0,0,0
Bermuda,2023-02-13,BMU,AMRO,1,0,0,0,0,0
Bolivia (Plurinational State of),2023-02-13,BOL,AMRO,264,0,0,0,0,0
Brazil,2023-02-13,BRA,AMRO,11060,0,15,8,0,0
Canada,2023-02-13,CAN,AMRO,1494,0,0,3,0,0
Chile,2023-02-13,CHL,AMRO,1439,0,2,3,0,0
Colombia,2023-02-13,COL,AMRO,4086,0,0,5,0,0
Costa Rica,2023-02-13,CRI,AMRO,203,0,0,12,0,0
Cuba,2023-02-13,CUB,AMRO,8,0,1,0,0,0
Curaçao,2023-02-13,CUW,AMRO,3,0,0,0,0,0
Dominican Republic,2023-02-13,DOM,AMRO,71,0,1,0,0,0
Ecuador,2023-02-13,ECU,AMRO,535,0,2,9,0,0
El Salvador,2023-02-13,SLV,AMRO,101,0,0,1,0,0
Guadeloupe,2023-02-13,GLP,AMRO,1,0,0,0,0,0
Guatemala,2023-02-13,GTM,AMRO,390,0,1,4,0,0
Guyana,2023-02-13,GUY,AMRO,2,0,0,0,0,0
Honduras,2023-02-13,HND,AMRO,22,0,0,2,0,0
Jamaica,2023-02-13,JAM,AMRO,18,0,0,0,0,0
Martinique,2023-02-13,MTQ,AMRO,7,0,0,0,0,0
Mexico,2023-02-13,MEX,AMRO,3964,0,26,23,0,1
Panama,2023-02-13,PAN,AMRO,167,0,0,15,0,0
Paraguay,2023-02-13,PRY,AMRO,107,0,0,6,0,0
Peru,2023-02-13,PER,AMRO,3766,0,24,9,0,0
Saint Martin,2023-02-13,MAF,AMRO,1,0,0,0,0,0
United States of America,2023-02-13,USA,AMRO,30315,0,55,17,0,0
Uruguay,2023-02-13,URY,AMRO,19,0,0,0,0,0
Venezuela (Bolivarian Republic of),2023-02-13,VEN,AMRO,12,0,0,0,0,0
Andorra,2023-02-14,AND,EURO,4,0,0,0,0,0
Austria,2023-02-14,AUT,EURO,327,0,0,0,0,0
Belgium,2023-02-14,BEL,EURO,793,0,1,0,0,0
Bosnia and Herzegovina,2023-02-14,BIH,EURO,9,0,0,0,0,0
Bulgaria,2023-02-14,BGR,EURO,6,0,0,0,0,0
Croatia,2023-02-14,HRV,EURO,33,0,0,0,0,0
Cyprus,2023-02-14,CYP,EURO,5,0,0,0,0,0
Czechia,2023-02-14,CZE,EURO,71,0,1,0,0,0
Denmark,2023-02-14,DNK,EURO,196,0,0,0,0,0
Estonia,2023-02-14,EST,EURO,11,0,0,0,0,0
Finland,2023-02-14,FIN,EURO,42,0,0,0,0,0
France,2023-02-14,FRA,EURO,4128,0,0,0,0,0
Georgia,2023-02-14,GEO,EURO,2,0,0,0,0,0
Germany,2023-02-14,DEU,EURO,3692,0,0,0,0,0
Gibraltar,2023-02-14,GIB,EURO,6,0,0,0,0,0
Greece,2023-02-14,GRC,EURO,86,0,0,0,0,0
Greenland,2023-02-14,GRL,EURO,2,0,0,0,0,0
Hungary,2023-02-14,HUN,EURO,80,0,0,0,0,0
Iceland,2023-02-14,ISL,EURO,16,0,0,0,0,0
Ireland,2023-02-14,IRL,EURO,228,0,0,0,0,0
Israel,2023-02-14,ISR,EURO,262,0,0,0,0,0
Italy,2023-02-14,ITA,EURO,959,0,0,2,0,0
Japan,2023-02-14,JPN,WPRO,20,0,0,1,0,0
Latvia,2023-02-14,LVA,EURO,6,0,0,0,0,0
Lithuania,2023-02-14,LTU,EURO,5,0,0,0,0,0
Luxembourg,2023-02-14,LUX,EURO,57,0,0,0,0,0
Malta,2023-02-14,MLT,EURO,33,0,0,0,0,0
Monaco,2023-02-14,MCO,EURO,3,0,0,0,0,0
Montenegro,2023-02-14,MNE,EURO,2,0,0,0,0,0
Netherlands,2023-02-14,NLD,EURO,1260,0,0,0,0,0
Norway,2023-02-14,NOR,EURO,95,0,0,0,0,0
Poland,2023-02-14,POL,EURO,215,0,0,0,0,0
Portugal,2023-02-14,PRT,EURO,951,0,0,0,0,0
Republic of Moldova,2023-02-14,MDA,EURO,2,0,0,0,0,0
Romania,2023-02-14,ROU,EURO,47,0,0,0,0,0
Russian Federation,2023-02-14,RUS,EURO,2,0,0,0,0,0
San Marino,2023-02-14,SMR,EURO,1,0,0,0,0,0
Serbia,2023-02-14,SRB,EURO,40,0,0,0,0,0
Slovakia,2023-02-14,SVK,EURO,14,0,0,0,0,0
Slovenia,2023-02-14,SVN,EURO,47,0,0,0,0,0
Spain,2023-02-14,ESP,EURO,7538,0,3,5,0,0
Sweden,2023-02-14,SWE,EURO,260,0,0,0,0,0
Switzerland,2023-02-14,CHE,EURO,551,0,0,0,0,0
The United Kingdom,2023-02-14,GBR,EURO,3735,0,0,0,0,0
Türkiye,2023-02-14,TUR,EURO,12,0,0,0,0,0
Ukraine,2023-02-14,UKR,EURO,5,0,0,0,0,0
United Arab Emirates,2023-02-15,ARE,EMRO,19,0,0,1,0,0
Andorra,2023-02-17,AND,EURO,4,0,0,0,0,0
Austria,2023-02-17,AUT,EURO,327,0,0,0,0,0
Belgium,2023-02-17,BEL,EURO,793,0,1,0,0,0
Bosnia and Herzegovina,2023-02-17,BIH,EURO,9,0,0,0,0,0
Bulgaria,2023-02-17,BGR,EURO,6,0,0,0,0,0
Croatia,2023-02-17,HRV,EURO,33,0,0,0,0,0
Cyprus,2023-02-17,CYP,EURO,5,0,0,0,0,0
Czechia,2023-02-17,CZE,EURO,71,0,1,0,0,0
Denmark,2023-02-17,DNK,EURO,196,0,0,0,0,0
Estonia,2023-02-17,EST,EURO,11,0,0,0,0,0
Finland,2023-02-17,FIN,EURO,42,0,0,0,0,0
France,2023-02-17,FRA,EURO,4128,0,0,0,0,0
Georgia,2023-02-17,GEO,EURO,2,0,0,0,0,0
Germany,2023-02-17,DEU,EURO,3692,0,0,0,0,0
Gibraltar,2023-02-17,GIB,EURO,6,0,0,0,0,0
Greece,2023-02-17,GRC,EURO,86,0,0,0,0,0
Greenland,2023-02-17,GRL,EURO,2,0,0,0,0,0
Hungary,2023-02-17,HUN,EURO,80,0,0,0,0,0
Iceland,2023-02-17,ISL,EURO,16,0,0,0,0,0
Ireland,2023-02-17,IRL,EURO,228,0,0,0,0,0
Israel,2023-02-17,ISR,EURO,262,0,0,0,0,0
Italy,2023-02-17,ITA,EURO,957,0,0,-2,0,0
Latvia,2023-02-17,LVA,EURO,6,0,0,0,0,0
Lithuania,2023-02-17,LTU,EURO,5,0,0,0,0,0
Luxembourg,2023-02-17,LUX,EURO,57,0,0,0,0,0
Malta,2023-02-17,MLT,EURO,33,0,0,0,0,0
Monaco,2023-02-17,MCO,EURO,3,0,0,0,0,0
Montenegro,2023-02-17,MNE,EURO,2,0,0,0,0,0
Netherlands,2023-02-17,NLD,EURO,1261,0,0,1,0,0
Norway,2023-02-17,NOR,EURO,95,0,0,0,0,0
Poland,2023-02-17,POL,EURO,215,0,0,0,0,0
Portugal,2023-02-17,PRT,EURO,951,0,0,0,0,0
Republic of Moldova,2023-02-17,MDA,EURO,2,0,0,0,0,0
Romania,2023-02-17,ROU,EURO,47,0,0,0,0,0
Russian Federation,2023-02-17,RUS,EURO,2,0,0,0,0,0
San Marino,2023-02-17,SMR,EURO,1,0,0,0,0,0
Serbia,2023-02-17,SRB,EURO,40,0,0,0,0,0
Slovakia,2023-02-17,SVK,EURO,14,0,0,0,0,0
Slovenia,2023-02-17,SVN,EURO,47,0,0,0,0,0
Spain,2023-02-17,ESP,EURO,7538,0,3,0,0,0
Sweden,2023-02-17,SWE,EURO,260,0,0,0,0,0
Switzerland,2023-02-17,CHE,EURO,551,0,0,0,0,0
The United Kingdom,2023-02-17,GBR,EURO,3735,0,0,0,0,0
Türkiye,2023-02-17,TUR,EURO,12,0,0,0,0,0
Ukraine,2023-02-17,UKR,EURO,5,0,0,0,0,0
Benin,2023-02-19,BEN,AFRO,3,0,0,0,0,0
Cameroon,2023-02-19,CMR,AFRO,18,0,3,0,0,0
Central African Republic,2023-02-19,CAF,AFRO,40,0,1,2,0,0
Congo,2023-02-19,COG,AFRO,5,0,0,0,0,0
Democratic Republic of the Congo,2023-02-19,COD,AFRO,7,0,0,0,0,0
Ghana,2023-02-19,GHA,AFRO,124,0,4,0,0,0
Liberia,2023-02-19,LBR,AFRO,8,0,0,1,0,0
Mozambique,2023-02-19,MOZ,AFRO,1,0,1,0,0,0
Nigeria,2023-02-19,NGA,AFRO,807,0,8,4,0,0
South Africa,2023-02-19,ZAF,AFRO,5,0,0,0,0,0
Argentina,2023-02-20,ARG,AMRO,1108,0,2,6,0,0
Aruba,2023-02-20,ABW,AMRO,3,0,0,0,0,0
Bahamas,2023-02-20,BHS,AMRO,2,0,0,0,0,0
Barbados,2023-02-20,BRB,AMRO,1,0,0,0,0,0
Bermuda,2023-02-20,BMU,AMRO,1,0,0,0,0,0
Bolivia (Plurinational State of),2023-02-20,BOL,AMRO,265,0,0,1,0,0
Brazil,2023-02-20,BRA,AMRO,11072,0,15,12,0,0
Canada,2023-02-20,CAN,AMRO,1495,0,0,1,0,0
Chile,2023-02-20,CHL,AMRO,1441,0,2,2,0,0
Colombia,2023-02-20,COL,AMRO,4088,0,0,2,0,0
Costa Rica,2023-02-20,CRI,AMRO,208,0,1,5,0,1
Cuba,2023-02-20,CUB,AMRO,8,0,1,0,0,0
Curaçao,2023-02-20,CUW,AMRO,3,0,0,0,0,0
Dominican Republic,2023-02-20,DOM,AMRO,71,0,1,0,0,0
Ecuador,2023-02-20,ECU,AMRO,541,0,2,6,0,0
El Salvador,2023-02-20,SLV,AMRO,103,0,0,2,0,0
Guadeloupe,2023-02-20,GLP,AMRO,1,0,0,0,0,0
Guatemala,2023-02-20,GTM,AMRO,394,0,1,4,0,0
Guyana,2023-02-20,GUY,AMRO,2,0,0,0,0,0
Honduras,2023-02-20,HND,AMRO,25,0,0,3,0,0
Jamaica,2023-02-20,JAM,AMRO,19,0,0,1,0,0
Martinique,2023-02-20,MTQ,AMRO,7,0,0,0,0,0
Mexico,2023-02-20,MEX,AMRO,3974,0,26,10,0,0
Panama,2023-02-20,PAN,AMRO,177,0,0,10,0,0
Paraguay,2023-02-20,PRY,AMRO,111,0,0,4,0,0
Peru,2023-02-20,PER,AMRO,3776,0,24,10,0,0
Saint Martin,2023-02-20,MAF,AMRO,1,0,0,0,0,0
United States of America,2023-02-20,USA,AMRO,30327,0,55,12,0,0
Uruguay,2023-02-20,URY,AMRO,19,0,0,0,0,0
Venezuela (Bolivarian Republic of),2023-02-20,VEN,AMRO,12,0,0,0,0,0
Andorra,2023-02-21,AND,EURO,4,0,0,0,0,0
Austria,2023-02-21,AUT,EURO,327,0,0,0,0,0
Belgium,2023-02-21,BEL,EURO,793,0,1,0,0,0
Bosnia and Herzegovina,2023-02-21,BIH,EURO,9,0,0,0,0,0
Bulgaria,2023-02-21,BGR,EURO,6,0,0,0,0,0
Croatia,2023-02-21,HRV,EURO,33,0,0,0,0,0
Cyprus,2023-02-21,CYP,EURO,5,0,0,0,0,0
Czechia,2023-02-21,CZE,EURO,71,0,1,0,0,0
Denmark,2023-02-21,DNK,EURO,196,0,0,0,0,0
Estonia,2023-02-21,EST,EURO,11,0,0,0,0,0
Finland,2023-02-21,FIN,EURO,42,0,0,0,0,0
France,2023-02-21,FRA,EURO,4128,0,0,0,0,0
Georgia,2023-02-21,GEO,EURO,2,0,0,0,0,0
Germany,2023-02-21,DEU,EURO,3692,0,0,0,0,0
Gibraltar,2023-02-21,GIB,EURO,6,0,0,0,0,0
Greece,2023-02-21,GRC,EURO,86,0,0,0,0,0
Greenland,2023-02-21,GRL,EURO,2,0,0,0,0,0
Hungary,2023-02-21,HUN,EURO,80,0,0,0,0,0
Iceland,2023-02-21,ISL,EURO,16,0,0,0,0,0
Ireland,2023-02-21,IRL,EURO,228,0,0,0,0,0
Israel,2023-02-21,ISR,EURO,262,0,0,0,0,0
Italy,2023-02-21,ITA,EURO,957,0,0,0,0,0
Latvia,2023-02-21,LVA,EURO,6,0,0,0,0,0
Lithuania,2023-02-21,LTU,EURO,5,0,0,0,0,0
Luxembourg,2023-02-21,LUX,EURO,57,0,0,0,0,0
Malta,2023-02-21,MLT,EURO,33,0,0,0,0,0
Monaco,2023-02-21,MCO,EURO,3,0,0,0,0,0
Montenegro,2023-02-21,MNE,EURO,2,0,0,0,0,0
Netherlands,2023-02-21,NLD,EURO,1261,0,0,0,0,0
Norway,2023-02-21,NOR,EURO,95,0,0,0,0,0
Poland,2023-02-21,POL,EURO,215,0,0,0,0,0
Portugal,2023-02-21,PRT,EURO,951,0,0,0,0,0
Republic of Moldova,2023-02-21,MDA,EURO,2,0,0,0,0,0
Romania,2023-02-21,ROU,EURO,47,0,0,0,0,0
Russian Federation,2023-02-21,RUS,EURO,2,0,0,0,0,0
San Marino,2023-02-21,SMR,EURO,1,0,0,0,0,0
Serbia,2023-02-21,SRB,EURO,40,0,0,0,0,0
Slovakia,2023-02-21,SVK,EURO,14,0,0,0,0,0
Slovenia,2023-02-21,SVN,EURO,47,0,0,0,0,0
Spain,2023-02-21,ESP,EURO,7543,0,3,5,0,0
Sweden,2023-02-21,SWE,EURO,260,0,0,0,0,0
Switzerland,2023-02-21,CHE,EURO,551,0,0,0,0,0
The United Kingdom,2023-02-21,GBR,EURO,3735,0,0,0,0,0
Türkiye,2023-02-21,TUR,EURO,12,0,0,0,0,0
Ukraine,2023-02-21,UKR,EURO,5,0,0,0,0,0
China,2023-02-22,CHN,WPRO,8,0,0,1,0,0
Japan,2023-02-22,JPN,WPRO,22,0,0,2,0,0
Andorra,2023-02-24,AND,EURO,4,0,0,0,0,0
Austria,2023-02-24,AUT,EURO,327,0,0,0,0,0
Belgium,2023-02-24,BEL,EURO,793,0,1,0,0,0
Bosnia and Herzegovina,2023-02-24,BIH,EURO,9,0,0,0,0,0
Bulgaria,2023-02-24,BGR,EURO,6,0,0,0,0,0
Croatia,2023-02-24,HRV,EURO,33,0,0,0,0,0
Cyprus,2023-02-24,CYP,EURO,5,0,0,0,0,0
Czechia,2023-02-24,CZE,EURO,71,0,1,0,0,0
Denmark,2023-02-24,DNK,EURO,196,0,0,0,0,0
Estonia,2023-02-24,EST,EURO,11,0,0,0,0,0
Finland,2023-02-24,FIN,EURO,42,0,0,0,0,0
France,2023-02-24,FRA,EURO,4128,0,0,0,0,0
Georgia,2023-02-24,GEO,EURO,2,0,0,0,0,0
Germany,2023-02-24,DEU,EURO,3692,0,0,0,0,0
Gibraltar,2023-02-24,GIB,EURO,6,0,0,0,0,0
Greece,2023-02-24,GRC,EURO,86,0,0,0,0,0
Greenland,2023-02-24,GRL,EURO,2,0,0,0,0,0
Hungary,2023-02-24,HUN,EURO,80,0,0,0,0,0
Iceland,2023-02-24,ISL,EURO,16,0,0,0,0,0
Ireland,2023-02-24,IRL,EURO,228,0,0,0,0,0
Israel,2023-02-24,ISR,EURO,262,0,0,0,0,0
Italy,2023-02-24,ITA,EURO,957,0,0,0,0,0
Latvia,2023-02-24,LVA,EURO,6,0,0,0,0,0
Lithuania,2023-02-24,LTU,EURO,5,0,0,0,0,0
Luxembourg,2023-02-24,LUX,EURO,57,0,0,0,0,0
Malta,2023-02-24,MLT,EURO,33,0,0,0,0,0
Monaco,2023-02-24,MCO,EURO,3,0,0,0,0,0
Montenegro,2023-02-24,MNE,EURO,2,0,0,0,0,0
Netherlands,2023-02-24,NLD,EURO,1261,0,0,0,0,0
Norway,2023-02-24,NOR,EURO,95,0,0,0,0,0
Poland,2023-02-24,POL,EURO,215,0,0,0,0,0
Portugal,2023-02-24,PRT,EURO,951,0,0,0,0,0
Republic of Moldova,2023-02-24,MDA,EURO,2,0,0,0,0,0
Romania,2023-02-24,ROU,EURO,47,0,0,0,0,0
Russian Federation,2023-02-24,RUS,EURO,2,0,0,0,0,0
San Marino,2023-02-24,SMR,EURO,1,0,0,0,0,0
Serbia,2023-02-24,SRB,EURO,40,0,0,0,0,0
Slovakia,2023-02-24,SVK,EURO,14,0,0,0,0,0
Slovenia,2023-02-24,SVN,EURO,47,0,0,0,0,0
Spain,2023-02-24,ESP,EURO,7543,0,3,0,0,0
Sweden,2023-02-24,SWE,EURO,260,0,0,0,0,0
Switzerland,2023-02-24,CHE,EURO,551,0,0,0,0,0
The United Kingdom,2023-02-24,GBR,EURO,3735,0,0,0,0,0
Türkiye,2023-02-24,TUR,EURO,12,0,0,0,0,0
Ukraine,2023-02-24,UKR,EURO,5,0,0,0,0,0
Benin,2023-02-26,BEN,AFRO,3,0,0,0,0,0
Cameroon,2023-02-26,CMR,AFRO,18,0,3,0,0,0
Central African Republic,2023-02-26,CAF,AFRO,40,0,1,0,0,0
Congo,2023-02-26,COG,AFRO,5,0,0,0,0,0
Democratic Republic of the Congo,2023-02-26,COD,AFRO,7,0,0,0,0,0
Ghana,2023-02-26,GHA,AFRO,124,0,4,0,0,0
Liberia,2023-02-26,LBR,AFRO,8,0,0,0,0,0
Mozambique,2023-02-26,MOZ,AFRO,1,0,1,0,0,0
Nigeria,2023-02-26,NGA,AFRO,812,0,9,5,0,1
South Africa,2023-02-26,ZAF,AFRO,5,0,0,0,0,0
Argentina,2023-02-27,ARG,AMRO,1117,0,2,9,0,0
Aruba,2023-02-27,ABW,AMRO,3,0,0,0,0,0
Bahamas,2023-02-27,BHS,AMRO,2,0,0,0,0,0
Barbados,2023-02-27,BRB,AMRO,1,0,0,0,0,0
Bermuda,2023-02-27,BMU,AMRO,1,0,0,0,0,0
Bolivia (Plurinational State of),2023-02-27,BOL,AMRO,265,0,0,0,0,0
Brazil,2023-02-27,BRA,AMRO,11085,0,15,13,0,0
Canada,2023-02-27,CAN,AMRO,1499,0,0,4,0,0
Chile,2023-02-27,CHL,AMRO,1444,0,2,3,0,0
Colombia,2023-02-27,COL,AMRO,4088,0,0,0,0,0
Costa Rica,2023-02-27,CRI,AMRO,210,0,1,2,0,0
Cuba,2023-02-27,CUB,AMRO,8,0,1,0,0,0
Curaçao,2023-02-27,CUW,AMRO,3,0,0,0,0,0
Dominican Republic,2023-02-27,DOM,AMRO,71,0,1,0,0,0
Ecuador,2023-02-27,ECU,AMRO,547,0,2,6,0,0
El Salvador,2023-02-27,SLV,AMRO,104,0,0,1,0,0
Guadeloupe,2023-02-27,GLP,AMRO,1,0,0,0,0,0
Guatemala,2023-02-27,GTM,AMRO,397,0,1,3,0,0
Guyana,2023-02-27,GUY,AMRO,2,0,0,0,0,0
Honduras,2023-02-27,HND,AMRO,28,0,0,3,0,0
Jamaica,2023-02-27,JAM,AMRO,19,0,0,0,0,0
Martinique,2023-02-27,MTQ,AMRO,7,0,0,0,0,0
Mexico,2023-02-27,MEX,AMRO,3981,0,26,7,0,0
Panama,2023-02-27,PAN,AMRO,189,0,0,12,0,0
Paraguay,2023-02-27,PRY,AMRO,117,0,0,6,0,0
Peru,2023-02-27,PER,AMRO,3780,0,24,4,0,0
Saint Martin,2023-02-27,MAF,AMRO,1,0,0,0,0,0
United States of America,2023-02-27,USA,AMRO,30350,0,56,23,0,1
Uruguay,2023-02-27,URY,AMRO,19,0,0,0,0,0
Venezuela (Bolivarian Republic of),2023-02-27,VEN,AMRO,12,0,0,0,0,0
Andorra,2023-02-28,AND,EURO,4,0,0,0,0,0
Australia,2023-02-28,AUS,WPRO,145,0,0,1,0,0
Austria,2023-02-28,AUT,EURO,327,0,0,0,0,0
Belgium,2023-02-28,BEL,EURO,793,0,2,0,0,1
Bosnia and Herzegovina,2023-02-28,BIH,EURO,9,0,0,0,0,0
Bulgaria,2023-02-28,BGR,EURO,6,0,0,0,0,0
Croatia,2023-02-28,HRV,EURO,33,0,0,0,0,0
Cyprus,2023-02-28,CYP,EURO,5,0,0,0,0,0
Czechia,2023-02-28,CZE,EURO,71,0,1,0,0,0
Denmark,2023-02-28,DNK,EURO,196,0,0,0,0,0
Estonia,2023-02-28,EST,EURO,11,0,0,0,0,0
Finland,2023-02-28,FIN,EURO,42,0,0,0,0,0
France,2023-02-28,FRA,EURO,4128,0,0,0,0,0
Georgia,2023-02-28,GEO,EURO,2,0,0,0,0,0
Germany,2023-02-28,DEU,EURO,3692,0,0,0,0,0
Gibraltar,2023-02-28,GIB,EURO,6,0,0,0,0,0
Greece,2023-02-28,GRC,EURO,86,0,0,0,0,0
Greenland,2023-02-28,GRL,EURO,2,0,0,0,0,0
Hungary,2023-02-28,HUN,EURO,80,0,0,0,0,0
Iceland,2023-02-28,ISL,EURO,16,0,0,0,0,0
Ireland,2023-02-28,IRL,EURO,228,0,0,0,0,0
Israel,2023-02-28,ISR,EURO,262,0,0,0,0,0
Italy,2023-02-28,ITA,EURO,957,0,0,0,0,0
Latvia,2023-02-28,LVA,EURO,6,0,0,0,0,0
Lithuania,2023-02-28,LTU,EURO,5,0,0,0,0,0
Luxembourg,2023-02-28,LUX,EURO,57,0,0,0,0,0
Malta,2023-02-28,MLT,EURO,33,0,0,0,0,0
Monaco,2023-02-28,MCO,EURO,3,0,0,0,0,0
Montenegro,2023-02-28,MNE,EURO,2,0,0,0,0,0
Netherlands,2023-02-28,NLD,EURO,1261,0,0,0,0,0
Norway,2023-02-28,NOR,EURO,95,0,0,0,0,0
Poland,2023-02-28,POL,EURO,215,0,0,0,0,0
Portugal,2023-02-28,PRT,EURO,951,0,0,0,0,0
Republic of Moldova,2023-02-28,MDA,EURO,2,0,0,0,0,0
Romania,2023-02-28,ROU,EURO,47,0,0,0,0,0
Russian Federation,2023-02-28,RUS,EURO,2,0,0,0,0,0
San Marino,2023-02-28,SMR,EURO,1,0,0,0,0,0
Saudi Arabia,2023-02-28,SAU,EMRO,9,0,0,1,0,0
Serbia,2023-02-28,SRB,EURO,40,0,0,0,0,0
Slovakia,2023-02-28,SVK,EURO,14,0,0,0,0,0
Slovenia,2023-02-28,SVN,EURO,47,0,0,0,0,0
Spain,2023-02-28,ESP,EURO,7543,0,3,0,0,0
Sweden,2023-02-28,SWE,EURO,260,0,0,0,0,0
Switzerland,2023-02-28,CHE,EURO,551,0,0,0,0,0
The United Kingdom,2023-02-28,GBR,EURO,3735,0,0,0,0,0
Türkiye,2023-02-28,TUR,EURO,12,0,0,0,0,0
Ukraine,2023-02-28,UKR,EURO,5,0,0,0,0,0
China,2023-03-01,CHN,WPRO,10,0,0,2,0,0
Japan,2023-03-01,JPN,WPRO,27,0,0,5,0,0
Andorra,2023-03-04,AND,EURO,4,0,0,0,0,0
Austria,2023-03-04,AUT,EURO,327,0,0,0,0,0
Belgium,2023-03-04,BEL,EURO,793,0,2,0,0,0
Bosnia and Herzegovina,2023-03-04,BIH,EURO,9,0,0,0,0,0
Bulgaria,2023-03-04,BGR,EURO,6,0,0,0,0,0
Croatia,2023-03-04,HRV,EURO,33,0,0,0,0,0
Cyprus,2023-03-04,CYP,EURO,5,0,0,0,0,0
Czechia,2023-03-04,CZE,EURO,71,0,1,0,0,0
Denmark,2023-03-04,DNK,EURO,196,0,0,0,0,0
Estonia,2023-03-04,EST,EURO,11,0,0,0,0,0
Finland,2023-03-04,FIN,EURO,42,0,0,0,0,0
France,2023-03-04,FRA,EURO,4128,0,0,0,0,0
Georgia,2023-03-04,GEO,EURO,2,0,0,0,0,0
Germany,2023-03-04,DEU,EURO,3692,0,0,0,0,0
Gibraltar,2023-03-04,GIB,EURO,6,0,0,0,0,0
Greece,2023-03-04,GRC,EURO,86,0,0,0,0,0
Greenland,2023-03-04,GRL,EURO,2,0,0,0,0,0
Hungary,2023-03-04,HUN,EURO,80,0,0,0,0,0
Iceland,2023-03-04,ISL,EURO,16,0,0,0,0,0
Ireland,2023-03-04,IRL,EURO,228,0,0,0,0,0
Israel,2023-03-04,ISR,EURO,262,0,0,0,0,0
Italy,2023-03-04,ITA,EURO,957,0,0,0,0,0
Latvia,2023-03-04,LVA,EURO,6,0,0,0,0,0
Lithuania,2023-03-04,LTU,EURO,5,0,0,0,0,0
Luxembourg,2023-03-04,LUX,EURO,57,0,0,0,0,0
Malta,2023-03-04,MLT,EURO,33,0,0,0,0,0
Monaco,2023-03-04,MCO,EURO,3,0,0,0,0,0
Montenegro,2023-03-04,MNE,EURO,2,0,0,0,0,0
Netherlands,2023-03-04,NLD,EURO,1261,0,0,0,0,0
Norway,2023-03-04,NOR,EURO,95,0,0,0,0,0
Poland,2023-03-04,POL,EURO,215,0,0,0,0,0
Portugal,2023-03-04,PRT,EURO,951,0,0,0,0,0
Republic of Moldova,2023-03-04,MDA,EURO,2,0,0,0,0,0
Romania,2023-03-04,ROU,EURO,47,0,0,0,0,0
Russian Federation,2023-03-04,RUS,EURO,2,0,0,0,0,0
San Marino,2023-03-04,SMR,EURO,1,0,0,0,0,0
Serbia,2023-03-04,SRB,EURO,40,0,0,0,0,0
Slovakia,2023-03-04,SVK,EURO,14,0,0,0,0,0
Slovenia,2023-03-04,SVN,EURO,47,0,0,0,0,0
Spain,2023-03-04,ESP,EURO,7543,0,3,0,0,0
Sweden,2023-03-04,SWE,EURO,260,0,0,0,0,0
Switzerland,2023-03-04,CHE,EURO,551,0,0,0,0,0
The United Kingdom,2023-03-04,GBR,EURO,3738,0,0,3,0,0
Türkiye,2023-03-04,TUR,EURO,12,0,0,0,0,0
Ukraine,2023-03-04,UKR,EURO,5,0,0,0,0,0
Benin,2023-03-05,BEN,AFRO,3,0,0,0,0,0
Cameroon,2023-03-05,CMR,AFRO,18,0,3,0,0,0
Central African Republic,2023-03-05,CAF,AFRO,40,0,1,0,0,0
Congo,2023-03-05,COG,AFRO,5,0,0,0,0,0
Democratic Republic of the Congo,2023-03-05,COD,AFRO,7,0,0,0,0,0
Ghana,2023-03-05,GHA,AFRO,124,0,4,0,0,0
Liberia,2023-03-05,LBR,AFRO,9,0,0,1,0,0
Nigeria,2023-03-05,NGA,AFRO,814,0,9,2,0,0
South Africa,2023-03-05,ZAF,AFRO,5,0,0,0,0,0
Argentina,2023-03-06,ARG,AMRO,1122,0,2,5,0,0
Aruba,2023-03-06,ABW,AMRO,3,0,0,0,0,0
Bahamas,2023-03-06,BHS,AMRO,2,0,0,0,0,0
Barbados,2023-03-06,BRB,AMRO,1,0,0,0,0,0
Bermuda,2023-03-06,BMU,AMRO,1,0,0,0,0,0
Bolivia (Plurinational State of),2023-03-06,BOL,AMRO,265,0,0,0,0,0
Brazil,2023-03-06,BRA,AMRO,11096,0,15,11,0,0
Canada,2023-03-06,CAN,AMRO,1501,0,0,2,0,0
Chile,2023-03-06,CHL,AMRO,1444,0,2,0,0,0
Colombia,2023-03-06,COL,AMRO,4088,0,0,0,0,0
Costa Rica,2023-03-06,CRI,AMRO,213,0,1,3,0,0
Cuba,2023-03-06,CUB,AMRO,8,0,1,0,0,0
Curaçao,2023-03-06,CUW,AMRO,3,0,0,0,0,0
Dominican Republic,2023-03-06,DOM,AMRO,73,0,1,2,0,0
Ecuador,2023-03-06,ECU,AMRO,548,0,2,1,0,0
El Salvador,2023-03-06,SLV,AMRO,104,0,0,0,0,0
Guadeloupe,2023-03-06,GLP,AMRO,1,0,0,0,0,0
Guatemala,2023-03-06,GTM,AMRO,402,0,1,5,0,0
Guyana,2023-03-06,GUY,AMRO,2,0,0,0,0,0
Honduras,2023-03-06,HND,AMRO,31,0,0,3,0,0
Jamaica,2023-03-06,JAM,AMRO,20,0,0,1,0,0
Martinique,2023-03-06,MTQ,AMRO,7,0,0,0,0,0
Mexico,2023-03-06,MEX,AMRO,3986,0,29,5,0,3
Panama,2023-03-06,PAN,AMRO,201,0,0,12,0,0
Paraguay,2023-03-06,PRY,AMRO,121,0,0,4,0,0
Peru,2023-03-06,PER,AMRO,3787,0,24,7,0,0
Saint Martin,2023-03-06,MAF,AMRO,1,0,0,0,0,0
United States of America,2023-03-06,USA,AMRO,30363,0,56,13,0,0
Uruguay,2023-03-06,URY,AMRO,19,0,0,0,0,0
Venezuela (Bolivarian Republic of),2023-03-06,VEN,AMRO,12,0,0,0,0,0
Andorra,2023-03-07,AND,EURO,4,0,0,0,0,0
Austria,2023-03-07,AUT,EURO,327,0,0,0,0,0
Belgium,2023-03-07,BEL,EURO,793,0,2,0,0,0
Bosnia and Herzegovina,2023-03-07,BIH,EURO,9,0,0,0,0,0
Bulgaria,2023-03-07,BGR,EURO,6,0,0,0,0,0
Croatia,2023-03-07,HRV,EURO,33,0,0,0,0,0
Cyprus,2023-03-07,CYP,EURO,5,0,0,0,0,0
Czechia,2023-03-07,CZE,EURO,71,0,1,0,0,0
Denmark,2023-03-07,DNK,EURO,196,0,0,0,0,0
Estonia,2023-03-07,EST,EURO,11,0,0,0,0,0
Finland,2023-03-07,FIN,EURO,42,0,0,0,0,0
France,2023-03-07,FRA,EURO,4128,0,0,0,0,0
Georgia,2023-03-07,GEO,EURO,2,0,0,0,0,0
Germany,2023-03-07,DEU,EURO,3692,0,0,0,0,0
Gibraltar,2023-03-07,GIB,EURO,6,0,0,0,0,0
Greece,2023-03-07,GRC,EURO,87,0,0,1,0,0
Greenland,2023-03-07,GRL,EURO,2,0,0,0,0,0
Hungary,2023-03-07,HUN,EURO,80,0,0,0,0,0
Iceland,2023-03-07,ISL,EURO,16,0,0,0,0,0
Ireland,2023-03-07,IRL,EURO,228,0,0,0,0,0
Israel,2023-03-07,ISR,EURO,262,0,0,0,0,0
Italy,2023-03-07,ITA,EURO,957,0,0,0,0,0
Japan,2023-03-07,JPN,WPRO,31,0,0,4,0,0
Latvia,2023-03-07,LVA,EURO,6,0,0,0,0,0
Lithuania,2023-03-07,LTU,EURO,5,0,0,0,0,0
Luxembourg,2023-03-07,LUX,EURO,57,0,0,0,0,0
Malta,2023-03-07,MLT,EURO,33,0,0,0,0,0
Monaco,2023-03-07,MCO,EURO,3,0,0,0,0,0
Montenegro,2023-03-07,MNE,EURO,2,0,0,0,0,0
Netherlands,2023-03-07,NLD,EURO,1262,0,0,1,0,0
Norway,2023-03-07,NOR,EURO,95,0,0,0,0,0
Poland,2023-03-07,POL,EURO,215,0,0,0,0,0
Portugal,2023-03-07,PRT,EURO,951,0,0,0,0,0
Republic of Moldova,2023-03-07,MDA,EURO,2,0,0,0,0,0
Romania,2023-03-07,ROU,EURO,47,0,0,0,0,0
Russian Federation,2023-03-07,RUS,EURO,2,0,0,0,0,0
San Marino,2023-03-07,SMR,EURO,1,0,0,0,0,0
Serbia,2023-03-07,SRB,EURO,40,0,0,0,0,0
Slovakia,2023-03-07,SVK,EURO,14,0,0,0,0,0
Slovenia,2023-03-07,SVN,EURO,47,0,0,0,0,0
Spain,2023-03-07,ESP,EURO,7543,0,3,0,0,0
Sweden,2023-03-07,SWE,EURO,260,0,0,0,0,0
Switzerland,2023-03-07,CHE,EURO,552,0,0,1,0,0
The United Kingdom,2023-03-07,GBR,EURO,3738,0,0,0,0,0
Türkiye,2023-03-07,TUR,EURO,12,0,0,0,0,0
Ukraine,2023-03-07,UKR,EURO,5,0,0,0,0,0
China,2023-03-09,CHN,WPRO,11,0,0,1,0,0
Lebanon,2023-03-09,LBN,EMRO,27,0,0,1,0,0
Mozambique,2023-03-09,MOZ,AFRO,1,0,1,0,0,0
Andorra,2023-03-10,AND,EURO,4,0,0,0,0,0
Austria,2023-03-10,AUT,EURO,327,0,0,0,0,0
Belgium,2023-03-10,BEL,EURO,793,0,2,0,0,0
Bosnia and Herzegovina,2023-03-10,BIH,EURO,9,0,0,0,0,0
Bulgaria,2023-03-10,BGR,EURO,6,0,0,0,0,0
Croatia,2023-03-10,HRV,EURO,33,0,0,0,0,0
Cyprus,2023-03-10,CYP,EURO,5,0,0,0,0,0
Czechia,2023-03-10,CZE,EURO,71,0,1,0,0,0
Denmark,2023-03-10,DNK,EURO,196,0,0,0,0,0
Estonia,2023-03-10,EST,EURO,11,0,0,0,0,0
Finland,2023-03-10,FIN,EURO,42,0,0,0,0,0
France,2023-03-10,FRA,EURO,4128,0,0,0,0,0
Georgia,2023-03-10,GEO,EURO,2,0,0,0,0,0
Germany,2023-03-10,DEU,EURO,3692,0,0,0,0,0
Gibraltar,2023-03-10,GIB,EURO,6,0,0,0,0,0
Greece,2023-03-10,GRC,EURO,87,0,0,0,0,0
Greenland,2023-03-10,GRL,EURO,2,0,0,0,0,0
Hungary,2023-03-10,HUN,EURO,80,0,0,0,0,0
Iceland,2023-03-10,ISL,EURO,16,0,0,0,0,0
Ireland,2023-03-10,IRL,EURO,228,0,0,0,0,0
Israel,2023-03-10,ISR,EURO,262,0,0,0,0,0
Italy,2023-03-10,ITA,EURO,957,0,0,0,0,0
Latvia,2023-03-10,LVA,EURO,6,0,0,0,0,0
Lithuania,2023-03-10,LTU,EURO,5,0,0,0,0,0
Luxembourg,2023-03-10,LUX,EURO,57,0,0,0,0,0
Malta,2023-03-10,MLT,EURO,33,0,0,0,0,0
Monaco,2023-03-10,MCO,EURO,3,0,0,0,0,0
Montenegro,2023-03-10,MNE,EURO,2,0,0,0,0,0
Netherlands,2023-03-10,NLD,EURO,1262,0,0,0,0,0
Norway,2023-03-10,NOR,EURO,95,0,0,0,0,0
Poland,2023-03-10,POL,EURO,215,0,0,0,0,0
Portugal,2023-03-10,PRT,EURO,951,0,0,0,0,0
Republic of Moldova,2023-03-10,MDA,EURO,2,0,0,0,0,0
Romania,2023-03-10,ROU,EURO,47,0,0,0,0,0
Russian Federation,2023-03-10,RUS,EURO,2,0,0,0,0,0
San Marino,2023-03-10,SMR,EURO,1,0,0,0,0,0
Serbia,2023-03-10,SRB,EURO,40,0,0,0,0,0
Slovakia,2023-03-10,SVK,EURO,14,0,0,0,0,0
Slovenia,2023-03-10,SVN,EURO,47,0,0,0,0,0
Spain,2023-03-10,ESP,EURO,7543,0,3,0,0,0
Sweden,2023-03-10,SWE,EURO,260,0,0,0,0,0
Switzerland,2023-03-10,CHE,EURO,552,0,0,0,0,0
The United Kingdom,2023-03-10,GBR,EURO,3738,0,0,0,0,0
Türkiye,2023-03-10,TUR,EURO,12,0,0,0,0,0
Ukraine,2023-03-10,UKR,EURO,5,0,0,0,0,0
Benin,2023-03-12,BEN,AFRO,3,0,0,0,0,0
Cameroon,2023-03-12,CMR,AFRO,18,0,3,0,0,0
Central African Republic,2023-03-12,CAF,AFRO,42,0,1,2,0,0
Congo,2023-03-12,COG,AFRO,5,0,0,0,0,0
Democratic Republic of the Congo,2023-03-12,COD,AFRO,7,0,0,0,0,0
Ghana,2023-03-12,GHA,AFRO,124,0,4,0,0,0
Liberia,2023-03-12,LBR,AFRO,9,0,0,0,0,0
Mozambique,2023-03-12,MOZ,AFRO,1,0,1,0,0,0
Nigeria,2023-03-12,NGA,AFRO,821,0,9,7,0,0
South Africa,2023-03-12,ZAF,AFRO,5,0,0,0,0,0
Argentina,2023-03-13,ARG,AMRO,1125,0,2,3,0,0
Aruba,2023-03-13,ABW,AMRO,3,0,0,0,0,0
Bahamas,2023-03-13,BHS,AMRO,2,0,0,0,0,0
Barbados,2023-03-13,BRB,AMRO,1,0,0,0,0,0
Bermuda,2023-03-13,BMU,AMRO,1,0,0,0,0,0
Bolivia (Plurinational State of),2023-03-13,BOL,AMRO,265,0,0,0,0,0
Brazil,2023-03-13,BRA,AMRO,11108,0,15,12,0,0
Canada,2023-03-13,CAN,AMRO,1503,0,0,2,0,0
Chile,2023-03-13,CHL,AMRO,1444,0,2,0,0,0
Colombia,2023-03-13,COL,AMRO,4088,0,0,0,0,0
Costa Rica,2023-03-13,CRI,AMRO,216,0,1,3,0,0
Cuba,2023-03-13,CUB,AMRO,8,0,1,0,0,0
Curaçao,2023-03-13,CUW,AMRO,3,0,0,0,0,0
Dominican Republic,2023-03-13,DOM,AMRO,74,0,1,1,0,0
Ecuador,2023-03-13,ECU,AMRO,548,0,2,0,0,0
El Salvador,2023-03-13,SLV,AMRO,104,0,0,0,0,0
Guadeloupe,2023-03-13,GLP,AMRO,1,0,0,0,0,0
Guatemala,2023-03-13,GTM,AMRO,404,0,1,2,0,0
Guyana,2023-03-13,GUY,AMRO,2,0,0,0,0,0
Honduras,2023-03-13,HND,AMRO,35,0,0,4,0,0
India,2023-03-13,IND,SEARO,22,0,1,0,0,0
Indonesia,2023-03-13,IDN,SEARO,1,0,0,0,0,0
Jamaica,2023-03-13,JAM,AMRO,21,0,0,1,0,0
Martinique,2023-03-13,MTQ,AMRO,7,0,0,0,0,0
Mexico,2023-03-13,MEX,AMRO,3994,0,29,8,0,0
Panama,2023-03-13,PAN,AMRO,209,0,0,8,0,0
Paraguay,2023-03-13,PRY,AMRO,121,0,0,0,0,0
Peru,2023-03-13,PER,AMRO,3796,0,24,9,0,0
Saint Martin,2023-03-13,MAF,AMRO,1,0,0,0,0,0
Sri Lanka,2023-03-13,LKA,SEARO,2,0,0,0,0,0
Thailand,2023-03-13,THA,SEARO,16,0,0,1,0,0
United States of America,2023-03-13,USA,AMRO,30375,0,56,12,0,0
Uruguay,2023-03-13,URY,AMRO,19,0,0,0,0,0
Venezuela (Bolivarian Republic of),2023-03-13,VEN,AMRO,12,0,0,0,0,0
Andorra,2023-03-14,AND,EURO,4,0,0,0,0,0
Austria,2023-03-14,AUT,EURO,327,0,0,0,0,0
Belgium,2023-03-14,BEL,EURO,793,0,2,0,0,0
Bosnia and Herzegovina,2023-03-14,BIH,EURO,9,0,0,0,0,0
Bulgaria,2023-03-14,BGR,EURO,6,0,0,0,0,0
Croatia,2023-03-14,HRV,EURO,33,0,0,0,0,0
Cyprus,2023-03-14,CYP,EURO,5,0,0,0,0,0
Czechia,2023-03-14,CZE,EURO,71,0,1,0,0,0
Denmark,2023-03-14,DNK,EURO,196,0,0,0,0,0
Estonia,2023-03-14,EST,EURO,11,0,0,0,0,0
Finland,2023-03-14,FIN,EURO,42,0,0,0,0,0
France,2023-03-14,FRA,EURO,4128,0,0,0,0,0
Georgia,2023-03-14,GEO,EURO,2,0,0,0,0,0
Germany,2023-03-14,DEU,EURO,3692,0,0,0,0,0
Gibraltar,2023-03-14,GIB,EURO,6,0,0,0,0,0
Greece,2023-03-14,GRC,EURO,87,0,0,0,0,0
Greenland,2023-03-14,GRL,EURO,2,0,0,0,0,0
Hungary,2023-03-14,HUN,EURO,80,0,0,0,0,0
Iceland,2023-03-14,ISL,EURO,16,0,0,0,0,0
Ireland,2023-03-14,IRL,EURO,228,0,0,0,0,0
Israel,2023-03-14,ISR,EURO,262,0,0,0,0,0
Italy,2023-03-14,ITA,EURO,957,0,0,0,0,0
Latvia,2023-03-14,LVA,EURO,6,0,0,0,0,0
Lithuania,2023-03-14,LTU,EURO,5,0,0,0,0,0
Luxembourg,2023-03-14,LUX,EURO,57,0,0,0,0,0
Malta,2023-03-14,MLT,EURO,33,0,0,0,0,0
Monaco,2023-03-14,MCO,EURO,3,0,0,0,0,0
Montenegro,2023-03-14,MNE,EURO,2,0,0,0,0,0
Netherlands,2023-03-14,NLD,EURO,1262,0,0,0,0,0
Norway,2023-03-14,NOR,EURO,95,0,0,0,0,0
Poland,2023-03-14,POL,EURO,215,0,0,0,0,0
Portugal,2023-03-14,PRT,EURO,951,0,0,0,0,0
Republic of Korea,2023-03-14,KOR,WPRO,5,0,0,1,0,0
Republic of Moldova,2023-03-14,MDA,EURO,2,0,0,0,0,0
Romania,2023-03-14,ROU,EURO,47,0,0,0,0,0
Russian Federation,2023-03-14,RUS,EURO,2,0,0,0,0,0
San Marino,2023-03-14,SMR,EURO,1,0,0,0,0,0
Serbia,2023-03-14,SRB,EURO,40,0,0,0,0,0
Slovakia,2023-03-14,SVK,EURO,14,0,0,0,0,0
Slovenia,2023-03-14,SVN,EURO,47,0,0,0,0,0
Spain,2023-03-14,ESP,EURO,7546,0,3,3,0,0
Sweden,2023-03-14,SWE,EURO,260,0,0,0,0,0
Switzerland,2023-03-14,CHE,EURO,552,0,0,0,0,0
The United Kingdom,2023-03-14,GBR,EURO,3738,0,0,0,0,0
Türkiye,2023-03-14,TUR,EURO,12,0,0,0,0,0
Ukraine,2023-03-14,UKR,EURO,5,0,0,0,0,0
China,2023-03-15,CHN,WPRO,15,0,0,4,0,0
Japan,2023-03-15,JPN,WPRO,45,0,0,14,0,0
Japan,2023-03-17,JPN,WPRO,46,0,0,1,0,0
Benin,2023-03-19,BEN,AFRO,3,0,0,0,0,0
Cameroon,2023-03-19,CMR,AFRO,18,0,3,0,0,0
Central African Republic,2023-03-19,CAF,AFRO,42,0,1,0,0,0
Congo,2023-03-19,COG,AFRO,5,0,0,0,0,0
Democratic Republic of the Congo,2023-03-19,COD,AFRO,7,0,0,0,0,0
Ghana,2023-03-19,GHA,AFRO,125,0,4,1,0,0
India,2023-03-19,IND,SEARO,22,0,1,0,0,0
Indonesia,2023-03-19,IDN,SEARO,1,0,0,0,0,0
Liberia,2023-03-19,LBR,AFRO,10,0,0,1,0,0
Mozambique,2023-03-19,MOZ,AFRO,1,0,1,0,0,0
Nigeria,2023-03-19,NGA,AFRO,823,0,9,2,0,0
South Africa,2023-03-19,ZAF,AFRO,5,0,0,0,0,0
Sri Lanka,2023-03-19,LKA,SEARO,2,0,0,0,0,0
Thailand,2023-03-19,THA,SEARO,17,0,0,1,0,0
Argentina,2023-03-20,ARG,AMRO,1128,0,2,3,0,0
Aruba,2023-03-20,ABW,AMRO,3,0,0,0,0,0
Bahamas,2023-03-20,BHS,AMRO,2,0,0,0,0,0
Barbados,2023-03-20,BRB,AMRO,1,0,0,0,0,0
Bermuda,2023-03-20,BMU,AMRO,1,0,0,0,0,0
Bolivia (Plurinational State of),2023-03-20,BOL,AMRO,265,0,0,0,0,0
Brazil,2023-03-20,BRA,AMRO,11118,0,15,10,0,0
Canada,2023-03-20,CAN,AMRO,1504,0,0,1,0,0
Chile,2023-03-20,CHL,AMRO,1445,0,2,1,0,0
Colombia,2023-03-20,COL,AMRO,4089,0,0,1,0,0
Costa Rica,2023-03-20,CRI,AMRO,219,0,1,3,0,0
Cuba,2023-03-20,CUB,AMRO,8,0,1,0,0,0
Curaçao,2023-03-20,CUW,AMRO,3,0,0,0,0,0
Dominican Republic,2023-03-20,DOM,AMRO,75,0,1,1,0,0
Ecuador,2023-03-20,ECU,AMRO,553,0,2,5,0,0
El Salvador,2023-03-20,SLV,AMRO,104,0,0,0,0,0
Guadeloupe,2023-03-20,GLP,AMRO,1,0,0,0,0,0
Guatemala,2023-03-20,GTM,AMRO,404,0,1,0,0,0
Guyana,2023-03-20,GUY,AMRO,2,0,0,0,0,0
Honduras,2023-03-20,HND,AMRO,38,0,0,3,0,0
Jamaica,2023-03-20,JAM,AMRO,21,0,0,0,0,0
Japan,2023-03-20,JPN,WPRO,59,0,0,13,0,0
Martinique,2023-03-20,MTQ,AMRO,7,0,0,0,0,0
Mexico,2023-03-20,MEX,AMRO,4001,0,30,7,0,1
Panama,2023-03-20,PAN,AMRO,218,0,0,9,0,0
Paraguay,2023-03-20,PRY,AMRO,123,0,0,2,0,0
Peru,2023-03-20,PER,AMRO,3802,0,24,6,0,0
Saint Martin,2023-03-20,MAF,AMRO,1,0,0,0,0,0
United States of America,2023-03-20,USA,AMRO,30385,0,56,10,0,0
Uruguay,2023-03-20,URY,AMRO,19,0,0,0,0,0
Venezuela (Bolivarian Republic of),2023-03-20,VEN,AMRO,12,0,0,0,0,0
Andorra,2023-03-21,AND,EURO,4,0,0,0,0,0
Austria,2023-03-21,AUT,EURO,327,0,0,0,0,0
Belgium,2023-03-21,BEL,EURO,793,0,2,0,0,0
Bosnia and Herzegovina,2023-03-21,BIH,EURO,9,0,0,0,0,0
Bulgaria,2023-03-21,BGR,EURO,6,0,0,0,0,0
China,2023-03-21,CHN,WPRO,19,0,0,4,0,0
Croatia,2023-03-21,HRV,EURO,33,0,0,0,0,0
Cyprus,2023-03-21,CYP,EURO,5,0,0,0,0,0
Czechia,2023-03-21,CZE,EURO,71,0,1,0,0,0
Denmark,2023-03-21,DNK,EURO,196,0,0,0,0,0
Estonia,2023-03-21,EST,EURO,11,0,0,0,0,0
Finland,2023-03-21,FIN,EURO,42,0,0,0,0,0
France,2023-03-21,FRA,EURO,4128,0,0,0,0,0
Georgia,2023-03-21,GEO,EURO,2,0,0,0,0,0
Germany,2023-03-21,DEU,EURO,3692,0,0,0,0,0
Gibraltar,2023-03-21,GIB,EURO,6,0,0,0,0,0
Greece,2023-03-21,GRC,EURO,87,0,0,0,0,0
Greenland,2023-03-21,GRL,EURO,2,0,0,0,0,0
Hungary,2023-03-21,HUN,EURO,80,0,0,0,0,0
Iceland,2023-03-21,ISL,EURO,16,0,0,0,0,0
Ireland,2023-03-21,IRL,EURO,228,0,0,0,0,0
Israel,2023-03-21,ISR,EURO,262,0,0,0,0,0
Italy,2023-03-21,ITA,EURO,957,0,0,0,0,0
Latvia,2023-03-21,LVA,EURO,6,0,0,0,0,0
Lithuania,2023-03-21,LTU,EURO,5,0,0,0,0,0
Luxembourg,2023-03-21,LUX,EURO,57,0,0,0,0,0
Malta,2023-03-21,MLT,EURO,33,0,0,0,0,0
Monaco,2023-03-21,MCO,EURO,3,0,0,0,0,0
Montenegro,2023-03-21,MNE,EURO,2,0,0,0,0,0
Netherlands,2023-03-21,NLD,EURO,1262,0,0,0,0,0
Norway,2023-03-21,NOR,EURO,95,0,0,0,0,0
Poland,2023-03-21,POL,EURO,215,0,0,0,0,0
Portugal,2023-03-21,PRT,EURO,951,0,0,0,0,0
Republic of Moldova,2023-03-21,MDA,EURO,2,0,0,0,0,0
Romania,2023-03-21,ROU,EURO,47,0,0,0,0,0
Russian Federation,2023-03-21,RUS,EURO,2,0,0,0,0,0
San Marino,2023-03-21,SMR,EURO,1,0,0,0,0,0
Serbia,2023-03-21,SRB,EURO,40,0,0,0,0,0
Slovakia,2023-03-21,SVK,EURO,14,0,0,0,0,0
Slovenia,2023-03-21,SVN,EURO,47,0,0,0,0,0
Spain,2023-03-21,ESP,EURO,7546,0,3,0,0,0
Sweden,2023-03-21,SWE,EURO,260,0,0,0,0,0
Switzerland,2023-03-21,CHE,EURO,552,0,0,0,0,0
The United Kingdom,2023-03-21,GBR,EURO,3738,0,0,0,0,0
Türkiye,2023-03-21,TUR,EURO,12,0,0,0,0,0
Ukraine,2023-03-21,UKR,EURO,5,0,0,0,0,0
United Arab Emirates,2023-03-23,ARE,EMRO,20,0,0,1,0,0
Japan,2023-03-24,JPN,WPRO,63,0,0,4,0,0
India,2023-03-25,IND,SEARO,22,0,1,0,0,0
Indonesia,2023-03-25,IDN,SEARO,1,0,0,0,0,0
Sri Lanka,2023-03-25,LKA,SEARO,2,0,0,0,0,0
Thailand,2023-03-25,THA,SEARO,18,0,0,1,0,0
Benin,2023-03-26,BEN,AFRO,3,0,0,0,0,0
Cameroon,2023-03-26,CMR,AFRO,18,0,3,0,0,0
Central African Republic,2023-03-26,CAF,AFRO,44,0,1,2,0,0
Congo,2023-03-26,COG,AFRO,5,0,0,0,0,0
Democratic Republic of the Congo,2023-03-26,COD,AFRO,8,0,0,1,0,0
Ghana,2023-03-26,GHA,AFRO,125,0,4,0,0,0
Liberia,2023-03-26,LBR,AFRO,10,0,0,0,0,0
Mozambique,2023-03-26,MOZ,AFRO,1,0,1,0,0,0
Nigeria,2023-03-26,NGA,AFRO,830,0,9,7,0,0
South Africa,2023-03-26,ZAF,AFRO,5,0,0,0,0,0
Argentina,2023-03-27,ARG,AMRO,1128,0,2,0,0,0
Aruba,2023-03-27,ABW,AMRO,3,0,0,0,0,0
Bahamas,2023-03-27,BHS,AMRO,2,0,0,0,0,0
Barbados,2023-03-27,BRB,AMRO,1,0,0,0,0,0
Bermuda,2023-03-27,BMU,AMRO,1,0,0,0,0,0
Bolivia (Plurinational State of),2023-03-27,BOL,AMRO,265,0,0,0,0,0
Brazil,2023-03-27,BRA,AMRO,11122,0,15,4,0,0
Canada,2023-03-27,CAN,AMRO,1504,0,0,0,0,0
Chile,2023-03-27,CHL,AMRO,1445,0,2,0,0,0
Colombia,2023-03-27,COL,AMRO,4089,0,0,0,0,0
Costa Rica,2023-03-27,CRI,AMRO,220,0,1,1,0,0
Cuba,2023-03-27,CUB,AMRO,8,0,1,0,0,0
Curaçao,2023-03-27,CUW,AMRO,3,0,0,0,0,0
Dominican Republic,2023-03-27,DOM,AMRO,75,0,1,0,0,0
Ecuador,2023-03-27,ECU,AMRO,553,0,2,0,0,0
El Salvador,2023-03-27,SLV,AMRO,104,0,0,0,0,0
Guadeloupe,2023-03-27,GLP,AMRO,1,0,0,0,0,0
Guatemala,2023-03-27,GTM,AMRO,404,0,1,0,0,0
Guyana,2023-03-27,GUY,AMRO,2,0,0,0,0,0
Honduras,2023-03-27,HND,AMRO,42,0,0,4,0,0
Jamaica,2023-03-27,JAM,AMRO,21,0,0,0,0,0
Martinique,2023-03-27,MTQ,AMRO,7,0,0,0,0,0
Mexico,2023-03-27,MEX,AMRO,4005,0,30,4,0,0
Panama,2023-03-27,PAN,AMRO,223,0,0,5,0,0
Paraguay,2023-03-27,PRY,AMRO,124,0,0,1,0,0
Peru,2023-03-27,PER,AMRO,3805,0,24,3,0,0
Saint Martin,2023-03-27,MAF,AMRO,1,0,0,0,0,0
United States of America,2023-03-27,USA,AMRO,30399,0,56,14,0,0
Uruguay,2023-03-27,URY,AMRO,19,0,0,0,0,0
Venezuela (Bolivarian Republic of),2023-03-27,VEN,AMRO,12,0,0,0,0,0
Andorra,2023-03-28,AND,EURO,4,0,0,0,0,0
Austria,2023-03-28,AUT,EURO,327,0,0,0,0,0
Belgium,2023-03-28,BEL,EURO,793,0,2,0,0,0
Bosnia and Herzegovina,2023-03-28,BIH,EURO,9,0,0,0,0,0
Bulgaria,2023-03-28,BGR,EURO,6,0,0,0,0,0
Croatia,2023-03-28,HRV,EURO,33,0,0,0,0,0
Cyprus,2023-03-28,CYP,EURO,5,0,0,0,0,0
Czechia,2023-03-28,CZE,EURO,71,0,1,0,0,0
Denmark,2023-03-28,DNK,EURO,196,0,0,0,0,0
Estonia,2023-03-28,EST,EURO,11,0,0,0,0,0
Finland,2023-03-28,FIN,EURO,42,0,0,0,0,0
France,2023-03-28,FRA,EURO,4128,0,0,0,0,0
Georgia,2023-03-28,GEO,EURO,2,0,0,0,0,0
Germany,2023-03-28,DEU,EURO,3692,0,0,0,0,0
Gibraltar,2023-03-28,GIB,EURO,6,0,0,0,0,0
Greece,2023-03-28,GRC,EURO,87,0,0,0,0,0
Greenland,2023-03-28,GRL,EURO,2,0,0,0,0,0
Hungary,2023-03-28,HUN,EURO,80,0,0,0,0,0
Iceland,2023-03-28,ISL,EURO,16,0,0,0,0,0
Ireland,2023-03-28,IRL,EURO,228,0,0,0,0,0
Israel,2023-03-28,ISR,EURO,262,0,0,0,0,0
Italy,2023-03-28,ITA,EURO,957,0,0,0,0,0
Latvia,2023-03-28,LVA,EURO,6,0,0,0,0,0
Lithuania,2023-03-28,LTU,EURO,5,0,0,0,0,0
Luxembourg,2023-03-28,LUX,EURO,57,0,0,0,0,0
Malta,2023-03-28,MLT,EURO,34,0,0,1,0,0
Monaco,2023-03-28,MCO,EURO,3,0,0,0,0,0
Montenegro,2023-03-28,MNE,EURO,2,0,0,0,0,0
Netherlands,2023-03-28,NLD,EURO,1262,0,0,0,0,0
Norway,2023-03-28,NOR,EURO,95,0,0,0,0,0
Poland,2023-03-28,POL,EURO,215,0,0,0,0,0
Portugal,2023-03-28,PRT,EURO,951,0,0,0,0,0
Republic of Moldova,2023-03-28,MDA,EURO,2,0,0,0,0,0
Romania,2023-03-28,ROU,EURO,47,0,0,0,0,0
Russian Federation,2023-03-28,RUS,EURO,2,0,0,0,0,0
San Marino,2023-03-28,SMR,EURO,1,0,0,0,0,0
Serbia,2023-03-28,SRB,EURO,40,0,0,0,0,0
Slovakia,2023-03-28,SVK,EURO,14,0,0,0,0,0
Slovenia,2023-03-28,SVN,EURO,47,0,0,0,0,0
Spain,2023-03-28,ESP,EURO,7546,0,3,0,0,0
Sweden,2023-03-28,SWE,EURO,260,0,0,0,0,0
Switzerland,2023-03-28,CHE,EURO,552,0,0,0,0,0
The United Kingdom,2023-03-28,GBR,EURO,3738,0,0,0,0,0
Türkiye,2023-03-28,TUR,EURO,12,0,0,0,0,0
Ukraine,2023-03-28,UKR,EURO,5,0,0,0,0,0
China,2023-03-29,CHN,WPRO,24,0,0,5,0,0
Japan,2023-03-29,JPN,WPRO,80,0,0,17,0,0
Japan,2023-03-30,JPN,WPRO,82,0,0,2,0,0
Singapore,2023-03-30,SGP,WPRO,22,0,0,1,0,0
Saudi Arabia,2023-03-31,SAU,EMRO,10,0,0,1,0,0
Benin,2023-04-02,BEN,AFRO,3,0,0,0,0,0
Cameroon,2023-04-02,CMR,AFRO,18,0,3,0,0,0
Central African Republic,2023-04-02,CAF,AFRO,44,0,1,0,0,0
Congo,2023-04-02,COG,AFRO,5,0,0,0,0,0
Democratic Republic of the Congo,2023-04-02,COD,AFRO,9,0,0,1,0,0
Ghana,2023-04-02,GHA,AFRO,125,0,4,0,0,0
Liberia,2023-04-02,LBR,AFRO,10,0,0,0,0,0
Nigeria,2023-04-02,NGA,AFRO,834,0,9,4,0,0
South Africa,2023-04-02,ZAF,AFRO,5,0,0,0,0,0
Argentina,2023-04-03,ARG,AMRO,1129,0,2,1,0,0
Aruba,2023-04-03,ABW,AMRO,3,0,0,0,0,0
Bahamas,2023-04-03,BHS,AMRO,2,0,0,0,0,0
Barbados,2023-04-03,BRB,AMRO,1,0,0,0,0,0
Bermuda,2023-04-03,BMU,AMRO,1,0,0,0,0,0
Bolivia (Plurinational State of),2023-04-03,BOL,AMRO,265,0,0,0,0,0
Brazil,2023-04-03,BRA,AMRO,11124,0,15,2,0,0
Canada,2023-04-03,CAN,AMRO,1504,0,0,0,0,0
Chile,2023-04-03,CHL,AMRO,1445,0,2,0,0,0
Colombia,2023-04-03,COL,AMRO,4089,0,0,0,0,0
Costa Rica,2023-04-03,CRI,AMRO,223,0,1,3,0,0
Cuba,2023-04-03,CUB,AMRO,8,0,1,0,0,0
Curaçao,2023-04-03,CUW,AMRO,3,0,0,0,0,0
Dominican Republic,2023-04-03,DOM,AMRO,75,0,1,0,0,0
Ecuador,2023-04-03,ECU,AMRO,556,0,2,3,0,0
El Salvador,2023-04-03,SLV,AMRO,104,0,0,0,0,0
Guadeloupe,2023-04-03,GLP,AMRO,1,0,0,0,0,0
Guatemala,2023-04-03,GTM,AMRO,404,0,1,0,0,0
Guyana,2023-04-03,GUY,AMRO,2,0,0,0,0,0
Honduras,2023-04-03,HND,AMRO,42,0,0,0,0,0
Jamaica,2023-04-03,JAM,AMRO,21,0,0,0,0,0
Martinique,2023-04-03,MTQ,AMRO,7,0,0,0,0,0
Mexico,2023-04-03,MEX,AMRO,4010,0,30,5,0,0
Panama,2023-04-03,PAN,AMRO,223,0,1,0,0,1
Paraguay,2023-04-03,PRY,AMRO,125,0,0,1,0,0
Peru,2023-04-03,PER,AMRO,3807,0,24,2,0,0
Saint Martin,2023-04-03,MAF,AMRO,1,0,0,0,0,0
United States of America,2023-04-03,USA,AMRO,30406,0,56,7,0,0
Uruguay,2023-04-03,URY,AMRO,19,0,0,0,0,0
Venezuela (Bolivarian Republic of),2023-04-03,VEN,AMRO,12,0,0,0,0,0
Andorra,2023-04-04,AND,EURO,4,0,0,0,0,0
Austria,2023-04-04,AUT,EURO,327,0,0,0,0,0
Belgium,2023-04-04,BEL,EURO,793,0,2,0,0,0
Bosnia and Herzegovina,2023-04-04,BIH,EURO,9,0,0,0,0,0
Bulgaria,2023-04-04,BGR,EURO,6,0,0,0,0,0
Croatia,2023-04-04,HRV,EURO,33,0,0,0,0,0
Cyprus,2023-04-04,CYP,EURO,5,0,0,0,0,0
Czechia,2023-04-04,CZE,EURO,71,0,1,0,0,0
Denmark,2023-04-04,DNK,EURO,196,0,0,0,0,0
Estonia,2023-04-04,EST,EURO,11,0,0,0,0,0
Finland,2023-04-04,FIN,EURO,42,0,0,0,0,0
France,2023-04-04,FRA,EURO,4144,0,0,16,0,0
Georgia,2023-04-04,GEO,EURO,2,0,0,0,0,0
Germany,2023-04-04,DEU,EURO,3692,0,0,0,0,0
Gibraltar,2023-04-04,GIB,EURO,6,0,0,0,0,0
Greece,2023-04-04,GRC,EURO,87,0,0,0,0,0
Greenland,2023-04-04,GRL,EURO,2,0,0,0,0,0
Hungary,2023-04-04,HUN,EURO,80,0,0,0,0,0
Iceland,2023-04-04,ISL,EURO,16,0,0,0,0,0
Ireland,2023-04-04,IRL,EURO,228,0,0,0,0,0
Israel,2023-04-04,ISR,EURO,262,0,0,0,0,0
Italy,2023-04-04,ITA,EURO,957,0,0,0,0,0
Japan,2023-04-04,JPN,WPRO,95,0,0,13,0,0
Latvia,2023-04-04,LVA,EURO,6,0,0,0,0,0
Lithuania,2023-04-04,LTU,EURO,5,0,0,0,0,0
Luxembourg,2023-04-04,LUX,EURO,57,0,0,0,0,0
Malta,2023-04-04,MLT,EURO,34,0,0,0,0,0
Monaco,2023-04-04,MCO,EURO,3,0,0,0,0,0
Montenegro,2023-04-04,MNE,EURO,2,0,0,0,0,0
Netherlands,2023-04-04,NLD,EURO,1262,0,0,0,0,0
Norway,2023-04-04,NOR,EURO,95,0,0,0,0,0
Poland,2023-04-04,POL,EURO,215,0,0,0,0,0
Portugal,2023-04-04,PRT,EURO,953,0,0,2,0,0
Republic of Moldova,2023-04-04,MDA,EURO,2,0,0,0,0,0
Romania,2023-04-04,ROU,EURO,47,0,0,0,0,0
Russian Federation,2023-04-04,RUS,EURO,2,0,0,0,0,0
San Marino,2023-04-04,SMR,EURO,1,0,0,0,0,0
Serbia,2023-04-04,SRB,EURO,40,0,0,0,0,0
Slovakia,2023-04-04,SVK,EURO,14,0,0,0,0,0
Slovenia,2023-04-04,SVN,EURO,47,0,0,0,0,0
Spain,2023-04-04,ESP,EURO,7549,0,3,3,0,0
Sweden,2023-04-04,SWE,EURO,260,0,0,0,0,0
Switzerland,2023-04-04,CHE,EURO,552,0,0,0,0,0
The United Kingdom,2023-04-04,GBR,EURO,3738,0,0,0,0,0
Türkiye,2023-04-04,TUR,EURO,12,0,0,0,0,0
Ukraine,2023-04-04,UKR,EURO,5,0,0,0,0,0
India,2023-04-05,IND,SEARO,22,0,1,0,0,0
Indonesia,2023-04-05,IDN,SEARO,1,0,0,0,0,0
Sri Lanka,2023-04-05,LKA,SEARO,2,0,0,0,0,0
Sudan,2023-04-05,SDN,EMRO,19,0,1,1,0,0
Thailand,2023-04-05,THA,SEARO,19,0,0,1,0,0
Mozambique,2023-04-06,MOZ,AFRO,1,0,1,0,0,0
Japan,2023-04-07,JPN,WPRO,96,0,0,1,0,0
Republic of Korea,2023-04-07,KOR,WPRO,6,0,0,1,0,0
China,2023-04-08,CHN,WPRO,25,0,0,1,0,0
Benin,2023-04-09,BEN,AFRO,3,0,0,0,0,0
Cameroon,2023-04-09,CMR,AFRO,18,0,3,0,0,0
Central African Republic,2023-04-09,CAF,AFRO,44,0,1,0,0,0
Congo,2023-04-09,COG,AFRO,5,0,0,0,0,0
Democratic Republic of the Congo,2023-04-09,COD,AFRO,9,0,0,0,0,0
Ghana,2023-04-09,GHA,AFRO,126,0,4,1,0,0
Liberia,2023-04-09,LBR,AFRO,10,0,0,0,0,0
Nigeria,2023-04-09,NGA,AFRO,834,0,9,0,0,0
South Africa,2023-04-09,ZAF,AFRO,5,0,0,0,0,0
Argentina,2023-04-10,ARG,AMRO,1129,0,2,0,0,0
Aruba,2023-04-10,ABW,AMRO,3,0,0,0,0,0
Bahamas,2023-04-10,BHS,AMRO,2,0,0,0,0,0
Barbados,2023-04-10,BRB,AMRO,1,0,0,0,0,0
Bermuda,2023-04-10,BMU,AMRO,1,0,0,0,0,0
Bolivia (Plurinational State of),2023-04-10,BOL,AMRO,265,0,0,0,0,0
Brazil,2023-04-10,BRA,AMRO,11127,0,15,3,0,0
Canada,2023-04-10,CAN,AMRO,1505,0,0,1,0,0
Chile,2023-04-10,CHL,AMRO,1445,0,2,0,0,0
Colombia,2023-04-10,COL,AMRO,4089,0,0,0,0,0
Costa Rica,2023-04-10,CRI,AMRO,223,0,1,0,0,0
Cuba,2023-04-10,CUB,AMRO,8,0,1,0,0,0
Curaçao,2023-04-10,CUW,AMRO,3,0,0,0,0,0
Dominican Republic,2023-04-10,DOM,AMRO,75,0,1,0,0,0
Ecuador,2023-04-10,ECU,AMRO,557,0,2,1,0,0
El Salvador,2023-04-10,SLV,AMRO,104,0,0,0,0,0
Guadeloupe,2023-04-10,GLP,AMRO,1,0,0,0,0,0
Guatemala,2023-04-10,GTM,AMRO,404,0,1,0,0,0
Guyana,2023-04-10,GUY,AMRO,2,0,0,0,0,0
Honduras,2023-04-10,HND,AMRO,42,0,0,0,0,0
Jamaica,2023-04-10,JAM,AMRO,21,0,0,0,0,0
Martinique,2023-04-10,MTQ,AMRO,7,0,0,0,0,0
Mexico,2023-04-10,MEX,AMRO,4013,0,30,3,0,0
Panama,2023-04-10,PAN,AMRO,225,0,1,2,0,0
Paraguay,2023-04-10,PRY,AMRO,125,0,0,0,0,0
Peru,2023-04-10,PER,AMRO,3808,0,24,1,0,0
Saint Martin,2023-04-10,MAF,AMRO,1,0,0,0,0,0
United States of America,2023-04-10,USA,AMRO,30416,0,56,10,0,0
Uruguay,2023-04-10,URY,AMRO,19,0,0,0,0,0
Venezuela (Bolivarian Republic of),2023-04-10,VEN,AMRO,12,0,0,0,0,0
Andorra,2023-04-11,AND,EURO,4,0,0,0,0,0
Austria,2023-04-11,AUT,EURO,327,0,0,0,0,0
Belgium,2023-04-11,BEL,EURO,793,0,2,0,0,0
Bosnia and Herzegovina,2023-04-11,BIH,EURO,9,0,0,0,0,0
Bulgaria,2023-04-11,BGR,EURO,6,0,0,0,0,0
Croatia,2023-04-11,HRV,EURO,33,0,0,0,0,0
Cyprus,2023-04-11,CYP,EURO,5,0,0,0,0,0
Czechia,2023-04-11,CZE,EURO,71,0,1,0,0,0
Denmark,2023-04-11,DNK,EURO,196,0,0,0,0,0
Estonia,2023-04-11,EST,EURO,11,0,0,0,0,0
Finland,2023-04-11,FIN,EURO,42,0,0,0,0,0
France,2023-04-11,FRA,EURO,4144,0,0,0,0,0
Georgia,2023-04-11,GEO,EURO,2,0,0,0,0,0
Germany,2023-04-11,DEU,EURO,3692,0,0,0,0,0
Gibraltar,2023-04-11,GIB,EURO,6,0,0,0,0,0
Greece,2023-04-11,GRC,EURO,87,0,0,0,0,0
Greenland,2023-04-11,GRL,EURO,2,0,0,0,0,0
Hungary,2023-04-11,HUN,EURO,80,0,0,0,0,0
Iceland,2023-04-11,ISL,EURO,16,0,0,0,0,0
Ireland,2023-04-11,IRL,EURO,228,0,0,0,0,0
Israel,2023-04-11,ISR,EURO,262,0,0,0,0,0
Italy,2023-04-11,ITA,EURO,957,0,0,0,0,0
Latvia,2023-04-11,LVA,EURO,6,0,0,0,0,0
Lithuania,2023-04-11,LTU,EURO,5,0,0,0,0,0
Luxembourg,2023-04-11,LUX,EURO,57,0,0,0,0,0
Malta,2023-04-11,MLT,EURO,34,0,0,0,0,0
Monaco,2023-04-11,MCO,EURO,3,0,0,0,0,0
Montenegro,2023-04-11,MNE,EURO,2,0,0,0,0,0
Netherlands,2023-04-11,NLD,EURO,1262,0,0,0,0,0
Norway,2023-04-11,NOR,EURO,95,0,0,0,0,0
Poland,2023-04-11,POL,EURO,217,0,0,2,0,0
Portugal,2023-04-11,PRT,EURO,953,0,0,0,0,0
Republic of Moldova,2023-04-11,MDA,EURO,2,0,0,0,0,0
Romania,2023-04-11,ROU,EURO,47,0,0,0,0,0
Russian Federation,2023-04-11,RUS,EURO,2,0,0,0,0,0
San Marino,2023-04-11,SMR,EURO,1,0,0,0,0,0
Serbia,2023-04-11,SRB,EURO,40,0,0,0,0,0
Slovakia,2023-04-11,SVK,EURO,14,0,0,0,0,0
Slovenia,2023-04-11,SVN,EURO,47,0,0,0,0,0
Spain,2023-04-11,ESP,EURO,7549,0,3,0,0,0
Sweden,2023-04-11,SWE,EURO,260,0,0,0,0,0
Switzerland,2023-04-11,CHE,EURO,552,0,0,0,0,0
The United Kingdom,2023-04-11,GBR,EURO,3741,0,0,3,0,0
Türkiye,2023-04-11,TUR,EURO,12,0,0,0,0,0
Ukraine,2023-04-11,UKR,EURO,5,0,0,0,0,0
Japan,2023-04-12,JPN,WPRO,108,0,0,12,0,0
Republic of Korea,2023-04-14,KOR,WPRO,10,0,0,4,0,0
Singapore,2023-04-14,SGP,WPRO,23,0,0,1,0,0
United Arab Emirates,2023-04-15,ARE,EMRO,21,0,0,1,0,0
Bahrain,2023-04-16,BHR,EMRO,2,0,0,1,0,0
Benin,2023-04-16,BEN,AFRO,3,0,0,0,0,0
Cameroon,2023-04-16,CMR,AFRO,18,0,3,0,0,0
Central African Republic,2023-04-16,CAF,AFRO,44,0,1,0,0,0
Congo,2023-04-16,COG,AFRO,5,0,0,0,0,0
Democratic Republic of the Congo,2023-04-16,COD,AFRO,9,0,0,0,0,0
Ghana,2023-04-16,GHA,AFRO,126,0,4,0,0,0
Liberia,2023-04-16,LBR,AFRO,10,0,0,0,0,0
Mozambique,2023-04-16,MOZ,AFRO,1,0,1,0,0,0
Nigeria,2023-04-16,NGA,AFRO,835,0,9,1,0,0
Republic of Korea,2023-04-16,KOR,WPRO,11,0,0,1,0,0
South Africa,2023-04-16,ZAF,AFRO,5,0,0,0,0,0
Argentina,2023-04-17,ARG,AMRO,1130,0,2,1,0,0
Aruba,2023-04-17,ABW,AMRO,3,0,0,0,0,0
Bahamas,2023-04-17,BHS,AMRO,2,0,0,0,0,0
Barbados,2023-04-17,BRB,AMRO,1,0,0,0,0,0
Bermuda,2023-04-17,BMU,AMRO,1,0,0,0,0,0
Bolivia (Plurinational State of),2023-04-17,BOL,AMRO,265,0,0,0,0,0
Brazil,2023-04-17,BRA,AMRO,11142,0,16,15,0,1
Canada,2023-04-17,CAN,AMRO,1508,0,0,3,0,0
Chile,2023-04-17,CHL,AMRO,1445,0,2,0,0,0
Colombia,2023-04-17,COL,AMRO,4089,0,0,0,0,0
Costa Rica,2023-04-17,CRI,AMRO,224,0,1,1,0,0
Cuba,2023-04-17,CUB,AMRO,8,0,1,0,0,0
Curaçao,2023-04-17,CUW,AMRO,3,0,0,0,0,0
Dominican Republic,2023-04-17,DOM,AMRO,75,0,1,0,0,0
Ecuador,2023-04-17,ECU,AMRO,558,0,2,1,0,0
El Salvador,2023-04-17,SLV,AMRO,104,0,0,0,0,0
Guadeloupe,2023-04-17,GLP,AMRO,1,0,0,0,0,0
Guatemala,2023-04-17,GTM,AMRO,404,0,1,0,0,0
Guyana,2023-04-17,GUY,AMRO,2,0,0,0,0,0
Honduras,2023-04-17,HND,AMRO,44,0,0,2,0,0
Jamaica,2023-04-17,JAM,AMRO,21,0,0,0,0,0
Martinique,2023-04-17,MTQ,AMRO,7,0,0,0,0,0
Mexico,2023-04-17,MEX,AMRO,4016,0,30,3,0,0
Panama,2023-04-17,PAN,AMRO,228,0,1,3,0,0
Paraguay,2023-04-17,PRY,AMRO,125,0,0,0,0,0
Peru,2023-04-17,PER,AMRO,3810,0,24,2,0,0
Republic of Korea,2023-04-17,KOR,WPRO,13,0,0,2,0,0
Saint Martin,2023-04-17,MAF,AMRO,1,0,0,0,0,0
United States of America,2023-04-17,USA,AMRO,30433,0,56,17,0,0
Uruguay,2023-04-17,URY,AMRO,19,0,0,0,0,0
Venezuela (Bolivarian Republic of),2023-04-17,VEN,AMRO,12,0,0,0,0,0
Andorra,2023-04-18,AND,EURO,4,0,0,0,0,0
Austria,2023-04-18,AUT,EURO,328,0,0,1,0,0
Belgium,2023-04-18,BEL,EURO,793,0,2,0,0,0
Bosnia and Herzegovina,2023-04-18,BIH,EURO,9,0,0,0,0,0
Bulgaria,2023-04-18,BGR,EURO,6,0,0,0,0,0
China,2023-04-18,CHN,WPRO,40,0,0,15,0,0
Croatia,2023-04-18,HRV,EURO,33,0,0,0,0,0
Cyprus,2023-04-18,CYP,EURO,5,0,0,0,0,0
Czechia,2023-04-18,CZE,EURO,71,0,1,0,0,0
Denmark,2023-04-18,DNK,EURO,196,0,0,0,0,0
Estonia,2023-04-18,EST,EURO,11,0,0,0,0,0
Finland,2023-04-18,FIN,EURO,42,0,0,0,0,0
France,2023-04-18,FRA,EURO,4144,0,0,0,0,0
Georgia,2023-04-18,GEO,EURO,2,0,0,0,0,0
Germany,2023-04-18,DEU,EURO,3692,0,0,0,0,0
Gibraltar,2023-04-18,GIB,EURO,6,0,0,0,0,0
Greece,2023-04-18,GRC,EURO,87,0,0,0,0,0
Greenland,2023-04-18,GRL,EURO,2,0,0,0,0,0
Hungary,2023-04-18,HUN,EURO,80,0,0,0,0,0
Iceland,2023-04-18,ISL,EURO,16,0,0,0,0,0
Ireland,2023-04-18,IRL,EURO,228,0,0,0,0,0
Israel,2023-04-18,ISR,EURO,262,0,0,0,0,0
Italy,2023-04-18,ITA,EURO,957,0,0,0,0,0
Japan,2023-04-18,JPN,WPRO,110,0,0,2,0,0
Latvia,2023-04-18,LVA,EURO,6,0,0,0,0,0
Lithuania,2023-04-18,LTU,EURO,5,0,0,0,0,0
Luxembourg,2023-04-18,LUX,EURO,57,0,0,0,0,0
Malta,2023-04-18,MLT,EURO,34,0,0,0,0,0
Monaco,2023-04-18,MCO,EURO,3,0,0,0,0,0
Montenegro,2023-04-18,MNE,EURO,2,0,0,0,0,0
Netherlands,2023-04-18,NLD,EURO,1262,0,0,0,0,0
Norway,2023-04-18,NOR,EURO,95,0,0,0,0,0
Poland,2023-04-18,POL,EURO,217,0,0,0,0,0
Portugal,2023-04-18,PRT,EURO,953,0,0,0,0,0
Republic of Moldova,2023-04-18,MDA,EURO,2,0,0,0,0,0
Romania,2023-04-18,ROU,EURO,47,0,0,0,0,0
Russian Federation,2023-04-18,RUS,EURO,2,0,0,0,0,0
San Marino,2023-04-18,SMR,EURO,1,0,0,0,0,0
Serbia,2023-04-18,SRB,EURO,40,0,0,0,0,0
Slovakia,2023-04-18,SVK,EURO,14,0,0,0,0,0
Slovenia,2023-04-18,SVN,EURO,47,0,0,0,0,0
Spain,2023-04-18,ESP,EURO,7549,0,3,0,0,0
Sweden,2023-04-18,SWE,EURO,260,0,0,0,0,0
Switzerland,2023-04-18,CHE,EURO,552,0,0,0,0,0
The United Kingdom,2023-04-18,GBR,EURO,3741,0,0,0,0,0
Türkiye,2023-04-18,TUR,EURO,12,0,0,0,0,0
Ukraine,2023-04-18,UKR,EURO,5,0,0,0,0,0
Pakistan,2023-04-19,PAK,EMRO,1,0,0,1,0,0
Pakistan,2023-04-20,PAK,EMRO,2,0,0,1,0,0
Republic of Korea,2023-04-21,KOR,WPRO,20,0,0,7,0,0
Benin,2023-04-23,BEN,AFRO,3,0,0,0,0,0
Cameroon,2023-04-23,CMR,AFRO,18,0,3,0,0,0
Central African Republic,2023-04-23,CAF,AFRO,44,0,1,0,0,0
Congo,2023-04-23,COG,AFRO,5,0,0,0,0,0
Democratic Republic of the Congo,2023-04-23,COD,AFRO,9,0,0,0,0,0
Ghana,2023-04-23,GHA,AFRO,126,0,4,0,0,0
Liberia,2023-04-23,LBR,AFRO,12,0,0,2,0,0
Mozambique,2023-04-23,MOZ,AFRO,1,0,1,0,0,0
Nigeria,2023-04-23,NGA,AFRO,836,0,9,1,0,0
Republic of Korea,2023-04-23,KOR,WPRO,22,0,0,2,0,0
South Africa,2023-04-23,ZAF,AFRO,5,0,0,0,0,0
Andorra,2023-04-24,AND,EURO,4,0,0,0,0,0
Argentina,2023-04-24,ARG,AMRO,1130,0,2,0,0,0
Aruba,2023-04-24,ABW,AMRO,3,0,0,0,0,0
Austria,2023-04-24,AUT,EURO,328,0,0,0,0,0
Bahamas,2023-04-24,BHS,AMRO,2,0,0,0,0,0
Barbados,2023-04-24,BRB,AMRO,1,0,0,0,0,0
Belgium,2023-04-24,BEL,EURO,793,0,2,0,0,0
Bermuda,2023-04-24,BMU,AMRO,1,0,0,0,0,0
Bolivia (Plurinational State of),2023-04-24,BOL,AMRO,265,0,0,0,0,0
Bosnia and Herzegovina,2023-04-24,BIH,EURO,9,0,0,0,0,0
Brazil,2023-04-24,BRA,AMRO,11148,0,16,6,0,0
Bulgaria,2023-04-24,BGR,EURO,6,0,0,0,0,0
Canada,2023-04-24,CAN,AMRO,1511,0,0,3,0,0
Chile,2023-04-24,CHL,AMRO,1446,0,2,1,0,0
Colombia,2023-04-24,COL,AMRO,4089,0,0,0,0,0
Costa Rica,2023-04-24,CRI,AMRO,224,0,1,0,0,0
Croatia,2023-04-24,HRV,EURO,33,0,0,0,0,0
Cuba,2023-04-24,CUB,AMRO,8,0,1,0,0,0
Curaçao,2023-04-24,CUW,AMRO,3,0,0,0,0,0
Cyprus,2023-04-24,CYP,EURO,5,0,0,0,0,0
Czechia,2023-04-24,CZE,EURO,71,0,1,0,0,0
Denmark,2023-04-24,DNK,EURO,196,0,0,0,0,0
Dominican Republic,2023-04-24,DOM,AMRO,75,0,1,0,0,0
Ecuador,2023-04-24,ECU,AMRO,558,0,2,0,0,0
El Salvador,2023-04-24,SLV,AMRO,104,0,0,0,0,0
Estonia,2023-04-24,EST,EURO,11,0,0,0,0,0
Finland,2023-04-24,FIN,EURO,42,0,0,0,0,0
France,2023-04-24,FRA,EURO,4144,0,0,0,0,0
Georgia,2023-04-24,GEO,EURO,2,0,0,0,0,0
Germany,2023-04-24,DEU,EURO,3692,0,0,0,0,0
Gibraltar,2023-04-24,GIB,EURO,6,0,0,0,0,0
Greece,2023-04-24,GRC,EURO,87,0,0,0,0,0
Greenland,2023-04-24,GRL,EURO,2,0,0,0,0,0
Guadeloupe,2023-04-24,GLP,AMRO,1,0,0,0,0,0
Guatemala,2023-04-24,GTM,AMRO,404,0,1,0,0,0
Guyana,2023-04-24,GUY,AMRO,2,0,0,0,0,0
Honduras,2023-04-24,HND,AMRO,44,0,0,0,0,0
Hungary,2023-04-24,HUN,EURO,80,0,0,0,0,0
Iceland,2023-04-24,ISL,EURO,16,0,0,0,0,0
Ireland,2023-04-24,IRL,EURO,228,0,0,0,0,0
Israel,2023-04-24,ISR,EURO,262,0,0,0,0,0
Italy,2023-04-24,ITA,EURO,957,0,0,0,0,0
Jamaica,2023-04-24,JAM,AMRO,21,0,0,0,0,0
Japan,2023-04-24,JPN,WPRO,120,0,0,10,0,0
Latvia,2023-04-24,LVA,EURO,6,0,0,0,0,0
Lithuania,2023-04-24,LTU,EURO,5,0,0,0,0,0
Luxembourg,2023-04-24,LUX,EURO,57,0,0,0,0,0
Malta,2023-04-24,MLT,EURO,34,0,0,0,0,0
Martinique,2023-04-24,MTQ,AMRO,7,0,0,0,0,0
Mexico,2023-04-24,MEX,AMRO,4022,0,31,6,0,1
Monaco,2023-04-24,MCO,EURO,3,0,0,0,0,0
Montenegro,2023-04-24,MNE,EURO,2,0,0,0,0,0
Netherlands,2023-04-24,NLD,EURO,1263,0,0,1,0,0
Norway,2023-04-24,NOR,EURO,95,0,0,0,0,0
Panama,2023-04-24,PAN,AMRO,229,0,1,1,0,0
Paraguay,2023-04-24,PRY,AMRO,125,0,0,0,0,0
Peru,2023-04-24,PER,AMRO,3811,0,24,1,0,0
Poland,2023-04-24,POL,EURO,217,0,0,0,0,0
Portugal,2023-04-24,PRT,EURO,953,0,0,0,0,0
Republic of Korea,2023-04-24,KOR,WPRO,30,0,0,8,0,0
Republic of Moldova,2023-04-24,MDA,EURO,2,0,0,0,0,0
Romania,2023-04-24,ROU,EURO,47,0,0,0,0,0
Russian Federation,2023-04-24,RUS,EURO,2,0,0,0,0,0
Saint Martin,2023-04-24,MAF,AMRO,1,0,0,0,0,0
San Marino,2023-04-24,SMR,EURO,1,0,0,0,0,0
Serbia,2023-04-24,SRB,EURO,40,0,0,0,0,0
Slovakia,2023-04-24,SVK,EURO,14,0,0,0,0,0
Slovenia,2023-04-24,SVN,EURO,47,0,0,0,0,0
Spain,2023-04-24,ESP,EURO,7549,0,3,0,0,0
Sweden,2023-04-24,SWE,EURO,260,0,0,0,0,0
Switzerland,2023-04-24,CHE,EURO,552,0,0,0,0,0
The United Kingdom,2023-04-24,GBR,EURO,3741,0,0,0,0,0
Türkiye,2023-04-24,TUR,EURO,12,0,0,0,0,0
Ukraine,2023-04-24,UKR,EURO,5,0,0,0,0,0
United States of America,2023-04-24,USA,AMRO,30442,0,56,9,0,0
Uruguay,2023-04-24,URY,AMRO,19,0,0,0,0,0
Venezuela (Bolivarian Republic of),2023-04-24,VEN,AMRO,12,0,0,0,0,0
China,2023-04-26,CHN,WPRO,55,0,0,15,0,0
India,2023-04-26,IND,SEARO,22,0,1,0,0,0
Indonesia,2023-04-26,IDN,SEARO,1,0,0,0,0,0
Sri Lanka,2023-04-26,LKA,SEARO,2,0,0,0,0,0
Thailand,2023-04-26,THA,SEARO,21,0,0,2,0,0
Japan,2023-04-27,JPN,WPRO,121,0,0,1,0,0
Australia,2023-04-30,AUS,WPRO,147,0,0,2,0,0
Benin,2023-04-30,BEN,AFRO,3,0,0,0,0,0
Cameroon,2023-04-30,CMR,AFRO,18,0,3,0,0,0
Central African Republic,2023-04-30,CAF,AFRO,44,0,1,0,0,0
Congo,2023-04-30,COG,AFRO,5,0,0,0,0,0
Democratic Republic of the Congo,2023-04-30,COD,AFRO,9,0,0,0,0,0
Ghana,2023-04-30,GHA,AFRO,126,0,4,0,0,0
Liberia,2023-04-30,LBR,AFRO,12,0,0,0,0,0
Mozambique,2023-04-30,MOZ,AFRO,1,0,1,0,0,0
Nigeria,2023-04-30,NGA,AFRO,836,0,9,0,0,0
Republic of Korea,2023-04-30,KOR,WPRO,43,0,0,13,0,0
Saudi Arabia,2023-04-30,SAU,EMRO,13,0,0,3,0,0
South Africa,2023-04-30,ZAF,AFRO,5,0,0,0,0,0
Andorra,2023-05-01,AND,EURO,4,0,0,0,0,0
Argentina,2023-05-01,ARG,AMRO,1130,0,2,0,0,0
Aruba,2023-05-01,ABW,AMRO,3,0,0,0,0,0
Austria,2023-05-01,AUT,EURO,328,0,0,0,0,0
Bahamas,2023-05-01,BHS,AMRO,2,0,0,0,0,0
Barbados,2023-05-01,BRB,AMRO,1,0,0,0,0,0
Belgium,2023-05-01,BEL,EURO,793,0,2,0,0,0
Bermuda,2023-05-01,BMU,AMRO,1,0,0,0,0,0
Bolivia (Plurinational State of),2023-05-01,BOL,AMRO,265,0,0,0,0,0
Bosnia and Herzegovina,2023-05-01,BIH,EURO,9,0,0,0,0,0
Brazil,2023-05-01,BRA,AMRO,11157,0,16,9,0,0
Bulgaria,2023-05-01,BGR,EURO,6,0,0,0,0,0
Canada,2023-05-01,CAN,AMRO,1513,0,0,2,0,0
Chile,2023-05-01,CHL,AMRO,1446,0,2,0,0,0
China,2023-05-01,CHN,WPRO,67,0,0,12,0,0
Colombia,2023-05-01,COL,AMRO,4089,0,0,0,0,0
Costa Rica,2023-05-01,CRI,AMRO,224,0,1,0,0,0
Croatia,2023-05-01,HRV,EURO,33,0,0,0,0,0
Cuba,2023-05-01,CUB,AMRO,8,0,1,0,0,0
Curaçao,2023-05-01,CUW,AMRO,3,0,0,0,0,0
Cyprus,2023-05-01,CYP,EURO,5,0,0,0,0,0
Czechia,2023-05-01,CZE,EURO,71,0,1,0,0,0
Denmark,2023-05-01,DNK,EURO,196,0,0,0,0,0
Dominican Republic,2023-05-01,DOM,AMRO,75,0,1,0,0,0
Ecuador,2023-05-01,ECU,AMRO,560,0,2,2,0,0
El Salvador,2023-05-01,SLV,AMRO,104,0,0,0,0,0
Estonia,2023-05-01,EST,EURO,11,0,0,0,0,0
Finland,2023-05-01,FIN,EURO,42,0,0,0,0,0
France,2023-05-01,FRA,EURO,4144,0,0,0,0,0
Georgia,2023-05-01,GEO,EURO,2,0,0,0,0,0
Germany,2023-05-01,DEU,EURO,3692,0,0,0,0,0
Gibraltar,2023-05-01,GIB,EURO,6,0,0,0,0,0
Greece,2023-05-01,GRC,EURO,87,0,0,0,0,0
Greenland,2023-05-01,GRL,EURO,2,0,0,0,0,0
Guadeloupe,2023-05-01,GLP,AMRO,1,0,0,0,0,0
Guatemala,2023-05-01,GTM,AMRO,404,0,1,0,0,0
Guyana,2023-05-01,GUY,AMRO,2,0,0,0,0,0
Honduras,2023-05-01,HND,AMRO,44,0,0,0,0,0
Hungary,2023-05-01,HUN,EURO,80,0,0,0,0,0
Iceland,2023-05-01,ISL,EURO,16,0,0,0,0,0
Ireland,2023-05-01,IRL,EURO,228,0,0,0,0,0
Israel,2023-05-01,ISR,EURO,262,0,0,0,0,0
Italy,2023-05-01,ITA,EURO,957,0,0,0,0,0
Jamaica,2023-05-01,JAM,AMRO,21,0,0,0,0,0
Latvia,2023-05-01,LVA,EURO,6,0,0,0,0,0
Lithuania,2023-05-01,LTU,EURO,5,0,0,0,0,0
Luxembourg,2023-05-01,LUX,EURO,57,0,0,0,0,0
Malta,2023-05-01,MLT,EURO,34,0,0,0,0,0
Martinique,2023-05-01,MTQ,AMRO,7,0,0,0,0,0
Mexico,2023-05-01,MEX,AMRO,4023,0,31,1,0,0
Monaco,2023-05-01,MCO,EURO,3,0,0,0,0,0
Montenegro,2023-05-01,MNE,EURO,2,0,0,0,0,0
Netherlands,2023-05-01,NLD,EURO,1263,0,0,0,0,0
Norway,2023-05-01,NOR,EURO,95,0,0,0,0,0
Panama,2023-05-01,PAN,AMRO,231,0,1,2,0,0
Paraguay,2023-05-01,PRY,AMRO,125,0,0,0,0,0
Peru,2023-05-01,PER,AMRO,3813,0,24,2,0,0
Poland,2023-05-01,POL,EURO,217,0,0,0,0,0
Portugal,2023-05-01,PRT,EURO,953,0,0,0,0,0
Republic of Korea,2023-05-01,KOR,WPRO,49,0,0,6,0,0
Republic of Moldova,2023-05-01,MDA,EURO,2,0,0,0,0,0
Romania,2023-05-01,ROU,EURO,47,0,0,0,0,0
Russian Federation,2023-05-01,RUS,EURO,2,0,0,0,0,0
Saint Martin,2023-05-01,MAF,AMRO,1,0,0,0,0,0
San Marino,2023-05-01,SMR,EURO,1,0,0,0,0,0
Serbia,2023-05-01,SRB,EURO,40,0,0,0,0,0
Slovakia,2023-05-01,SVK,EURO,14,0,0,0,0,0
Slovenia,2023-05-01,SVN,EURO,47,0,0,0,0,0
Spain,2023-05-01,ESP,EURO,7549,0,3,0,0,0
Sweden,2023-05-01,SWE,EURO,260,0,0,0,0,0
Switzerland,2023-05-01,CHE,EURO,552,0,0,0,0,0
The United Kingdom,2023-05-01,GBR,EURO,3741,0,0,0,0,0
Türkiye,2023-05-01,TUR,EURO,12,0,0,0,0,0
Ukraine,2023-05-01,UKR,EURO,5,0,0,0,0,0
United States of America,2023-05-01,USA,AMRO,30466,0,56,24,0,0
Uruguay,2023-05-01,URY,AMRO,19,0,0,0,0,0
Venezuela (Bolivarian Republic of),2023-05-01,VEN,AMRO,12,0,0,0,0,0
China,2023-05-02,CHN,WPRO,71,0,0,4,0,0
Japan,2023-05-02,JPN,WPRO,127,0,0,6,0,0
Mozambique,2023-05-02,MOZ,AFRO,1,0,1,0,0,0
Andorra,2023-05-03,AND,EURO,4,0,0,0,0,0
Austria,2023-05-03,AUT,EURO,328,0,0,0,0,0
Belgium,2023-05-03,BEL,EURO,793,0,2,0,0,0
Bosnia and Herzegovina,2023-05-03,BIH,EURO,9,0,0,0,0,0
Bulgaria,2023-05-03,BGR,EURO,6,0,0,0,0,0
Croatia,2023-05-03,HRV,EURO,33,0,0,0,0,0
Cyprus,2023-05-03,CYP,EURO,5,0,0,0,0,0
Czechia,2023-05-03,CZE,EURO,71,0,1,0,0,0
Denmark,2023-05-03,DNK,EURO,196,0,0,0,0,0
Estonia,2023-05-03,EST,EURO,11,0,0,0,0,0
Finland,2023-05-03,FIN,EURO,42,0,0,0,0,0
France,2023-05-03,FRA,EURO,4146,0,0,2,0,0
Georgia,2023-05-03,GEO,EURO,2,0,0,0,0,0
Germany,2023-05-03,DEU,EURO,3691,0,0,-1,0,0
Gibraltar,2023-05-03,GIB,EURO,6,0,0,0,0,0
Greece,2023-05-03,GRC,EURO,88,0,0,1,0,0
Greenland,2023-05-03,GRL,EURO,2,0,0,0,0,0
Hungary,2023-05-03,HUN,EURO,80,0,0,0,0,0
Iceland,2023-05-03,ISL,EURO,16,0,0,0,0,0
Ireland,2023-05-03,IRL,EURO,229,0,0,1,0,0
Israel,2023-05-03,ISR,EURO,262,0,0,0,0,0
Italy,2023-05-03,ITA,EURO,957,0,0,0,0,0
Latvia,2023-05-03,LVA,EURO,6,0,0,0,0,0
Lithuania,2023-05-03,LTU,EURO,5,0,0,0,0,0
Luxembourg,2023-05-03,LUX,EURO,57,0,0,0,0,0
Malta,2023-05-03,MLT,EURO,34,0,0,0,0,0
Monaco,2023-05-03,MCO,EURO,3,0,0,0,0,0
Montenegro,2023-05-03,MNE,EURO,2,0,0,0,0,0
Mozambique,2023-05-03,MOZ,AFRO,1,0,1,0,0,0
Netherlands,2023-05-03,NLD,EURO,1264,0,0,1,0,0
Norway,2023-05-03,NOR,EURO,95,0,0,0,0,0
Pakistan,2023-05-03,PAK,EMRO,3,0,0,1,0,0
Poland,2023-05-03,POL,EURO,217,0,0,0,0,0
Portugal,2023-05-03,PRT,EURO,953,0,0,0,0,0
Republic of Moldova,2023-05-03,MDA,EURO,2,0,0,0,0,0
Romania,2023-05-03,ROU,EURO,47,0,0,0,0,0
Russian Federation,2023-05-03,RUS,EURO,2,0,0,0,0,0
San Marino,2023-05-03,SMR,EURO,1,0,0,0,0,0
Serbia,2023-05-03,SRB,EURO,40,0,0,0,0,0
Slovakia,2023-05-03,SVK,EURO,14,0,0,0,0,0
Slovenia,2023-05-03,SVN,EURO,47,0,0,0,0,0
Spain,2023-05-03,ESP,EURO,7551,0,3,2,0,0
Sweden,2023-05-03,SWE,EURO,260,0,0,0,0,0
Switzerland,2023-05-03,CHE,EURO,552,0,0,0,0,0
The United Kingdom,2023-05-03,GBR,EURO,3741,0,0,0,0,0
Türkiye,2023-05-03,TUR,EURO,12,0,0,0,0,0
Ukraine,2023-05-03,UKR,EURO,5,0,0,0,0,0
Pakistan,2023-05-04,PAK,EMRO,4,0,0,1,0,0
Republic of Korea,2023-05-04,KOR,WPRO,54,0,0,5,0,0
Australia,2023-05-05,AUS,WPRO,145,0,0,-2,0,0
Singapore,2023-05-05,SGP,WPRO,25,0,0,2,0,0
Benin,2023-05-07,BEN,AFRO,3,0,0,0,0,0
Cameroon,2023-05-07,CMR,AFRO,18,0,3,0,0,0
Central African Republic,2023-05-07,CAF,AFRO,44,0,1,0,0,0
Congo,2023-05-07,COG,AFRO,5,0,0,0,0,0
Democratic Republic of the Congo,2023-05-07,COD,AFRO,9,0,1,0,0,1
Ghana,2023-05-07,GHA,AFRO,127,0,4,1,0,0
Liberia,2023-05-07,LBR,AFRO,12,0,0,0,0,0
Nigeria,2023-05-07,NGA,AFRO,838,0,9,2,0,0
Republic of Korea,2023-05-07,KOR,WPRO,60,0,0,6,0,0
South Africa,2023-05-07,ZAF,AFRO,5,0,0,0,0,0
Andorra,2023-05-08,AND,EURO,4,0,0,0,0,0
Argentina,2023-05-08,ARG,AMRO,1131,0,2,1,0,0
Aruba,2023-05-08,ABW,AMRO,3,0,0,0,0,0
Austria,2023-05-08,AUT,EURO,328,0,0,0,0,0
Bahamas,2023-05-08,BHS,AMRO,2,0,0,0,0,0
Barbados,2023-05-08,BRB,AMRO,1,0,0,0,0,0
Belgium,2023-05-08,BEL,EURO,793,0,2,0,0,0
Bermuda,2023-05-08,BMU,AMRO,1,0,0,0,0,0
Bolivia (Plurinational State of),2023-05-08,BOL,AMRO,265,0,0,0,0,0
Bosnia and Herzegovina,2023-05-08,BIH,EURO,9,0,0,0,0,0
Brazil,2023-05-08,BRA,AMRO,11163,0,16,6,0,0
Bulgaria,2023-05-08,BGR,EURO,6,0,0,0,0,0
Canada,2023-05-08,CAN,AMRO,1514,0,0,1,0,0
Chile,2023-05-08,CHL,AMRO,1446,0,2,0,0,0
Colombia,2023-05-08,COL,AMRO,4091,0,0,2,0,0
Costa Rica,2023-05-08,CRI,AMRO,224,0,1,0,0,0
Croatia,2023-05-08,HRV,EURO,33,0,0,0,0,0
Cuba,2023-05-08,CUB,AMRO,8,0,1,0,0,0
Curaçao,2023-05-08,CUW,AMRO,3,0,0,0,0,0
Cyprus,2023-05-08,CYP,EURO,5,0,0,0,0,0
Czechia,2023-05-08,CZE,EURO,71,0,1,0,0,0
Denmark,2023-05-08,DNK,EURO,196,0,0,0,0,0
Dominican Republic,2023-05-08,DOM,AMRO,75,0,1,0,0,0
Ecuador,2023-05-08,ECU,AMRO,562,0,2,2,0,0
El Salvador,2023-05-08,SLV,AMRO,104,0,0,0,0,0
Estonia,2023-05-08,EST,EURO,11,0,0,0,0,0
Finland,2023-05-08,FIN,EURO,42,0,0,0,0,0
France,2023-05-08,FRA,EURO,4146,0,0,0,0,0
Georgia,2023-05-08,GEO,EURO,2,0,0,0,0,0
Germany,2023-05-08,DEU,EURO,3691,0,0,0,0,0
Gibraltar,2023-05-08,GIB,EURO,6,0,0,0,0,0
Greece,2023-05-08,GRC,EURO,88,0,0,0,0,0
Greenland,2023-05-08,GRL,EURO,2,0,0,0,0,0
Guadeloupe,2023-05-08,GLP,AMRO,1,0,0,0,0,0
Guatemala,2023-05-08,GTM,AMRO,404,0,1,0,0,0
Guyana,2023-05-08,GUY,AMRO,2,0,0,0,0,0
Honduras,2023-05-08,HND,AMRO,44,0,0,0,0,0
Hungary,2023-05-08,HUN,EURO,80,0,0,0,0,0
Iceland,2023-05-08,ISL,EURO,16,0,0,0,0,0
Ireland,2023-05-08,IRL,EURO,229,0,0,0,0,0
Israel,2023-05-08,ISR,EURO,262,0,0,0,0,0
Italy,2023-05-08,ITA,EURO,957,0,0,0,0,0
Jamaica,2023-05-08,JAM,AMRO,21,0,0,0,0,0
Latvia,2023-05-08,LVA,EURO,6,0,0,0,0,0
Lithuania,2023-05-08,LTU,EURO,5,0,0,0,0,0
Luxembourg,2023-05-08,LUX,EURO,57,0,0,0,0,0
Malta,2023-05-08,MLT,EURO,34,0,0,0,0,0
Martinique,2023-05-08,MTQ,AMRO,7,0,0,0,0,0
Mexico,2023-05-08,MEX,AMRO,4023,0,32,0,0,1
Monaco,2023-05-08,MCO,EURO,3,0,0,0,0,0
Montenegro,2023-05-08,MNE,EURO,2,0,0,0,0,0
Netherlands,2023-05-08,NLD,EURO,1264,0,0,0,0,0
Norway,2023-05-08,NOR,EURO,95,0,0,0,0,0
Panama,2023-05-08,PAN,AMRO,234,0,1,3,0,0
Paraguay,2023-05-08,PRY,AMRO,125,0,0,0,0,0
Peru,2023-05-08,PER,AMRO,3813,0,24,0,0,0
Poland,2023-05-08,POL,EURO,217,0,0,0,0,0
Portugal,2023-05-08,PRT,EURO,953,0,0,0,0,0
Republic of Moldova,2023-05-08,MDA,EURO,2,0,0,0,0,0
Romania,2023-05-08,ROU,EURO,47,0,0,0,0,0
Russian Federation,2023-05-08,RUS,EURO,2,0,0,0,0,0
Saint Martin,2023-05-08,MAF,AMRO,1,0,0,0,0,0
San Marino,2023-05-08,SMR,EURO,1,0,0,0,0,0
Serbia,2023-05-08,SRB,EURO,40,0,0,0,0,0
Slovakia,2023-05-08,SVK,EURO,14,0,0,0,0,0
Slovenia,2023-05-08,SVN,EURO,47,0,0,0,0,0
Spain,2023-05-08,ESP,EURO,7551,0,3,0,0,0
Sweden,2023-05-08,SWE,EURO,260,0,0,0,0,0
Switzerland,2023-05-08,CHE,EURO,552,0,0,0,0,0
The United Kingdom,2023-05-08,GBR,EURO,3741,0,0,0,0,0
Türkiye,2023-05-08,TUR,EURO,12,0,0,0,0,0
Ukraine,2023-05-08,UKR,EURO,5,0,0,0,0,0
United States of America,2023-05-08,USA,AMRO,30485,0,56,19,0,0
Uruguay,2023-05-08,URY,AMRO,19,0,0,0,0,0
Venezuela (Bolivarian Republic of),2023-05-08,VEN,AMRO,12,0,0,0,0,0
India,2023-05-09,IND,SEARO,22,0,1,0,0,0
Indonesia,2023-05-09,IDN,SEARO,1,0,0,0,0,0
Republic of Korea,2023-05-09,KOR,WPRO,64,0,0,4,0,0
Sri Lanka,2023-05-09,LKA,SEARO,2,0,0,0,0,0
Thailand,2023-05-09,THA,SEARO,24,0,0,3,0,0
China,2023-05-10,CHN,WPRO,86,0,0,15,0,0
India,2023-05-10,IND,SEARO,22,0,1,0,0,0
Indonesia,2023-05-10,IDN,SEARO,1,0,0,0,0,0
Republic of Korea,2023-05-10,KOR,WPRO,68,0,0,4,0,0
Sri Lanka,2023-05-10,LKA,SEARO,2,0,0,0,0,0
Thailand,2023-05-10,THA,SEARO,25,0,0,1,0,0
China,2023-05-11,CHN,WPRO,87,0,0,1,0,0
Mozambique,2023-05-11,MOZ,AFRO,1,0,1,0,0,0
India,2023-05-12,IND,SEARO,22,0,1,0,0,0
Indonesia,2023-05-12,IDN,SEARO,1,0,0,0,0,0
Japan,2023-05-12,JPN,WPRO,135,0,0,8,0,0
Republic of Korea,2023-05-12,KOR,WPRO,71,0,0,3,0,0
Sri Lanka,2023-05-12,LKA,SEARO,2,0,0,0,0,0
Thailand,2023-05-12,THA,SEARO,26,0,0,1,0,0
Philippines,2023-05-13,PHL,WPRO,5,0,0,1,0,0
Benin,2023-05-14,BEN,AFRO,3,0,0,0,0,0
Cameroon,2023-05-14,CMR,AFRO,18,0,3,0,0,0
Central African Republic,2023-05-14,CAF,AFRO,44,0,1,0,0,0
Congo,2023-05-14,COG,AFRO,5,0,0,0,0,0
Democratic Republic of the Congo,2023-05-14,COD,AFRO,9,0,2,0,0,1
Ghana,2023-05-14,GHA,AFRO,128,0,4,1,0,0
Japan,2023-05-14,JPN,WPRO,149,0,0,14,0,0
Liberia,2023-05-14,LBR,AFRO,12,0,0,0,0,0
Mozambique,2023-05-14,MOZ,AFRO,1,0,1,0,0,0
Nigeria,2023-05-14,NGA,AFRO,842,0,9,4,0,0
South Africa,2023-05-14,ZAF,AFRO,5,0,0,0,0,0
Andorra,2023-05-15,AND,EURO,4,0,0,0,0,0
Argentina,2023-05-15,ARG,AMRO,1132,0,2,1,0,0
Aruba,2023-05-15,ABW,AMRO,3,0,0,0,0,0
Austria,2023-05-15,AUT,EURO,328,0,0,0,0,0
Bahamas,2023-05-15,BHS,AMRO,2,0,0,0,0,0
Barbados,2023-05-15,BRB,AMRO,1,0,0,0,0,0
Belgium,2023-05-15,BEL,EURO,793,0,2,0,0,0
Bermuda,2023-05-15,BMU,AMRO,1,0,0,0,0,0
Bolivia (Plurinational State of),2023-05-15,BOL,AMRO,265,0,0,0,0,0
Bosnia and Herzegovina,2023-05-15,BIH,EURO,9,0,0,0,0,0
Brazil,2023-05-15,BRA,AMRO,11166,0,16,3,0,0
Bulgaria,2023-05-15,BGR,EURO,6,0,0,0,0,0
Canada,2023-05-15,CAN,AMRO,1516,0,0,2,0,0
Chile,2023-05-15,CHL,AMRO,1446,0,2,0,0,0
Colombia,2023-05-15,COL,AMRO,4091,0,0,0,0,0
Costa Rica,2023-05-15,CRI,AMRO,224,0,1,0,0,0
Croatia,2023-05-15,HRV,EURO,33,0,0,0,0,0
Cuba,2023-05-15,CUB,AMRO,8,0,1,0,0,0
Curaçao,2023-05-15,CUW,AMRO,3,0,0,0,0,0
Cyprus,2023-05-15,CYP,EURO,5,0,0,0,0,0
Czechia,2023-05-15,CZE,EURO,71,0,1,0,0,0
Denmark,2023-05-15,DNK,EURO,196,0,0,0,0,0
Dominican Republic,2023-05-15,DOM,AMRO,75,0,1,0,0,0
Ecuador,2023-05-15,ECU,AMRO,563,0,2,1,0,0
El Salvador,2023-05-15,SLV,AMRO,105,0,0,1,0,0
Estonia,2023-05-15,EST,EURO,11,0,0,0,0,0
Finland,2023-05-15,FIN,EURO,42,0,0,0,0,0
France,2023-05-15,FRA,EURO,4146,0,0,0,0,0
Georgia,2023-05-15,GEO,EURO,2,0,0,0,0,0
Germany,2023-05-15,DEU,EURO,3691,0,0,0,0,0
Gibraltar,2023-05-15,GIB,EURO,6,0,0,0,0,0
Greece,2023-05-15,GRC,EURO,88,0,0,0,0,0
Greenland,2023-05-15,GRL,EURO,2,0,0,0,0,0
Guadeloupe,2023-05-15,GLP,AMRO,1,0,0,0,0,0
Guatemala,2023-05-15,GTM,AMRO,404,0,1,0,0,0
Guyana,2023-05-15,GUY,AMRO,2,0,0,0,0,0
Honduras,2023-05-15,HND,AMRO,44,0,0,0,0,0
Hungary,2023-05-15,HUN,EURO,80,0,0,0,0,0
Iceland,2023-05-15,ISL,EURO,16,0,0,0,0,0
Ireland,2023-05-15,IRL,EURO,229,0,0,0,0,0
Israel,2023-05-15,ISR,EURO,262,0,0,0,0,0
Italy,2023-05-15,ITA,EURO,957,0,0,0,0,0
Jamaica,2023-05-15,JAM,AMRO,21,0,0,0,0,0
Latvia,2023-05-15,LVA,EURO,6,0,0,0,0,0
Lithuania,2023-05-15,LTU,EURO,5,0,0,0,0,0
Luxembourg,2023-05-15,LUX,EURO,57,0,0,0,0,0
Malta,2023-05-15,MLT,EURO,34,0,0,0,0,0
Martinique,2023-05-15,MTQ,AMRO,7,0,0,0,0,0
Mexico,2023-05-15,MEX,AMRO,4025,0,32,2,0,0
Monaco,2023-05-15,MCO,EURO,3,0,0,0,0,0
Montenegro,2023-05-15,MNE,EURO,2,0,0,0,0,0
Netherlands,2023-05-15,NLD,EURO,1264,0,0,0,0,0
Norway,2023-05-15,NOR,EURO,95,0,0,0,0,0
Panama,2023-05-15,PAN,AMRO,235,0,1,1,0,0
Paraguay,2023-05-15,PRY,AMRO,125,0,0,0,0,0
Peru,2023-05-15,PER,AMRO,3813,0,24,0,0,0
Poland,2023-05-15,POL,EURO,217,0,0,0,0,0
Portugal,2023-05-15,PRT,EURO,953,0,0,0,0,0
Republic of Korea,2023-05-15,KOR,WPRO,75,0,0,4,0,0
Republic of Moldova,2023-05-15,MDA,EURO,2,0,0,0,0,0
Romania,2023-05-15,ROU,EURO,47,0,0,0,0,0
Russian Federation,2023-05-15,RUS,EURO,2,0,0,0,0,0
Saint Martin,2023-05-15,MAF,AMRO,1,0,0,0,0,0
San Marino,2023-05-15,SMR,EURO,1,0,0,0,0,0
Serbia,2023-05-15,SRB,EURO,40,0,0,0,0,0
Slovakia,2023-05-15,SVK,EURO,14,0,0,0,0,0
Slovenia,2023-05-15,SVN,EURO,47,0,0,0,0,0
Spain,2023-05-15,ESP,EURO,7551,0,3,0,0,0
Sweden,2023-05-15,SWE,EURO,260,0,0,0,0,0
Switzerland,2023-05-15,CHE,EURO,552,0,0,0,0,0
The United Kingdom,2023-05-15,GBR,EURO,3742,0,0,1,0,0
Türkiye,2023-05-15,TUR,EURO,12,0,0,0,0,0
Ukraine,2023-05-15,UKR,EURO,5,0,0,0,0,0
United States of America,2023-05-15,USA,AMRO,30505,0,56,20,0,0
Uruguay,2023-05-15,URY,AMRO,19,0,0,0,0,0
Venezuela (Bolivarian Republic of),2023-05-15,VEN,AMRO,12,0,0,0,0,0
China,2023-05-17,CHN,WPRO,99,0,0,12,0,0
United Arab Emirates,2023-05-17,ARE,EMRO,22,0,0,1,0,0
Pakistan,2023-05-20,PAK,EMRO,5,0,0,1,0,0
Republic of Korea,2023-05-20,KOR,WPRO,80,0,0,5,0,0
Benin,2023-05-21,BEN,AFRO,3,0,0,0,0,0
Cameroon,2023-05-21,CMR,AFRO,30,0,3,12,0,0
Central African Republic,2023-05-21,CAF,AFRO,44,0,1,0,0,0
Congo,2023-05-21,COG,AFRO,5,0,0,0,0,0
Democratic Republic of the Congo,2023-05-21,COD,AFRO,9,0,2,0,0,0
Ghana,2023-05-21,GHA,AFRO,128,0,4,0,0,0
Liberia,2023-05-21,LBR,AFRO,12,0,0,0,0,0
Mozambique,2023-05-21,MOZ,AFRO,1,0,1,0,0,0
Nigeria,2023-05-21,NGA,AFRO,843,0,9,1,0,0
Pakistan,2023-05-21,PAK,EMRO,6,0,0,1,0,0
South Africa,2023-05-21,ZAF,AFRO,5,0,0,0,0,0
Andorra,2023-05-22,AND,EURO,4,0,0,0,0,0
Argentina,2023-05-22,ARG,AMRO,1133,0,2,1,0,0
Aruba,2023-05-22,ABW,AMRO,3,0,0,0,0,0
Austria,2023-05-22,AUT,EURO,328,0,0,0,0,0
Bahamas,2023-05-22,BHS,AMRO,2,0,0,0,0,0
Barbados,2023-05-22,BRB,AMRO,1,0,0,0,0,0
Belgium,2023-05-22,BEL,EURO,793,0,2,0,0,0
Bermuda,2023-05-22,BMU,AMRO,1,0,0,0,0,0
Bolivia (Plurinational State of),2023-05-22,BOL,AMRO,265,0,0,0,0,0
Bosnia and Herzegovina,2023-05-22,BIH,EURO,9,0,0,0,0,0
Brazil,2023-05-22,BRA,AMRO,11170,0,16,4,0,0
Bulgaria,2023-05-22,BGR,EURO,6,0,0,0,0,0
Canada,2023-05-22,CAN,AMRO,1518,0,0,2,0,0
Chile,2023-05-22,CHL,AMRO,1446,0,2,0,0,0
Colombia,2023-05-22,COL,AMRO,4091,0,0,0,0,0
Costa Rica,2023-05-22,CRI,AMRO,224,0,1,0,0,0
Croatia,2023-05-22,HRV,EURO,33,0,0,0,0,0
Cuba,2023-05-22,CUB,AMRO,8,0,1,0,0,0
Curaçao,2023-05-22,CUW,AMRO,3,0,0,0,0,0
Cyprus,2023-05-22,CYP,EURO,5,0,0,0,0,0
Czechia,2023-05-22,CZE,EURO,71,0,1,0,0,0
Denmark,2023-05-22,DNK,EURO,196,0,0,0,0,0
Dominican Republic,2023-05-22,DOM,AMRO,75,0,1,0,0,0
Ecuador,2023-05-22,ECU,AMRO,564,0,2,1,0,0
El Salvador,2023-05-22,SLV,AMRO,105,0,0,0,0,0
Estonia,2023-05-22,EST,EURO,11,0,0,0,0,0
Finland,2023-05-22,FIN,EURO,42,0,0,0,0,0
France,2023-05-22,FRA,EURO,4146,0,0,0,0,0
Georgia,2023-05-22,GEO,EURO,2,0,0,0,0,0
Germany,2023-05-22,DEU,EURO,3691,0,0,0,0,0
Gibraltar,2023-05-22,GIB,EURO,6,0,0,0,0,0
Greece,2023-05-22,GRC,EURO,88,0,0,0,0,0
Greenland,2023-05-22,GRL,EURO,2,0,0,0,0,0
Guadeloupe,2023-05-22,GLP,AMRO,1,0,0,0,0,0
Guatemala,2023-05-22,GTM,AMRO,404,0,1,0,0,0
Guyana,2023-05-22,GUY,AMRO,2,0,0,0,0,0
Honduras,2023-05-22,HND,AMRO,44,0,0,0,0,0
Hungary,2023-05-22,HUN,EURO,80,0,0,0,0,0
Iceland,2023-05-22,ISL,EURO,16,0,0,0,0,0
Ireland,2023-05-22,IRL,EURO,229,0,0,0,0,0
Israel,2023-05-22,ISR,EURO,262,0,0,0,0,0
Italy,2023-05-22,ITA,EURO,957,0,0,0,0,0
Jamaica,2023-05-22,JAM,AMRO,21,0,0,0,0,0
Latvia,2023-05-22,LVA,EURO,6,0,0,0,0,0
Lithuania,2023-05-22,LTU,EURO,5,0,0,0,0,0
Luxembourg,2023-05-22,LUX,EURO,57,0,0,0,0,0
Malta,2023-05-22,MLT,EURO,34,0,0,0,0,0
Martinique,2023-05-22,MTQ,AMRO,7,0,0,0,0,0
Mexico,2023-05-22,MEX,AMRO,4028,0,32,3,0,0
Monaco,2023-05-22,MCO,EURO,3,0,0,0,0,0
Montenegro,2023-05-22,MNE,EURO,2,0,0,0,0,0
Netherlands,2023-05-22,NLD,EURO,1264,0,0,0,0,0
Norway,2023-05-22,NOR,EURO,95,0,0,0,0,0
Panama,2023-05-22,PAN,AMRO,236,0,1,1,0,0
Paraguay,2023-05-22,PRY,AMRO,126,0,0,1,0,0
Peru,2023-05-22,PER,AMRO,3814,0,24,1,0,0
Poland,2023-05-22,POL,EURO,217,0,0,0,0,0
Portugal,2023-05-22,PRT,EURO,953,0,1,0,0,1
Republic of Moldova,2023-05-22,MDA,EURO,2,0,0,0,0,0
Romania,2023-05-22,ROU,EURO,47,0,0,0,0,0
Russian Federation,2023-05-22,RUS,EURO,2,0,0,0,0,0
Saint Martin,2023-05-22,MAF,AMRO,1,0,0,0,0,0
San Marino,2023-05-22,SMR,EURO,1,0,0,0,0,0
Serbia,2023-05-22,SRB,EURO,40,0,0,0,0,0
Slovakia,2023-05-22,SVK,EURO,14,0,0,0,0,0
Slovenia,2023-05-22,SVN,EURO,47,0,0,0,0,0
Spain,2023-05-22,ESP,EURO,7551,0,3,0,0,0
Sweden,2023-05-22,SWE,EURO,260,0,0,0,0,0
Switzerland,2023-05-22,CHE,EURO,552,0,0,0,0,0
The United Kingdom,2023-05-22,GBR,EURO,3742,0,0,0,0,0
Türkiye,2023-05-22,TUR,EURO,12,0,0,0,0,0
Ukraine,2023-05-22,UKR,EURO,5,0,0,0,0,0
United States of America,2023-05-22,USA,AMRO,30526,0,56,21,0,0
Uruguay,2023-05-22,URY,AMRO,19,0,0,0,0,0
Venezuela (Bolivarian Republic of),2023-05-22,VEN,AMRO,12,0,0,0,0,0
China,2023-05-23,CHN,WPRO,119,0,0,20,0,0
Republic of Korea,2023-05-23,KOR,WPRO,84,0,0,4,0,0
Japan,2023-05-26,JPN,WPRO,163,0,0,14,0,0
Republic of Korea,2023-05-26,KOR,WPRO,89,0,0,5,0,0
Benin,2023-05-28,BEN,AFRO,3,0,0,0,0,0
Cameroon,2023-05-28,CMR,AFRO,31,0,3,1,0,0
Central African Republic,2023-05-28,CAF,AFRO,44,0,1,0,0,0
Congo,2023-05-28,COG,AFRO,5,0,0,0,0,0
Democratic Republic of the Congo,2023-05-28,COD,AFRO,9,0,2,0,0,0
Ghana,2023-05-28,GHA,AFRO,128,0,4,0,0,0
Liberia,2023-05-28,LBR,AFRO,12,0,0,0,0,0
Mozambique,2023-05-28,MOZ,AFRO,1,0,1,0,0,0
Nigeria,2023-05-28,NGA,AFRO,843,0,9,0,0,0
South Africa,2023-05-28,ZAF,AFRO,5,0,0,0,0,0
Argentina,2023-05-29,ARG,AMRO,1133,0,2,0,0,0
Aruba,2023-05-29,ABW,AMRO,3,0,0,0,0,0
Bahamas,2023-05-29,BHS,AMRO,4,0,0,2,0,0
Barbados,2023-05-29,BRB,AMRO,1,0,0,0,0,0
Bermuda,2023-05-29,BMU,AMRO,1,0,0,0,0,0
Bolivia (Plurinational State of),2023-05-29,BOL,AMRO,265,0,0,0,0,0
Brazil,2023-05-29,BRA,AMRO,11176,0,16,6,0,0
Canada,2023-05-29,CAN,AMRO,1521,0,0,3,0,0
Chile,2023-05-29,CHL,AMRO,1446,0,3,0,0,1
Colombia,2023-05-29,COL,AMRO,4091,0,0,0,0,0
Costa Rica,2023-05-29,CRI,AMRO,224,0,1,0,0,0
Cuba,2023-05-29,CUB,AMRO,8,0,1,0,0,0
Curaçao,2023-05-29,CUW,AMRO,3,0,0,0,0,0
Dominican Republic,2023-05-29,DOM,AMRO,75,0,1,0,0,0
Ecuador,2023-05-29,ECU,AMRO,564,0,2,0,0,0
El Salvador,2023-05-29,SLV,AMRO,105,0,0,0,0,0
Guadeloupe,2023-05-29,GLP,AMRO,1,0,0,0,0,0
Guatemala,2023-05-29,GTM,AMRO,404,0,1,0,0,0
Guyana,2023-05-29,GUY,AMRO,2,0,0,0,0,0
Honduras,2023-05-29,HND,AMRO,44,0,0,0,0,0
Jamaica,2023-05-29,JAM,AMRO,21,0,0,0,0,0
Martinique,2023-05-29,MTQ,AMRO,7,0,0,0,0,0
Mexico,2023-05-29,MEX,AMRO,4032,0,32,4,0,0
Panama,2023-05-29,PAN,AMRO,236,0,1,0,0,0
Paraguay,2023-05-29,PRY,AMRO,126,0,0,0,0,0
Peru,2023-05-29,PER,AMRO,3814,0,24,0,0,0
Saint Martin,2023-05-29,MAF,AMRO,1,0,0,0,0,0
United States of America,2023-05-29,USA,AMRO,30546,0,56,20,0,0
Uruguay,2023-05-29,URY,AMRO,19,0,0,0,0,0
Venezuela (Bolivarian Republic of),2023-05-29,VEN,AMRO,12,0,0,0,0,0
Andorra,2023-05-30,AND,EURO,4,0,0,0,0,0
Austria,2023-05-30,AUT,EURO,328,0,0,0,0,0
Belgium,2023-05-30,BEL,EURO,793,0,2,0,0,0
Bosnia and Herzegovina,2023-05-30,BIH,EURO,9,0,0,0,0,0
Bulgaria,2023-05-30,BGR,EURO,6,0,0,0,0,0
China,2023-05-30,CHN,WPRO,136,0,0,17,0,0
Croatia,2023-05-30,HRV,EURO,33,0,0,0,0,0
Cyprus,2023-05-30,CYP,EURO,5,0,0,0,0,0
Czechia,2023-05-30,CZE,EURO,71,0,1,0,0,0
Denmark,2023-05-30,DNK,EURO,196,0,0,0,0,0
Estonia,2023-05-30,EST,EURO,11,0,0,0,0,0
Finland,2023-05-30,FIN,EURO,42,0,0,0,0,0
France,2023-05-30,FRA,EURO,4146,0,0,0,0,0
Georgia,2023-05-30,GEO,EURO,2,0,0,0,0,0
Germany,2023-05-30,DEU,EURO,3691,0,0,0,0,0
Gibraltar,2023-05-30,GIB,EURO,6,0,0,0,0,0
Greece,2023-05-30,GRC,EURO,88,0,0,0,0,0
Greenland,2023-05-30,GRL,EURO,2,0,0,0,0,0
Hungary,2023-05-30,HUN,EURO,80,0,0,0,0,0
Iceland,2023-05-30,ISL,EURO,16,0,0,0,0,0
Ireland,2023-05-30,IRL,EURO,229,0,0,0,0,0
Israel,2023-05-30,ISR,EURO,262,0,0,0,0,0
Italy,2023-05-30,ITA,EURO,957,0,0,0,0,0
Latvia,2023-05-30,LVA,EURO,6,0,0,0,0,0
Lithuania,2023-05-30,LTU,EURO,5,0,0,0,0,0
Luxembourg,2023-05-30,LUX,EURO,57,0,0,0,0,0
Malta,2023-05-30,MLT,EURO,34,0,0,0,0,0
Monaco,2023-05-30,MCO,EURO,3,0,0,0,0,0
Montenegro,2023-05-30,MNE,EURO,2,0,0,0,0,0
Netherlands,2023-05-30,NLD,EURO,1264,0,0,0,0,0
Norway,2023-05-30,NOR,EURO,95,0,0,0,0,0
Poland,2023-05-30,POL,EURO,217,0,0,0,0,0
Portugal,2023-05-30,PRT,EURO,953,0,1,0,0,0
Republic of Moldova,2023-05-30,MDA,EURO,2,0,0,0,0,0
Romania,2023-05-30,ROU,EURO,47,0,0,0,0,0
Russian Federation,2023-05-30,RUS,EURO,2,0,0,0,0,0
San Marino,2023-05-30,SMR,EURO,1,0,0,0,0,0
Serbia,2023-05-30,SRB,EURO,40,0,0,0,0,0
Slovakia,2023-05-30,SVK,EURO,14,0,0,0,0,0
Slovenia,2023-05-30,SVN,EURO,47,0,0,0,0,0
Spain,2023-05-30,ESP,EURO,7555,0,3,4,0,0
Sweden,2023-05-30,SWE,EURO,260,0,0,0,0,0
Switzerland,2023-05-30,CHE,EURO,552,0,0,0,0,0
The United Kingdom,2023-05-30,GBR,EURO,3752,0,0,10,0,0
Türkiye,2023-05-30,TUR,EURO,12,0,0,0,0,0
Ukraine,2023-05-30,UKR,EURO,5,0,0,0,0,0
Australia,2023-05-31,AUS,WPRO,148,0,0,3,0,0
India,2023-05-31,IND,SEARO,22,0,1,0,0,0
Indonesia,2023-05-31,IDN,SEARO,1,0,0,0,0,0
Saudi Arabia,2023-05-31,SAU,EMRO,42,0,0,29,0,0
Sri Lanka,2023-05-31,LKA,SEARO,2,0,0,0,0,0
Thailand,2023-05-31,THA,SEARO,43,0,0,17,0,0
Republic of Korea,2023-06-01,KOR,WPRO,95,0,0,6,0,0
China,2023-06-02,CHN,WPRO,137,0,0,1,0,0
Benin,2023-06-04,BEN,AFRO,3,0,0,0,0,0
Cameroon,2023-06-04,CMR,AFRO,32,0,3,1,0,0
Central African Republic,2023-06-04,CAF,AFRO,44,0,1,0,0,0
Congo,2023-06-04,COG,AFRO,5,0,0,0,0,0
Democratic Republic of the Congo,2023-06-04,COD,AFRO,9,0,2,0,0,0
Ghana,2023-06-04,GHA,AFRO,128,0,4,0,0,0
Japan,2023-06-04,JPN,WPRO,169,0,0,6,0,0
Liberia,2023-06-04,LBR,AFRO,12,0,0,0,0,0
Nigeria,2023-06-04,NGA,AFRO,843,0,9,0,0,0
South Africa,2023-06-04,ZAF,AFRO,5,0,0,0,0,0
Andorra,2023-06-05,AND,EURO,4,0,0,0,0,0
Argentina,2023-06-05,ARG,AMRO,1133,0,2,0,0,0
Aruba,2023-06-05,ABW,AMRO,3,0,0,0,0,0
Austria,2023-06-05,AUT,EURO,328,0,0,0,0,0
Bahamas,2023-06-05,BHS,AMRO,4,0,0,0,0,0
Barbados,2023-06-05,BRB,AMRO,1,0,0,0,0,0
Belgium,2023-06-05,BEL,EURO,793,0,2,0,0,0
Bermuda,2023-06-05,BMU,AMRO,1,0,0,0,0,0
Bolivia (Plurinational State of),2023-06-05,BOL,AMRO,265,0,0,0,0,0
Bosnia and Herzegovina,2023-06-05,BIH,EURO,9,0,0,0,0,0
Brazil,2023-06-05,BRA,AMRO,11182,0,16,6,0,0
Bulgaria,2023-06-05,BGR,EURO,6,0,0,0,0,0
Canada,2023-06-05,CAN,AMRO,1523,0,0,2,0,0
Chile,2023-06-05,CHL,AMRO,1446,0,3,0,0,0
Colombia,2023-06-05,COL,AMRO,4091,0,0,0,0,0
Costa Rica,2023-06-05,CRI,AMRO,224,0,1,0,0,0
Croatia,2023-06-05,HRV,EURO,33,0,0,0,0,0
Cuba,2023-06-05,CUB,AMRO,8,0,1,0,0,0
Curaçao,2023-06-05,CUW,AMRO,3,0,0,0,0,0
Cyprus,2023-06-05,CYP,EURO,5,0,0,0,0,0
Czechia,2023-06-05,CZE,EURO,71,0,1,0,0,0
Denmark,2023-06-05,DNK,EURO,196,0,0,0,0,0
Dominican Republic,2023-06-05,DOM,AMRO,75,0,1,0,0,0
Ecuador,2023-06-05,ECU,AMRO,568,0,2,4,0,0
El Salvador,2023-06-05,SLV,AMRO,105,0,0,0,0,0
Estonia,2023-06-05,EST,EURO,11,0,0,0,0,0
Finland,2023-06-05,FIN,EURO,42,0,0,0,0,0
France,2023-06-05,FRA,EURO,4146,0,0,0,0,0
Georgia,2023-06-05,GEO,EURO,2,0,0,0,0,0
Germany,2023-06-05,DEU,EURO,3691,0,0,0,0,0
Gibraltar,2023-06-05,GIB,EURO,6,0,0,0,0,0
Greece,2023-06-05,GRC,EURO,88,0,0,0,0,0
Greenland,2023-06-05,GRL,EURO,2,0,0,0,0,0
Guadeloupe,2023-06-05,GLP,AMRO,1,0,0,0,0,0
Guatemala,2023-06-05,GTM,AMRO,404,0,1,0,0,0
Guyana,2023-06-05,GUY,AMRO,2,0,0,0,0,0
Honduras,2023-06-05,HND,AMRO,44,0,0,0,0,0
Hungary,2023-06-05,HUN,EURO,80,0,0,0,0,0
Iceland,2023-06-05,ISL,EURO,16,0,0,0,0,0
Ireland,2023-06-05,IRL,EURO,229,0,0,0,0,0
Israel,2023-06-05,ISR,EURO,262,0,0,0,0,0
Italy,2023-06-05,ITA,EURO,957,0,0,0,0,0
Jamaica,2023-06-05,JAM,AMRO,21,0,0,0,0,0
Latvia,2023-06-05,LVA,EURO,6,0,0,0,0,0
Lithuania,2023-06-05,LTU,EURO,5,0,0,0,0,0
Luxembourg,2023-06-05,LUX,EURO,57,0,0,0,0,0
Malta,2023-06-05,MLT,EURO,34,0,0,0,0,0
Martinique,2023-06-05,MTQ,AMRO,7,0,0,0,0,0
Mexico,2023-06-05,MEX,AMRO,4033,0,32,1,0,0
Monaco,2023-06-05,MCO,EURO,3,0,0,0,0,0
Montenegro,2023-06-05,MNE,EURO,2,0,0,0,0,0
Netherlands,2023-06-05,NLD,EURO,1264,0,0,0,0,0
Norway,2023-06-05,NOR,EURO,95,0,0,0,0,0
Panama,2023-06-05,PAN,AMRO,237,0,1,1,0,0
Paraguay,2023-06-05,PRY,AMRO,126,0,0,0,0,0
Peru,2023-06-05,PER,AMRO,3814,0,24,0,0,0
Poland,2023-06-05,POL,EURO,217,0,0,0,0,0
Portugal,2023-06-05,PRT,EURO,953,0,1,0,0,0
Republic of Korea,2023-06-05,KOR,WPRO,102,0,0,7,0,0
Republic of Moldova,2023-06-05,MDA,EURO,2,0,0,0,0,0
Romania,2023-06-05,ROU,EURO,47,0,0,0,0,0
Russian Federation,2023-06-05,RUS,EURO,2,0,0,0,0,0
Saint Martin,2023-06-05,MAF,AMRO,1,0,0,0,0,0
San Marino,2023-06-05,SMR,EURO,1,0,0,0,0,0
Serbia,2023-06-05,SRB,EURO,40,0,0,0,0,0
Slovakia,2023-06-05,SVK,EURO,14,0,0,0,0,0
Slovenia,2023-06-05,SVN,EURO,47,0,0,0,0,0
Spain,2023-06-05,ESP,EURO,7556,0,3,1,0,0
Sweden,2023-06-05,SWE,EURO,260,0,0,0,0,0
Switzerland,2023-06-05,CHE,EURO,552,0,0,0,0,0
The United Kingdom,2023-06-05,GBR,EURO,3753,0,0,1,0,0
Türkiye,2023-06-05,TUR,EURO,12,0,0,0,0,0
Ukraine,2023-06-05,UKR,EURO,5,0,0,0,0,0
United States of America,2023-06-05,USA,AMRO,30572,0,56,26,0,0
Uruguay,2023-06-05,URY,AMRO,19,0,0,0,0,0
Venezuela (Bolivarian Republic of),2023-06-05,VEN,AMRO,12,0,0,0,0,0
China,2023-06-06,CHN,WPRO,154,0,0,17,0,0
Andorra,2023-06-07,AND,EURO,4,0,0,0,0,0
Austria,2023-06-07,AUT,EURO,328,0,0,0,0,0
Belgium,2023-06-07,BEL,EURO,795,0,2,2,0,0
Bosnia and Herzegovina,2023-06-07,BIH,EURO,9,0,0,0,0,0
Bulgaria,2023-06-07,BGR,EURO,6,0,0,0,0,0
Croatia,2023-06-07,HRV,EURO,33,0,0,0,0,0
Cyprus,2023-06-07,CYP,EURO,5,0,0,0,0,0
Czechia,2023-06-07,CZE,EURO,71,0,1,0,0,0
Denmark,2023-06-07,DNK,EURO,196,0,0,0,0,0
Estonia,2023-06-07,EST,EURO,11,0,0,0,0,0
Finland,2023-06-07,FIN,EURO,42,0,0,0,0,0
France,2023-06-07,FRA,EURO,4146,0,0,0,0,0
Georgia,2023-06-07,GEO,EURO,2,0,0,0,0,0
Germany,2023-06-07,DEU,EURO,3691,0,0,0,0,0
Gibraltar,2023-06-07,GIB,EURO,6,0,0,0,0,0
Greece,2023-06-07,GRC,EURO,88,0,0,0,0,0
Greenland,2023-06-07,GRL,EURO,2,0,0,0,0,0
Hungary,2023-06-07,HUN,EURO,80,0,0,0,0,0
Iceland,2023-06-07,ISL,EURO,16,0,0,0,0,0
Ireland,2023-06-07,IRL,EURO,229,0,0,0,0,0
Israel,2023-06-07,ISR,EURO,262,0,0,0,0,0
Italy,2023-06-07,ITA,EURO,957,0,0,0,0,0
Latvia,2023-06-07,LVA,EURO,6,0,0,0,0,0
Lithuania,2023-06-07,LTU,EURO,5,0,0,0,0,0
Luxembourg,2023-06-07,LUX,EURO,57,0,0,0,0,0
Malta,2023-06-07,MLT,EURO,34,0,0,0,0,0
Monaco,2023-06-07,MCO,EURO,3,0,0,0,0,0
Montenegro,2023-06-07,MNE,EURO,2,0,0,0,0,0
Netherlands,2023-06-07,NLD,EURO,1265,0,0,1,0,0
Norway,2023-06-07,NOR,EURO,95,0,0,0,0,0
Poland,2023-06-07,POL,EURO,217,0,0,0,0,0
Portugal,2023-06-07,PRT,EURO,953,0,1,0,0,0
Republic of Korea,2023-06-07,KOR,WPRO,104,0,0,2,0,0
Republic of Moldova,2023-06-07,MDA,EURO,2,0,0,0,0,0
Romania,2023-06-07,ROU,EURO,47,0,0,0,0,0
Russian Federation,2023-06-07,RUS,EURO,2,0,0,0,0,0
San Marino,2023-06-07,SMR,EURO,1,0,0,0,0,0
Serbia,2023-06-07,SRB,EURO,40,0,0,0,0,0
Slovakia,2023-06-07,SVK,EURO,14,0,0,0,0,0
Slovenia,2023-06-07,SVN,EURO,47,0,0,0,0,0
Spain,2023-06-07,ESP,EURO,7559,0,3,3,0,0
Sweden,2023-06-07,SWE,EURO,260,0,0,0,0,0
Switzerland,2023-06-07,CHE,EURO,552,0,0,0,0,0
The United Kingdom,2023-06-07,GBR,EURO,3753,0,0,0,0,0
Türkiye,2023-06-07,TUR,EURO,12,0,0,0,0,0
Ukraine,2023-06-07,UKR,EURO,5,0,0,0,0,0
China,2023-06-08,CHN,WPRO,157,0,0,3,0,0
India,2023-06-08,IND,SEARO,22,0,1,0,0,0
Indonesia,2023-06-08,IDN,SEARO,1,0,0,0,0,0
Mozambique,2023-06-08,MOZ,AFRO,1,0,1,0,0,0
Sri Lanka,2023-06-08,LKA,SEARO,4,0,0,2,0,0
Thailand,2023-06-08,THA,SEARO,49,0,0,6,0,0
Benin,2023-06-11,BEN,AFRO,3,0,0,0,0,0
Cameroon,2023-06-11,CMR,AFRO,40,0,3,8,0,0
Central African Republic,2023-06-11,CAF,AFRO,44,0,1,0,0,0
Congo,2023-06-11,COG,AFRO,5,0,0,0,0,0
Democratic Republic of the Congo,2023-06-11,COD,AFRO,9,0,2,0,0,0
Ghana,2023-06-11,GHA,AFRO,128,0,4,0,0,0
Japan,2023-06-11,JPN,WPRO,181,0,0,12,0,0
Liberia,2023-06-11,LBR,AFRO,12,0,0,0,0,0
Nigeria,2023-06-11,NGA,AFRO,844,0,9,1,0,0
South Africa,2023-06-11,ZAF,AFRO,5,0,0,0,0,0
Andorra,2023-06-12,AND,EURO,4,0,0,0,0,0
Argentina,2023-06-12,ARG,AMRO,1133,0,2,0,0,0
Aruba,2023-06-12,ABW,AMRO,3,0,0,0,0,0
Austria,2023-06-12,AUT,EURO,328,0,0,0,0,0
Bahamas,2023-06-12,BHS,AMRO,4,0,0,0,0,0
Barbados,2023-06-12,BRB,AMRO,1,0,0,0,0,0
Belgium,2023-06-12,BEL,EURO,795,0,2,0,0,0
Bermuda,2023-06-12,BMU,AMRO,1,0,0,0,0,0
Bolivia (Plurinational State of),2023-06-12,BOL,AMRO,265,0,0,0,0,0
Bosnia and Herzegovina,2023-06-12,BIH,EURO,9,0,0,0,0,0
Brazil,2023-06-12,BRA,AMRO,11186,0,16,4,0,0
Bulgaria,2023-06-12,BGR,EURO,6,0,0,0,0,0
Canada,2023-06-12,CAN,AMRO,1523,0,0,0,0,0
Chile,2023-06-12,CHL,AMRO,1446,0,3,0,0,0
Colombia,2023-06-12,COL,AMRO,4091,0,0,0,0,0
Costa Rica,2023-06-12,CRI,AMRO,224,0,1,0,0,0
Croatia,2023-06-12,HRV,EURO,33,0,0,0,0,0
Cuba,2023-06-12,CUB,AMRO,8,0,1,0,0,0
Curaçao,2023-06-12,CUW,AMRO,3,0,0,0,0,0
Cyprus,2023-06-12,CYP,EURO,5,0,0,0,0,0
Czechia,2023-06-12,CZE,EURO,71,0,1,0,0,0
Denmark,2023-06-12,DNK,EURO,196,0,0,0,0,0
Dominican Republic,2023-06-12,DOM,AMRO,75,0,1,0,0,0
Ecuador,2023-06-12,ECU,AMRO,572,0,2,4,0,0
El Salvador,2023-06-12,SLV,AMRO,105,0,0,0,0,0
Estonia,2023-06-12,EST,EURO,11,0,0,0,0,0
Finland,2023-06-12,FIN,EURO,42,0,0,0,0,0
France,2023-06-12,FRA,EURO,4146,0,0,0,0,0
Georgia,2023-06-12,GEO,EURO,2,0,0,0,0,0
Germany,2023-06-12,DEU,EURO,3691,0,0,0,0,0
Gibraltar,2023-06-12,GIB,EURO,6,0,0,0,0,0
Greece,2023-06-12,GRC,EURO,88,0,0,0,0,0
Greenland,2023-06-12,GRL,EURO,2,0,0,0,0,0
Guadeloupe,2023-06-12,GLP,AMRO,1,0,0,0,0,0
Guatemala,2023-06-12,GTM,AMRO,404,0,1,0,0,0
Guyana,2023-06-12,GUY,AMRO,2,0,0,0,0,0
Honduras,2023-06-12,HND,AMRO,44,0,0,0,0,0
Hungary,2023-06-12,HUN,EURO,80,0,0,0,0,0
Iceland,2023-06-12,ISL,EURO,16,0,0,0,0,0
India,2023-06-12,IND,SEARO,22,0,1,0,0,0
Indonesia,2023-06-12,IDN,SEARO,1,0,0,0,0,0
Ireland,2023-06-12,IRL,EURO,229,0,0,0,0,0
Israel,2023-06-12,ISR,EURO,262,0,0,0,0,0
Italy,2023-06-12,ITA,EURO,957,0,0,0,0,0
Jamaica,2023-06-12,JAM,AMRO,21,0,0,0,0,0
Latvia,2023-06-12,LVA,EURO,6,0,0,0,0,0
Lithuania,2023-06-12,LTU,EURO,5,0,0,0,0,0
Luxembourg,2023-06-12,LUX,EURO,57,0,0,0,0,0
Malta,2023-06-12,MLT,EURO,34,0,0,0,0,0
Martinique,2023-06-12,MTQ,AMRO,7,0,0,0,0,0
Mexico,2023-06-12,MEX,AMRO,4034,0,32,1,0,0
Monaco,2023-06-12,MCO,EURO,3,0,0,0,0,0
Montenegro,2023-06-12,MNE,EURO,2,0,0,0,0,0
Netherlands,2023-06-12,NLD,EURO,1265,0,0,0,0,0
Norway,2023-06-12,NOR,EURO,95,0,0,0,0,0
Panama,2023-06-12,PAN,AMRO,237,0,1,0,0,0
Paraguay,2023-06-12,PRY,AMRO,126,0,0,0,0,0
Peru,2023-06-12,PER,AMRO,3814,0,24,0,0,0
Poland,2023-06-12,POL,EURO,217,0,0,0,0,0
Portugal,2023-06-12,PRT,EURO,953,0,1,0,0,0
Republic of Moldova,2023-06-12,MDA,EURO,2,0,0,0,0,0
Romania,2023-06-12,ROU,EURO,47,0,0,0,0,0
Russian Federation,2023-06-12,RUS,EURO,2,0,0,0,0,0
Saint Martin,2023-06-12,MAF,AMRO,1,0,0,0,0,0
San Marino,2023-06-12,SMR,EURO,1,0,0,0,0,0
Serbia,2023-06-12,SRB,EURO,40,0,0,0,0,0
Slovakia,2023-06-12,SVK,EURO,14,0,0,0,0,0
Slovenia,2023-06-12,SVN,EURO,47,0,0,0,0,0
Spain,2023-06-12,ESP,EURO,7559,0,3,0,0,0
Sri Lanka,2023-06-12,LKA,SEARO,4,0,0,0,0,0
Sweden,2023-06-12,SWE,EURO,260,0,0,0,0,0
Switzerland,2023-06-12,CHE,EURO,552,0,0,0,0,0
Thailand,2023-06-12,THA,SEARO,52,0,0,3,0,0
The United Kingdom,2023-06-12,GBR,EURO,3753,0,0,0,0,0
Türkiye,2023-06-12,TUR,EURO,12,0,0,0,0,0
Ukraine,2023-06-12,UKR,EURO,5,0,0,0,0,0
United States of America,2023-06-12,USA,AMRO,30601,0,56,29,0,0
Uruguay,2023-06-12,URY,AMRO,19,0,0,0,0,0
Venezuela (Bolivarian Republic of),2023-06-12,VEN,AMRO,12,0,0,0,0,0
India,2023-06-15,IND,SEARO,22,0,1,0,0,0
Indonesia,2023-06-15,IDN,SEARO,1,0,0,0,0,0
Sri Lanka,2023-06-15,LKA,SEARO,4,0,0,0,0,0
Thailand,2023-06-15,THA,SEARO,55,0,0,3,0,0
India,2023-06-16,IND,SEARO,22,0,1,0,0,0
Indonesia,2023-06-16,IDN,SEARO,1,0,0,0,0,0
Nepal,2023-06-16,NPL,SEARO,1,0,0,1,0,0
Sri Lanka,2023-06-16,LKA,SEARO,4,0,0,0,0,0
Thailand,2023-06-16,THA,SEARO,55,0,0,0,0,0
Benin,2023-06-18,BEN,AFRO,3,0,0,0,0,0
Cameroon,2023-06-18,CMR,AFRO,40,0,3,0,0,0
Central African Republic,2023-06-18,CAF,AFRO,44,0,1,0,0,0
Congo,2023-06-18,COG,AFRO,5,0,0,0,0,0
Democratic Republic of the Congo,2023-06-18,COD,AFRO,9,0,2,0,0,0
Ghana,2023-06-18,GHA,AFRO,128,0,4,0,0,0
India,2023-06-18,IND,SEARO,22,0,1,0,0,0
Indonesia,2023-06-18,IDN,SEARO,1,0,0,0,0,0
Japan,2023-06-18,JPN,WPRO,185,0,0,4,0,0
Liberia,2023-06-18,LBR,AFRO,12,0,0,0,0,0
Mozambique,2023-06-18,MOZ,AFRO,1,0,1,0,0,0
Nepal,2023-06-18,NPL,SEARO,1,0,0,0,0,0
Nigeria,2023-06-18,NGA,AFRO,844,0,9,0,0,0
South Africa,2023-06-18,ZAF,AFRO,5,0,0,0,0,0
Sri Lanka,2023-06-18,LKA,SEARO,4,0,0,0,0,0
Thailand,2023-06-18,THA,SEARO,56,0,0,1,0,0
Andorra,2023-06-19,AND,EURO,4,0,0,0,0,0
Argentina,2023-06-19,ARG,AMRO,1133,0,2,0,0,0
Aruba,2023-06-19,ABW,AMRO,3,0,0,0,0,0
Austria,2023-06-19,AUT,EURO,328,0,0,0,0,0
Bahamas,2023-06-19,BHS,AMRO,4,0,0,0,0,0
Barbados,2023-06-19,BRB,AMRO,1,0,0,0,0,0
Belgium,2023-06-19,BEL,EURO,795,0,2,0,0,0
Bermuda,2023-06-19,BMU,AMRO,1,0,0,0,0,0
Bolivia (Plurinational State of),2023-06-19,BOL,AMRO,265,0,0,0,0,0
Bosnia and Herzegovina,2023-06-19,BIH,EURO,9,0,0,0,0,0
Brazil,2023-06-19,BRA,AMRO,11189,0,16,3,0,0
Bulgaria,2023-06-19,BGR,EURO,6,0,0,0,0,0
Canada,2023-06-19,CAN,AMRO,1523,0,0,0,0,0
Chile,2023-06-19,CHL,AMRO,1446,0,3,0,0,0
Colombia,2023-06-19,COL,AMRO,4091,0,0,0,0,0
Costa Rica,2023-06-19,CRI,AMRO,224,0,1,0,0,0
Croatia,2023-06-19,HRV,EURO,33,0,0,0,0,0
Cuba,2023-06-19,CUB,AMRO,8,0,1,0,0,0
Curaçao,2023-06-19,CUW,AMRO,3,0,0,0,0,0
Cyprus,2023-06-19,CYP,EURO,5,0,0,0,0,0
Czechia,2023-06-19,CZE,EURO,71,0,1,0,0,0
Denmark,2023-06-19,DNK,EURO,196,0,0,0,0,0
Dominican Republic,2023-06-19,DOM,AMRO,75,0,1,0,0,0
Ecuador,2023-06-19,ECU,AMRO,575,0,2,3,0,0
El Salvador,2023-06-19,SLV,AMRO,105,0,0,0,0,0
Estonia,2023-06-19,EST,EURO,11,0,0,0,0,0
Finland,2023-06-19,FIN,EURO,42,0,0,0,0,0
France,2023-06-19,FRA,EURO,4146,0,0,0,0,0
Georgia,2023-06-19,GEO,EURO,2,0,0,0,0,0
Germany,2023-06-19,DEU,EURO,3691,0,0,0,0,0
Gibraltar,2023-06-19,GIB,EURO,6,0,0,0,0,0
Greece,2023-06-19,GRC,EURO,88,0,0,0,0,0
Greenland,2023-06-19,GRL,EURO,2,0,0,0,0,0
Guadeloupe,2023-06-19,GLP,AMRO,1,0,0,0,0,0
Guatemala,2023-06-19,GTM,AMRO,404,0,1,0,0,0
Guyana,2023-06-19,GUY,AMRO,2,0,0,0,0,0
Honduras,2023-06-19,HND,AMRO,44,0,0,0,0,0
Hungary,2023-06-19,HUN,EURO,80,0,0,0,0,0
Iceland,2023-06-19,ISL,EURO,16,0,0,0,0,0
Ireland,2023-06-19,IRL,EURO,229,0,0,0,0,0
Israel,2023-06-19,ISR,EURO,262,0,0,0,0,0
Italy,2023-06-19,ITA,EURO,957,0,0,0,0,0
Jamaica,2023-06-19,JAM,AMRO,21,0,0,0,0,0
Latvia,2023-06-19,LVA,EURO,6,0,0,0,0,0
Lithuania,2023-06-19,LTU,EURO,5,0,0,0,0,0
Luxembourg,2023-06-19,LUX,EURO,57,0,0,0,0,0
Malta,2023-06-19,MLT,EURO,34,0,0,0,0,0
Martinique,2023-06-19,MTQ,AMRO,7,0,0,0,0,0
Mexico,2023-06-19,MEX,AMRO,4037,0,32,3,0,0
Monaco,2023-06-19,MCO,EURO,3,0,0,0,0,0
Montenegro,2023-06-19,MNE,EURO,2,0,0,0,0,0
Netherlands,2023-06-19,NLD,EURO,1265,0,0,0,0,0
Norway,2023-06-19,NOR,EURO,95,0,0,0,0,0
Panama,2023-06-19,PAN,AMRO,237,0,1,0,0,0
Paraguay,2023-06-19,PRY,AMRO,126,0,0,0,0,0
Peru,2023-06-19,PER,AMRO,3814,0,24,0,0,0
Poland,2023-06-19,POL,EURO,217,0,0,0,0,0
Portugal,2023-06-19,PRT,EURO,953,0,1,0,0,0
Republic of Moldova,2023-06-19,MDA,EURO,2,0,0,0,0,0
Romania,2023-06-19,ROU,EURO,47,0,0,0,0,0
Russian Federation,2023-06-19,RUS,EURO,2,0,0,0,0,0
Saint Martin,2023-06-19,MAF,AMRO,1,0,0,0,0,0
San Marino,2023-06-19,SMR,EURO,1,0,0,0,0,0
Serbia,2023-06-19,SRB,EURO,40,0,0,0,0,0
Slovakia,2023-06-19,SVK,EURO,14,0,0,0,0,0
Slovenia,2023-06-19,SVN,EURO,47,0,0,0,0,0
Spain,2023-06-19,ESP,EURO,7559,0,3,0,0,0
Sweden,2023-06-19,SWE,EURO,260,0,0,0,0,0
Switzerland,2023-06-19,CHE,EURO,554,0,0,2,0,0
The United Kingdom,2023-06-19,GBR,EURO,3753,0,0,0,0,0
Türkiye,2023-06-19,TUR,EURO,12,0,0,0,0,0
Ukraine,2023-06-19,UKR,EURO,5,0,0,0,0,0
United States of America,2023-06-19,USA,AMRO,30627,0,56,26,0,0
Uruguay,2023-06-19,URY,AMRO,19,0,0,0,0,0
Venezuela (Bolivarian Republic of),2023-06-19,VEN,AMRO,12,0,0,0,0,0
China,2023-06-21,CHN,WPRO,158,0,0,1,0,0
Republic of Korea,2023-06-21,KOR,WPRO,115,0,0,11,0,0
China,2023-06-23,CHN,WPRO,190,0,0,32,0,0
Benin,2023-06-25,BEN,AFRO,3,0,0,0,0,0
Cameroon,2023-06-25,CMR,AFRO,41,0,3,1,0,0
Central African Republic,2023-06-25,CAF,AFRO,44,0,1,0,0,0
Congo,2023-06-25,COG,AFRO,5,0,0,0,0,0
Democratic Republic of the Congo,2023-06-25,COD,AFRO,9,0,2,0,0,0
Ghana,2023-06-25,GHA,AFRO,128,0,4,0,0,0
Japan,2023-06-25,JPN,WPRO,186,0,0,1,0,0
Liberia,2023-06-25,LBR,AFRO,12,0,0,0,0,0
Mozambique,2023-06-25,MOZ,AFRO,1,0,1,0,0,0
Nigeria,2023-06-25,NGA,AFRO,844,0,9,0,0,0
South Africa,2023-06-25,ZAF,AFRO,5,0,0,0,0,0
Andorra,2023-06-26,AND,EURO,4,0,0,0,0,0
Argentina,2023-06-26,ARG,AMRO,1133,0,2,0,0,0
Aruba,2023-06-26,ABW,AMRO,3,0,0,0,0,0
Austria,2023-06-26,AUT,EURO,328,0,0,0,0,0
Bahamas,2023-06-26,BHS,AMRO,4,0,0,0,0,0
Barbados,2023-06-26,BRB,AMRO,1,0,0,0,0,0
Belgium,2023-06-26,BEL,EURO,795,0,2,0,0,0
Bermuda,2023-06-26,BMU,AMRO,1,0,0,0,0,0
Bolivia (Plurinational State of),2023-06-26,BOL,AMRO,265,0,0,0,0,0
Bosnia and Herzegovina,2023-06-26,BIH,EURO,9,0,0,0,0,0
Brazil,2023-06-26,BRA,AMRO,11197,0,16,8,0,0
Bulgaria,2023-06-26,BGR,EURO,6,0,0,0,0,0
Canada,2023-06-26,CAN,AMRO,1525,0,0,2,0,0
Chile,2023-06-26,CHL,AMRO,1446,0,3,0,0,0
Colombia,2023-06-26,COL,AMRO,4091,0,0,0,0,0
Costa Rica,2023-06-26,CRI,AMRO,224,0,1,0,0,0
Croatia,2023-06-26,HRV,EURO,33,0,0,0,0,0
Cuba,2023-06-26,CUB,AMRO,8,0,1,0,0,0
Curaçao,2023-06-26,CUW,AMRO,3,0,0,0,0,0
Cyprus,2023-06-26,CYP,EURO,5,0,0,0,0,0
Czechia,2023-06-26,CZE,EURO,71,0,1,0,0,0
Denmark,2023-06-26,DNK,EURO,196,0,0,0,0,0
Dominican Republic,2023-06-26,DOM,AMRO,75,0,1,0,0,0
Ecuador,2023-06-26,ECU,AMRO,580,0,2,5,0,0
El Salvador,2023-06-26,SLV,AMRO,105,0,0,0,0,0
Estonia,2023-06-26,EST,EURO,11,0,0,0,0,0
Finland,2023-06-26,FIN,EURO,42,0,0,0,0,0
France,2023-06-26,FRA,EURO,4146,0,0,0,0,0
Georgia,2023-06-26,GEO,EURO,2,0,0,0,0,0
Germany,2023-06-26,DEU,EURO,3691,0,0,0,0,0
Gibraltar,2023-06-26,GIB,EURO,6,0,0,0,0,0
Greece,2023-06-26,GRC,EURO,88,0,0,0,0,0
Greenland,2023-06-26,GRL,EURO,2,0,0,0,0,0
Guadeloupe,2023-06-26,GLP,AMRO,1,0,0,0,0,0
Guatemala,2023-06-26,GTM,AMRO,404,0,1,0,0,0
Guyana,2023-06-26,GUY,AMRO,2,0,0,0,0,0
Honduras,2023-06-26,HND,AMRO,44,0,0,0,0,0
Hungary,2023-06-26,HUN,EURO,80,0,0,0,0,0
Iceland,2023-06-26,ISL,EURO,16,0,0,0,0,0
Ireland,2023-06-26,IRL,EURO,229,0,0,0,0,0
Israel,2023-06-26,ISR,EURO,263,0,0,1,0,0
Italy,2023-06-26,ITA,EURO,957,0,0,0,0,0
Jamaica,2023-06-26,JAM,AMRO,21,0,0,0,0,0
Latvia,2023-06-26,LVA,EURO,6,0,0,0,0,0
Lithuania,2023-06-26,LTU,EURO,5,0,0,0,0,0
Luxembourg,2023-06-26,LUX,EURO,57,0,0,0,0,0
Malta,2023-06-26,MLT,EURO,34,0,0,0,0,0
Martinique,2023-06-26,MTQ,AMRO,7,0,0,0,0,0
Mexico,2023-06-26,MEX,AMRO,4044,0,33,7,0,1
Monaco,2023-06-26,MCO,EURO,3,0,0,0,0,0
Montenegro,2023-06-26,MNE,EURO,2,0,0,0,0,0
Netherlands,2023-06-26,NLD,EURO,1265,0,0,0,0,0
Norway,2023-06-26,NOR,EURO,95,0,0,0,0,0
Panama,2023-06-26,PAN,AMRO,237,0,1,0,0,0
Paraguay,2023-06-26,PRY,AMRO,126,0,0,0,0,0
Peru,2023-06-26,PER,AMRO,3814,0,24,0,0,0
Poland,2023-06-26,POL,EURO,217,0,0,0,0,0
Portugal,2023-06-26,PRT,EURO,955,0,1,2,0,0
Republic of Moldova,2023-06-26,MDA,EURO,2,0,0,0,0,0
Romania,2023-06-26,ROU,EURO,47,0,0,0,0,0
Russian Federation,2023-06-26,RUS,EURO,2,0,0,0,0,0
Saint Martin,2023-06-26,MAF,AMRO,1,0,0,0,0,0
San Marino,2023-06-26,SMR,EURO,1,0,0,0,0,0
Serbia,2023-06-26,SRB,EURO,40,0,0,0,0,0
Slovakia,2023-06-26,SVK,EURO,14,0,0,0,0,0
Slovenia,2023-06-26,SVN,EURO,47,0,0,0,0,0
Spain,2023-06-26,ESP,EURO,7559,0,3,0,0,0
Sweden,2023-06-26,SWE,EURO,260,0,0,0,0,0
Switzerland,2023-06-26,CHE,EURO,554,0,0,0,0,0
The United Kingdom,2023-06-26,GBR,EURO,3753,0,0,0,0,0
Türkiye,2023-06-26,TUR,EURO,12,0,0,0,0,0
Ukraine,2023-06-26,UKR,EURO,5,0,0,0,0,0
United States of America,2023-06-26,USA,AMRO,30656,0,56,29,0,0
Uruguay,2023-06-26,URY,AMRO,19,0,0,0,0,0
Venezuela (Bolivarian Republic of),2023-06-26,VEN,AMRO,12,0,0,0,0,0
Republic of Korea,2023-06-27,KOR,WPRO,117,0,0,2,0,0
Australia,2023-06-30,AUS,WPRO,149,0,0,1,0,0
Saudi Arabia,2023-06-30,SAU,EMRO,92,0,0,50,0,0
Benin,2023-07-02,BEN,AFRO,3,0,0,0,0,0
Cameroon,2023-07-02,CMR,AFRO,41,0,3,0,0,0
Central African Republic,2023-07-02,CAF,AFRO,44,0,1,0,0,0
Congo,2023-07-02,COG,AFRO,5,0,0,0,0,0
Democratic Republic of the Congo,2023-07-02,COD,AFRO,9,0,2,0,0,0
Ghana,2023-07-02,GHA,AFRO,128,0,4,0,0,0
Liberia,2023-07-02,LBR,AFRO,12,0,0,0,0,0
Nigeria,2023-07-02,NGA,AFRO,844,0,9,0,0,0
South Africa,2023-07-02,ZAF,AFRO,5,0,0,0,0,0
Andorra,2023-07-03,AND,EURO,4,0,0,0,0,0
Argentina,2023-07-03,ARG,AMRO,1133,0,2,0,0,0
Aruba,2023-07-03,ABW,AMRO,3,0,0,0,0,0
Austria,2023-07-03,AUT,EURO,328,0,0,0,0,0
Bahamas,2023-07-03,BHS,AMRO,4,0,0,0,0,0
Barbados,2023-07-03,BRB,AMRO,1,0,0,0,0,0
Belgium,2023-07-03,BEL,EURO,795,0,2,0,0,0
Bermuda,2023-07-03,BMU,AMRO,1,0,0,0,0,0
Bolivia (Plurinational State of),2023-07-03,BOL,AMRO,265,0,0,0,0,0
Bosnia and Herzegovina,2023-07-03,BIH,EURO,9,0,0,0,0,0
Brazil,2023-07-03,BRA,AMRO,11200,0,16,3,0,0
Bulgaria,2023-07-03,BGR,EURO,6,0,0,0,0,0
Canada,2023-07-03,CAN,AMRO,1527,0,0,2,0,0
Chile,2023-07-03,CHL,AMRO,1446,0,3,0,0,0
China,2023-07-03,CHN,WPRO,207,0,0,17,0,0
Colombia,2023-07-03,COL,AMRO,4091,0,0,0,0,0
Costa Rica,2023-07-03,CRI,AMRO,224,0,1,0,0,0
Croatia,2023-07-03,HRV,EURO,33,0,0,0,0,0
Cuba,2023-07-03,CUB,AMRO,8,0,1,0,0,0
Curaçao,2023-07-03,CUW,AMRO,3,0,0,0,0,0
Cyprus,2023-07-03,CYP,EURO,5,0,0,0,0,0
Czechia,2023-07-03,CZE,EURO,71,0,1,0,0,0
Denmark,2023-07-03,DNK,EURO,196,0,0,0,0,0
Dominican Republic,2023-07-03,DOM,AMRO,75,0,1,0,0,0
Ecuador,2023-07-03,ECU,AMRO,582,0,2,2,0,0
El Salvador,2023-07-03,SLV,AMRO,105,0,0,0,0,0
Estonia,2023-07-03,EST,EURO,11,0,0,0,0,0
Finland,2023-07-03,FIN,EURO,42,0,0,0,0,0
France,2023-07-03,FRA,EURO,4146,0,0,0,0,0
Georgia,2023-07-03,GEO,EURO,2,0,0,0,0,0
Germany,2023-07-03,DEU,EURO,3691,0,0,0,0,0
Gibraltar,2023-07-03,GIB,EURO,6,0,0,0,0,0
Greece,2023-07-03,GRC,EURO,88,0,0,0,0,0
Greenland,2023-07-03,GRL,EURO,2,0,0,0,0,0
Guadeloupe,2023-07-03,GLP,AMRO,1,0,0,0,0,0
Guatemala,2023-07-03,GTM,AMRO,404,0,1,0,0,0
Guyana,2023-07-03,GUY,AMRO,2,0,0,0,0,0
Honduras,2023-07-03,HND,AMRO,44,0,0,0,0,0
Hungary,2023-07-03,HUN,EURO,80,0,0,0,0,0
Iceland,2023-07-03,ISL,EURO,16,0,0,0,0,0
Ireland,2023-07-03,IRL,EURO,229,0,0,0,0,0
Israel,2023-07-03,ISR,EURO,263,0,0,0,0,0
Italy,2023-07-03,ITA,EURO,957,0,0,0,0,0
Jamaica,2023-07-03,JAM,AMRO,21,0,0,0,0,0
Latvia,2023-07-03,LVA,EURO,6,0,0,0,0,0
Lithuania,2023-07-03,LTU,EURO,5,0,0,0,0,0
Luxembourg,2023-07-03,LUX,EURO,57,0,0,0,0,0
Malta,2023-07-03,MLT,EURO,34,0,0,0,0,0
Martinique,2023-07-03,MTQ,AMRO,7,0,0,0,0,0
Mexico,2023-07-03,MEX,AMRO,4046,0,33,2,0,0
Monaco,2023-07-03,MCO,EURO,3,0,0,0,0,0
Montenegro,2023-07-03,MNE,EURO,2,0,0,0,0,0
Netherlands,2023-07-03,NLD,EURO,1265,0,0,0,0,0
Norway,2023-07-03,NOR,EURO,95,0,0,0,0,0
Panama,2023-07-03,PAN,AMRO,237,0,1,0,0,0
Paraguay,2023-07-03,PRY,AMRO,126,0,0,0,0,0
Peru,2023-07-03,PER,AMRO,3815,0,24,1,0,0
Poland,2023-07-03,POL,EURO,217,0,0,0,0,0
Portugal,2023-07-03,PRT,EURO,965,0,1,10,0,0
Republic of Moldova,2023-07-03,MDA,EURO,2,0,0,0,0,0
Romania,2023-07-03,ROU,EURO,47,0,0,0,0,0
Russian Federation,2023-07-03,RUS,EURO,2,0,0,0,0,0
Saint Martin,2023-07-03,MAF,AMRO,1,0,0,0,0,0
San Marino,2023-07-03,SMR,EURO,1,0,0,0,0,0
Serbia,2023-07-03,SRB,EURO,40,0,0,0,0,0
Slovakia,2023-07-03,SVK,EURO,14,0,0,0,0,0
Slovenia,2023-07-03,SVN,EURO,47,0,0,0,0,0
Spain,2023-07-03,ESP,EURO,7559,0,3,0,0,0
Sweden,2023-07-03,SWE,EURO,260,0,0,0,0,0
Switzerland,2023-07-03,CHE,EURO,554,0,0,0,0,0
The United Kingdom,2023-07-03,GBR,EURO,3753,0,0,0,0,0
Türkiye,2023-07-03,TUR,EURO,12,0,0,0,0,0
Ukraine,2023-07-03,UKR,EURO,5,0,0,0,0,0
United States of America,2023-07-03,USA,AMRO,30689,0,56,33,0,0
Uruguay,2023-07-03,URY,AMRO,19,0,0,0,0,0
Venezuela (Bolivarian Republic of),2023-07-03,VEN,AMRO,12,0,0,0,0,0
China,2023-07-04,CHN,WPRO,230,0,0,23,0,0
Andorra,2023-07-05,AND,EURO,4,0,0,0,0,0
Austria,2023-07-05,AUT,EURO,328,0,0,0,0,0
Belgium,2023-07-05,BEL,EURO,795,0,2,0,0,0
Bosnia and Herzegovina,2023-07-05,BIH,EURO,9,0,0,0,0,0
Bulgaria,2023-07-05,BGR,EURO,6,0,0,0,0,0
Croatia,2023-07-05,HRV,EURO,33,0,0,0,0,0
Cyprus,2023-07-05,CYP,EURO,5,0,0,0,0,0
Czechia,2023-07-05,CZE,EURO,71,0,1,0,0,0
Denmark,2023-07-05,DNK,EURO,196,0,0,0,0,0
Estonia,2023-07-05,EST,EURO,11,0,0,0,0,0
Finland,2023-07-05,FIN,EURO,42,0,0,0,0,0
France,2023-07-05,FRA,EURO,4147,0,0,1,0,0
Georgia,2023-07-05,GEO,EURO,2,0,0,0,0,0
Germany,2023-07-05,DEU,EURO,3691,0,0,0,0,0
Gibraltar,2023-07-05,GIB,EURO,6,0,0,0,0,0
Greece,2023-07-05,GRC,EURO,88,0,0,0,0,0
Greenland,2023-07-05,GRL,EURO,2,0,0,0,0,0
Hungary,2023-07-05,HUN,EURO,80,0,0,0,0,0
Iceland,2023-07-05,ISL,EURO,16,0,0,0,0,0
Ireland,2023-07-05,IRL,EURO,229,0,0,0,0,0
Israel,2023-07-05,ISR,EURO,263,0,0,0,0,0
Italy,2023-07-05,ITA,EURO,957,0,0,0,0,0
Latvia,2023-07-05,LVA,EURO,6,0,0,0,0,0
Lithuania,2023-07-05,LTU,EURO,5,0,0,0,0,0
Luxembourg,2023-07-05,LUX,EURO,57,0,0,0,0,0
Malta,2023-07-05,MLT,EURO,34,0,0,0,0,0
Monaco,2023-07-05,MCO,EURO,3,0,0,0,0,0
Montenegro,2023-07-05,MNE,EURO,2,0,0,0,0,0
Mozambique,2023-07-05,MOZ,AFRO,1,0,1,0,0,0
Netherlands,2023-07-05,NLD,EURO,1265,0,0,0,0,0
Norway,2023-07-05,NOR,EURO,96,0,0,1,0,0
Poland,2023-07-05,POL,EURO,217,0,0,0,0,0
Portugal,2023-07-05,PRT,EURO,965,0,1,0,0,0
Republic of Moldova,2023-07-05,MDA,EURO,2,0,0,0,0,0
Romania,2023-07-05,ROU,EURO,47,0,0,0,0,0
Russian Federation,2023-07-05,RUS,EURO,2,0,0,0,0,0
San Marino,2023-07-05,SMR,EURO,1,0,0,0,0,0
Serbia,2023-07-05,SRB,EURO,40,0,0,0,0,0
Slovakia,2023-07-05,SVK,EURO,14,0,0,0,0,0
Slovenia,2023-07-05,SVN,EURO,47,0,0,0,0,0
Spain,2023-07-05,ESP,EURO,7559,0,3,0,0,0
Sweden,2023-07-05,SWE,EURO,260,0,0,0,0,0
Switzerland,2023-07-05,CHE,EURO,554,0,0,0,0,0
The United Kingdom,2023-07-05,GBR,EURO,3753,0,0,0,0,0
Türkiye,2023-07-05,TUR,EURO,12,0,0,0,0,0
Ukraine,2023-07-05,UKR,EURO,5,0,0,0,0,0
Andorra,2023-07-06,AND,EURO,4,0,0,0,0,0
Austria,2023-07-06,AUT,EURO,328,0,0,0,0,0
Belgium,2023-07-06,BEL,EURO,795,0,2,0,0,0
Bosnia and Herzegovina,2023-07-06,BIH,EURO,9,0,0,0,0,0
Bulgaria,2023-07-06,BGR,EURO,6,0,0,0,0,0
Croatia,2023-07-06,HRV,EURO,33,0,0,0,0,0
Cyprus,2023-07-06,CYP,EURO,5,0,0,0,0,0
Czechia,2023-07-06,CZE,EURO,71,0,1,0,0,0
Denmark,2023-07-06,DNK,EURO,196,0,0,0,0,0
Estonia,2023-07-06,EST,EURO,11,0,0,0,0,0
Finland,2023-07-06,FIN,EURO,42,0,0,0,0,0
France,2023-07-06,FRA,EURO,4147,0,0,0,0,0
Georgia,2023-07-06,GEO,EURO,2,0,0,0,0,0
Germany,2023-07-06,DEU,EURO,3691,0,0,0,0,0
Gibraltar,2023-07-06,GIB,EURO,6,0,0,0,0,0
Greece,2023-07-06,GRC,EURO,88,0,0,0,0,0
Greenland,2023-07-06,GRL,EURO,2,0,0,0,0,0
Hungary,2023-07-06,HUN,EURO,80,0,0,0,0,0
Iceland,2023-07-06,ISL,EURO,16,0,0,0,0,0
India,2023-07-06,IND,SEARO,22,0,1,0,0,0
Indonesia,2023-07-06,IDN,SEARO,1,0,0,0,0,0
Ireland,2023-07-06,IRL,EURO,229,0,0,0,0,0
Israel,2023-07-06,ISR,EURO,263,0,0,0,0,0
Italy,2023-07-06,ITA,EURO,957,0,0,0,0,0
Latvia,2023-07-06,LVA,EURO,6,0,0,0,0,0
Lithuania,2023-07-06,LTU,EURO,5,0,0,0,0,0
Luxembourg,2023-07-06,LUX,EURO,57,0,0,0,0,0
Malta,2023-07-06,MLT,EURO,34,0,0,0,0,0
Monaco,2023-07-06,MCO,EURO,3,0,0,0,0,0
Montenegro,2023-07-06,MNE,EURO,2,0,0,0,0,0
Nepal,2023-07-06,NPL,SEARO,1,0,0,0,0,0
Netherlands,2023-07-06,NLD,EURO,1265,0,0,0,0,0
Norway,2023-07-06,NOR,EURO,96,0,0,0,0,0
Poland,2023-07-06,POL,EURO,217,0,0,0,0,0
Portugal,2023-07-06,PRT,EURO,965,0,1,0,0,0
Republic of Korea,2023-07-06,KOR,WPRO,119,0,0,2,0,0
Republic of Moldova,2023-07-06,MDA,EURO,2,0,0,0,0,0
Romania,2023-07-06,ROU,EURO,47,0,0,0,0,0
Russian Federation,2023-07-06,RUS,EURO,2,0,0,0,0,0
San Marino,2023-07-06,SMR,EURO,1,0,0,0,0,0
Serbia,2023-07-06,SRB,EURO,40,0,0,0,0,0
Slovakia,2023-07-06,SVK,EURO,14,0,0,0,0,0
Slovenia,2023-07-06,SVN,EURO,47,0,0,0,0,0
Spain,2023-07-06,ESP,EURO,7559,0,3,0,0,0
Sri Lanka,2023-07-06,LKA,SEARO,4,0,0,0,0,0
Sweden,2023-07-06,SWE,EURO,260,0,0,0,0,0
Switzerland,2023-07-06,CHE,EURO,554,0,0,0,0,0
Thailand,2023-07-06,THA,SEARO,91,0,0,35,0,0
The United Kingdom,2023-07-06,GBR,EURO,3761,0,0,8,0,0
Türkiye,2023-07-06,TUR,EURO,12,0,0,0,0,0
Ukraine,2023-07-06,UKR,EURO,5,0,0,0,0,0
Japan,2023-07-07,JPN,WPRO,188,0,0,2,0,0
China,2023-07-08,CHN,WPRO,231,0,0,1,0,0
Benin,2023-07-09,BEN,AFRO,3,0,0,0,0,0
Cameroon,2023-07-09,CMR,AFRO,41,0,3,0,0,0
Central African Republic,2023-07-09,CAF,AFRO,44,0,1,0,0,0
Congo,2023-07-09,COG,AFRO,5,0,0,0,0,0
Democratic Republic of the Congo,2023-07-09,COD,AFRO,9,0,2,0,0,0
Ghana,2023-07-09,GHA,AFRO,128,0,4,0,0,0
Liberia,2023-07-09,LBR,AFRO,12,0,0,0,0,0
Nigeria,2023-07-09,NGA,AFRO,844,0,9,0,0,0
South Africa,2023-07-09,ZAF,AFRO,5,0,0,0,0,0
Andorra,2023-07-10,AND,EURO,4,0,0,0,0,0
Argentina,2023-07-10,ARG,AMRO,1133,0,2,0,0,0
Aruba,2023-07-10,ABW,AMRO,3,0,0,0,0,0
Austria,2023-07-10,AUT,EURO,328,0,0,0,0,0
Bahamas,2023-07-10,BHS,AMRO,4,0,0,0,0,0
Barbados,2023-07-10,BRB,AMRO,1,0,0,0,0,0
Belgium,2023-07-10,BEL,EURO,795,0,2,0,0,0
Bermuda,2023-07-10,BMU,AMRO,1,0,0,0,0,0
Bolivia (Plurinational State of),2023-07-10,BOL,AMRO,265,0,0,0,0,0
Bosnia and Herzegovina,2023-07-10,BIH,EURO,9,0,0,0,0,0
Brazil,2023-07-10,BRA,AMRO,11215,0,16,15,0,0
Bulgaria,2023-07-10,BGR,EURO,6,0,0,0,0,0
Canada,2023-07-10,CAN,AMRO,1527,0,0,0,0,0
Chile,2023-07-10,CHL,AMRO,1446,0,3,0,0,0
Colombia,2023-07-10,COL,AMRO,4092,0,0,1,0,0
Costa Rica,2023-07-10,CRI,AMRO,224,0,1,0,0,0
Croatia,2023-07-10,HRV,EURO,33,0,0,0,0,0
Cuba,2023-07-10,CUB,AMRO,8,0,1,0,0,0
Curaçao,2023-07-10,CUW,AMRO,3,0,0,0,0,0
Cyprus,2023-07-10,CYP,EURO,5,0,0,0,0,0
Czechia,2023-07-10,CZE,EURO,71,0,1,0,0,0
Denmark,2023-07-10,DNK,EURO,196,0,0,0,0,0
Dominican Republic,2023-07-10,DOM,AMRO,75,0,1,0,0,0
Ecuador,2023-07-10,ECU,AMRO,582,0,2,0,0,0
El Salvador,2023-07-10,SLV,AMRO,105,0,0,0,0,0
Estonia,2023-07-10,EST,EURO,11,0,0,0,0,0
Finland,2023-07-10,FIN,EURO,42,0,0,0,0,0
France,2023-07-10,FRA,EURO,4147,0,0,0,0,0
Georgia,2023-07-10,GEO,EURO,2,0,0,0,0,0
Germany,2023-07-10,DEU,EURO,3691,0,0,0,0,0
Gibraltar,2023-07-10,GIB,EURO,6,0,0,0,0,0
Greece,2023-07-10,GRC,EURO,88,0,0,0,0,0
Greenland,2023-07-10,GRL,EURO,2,0,0,0,0,0
Guadeloupe,2023-07-10,GLP,AMRO,1,0,0,0,0,0
Guatemala,2023-07-10,GTM,AMRO,404,0,1,0,0,0
Guyana,2023-07-10,GUY,AMRO,2,0,0,0,0,0
Honduras,2023-07-10,HND,AMRO,44,0,0,0,0,0
Hungary,2023-07-10,HUN,EURO,80,0,0,0,0,0
Iceland,2023-07-10,ISL,EURO,16,0,0,0,0,0
Ireland,2023-07-10,IRL,EURO,229,0,0,0,0,0
Israel,2023-07-10,ISR,EURO,263,0,0,0,0,0
Italy,2023-07-10,ITA,EURO,957,0,0,0,0,0
Jamaica,2023-07-10,JAM,AMRO,21,0,0,0,0,0
Latvia,2023-07-10,LVA,EURO,6,0,0,0,0,0
Lithuania,2023-07-10,LTU,EURO,5,0,0,0,0,0
Luxembourg,2023-07-10,LUX,EURO,57,0,0,0,0,0
Malta,2023-07-10,MLT,EURO,34,0,0,0,0,0
Martinique,2023-07-10,MTQ,AMRO,7,0,0,0,0,0
Mexico,2023-07-10,MEX,AMRO,4049,0,33,3,0,0
Monaco,2023-07-10,MCO,EURO,3,0,0,0,0,0
Montenegro,2023-07-10,MNE,EURO,2,0,0,0,0,0
Netherlands,2023-07-10,NLD,EURO,1265,0,0,0,0,0
Norway,2023-07-10,NOR,EURO,96,0,0,0,0,0
Panama,2023-07-10,PAN,AMRO,237,0,1,0,0,0
Paraguay,2023-07-10,PRY,AMRO,126,0,0,0,0,0
Peru,2023-07-10,PER,AMRO,3816,0,24,1,0,0
Poland,2023-07-10,POL,EURO,217,0,0,0,0,0
Portugal,2023-07-10,PRT,EURO,965,0,1,0,0,0
Republic of Moldova,2023-07-10,MDA,EURO,2,0,0,0,0,0
Romania,2023-07-10,ROU,EURO,47,0,0,0,0,0
Russian Federation,2023-07-10,RUS,EURO,2,0,0,0,0,0
Saint Martin,2023-07-10,MAF,AMRO,1,0,0,0,0,0
San Marino,2023-07-10,SMR,EURO,1,0,0,0,0,0
Serbia,2023-07-10,SRB,EURO,40,0,0,0,0,0
Slovakia,2023-07-10,SVK,EURO,14,0,0,0,0,0
Slovenia,2023-07-10,SVN,EURO,47,0,0,0,0,0
Spain,2023-07-10,ESP,EURO,7559,0,3,0,0,0
Sweden,2023-07-10,SWE,EURO,260,0,0,0,0,0
Switzerland,2023-07-10,CHE,EURO,554,0,0,0,0,0
The United Kingdom,2023-07-10,GBR,EURO,3761,0,0,0,0,0
Trinidad and Tobago,2023-07-10,TTO,AMRO,2,0,0,2,0,0
Türkiye,2023-07-10,TUR,EURO,12,0,0,0,0,0
Ukraine,2023-07-10,UKR,EURO,5,0,0,0,0,0
United States of America,2023-07-10,USA,AMRO,30724,0,56,35,0,0
Uruguay,2023-07-10,URY,AMRO,19,0,0,0,0,0
Venezuela (Bolivarian Republic of),2023-07-10,VEN,AMRO,12,0,0,0,0,0
China,2023-07-11,CHN,WPRO,242,0,0,11,0,0
Viet Nam,2023-07-11,VNM,WPRO,3,0,0,1,0,0
India,2023-07-12,IND,SEARO,22,0,1,0,0,0
Indonesia,2023-07-12,IDN,SEARO,1,0,0,0,0,0
Nepal,2023-07-12,NPL,SEARO,1,0,0,0,0,0
New Caledonia,2023-07-12,NCL,WPRO,1,0,0,0,0,0
Republic of Korea,2023-07-12,KOR,WPRO,120,0,0,1,0,0
Sri Lanka,2023-07-12,LKA,SEARO,4,0,0,0,0,0
Thailand,2023-07-12,THA,SEARO,119,0,0,28,0,0
China,2023-07-14,CHN,WPRO,243,0,0,1,0,0
Japan,2023-07-14,JPN,WPRO,191,0,0,3,0,0
Benin,2023-07-16,BEN,AFRO,3,0,0,0,0,0
Cameroon,2023-07-16,CMR,AFRO,42,0,3,1,0,0
Central African Republic,2023-07-16,CAF,AFRO,44,0,1,0,0,0
Congo,2023-07-16,COG,AFRO,5,0,0,0,0,0
Democratic Republic of the Congo,2023-07-16,COD,AFRO,15,0,2,6,0,0
Ghana,2023-07-16,GHA,AFRO,128,0,4,0,0,0
Liberia,2023-07-16,LBR,AFRO,12,0,0,0,0,0
Mozambique,2023-07-16,MOZ,AFRO,1,0,1,0,0,0
Nigeria,2023-07-16,NGA,AFRO,845,0,9,1,0,0
South Africa,2023-07-16,ZAF,AFRO,5,0,0,0,0,0
Andorra,2023-07-17,AND,EURO,4,0,0,0,0,0
Argentina,2023-07-17,ARG,AMRO,1133,0,2,0,0,0
Aruba,2023-07-17,ABW,AMRO,3,0,0,0,0,0
Austria,2023-07-17,AUT,EURO,328,0,0,0,0,0
Bahamas,2023-07-17,BHS,AMRO,4,0,0,0,0,0
Barbados,2023-07-17,BRB,AMRO,1,0,0,0,0,0
Belgium,2023-07-17,BEL,EURO,795,0,2,0,0,0
Bermuda,2023-07-17,BMU,AMRO,1,0,0,0,0,0
Bolivia (Plurinational State of),2023-07-17,BOL,AMRO,265,0,0,0,0,0
Bosnia and Herzegovina,2023-07-17,BIH,EURO,9,0,0,0,0,0
Brazil,2023-07-17,BRA,AMRO,11226,0,16,11,0,0
Bulgaria,2023-07-17,BGR,EURO,6,0,0,0,0,0
Canada,2023-07-17,CAN,AMRO,1528,0,0,1,0,0
Chile,2023-07-17,CHL,AMRO,1446,0,3,0,0,0
Colombia,2023-07-17,COL,AMRO,4092,0,0,0,0,0
Costa Rica,2023-07-17,CRI,AMRO,224,0,1,0,0,0
Croatia,2023-07-17,HRV,EURO,33,0,0,0,0,0
Cuba,2023-07-17,CUB,AMRO,8,0,1,0,0,0
Curaçao,2023-07-17,CUW,AMRO,3,0,0,0,0,0
Cyprus,2023-07-17,CYP,EURO,5,0,0,0,0,0
Czechia,2023-07-17,CZE,EURO,71,0,1,0,0,0
Denmark,2023-07-17,DNK,EURO,196,0,0,0,0,0
Dominican Republic,2023-07-17,DOM,AMRO,75,0,1,0,0,0
Ecuador,2023-07-17,ECU,AMRO,582,0,2,0,0,0
El Salvador,2023-07-17,SLV,AMRO,105,0,0,0,0,0
Estonia,2023-07-17,EST,EURO,11,0,0,0,0,0
Finland,2023-07-17,FIN,EURO,42,0,0,0,0,0
France,2023-07-17,FRA,EURO,4147,0,0,0,0,0
Georgia,2023-07-17,GEO,EURO,2,0,0,0,0,0
Germany,2023-07-17,DEU,EURO,3691,0,0,0,0,0
Gibraltar,2023-07-17,GIB,EURO,6,0,0,0,0,0
Greece,2023-07-17,GRC,EURO,88,0,0,0,0,0
Greenland,2023-07-17,GRL,EURO,2,0,0,0,0,0
Guadeloupe,2023-07-17,GLP,AMRO,1,0,0,0,0,0
Guatemala,2023-07-17,GTM,AMRO,404,0,1,0,0,0
Guyana,2023-07-17,GUY,AMRO,2,0,0,0,0,0
Honduras,2023-07-17,HND,AMRO,44,0,0,0,0,0
Hungary,2023-07-17,HUN,EURO,80,0,0,0,0,0
Iceland,2023-07-17,ISL,EURO,16,0,0,0,0,0
Ireland,2023-07-17,IRL,EURO,229,0,0,0,0,0
Israel,2023-07-17,ISR,EURO,263,0,0,0,0,0
Italy,2023-07-17,ITA,EURO,957,0,0,0,0,0
Jamaica,2023-07-17,JAM,AMRO,21,0,0,0,0,0
Latvia,2023-07-17,LVA,EURO,6,0,0,0,0,0
Lithuania,2023-07-17,LTU,EURO,5,0,0,0,0,0
Luxembourg,2023-07-17,LUX,EURO,57,0,0,0,0,0
Malta,2023-07-17,MLT,EURO,34,0,0,0,0,0
Martinique,2023-07-17,MTQ,AMRO,7,0,0,0,0,0
Mexico,2023-07-17,MEX,AMRO,4052,0,34,3,0,1
Monaco,2023-07-17,MCO,EURO,3,0,0,0,0,0
Montenegro,2023-07-17,MNE,EURO,2,0,0,0,0,0
Netherlands,2023-07-17,NLD,EURO,1265,0,0,0,0,0
Norway,2023-07-17,NOR,EURO,96,0,0,0,0,0
Panama,2023-07-17,PAN,AMRO,237,0,1,0,0,0
Paraguay,2023-07-17,PRY,AMRO,126,0,0,0,0,0
Peru,2023-07-17,PER,AMRO,3816,0,24,0,0,0
Poland,2023-07-17,POL,EURO,217,0,0,0,0,0
Portugal,2023-07-17,PRT,EURO,965,0,1,0,0,0
Republic of Korea,2023-07-17,KOR,WPRO,124,0,0,4,0,0
Republic of Moldova,2023-07-17,MDA,EURO,2,0,0,0,0,0
Romania,2023-07-17,ROU,EURO,47,0,0,0,0,0
Russian Federation,2023-07-17,RUS,EURO,2,0,0,0,0,0
Saint Martin,2023-07-17,MAF,AMRO,1,0,0,0,0,0
San Marino,2023-07-17,SMR,EURO,1,0,0,0,0,0
Serbia,2023-07-17,SRB,EURO,40,0,0,0,0,0
Slovakia,2023-07-17,SVK,EURO,14,0,0,0,0,0
Slovenia,2023-07-17,SVN,EURO,47,0,0,0,0,0
Spain,2023-07-17,ESP,EURO,7559,0,3,0,0,0
Sweden,2023-07-17,SWE,EURO,260,0,0,0,0,0
Switzerland,2023-07-17,CHE,EURO,554,0,0,0,0,0
The United Kingdom,2023-07-17,GBR,EURO,3761,0,0,0,0,0
Trinidad and Tobago,2023-07-17,TTO,AMRO,4,0,0,2,0,0
Türkiye,2023-07-17,TUR,EURO,12,0,0,0,0,0
Ukraine,2023-07-17,UKR,EURO,5,0,0,0,0,0
United States of America,2023-07-17,USA,AMRO,30745,0,56,21,0,0
Uruguay,2023-07-17,URY,AMRO,19,0,0,0,0,0
Venezuela (Bolivarian Republic of),2023-07-17,VEN,AMRO,12,0,0,0,0,0
China,2023-07-18,CHN,WPRO,360,0,0,117,0,0
China,2023-07-19,CHN,WPRO,362,0,0,2,0,0
China,2023-07-20,CHN,WPRO,364,0,0,2,0,0
Republic of Korea,2023-07-20,KOR,WPRO,126,0,0,2,0,0
Singapore,2023-07-20,SGP,WPRO,26,0,0,1,0,0
Japan,2023-07-21,JPN,WPRO,193,0,0,2,0,0
Benin,2023-07-23,BEN,AFRO,3,0,0,0,0,0
Cameroon,2023-07-23,CMR,AFRO,42,0,3,0,0,0
Central African Republic,2023-07-23,CAF,AFRO,44,0,1,0,0,0
Congo,2023-07-23,COG,AFRO,5,0,0,0,0,0
Democratic Republic of the Congo,2023-07-23,COD,AFRO,15,0,2,0,0,0
Ghana,2023-07-23,GHA,AFRO,128,0,4,0,0,0
Liberia,2023-07-23,LBR,AFRO,12,0,0,0,0,0
Mozambique,2023-07-23,MOZ,AFRO,1,0,1,0,0,0
Nigeria,2023-07-23,NGA,AFRO,845,0,9,0,0,0
South Africa,2023-07-23,ZAF,AFRO,5,0,0,0,0,0
Andorra,2023-07-24,AND,EURO,4,0,0,0,0,0
Argentina,2023-07-24,ARG,AMRO,1134,0,2,1,0,0
Aruba,2023-07-24,ABW,AMRO,3,0,0,0,0,0
Austria,2023-07-24,AUT,EURO,328,0,0,0,0,0
Bahamas,2023-07-24,BHS,AMRO,4,0,0,0,0,0
Barbados,2023-07-24,BRB,AMRO,1,0,0,0,0,0
Belgium,2023-07-24,BEL,EURO,795,0,2,0,0,0
Bermuda,2023-07-24,BMU,AMRO,1,0,0,0,0,0
Bolivia (Plurinational State of),2023-07-24,BOL,AMRO,265,0,0,0,0,0
Bosnia and Herzegovina,2023-07-24,BIH,EURO,9,0,0,0,0,0
Brazil,2023-07-24,BRA,AMRO,11234,0,16,8,0,0
Bulgaria,2023-07-24,BGR,EURO,6,0,0,0,0,0
Canada,2023-07-24,CAN,AMRO,1528,0,0,0,0,0
Chile,2023-07-24,CHL,AMRO,1446,0,3,0,0,0
Colombia,2023-07-24,COL,AMRO,4092,0,0,0,0,0
Costa Rica,2023-07-24,CRI,AMRO,224,0,1,0,0,0
Croatia,2023-07-24,HRV,EURO,33,0,0,0,0,0
Cuba,2023-07-24,CUB,AMRO,8,0,1,0,0,0
Curaçao,2023-07-24,CUW,AMRO,3,0,0,0,0,0
Cyprus,2023-07-24,CYP,EURO,5,0,0,0,0,0
Czechia,2023-07-24,CZE,EURO,71,0,1,0,0,0
Denmark,2023-07-24,DNK,EURO,196,0,0,0,0,0
Dominican Republic,2023-07-24,DOM,AMRO,75,0,1,0,0,0
Ecuador,2023-07-24,ECU,AMRO,583,0,2,1,0,0
El Salvador,2023-07-24,SLV,AMRO,105,0,0,0,0,0
Estonia,2023-07-24,EST,EURO,11,0,0,0,0,0
Finland,2023-07-24,FIN,EURO,42,0,0,0,0,0
France,2023-07-24,FRA,EURO,4147,0,0,0,0,0
Georgia,2023-07-24,GEO,EURO,2,0,0,0,0,0
Germany,2023-07-24,DEU,EURO,3691,0,0,0,0,0
Gibraltar,2023-07-24,GIB,EURO,6,0,0,0,0,0
Greece,2023-07-24,GRC,EURO,88,0,0,0,0,0
Greenland,2023-07-24,GRL,EURO,2,0,0,0,0,0
Guadeloupe,2023-07-24,GLP,AMRO,1,0,0,0,0,0
Guatemala,2023-07-24,GTM,AMRO,404,0,1,0,0,0
Guyana,2023-07-24,GUY,AMRO,2,0,0,0,0,0
Honduras,2023-07-24,HND,AMRO,44,0,0,0,0,0
Hungary,2023-07-24,HUN,EURO,80,0,0,0,0,0
Iceland,2023-07-24,ISL,EURO,16,0,0,0,0,0
Ireland,2023-07-24,IRL,EURO,229,0,0,0,0,0
Israel,2023-07-24,ISR,EURO,263,0,0,0,0,0
Italy,2023-07-24,ITA,EURO,957,0,0,0,0,0
Jamaica,2023-07-24,JAM,AMRO,21,0,0,0,0,0
Latvia,2023-07-24,LVA,EURO,6,0,0,0,0,0
Lithuania,2023-07-24,LTU,EURO,5,0,0,0,0,0
Luxembourg,2023-07-24,LUX,EURO,57,0,0,0,0,0
Malta,2023-07-24,MLT,EURO,34,0,0,0,0,0
Martinique,2023-07-24,MTQ,AMRO,7,0,0,0,0,0
Mexico,2023-07-24,MEX,AMRO,4054,0,34,2,0,0
Monaco,2023-07-24,MCO,EURO,3,0,0,0,0,0
Montenegro,2023-07-24,MNE,EURO,2,0,0,0,0,0
Netherlands,2023-07-24,NLD,EURO,1265,0,0,0,0,0
Norway,2023-07-24,NOR,EURO,96,0,0,0,0,0
Panama,2023-07-24,PAN,AMRO,237,0,1,0,0,0
Paraguay,2023-07-24,PRY,AMRO,126,0,0,0,0,0
Peru,2023-07-24,PER,AMRO,3816,0,24,0,0,0
Poland,2023-07-24,POL,EURO,217,0,0,0,0,0
Portugal,2023-07-24,PRT,EURO,990,0,1,25,0,0
Republic of Moldova,2023-07-24,MDA,EURO,2,0,0,0,0,0
Romania,2023-07-24,ROU,EURO,47,0,0,0,0,0
Russian Federation,2023-07-24,RUS,EURO,2,0,0,0,0,0
Saint Martin,2023-07-24,MAF,AMRO,1,0,0,0,0,0
San Marino,2023-07-24,SMR,EURO,1,0,0,0,0,0
Serbia,2023-07-24,SRB,EURO,40,0,0,0,0,0
Slovakia,2023-07-24,SVK,EURO,14,0,0,0,0,0
Slovenia,2023-07-24,SVN,EURO,47,0,0,0,0,0
Spain,2023-07-24,ESP,EURO,7559,0,3,0,0,0
Sweden,2023-07-24,SWE,EURO,260,0,0,0,0,0
Switzerland,2023-07-24,CHE,EURO,554,0,0,0,0,0
The United Kingdom,2023-07-24,GBR,EURO,3761,0,0,0,0,0
Trinidad and Tobago,2023-07-24,TTO,AMRO,4,0,0,0,0,0
Türkiye,2023-07-24,TUR,EURO,12,0,0,0,0,0
Ukraine,2023-07-24,UKR,EURO,5,0,0,0,0,0
United States of America,2023-07-24,USA,AMRO,30769,0,56,24,0,0
Uruguay,2023-07-24,URY,AMRO,19,0,0,0,0,0
Venezuela (Bolivarian Republic of),2023-07-24,VEN,AMRO,12,0,0,0,0,0
China,2023-07-25,CHN,WPRO,375,0,0,11,0,0
China,2023-07-27,CHN,WPRO,377,0,0,2,0,0
China,2023-07-28,CHN,WPRO,378,0,0,1,0,0
Benin,2023-07-30,BEN,AFRO,3,0,0,0,0,0
Cameroon,2023-07-30,CMR,AFRO,43,0,3,1,0,0
Central African Republic,2023-07-30,CAF,AFRO,44,0,1,0,0,0
Congo,2023-07-30,COG,AFRO,5,0,0,0,0,0
Democratic Republic of the Congo,2023-07-30,COD,AFRO,15,0,2,0,0,0
Ghana,2023-07-30,GHA,AFRO,128,0,4,0,0,0
Liberia,2023-07-30,LBR,AFRO,12,0,0,0,0,0
Mozambique,2023-07-30,MOZ,AFRO,1,0,1,0,0,0
Nigeria,2023-07-30,NGA,AFRO,847,0,9,2,0,0
South Africa,2023-07-30,ZAF,AFRO,5,0,0,0,0,0
Andorra,2023-07-31,AND,EURO,4,0,0,0,0,0
Argentina,2023-07-31,ARG,AMRO,1135,0,2,1,0,0
Aruba,2023-07-31,ABW,AMRO,3,0,0,0,0,0
Australia,2023-07-31,AUS,WPRO,156,0,0,7,0,0
Austria,2023-07-31,AUT,EURO,328,0,0,0,0,0
Bahamas,2023-07-31,BHS,AMRO,4,0,0,0,0,0
Barbados,2023-07-31,BRB,AMRO,1,0,0,0,0,0
Belgium,2023-07-31,BEL,EURO,795,0,2,0,0,0
Bermuda,2023-07-31,BMU,AMRO,1,0,0,0,0,0
Bolivia (Plurinational State of),2023-07-31,BOL,AMRO,265,0,0,0,0,0
Bosnia and Herzegovina,2023-07-31,BIH,EURO,9,0,0,0,0,0
Brazil,2023-07-31,BRA,AMRO,11247,0,16,13,0,0
Bulgaria,2023-07-31,BGR,EURO,6,0,0,0,0,0
Canada,2023-07-31,CAN,AMRO,1528,0,0,0,0,0
Chile,2023-07-31,CHL,AMRO,1446,0,3,0,0,0
China,2023-07-31,CHN,WPRO,381,0,0,3,0,0
Colombia,2023-07-31,COL,AMRO,4093,0,0,1,0,0
Costa Rica,2023-07-31,CRI,AMRO,224,0,1,0,0,0
Croatia,2023-07-31,HRV,EURO,33,0,0,0,0,0
Cuba,2023-07-31,CUB,AMRO,8,0,1,0,0,0
Curaçao,2023-07-31,CUW,AMRO,3,0,0,0,0,0
Cyprus,2023-07-31,CYP,EURO,5,0,0,0,0,0
Czechia,2023-07-31,CZE,EURO,71,0,1,0,0,0
Denmark,2023-07-31,DNK,EURO,196,0,0,0,0,0
Dominican Republic,2023-07-31,DOM,AMRO,75,0,1,0,0,0
Ecuador,2023-07-31,ECU,AMRO,583,0,2,0,0,0
El Salvador,2023-07-31,SLV,AMRO,106,0,0,1,0,0
Estonia,2023-07-31,EST,EURO,11,0,0,0,0,0
Finland,2023-07-31,FIN,EURO,42,0,0,0,0,0
France,2023-07-31,FRA,EURO,4147,0,0,0,0,0
Georgia,2023-07-31,GEO,EURO,2,0,0,0,0,0
Germany,2023-07-31,DEU,EURO,3691,0,0,0,0,0
Gibraltar,2023-07-31,GIB,EURO,6,0,0,0,0,0
Greece,2023-07-31,GRC,EURO,88,0,0,0,0,0
Greenland,2023-07-31,GRL,EURO,2,0,0,0,0,0
Guadeloupe,2023-07-31,GLP,AMRO,1,0,0,0,0,0
Guatemala,2023-07-31,GTM,AMRO,404,0,1,0,0,0
Guyana,2023-07-31,GUY,AMRO,2,0,0,0,0,0
Honduras,2023-07-31,HND,AMRO,44,0,0,0,0,0
Hungary,2023-07-31,HUN,EURO,80,0,0,0,0,0
Iceland,2023-07-31,ISL,EURO,16,0,0,0,0,0
Ireland,2023-07-31,IRL,EURO,229,0,0,0,0,0
Israel,2023-07-31,ISR,EURO,263,0,0,0,0,0
Italy,2023-07-31,ITA,EURO,957,0,0,0,0,0
Jamaica,2023-07-31,JAM,AMRO,21,0,0,0,0,0
Japan,2023-07-31,JPN,WPRO,194,0,0,1,0,0
Latvia,2023-07-31,LVA,EURO,6,0,0,0,0,0
Lithuania,2023-07-31,LTU,EURO,5,0,0,0,0,0
Luxembourg,2023-07-31,LUX,EURO,57,0,0,0,0,0
Malta,2023-07-31,MLT,EURO,34,0,0,0,0,0
Martinique,2023-07-31,MTQ,AMRO,7,0,0,0,0,0
Mexico,2023-07-31,MEX,AMRO,4056,0,34,2,0,0
Monaco,2023-07-31,MCO,EURO,3,0,0,0,0,0
Montenegro,2023-07-31,MNE,EURO,2,0,0,0,0,0
Netherlands,2023-07-31,NLD,EURO,1265,0,0,0,0,0
Norway,2023-07-31,NOR,EURO,96,0,0,0,0,0
Panama,2023-07-31,PAN,AMRO,237,0,1,0,0,0
Paraguay,2023-07-31,PRY,AMRO,126,0,0,0,0,0
Peru,2023-07-31,PER,AMRO,3818,0,24,2,0,0
Poland,2023-07-31,POL,EURO,217,0,0,0,0,0
Portugal,2023-07-31,PRT,EURO,1002,0,1,12,0,0
Republic of Moldova,2023-07-31,MDA,EURO,2,0,0,0,0,0
Romania,2023-07-31,ROU,EURO,47,0,0,0,0,0
Russian Federation,2023-07-31,RUS,EURO,2,0,0,0,0,0
Saint Martin,2023-07-31,MAF,AMRO,1,0,0,0,0,0
San Marino,2023-07-31,SMR,EURO,1,0,0,0,0,0
Saudi Arabia,2023-07-31,SAU,EMRO,185,0,0,93,0,0
Serbia,2023-07-31,SRB,EURO,40,0,0,0,0,0
Slovakia,2023-07-31,SVK,EURO,14,0,0,0,0,0
Slovenia,2023-07-31,SVN,EURO,47,0,0,0,0,0
Spain,2023-07-31,ESP,EURO,7559,0,3,0,0,0
Sweden,2023-07-31,SWE,EURO,260,0,0,0,0,0
Switzerland,2023-07-31,CHE,EURO,554,0,0,0,0,0
The United Kingdom,2023-07-31,GBR,EURO,3761,0,0,0,0,0
Trinidad and Tobago,2023-07-31,TTO,AMRO,4,0,0,0,0,0
Türkiye,2023-07-31,TUR,EURO,12,0,0,0,0,0
Ukraine,2023-07-31,UKR,EURO,5,0,0,0,0,0
United States of America,2023-07-31,USA,AMRO,30798,0,56,29,0,0
Uruguay,2023-07-31,URY,AMRO,19,0,0,0,0,0
Venezuela (Bolivarian Republic of),2023-07-31,VEN,AMRO,12,0,0,0,0,0
China,2023-08-01,CHN,WPRO,386,0,0,5,0,0
Mozambique,2023-08-01,MOZ,AFRO,1,0,1,0,0,0
Republic of Korea,2023-08-01,KOR,WPRO,128,0,0,2,0,0
Australia,2023-08-02,AUS,WPRO,147,0,0,-9,0,0
China,2023-08-03,CHN,WPRO,387,0,0,1,0,0
Republic of Korea,2023-08-03,KOR,WPRO,129,0,0,1,0,0
Republic of Korea,2023-08-04,KOR,WPRO,132,0,0,3,0,0
Benin,2023-08-06,BEN,AFRO,3,0,0,0,0,0
Cameroon,2023-08-06,CMR,AFRO,43,0,3,0,0,0
Central African Republic,2023-08-06,CAF,AFRO,44,0,1,0,0,0
Congo,2023-08-06,COG,AFRO,5,0,0,0,0,0
Democratic Republic of the Congo,2023-08-06,COD,AFRO,15,0,2,0,0,0
Ghana,2023-08-06,GHA,AFRO,128,0,4,0,0,0
Liberia,2023-08-06,LBR,AFRO,12,0,0,0,0,0
Nigeria,2023-08-06,NGA,AFRO,847,0,9,0,0,0
South Africa,2023-08-06,ZAF,AFRO,5,0,0,0,0,0
Andorra,2023-08-07,AND,EURO,4,0,0,0,0,0
Argentina,2023-08-07,ARG,AMRO,1135,0,2,0,0,0
Aruba,2023-08-07,ABW,AMRO,3,0,0,0,0,0
Austria,2023-08-07,AUT,EURO,328,0,0,0,0,0
Bahamas,2023-08-07,BHS,AMRO,4,0,0,0,0,0
Barbados,2023-08-07,BRB,AMRO,1,0,0,0,0,0
Belgium,2023-08-07,BEL,EURO,795,0,2,0,0,0
Bermuda,2023-08-07,BMU,AMRO,1,0,0,0,0,0
Bolivia (Plurinational State of),2023-08-07,BOL,AMRO,265,0,0,0,0,0
Bosnia and Herzegovina,2023-08-07,BIH,EURO,9,0,0,0,0,0
Brazil,2023-08-07,BRA,AMRO,11256,0,16,9,0,0
Bulgaria,2023-08-07,BGR,EURO,6,0,0,0,0,0
Canada,2023-08-07,CAN,AMRO,1532,0,0,4,0,0
Chile,2023-08-07,CHL,AMRO,1446,0,3,0,0,0
China,2023-08-07,CHN,WPRO,389,0,0,2,0,0
Colombia,2023-08-07,COL,AMRO,4094,0,0,1,0,0
Costa Rica,2023-08-07,CRI,AMRO,224,0,1,0,0,0
Croatia,2023-08-07,HRV,EURO,33,0,0,0,0,0
Cuba,2023-08-07,CUB,AMRO,8,0,1,0,0,0
Curaçao,2023-08-07,CUW,AMRO,3,0,0,0,0,0
Cyprus,2023-08-07,CYP,EURO,5,0,0,0,0,0
Czechia,2023-08-07,CZE,EURO,71,0,1,0,0,0
Denmark,2023-08-07,DNK,EURO,196,0,0,0,0,0
Dominican Republic,2023-08-07,DOM,AMRO,75,0,1,0,0,0
Ecuador,2023-08-07,ECU,AMRO,583,0,2,0,0,0
El Salvador,2023-08-07,SLV,AMRO,106,0,0,0,0,0
Estonia,2023-08-07,EST,EURO,11,0,0,0,0,0
Finland,2023-08-07,FIN,EURO,42,0,0,0,0,0
France,2023-08-07,FRA,EURO,4150,0,0,3,0,0
Georgia,2023-08-07,GEO,EURO,2,0,0,0,0,0
Germany,2023-08-07,DEU,EURO,3694,0,0,3,0,0
Gibraltar,2023-08-07,GIB,EURO,6,0,0,0,0,0
Greece,2023-08-07,GRC,EURO,88,0,0,0,0,0
Greenland,2023-08-07,GRL,EURO,2,0,0,0,0,0
Guadeloupe,2023-08-07,GLP,AMRO,1,0,0,0,0,0
Guatemala,2023-08-07,GTM,AMRO,404,0,1,0,0,0
Guyana,2023-08-07,GUY,AMRO,2,0,0,0,0,0
Honduras,2023-08-07,HND,AMRO,44,0,0,0,0,0
Hungary,2023-08-07,HUN,EURO,80,0,0,0,0,0
Iceland,2023-08-07,ISL,EURO,16,0,0,0,0,0
Ireland,2023-08-07,IRL,EURO,229,0,0,0,0,0
Israel,2023-08-07,ISR,EURO,263,0,0,0,0,0
Italy,2023-08-07,ITA,EURO,957,0,0,0,0,0
Jamaica,2023-08-07,JAM,AMRO,21,0,0,0,0,0
Latvia,2023-08-07,LVA,EURO,6,0,0,0,0,0
Lithuania,2023-08-07,LTU,EURO,5,0,0,0,0,0
Luxembourg,2023-08-07,LUX,EURO,57,0,0,0,0,0
Malta,2023-08-07,MLT,EURO,34,0,0,0,0,0
Martinique,2023-08-07,MTQ,AMRO,7,0,0,0,0,0
Mexico,2023-08-07,MEX,AMRO,4059,0,34,3,0,0
Monaco,2023-08-07,MCO,EURO,3,0,0,0,0,0
Montenegro,2023-08-07,MNE,EURO,2,0,0,0,0,0
Netherlands,2023-08-07,NLD,EURO,1265,0,0,0,0,0
Norway,2023-08-07,NOR,EURO,96,0,0,0,0,0
Panama,2023-08-07,PAN,AMRO,237,0,1,0,0,0
Paraguay,2023-08-07,PRY,AMRO,126,0,0,0,0,0
Peru,2023-08-07,PER,AMRO,3821,0,24,3,0,0
Poland,2023-08-07,POL,EURO,217,0,0,0,0,0
Portugal,2023-08-07,PRT,EURO,1002,0,1,0,0,0
Republic of Korea,2023-08-07,KOR,WPRO,133,0,0,1,0,0
Republic of Moldova,2023-08-07,MDA,EURO,2,0,0,0,0,0
Romania,2023-08-07,ROU,EURO,47,0,0,0,0,0
Russian Federation,2023-08-07,RUS,EURO,2,0,0,0,0,0
Saint Martin,2023-08-07,MAF,AMRO,1,0,0,0,0,0
San Marino,2023-08-07,SMR,EURO,1,0,0,0,0,0
Serbia,2023-08-07,SRB,EURO,40,0,0,0,0,0
Slovakia,2023-08-07,SVK,EURO,14,0,0,0,0,0
Slovenia,2023-08-07,SVN,EURO,47,0,0,0,0,0
Spain,2023-08-07,ESP,EURO,7560,0,3,1,0,0
Sweden,2023-08-07,SWE,EURO,260,0,0,0,0,0
Switzerland,2023-08-07,CHE,EURO,554,0,0,0,0,0
The United Kingdom,2023-08-07,GBR,EURO,3771,0,0,10,0,0
Trinidad and Tobago,2023-08-07,TTO,AMRO,4,0,0,0,0,0
Türkiye,2023-08-07,TUR,EURO,12,0,0,0,0,0
Ukraine,2023-08-07,UKR,EURO,5,0,0,0,0,0
United States of America,2023-08-07,USA,AMRO,30823,0,56,25,0,0
Uruguay,2023-08-07,URY,AMRO,19,0,0,0,0,0
Venezuela (Bolivarian Republic of),2023-08-07,VEN,AMRO,12,0,0,0,0,0
China,2023-08-08,CHN,WPRO,397,0,0,8,0,0
Republic of Korea,2023-08-08,KOR,WPRO,134,0,0,1,0,0
China,2023-08-09,CHN,WPRO,890,0,0,493,0,0
Andorra,2023-08-10,AND,EURO,4,0,0,0,0,0
Austria,2023-08-10,AUT,EURO,328,0,0,0,0,0
Belgium,2023-08-10,BEL,EURO,795,0,2,0,0,0
Bosnia and Herzegovina,2023-08-10,BIH,EURO,9,0,0,0,0,0
Bulgaria,2023-08-10,BGR,EURO,6,0,0,0,0,0
Croatia,2023-08-10,HRV,EURO,33,0,0,0,0,0
Cyprus,2023-08-10,CYP,EURO,5,0,0,0,0,0
Czechia,2023-08-10,CZE,EURO,71,0,1,0,0,0
Denmark,2023-08-10,DNK,EURO,196,0,0,0,0,0
Estonia,2023-08-10,EST,EURO,11,0,0,0,0,0
Finland,2023-08-10,FIN,EURO,42,0,0,0,0,0
France,2023-08-10,FRA,EURO,4150,0,0,0,0,0
Georgia,2023-08-10,GEO,EURO,2,0,0,0,0,0
Germany,2023-08-10,DEU,EURO,3694,0,0,0,0,0
Gibraltar,2023-08-10,GIB,EURO,6,0,0,0,0,0
Greece,2023-08-10,GRC,EURO,88,0,0,0,0,0
Greenland,2023-08-10,GRL,EURO,2,0,0,0,0,0
Hungary,2023-08-10,HUN,EURO,80,0,0,0,0,0
Iceland,2023-08-10,ISL,EURO,16,0,0,0,0,0
Ireland,2023-08-10,IRL,EURO,229,0,0,0,0,0
Israel,2023-08-10,ISR,EURO,263,0,0,0,0,0
Italy,2023-08-10,ITA,EURO,958,0,0,1,0,0
Latvia,2023-08-10,LVA,EURO,6,0,0,0,0,0
Lithuania,2023-08-10,LTU,EURO,5,0,0,0,0,0
Luxembourg,2023-08-10,LUX,EURO,58,0,0,1,0,0
Malta,2023-08-10,MLT,EURO,34,0,0,0,0,0
Monaco,2023-08-10,MCO,EURO,3,0,0,0,0,0
Montenegro,2023-08-10,MNE,EURO,2,0,0,0,0,0
Mozambique,2023-08-10,MOZ,AFRO,1,0,1,0,0,0
Netherlands,2023-08-10,NLD,EURO,1266,0,0,1,0,0
Norway,2023-08-10,NOR,EURO,96,0,0,0,0,0
Poland,2023-08-10,POL,EURO,217,0,0,0,0,0
Portugal,2023-08-10,PRT,EURO,1005,0,1,3,0,0
Republic of Moldova,2023-08-10,MDA,EURO,2,0,0,0,0,0
Romania,2023-08-10,ROU,EURO,47,0,0,0,0,0
Russian Federation,2023-08-10,RUS,EURO,2,0,0,0,0,0
San Marino,2023-08-10,SMR,EURO,1,0,0,0,0,0
Serbia,2023-08-10,SRB,EURO,40,0,0,0,0,0
Slovakia,2023-08-10,SVK,EURO,14,0,0,0,0,0
Slovenia,2023-08-10,SVN,EURO,47,0,0,0,0,0
Spain,2023-08-10,ESP,EURO,7565,0,3,5,0,0
Sweden,2023-08-10,SWE,EURO,260,0,0,0,0,0
Switzerland,2023-08-10,CHE,EURO,554,0,0,0,0,0
The United Kingdom,2023-08-10,GBR,EURO,3771,0,0,0,0,0
Türkiye,2023-08-10,TUR,EURO,12,0,0,0,0,0
Ukraine,2023-08-10,UKR,EURO,5,0,0,0,0,0
China,2023-08-11,CHN,WPRO,892,0,0,2,0,0
Benin,2023-08-13,BEN,AFRO,3,0,0,0,0,0
Cameroon,2023-08-13,CMR,AFRO,43,0,3,0,0,0
Central African Republic,2023-08-13,CAF,AFRO,44,0,1,0,0,0
Congo,2023-08-13,COG,AFRO,6,0,0,1,0,0
Democratic Republic of the Congo,2023-08-13,COD,AFRO,16,0,2,1,0,0
Ghana,2023-08-13,GHA,AFRO,128,0,4,0,0,0
Liberia,2023-08-13,LBR,AFRO,12,0,0,0,0,0
Mozambique,2023-08-13,MOZ,AFRO,1,0,1,0,0,0
Nigeria,2023-08-13,NGA,AFRO,847,0,9,0,0,0
South Africa,2023-08-13,ZAF,AFRO,5,0,0,0,0,0
Andorra,2023-08-14,AND,EURO,4,0,0,0,0,0
Argentina,2023-08-14,ARG,AMRO,1135,0,2,0,0,0
Aruba,2023-08-14,ABW,AMRO,3,0,0,0,0,0
Austria,2023-08-14,AUT,EURO,328,0,0,0,0,0
Bahamas,2023-08-14,BHS,AMRO,4,0,0,0,0,0
Barbados,2023-08-14,BRB,AMRO,1,0,0,0,0,0
Belgium,2023-08-14,BEL,EURO,795,0,2,0,0,0
Bermuda,2023-08-14,BMU,AMRO,1,0,0,0,0,0
Bolivia (Plurinational State of),2023-08-14,BOL,AMRO,265,0,0,0,0,0
Bosnia and Herzegovina,2023-08-14,BIH,EURO,9,0,0,0,0,0
Brazil,2023-08-14,BRA,AMRO,11262,0,16,6,0,0
Bulgaria,2023-08-14,BGR,EURO,6,0,0,0,0,0
Canada,2023-08-14,CAN,AMRO,1532,0,0,0,0,0
Chile,2023-08-14,CHL,AMRO,1446,0,3,0,0,0
Colombia,2023-08-14,COL,AMRO,4096,0,0,2,0,0
Costa Rica,2023-08-14,CRI,AMRO,224,0,1,0,0,0
Croatia,2023-08-14,HRV,EURO,33,0,0,0,0,0
Cuba,2023-08-14,CUB,AMRO,8,0,1,0,0,0
Curaçao,2023-08-14,CUW,AMRO,3,0,0,0,0,0
Cyprus,2023-08-14,CYP,EURO,5,0,0,0,0,0
Czechia,2023-08-14,CZE,EURO,71,0,1,0,0,0
Denmark,2023-08-14,DNK,EURO,196,0,0,0,0,0
Dominican Republic,2023-08-14,DOM,AMRO,75,0,1,0,0,0
Ecuador,2023-08-14,ECU,AMRO,583,0,2,0,0,0
El Salvador,2023-08-14,SLV,AMRO,106,0,0,0,0,0
Estonia,2023-08-14,EST,EURO,11,0,0,0,0,0
Finland,2023-08-14,FIN,EURO,42,0,0,0,0,0
France,2023-08-14,FRA,EURO,4150,0,0,0,0,0
Georgia,2023-08-14,GEO,EURO,2,0,0,0,0,0
Germany,2023-08-14,DEU,EURO,3694,0,0,0,0,0
Gibraltar,2023-08-14,GIB,EURO,6,0,0,0,0,0
Greece,2023-08-14,GRC,EURO,88,0,0,0,0,0
Greenland,2023-08-14,GRL,EURO,2,0,0,0,0,0
Guadeloupe,2023-08-14,GLP,AMRO,1,0,0,0,0,0
Guatemala,2023-08-14,GTM,AMRO,404,0,1,0,0,0
Guyana,2023-08-14,GUY,AMRO,2,0,0,0,0,0
Honduras,2023-08-14,HND,AMRO,44,0,0,0,0,0
Hungary,2023-08-14,HUN,EURO,80,0,0,0,0,0
Iceland,2023-08-14,ISL,EURO,16,0,0,0,0,0
India,2023-08-14,IND,SEARO,22,0,1,0,0,0
Indonesia,2023-08-14,IDN,SEARO,1,0,0,0,0,0
Ireland,2023-08-14,IRL,EURO,229,0,0,0,0,0
Israel,2023-08-14,ISR,EURO,263,0,0,0,0,0
Italy,2023-08-14,ITA,EURO,958,0,0,0,0,0
Jamaica,2023-08-14,JAM,AMRO,21,0,0,0,0,0
Latvia,2023-08-14,LVA,EURO,6,0,0,0,0,0
Lithuania,2023-08-14,LTU,EURO,5,0,0,0,0,0
Luxembourg,2023-08-14,LUX,EURO,58,0,0,0,0,0
Malta,2023-08-14,MLT,EURO,34,0,0,0,0,0
Martinique,2023-08-14,MTQ,AMRO,7,0,0,0,0,0
Mexico,2023-08-14,MEX,AMRO,4062,0,34,3,0,0
Monaco,2023-08-14,MCO,EURO,3,0,0,0,0,0
Montenegro,2023-08-14,MNE,EURO,2,0,0,0,0,0
Nepal,2023-08-14,NPL,SEARO,1,0,0,0,0,0
Netherlands,2023-08-14,NLD,EURO,1266,0,0,0,0,0
Norway,2023-08-14,NOR,EURO,96,0,0,0,0,0
Panama,2023-08-14,PAN,AMRO,237,0,1,0,0,0
Paraguay,2023-08-14,PRY,AMRO,126,0,0,0,0,0
Peru,2023-08-14,PER,AMRO,3823,0,24,2,0,0
Poland,2023-08-14,POL,EURO,217,0,0,0,0,0
Portugal,2023-08-14,PRT,EURO,1005,0,1,0,0,0
Republic of Moldova,2023-08-14,MDA,EURO,2,0,0,0,0,0
Romania,2023-08-14,ROU,EURO,47,0,0,0,0,0
Russian Federation,2023-08-14,RUS,EURO,2,0,0,0,0,0
Saint Martin,2023-08-14,MAF,AMRO,1,0,0,0,0,0
San Marino,2023-08-14,SMR,EURO,1,0,0,0,0,0
Serbia,2023-08-14,SRB,EURO,40,0,0,0,0,0
Slovakia,2023-08-14,SVK,EURO,14,0,0,0,0,0
Slovenia,2023-08-14,SVN,EURO,47,0,0,0,0,0
Spain,2023-08-14,ESP,EURO,7565,0,3,0,0,0
Sri Lanka,2023-08-14,LKA,SEARO,4,0,0,0,0,0
Sweden,2023-08-14,SWE,EURO,260,0,0,0,0,0
Switzerland,2023-08-14,CHE,EURO,554,0,0,0,0,0
Thailand,2023-08-14,THA,SEARO,189,0,1,70,0,1
The United Kingdom,2023-08-14,GBR,EURO,3771,0,0,0,0,0
Trinidad and Tobago,2023-08-14,TTO,AMRO,4,0,0,0,0,0
Türkiye,2023-08-14,TUR,EURO,12,0,0,0,0,0
Ukraine,2023-08-14,UKR,EURO,5,0,0,0,0,0
United States of America,2023-08-14,USA,AMRO,30846,0,56,23,0,0
Uruguay,2023-08-14,URY,AMRO,19,0,0,0,0,0
Venezuela (Bolivarian Republic of),2023-08-14,VEN,AMRO,12,0,0,0,0,0
China,2023-08-15,CHN,WPRO,907,0,0,15,0,0
China,2023-08-16,CHN,WPRO,908,0,0,1,0,0
China,2023-08-17,CHN,WPRO,910,0,0,2,0,0
Malaysia,2023-08-17,MYS,WPRO,2,0,0,2,0,0
Republic of Korea,2023-08-17,KOR,WPRO,135,0,0,1,0,0
Japan,2023-08-18,JPN,WPRO,195,0,0,1,0,0
Pakistan,2023-08-18,PAK,EMRO,7,0,0,1,0,0
Benin,2023-08-20,BEN,AFRO,3,0,0,0,0,0
Cameroon,2023-08-20,CMR,AFRO,43,0,3,0,0,0
Central African Republic,2023-08-20,CAF,AFRO,44,0,1,0,0,0
Congo,2023-08-20,COG,AFRO,8,0,0,2,0,0
Democratic Republic of the Congo,2023-08-20,COD,AFRO,17,0,2,1,0,0
Ghana,2023-08-20,GHA,AFRO,128,0,4,0,0,0
Liberia,2023-08-20,LBR,AFRO,12,0,0,0,0,0
Mozambique,2023-08-20,MOZ,AFRO,1,0,1,0,0,0
Nigeria,2023-08-20,NGA,AFRO,847,0,9,0,0,0
South Africa,2023-08-20,ZAF,AFRO,5,0,0,0,0,0
Andorra,2023-08-21,AND,EURO,4,0,0,0,0,0
Argentina,2023-08-21,ARG,AMRO,1135,0,2,0,0,0
Aruba,2023-08-21,ABW,AMRO,3,0,0,0,0,0
Austria,2023-08-21,AUT,EURO,328,0,0,0,0,0
Bahamas,2023-08-21,BHS,AMRO,4,0,0,0,0,0
Barbados,2023-08-21,BRB,AMRO,1,0,0,0,0,0
Belgium,2023-08-21,BEL,EURO,795,0,2,0,0,0
Bermuda,2023-08-21,BMU,AMRO,1,0,0,0,0,0
Bolivia (Plurinational State of),2023-08-21,BOL,AMRO,265,0,0,0,0,0
Bosnia and Herzegovina,2023-08-21,BIH,EURO,9,0,0,0,0,0
Brazil,2023-08-21,BRA,AMRO,11272,0,16,10,0,0
Bulgaria,2023-08-21,BGR,EURO,6,0,0,0,0,0
Canada,2023-08-21,CAN,AMRO,1532,0,0,0,0,0
Chile,2023-08-21,CHL,AMRO,1447,0,3,1,0,0
China,2023-08-21,CHN,WPRO,912,0,0,2,0,0
Colombia,2023-08-21,COL,AMRO,4096,0,0,0,0,0
Costa Rica,2023-08-21,CRI,AMRO,224,0,1,0,0,0
Croatia,2023-08-21,HRV,EURO,33,0,0,0,0,0
Cuba,2023-08-21,CUB,AMRO,8,0,1,0,0,0
Curaçao,2023-08-21,CUW,AMRO,3,0,0,0,0,0
Cyprus,2023-08-21,CYP,EURO,5,0,0,0,0,0
Czechia,2023-08-21,CZE,EURO,71,0,1,0,0,0
Denmark,2023-08-21,DNK,EURO,196,0,0,0,0,0
Dominican Republic,2023-08-21,DOM,AMRO,75,0,1,0,0,0
Ecuador,2023-08-21,ECU,AMRO,583,0,2,0,0,0
El Salvador,2023-08-21,SLV,AMRO,106,0,0,0,0,0
Estonia,2023-08-21,EST,EURO,11,0,0,0,0,0
Finland,2023-08-21,FIN,EURO,42,0,0,0,0,0
France,2023-08-21,FRA,EURO,4150,0,0,0,0,0
Georgia,2023-08-21,GEO,EURO,2,0,0,0,0,0
Germany,2023-08-21,DEU,EURO,3694,0,0,0,0,0
Gibraltar,2023-08-21,GIB,EURO,6,0,0,0,0,0
Greece,2023-08-21,GRC,EURO,88,0,0,0,0,0
Greenland,2023-08-21,GRL,EURO,2,0,0,0,0,0
Guadeloupe,2023-08-21,GLP,AMRO,1,0,0,0,0,0
Guatemala,2023-08-21,GTM,AMRO,404,0,1,0,0,0
Guyana,2023-08-21,GUY,AMRO,2,0,0,0,0,0
Honduras,2023-08-21,HND,AMRO,44,0,0,0,0,0
Hungary,2023-08-21,HUN,EURO,80,0,0,0,0,0
Iceland,2023-08-21,ISL,EURO,16,0,0,0,0,0
Ireland,2023-08-21,IRL,EURO,229,0,0,0,0,0
Israel,2023-08-21,ISR,EURO,263,0,0,0,0,0
Italy,2023-08-21,ITA,EURO,958,0,0,0,0,0
Jamaica,2023-08-21,JAM,AMRO,21,0,0,0,0,0
Latvia,2023-08-21,LVA,EURO,6,0,0,0,0,0
Lithuania,2023-08-21,LTU,EURO,5,0,0,0,0,0
Luxembourg,2023-08-21,LUX,EURO,58,0,0,0,0,0
Malta,2023-08-21,MLT,EURO,34,0,0,0,0,0
Martinique,2023-08-21,MTQ,AMRO,7,0,0,0,0,0
Mexico,2023-08-21,MEX,AMRO,4063,0,34,1,0,0
Monaco,2023-08-21,MCO,EURO,3,0,0,0,0,0
Montenegro,2023-08-21,MNE,EURO,2,0,0,0,0,0
Netherlands,2023-08-21,NLD,EURO,1266,0,0,0,0,0
Norway,2023-08-21,NOR,EURO,96,0,0,0,0,0
Panama,2023-08-21,PAN,AMRO,237,0,1,0,0,0
Paraguay,2023-08-21,PRY,AMRO,126,0,0,0,0,0
Peru,2023-08-21,PER,AMRO,3824,0,24,1,0,0
Poland,2023-08-21,POL,EURO,217,0,0,0,0,0
Portugal,2023-08-21,PRT,EURO,1005,0,1,0,0,0
Republic of Moldova,2023-08-21,MDA,EURO,2,0,0,0,0,0
Romania,2023-08-21,ROU,EURO,47,0,0,0,0,0
Russian Federation,2023-08-21,RUS,EURO,2,0,0,0,0,0
Saint Martin,2023-08-21,MAF,AMRO,1,0,0,0,0,0
San Marino,2023-08-21,SMR,EURO,1,0,0,0,0,0
Serbia,2023-08-21,SRB,EURO,40,0,0,0,0,0
Slovakia,2023-08-21,SVK,EURO,14,0,0,0,0,0
Slovenia,2023-08-21,SVN,EURO,47,0,0,0,0,0
Spain,2023-08-21,ESP,EURO,7565,0,3,0,0,0
Sweden,2023-08-21,SWE,EURO,260,0,0,0,0,0
Switzerland,2023-08-21,CHE,EURO,554,0,0,0,0,0
The United Kingdom,2023-08-21,GBR,EURO,3771,0,0,0,0,0
Trinidad and Tobago,2023-08-21,TTO,AMRO,4,0,0,0,0,0
Türkiye,2023-08-21,TUR,EURO,12,0,0,0,0,0
Ukraine,2023-08-21,UKR,EURO,5,0,0,0,0,0
United States of America,2023-08-21,USA,AMRO,30867,0,56,21,0,0
Uruguay,2023-08-21,URY,AMRO,19,0,0,0,0,0
Venezuela (Bolivarian Republic of),2023-08-21,VEN,AMRO,12,0,0,0,0,0
Australia,2023-08-22,AUS,WPRO,155,0,0,8,0,0
China,2023-08-22,CHN,WPRO,923,0,0,11,0,0
India,2023-08-23,IND,SEARO,22,0,1,0,0,0
Indonesia,2023-08-23,IDN,SEARO,1,0,0,0,0,0
Nepal,2023-08-23,NPL,SEARO,1,0,0,0,0,0
Sri Lanka,2023-08-23,LKA,SEARO,4,0,0,0,0,0
Thailand,2023-08-23,THA,SEARO,217,0,1,28,0,0
China,2023-08-25,CHN,WPRO,924,0,0,1,0,0
Benin,2023-08-27,BEN,AFRO,3,0,0,0,0,0
Cameroon,2023-08-27,CMR,AFRO,43,0,3,0,0,0
Central African Republic,2023-08-27,CAF,AFRO,44,0,1,0,0,0
Congo,2023-08-27,COG,AFRO,12,0,0,4,0,0
Democratic Republic of the Congo,2023-08-27,COD,AFRO,19,0,2,2,0,0
Ghana,2023-08-27,GHA,AFRO,128,0,4,0,0,0
Liberia,2023-08-27,LBR,AFRO,12,0,0,0,0,0
Mozambique,2023-08-27,MOZ,AFRO,1,0,1,0,0,0
Nigeria,2023-08-27,NGA,AFRO,847,0,9,0,0,0
South Africa,2023-08-27,ZAF,AFRO,5,0,0,0,0,0
Andorra,2023-08-28,AND,EURO,4,0,0,0,0,0
Argentina,2023-08-28,ARG,AMRO,1135,0,2,0,0,0
Aruba,2023-08-28,ABW,AMRO,3,0,0,0,0,0
Austria,2023-08-28,AUT,EURO,328,0,0,0,0,0
Bahamas,2023-08-28,BHS,AMRO,4,0,0,0,0,0
Barbados,2023-08-28,BRB,AMRO,1,0,0,0,0,0
Belgium,2023-08-28,BEL,EURO,795,0,2,0,0,0
Bermuda,2023-08-28,BMU,AMRO,1,0,0,0,0,0
Bolivia (Plurinational State of),2023-08-28,BOL,AMRO,265,0,0,0,0,0
Bosnia and Herzegovina,2023-08-28,BIH,EURO,9,0,0,0,0,0
Brazil,2023-08-28,BRA,AMRO,11284,0,16,12,0,0
Bulgaria,2023-08-28,BGR,EURO,6,0,0,0,0,0
Canada,2023-08-28,CAN,AMRO,1532,0,0,0,0,0
Chile,2023-08-28,CHL,AMRO,1448,0,3,1,0,0
China,2023-08-28,CHN,WPRO,926,0,0,2,0,0
Colombia,2023-08-28,COL,AMRO,4097,0,0,1,0,0
Costa Rica,2023-08-28,CRI,AMRO,224,0,1,0,0,0
Croatia,2023-08-28,HRV,EURO,33,0,0,0,0,0
Cuba,2023-08-28,CUB,AMRO,8,0,1,0,0,0
Curaçao,2023-08-28,CUW,AMRO,3,0,0,0,0,0
Cyprus,2023-08-28,CYP,EURO,5,0,0,0,0,0
Czechia,2023-08-28,CZE,EURO,71,0,1,0,0,0
Denmark,2023-08-28,DNK,EURO,196,0,0,0,0,0
Dominican Republic,2023-08-28,DOM,AMRO,75,0,1,0,0,0
Ecuador,2023-08-28,ECU,AMRO,583,0,2,0,0,0
El Salvador,2023-08-28,SLV,AMRO,106,0,0,0,0,0
Estonia,2023-08-28,EST,EURO,11,0,0,0,0,0
Finland,2023-08-28,FIN,EURO,42,0,0,0,0,0
France,2023-08-28,FRA,EURO,4150,0,0,0,0,0
Georgia,2023-08-28,GEO,EURO,2,0,0,0,0,0
Germany,2023-08-28,DEU,EURO,3694,0,0,0,0,0
Gibraltar,2023-08-28,GIB,EURO,6,0,0,0,0,0
Greece,2023-08-28,GRC,EURO,88,0,0,0,0,0
Greenland,2023-08-28,GRL,EURO,2,0,0,0,0,0
Guadeloupe,2023-08-28,GLP,AMRO,1,0,0,0,0,0
Guatemala,2023-08-28,GTM,AMRO,404,0,1,0,0,0
Guyana,2023-08-28,GUY,AMRO,2,0,0,0,0,0
Honduras,2023-08-28,HND,AMRO,44,0,0,0,0,0
Hungary,2023-08-28,HUN,EURO,80,0,0,0,0,0
Iceland,2023-08-28,ISL,EURO,16,0,0,0,0,0
Ireland,2023-08-28,IRL,EURO,229,0,0,0,0,0
Israel,2023-08-28,ISR,EURO,263,0,0,0,0,0
Italy,2023-08-28,ITA,EURO,958,0,0,0,0,0
Jamaica,2023-08-28,JAM,AMRO,21,0,0,0,0,0
Latvia,2023-08-28,LVA,EURO,6,0,0,0,0,0
Lithuania,2023-08-28,LTU,EURO,5,0,0,0,0,0
Luxembourg,2023-08-28,LUX,EURO,59,0,0,1,0,0
Malta,2023-08-28,MLT,EURO,34,0,0,0,0,0
Martinique,2023-08-28,MTQ,AMRO,7,0,0,0,0,0
Mexico,2023-08-28,MEX,AMRO,4063,0,34,0,0,0
Monaco,2023-08-28,MCO,EURO,3,0,0,0,0,0
Montenegro,2023-08-28,MNE,EURO,2,0,0,0,0,0
Netherlands,2023-08-28,NLD,EURO,1267,0,0,1,0,0
Norway,2023-08-28,NOR,EURO,96,0,0,0,0,0
Panama,2023-08-28,PAN,AMRO,237,0,1,0,0,0
Paraguay,2023-08-28,PRY,AMRO,126,0,0,0,0,0
Peru,2023-08-28,PER,AMRO,3828,0,24,4,0,0
Poland,2023-08-28,POL,EURO,217,0,0,0,0,0
Portugal,2023-08-28,PRT,EURO,1005,0,1,0,0,0
Republic of Moldova,2023-08-28,MDA,EURO,2,0,0,0,0,0
Romania,2023-08-28,ROU,EURO,47,0,0,0,0,0
Russian Federation,2023-08-28,RUS,EURO,2,0,0,0,0,0
Saint Martin,2023-08-28,MAF,AMRO,1,0,0,0,0,0
San Marino,2023-08-28,SMR,EURO,1,0,0,0,0,0
Serbia,2023-08-28,SRB,EURO,40,0,0,0,0,0
Slovakia,2023-08-28,SVK,EURO,14,0,0,0,0,0
Slovenia,2023-08-28,SVN,EURO,47,0,0,0,0,0
Spain,2023-08-28,ESP,EURO,7565,0,3,0,0,0
Sweden,2023-08-28,SWE,EURO,260,0,0,0,0,0
Switzerland,2023-08-28,CHE,EURO,554,0,0,0,0,0
The United Kingdom,2023-08-28,GBR,EURO,3771,0,0,0,0,0
Trinidad and Tobago,2023-08-28,TTO,AMRO,4,0,0,0,0,0
Türkiye,2023-08-28,TUR,EURO,12,0,0,0,0,0
Ukraine,2023-08-28,UKR,EURO,5,0,0,0,0,0
United States of America,2023-08-28,USA,AMRO,30882,0,56,15,0,0
Uruguay,2023-08-28,URY,AMRO,19,0,0,0,0,0
Venezuela (Bolivarian Republic of),2023-08-28,VEN,AMRO,12,0,0,0,0,0
Andorra,2023-08-29,AND,EURO,4,0,0,0,0,0
Austria,2023-08-29,AUT,EURO,328,0,0,0,0,0
Belgium,2023-08-29,BEL,EURO,795,0,2,0,0,0
Bosnia and Herzegovina,2023-08-29,BIH,EURO,9,0,0,0,0,0
Bulgaria,2023-08-29,BGR,EURO,6,0,0,0,0,0
Croatia,2023-08-29,HRV,EURO,33,0,0,0,0,0
Cyprus,2023-08-29,CYP,EURO,5,0,0,0,0,0
Czechia,2023-08-29,CZE,EURO,71,0,1,0,0,0
Denmark,2023-08-29,DNK,EURO,196,0,0,0,0,0
Estonia,2023-08-29,EST,EURO,11,0,0,0,0,0
Finland,2023-08-29,FIN,EURO,42,0,0,0,0,0
France,2023-08-29,FRA,EURO,4150,0,0,0,0,0
Georgia,2023-08-29,GEO,EURO,2,0,0,0,0,0
Germany,2023-08-29,DEU,EURO,3694,0,0,0,0,0
Gibraltar,2023-08-29,GIB,EURO,6,0,0,0,0,0
Greece,2023-08-29,GRC,EURO,88,0,0,0,0,0
Greenland,2023-08-29,GRL,EURO,2,0,0,0,0,0
Hungary,2023-08-29,HUN,EURO,80,0,0,0,0,0
Iceland,2023-08-29,ISL,EURO,16,0,0,0,0,0
Ireland,2023-08-29,IRL,EURO,229,0,0,0,0,0
Israel,2023-08-29,ISR,EURO,263,0,0,0,0,0
Italy,2023-08-29,ITA,EURO,958,0,0,0,0,0
Latvia,2023-08-29,LVA,EURO,6,0,0,0,0,0
Lithuania,2023-08-29,LTU,EURO,5,0,0,0,0,0
Luxembourg,2023-08-29,LUX,EURO,59,0,0,0,0,0
Malta,2023-08-29,MLT,EURO,34,0,0,0,0,0
Monaco,2023-08-29,MCO,EURO,3,0,0,0,0,0
Montenegro,2023-08-29,MNE,EURO,2,0,0,0,0,0
Netherlands,2023-08-29,NLD,EURO,1267,0,0,0,0,0
Norway,2023-08-29,NOR,EURO,96,0,0,0,0,0
Poland,2023-08-29,POL,EURO,217,0,0,0,0,0
Portugal,2023-08-29,PRT,EURO,1005,0,1,0,0,0
Republic of Moldova,2023-08-29,MDA,EURO,2,0,0,0,0,0
Romania,2023-08-29,ROU,EURO,47,0,0,0,0,0
Russian Federation,2023-08-29,RUS,EURO,2,0,0,0,0,0
San Marino,2023-08-29,SMR,EURO,1,0,0,0,0,0
Serbia,2023-08-29,SRB,EURO,40,0,0,0,0,0
Slovakia,2023-08-29,SVK,EURO,14,0,0,0,0,0
Slovenia,2023-08-29,SVN,EURO,47,0,0,0,0,0
Spain,2023-08-29,ESP,EURO,7565,0,3,0,0,0
Sweden,2023-08-29,SWE,EURO,260,0,0,0,0,0
Switzerland,2023-08-29,CHE,EURO,554,0,0,0,0,0
The United Kingdom,2023-08-29,GBR,EURO,3771,0,0,0,0,0
Türkiye,2023-08-29,TUR,EURO,12,0,0,0,0,0
Ukraine,2023-08-29,UKR,EURO,5,0,0,0,0,0
Australia,2023-08-31,AUS,WPRO,159,0,0,4,0,0
China,2023-08-31,CHN,WPRO,927,0,0,1,0,0
India,2023-08-31,IND,SEARO,22,0,1,0,0,0
Indonesia,2023-08-31,IDN,SEARO,1,0,0,0,0,0
Nepal,2023-08-31,NPL,SEARO,1,0,0,0,0,0
Saudi Arabia,2023-08-31,SAU,EMRO,391,0,0,206,0,0
Sri Lanka,2023-08-31,LKA,SEARO,4,0,0,0,0,0
Thailand,2023-08-31,THA,SEARO,316,0,1,99,0,0
United Arab Emirates,2023-08-31,ARE,EMRO,23,0,0,1,0,0
Benin,2023-09-03,BEN,AFRO,3,0,0,0,0,0
Cameroon,2023-09-03,CMR,AFRO,43,0,3,0,0,0
Central African Republic,2023-09-03,CAF,AFRO,44,0,1,0,0,0
Congo,2023-09-03,COG,AFRO,13,0,0,1,0,0
Democratic Republic of the Congo,2023-09-03,COD,AFRO,19,0,2,0,0,0
Ghana,2023-09-03,GHA,AFRO,128,0,4,0,0,0
India,2023-09-03,IND,SEARO,22,0,1,0,0,0
Indonesia,2023-09-03,IDN,SEARO,1,0,0,0,0,0
Liberia,2023-09-03,LBR,AFRO,12,0,0,0,0,0
Nepal,2023-09-03,NPL,SEARO,1,0,0,0,0,0
Nigeria,2023-09-03,NGA,AFRO,847,0,9,0,0,0
Pakistan,2023-09-03,PAK,EMRO,8,0,0,1,0,0
South Africa,2023-09-03,ZAF,AFRO,5,0,0,0,0,0
Sri Lanka,2023-09-03,LKA,SEARO,4,0,0,0,0,0
Thailand,2023-09-03,THA,SEARO,316,0,1,0,0,0
Andorra,2023-09-04,AND,EURO,4,0,0,0,0,0
Argentina,2023-09-04,ARG,AMRO,1135,0,2,0,0,0
Aruba,2023-09-04,ABW,AMRO,3,0,0,0,0,0
Austria,2023-09-04,AUT,EURO,328,0,0,0,0,0
Bahamas,2023-09-04,BHS,AMRO,4,0,0,0,0,0
Barbados,2023-09-04,BRB,AMRO,1,0,0,0,0,0
Belgium,2023-09-04,BEL,EURO,795,0,2,0,0,0
Bermuda,2023-09-04,BMU,AMRO,1,0,0,0,0,0
Bolivia (Plurinational State of),2023-09-04,BOL,AMRO,265,0,0,0,0,0
Bosnia and Herzegovina,2023-09-04,BIH,EURO,9,0,0,0,0,0
Brazil,2023-09-04,BRA,AMRO,11297,0,16,13,0,0
Bulgaria,2023-09-04,BGR,EURO,6,0,0,0,0,0
Canada,2023-09-04,CAN,AMRO,1533,0,0,1,0,0
Chile,2023-09-04,CHL,AMRO,1449,0,3,1,0,0
China,2023-09-04,CHN,WPRO,929,0,0,2,0,0
Colombia,2023-09-04,COL,AMRO,4097,0,0,0,0,0
Costa Rica,2023-09-04,CRI,AMRO,224,0,1,0,0,0
Croatia,2023-09-04,HRV,EURO,33,0,0,0,0,0
Cuba,2023-09-04,CUB,AMRO,8,0,1,0,0,0
Curaçao,2023-09-04,CUW,AMRO,3,0,0,0,0,0
Cyprus,2023-09-04,CYP,EURO,5,0,0,0,0,0
Czechia,2023-09-04,CZE,EURO,71,0,1,0,0,0
Denmark,2023-09-04,DNK,EURO,196,0,0,0,0,0
Dominican Republic,2023-09-04,DOM,AMRO,75,0,1,0,0,0
Ecuador,2023-09-04,ECU,AMRO,583,0,2,0,0,0
El Salvador,2023-09-04,SLV,AMRO,106,0,0,0,0,0
Estonia,2023-09-04,EST,EURO,11,0,0,0,0,0
Finland,2023-09-04,FIN,EURO,42,0,0,0,0,0
France,2023-09-04,FRA,EURO,4150,0,0,0,0,0
Georgia,2023-09-04,GEO,EURO,2,0,0,0,0,0
Germany,2023-09-04,DEU,EURO,3696,0,0,2,0,0
Gibraltar,2023-09-04,GIB,EURO,6,0,0,0,0,0
Greece,2023-09-04,GRC,EURO,88,0,0,0,0,0
Greenland,2023-09-04,GRL,EURO,2,0,0,0,0,0
Guadeloupe,2023-09-04,GLP,AMRO,1,0,0,0,0,0
Guatemala,2023-09-04,GTM,AMRO,404,0,1,0,0,0
Guyana,2023-09-04,GUY,AMRO,2,0,0,0,0,0
Honduras,2023-09-04,HND,AMRO,44,0,0,0,0,0
Hungary,2023-09-04,HUN,EURO,80,0,0,0,0,0
Iceland,2023-09-04,ISL,EURO,17,0,0,1,0,0
Ireland,2023-09-04,IRL,EURO,232,0,0,3,0,0
Israel,2023-09-04,ISR,EURO,263,0,0,0,0,0
Italy,2023-09-04,ITA,EURO,958,0,0,0,0,0
Jamaica,2023-09-04,JAM,AMRO,21,0,0,0,0,0
Latvia,2023-09-04,LVA,EURO,6,0,0,0,0,0
Lithuania,2023-09-04,LTU,EURO,5,0,0,0,0,0
Luxembourg,2023-09-04,LUX,EURO,59,0,0,0,0,0
Malta,2023-09-04,MLT,EURO,34,0,0,0,0,0
Martinique,2023-09-04,MTQ,AMRO,7,0,0,0,0,0
Mexico,2023-09-04,MEX,AMRO,4064,0,34,1,0,0
Monaco,2023-09-04,MCO,EURO,3,0,0,0,0,0
Montenegro,2023-09-04,MNE,EURO,2,0,0,0,0,0
Mozambique,2023-09-04,MOZ,AFRO,1,0,1,0,0,0
Netherlands,2023-09-04,NLD,EURO,1267,0,0,0,0,0
Norway,2023-09-04,NOR,EURO,96,0,0,0,0,0
Panama,2023-09-04,PAN,AMRO,237,0,1,0,0,0
Paraguay,2023-09-04,PRY,AMRO,126,0,0,0,0,0
Peru,2023-09-04,PER,AMRO,3829,0,24,1,0,0
Poland,2023-09-04,POL,EURO,217,0,0,0,0,0
Portugal,2023-09-04,PRT,EURO,1050,0,1,45,0,0
Republic of Moldova,2023-09-04,MDA,EURO,2,0,0,0,0,0
Romania,2023-09-04,ROU,EURO,47,0,0,0,0,0
Russian Federation,2023-09-04,RUS,EURO,2,0,0,0,0,0
Saint Martin,2023-09-04,MAF,AMRO,1,0,0,0,0,0
San Marino,2023-09-04,SMR,EURO,1,0,0,0,0,0
Serbia,2023-09-04,SRB,EURO,40,0,0,0,0,0
Slovakia,2023-09-04,SVK,EURO,14,0,0,0,0,0
Slovenia,2023-09-04,SVN,EURO,47,0,0,0,0,0
Spain,2023-09-04,ESP,EURO,7565,0,3,0,0,0
Sweden,2023-09-04,SWE,EURO,260,0,0,0,0,0
Switzerland,2023-09-04,CHE,EURO,554,0,0,0,0,0
The United Kingdom,2023-09-04,GBR,EURO,3777,0,0,6,0,0
Trinidad and Tobago,2023-09-04,TTO,AMRO,4,0,0,0,0,0
Türkiye,2023-09-04,TUR,EURO,12,0,0,0,0,0
Ukraine,2023-09-04,UKR,EURO,5,0,0,0,0,0
United States of America,2023-09-04,USA,AMRO,30907,0,56,25,0,0
Uruguay,2023-09-04,URY,AMRO,19,0,0,0,0,0
Venezuela (Bolivarian Republic of),2023-09-04,VEN,AMRO,12,0,0,0,0,0
Republic of Korea,2023-09-06,KOR,WPRO,141,0,0,6,0,0
Andorra,2023-09-07,AND,EURO,4,0,0,0,0,0
Austria,2023-09-07,AUT,EURO,328,0,0,0,0,0
Belgium,2023-09-07,BEL,EURO,795,0,2,0,0,0
Bosnia and Herzegovina,2023-09-07,BIH,EURO,9,0,0,0,0,0
Bulgaria,2023-09-07,BGR,EURO,6,0,0,0,0,0
China,2023-09-07,CHN,WPRO,1451,0,0,522,0,0
Croatia,2023-09-07,HRV,EURO,33,0,0,0,0,0
Cyprus,2023-09-07,CYP,EURO,5,0,0,0,0,0
Czechia,2023-09-07,CZE,EURO,71,0,1,0,0,0
Denmark,2023-09-07,DNK,EURO,196,0,0,0,0,0
Estonia,2023-09-07,EST,EURO,11,0,0,0,0,0
Finland,2023-09-07,FIN,EURO,42,0,0,0,0,0
France,2023-09-07,FRA,EURO,4154,0,0,4,0,0
Georgia,2023-09-07,GEO,EURO,2,0,0,0,0,0
Germany,2023-09-07,DEU,EURO,3697,0,0,1,0,0
Gibraltar,2023-09-07,GIB,EURO,6,0,0,0,0,0
Greece,2023-09-07,GRC,EURO,88,0,0,0,0,0
Greenland,2023-09-07,GRL,EURO,2,0,0,0,0,0
Hungary,2023-09-07,HUN,EURO,80,0,0,0,0,0
Iceland,2023-09-07,ISL,EURO,17,0,0,0,0,0
India,2023-09-07,IND,SEARO,22,0,1,0,0,0
Indonesia,2023-09-07,IDN,SEARO,1,0,0,0,0,0
Ireland,2023-09-07,IRL,EURO,232,0,0,0,0,0
Israel,2023-09-07,ISR,EURO,263,0,0,0,0,0
Italy,2023-09-07,ITA,EURO,960,0,0,2,0,0
Latvia,2023-09-07,LVA,EURO,6,0,0,0,0,0
Lithuania,2023-09-07,LTU,EURO,5,0,0,0,0,0
Luxembourg,2023-09-07,LUX,EURO,59,0,0,0,0,0
Malta,2023-09-07,MLT,EURO,34,0,0,0,0,0
Monaco,2023-09-07,MCO,EURO,3,0,0,0,0,0
Montenegro,2023-09-07,MNE,EURO,2,0,0,0,0,0
Mozambique,2023-09-07,MOZ,AFRO,1,0,1,0,0,0
Nepal,2023-09-07,NPL,SEARO,1,0,0,0,0,0
Netherlands,2023-09-07,NLD,EURO,1267,0,0,0,0,0
Norway,2023-09-07,NOR,EURO,96,0,0,0,0,0
Poland,2023-09-07,POL,EURO,217,0,0,0,0,0
Portugal,2023-09-07,PRT,EURO,1050,0,1,0,0,0
Republic of Moldova,2023-09-07,MDA,EURO,2,0,0,0,0,0
Romania,2023-09-07,ROU,EURO,47,0,0,0,0,0
Russian Federation,2023-09-07,RUS,EURO,2,0,0,0,0,0
San Marino,2023-09-07,SMR,EURO,1,0,0,0,0,0
Serbia,2023-09-07,SRB,EURO,40,0,0,0,0,0
Slovakia,2023-09-07,SVK,EURO,14,0,0,0,0,0
Slovenia,2023-09-07,SVN,EURO,47,0,0,0,0,0
Spain,2023-09-07,ESP,EURO,7580,0,3,15,0,0
Sri Lanka,2023-09-07,LKA,SEARO,4,0,0,0,0,0
Sweden,2023-09-07,SWE,EURO,262,0,0,2,0,0
Switzerland,2023-09-07,CHE,EURO,554,0,0,0,0,0
Thailand,2023-09-07,THA,SEARO,325,0,1,9,0,0
The United Kingdom,2023-09-07,GBR,EURO,3782,0,0,5,0,0
Türkiye,2023-09-07,TUR,EURO,12,0,0,0,0,0
Ukraine,2023-09-07,UKR,EURO,5,0,0,0,0,0
Benin,2023-09-10,BEN,AFRO,3,0,0,0,0,0
Cameroon,2023-09-10,CMR,AFRO,44,0,3,1,0,0
Central African Republic,2023-09-10,CAF,AFRO,44,0,1,0,0,0
Congo,2023-09-10,COG,AFRO,17,0,0,4,0,0
Democratic Republic of the Congo,2023-09-10,COD,AFRO,19,0,2,0,0,0
Ghana,2023-09-10,GHA,AFRO,128,0,4,0,0,0
Liberia,2023-09-10,LBR,AFRO,12,0,0,0,0,0
Nigeria,2023-09-10,NGA,AFRO,847,0,9,0,0,0
South Africa,2023-09-10,ZAF,AFRO,5,0,0,0,0,0
Andorra,2023-09-11,AND,EURO,4,0,0,0,0,0
Argentina,2023-09-11,ARG,AMRO,1135,0,2,0,0,0
Aruba,2023-09-11,ABW,AMRO,3,0,0,0,0,0
Austria,2023-09-11,AUT,EURO,328,0,0,0,0,0
Bahamas,2023-09-11,BHS,AMRO,4,0,0,0,0,0
Barbados,2023-09-11,BRB,AMRO,1,0,0,0,0,0
Belgium,2023-09-11,BEL,EURO,795,0,2,0,0,0
Bermuda,2023-09-11,BMU,AMRO,1,0,0,0,0,0
Bolivia (Plurinational State of),2023-09-11,BOL,AMRO,265,0,0,0,0,0
Bosnia and Herzegovina,2023-09-11,BIH,EURO,9,0,0,0,0,0
Brazil,2023-09-11,BRA,AMRO,11311,0,16,14,0,0
Bulgaria,2023-09-11,BGR,EURO,6,0,0,0,0,0
Canada,2023-09-11,CAN,AMRO,1536,0,0,3,0,0
Chile,2023-09-11,CHL,AMRO,1449,0,3,0,0,0
Colombia,2023-09-11,COL,AMRO,4099,0,0,2,0,0
Costa Rica,2023-09-11,CRI,AMRO,224,0,1,0,0,0
Croatia,2023-09-11,HRV,EURO,33,0,0,0,0,0
Cuba,2023-09-11,CUB,AMRO,8,0,1,0,0,0
Curaçao,2023-09-11,CUW,AMRO,3,0,0,0,0,0
Cyprus,2023-09-11,CYP,EURO,5,0,0,0,0,0
Czechia,2023-09-11,CZE,EURO,71,0,1,0,0,0
Denmark,2023-09-11,DNK,EURO,196,0,0,0,0,0
Dominican Republic,2023-09-11,DOM,AMRO,75,0,1,0,0,0
Ecuador,2023-09-11,ECU,AMRO,583,0,2,0,0,0
El Salvador,2023-09-11,SLV,AMRO,106,0,0,0,0,0
Estonia,2023-09-11,EST,EURO,11,0,0,0,0,0
Finland,2023-09-11,FIN,EURO,42,0,0,0,0,0
France,2023-09-11,FRA,EURO,4154,0,0,0,0,0
Georgia,2023-09-11,GEO,EURO,2,0,0,0,0,0
Germany,2023-09-11,DEU,EURO,3697,0,0,0,0,0
Gibraltar,2023-09-11,GIB,EURO,6,0,0,0,0,0
Greece,2023-09-11,GRC,EURO,88,0,0,0,0,0
Greenland,2023-09-11,GRL,EURO,2,0,0,0,0,0
Guadeloupe,2023-09-11,GLP,AMRO,1,0,0,0,0,0
Guatemala,2023-09-11,GTM,AMRO,404,0,1,0,0,0
Guyana,2023-09-11,GUY,AMRO,2,0,0,0,0,0
Honduras,2023-09-11,HND,AMRO,44,0,0,0,0,0
Hungary,2023-09-11,HUN,EURO,80,0,0,0,0,0
Iceland,2023-09-11,ISL,EURO,17,0,0,0,0,0
Ireland,2023-09-11,IRL,EURO,232,0,0,0,0,0
Israel,2023-09-11,ISR,EURO,263,0,0,0,0,0
Italy,2023-09-11,ITA,EURO,960,0,0,0,0,0
Jamaica,2023-09-11,JAM,AMRO,21,0,0,0,0,0
Japan,2023-09-11,JPN,WPRO,196,0,0,1,0,0
Lao People's Democratic Republic,2023-09-11,LAO,WPRO,1,0,0,1,0,0
Latvia,2023-09-11,LVA,EURO,6,0,0,0,0,0
Lithuania,2023-09-11,LTU,EURO,5,0,0,0,0,0
Luxembourg,2023-09-11,LUX,EURO,59,0,0,0,0,0
Malta,2023-09-11,MLT,EURO,34,0,0,0,0,0
Martinique,2023-09-11,MTQ,AMRO,7,0,0,0,0,0
Mexico,2023-09-11,MEX,AMRO,4064,0,34,0,0,0
Monaco,2023-09-11,MCO,EURO,3,0,0,0,0,0
Montenegro,2023-09-11,MNE,EURO,2,0,0,0,0,0
Netherlands,2023-09-11,NLD,EURO,1267,0,0,0,0,0
Norway,2023-09-11,NOR,EURO,96,0,0,0,0,0
Panama,2023-09-11,PAN,AMRO,237,0,1,0,0,0
Paraguay,2023-09-11,PRY,AMRO,126,0,0,0,0,0
Peru,2023-09-11,PER,AMRO,3831,0,24,2,0,0
Poland,2023-09-11,POL,EURO,217,0,0,0,0,0
Portugal,2023-09-11,PRT,EURO,1050,0,1,0,0,0
Republic of Korea,2023-09-11,KOR,WPRO,141,0,0,0,0,0
Republic of Moldova,2023-09-11,MDA,EURO,2,0,0,0,0,0
Romania,2023-09-11,ROU,EURO,47,0,0,0,0,0
Russian Federation,2023-09-11,RUS,EURO,2,0,0,0,0,0
Saint Martin,2023-09-11,MAF,AMRO,1,0,0,0,0,0
San Marino,2023-09-11,SMR,EURO,1,0,0,0,0,0
Serbia,2023-09-11,SRB,EURO,40,0,0,0,0,0
Slovakia,2023-09-11,SVK,EURO,14,0,0,0,0,0
Slovenia,2023-09-11,SVN,EURO,47,0,0,0,0,0
Spain,2023-09-11,ESP,EURO,7580,0,3,0,0,0
Sweden,2023-09-11,SWE,EURO,262,0,0,0,0,0
Switzerland,2023-09-11,CHE,EURO,554,0,0,0,0,0
The United Kingdom,2023-09-11,GBR,EURO,3782,0,0,0,0,0
Trinidad and Tobago,2023-09-11,TTO,AMRO,4,0,0,0,0,0
Türkiye,2023-09-11,TUR,EURO,12,0,0,0,0,0
Ukraine,2023-09-11,UKR,EURO,5,0,0,0,0,0
United States of America,2023-09-11,USA,AMRO,30943,0,56,36,0,0
Uruguay,2023-09-11,URY,AMRO,19,0,0,0,0,0
Venezuela (Bolivarian Republic of),2023-09-11,VEN,AMRO,12,0,0,0,0,0
China,2023-09-12,CHN,WPRO,1453,0,0,2,0,0
China,2023-09-14,CHN,WPRO,1469,0,0,16,0,0
China,2023-09-15,CHN,WPRO,1470,0,0,1,0,0
Benin,2023-09-17,BEN,AFRO,3,0,0,0,0,0
Cameroon,2023-09-17,CMR,AFRO,44,0,3,0,0,0
Central African Republic,2023-09-17,CAF,AFRO,44,0,1,0,0,0
Congo,2023-09-17,COG,AFRO,18,0,0,1,0,0
Democratic Republic of the Congo,2023-09-17,COD,AFRO,20,0,2,1,0,0
Ghana,2023-09-17,GHA,AFRO,128,0,4,0,0,0
Liberia,2023-09-17,LBR,AFRO,12,0,0,0,0,0
Mozambique,2023-09-17,MOZ,AFRO,1,0,1,0,0,0
Nigeria,2023-09-17,NGA,AFRO,847,0,9,0,0,0
South Africa,2023-09-17,ZAF,AFRO,5,0,0,0,0,0
Andorra,2023-09-18,AND,EURO,4,0,0,0,0,0
Argentina,2023-09-18,ARG,AMRO,1135,0,2,0,0,0
Aruba,2023-09-18,ABW,AMRO,3,0,0,0,0,0
Austria,2023-09-18,AUT,EURO,329,0,0,1,0,0
Bahamas,2023-09-18,BHS,AMRO,4,0,0,0,0,0
Barbados,2023-09-18,BRB,AMRO,1,0,0,0,0,0
Belgium,2023-09-18,BEL,EURO,795,0,2,0,0,0
Bermuda,2023-09-18,BMU,AMRO,1,0,0,0,0,0
Bolivia (Plurinational State of),2023-09-18,BOL,AMRO,265,0,0,0,0,0
Bosnia and Herzegovina,2023-09-18,BIH,EURO,9,0,0,0,0,0
Brazil,2023-09-18,BRA,AMRO,11325,0,16,14,0,0
Bulgaria,2023-09-18,BGR,EURO,6,0,0,0,0,0
Canada,2023-09-18,CAN,AMRO,1537,0,0,1,0,0
Chile,2023-09-18,CHL,AMRO,1449,0,3,0,0,0
China,2023-09-18,CHN,WPRO,1471,0,0,1,0,0
Colombia,2023-09-18,COL,AMRO,4099,0,0,0,0,0
Costa Rica,2023-09-18,CRI,AMRO,224,0,1,0,0,0
Croatia,2023-09-18,HRV,EURO,33,0,0,0,0,0
Cuba,2023-09-18,CUB,AMRO,8,0,1,0,0,0
Curaçao,2023-09-18,CUW,AMRO,3,0,0,0,0,0
Cyprus,2023-09-18,CYP,EURO,5,0,0,0,0,0
Czechia,2023-09-18,CZE,EURO,71,0,1,0,0,0
Denmark,2023-09-18,DNK,EURO,198,0,0,2,0,0
Dominican Republic,2023-09-18,DOM,AMRO,75,0,1,0,0,0
Ecuador,2023-09-18,ECU,AMRO,583,0,2,0,0,0
El Salvador,2023-09-18,SLV,AMRO,106,0,0,0,0,0
Estonia,2023-09-18,EST,EURO,11,0,0,0,0,0
Finland,2023-09-18,FIN,EURO,42,0,0,0,0,0
France,2023-09-18,FRA,EURO,4154,0,0,0,0,0
Georgia,2023-09-18,GEO,EURO,2,0,0,0,0,0
Germany,2023-09-18,DEU,EURO,3703,0,0,6,0,0
Gibraltar,2023-09-18,GIB,EURO,6,0,0,0,0,0
Greece,2023-09-18,GRC,EURO,88,0,0,0,0,0
Greenland,2023-09-18,GRL,EURO,2,0,0,0,0,0
Guadeloupe,2023-09-18,GLP,AMRO,1,0,0,0,0,0
Guatemala,2023-09-18,GTM,AMRO,404,0,1,0,0,0
Guyana,2023-09-18,GUY,AMRO,2,0,0,0,0,0
Honduras,2023-09-18,HND,AMRO,44,0,0,0,0,0
Hungary,2023-09-18,HUN,EURO,80,0,0,0,0,0
Iceland,2023-09-18,ISL,EURO,17,0,0,0,0,0
Ireland,2023-09-18,IRL,EURO,233,0,0,1,0,0
Israel,2023-09-18,ISR,EURO,263,0,0,0,0,0
Italy,2023-09-18,ITA,EURO,960,0,0,0,0,0
Jamaica,2023-09-18,JAM,AMRO,21,0,0,0,0,0
Latvia,2023-09-18,LVA,EURO,6,0,0,0,0,0
Lithuania,2023-09-18,LTU,EURO,5,0,0,0,0,0
Luxembourg,2023-09-18,LUX,EURO,59,0,0,0,0,0
Malta,2023-09-18,MLT,EURO,34,0,0,0,0,0
Martinique,2023-09-18,MTQ,AMRO,7,0,0,0,0,0
Mexico,2023-09-18,MEX,AMRO,4065,0,34,1,0,0
Monaco,2023-09-18,MCO,EURO,3,0,0,0,0,0
Montenegro,2023-09-18,MNE,EURO,2,0,0,0,0,0
Netherlands,2023-09-18,NLD,EURO,1274,0,0,7,0,0
Norway,2023-09-18,NOR,EURO,100,0,0,4,0,0
Panama,2023-09-18,PAN,AMRO,237,0,1,0,0,0
Paraguay,2023-09-18,PRY,AMRO,126,0,0,0,0,0
Peru,2023-09-18,PER,AMRO,3834,0,24,3,0,0
Poland,2023-09-18,POL,EURO,217,0,0,0,0,0
Portugal,2023-09-18,PRT,EURO,1050,0,1,0,0,0
Republic of Moldova,2023-09-18,MDA,EURO,2,0,0,0,0,0
Romania,2023-09-18,ROU,EURO,47,0,0,0,0,0
Russian Federation,2023-09-18,RUS,EURO,2,0,0,0,0,0
Saint Martin,2023-09-18,MAF,AMRO,1,0,0,0,0,0
San Marino,2023-09-18,SMR,EURO,1,0,0,0,0,0
Serbia,2023-09-18,SRB,EURO,40,0,0,0,0,0
Slovakia,2023-09-18,SVK,EURO,14,0,0,0,0,0
Slovenia,2023-09-18,SVN,EURO,47,0,0,0,0,0
Spain,2023-09-18,ESP,EURO,7580,0,3,0,0,0
Sweden,2023-09-18,SWE,EURO,262,0,0,0,0,0
Switzerland,2023-09-18,CHE,EURO,559,0,0,5,0,0
The United Kingdom,2023-09-18,GBR,EURO,3782,0,0,0,0,0
Trinidad and Tobago,2023-09-18,TTO,AMRO,4,0,0,0,0,0
Türkiye,2023-09-18,TUR,EURO,12,0,0,0,0,0
Ukraine,2023-09-18,UKR,EURO,5,0,0,0,0,0
United States of America,2023-09-18,USA,AMRO,30982,0,56,39,0,0
Uruguay,2023-09-18,URY,AMRO,19,0,0,0,0,0
Venezuela (Bolivarian Republic of),2023-09-18,VEN,AMRO,12,0,0,0,0,0
China,2023-09-19,CHN,WPRO,1480,0,0,9,0,0
India,2023-09-21,IND,SEARO,22,0,1,0,0,0
Indonesia,2023-09-21,IDN,SEARO,1,0,0,0,0,0
Nepal,2023-09-21,NPL,SEARO,1,0,0,0,0,0
Singapore,2023-09-21,SGP,WPRO,29,0,0,3,0,0
Sri Lanka,2023-09-21,LKA,SEARO,4,0,0,0,0,0
Thailand,2023-09-21,THA,SEARO,399,0,1,74,0,0
Australia,2023-09-22,AUS,WPRO,156,0,0,-3,0,0
China,2023-09-22,CHN,WPRO,1482,0,0,2,0,0
Japan,2023-09-22,JPN,WPRO,204,0,0,8,0,0
Benin,2023-09-24,BEN,AFRO,3,0,0,0,0,0
Cameroon,2023-09-24,CMR,AFRO,44,0,3,0,0,0
Central African Republic,2023-09-24,CAF,AFRO,44,0,1,0,0,0
Congo,2023-09-24,COG,AFRO,18,0,0,0,0,0
Democratic Republic of the Congo,2023-09-24,COD,AFRO,20,0,2,0,0,0
Ghana,2023-09-24,GHA,AFRO,128,0,4,0,0,0
Liberia,2023-09-24,LBR,AFRO,12,0,0,0,0,0
Mozambique,2023-09-24,MOZ,AFRO,1,0,1,0,0,0
Nigeria,2023-09-24,NGA,AFRO,847,0,9,0,0,0
South Africa,2023-09-24,ZAF,AFRO,5,0,0,0,0,0
Argentina,2023-09-25,ARG,AMRO,1138,0,2,3,0,0
Aruba,2023-09-25,ABW,AMRO,3,0,0,0,0,0
Bahamas,2023-09-25,BHS,AMRO,4,0,0,0,0,0
Barbados,2023-09-25,BRB,AMRO,1,0,0,0,0,0
Bermuda,2023-09-25,BMU,AMRO,1,0,0,0,0,0
Bolivia (Plurinational State of),2023-09-25,BOL,AMRO,265,0,0,0,0,0
Brazil,2023-09-25,BRA,AMRO,11339,0,16,14,0,0
Canada,2023-09-25,CAN,AMRO,1538,0,0,1,0,0
Chile,2023-09-25,CHL,AMRO,1449,0,3,0,0,0
China,2023-09-25,CHN,WPRO,1483,0,0,1,0,0
Colombia,2023-09-25,COL,AMRO,4099,0,0,0,0,0
Costa Rica,2023-09-25,CRI,AMRO,224,0,1,0,0,0
Cuba,2023-09-25,CUB,AMRO,8,0,1,0,0,0
Curaçao,2023-09-25,CUW,AMRO,3,0,0,0,0,0
Dominican Republic,2023-09-25,DOM,AMRO,75,0,1,0,0,0
Ecuador,2023-09-25,ECU,AMRO,583,0,2,0,0,0
El Salvador,2023-09-25,SLV,AMRO,106,0,0,0,0,0
Guadeloupe,2023-09-25,GLP,AMRO,1,0,0,0,0,0
Guatemala,2023-09-25,GTM,AMRO,404,0,1,0,0,0
Guyana,2023-09-25,GUY,AMRO,2,0,0,0,0,0
Honduras,2023-09-25,HND,AMRO,44,0,0,0,0,0
Jamaica,2023-09-25,JAM,AMRO,21,0,0,0,0,0
Martinique,2023-09-25,MTQ,AMRO,7,0,0,0,0,0
Mexico,2023-09-25,MEX,AMRO,4066,0,34,1,0,0
Panama,2023-09-25,PAN,AMRO,237,0,1,0,0,0
Paraguay,2023-09-25,PRY,AMRO,126,0,0,0,0,0
Peru,2023-09-25,PER,AMRO,3835,0,24,1,0,0
Saint Martin,2023-09-25,MAF,AMRO,1,0,0,0,0,0
Trinidad and Tobago,2023-09-25,TTO,AMRO,4,0,0,0,0,0
United States of America,2023-09-25,USA,AMRO,31016,0,56,34,0,0
Uruguay,2023-09-25,URY,AMRO,19,0,0,0,0,0
Venezuela (Bolivarian Republic of),2023-09-25,VEN,AMRO,12,0,0,0,0,0
Viet Nam,2023-09-25,VNM,WPRO,4,0,0,1,0,0
China,2023-09-26,CHN,WPRO,1484,0,0,1,0,0
Viet Nam,2023-09-26,VNM,WPRO,4,0,0,0,0,0
India,2023-09-27,IND,SEARO,27,0,1,5,0,0
Indonesia,2023-09-27,IDN,SEARO,1,0,0,0,0,0
Nepal,2023-09-27,NPL,SEARO,1,0,0,0,0,0
Sri Lanka,2023-09-27,LKA,SEARO,4,0,0,0,0,0
Thailand,2023-09-27,THA,SEARO,399,0,1,0,0,0
Viet Nam,2023-09-28,VNM,WPRO,5,0,0,1,0,0
China,2023-09-29,CHN,WPRO,1489,0,0,5,0,0
Japan,2023-09-29,JPN,WPRO,206,0,0,2,0,0
Singapore,2023-09-29,SGP,WPRO,31,0,0,2,0,0
Andorra,2023-09-30,AND,EURO,4,0,0,0,0,0
Australia,2023-09-30,AUS,WPRO,164,0,0,8,0,0
Austria,2023-09-30,AUT,EURO,330,0,0,1,0,0
Belgium,2023-09-30,BEL,EURO,795,0,2,0,0,0
Bosnia and Herzegovina,2023-09-30,BIH,EURO,9,0,0,0,0,0
Bulgaria,2023-09-30,BGR,EURO,6,0,0,0,0,0
China,2023-09-30,CHN,WPRO,1794,0,0,305,0,0
Croatia,2023-09-30,HRV,EURO,33,0,0,0,0,0
Cyprus,2023-09-30,CYP,EURO,5,0,0,0,0,0
Czechia,2023-09-30,CZE,EURO,71,0,1,0,0,0
Denmark,2023-09-30,DNK,EURO,198,0,0,0,0,0
Estonia,2023-09-30,EST,EURO,11,0,0,0,0,0
Finland,2023-09-30,FIN,EURO,42,0,0,0,0,0
France,2023-09-30,FRA,EURO,4158,0,0,4,0,0
Georgia,2023-09-30,GEO,EURO,2,0,0,0,0,0
Germany,2023-09-30,DEU,EURO,3708,0,0,5,0,0
Gibraltar,2023-09-30,GIB,EURO,6,0,0,0,0,0
Greece,2023-09-30,GRC,EURO,88,0,0,0,0,0
Greenland,2023-09-30,GRL,EURO,2,0,0,0,0,0
Hungary,2023-09-30,HUN,EURO,80,0,0,0,0,0
Iceland,2023-09-30,ISL,EURO,17,0,0,0,0,0
India,2023-09-30,IND,SEARO,27,0,1,0,0,0
Indonesia,2023-09-30,IDN,SEARO,1,0,0,0,0,0
Ireland,2023-09-30,IRL,EURO,239,0,0,6,0,0
Israel,2023-09-30,ISR,EURO,263,0,0,0,0,0
Italy,2023-09-30,ITA,EURO,963,0,0,3,0,0
Latvia,2023-09-30,LVA,EURO,6,0,0,0,0,0
Lithuania,2023-09-30,LTU,EURO,5,0,0,0,0,0
Luxembourg,2023-09-30,LUX,EURO,59,0,0,0,0,0
Malta,2023-09-30,MLT,EURO,34,0,0,0,0,0
Monaco,2023-09-30,MCO,EURO,3,0,0,0,0,0
Montenegro,2023-09-30,MNE,EURO,2,0,0,0,0,0
Nepal,2023-09-30,NPL,SEARO,1,0,0,0,0,0
Netherlands,2023-09-30,NLD,EURO,1274,0,0,0,0,0
Norway,2023-09-30,NOR,EURO,101,0,0,1,0,0
Poland,2023-09-30,POL,EURO,217,0,0,0,0,0
Portugal,2023-09-30,PRT,EURO,1091,0,1,41,0,0
Republic of Moldova,2023-09-30,MDA,EURO,2,0,0,0,0,0
Romania,2023-09-30,ROU,EURO,47,0,0,0,0,0
Russian Federation,2023-09-30,RUS,EURO,2,0,0,0,0,0
San Marino,2023-09-30,SMR,EURO,1,0,0,0,0,0
Saudi Arabia,2023-09-30,SAU,EMRO,534,0,0,143,0,0
Serbia,2023-09-30,SRB,EURO,40,0,0,0,0,0
Slovakia,2023-09-30,SVK,EURO,14,0,0,0,0,0
Slovenia,2023-09-30,SVN,EURO,47,0,0,0,0,0
Spain,2023-09-30,ESP,EURO,7611,0,3,31,0,0
Sri Lanka,2023-09-30,LKA,SEARO,4,0,0,0,0,0
Sweden,2023-09-30,SWE,EURO,264,0,0,2,0,0
Switzerland,2023-09-30,CHE,EURO,559,0,0,0,0,0
Thailand,2023-09-30,THA,SEARO,460,0,1,61,0,0
The United Kingdom,2023-09-30,GBR,EURO,3805,0,0,23,0,0
Türkiye,2023-09-30,TUR,EURO,12,0,0,0,0,0
Ukraine,2023-09-30,UKR,EURO,5,0,0,0,0,0
Benin,2023-10-01,BEN,AFRO,3,0,0,0,0,0
Cameroon,2023-10-01,CMR,AFRO,44,0,3,0,0,0
Central African Republic,2023-10-01,CAF,AFRO,44,0,1,0,0,0
Congo,2023-10-01,COG,AFRO,18,0,0,0,0,0
Democratic Republic of the Congo,2023-10-01,COD,AFRO,21,0,2,1,0,0
Ghana,2023-10-01,GHA,AFRO,128,0,4,0,0,0
Liberia,2023-10-01,LBR,AFRO,12,0,0,0,0,0
Nigeria,2023-10-01,NGA,AFRO,847,0,9,0,0,0
South Africa,2023-10-01,ZAF,AFRO,5,0,0,0,0,0
Argentina,2023-10-02,ARG,AMRO,1140,0,2,2,0,0
Aruba,2023-10-02,ABW,AMRO,3,0,0,0,0,0
Bahamas,2023-10-02,BHS,AMRO,4,0,0,0,0,0
Barbados,2023-10-02,BRB,AMRO,1,0,0,0,0,0
Bermuda,2023-10-02,BMU,AMRO,1,0,0,0,0,0
Bolivia (Plurinational State of),2023-10-02,BOL,AMRO,265,0,0,0,0,0
Brazil,2023-10-02,BRA,AMRO,11354,0,16,15,0,0
Canada,2023-10-02,CAN,AMRO,1538,0,0,0,0,0
Chile,2023-10-02,CHL,AMRO,1450,0,3,1,0,0
Colombia,2023-10-02,COL,AMRO,4101,0,0,2,0,0
Costa Rica,2023-10-02,CRI,AMRO,224,0,1,0,0,0
Cuba,2023-10-02,CUB,AMRO,8,0,1,0,0,0
Curaçao,2023-10-02,CUW,AMRO,3,0,0,0,0,0
Dominican Republic,2023-10-02,DOM,AMRO,75,0,1,0,0,0
Ecuador,2023-10-02,ECU,AMRO,583,0,2,0,0,0
El Salvador,2023-10-02,SLV,AMRO,106,0,0,0,0,0
Guadeloupe,2023-10-02,GLP,AMRO,1,0,0,0,0,0
Guatemala,2023-10-02,GTM,AMRO,404,0,1,0,0,0
Guyana,2023-10-02,GUY,AMRO,2,0,0,0,0,0
Honduras,2023-10-02,HND,AMRO,44,0,0,0,0,0
Jamaica,2023-10-02,JAM,AMRO,21,0,0,0,0,0
Martinique,2023-10-02,MTQ,AMRO,7,0,0,0,0,0
Mexico,2023-10-02,MEX,AMRO,4067,0,34,1,0,0
Panama,2023-10-02,PAN,AMRO,237,0,1,0,0,0
Paraguay,2023-10-02,PRY,AMRO,126,0,0,0,0,0
Peru,2023-10-02,PER,AMRO,3838,0,24,3,0,0
Saint Martin,2023-10-02,MAF,AMRO,1,0,0,0,0,0
Trinidad and Tobago,2023-10-02,TTO,AMRO,4,0,0,0,0,0
United States of America,2023-10-02,USA,AMRO,31069,0,56,53,0,0
Uruguay,2023-10-02,URY,AMRO,19,0,0,0,0,0
Venezuela (Bolivarian Republic of),2023-10-02,VEN,AMRO,12,0,0,0,0,0
Viet Nam,2023-10-03,VNM,WPRO,6,0,0,1,0,0
Andorra,2023-10-05,AND,EURO,4,0,0,0,0,0
Austria,2023-10-05,AUT,EURO,330,0,0,0,0,0
Belgium,2023-10-05,BEL,EURO,795,0,2,0,0,0
Bosnia and Herzegovina,2023-10-05,BIH,EURO,9,0,0,0,0,0
Bulgaria,2023-10-05,BGR,EURO,6,0,0,0,0,0
Croatia,2023-10-05,HRV,EURO,33,0,0,0,0,0
Cyprus,2023-10-05,CYP,EURO,5,0,0,0,0,0
Czechia,2023-10-05,CZE,EURO,71,0,1,0,0,0
Denmark,2023-10-05,DNK,EURO,198,0,0,0,0,0
Estonia,2023-10-05,EST,EURO,11,0,0,0,0,0
Finland,2023-10-05,FIN,EURO,42,0,0,0,0,0
France,2023-10-05,FRA,EURO,4158,0,0,0,0,0
Georgia,2023-10-05,GEO,EURO,2,0,0,0,0,0
Germany,2023-10-05,DEU,EURO,3708,0,0,0,0,0
Gibraltar,2023-10-05,GIB,EURO,6,0,0,0,0,0
Greece,2023-10-05,GRC,EURO,88,0,0,0,0,0
Greenland,2023-10-05,GRL,EURO,2,0,0,0,0,0
Hungary,2023-10-05,HUN,EURO,80,0,0,0,0,0
Iceland,2023-10-05,ISL,EURO,17,0,0,0,0,0
Ireland,2023-10-05,IRL,EURO,239,0,0,0,0,0
Israel,2023-10-05,ISR,EURO,263,0,0,0,0,0
Italy,2023-10-05,ITA,EURO,963,0,0,0,0,0
Latvia,2023-10-05,LVA,EURO,6,0,0,0,0,0
Lithuania,2023-10-05,LTU,EURO,5,0,0,0,0,0
Luxembourg,2023-10-05,LUX,EURO,59,0,0,0,0,0
Malta,2023-10-05,MLT,EURO,34,0,0,0,0,0
Monaco,2023-10-05,MCO,EURO,3,0,0,0,0,0
Montenegro,2023-10-05,MNE,EURO,2,0,0,0,0,0
Netherlands,2023-10-05,NLD,EURO,1274,0,0,0,0,0
Norway,2023-10-05,NOR,EURO,101,0,0,0,0,0
Poland,2023-10-05,POL,EURO,217,0,0,0,0,0
Portugal,2023-10-05,PRT,EURO,1091,0,1,0,0,0
Republic of Moldova,2023-10-05,MDA,EURO,2,0,0,0,0,0
Romania,2023-10-05,ROU,EURO,47,0,0,0,0,0
Russian Federation,2023-10-05,RUS,EURO,2,0,0,0,0,0
San Marino,2023-10-05,SMR,EURO,1,0,0,0,0,0
Serbia,2023-10-05,SRB,EURO,40,0,0,0,0,0
Slovakia,2023-10-05,SVK,EURO,14,0,0,0,0,0
Slovenia,2023-10-05,SVN,EURO,47,0,0,0,0,0
Spain,2023-10-05,ESP,EURO,7611,0,3,0,0,0
Sweden,2023-10-05,SWE,EURO,264,0,0,0,0,0
Switzerland,2023-10-05,CHE,EURO,559,0,0,0,0,0
The United Kingdom,2023-10-05,GBR,EURO,3805,0,0,0,0,0
Türkiye,2023-10-05,TUR,EURO,12,0,0,0,0,0
Ukraine,2023-10-05,UKR,EURO,5,0,0,0,0,0
United Arab Emirates,2023-10-05,ARE,EMRO,24,0,0,1,0,0
China,2023-10-06,CHN,WPRO,1800,0,0,6,0,0
Japan,2023-10-06,JPN,WPRO,208,0,0,2,0,0
Morocco,2023-10-06,MAR,EMRO,4,0,0,1,0,0
Republic of Korea,2023-10-06,KOR,WPRO,144,0,0,3,0,0
Benin,2023-10-08,BEN,AFRO,3,0,0,0,0,0
Cameroon,2023-10-08,CMR,AFRO,45,0,3,1,0,0
Central African Republic,2023-10-08,CAF,AFRO,44,0,1,0,0,0
Congo,2023-10-08,COG,AFRO,19,0,1,1,0,1
Democratic Republic of the Congo,2023-10-08,COD,AFRO,29,0,2,8,0,0
Ghana,2023-10-08,GHA,AFRO,128,0,4,0,0,0
Liberia,2023-10-08,LBR,AFRO,12,0,0,0,0,0
Nigeria,2023-10-08,NGA,AFRO,847,0,9,0,0,0
South Africa,2023-10-08,ZAF,AFRO,5,0,0,0,0,0
Argentina,2023-10-09,ARG,AMRO,1140,0,2,0,0,0
Aruba,2023-10-09,ABW,AMRO,3,0,0,0,0,0
Bahamas,2023-10-09,BHS,AMRO,4,0,0,0,0,0
Barbados,2023-10-09,BRB,AMRO,1,0,0,0,0,0
Bermuda,2023-10-09,BMU,AMRO,1,0,0,0,0,0
Bolivia (Plurinational State of),2023-10-09,BOL,AMRO,265,0,0,0,0,0
Brazil,2023-10-09,BRA,AMRO,11389,0,16,35,0,0
Canada,2023-10-09,CAN,AMRO,1539,0,0,1,0,0
Chile,2023-10-09,CHL,AMRO,1450,0,3,0,0,0
Colombia,2023-10-09,COL,AMRO,4101,0,0,0,0,0
Costa Rica,2023-10-09,CRI,AMRO,225,0,1,1,0,0
Cuba,2023-10-09,CUB,AMRO,8,0,1,0,0,0
Curaçao,2023-10-09,CUW,AMRO,3,0,0,0,0,0
Dominican Republic,2023-10-09,DOM,AMRO,75,0,1,0,0,0
Ecuador,2023-10-09,ECU,AMRO,584,0,2,1,0,0
El Salvador,2023-10-09,SLV,AMRO,106,0,0,0,0,0
Guadeloupe,2023-10-09,GLP,AMRO,1,0,0,0,0,0
Guatemala,2023-10-09,GTM,AMRO,404,0,1,0,0,0
Guyana,2023-10-09,GUY,AMRO,2,0,0,0,0,0
Honduras,2023-10-09,HND,AMRO,44,0,0,0,0,0
Jamaica,2023-10-09,JAM,AMRO,21,0,0,0,0,0
Martinique,2023-10-09,MTQ,AMRO,7,0,0,0,0,0
Mexico,2023-10-09,MEX,AMRO,4068,0,34,1,0,0
Mozambique,2023-10-09,MOZ,AFRO,1,0,1,0,0,0
Panama,2023-10-09,PAN,AMRO,237,0,1,0,0,0
Paraguay,2023-10-09,PRY,AMRO,126,0,0,0,0,0
Peru,2023-10-09,PER,AMRO,3839,0,24,1,0,0
Saint Martin,2023-10-09,MAF,AMRO,1,0,0,0,0,0
Trinidad and Tobago,2023-10-09,TTO,AMRO,4,0,0,0,0,0
United States of America,2023-10-09,USA,AMRO,31133,0,56,64,0,0
Uruguay,2023-10-09,URY,AMRO,19,0,0,0,0,0
Venezuela (Bolivarian Republic of),2023-10-09,VEN,AMRO,12,0,0,0,0,0
Mozambique,2023-10-12,MOZ,AFRO,1,0,1,0,0,0
Oman,2023-10-12,OMN,EMRO,2,0,0,2,0,0
Viet Nam,2023-10-12,VNM,WPRO,21,0,0,15,0,0
Japan,2023-10-13,JPN,WPRO,210,0,0,2,0,0
Republic of Korea,2023-10-13,KOR,WPRO,145,0,0,1,0,0
Singapore,2023-10-13,SGP,WPRO,33,0,0,2,0,0
Benin,2023-10-15,BEN,AFRO,3,0,0,0,0,0
Cameroon,2023-10-15,CMR,AFRO,45,0,3,0,0,0
Central African Republic,2023-10-15,CAF,AFRO,44,0,1,0,0,0
Congo,2023-10-15,COG,AFRO,23,0,2,4,0,1
Democratic Republic of the Congo,2023-10-15,COD,AFRO,43,0,2,14,0,0
Ghana,2023-10-15,GHA,AFRO,128,0,4,0,0,0
Liberia,2023-10-15,LBR,AFRO,12,0,0,0,0,0
Mozambique,2023-10-15,MOZ,AFRO,1,0,1,0,0,0
Nigeria,2023-10-15,NGA,AFRO,847,0,9,0,0,0
South Africa,2023-10-15,ZAF,AFRO,5,0,0,0,0,0
Argentina,2023-10-16,ARG,AMRO,1142,0,2,2,0,0
Aruba,2023-10-16,ABW,AMRO,3,0,0,0,0,0
Bahamas,2023-10-16,BHS,AMRO,4,0,0,0,0,0
Barbados,2023-10-16,BRB,AMRO,1,0,0,0,0,0
Bermuda,2023-10-16,BMU,AMRO,1,0,0,0,0,0
Bolivia (Plurinational State of),2023-10-16,BOL,AMRO,265,0,0,0,0,0
Brazil,2023-10-16,BRA,AMRO,11416,0,16,27,0,0
Canada,2023-10-16,CAN,AMRO,1541,0,0,2,0,0
Chile,2023-10-16,CHL,AMRO,1450,0,3,0,0,0
Colombia,2023-10-16,COL,AMRO,4105,0,0,4,0,0
Costa Rica,2023-10-16,CRI,AMRO,225,0,1,0,0,0
Cuba,2023-10-16,CUB,AMRO,8,0,1,0,0,0
Curaçao,2023-10-16,CUW,AMRO,3,0,0,0,0,0
Dominican Republic,2023-10-16,DOM,AMRO,75,0,1,0,0,0
Ecuador,2023-10-16,ECU,AMRO,584,0,2,0,0,0
El Salvador,2023-10-16,SLV,AMRO,106,0,0,0,0,0
Guadeloupe,2023-10-16,GLP,AMRO,1,0,0,0,0,0
Guatemala,2023-10-16,GTM,AMRO,404,0,1,0,0,0
Guyana,2023-10-16,GUY,AMRO,2,0,0,0,0,0
Honduras,2023-10-16,HND,AMRO,44,0,0,0,0,0
Jamaica,2023-10-16,JAM,AMRO,21,0,0,0,0,0
Martinique,2023-10-16,MTQ,AMRO,7,0,0,0,0,0
Mexico,2023-10-16,MEX,AMRO,4069,0,34,1,0,0
Panama,2023-10-16,PAN,AMRO,237,0,1,0,0,0
Paraguay,2023-10-16,PRY,AMRO,126,0,0,0,0,0
Peru,2023-10-16,PER,AMRO,3840,0,24,1,0,0
Saint Martin,2023-10-16,MAF,AMRO,1,0,0,0,0,0
Trinidad and Tobago,2023-10-16,TTO,AMRO,4,0,0,0,0,0
United States of America,2023-10-16,USA,AMRO,31198,0,56,65,0,0
Uruguay,2023-10-16,URY,AMRO,19,0,0,0,0,0
Venezuela (Bolivarian Republic of),2023-10-16,VEN,AMRO,12,0,0,0,0,0
Viet Nam,2023-10-17,VNM,WPRO,23,0,0,2,0,0
China,2023-10-19,CHN,WPRO,1802,0,0,2,0,0
Singapore,2023-10-19,SGP,WPRO,35,0,0,2,0,0
Japan,2023-10-20,JPN,WPRO,212,0,0,2,0,0
Republic of Korea,2023-10-20,KOR,WPRO,149,0,0,4,0,0
Viet Nam,2023-10-20,VNM,WPRO,34,0,0,11,0,0
Benin,2023-10-22,BEN,AFRO,3,0,0,0,0,0
Cameroon,2023-10-22,CMR,AFRO,45,0,3,0,0,0
Central African Republic,2023-10-22,CAF,AFRO,44,0,1,0,0,0
Congo,2023-10-22,COG,AFRO,23,0,2,0,0,0
Democratic Republic of the Congo,2023-10-22,COD,AFRO,62,0,2,19,0,0
Ghana,2023-10-22,GHA,AFRO,128,0,4,0,0,0
Liberia,2023-10-22,LBR,AFRO,12,0,0,0,0,0
Mozambique,2023-10-22,MOZ,AFRO,1,0,1,0,0,0
Nigeria,2023-10-22,NGA,AFRO,847,0,9,0,0,0
South Africa,2023-10-22,ZAF,AFRO,5,0,0,0,0,0
Argentina,2023-10-23,ARG,AMRO,1142,0,2,0,0,0
Aruba,2023-10-23,ABW,AMRO,3,0,0,0,0,0
Bahamas,2023-10-23,BHS,AMRO,4,0,0,0,0,0
Barbados,2023-10-23,BRB,AMRO,1,0,0,0,0,0
Bermuda,2023-10-23,BMU,AMRO,1,0,0,0,0,0
Bolivia (Plurinational State of),2023-10-23,BOL,AMRO,265,0,0,0,0,0
Brazil,2023-10-23,BRA,AMRO,11445,0,16,29,0,0
Canada,2023-10-23,CAN,AMRO,1541,0,0,0,0,0
Chile,2023-10-23,CHL,AMRO,1451,0,3,1,0,0
Colombia,2023-10-23,COL,AMRO,4114,0,0,9,0,0
Costa Rica,2023-10-23,CRI,AMRO,225,0,1,0,0,0
Cuba,2023-10-23,CUB,AMRO,8,0,1,0,0,0
Curaçao,2023-10-23,CUW,AMRO,3,0,0,0,0,0
Dominican Republic,2023-10-23,DOM,AMRO,75,0,1,0,0,0
Ecuador,2023-10-23,ECU,AMRO,585,0,2,1,0,0
El Salvador,2023-10-23,SLV,AMRO,106,0,0,0,0,0
Guadeloupe,2023-10-23,GLP,AMRO,1,0,0,0,0,0
Guatemala,2023-10-23,GTM,AMRO,404,0,1,0,0,0
Guyana,2023-10-23,GUY,AMRO,2,0,0,0,0,0
Honduras,2023-10-23,HND,AMRO,44,0,0,0,0,0
Jamaica,2023-10-23,JAM,AMRO,21,0,0,0,0,0
Martinique,2023-10-23,MTQ,AMRO,7,0,0,0,0,0
Mexico,2023-10-23,MEX,AMRO,4070,0,34,1,0,0
Panama,2023-10-23,PAN,AMRO,237,0,1,0,0,0
Paraguay,2023-10-23,PRY,AMRO,126,0,0,0,0,0
Peru,2023-10-23,PER,AMRO,3842,0,24,2,0,0
Saint Martin,2023-10-23,MAF,AMRO,1,0,0,0,0,0
Trinidad and Tobago,2023-10-23,TTO,AMRO,4,0,0,0,0,0
United States of America,2023-10-23,USA,AMRO,31259,0,57,61,0,1
Uruguay,2023-10-23,URY,AMRO,19,0,0,0,0,0
Venezuela (Bolivarian Republic of),2023-10-23,VEN,AMRO,12,0,0,0,0,0
Viet Nam,2023-10-25,VNM,WPRO,40,0,1,6,0,1
China,2023-10-26,CHN,WPRO,1808,0,0,6,0,0
Singapore,2023-10-26,SGP,WPRO,36,0,0,1,0,0
Japan,2023-10-27,JPN,WPRO,213,0,0,1,0,0
Viet Nam,2023-10-27,VNM,WPRO,45,0,1,5,0,0
Benin,2023-10-29,BEN,AFRO,3,0,0,0,0,0
Cameroon,2023-10-29,CMR,AFRO,45,0,3,0,0,0
Central African Republic,2023-10-29,CAF,AFRO,44,0,1,0,0,0
Congo,2023-10-29,COG,AFRO,25,0,2,2,0,0
Democratic Republic of the Congo,2023-10-29,COD,AFRO,92,0,2,30,0,0
Ghana,2023-10-29,GHA,AFRO,128,0,4,0,0,0
Liberia,2023-10-29,LBR,AFRO,12,0,0,0,0,0
Mozambique,2023-10-29,MOZ,AFRO,1,0,1,0,0,0
Nigeria,2023-10-29,NGA,AFRO,847,0,9,0,0,0
South Africa,2023-10-29,ZAF,AFRO,5,0,0,0,0,0
Argentina,2023-10-30,ARG,AMRO,1143,0,2,1,0,0
Aruba,2023-10-30,ABW,AMRO,3,0,0,0,0,0
Bahamas,2023-10-30,BHS,AMRO,4,0,0,0,0,0
Barbados,2023-10-30,BRB,AMRO,1,0,0,0,0,0
Bermuda,2023-10-30,BMU,AMRO,1,0,0,0,0,0
Bolivia (Plurinational State of),2023-10-30,BOL,AMRO,265,0,0,0,0,0
Brazil,2023-10-30,BRA,AMRO,11478,0,16,33,0,0
Canada,2023-10-30,CAN,AMRO,1541,0,0,0,0,0
Chile,2023-10-30,CHL,AMRO,1452,0,3,1,0,0
Colombia,2023-10-30,COL,AMRO,4114,0,0,0,0,0
Costa Rica,2023-10-30,CRI,AMRO,225,0,1,0,0,0
Cuba,2023-10-30,CUB,AMRO,8,0,1,0,0,0
Curaçao,2023-10-30,CUW,AMRO,3,0,0,0,0,0
Dominican Republic,2023-10-30,DOM,AMRO,75,0,1,0,0,0
Ecuador,2023-10-30,ECU,AMRO,585,0,2,0,0,0
El Salvador,2023-10-30,SLV,AMRO,106,0,0,0,0,0
Guadeloupe,2023-10-30,GLP,AMRO,1,0,0,0,0,0
Guatemala,2023-10-30,GTM,AMRO,404,0,1,0,0,0
Guyana,2023-10-30,GUY,AMRO,2,0,0,0,0,0
Honduras,2023-10-30,HND,AMRO,44,0,0,0,0,0
Jamaica,2023-10-30,JAM,AMRO,21,0,0,0,0,0
Malaysia,2023-10-30,MYS,WPRO,4,0,0,2,0,0
Martinique,2023-10-30,MTQ,AMRO,7,0,0,0,0,0
Mexico,2023-10-30,MEX,AMRO,4072,0,34,2,0,0
Oman,2023-10-30,OMN,EMRO,3,0,0,1,0,0
Panama,2023-10-30,PAN,AMRO,237,0,1,0,0,0
Paraguay,2023-10-30,PRY,AMRO,126,0,0,0,0,0
Peru,2023-10-30,PER,AMRO,3847,0,24,5,0,0
Saint Martin,2023-10-30,MAF,AMRO,1,0,0,0,0,0
Trinidad and Tobago,2023-10-30,TTO,AMRO,4,0,0,0,0,0
United States of America,2023-10-30,USA,AMRO,31317,0,57,58,0,0
Uruguay,2023-10-30,URY,AMRO,19,0,0,0,0,0
Venezuela (Bolivarian Republic of),2023-10-30,VEN,AMRO,12,0,0,0,0,0
Andorra,2023-10-31,AND,EURO,4,0,0,0,0,0
Australia,2023-10-31,AUS,WPRO,166,0,0,2,0,0
Austria,2023-10-31,AUT,EURO,331,0,0,1,0,0
Belgium,2023-10-31,BEL,EURO,795,0,2,0,0,0
Bosnia and Herzegovina,2023-10-31,BIH,EURO,9,0,0,0,0,0
Bulgaria,2023-10-31,BGR,EURO,6,0,0,0,0,0
China,2023-10-31,CHN,WPRO,1935,0,0,127,0,0
Croatia,2023-10-31,HRV,EURO,33,0,0,0,0,0
Cyprus,2023-10-31,CYP,EURO,5,0,0,0,0,0
Czechia,2023-10-31,CZE,EURO,71,0,1,0,0,0
Denmark,2023-10-31,DNK,EURO,198,0,0,0,0,0
Estonia,2023-10-31,EST,EURO,11,0,0,0,0,0
Finland,2023-10-31,FIN,EURO,43,0,0,1,0,0
France,2023-10-31,FRA,EURO,4161,0,0,3,0,0
Georgia,2023-10-31,GEO,EURO,2,0,0,0,0,0
Germany,2023-10-31,DEU,EURO,3757,0,0,49,0,0
Gibraltar,2023-10-31,GIB,EURO,6,0,0,0,0,0
Greece,2023-10-31,GRC,EURO,88,0,0,0,0,0
Greenland,2023-10-31,GRL,EURO,2,0,0,0,0,0
Hungary,2023-10-31,HUN,EURO,81,0,0,1,0,0
Iceland,2023-10-31,ISL,EURO,17,0,0,0,0,0
India,2023-10-31,IND,SEARO,27,0,1,0,0,0
Indonesia,2023-10-31,IDN,SEARO,30,0,0,29,0,0
Ireland,2023-10-31,IRL,EURO,242,0,0,3,0,0
Israel,2023-10-31,ISR,EURO,262,0,0,-1,0,0
Italy,2023-10-31,ITA,EURO,966,0,0,3,0,0
Latvia,2023-10-31,LVA,EURO,6,0,0,0,0,0
Lithuania,2023-10-31,LTU,EURO,5,0,0,0,0,0
Luxembourg,2023-10-31,LUX,EURO,60,0,0,1,0,0
Malta,2023-10-31,MLT,EURO,35,0,0,1,0,0
Monaco,2023-10-31,MCO,EURO,3,0,0,0,0,0
Montenegro,2023-10-31,MNE,EURO,2,0,0,0,0,0
Nepal,2023-10-31,NPL,SEARO,1,0,0,0,0,0
Netherlands,2023-10-31,NLD,EURO,1278,0,0,4,0,0
Norway,2023-10-31,NOR,EURO,102,0,0,1,0,0
Poland,2023-10-31,POL,EURO,217,0,0,0,0,0
Portugal,2023-10-31,PRT,EURO,1134,0,1,43,0,0
Republic of Moldova,2023-10-31,MDA,EURO,2,0,0,0,0,0
Romania,2023-10-31,ROU,EURO,47,0,0,0,0,0
Russian Federation,2023-10-31,RUS,EURO,2,0,0,0,0,0
San Marino,2023-10-31,SMR,EURO,1,0,0,0,0,0
Saudi Arabia,2023-10-31,SAU,EMRO,615,0,0,81,0,0
Serbia,2023-10-31,SRB,EURO,40,0,0,0,0,0
Slovakia,2023-10-31,SVK,EURO,14,0,0,0,0,0
Slovenia,2023-10-31,SVN,EURO,47,0,0,0,0,0
Spain,2023-10-31,ESP,EURO,7647,0,3,36,0,0
Sri Lanka,2023-10-31,LKA,SEARO,4,0,0,0,0,0
Sweden,2023-10-31,SWE,EURO,264,0,0,0,0,0
Switzerland,2023-10-31,CHE,EURO,562,0,0,3,0,0
Thailand,2023-10-31,THA,SEARO,577,0,1,117,0,0
The United Kingdom,2023-10-31,GBR,EURO,3820,0,0,15,0,0
Türkiye,2023-10-31,TUR,EURO,12,0,0,0,0,0
Ukraine,2023-10-31,UKR,EURO,5,0,0,0,0,0
China,2023-11-01,CHN,WPRO,1936,0,0,1,0,0
Viet Nam,2023-11-01,VNM,WPRO,56,0,1,11,0,0
China,2023-11-02,CHN,WPRO,1938,0,0,2,0,0
Republic of Korea,2023-11-02,KOR,WPRO,150,0,0,1,0,0
Singapore,2023-11-02,SGP,WPRO,40,0,0,4,0,0
Benin,2023-11-05,BEN,AFRO,3,0,0,0,0,0
Cameroon,2023-11-05,CMR,AFRO,45,0,3,0,0,0
Central African Republic,2023-11-05,CAF,AFRO,44,0,1,0,0,0
Congo,2023-11-05,COG,AFRO,25,0,2,0,0,0
Democratic Republic of the Congo,2023-11-05,COD,AFRO,107,0,2,15,0,0
Ghana,2023-11-05,GHA,AFRO,128,0,4,0,0,0
Liberia,2023-11-05,LBR,AFRO,12,0,0,0,0,0
Nigeria,2023-11-05,NGA,AFRO,847,0,9,0,0,0
South Africa,2023-11-05,ZAF,AFRO,5,0,0,0,0,0
Argentina,2023-11-06,ARG,AMRO,1143,0,2,0,0,0
Aruba,2023-11-06,ABW,AMRO,3,0,0,0,0,0
Bahamas,2023-11-06,BHS,AMRO,4,0,0,0,0,0
Barbados,2023-11-06,BRB,AMRO,1,0,0,0,0,0
Bermuda,2023-11-06,BMU,AMRO,1,0,0,0,0,0
Bolivia (Plurinational State of),2023-11-06,BOL,AMRO,265,0,0,0,0,0
Brazil,2023-11-06,BRA,AMRO,11498,0,16,20,0,0
Canada,2023-11-06,CAN,AMRO,1542,0,0,1,0,0
Chile,2023-11-06,CHL,AMRO,1452,0,3,0,0,0
China,2023-11-06,CHN,WPRO,1939,0,0,1,0,0
Colombia,2023-11-06,COL,AMRO,4119,0,0,5,0,0
Costa Rica,2023-11-06,CRI,AMRO,225,0,1,0,0,0
Cuba,2023-11-06,CUB,AMRO,8,0,1,0,0,0
Curaçao,2023-11-06,CUW,AMRO,3,0,0,0,0,0
Dominican Republic,2023-11-06,DOM,AMRO,75,0,1,0,0,0
Ecuador,2023-11-06,ECU,AMRO,585,0,2,0,0,0
El Salvador,2023-11-06,SLV,AMRO,106,0,0,0,0,0
Guadeloupe,2023-11-06,GLP,AMRO,1,0,0,0,0,0
Guatemala,2023-11-06,GTM,AMRO,404,0,1,0,0,0
Guyana,2023-11-06,GUY,AMRO,2,0,0,0,0,0
Honduras,2023-11-06,HND,AMRO,44,0,0,0,0,0
Jamaica,2023-11-06,JAM,AMRO,21,0,0,0,0,0
Japan,2023-11-06,JPN,WPRO,218,0,0,5,0,0
Martinique,2023-11-06,MTQ,AMRO,7,0,0,0,0,0
Mexico,2023-11-06,MEX,AMRO,4073,0,34,1,0,0
Mozambique,2023-11-06,MOZ,AFRO,1,0,1,0,0,0
Panama,2023-11-06,PAN,AMRO,237,0,1,0,0,0
Paraguay,2023-11-06,PRY,AMRO,126,0,0,0,0,0
Peru,2023-11-06,PER,AMRO,3850,0,24,3,0,0
Saint Martin,2023-11-06,MAF,AMRO,1,0,0,0,0,0
Trinidad and Tobago,2023-11-06,TTO,AMRO,4,0,0,0,0,0
United States of America,2023-11-06,USA,AMRO,31390,0,57,73,0,0
Uruguay,2023-11-06,URY,AMRO,19,0,0,0,0,0
Venezuela (Bolivarian Republic of),2023-11-06,VEN,AMRO,12,0,0,0,0,0
Viet Nam,2023-11-06,VNM,WPRO,66,0,1,10,0,0
Republic of Korea,2023-11-09,KOR,WPRO,153,0,0,3,0,0
Singapore,2023-11-09,SGP,WPRO,41,0,0,1,0,0
Benin,2023-11-12,BEN,AFRO,3,0,0,0,0,0
Cameroon,2023-11-12,CMR,AFRO,45,0,3,0,0,0
Central African Republic,2023-11-12,CAF,AFRO,44,0,1,0,0,0
Congo,2023-11-12,COG,AFRO,25,0,2,0,0,0
Democratic Republic of the Congo,2023-11-12,COD,AFRO,147,0,2,40,0,0
Ghana,2023-11-12,GHA,AFRO,128,0,4,0,0,0
Liberia,2023-11-12,LBR,AFRO,12,0,0,0,0,0
Nigeria,2023-11-12,NGA,AFRO,848,0,9,1,0,0
South Africa,2023-11-12,ZAF,AFRO,5,0,0,0,0,0
Argentina,2023-11-13,ARG,AMRO,1144,0,2,1,0,0
Aruba,2023-11-13,ABW,AMRO,3,0,0,0,0,0
Bahamas,2023-11-13,BHS,AMRO,4,0,0,0,0,0
Barbados,2023-11-13,BRB,AMRO,1,0,0,0,0,0
Bermuda,2023-11-13,BMU,AMRO,1,0,0,0,0,0
Bolivia (Plurinational State of),2023-11-13,BOL,AMRO,265,0,0,0,0,0
Brazil,2023-11-13,BRA,AMRO,11527,0,16,29,0,0
Canada,2023-11-13,CAN,AMRO,1544,0,0,2,0,0
Chile,2023-11-13,CHL,AMRO,1453,0,3,1,0,0
Colombia,2023-11-13,COL,AMRO,4119,0,0,0,0,0
Costa Rica,2023-11-13,CRI,AMRO,225,0,1,0,0,0
Cuba,2023-11-13,CUB,AMRO,8,0,1,0,0,0
Curaçao,2023-11-13,CUW,AMRO,3,0,0,0,0,0
Dominican Republic,2023-11-13,DOM,AMRO,75,0,1,0,0,0
Ecuador,2023-11-13,ECU,AMRO,585,0,2,0,0,0
El Salvador,2023-11-13,SLV,AMRO,106,0,0,0,0,0
Guadeloupe,2023-11-13,GLP,AMRO,1,0,0,0,0,0
Guatemala,2023-11-13,GTM,AMRO,404,0,1,0,0,0
Guyana,2023-11-13,GUY,AMRO,2,0,0,0,0,0
Honduras,2023-11-13,HND,AMRO,44,0,0,0,0,0
Jamaica,2023-11-13,JAM,AMRO,21,0,0,0,0,0
Martinique,2023-11-13,MTQ,AMRO,7,0,0,0,0,0
Mexico,2023-11-13,MEX,AMRO,4075,0,34,2,0,0
Panama,2023-11-13,PAN,AMRO,237,0,1,0,0,0
Paraguay,2023-11-13,PRY,AMRO,126,0,0,0,0,0
Peru,2023-11-13,PER,AMRO,3851,0,24,1,0,0
Saint Martin,2023-11-13,MAF,AMRO,1,0,0,0,0,0
Trinidad and Tobago,2023-11-13,TTO,AMRO,4,0,0,0,0,0
United States of America,2023-11-13,USA,AMRO,31462,0,57,72,0,0
Uruguay,2023-11-13,URY,AMRO,19,0,0,0,0,0
Venezuela (Bolivarian Republic of),2023-11-13,VEN,AMRO,12,0,0,0,0,0
Viet Nam,2023-11-13,VNM,WPRO,73,0,1,7,0,0
China,2023-11-16,CHN,WPRO,1941,0,0,2,0,0
China,2023-11-17,CHN,WPRO,1942,0,0,1,0,0
Japan,2023-11-17,JPN,WPRO,222,0,0,4,0,0
Singapore,2023-11-17,SGP,WPRO,45,0,0,4,0,0
Viet Nam,2023-11-17,VNM,WPRO,80,0,1,7,0,0
Benin,2023-11-19,BEN,AFRO,3,0,0,0,0,0
Cameroon,2023-11-19,CMR,AFRO,45,0,3,0,0,0
Central African Republic,2023-11-19,CAF,AFRO,44,0,1,0,0,0
Congo,2023-11-19,COG,AFRO,26,0,2,1,0,0
Democratic Republic of the Congo,2023-11-19,COD,AFRO,174,0,2,27,0,0
Ghana,2023-11-19,GHA,AFRO,128,0,4,0,0,0
Liberia,2023-11-19,LBR,AFRO,14,0,0,2,0,0
Mozambique,2023-11-19,MOZ,AFRO,1,0,1,0,0,0
Nigeria,2023-11-19,NGA,AFRO,848,0,9,0,0,0
South Africa,2023-11-19,ZAF,AFRO,5,0,0,0,0,0
Argentina,2023-11-20,ARG,AMRO,1146,0,2,2,0,0
Aruba,2023-11-20,ABW,AMRO,3,0,0,0,0,0
Bahamas,2023-11-20,BHS,AMRO,4,0,0,0,0,0
Barbados,2023-11-20,BRB,AMRO,1,0,0,0,0,0
Bermuda,2023-11-20,BMU,AMRO,1,0,0,0,0,0
Bolivia (Plurinational State of),2023-11-20,BOL,AMRO,265,0,0,0,0,0
Brazil,2023-11-20,BRA,AMRO,11555,0,16,28,0,0
Canada,2023-11-20,CAN,AMRO,1545,0,0,1,0,0
Chile,2023-11-20,CHL,AMRO,1453,0,3,0,0,0
Colombia,2023-11-20,COL,AMRO,4122,0,0,3,0,0
Costa Rica,2023-11-20,CRI,AMRO,225,0,1,0,0,0
Cuba,2023-11-20,CUB,AMRO,8,0,1,0,0,0
Curaçao,2023-11-20,CUW,AMRO,3,0,0,0,0,0
Dominican Republic,2023-11-20,DOM,AMRO,75,0,1,0,0,0
Ecuador,2023-11-20,ECU,AMRO,585,0,2,0,0,0
El Salvador,2023-11-20,SLV,AMRO,106,0,0,0,0,0
Guadeloupe,2023-11-20,GLP,AMRO,1,0,0,0,0,0
Guatemala,2023-11-20,GTM,AMRO,404,0,1,0,0,0
Guyana,2023-11-20,GUY,AMRO,2,0,0,0,0,0
Honduras,2023-11-20,HND,AMRO,44,0,0,0,0,0
Jamaica,2023-11-20,JAM,AMRO,21,0,0,0,0,0
Martinique,2023-11-20,MTQ,AMRO,7,0,0,0,0,0
Mexico,2023-11-20,MEX,AMRO,4076,0,34,1,0,0
Panama,2023-11-20,PAN,AMRO,237,0,1,0,0,0
Paraguay,2023-11-20,PRY,AMRO,126,0,0,0,0,0
Peru,2023-11-20,PER,AMRO,3855,0,24,4,0,0
Saint Martin,2023-11-20,MAF,AMRO,1,0,0,0,0,0
Trinidad and Tobago,2023-11-20,TTO,AMRO,4,0,0,0,0,0
United States of America,2023-11-20,USA,AMRO,31521,0,57,59,0,0
Uruguay,2023-11-20,URY,AMRO,19,0,0,0,0,0
Venezuela (Bolivarian Republic of),2023-11-20,VEN,AMRO,12,0,0,0,0,0
China,2023-11-22,CHN,WPRO,1944,0,0,2,0,0
Viet Nam,2023-11-22,VNM,WPRO,92,0,2,12,0,1
Singapore,2023-11-23,SGP,WPRO,47,0,0,2,0,0
Japan,2023-11-24,JPN,WPRO,225,0,0,3,0,0
Benin,2023-11-26,BEN,AFRO,3,0,0,0,0,0
Cameroon,2023-11-26,CMR,AFRO,45,0,3,0,0,0
Central African Republic,2023-11-26,CAF,AFRO,44,0,1,0,0,0
Congo,2023-11-26,COG,AFRO,26,0,2,0,0,0
Democratic Republic of the Congo,2023-11-26,COD,AFRO,204,0,2,30,0,0
Ghana,2023-11-26,GHA,AFRO,128,0,4,0,0,0
Liberia,2023-11-26,LBR,AFRO,15,0,0,1,0,0
Mozambique,2023-11-26,MOZ,AFRO,1,0,1,0,0,0
Nigeria,2023-11-26,NGA,AFRO,854,0,9,6,0,0
South Africa,2023-11-26,ZAF,AFRO,5,0,0,0,0,0
Argentina,2023-11-27,ARG,AMRO,1146,0,2,0,0,0
Aruba,2023-11-27,ABW,AMRO,3,0,0,0,0,0
Bahamas,2023-11-27,BHS,AMRO,4,0,0,0,0,0
Barbados,2023-11-27,BRB,AMRO,1,0,0,0,0,0
Bermuda,2023-11-27,BMU,AMRO,1,0,0,0,0,0
Bolivia (Plurinational State of),2023-11-27,BOL,AMRO,265,0,0,0,0,0
Brazil,2023-11-27,BRA,AMRO,11572,0,16,17,0,0
Canada,2023-11-27,CAN,AMRO,1548,0,0,3,0,0
Chile,2023-11-27,CHL,AMRO,1453,0,3,0,0,0
Colombia,2023-11-27,COL,AMRO,4124,0,0,2,0,0
Costa Rica,2023-11-27,CRI,AMRO,225,0,1,0,0,0
Cuba,2023-11-27,CUB,AMRO,8,0,1,0,0,0
Curaçao,2023-11-27,CUW,AMRO,3,0,0,0,0,0
Dominican Republic,2023-11-27,DOM,AMRO,75,0,1,0,0,0
Ecuador,2023-11-27,ECU,AMRO,586,0,2,1,0,0
El Salvador,2023-11-27,SLV,AMRO,106,0,0,0,0,0
Guadeloupe,2023-11-27,GLP,AMRO,1,0,0,0,0,0
Guatemala,2023-11-27,GTM,AMRO,404,0,1,0,0,0
Guyana,2023-11-27,GUY,AMRO,2,0,0,0,0,0
Honduras,2023-11-27,HND,AMRO,44,0,0,0,0,0
Jamaica,2023-11-27,JAM,AMRO,21,0,0,0,0,0
Martinique,2023-11-27,MTQ,AMRO,7,0,0,0,0,0
Mexico,2023-11-27,MEX,AMRO,4078,0,34,2,0,0
Panama,2023-11-27,PAN,AMRO,237,0,1,0,0,0
Paraguay,2023-11-27,PRY,AMRO,126,0,0,0,0,0
Peru,2023-11-27,PER,AMRO,3857,0,24,2,0,0
Saint Martin,2023-11-27,MAF,AMRO,1,0,0,0,0,0
Trinidad and Tobago,2023-11-27,TTO,AMRO,4,0,0,0,0,0
United States of America,2023-11-27,USA,AMRO,31585,0,59,64,0,2
Uruguay,2023-11-27,URY,AMRO,19,0,0,0,0,0
Venezuela (Bolivarian Republic of),2023-11-27,VEN,AMRO,12,0,0,0,0,0
Andorra,2023-11-30,AND,EURO,4,0,0,0,0,0
Australia,2023-11-30,AUS,WPRO,168,0,0,2,0,0
Austria,2023-11-30,AUT,EURO,333,0,0,2,0,0
Belgium,2023-11-30,BEL,EURO,797,0,2,2,0,0
Bosnia and Herzegovina,2023-11-30,BIH,EURO,9,0,0,0,0,0
Bulgaria,2023-11-30,BGR,EURO,6,0,0,0,0,0
China,2023-11-30,CHN,WPRO,2024,0,0,80,0,0
Croatia,2023-11-30,HRV,EURO,33,0,0,0,0,0
Cyprus,2023-11-30,CYP,EURO,5,0,0,0,0,0
Czechia,2023-11-30,CZE,EURO,71,0,1,0,0,0
Denmark,2023-11-30,DNK,EURO,198,0,0,0,0,0
Estonia,2023-11-30,EST,EURO,11,0,0,0,0,0
Finland,2023-11-30,FIN,EURO,43,0,0,0,0,0
France,2023-11-30,FRA,EURO,4164,0,0,3,0,0
Georgia,2023-11-30,GEO,EURO,2,0,0,0,0,0
Germany,2023-11-30,DEU,EURO,3779,0,0,22,0,0
Gibraltar,2023-11-30,GIB,EURO,6,0,0,0,0,0
Greece,2023-11-30,GRC,EURO,89,0,0,1,0,0
Greenland,2023-11-30,GRL,EURO,2,0,0,0,0,0
Hungary,2023-11-30,HUN,EURO,81,0,0,0,0,0
Iceland,2023-11-30,ISL,EURO,17,0,0,0,0,0
India,2023-11-30,IND,SEARO,27,0,1,0,0,0
Indonesia,2023-11-30,IDN,SEARO,60,0,0,30,0,0
Ireland,2023-11-30,IRL,EURO,244,0,0,2,0,0
Israel,2023-11-30,ISR,EURO,262,0,0,0,0,0
Italy,2023-11-30,ITA,EURO,972,0,0,6,0,0
Latvia,2023-11-30,LVA,EURO,6,0,0,0,0,0
Lithuania,2023-11-30,LTU,EURO,5,0,0,0,0,0
Luxembourg,2023-11-30,LUX,EURO,60,0,0,0,0,0
Malaysia,2023-11-30,MYS,WPRO,9,0,0,5,0,0
Malta,2023-11-30,MLT,EURO,35,0,0,0,0,0
Monaco,2023-11-30,MCO,EURO,3,0,0,0,0,0
Montenegro,2023-11-30,MNE,EURO,2,0,0,0,0,0
Nepal,2023-11-30,NPL,SEARO,1,0,0,0,0,0
Netherlands,2023-11-30,NLD,EURO,1285,0,0,7,0,0
Norway,2023-11-30,NOR,EURO,104,0,0,2,0,0
Poland,2023-11-30,POL,EURO,217,0,0,0,0,0
Portugal,2023-11-30,PRT,EURO,1162,0,1,28,0,0
Republic of Korea,2023-11-30,KOR,WPRO,155,0,0,2,0,0
Republic of Moldova,2023-11-30,MDA,EURO,2,0,0,0,0,0
Romania,2023-11-30,ROU,EURO,47,0,0,0,0,0
Russian Federation,2023-11-30,RUS,EURO,2,0,0,0,0,0
San Marino,2023-11-30,SMR,EURO,1,0,0,0,0,0
Saudi Arabia,2023-11-30,SAU,EMRO,652,0,0,37,0,0
Serbia,2023-11-30,SRB,EURO,40,0,0,0,0,0
Singapore,2023-11-30,SGP,WPRO,49,0,0,2,0,0
Slovakia,2023-11-30,SVK,EURO,14,0,0,0,0,0
Slovenia,2023-11-30,SVN,EURO,47,0,0,0,0,0
Spain,2023-11-30,ESP,EURO,7684,0,3,37,0,0
Sri Lanka,2023-11-30,LKA,SEARO,4,0,0,0,0,0
Sweden,2023-11-30,SWE,EURO,264,0,0,0,0,0
Switzerland,2023-11-30,CHE,EURO,562,0,0,0,0,0
Thailand,2023-11-30,THA,SEARO,656,0,1,79,0,0
The United Kingdom,2023-11-30,GBR,EURO,3867,0,0,47,0,0
Türkiye,2023-11-30,TUR,EURO,12,0,0,0,0,0
Ukraine,2023-11-30,UKR,EURO,5,0,0,0,0,0
China,2023-12-01,CHN,WPRO,2025,0,0,1,0,0
Japan,2023-12-01,JPN,WPRO,226,0,0,1,0,0
Viet Nam,2023-12-01,VNM,WPRO,98,0,2,6,0,0
Mozambique,2023-12-02,MOZ,AFRO,1,0,1,0,0,0
Benin,2023-12-03,BEN,AFRO,3,0,0,0,0,0
Cameroon,2023-12-03,CMR,AFRO,45,0,3,0,0,0
Central African Republic,2023-12-03,CAF,AFRO,44,0,1,0,0,0
Congo,2023-12-03,COG,AFRO,26,0,2,0,0,0
Democratic Republic of the Congo,2023-12-03,COD,AFRO,222,0,2,18,0,0
Ghana,2023-12-03,GHA,AFRO,128,0,4,0,0,0
Liberia,2023-12-03,LBR,AFRO,17,0,0,2,0,0
Mozambique,2023-12-03,MOZ,AFRO,1,0,1,0,0,0
Nigeria,2023-12-03,NGA,AFRO,858,0,9,4,0,0
South Africa,2023-12-03,ZAF,AFRO,5,0,0,0,0,0
Argentina,2023-12-04,ARG,AMRO,1147,0,2,1,0,0
Aruba,2023-12-04,ABW,AMRO,3,0,0,0,0,0
Bahamas,2023-12-04,BHS,AMRO,4,0,0,0,0,0
Barbados,2023-12-04,BRB,AMRO,1,0,0,0,0,0
Bermuda,2023-12-04,BMU,AMRO,1,0,0,0,0,0
Bolivia (Plurinational State of),2023-12-04,BOL,AMRO,265,0,0,0,0,0
Brazil,2023-12-04,BRA,AMRO,11598,0,16,26,0,0
Canada,2023-12-04,CAN,AMRO,1549,0,0,1,0,0
Chile,2023-12-04,CHL,AMRO,1453,0,3,0,0,0
Colombia,2023-12-04,COL,AMRO,4126,0,0,2,0,0
Costa Rica,2023-12-04,CRI,AMRO,225,0,1,0,0,0
Cuba,2023-12-04,CUB,AMRO,8,0,1,0,0,0
Curaçao,2023-12-04,CUW,AMRO,3,0,0,0,0,0
Dominican Republic,2023-12-04,DOM,AMRO,75,0,1,0,0,0
Ecuador,2023-12-04,ECU,AMRO,587,0,2,1,0,0
El Salvador,2023-12-04,SLV,AMRO,106,0,0,0,0,0
Guadeloupe,2023-12-04,GLP,AMRO,1,0,0,0,0,0
Guatemala,2023-12-04,GTM,AMRO,404,0,1,0,0,0
Guyana,2023-12-04,GUY,AMRO,2,0,0,0,0,0
Honduras,2023-12-04,HND,AMRO,44,0,0,0,0,0
Jamaica,2023-12-04,JAM,AMRO,21,0,0,0,0,0
Martinique,2023-12-04,MTQ,AMRO,7,0,0,0,0,0
Mexico,2023-12-04,MEX,AMRO,4079,0,34,1,0,0
Panama,2023-12-04,PAN,AMRO,237,0,1,0,0,0
Paraguay,2023-12-04,PRY,AMRO,126,0,0,0,0,0
Peru,2023-12-04,PER,AMRO,3858,0,24,1,0,0
Saint Martin,2023-12-04,MAF,AMRO,1,0,0,0,0,0
Trinidad and Tobago,2023-12-04,TTO,AMRO,4,0,0,0,0,0
United States of America,2023-12-04,USA,AMRO,31655,0,60,70,0,1
Uruguay,2023-12-04,URY,AMRO,19,0,0,0,0,0
Venezuela (Bolivarian Republic of),2023-12-04,VEN,AMRO,12,0,0,0,0,0
Pakistan,2023-12-06,PAK,EMRO,9,0,1,1,0,1
Singapore,2023-12-07,SGP,WPRO,48,0,0,-1,0,0
Japan,2023-12-08,JPN,WPRO,227,0,0,1,0,0
Benin,2023-12-10,BEN,AFRO,3,0,0,0,0,0
Cameroon,2023-12-10,CMR,AFRO,45,0,3,0,0,0
Central African Republic,2023-12-10,CAF,AFRO,44,0,1,0,0,0
Congo,2023-12-10,COG,AFRO,26,0,2,0,0,0
Democratic Republic of the Congo,2023-12-10,COD,AFRO,236,0,2,14,0,0
Ghana,2023-12-10,GHA,AFRO,128,0,4,0,0,0
Liberia,2023-12-10,LBR,AFRO,17,0,0,0,0,0
Nigeria,2023-12-10,NGA,AFRO,858,0,9,0,0,0
South Africa,2023-12-10,ZAF,AFRO,5,0,0,0,0,0
Argentina,2023-12-11,ARG,AMRO,1147,0,2,0,0,0
Aruba,2023-12-11,ABW,AMRO,3,0,0,0,0,0
Bahamas,2023-12-11,BHS,AMRO,4,0,0,0,0,0
Barbados,2023-12-11,BRB,AMRO,1,0,0,0,0,0
Bermuda,2023-12-11,BMU,AMRO,1,0,0,0,0,0
Bolivia (Plurinational State of),2023-12-11,BOL,AMRO,265,0,0,0,0,0
Brazil,2023-12-11,BRA,AMRO,11622,0,16,24,0,0
Canada,2023-12-11,CAN,AMRO,1549,0,0,0,0,0
Chile,2023-12-11,CHL,AMRO,1454,0,3,1,0,0
Colombia,2023-12-11,COL,AMRO,4132,0,0,6,0,0
Costa Rica,2023-12-11,CRI,AMRO,225,0,1,0,0,0
Cuba,2023-12-11,CUB,AMRO,8,0,1,0,0,0
Curaçao,2023-12-11,CUW,AMRO,3,0,0,0,0,0
Dominican Republic,2023-12-11,DOM,AMRO,75,0,1,0,0,0
Ecuador,2023-12-11,ECU,AMRO,587,0,2,0,0,0
El Salvador,2023-12-11,SLV,AMRO,106,0,0,0,0,0
Guadeloupe,2023-12-11,GLP,AMRO,1,0,0,0,0,0
Guatemala,2023-12-11,GTM,AMRO,404,0,1,0,0,0
Guyana,2023-12-11,GUY,AMRO,2,0,0,0,0,0
Honduras,2023-12-11,HND,AMRO,44,0,0,0,0,0
Jamaica,2023-12-11,JAM,AMRO,21,0,0,0,0,0
Martinique,2023-12-11,MTQ,AMRO,7,0,0,0,0,0
Mexico,2023-12-11,MEX,AMRO,4079,0,34,0,0,0
Mozambique,2023-12-11,MOZ,AFRO,1,0,1,0,0,0
Panama,2023-12-11,PAN,AMRO,237,0,1,0,0,0
Paraguay,2023-12-11,PRY,AMRO,126,0,0,0,0,0
Peru,2023-12-11,PER,AMRO,3863,0,24,5,0,0
Philippines,2023-12-11,PHL,WPRO,6,0,0,1,0,0
Saint Martin,2023-12-11,MAF,AMRO,1,0,0,0,0,0
Trinidad and Tobago,2023-12-11,TTO,AMRO,4,0,0,0,0,0
United States of America,2023-12-11,USA,AMRO,31709,0,60,54,0,0
Uruguay,2023-12-11,URY,AMRO,19,0,0,0,0,0
Venezuela (Bolivarian Republic of),2023-12-11,VEN,AMRO,12,0,0,0,0,0
Cambodia,2023-12-13,KHM,WPRO,1,0,0,1,0,0
Japan,2023-12-13,JPN,WPRO,227,0,1,0,0,1
Japan,2023-12-15,JPN,WPRO,229,0,1,2,0,0
Philippines,2023-12-15,PHL,WPRO,9,0,0,3,0,0
Benin,2023-12-17,BEN,AFRO,3,0,0,0,0,0
Cameroon,2023-12-17,CMR,AFRO,45,0,3,0,0,0
Central African Republic,2023-12-17,CAF,AFRO,44,0,1,0,0,0
Congo,2023-12-17,COG,AFRO,26,0,2,0,0,0
Democratic Republic of the Congo,2023-12-17,COD,AFRO,245,0,2,9,0,0
Ghana,2023-12-17,GHA,AFRO,128,0,4,0,0,0
Liberia,2023-12-17,LBR,AFRO,17,0,0,0,0,0
Mozambique,2023-12-17,MOZ,AFRO,1,0,1,0,0,0
Nigeria,2023-12-17,NGA,AFRO,859,0,9,1,0,0
South Africa,2023-12-17,ZAF,AFRO,5,0,0,0,0,0
Argentina,2023-12-18,ARG,AMRO,1148,0,2,1,0,0
Aruba,2023-12-18,ABW,AMRO,3,0,0,0,0,0
Bahamas,2023-12-18,BHS,AMRO,4,0,0,0,0,0
Barbados,2023-12-18,BRB,AMRO,1,0,0,0,0,0
Bermuda,2023-12-18,BMU,AMRO,1,0,0,0,0,0
Bolivia (Plurinational State of),2023-12-18,BOL,AMRO,265,0,0,0,0,0
Brazil,2023-12-18,BRA,AMRO,11647,0,16,25,0,0
Canada,2023-12-18,CAN,AMRO,1550,0,0,1,0,0
Chile,2023-12-18,CHL,AMRO,1454,0,3,0,0,0
Colombia,2023-12-18,COL,AMRO,4134,0,0,2,0,0
Costa Rica,2023-12-18,CRI,AMRO,225,0,1,0,0,0
Cuba,2023-12-18,CUB,AMRO,8,0,1,0,0,0
Curaçao,2023-12-18,CUW,AMRO,3,0,0,0,0,0
Dominican Republic,2023-12-18,DOM,AMRO,75,0,1,0,0,0
Ecuador,2023-12-18,ECU,AMRO,589,0,2,2,0,0
El Salvador,2023-12-18,SLV,AMRO,106,0,0,0,0,0
Guadeloupe,2023-12-18,GLP,AMRO,1,0,0,0,0,0
Guatemala,2023-12-18,GTM,AMRO,404,0,1,0,0,0
Guyana,2023-12-18,GUY,AMRO,2,0,0,0,0,0
Honduras,2023-12-18,HND,AMRO,44,0,0,0,0,0
Jamaica,2023-12-18,JAM,AMRO,21,0,0,0,0,0
Martinique,2023-12-18,MTQ,AMRO,7,0,0,0,0,0
Mexico,2023-12-18,MEX,AMRO,4079,0,34,0,0,0
Panama,2023-12-18,PAN,AMRO,237,0,1,0,0,0
Paraguay,2023-12-18,PRY,AMRO,126,0,0,0,0,0
Peru,2023-12-18,PER,AMRO,3868,0,24,5,0,0
Saint Martin,2023-12-18,MAF,AMRO,1,0,0,0,0,0
Trinidad and Tobago,2023-12-18,TTO,AMRO,4,0,0,0,0,0
United States of America,2023-12-18,USA,AMRO,31770,0,60,61,0,0
Uruguay,2023-12-18,URY,AMRO,19,0,0,0,0,0
Venezuela (Bolivarian Republic of),2023-12-18,VEN,AMRO,12,0,0,0,0,0
Australia,2023-12-21,AUS,WPRO,170,0,0,2,0,0
Singapore,2023-12-22,SGP,WPRO,50,0,0,2,0,0
United Arab Emirates,2023-12-22,ARE,EMRO,25,0,0,1,0,0
Benin,2023-12-24,BEN,AFRO,3,0,0,0,0,0
Cameroon,2023-12-24,CMR,AFRO,45,0,3,0,0,0
Central African Republic,2023-12-24,CAF,AFRO,45,0,1,1,0,0
Congo,2023-12-24,COG,AFRO,26,0,2,0,0,0
Democratic Republic of the Congo,2023-12-24,COD,AFRO,279,0,2,34,0,0
Ghana,2023-12-24,GHA,AFRO,128,0,4,0,0,0
Japan,2023-12-24,JPN,WPRO,232,0,1,3,0,0
Liberia,2023-12-24,LBR,AFRO,17,0,0,0,0,0
Mozambique,2023-12-24,MOZ,AFRO,1,0,1,0,0,0
Nigeria,2023-12-24,NGA,AFRO,860,0,9,1,0,0
South Africa,2023-12-24,ZAF,AFRO,5,0,0,0,0,0
Argentina,2023-12-25,ARG,AMRO,1149,0,2,1,0,0
Aruba,2023-12-25,ABW,AMRO,3,0,0,0,0,0
Bahamas,2023-12-25,BHS,AMRO,4,0,0,0,0,0
Barbados,2023-12-25,BRB,AMRO,1,0,0,0,0,0
Bermuda,2023-12-25,BMU,AMRO,1,0,0,0,0,0
Bolivia (Plurinational State of),2023-12-25,BOL,AMRO,265,0,0,0,0,0
Brazil,2023-12-25,BRA,AMRO,11679,0,16,32,0,0
Canada,2023-12-25,CAN,AMRO,1551,0,0,1,0,0
Chile,2023-12-25,CHL,AMRO,1454,0,3,0,0,0
Colombia,2023-12-25,COL,AMRO,4148,0,0,14,0,0
Costa Rica,2023-12-25,CRI,AMRO,225,0,1,0,0,0
Cuba,2023-12-25,CUB,AMRO,8,0,1,0,0,0
Curaçao,2023-12-25,CUW,AMRO,3,0,0,0,0,0
Dominican Republic,2023-12-25,DOM,AMRO,75,0,1,0,0,0
Ecuador,2023-12-25,ECU,AMRO,597,0,2,8,0,0
El Salvador,2023-12-25,SLV,AMRO,106,0,0,0,0,0
Guadeloupe,2023-12-25,GLP,AMRO,1,0,0,0,0,0
Guatemala,2023-12-25,GTM,AMRO,404,0,1,0,0,0
Guyana,2023-12-25,GUY,AMRO,2,0,0,0,0,0
Honduras,2023-12-25,HND,AMRO,44,0,0,0,0,0
Jamaica,2023-12-25,JAM,AMRO,21,0,0,0,0,0
Martinique,2023-12-25,MTQ,AMRO,7,0,0,0,0,0
Mexico,2023-12-25,MEX,AMRO,4080,0,34,1,0,0
Panama,2023-12-25,PAN,AMRO,237,0,1,0,0,0
Paraguay,2023-12-25,PRY,AMRO,126,0,0,0,0,0
Peru,2023-12-25,PER,AMRO,3869,0,24,1,0,0
Saint Martin,2023-12-25,MAF,AMRO,1,0,0,0,0,0
Trinidad and Tobago,2023-12-25,TTO,AMRO,4,0,0,0,0,0
United States of America,2023-12-25,USA,AMRO,31826,0,60,56,0,0
Uruguay,2023-12-25,URY,AMRO,19,0,0,0,0,0
Venezuela (Bolivarian Republic of),2023-12-25,VEN,AMRO,12,0,0,0,0,0
Viet Nam,2023-12-26,VNM,WPRO,121,0,6,23,0,4
Andorra,2023-12-31,AND,EURO,4,0,0,0,0,0
Austria,2023-12-31,AUT,EURO,338,0,0,5,0,0
Belgium,2023-12-31,BEL,EURO,800,0,2,3,0,0
Benin,2023-12-31,BEN,AFRO,3,0,0,0,0,0
Bosnia and Herzegovina,2023-12-31,BIH,EURO,9,0,0,0,0,0
Bulgaria,2023-12-31,BGR,EURO,6,0,0,0,0,0
Cameroon,2023-12-31,CMR,AFRO,45,0,3,0,0,0
Central African Republic,2023-12-31,CAF,AFRO,46,0,1,1,0,0
China,2023-12-31,CHN,WPRO,2127,0,0,102,0,0
Congo,2023-12-31,COG,AFRO,26,0,2,0,0,0
Croatia,2023-12-31,HRV,EURO,33,0,0,0,0,0
Cyprus,2023-12-31,CYP,EURO,5,0,0,0,0,0
Czechia,2023-12-31,CZE,EURO,71,0,1,0,0,0
Democratic Republic of the Congo,2023-12-31,COD,AFRO,313,0,2,34,0,0
Denmark,2023-12-31,DNK,EURO,198,0,0,0,0,0
Estonia,2023-12-31,EST,EURO,11,0,0,0,0,0
Finland,2023-12-31,FIN,EURO,43,0,0,0,0,0
France,2023-12-31,FRA,EURO,4171,0,0,7,0,0
Georgia,2023-12-31,GEO,EURO,2,0,0,0,0,0
Germany,2023-12-31,DEU,EURO,3800,0,0,21,0,0
Ghana,2023-12-31,GHA,AFRO,128,0,4,0,0,0
Gibraltar,2023-12-31,GIB,EURO,6,0,0,0,0,0
Greece,2023-12-31,GRC,EURO,89,0,0,0,0,0
Greenland,2023-12-31,GRL,EURO,2,0,0,0,0,0
Hungary,2023-12-31,HUN,EURO,82,0,0,1,0,0
Iceland,2023-12-31,ISL,EURO,17,0,0,0,0,0
India,2023-12-31,IND,SEARO,27,0,1,0,0,0
Indonesia,2023-12-31,IDN,SEARO,73,0,0,13,0,0
Ireland,2023-12-31,IRL,EURO,244,0,0,0,0,0
Israel,2023-12-31,ISR,EURO,275,0,0,13,0,0
Italy,2023-12-31,ITA,EURO,989,0,0,17,0,0
Latvia,2023-12-31,LVA,EURO,6,0,0,0,0,0
Liberia,2023-12-31,LBR,AFRO,17,0,0,0,0,0
Lithuania,2023-12-31,LTU,EURO,5,0,0,0,0,0
Luxembourg,2023-12-31,LUX,EURO,60,0,0,0,0,0
Malta,2023-12-31,MLT,EURO,35,0,0,0,0,0
Monaco,2023-12-31,MCO,EURO,3,0,0,0,0,0
Montenegro,2023-12-31,MNE,EURO,2,0,0,0,0,0
Mozambique,2023-12-31,MOZ,AFRO,1,0,1,0,0,0
Nepal,2023-12-31,NPL,SEARO,1,0,0,0,0,0
Netherlands,2023-12-31,NLD,EURO,1287,0,0,2,0,0
Nigeria,2023-12-31,NGA,AFRO,860,0,9,0,0,0
Norway,2023-12-31,NOR,EURO,104,0,0,0,0,0
Poland,2023-12-31,POL,EURO,217,0,0,0,0,0
Portugal,2023-12-31,PRT,EURO,1162,0,1,0,0,0
Republic of Moldova,2023-12-31,MDA,EURO,2,0,0,0,0,0
Romania,2023-12-31,ROU,EURO,47,0,0,0,0,0
Russian Federation,2023-12-31,RUS,EURO,2,0,0,0,0,0
San Marino,2023-12-31,SMR,EURO,1,0,0,0,0,0
Saudi Arabia,2023-12-31,SAU,EMRO,669,0,0,17,0,0
Serbia,2023-12-31,SRB,EURO,40,0,0,0,0,0
Slovakia,2023-12-31,SVK,EURO,14,0,0,0,0,0
Slovenia,2023-12-31,SVN,EURO,47,0,0,0,0,0
South Africa,2023-12-31,ZAF,AFRO,5,0,0,0,0,0
Spain,2023-12-31,ESP,EURO,7752,0,3,68,0,0
Sri Lanka,2023-12-31,LKA,SEARO,4,0,0,0,0,0
Sweden,2023-12-31,SWE,EURO,267,0,0,3,0,0
Switzerland,2023-12-31,CHE,EURO,563,0,0,1,0,0
Thailand,2023-12-31,THA,SEARO,685,0,1,29,0,0
The United Kingdom,2023-12-31,GBR,EURO,3875,0,0,8,0,0
Türkiye,2023-12-31,TUR,EURO,12,0,0,0,0,0
Ukraine,2023-12-31,UKR,EURO,5,0,0,0,0,0
Argentina,2024-01-01,ARG,AMRO,1149,0,2,0,0,0
Aruba,2024-01-01,ABW,AMRO,3,0,0,0,0,0
Bahamas,2024-01-01,BHS,AMRO,4,0,0,0,0,0
Barbados,2024-01-01,BRB,AMRO,1,0,0,0,0,0
Bermuda,2024-01-01,BMU,AMRO,1,0,0,0,0,0
Bolivia (Plurinational State of),2024-01-01,BOL,AMRO,265,0,0,0,0,0
Brazil,2024-01-01,BRA,AMRO,11730,0,16,51,0,0
Canada,2024-01-01,CAN,AMRO,1551,0,0,0,0,0
Chile,2024-01-01,CHL,AMRO,1455,0,3,1,0,0
Colombia,2024-01-01,COL,AMRO,4158,0,0,10,0,0
Costa Rica,2024-01-01,CRI,AMRO,225,0,1,0,0,0
Cuba,2024-01-01,CUB,AMRO,8,0,1,0,0,0
Curaçao,2024-01-01,CUW,AMRO,3,0,0,0,0,0
Dominican Republic,2024-01-01,DOM,AMRO,75,0,1,0,0,0
Ecuador,2024-01-01,ECU,AMRO,597,0,2,0,0,0
El Salvador,2024-01-01,SLV,AMRO,106,0,0,0,0,0
Guadeloupe,2024-01-01,GLP,AMRO,1,0,0,0,0,0
Guatemala,2024-01-01,GTM,AMRO,404,0,1,0,0,0
Guyana,2024-01-01,GUY,AMRO,2,0,0,0,0,0
Honduras,2024-01-01,HND,AMRO,44,0,0,0,0,0
Jamaica,2024-01-01,JAM,AMRO,21,0,0,0,0,0
Martinique,2024-01-01,MTQ,AMRO,7,0,0,0,0,0
Mexico,2024-01-01,MEX,AMRO,4080,0,34,0,0,0
Panama,2024-01-01,PAN,AMRO,237,0,1,0,0,0
Paraguay,2024-01-01,PRY,AMRO,126,0,0,0,0,0
Peru,2024-01-01,PER,AMRO,3871,0,24,2,0,0
Saint Martin,2024-01-01,MAF,AMRO,1,0,0,0,0,0
Trinidad and Tobago,2024-01-01,TTO,AMRO,4,0,0,0,0,0
United States of America,2024-01-01,USA,AMRO,31874,0,60,48,0,0
Uruguay,2024-01-01,URY,AMRO,19,0,0,0,0,0
Venezuela (Bolivarian Republic of),2024-01-01,VEN,AMRO,12,0,0,0,0,0
Cambodia,2024-01-04,KHM,WPRO,3,0,0,2,0,0
Singapore,2024-01-05,SGP,WPRO,51,0,0,1,0,0
Benin,2024-01-07,BEN,AFRO,3,0,0,0,0,0
Cameroon,2024-01-07,CMR,AFRO,45,0,3,0,0,0
Central African Republic,2024-01-07,CAF,AFRO,46,0,1,0,0,0
Congo,2024-01-07,COG,AFRO,26,0,2,0,0,0
Democratic Republic of the Congo,2024-01-07,COD,AFRO,341,0,2,28,0,0
Ghana,2024-01-07,GHA,AFRO,128,0,4,0,0,0
Liberia,2024-01-07,LBR,AFRO,17,0,0,0,0,0
Nigeria,2024-01-07,NGA,AFRO,860,0,9,0,0,0
South Africa,2024-01-07,ZAF,AFRO,5,0,0,0,0,0
Argentina,2024-01-08,ARG,AMRO,1149,0,2,0,0,0
Aruba,2024-01-08,ABW,AMRO,3,0,0,0,0,0
Bahamas,2024-01-08,BHS,AMRO,4,0,0,0,0,0
Barbados,2024-01-08,BRB,AMRO,1,0,0,0,0,0
Bermuda,2024-01-08,BMU,AMRO,1,0,0,0,0,0
Bolivia (Plurinational State of),2024-01-08,BOL,AMRO,265,0,0,0,0,0
Brazil,2024-01-08,BRA,AMRO,11774,0,16,44,0,0
Canada,2024-01-08,CAN,AMRO,1552,0,0,1,0,0
Chile,2024-01-08,CHL,AMRO,1455,0,3,0,0,0
Colombia,2024-01-08,COL,AMRO,4166,0,0,8,0,0
Costa Rica,2024-01-08,CRI,AMRO,225,0,1,0,0,0
Cuba,2024-01-08,CUB,AMRO,8,0,1,0,0,0
Curaçao,2024-01-08,CUW,AMRO,3,0,0,0,0,0
Dominican Republic,2024-01-08,DOM,AMRO,75,0,1,0,0,0
Ecuador,2024-01-08,ECU,AMRO,597,0,2,0,0,0
El Salvador,2024-01-08,SLV,AMRO,106,0,0,0,0,0
Guadeloupe,2024-01-08,GLP,AMRO,1,0,0,0,0,0
Guatemala,2024-01-08,GTM,AMRO,404,0,1,0,0,0
Guyana,2024-01-08,GUY,AMRO,2,0,0,0,0,0
Honduras,2024-01-08,HND,AMRO,44,0,0,0,0,0
Jamaica,2024-01-08,JAM,AMRO,21,0,0,0,0,0
Martinique,2024-01-08,MTQ,AMRO,7,0,0,0,0,0
Mexico,2024-01-08,MEX,AMRO,4080,0,34,0,0,0
Panama,2024-01-08,PAN,AMRO,237,0,1,0,0,0
Paraguay,2024-01-08,PRY,AMRO,126,0,0,0,0,0
Peru,2024-01-08,PER,AMRO,3872,0,24,1,0,0
Saint Martin,2024-01-08,MAF,AMRO,1,0,0,0,0,0
Trinidad and Tobago,2024-01-08,TTO,AMRO,4,0,0,0,0,0
United States of America,2024-01-08,USA,AMRO,31932,0,60,58,0,0
Uruguay,2024-01-08,URY,AMRO,19,0,0,0,0,0
Venezuela (Bolivarian Republic of),2024-01-08,VEN,AMRO,12,0,0,0,0,0
Japan,2024-01-09,JPN,WPRO,233,0,1,1,0,0
Mozambique,2024-01-09,MOZ,AFRO,1,0,1,0,0,0
Viet Nam,2024-01-10,VNM,WPRO,135,0,6,14,0,0
United Arab Emirates,2024-01-11,ARE,EMRO,26,0,0,1,0,0
China,2024-01-12,CHN,WPRO,2128,0,0,1,0,0
Mozambique,2024-01-12,MOZ,AFRO,1,0,1,0,0,0
Benin,2024-01-14,BEN,AFRO,3,0,0,0,0,0
Cameroon,2024-01-14,CMR,AFRO,46,0,4,1,0,1
Central African Republic,2024-01-14,CAF,AFRO,50,0,1,4,0,0
Congo,2024-01-14,COG,AFRO,27,0,2,1,0,0
Democratic Republic of the Congo,2024-01-14,COD,AFRO,378,0,3,37,0,1
Ghana,2024-01-14,GHA,AFRO,128,0,4,0,0,0
Liberia,2024-01-14,LBR,AFRO,18,0,0,1,0,0
Mozambique,2024-01-14,MOZ,AFRO,1,0,1,0,0,0
Nigeria,2024-01-14,NGA,AFRO,860,0,9,0,0,0
South Africa,2024-01-14,ZAF,AFRO,5,0,0,0,0,0
Argentina,2024-01-15,ARG,AMRO,1149,0,2,0,0,0
Aruba,2024-01-15,ABW,AMRO,3,0,0,0,0,0
Bahamas,2024-01-15,BHS,AMRO,4,0,0,0,0,0
Barbados,2024-01-15,BRB,AMRO,1,0,0,0,0,0
Bermuda,2024-01-15,BMU,AMRO,1,0,0,0,0,0
Bolivia (Plurinational State of),2024-01-15,BOL,AMRO,265,0,0,0,0,0
Brazil,2024-01-15,BRA,AMRO,11814,0,16,40,0,0
Canada,2024-01-15,CAN,AMRO,1553,0,0,1,0,0
Chile,2024-01-15,CHL,AMRO,1455,0,3,0,0,0
Colombia,2024-01-15,COL,AMRO,4174,0,0,8,0,0
Costa Rica,2024-01-15,CRI,AMRO,225,0,1,0,0,0
Cuba,2024-01-15,CUB,AMRO,8,0,1,0,0,0
Curaçao,2024-01-15,CUW,AMRO,3,0,0,0,0,0
Dominican Republic,2024-01-15,DOM,AMRO,75,0,1,0,0,0
Ecuador,2024-01-15,ECU,AMRO,597,0,2,0,0,0
El Salvador,2024-01-15,SLV,AMRO,106,0,0,0,0,0
Guadeloupe,2024-01-15,GLP,AMRO,1,0,0,0,0,0
Guatemala,2024-01-15,GTM,AMRO,405,0,1,1,0,0
Guyana,2024-01-15,GUY,AMRO,2,0,0,0,0,0
Honduras,2024-01-15,HND,AMRO,44,0,0,0,0,0
Jamaica,2024-01-15,JAM,AMRO,21,0,0,0,0,0
Martinique,2024-01-15,MTQ,AMRO,7,0,0,0,0,0
Mexico,2024-01-15,MEX,AMRO,4080,0,34,0,0,0
Panama,2024-01-15,PAN,AMRO,238,0,1,1,0,0
Paraguay,2024-01-15,PRY,AMRO,126,0,0,0,0,0
Peru,2024-01-15,PER,AMRO,3874,0,25,2,0,1
Saint Martin,2024-01-15,MAF,AMRO,1,0,0,0,0,0
Trinidad and Tobago,2024-01-15,TTO,AMRO,4,0,0,0,0,0
United States of America,2024-01-15,USA,AMRO,32001,0,61,69,0,1
Uruguay,2024-01-15,URY,AMRO,19,0,0,0,0,0
Venezuela (Bolivarian Republic of),2024-01-15,VEN,AMRO,12,0,0,0,0,0
New Zealand,2024-01-16,NZL,WPRO,50,1,0,8,1,0
China,2024-01-17,CHN,WPRO,2129,0,0,1,0,0
Japan,2024-01-19,JPN,WPRO,234,0,1,1,0,0
Pakistan,2024-01-19,PAK,EMRO,10,0,1,1,0,0
Viet Nam,2024-01-20,VNM,WPRO,137,0,6,2,0,0
Benin,2024-01-21,BEN,AFRO,3,0,0,0,0,0
Cameroon,2024-01-21,CMR,AFRO,46,0,4,0,0,0
Central African Republic,2024-01-21,CAF,AFRO,50,0,1,0,0,0
Congo,2024-01-21,COG,AFRO,28,0,2,1,0,0
Democratic Republic of the Congo,2024-01-21,COD,AFRO,437,0,3,59,0,0
Ghana,2024-01-21,GHA,AFRO,128,0,4,0,0,0
Liberia,2024-01-21,LBR,AFRO,18,0,0,0,0,0
Mozambique,2024-01-21,MOZ,AFRO,1,0,1,0,0,0
Nigeria,2024-01-21,NGA,AFRO,860,0,9,0,0,0
South Africa,2024-01-21,ZAF,AFRO,5,0,0,0,0,0
Argentina,2024-01-22,ARG,AMRO,1150,0,2,1,0,0
Aruba,2024-01-22,ABW,AMRO,3,0,0,0,0,0
Bahamas,2024-01-22,BHS,AMRO,4,0,0,0,0,0
Barbados,2024-01-22,BRB,AMRO,1,0,0,0,0,0
Bermuda,2024-01-22,BMU,AMRO,1,0,0,0,0,0
Bolivia (Plurinational State of),2024-01-22,BOL,AMRO,265,0,0,0,0,0
Brazil,2024-01-22,BRA,AMRO,11849,0,16,35,0,0
Canada,2024-01-22,CAN,AMRO,1556,0,0,3,0,0
Chile,2024-01-22,CHL,AMRO,1455,0,3,0,0,0
Colombia,2024-01-22,COL,AMRO,4180,0,0,6,0,0
Costa Rica,2024-01-22,CRI,AMRO,225,0,1,0,0,0
Cuba,2024-01-22,CUB,AMRO,8,0,1,0,0,0
Curaçao,2024-01-22,CUW,AMRO,3,0,0,0,0,0
Dominican Republic,2024-01-22,DOM,AMRO,75,0,1,0,0,0
Ecuador,2024-01-22,ECU,AMRO,597,0,2,0,0,0
El Salvador,2024-01-22,SLV,AMRO,106,0,0,0,0,0
Guadeloupe,2024-01-22,GLP,AMRO,1,0,0,0,0,0
Guatemala,2024-01-22,GTM,AMRO,405,0,1,0,0,0
Guyana,2024-01-22,GUY,AMRO,2,0,0,0,0,0
Honduras,2024-01-22,HND,AMRO,44,0,0,0,0,0
Jamaica,2024-01-22,JAM,AMRO,21,0,0,0,0,0
Martinique,2024-01-22,MTQ,AMRO,7,0,0,0,0,0
Mexico,2024-01-22,MEX,AMRO,4081,0,34,1,0,0
Panama,2024-01-22,PAN,AMRO,238,0,1,0,0,0
Paraguay,2024-01-22,PRY,AMRO,126,0,0,0,0,0
Peru,2024-01-22,PER,AMRO,3874,0,25,0,0,0
Saint Martin,2024-01-22,MAF,AMRO,1,0,0,0,0,0
Trinidad and Tobago,2024-01-22,TTO,AMRO,4,0,0,0,0,0
United States of America,2024-01-22,USA,AMRO,32047,0,61,46,0,0
Uruguay,2024-01-22,URY,AMRO,19,0,0,0,0,0
Venezuela (Bolivarian Republic of),2024-01-22,VEN,AMRO,12,0,0,0,0,0
China,2024-01-24,CHN,WPRO,2130,0,0,1,0,0
Viet Nam,2024-01-24,VNM,WPRO,142,0,6,5,0,0
Benin,2024-01-28,BEN,AFRO,3,0,0,0,0,0
Cameroon,2024-01-28,CMR,AFRO,46,0,4,0,0,0
Central African Republic,2024-01-28,CAF,AFRO,51,0,1,1,0,0
Congo,2024-01-28,COG,AFRO,30,0,2,2,0,0
Democratic Republic of the Congo,2024-01-28,COD,AFRO,529,0,3,92,0,0
Ghana,2024-01-28,GHA,AFRO,128,0,4,0,0,0
Liberia,2024-01-28,LBR,AFRO,18,0,0,0,0,0
Mozambique,2024-01-28,MOZ,AFRO,1,0,1,0,0,0
Nigeria,2024-01-28,NGA,AFRO,862,0,9,2,0,0
South Africa,2024-01-28,ZAF,AFRO,5,0,0,0,0,0
Argentina,2024-01-29,ARG,AMRO,1150,0,2,0,0,0
Aruba,2024-01-29,ABW,AMRO,3,0,0,0,0,0
Bahamas,2024-01-29,BHS,AMRO,4,0,0,0,0,0
Barbados,2024-01-29,BRB,AMRO,1,0,0,0,0,0
Bermuda,2024-01-29,BMU,AMRO,1,0,0,0,0,0
Bolivia (Plurinational State of),2024-01-29,BOL,AMRO,265,0,0,0,0,0
Brazil,2024-01-29,BRA,AMRO,11884,0,16,35,0,0
Canada,2024-01-29,CAN,AMRO,1560,0,0,4,0,0
Chile,2024-01-29,CHL,AMRO,1455,0,3,0,0,0
Colombia,2024-01-29,COL,AMRO,4188,0,0,8,0,0
Costa Rica,2024-01-29,CRI,AMRO,225,0,1,0,0,0
Cuba,2024-01-29,CUB,AMRO,8,0,1,0,0,0
Curaçao,2024-01-29,CUW,AMRO,3,0,0,0,0,0
Dominican Republic,2024-01-29,DOM,AMRO,75,0,1,0,0,0
Ecuador,2024-01-29,ECU,AMRO,597,0,2,0,0,0
El Salvador,2024-01-29,SLV,AMRO,106,0,0,0,0,0
Guadeloupe,2024-01-29,GLP,AMRO,1,0,0,0,0,0
Guatemala,2024-01-29,GTM,AMRO,405,0,1,0,0,0
Guyana,2024-01-29,GUY,AMRO,2,0,0,0,0,0
Honduras,2024-01-29,HND,AMRO,44,0,0,0,0,0
Jamaica,2024-01-29,JAM,AMRO,21,0,0,0,0,0
Martinique,2024-01-29,MTQ,AMRO,7,0,0,0,0,0
Mexico,2024-01-29,MEX,AMRO,4082,0,34,1,0,0
Panama,2024-01-29,PAN,AMRO,238,0,1,0,0,0
Paraguay,2024-01-29,PRY,AMRO,126,0,0,0,0,0
Peru,2024-01-29,PER,AMRO,3877,0,25,3,0,0
Saint Martin,2024-01-29,MAF,AMRO,1,0,0,0,0,0
Trinidad and Tobago,2024-01-29,TTO,AMRO,4,0,0,0,0,0
United States of America,2024-01-29,USA,AMRO,32129,0,61,82,0,0
Uruguay,2024-01-29,URY,AMRO,19,0,0,0,0,0
Venezuela (Bolivarian Republic of),2024-01-29,VEN,AMRO,12,0,0,0,0,0
Andorra,2024-01-31,AND,EURO,4,0,0,0,0,0
Australia,2024-01-31,AUS,WPRO,176,0,0,6,0,0
Austria,2024-01-31,AUT,EURO,341,0,0,3,0,0
Belgium,2024-01-31,BEL,EURO,803,0,2,3,0,0
Bosnia and Herzegovina,2024-01-31,BIH,EURO,9,0,0,0,0,0
Bulgaria,2024-01-31,BGR,EURO,6,0,0,0,0,0
China,2024-01-31,CHN,WPRO,2227,0,0,97,0,0
Croatia,2024-01-31,HRV,EURO,33,0,0,0,0,0
Cyprus,2024-01-31,CYP,EURO,5,0,0,0,0,0
Czechia,2024-01-31,CZE,EURO,72,0,1,1,0,0
Denmark,2024-01-31,DNK,EURO,198,0,0,0,0,0
Estonia,2024-01-31,EST,EURO,11,0,0,0,0,0
Finland,2024-01-31,FIN,EURO,42,0,0,-1,0,0
France,2024-01-31,FRA,EURO,4179,0,0,8,0,0
Georgia,2024-01-31,GEO,EURO,2,0,0,0,0,0
Germany,2024-01-31,DEU,EURO,3807,0,0,7,0,0
Gibraltar,2024-01-31,GIB,EURO,6,0,0,0,0,0
Greece,2024-01-31,GRC,EURO,91,0,0,2,0,0
Greenland,2024-01-31,GRL,EURO,2,0,0,0,0,0
Hungary,2024-01-31,HUN,EURO,83,0,0,1,0,0
Iceland,2024-01-31,ISL,EURO,17,0,0,0,0,0
India,2024-01-31,IND,SEARO,27,0,1,0,0,0
Indonesia,2024-01-31,IDN,SEARO,80,0,0,7,0,0
Ireland,2024-01-31,IRL,EURO,244,0,0,0,0,0
Israel,2024-01-31,ISR,EURO,275,0,0,0,0,0
Italy,2024-01-31,ITA,EURO,1015,0,0,26,0,0
Latvia,2024-01-31,LVA,EURO,6,0,0,0,0,0
Lithuania,2024-01-31,LTU,EURO,5,0,0,0,0,0
Luxembourg,2024-01-31,LUX,EURO,60,0,0,0,0,0
Malta,2024-01-31,MLT,EURO,35,0,0,0,0,0
Monaco,2024-01-31,MCO,EURO,3,0,0,0,0,0
Montenegro,2024-01-31,MNE,EURO,2,0,0,0,0,0
Nepal,2024-01-31,NPL,SEARO,1,0,0,0,0,0
Netherlands,2024-01-31,NLD,EURO,1292,0,0,5,0,0
Norway,2024-01-31,NOR,EURO,105,0,0,1,0,0
Poland,2024-01-31,POL,EURO,220,0,0,3,0,0
Portugal,2024-01-31,PRT,EURO,1186,0,2,24,0,1
Republic of Moldova,2024-01-31,MDA,EURO,2,0,0,0,0,0
Romania,2024-01-31,ROU,EURO,47,0,0,0,0,0
Russian Federation,2024-01-31,RUS,EURO,4,0,0,2,0,0
San Marino,2024-01-31,SMR,EURO,1,0,0,0,0,0
Saudi Arabia,2024-01-31,SAU,EMRO,685,0,0,16,0,0
Serbia,2024-01-31,SRB,EURO,40,0,0,0,0,0
Slovakia,2024-01-31,SVK,EURO,16,0,0,2,0,0
Slovenia,2024-01-31,SVN,EURO,47,0,0,0,0,0
Spain,2024-01-31,ESP,EURO,7786,0,3,34,0,0
Sri Lanka,2024-01-31,LKA,SEARO,4,0,0,0,0,0
Sweden,2024-01-31,SWE,EURO,270,0,0,3,0,0
Switzerland,2024-01-31,CHE,EURO,572,0,0,9,0,0
Thailand,2024-01-31,THA,SEARO,721,0,1,36,0,0
The United Kingdom,2024-01-31,GBR,EURO,3882,0,0,7,0,0
Türkiye,2024-01-31,TUR,EURO,12,0,0,0,0,0
Ukraine,2024-01-31,UKR,EURO,5,0,0,0,0,0
Cambodia,2024-02-02,KHM,WPRO,4,0,0,1,0,0
China,2024-02-02,CHN,WPRO,2228,0,0,1,0,0
Japan,2024-02-02,JPN,WPRO,237,0,1,3,0,0
Benin,2024-02-04,BEN,AFRO,3,0,0,0,0,0
Cameroon,2024-02-04,CMR,AFRO,46,0,4,0,0,0
Central African Republic,2024-02-04,CAF,AFRO,51,0,1,0,0,0
Congo,2024-02-04,COG,AFRO,30,0,2,0,0,0
Democratic Republic of the Congo,2024-02-04,COD,AFRO,574,0,3,45,0,0
Ghana,2024-02-04,GHA,AFRO,128,0,4,0,0,0
Liberia,2024-02-04,LBR,AFRO,18,0,0,0,0,0
Nigeria,2024-02-04,NGA,AFRO,862,0,9,0,0,0
South Africa,2024-02-04,ZAF,AFRO,5,0,0,0,0,0
Argentina,2024-02-05,ARG,AMRO,1150,0,2,0,0,0
Aruba,2024-02-05,ABW,AMRO,3,0,0,0,0,0
Bahamas,2024-02-05,BHS,AMRO,4,0,0,0,0,0
Barbados,2024-02-05,BRB,AMRO,1,0,0,0,0,0
Bermuda,2024-02-05,BMU,AMRO,1,0,0,0,0,0
Bolivia (Plurinational State of),2024-02-05,BOL,AMRO,266,0,0,1,0,0
Brazil,2024-02-05,BRA,AMRO,11911,0,16,27,0,0
Canada,2024-02-05,CAN,AMRO,1567,0,0,7,0,0
Chile,2024-02-05,CHL,AMRO,1456,0,3,1,0,0
Colombia,2024-02-05,COL,AMRO,4189,0,0,1,0,0
Costa Rica,2024-02-05,CRI,AMRO,225,0,1,0,0,0
Cuba,2024-02-05,CUB,AMRO,8,0,1,0,0,0
Curaçao,2024-02-05,CUW,AMRO,3,0,0,0,0,0
Dominican Republic,2024-02-05,DOM,AMRO,75,0,1,0,0,0
Ecuador,2024-02-05,ECU,AMRO,598,0,2,1,0,0
El Salvador,2024-02-05,SLV,AMRO,106,0,0,0,0,0
Guadeloupe,2024-02-05,GLP,AMRO,1,0,0,0,0,0
Guatemala,2024-02-05,GTM,AMRO,405,0,1,0,0,0
Guyana,2024-02-05,GUY,AMRO,2,0,0,0,0,0
Honduras,2024-02-05,HND,AMRO,44,0,0,0,0,0
Jamaica,2024-02-05,JAM,AMRO,21,0,0,0,0,0
Japan,2024-02-05,JPN,WPRO,240,0,1,3,0,0
Martinique,2024-02-05,MTQ,AMRO,7,0,0,0,0,0
Mexico,2024-02-05,MEX,AMRO,4082,0,34,0,0,0
Panama,2024-02-05,PAN,AMRO,239,0,1,1,0,0
Paraguay,2024-02-05,PRY,AMRO,126,0,0,0,0,0
Peru,2024-02-05,PER,AMRO,3878,0,25,1,0,0
Saint Martin,2024-02-05,MAF,AMRO,1,0,0,0,0,0
Trinidad and Tobago,2024-02-05,TTO,AMRO,4,0,0,0,0,0
United States of America,2024-02-05,USA,AMRO,32190,0,61,61,0,0
Uruguay,2024-02-05,URY,AMRO,19,0,0,0,0,0
Venezuela (Bolivarian Republic of),2024-02-05,VEN,AMRO,12,0,0,0,0,0
Mozambique,2024-02-06,MOZ,AFRO,1,0,1,0,0,0
Viet Nam,2024-02-09,VNM,WPRO,147,0,6,5,0,0
Benin,2024-02-11,BEN,AFRO,3,0,0,0,0,0
Cameroon,2024-02-11,CMR,AFRO,46,0,4,0,0,0
Central African Republic,2024-02-11,CAF,AFRO,54,0,1,3,0,0
Congo,2024-02-11,COG,AFRO,30,0,2,0,0,0
Democratic Republic of the Congo,2024-02-11,COD,AFRO,646,0,3,72,0,0
Ghana,2024-02-11,GHA,AFRO,128,0,4,0,0,0
Liberia,2024-02-11,LBR,AFRO,18,0,0,0,0,0
Nigeria,2024-02-11,NGA,AFRO,864,0,9,2,0,0
South Africa,2024-02-11,ZAF,AFRO,5,0,0,0,0,0
Argentina,2024-02-12,ARG,AMRO,1150,0,2,0,0,0
Aruba,2024-02-12,ABW,AMRO,3,0,0,0,0,0
Bahamas,2024-02-12,BHS,AMRO,4,0,0,0,0,0
Barbados,2024-02-12,BRB,AMRO,1,0,0,0,0,0
Bermuda,2024-02-12,BMU,AMRO,1,0,0,0,0,0
Bolivia (Plurinational State of),2024-02-12,BOL,AMRO,266,0,0,0,0,0
Brazil,2024-02-12,BRA,AMRO,11946,0,16,35,0,0
Canada,2024-02-12,CAN,AMRO,1575,0,0,8,0,0
Chile,2024-02-12,CHL,AMRO,1456,0,3,0,0,0
Colombia,2024-02-12,COL,AMRO,4190,0,0,1,0,0
Costa Rica,2024-02-12,CRI,AMRO,225,0,1,0,0,0
Cuba,2024-02-12,CUB,AMRO,8,0,1,0,0,0
Curaçao,2024-02-12,CUW,AMRO,3,0,0,0,0,0
Dominican Republic,2024-02-12,DOM,AMRO,75,0,1,0,0,0
Ecuador,2024-02-12,ECU,AMRO,598,0,2,0,0,0
El Salvador,2024-02-12,SLV,AMRO,106,0,0,0,0,0
Guadeloupe,2024-02-12,GLP,AMRO,1,0,0,0,0,0
Guatemala,2024-02-12,GTM,AMRO,405,0,1,0,0,0
Guyana,2024-02-12,GUY,AMRO,2,0,0,0,0,0
Honduras,2024-02-12,HND,AMRO,44,0,0,0,0,0
Jamaica,2024-02-12,JAM,AMRO,21,0,0,0,0,0
Martinique,2024-02-12,MTQ,AMRO,7,0,0,0,0,0
Mexico,2024-02-12,MEX,AMRO,4084,0,34,2,0,0
Panama,2024-02-12,PAN,AMRO,239,0,1,0,0,0
Paraguay,2024-02-12,PRY,AMRO,126,0,0,0,0,0
Peru,2024-02-12,PER,AMRO,3880,0,25,2,0,0
Saint Martin,2024-02-12,MAF,AMRO,1,0,0,0,0,0
Trinidad and Tobago,2024-02-12,TTO,AMRO,4,0,0,0,0,0
United States of America,2024-02-12,USA,AMRO,32246,0,61,56,0,0
Uruguay,2024-02-12,URY,AMRO,19,0,0,0,0,0
Venezuela (Bolivarian Republic of),2024-02-12,VEN,AMRO,12,0,0,0,0,0
China,2024-02-15,CHN,WPRO,2229,0,0,1,0,0
Singapore,2024-02-16,SGP,WPRO,52,0,0,1,0,0
Benin,2024-02-18,BEN,AFRO,3,0,0,0,0,0
Cameroon,2024-02-18,CMR,AFRO,46,0,4,0,0,0
Central African Republic,2024-02-18,CAF,AFRO,58,0,1,4,0,0
Congo,2024-02-18,COG,AFRO,35,0,2,5,0,0
Democratic Republic of the Congo,2024-02-18,COD,AFRO,699,0,3,53,0,0
Ghana,2024-02-18,GHA,AFRO,128,0,4,0,0,0
Liberia,2024-02-18,LBR,AFRO,19,0,0,1,0,0
Mozambique,2024-02-18,MOZ,AFRO,1,0,1,0,0,0
Nigeria,2024-02-18,NGA,AFRO,866,0,9,2,0,0
South Africa,2024-02-18,ZAF,AFRO,5,0,0,0,0,0
Argentina,2024-02-19,ARG,AMRO,1150,0,2,0,0,0
Aruba,2024-02-19,ABW,AMRO,3,0,0,0,0,0
Bahamas,2024-02-19,BHS,AMRO,4,0,0,0,0,0
Barbados,2024-02-19,BRB,AMRO,1,0,0,0,0,0
Bermuda,2024-02-19,BMU,AMRO,1,0,0,0,0,0
Bolivia (Plurinational State of),2024-02-19,BOL,AMRO,266,0,0,0,0,0
Brazil,2024-02-19,BRA,AMRO,11983,0,16,37,0,0
Canada,2024-02-19,CAN,AMRO,1583,0,0,8,0,0
Chile,2024-02-19,CHL,AMRO,1457,0,3,1,0,0
Colombia,2024-02-19,COL,AMRO,4194,0,0,4,0,0
Costa Rica,2024-02-19,CRI,AMRO,225,0,1,0,0,0
Cuba,2024-02-19,CUB,AMRO,8,0,1,0,0,0
Curaçao,2024-02-19,CUW,AMRO,3,0,0,0,0,0
Dominican Republic,2024-02-19,DOM,AMRO,77,0,1,2,0,0
Ecuador,2024-02-19,ECU,AMRO,598,0,2,0,0,0
El Salvador,2024-02-19,SLV,AMRO,106,0,0,0,0,0
Guadeloupe,2024-02-19,GLP,AMRO,1,0,0,0,0,0
Guatemala,2024-02-19,GTM,AMRO,405,0,1,0,0,0
Guyana,2024-02-19,GUY,AMRO,2,0,0,0,0,0
Honduras,2024-02-19,HND,AMRO,44,0,0,0,0,0
Jamaica,2024-02-19,JAM,AMRO,21,0,0,0,0,0
Martinique,2024-02-19,MTQ,AMRO,7,0,0,0,0,0
Mexico,2024-02-19,MEX,AMRO,4085,0,34,1,0,0
Panama,2024-02-19,PAN,AMRO,239,0,1,0,0,0
Paraguay,2024-02-19,PRY,AMRO,126,0,0,0,0,0
Peru,2024-02-19,PER,AMRO,3882,0,25,2,0,0
Saint Martin,2024-02-19,MAF,AMRO,1,0,0,0,0,0
Trinidad and Tobago,2024-02-19,TTO,AMRO,4,0,0,0,0,0
United States of America,2024-02-19,USA,AMRO,32302,0,61,56,0,0
Uruguay,2024-02-19,URY,AMRO,19,0,0,0,0,0
Venezuela (Bolivarian Republic of),2024-02-19,VEN,AMRO,12,0,0,0,0,0
Cambodia,2024-02-23,KHM,WPRO,13,0,0,9,0,0
China,2024-02-23,CHN,WPRO,2230,0,0,1,0,0
Benin,2024-02-25,BEN,AFRO,3,0,0,0,0,0
Cameroon,2024-02-25,CMR,AFRO,46,0,4,0,0,0
Central African Republic,2024-02-25,CAF,AFRO,58,0,1,0,0,0
Congo,2024-02-25,COG,AFRO,37,0,2,2,0,0
Democratic Republic of the Congo,2024-02-25,COD,AFRO,751,0,3,52,0,0
Ghana,2024-02-25,GHA,AFRO,128,0,4,0,0,0
Liberia,2024-02-25,LBR,AFRO,19,0,0,0,0,0
Mozambique,2024-02-25,MOZ,AFRO,1,0,1,0,0,0
Nigeria,2024-02-25,NGA,AFRO,866,0,9,0,0,0
South Africa,2024-02-25,ZAF,AFRO,5,0,0,0,0,0
Argentina,2024-02-26,ARG,AMRO,1150,0,2,0,0,0
Aruba,2024-02-26,ABW,AMRO,3,0,0,0,0,0
Bahamas,2024-02-26,BHS,AMRO,4,0,0,0,0,0
Barbados,2024-02-26,BRB,AMRO,1,0,0,0,0,0
Bermuda,2024-02-26,BMU,AMRO,1,0,0,0,0,0
Bolivia (Plurinational State of),2024-02-26,BOL,AMRO,266,0,0,0,0,0
Brazil,2024-02-26,BRA,AMRO,12009,0,16,26,0,0
Canada,2024-02-26,CAN,AMRO,1584,0,0,1,0,0
Chile,2024-02-26,CHL,AMRO,1458,0,3,1,0,0
Colombia,2024-02-26,COL,AMRO,4203,0,0,9,0,0
Costa Rica,2024-02-26,CRI,AMRO,225,0,1,0,0,0
Cuba,2024-02-26,CUB,AMRO,8,0,1,0,0,0
Curaçao,2024-02-26,CUW,AMRO,3,0,0,0,0,0
Dominican Republic,2024-02-26,DOM,AMRO,79,0,1,2,0,0
Ecuador,2024-02-26,ECU,AMRO,598,0,2,0,0,0
El Salvador,2024-02-26,SLV,AMRO,106,0,0,0,0,0
Guadeloupe,2024-02-26,GLP,AMRO,1,0,0,0,0,0
Guatemala,2024-02-26,GTM,AMRO,405,0,1,0,0,0
Guyana,2024-02-26,GUY,AMRO,2,0,0,0,0,0
Honduras,2024-02-26,HND,AMRO,44,0,0,0,0,0
Jamaica,2024-02-26,JAM,AMRO,21,0,0,0,0,0
Martinique,2024-02-26,MTQ,AMRO,7,0,0,0,0,0
Mexico,2024-02-26,MEX,AMRO,4085,0,34,0,0,0
Panama,2024-02-26,PAN,AMRO,239,0,1,0,0,0
Paraguay,2024-02-26,PRY,AMRO,126,0,0,0,0,0
Peru,2024-02-26,PER,AMRO,3887,0,25,5,0,0
Saint Martin,2024-02-26,MAF,AMRO,1,0,0,0,0,0
Trinidad and Tobago,2024-02-26,TTO,AMRO,4,0,0,0,0,0
United States of America,2024-02-26,USA,AMRO,32369,0,61,67,0,0
Uruguay,2024-02-26,URY,AMRO,19,0,0,0,0,0
Venezuela (Bolivarian Republic of),2024-02-26,VEN,AMRO,12,0,0,0,0,0
Saudi Arabia,2024-02-28,SAU,EMRO,700,0,0,15,0,0
Andorra,2024-02-29,AND,EURO,4,0,0,0,0,0
Austria,2024-02-29,AUT,EURO,345,0,1,4,0,1
Belgium,2024-02-29,BEL,EURO,805,0,2,2,0,0
Bosnia and Herzegovina,2024-02-29,BIH,EURO,9,0,0,0,0,0
Bulgaria,2024-02-29,BGR,EURO,6,0,0,0,0,0
China,2024-02-29,CHN,WPRO,2300,0,0,70,0,0
Croatia,2024-02-29,HRV,EURO,33,0,0,0,0,0
Cyprus,2024-02-29,CYP,EURO,5,0,0,0,0,0
Czechia,2024-02-29,CZE,EURO,78,0,1,6,0,0
Denmark,2024-02-29,DNK,EURO,198,0,0,0,0,0
Estonia,2024-02-29,EST,EURO,11,0,0,0,0,0
Finland,2024-02-29,FIN,EURO,43,0,0,1,0,0
France,2024-02-29,FRA,EURO,4195,0,0,16,0,0
Georgia,2024-02-29,GEO,EURO,2,0,0,0,0,0
Germany,2024-02-29,DEU,EURO,3816,0,0,9,0,0
Gibraltar,2024-02-29,GIB,EURO,6,0,0,0,0,0
Greece,2024-02-29,GRC,EURO,91,0,0,0,0,0
Greenland,2024-02-29,GRL,EURO,2,0,0,0,0,0
Hungary,2024-02-29,HUN,EURO,83,0,0,0,0,0
Iceland,2024-02-29,ISL,EURO,17,0,0,0,0,0
India,2024-02-29,IND,SEARO,27,0,1,0,0,0
Indonesia,2024-02-29,IDN,SEARO,84,0,0,4,0,0
Ireland,2024-02-29,IRL,EURO,245,0,0,1,0,0
Israel,2024-02-29,ISR,EURO,293,0,0,18,0,0
Italy,2024-02-29,ITA,EURO,1028,0,0,13,0,0
Latvia,2024-02-29,LVA,EURO,6,0,0,0,0,0
Lithuania,2024-02-29,LTU,EURO,5,0,0,0,0,0
Luxembourg,2024-02-29,LUX,EURO,61,0,0,1,0,0
Malta,2024-02-29,MLT,EURO,35,0,0,0,0,0
Monaco,2024-02-29,MCO,EURO,3,0,0,0,0,0
Montenegro,2024-02-29,MNE,EURO,2,0,0,0,0,0
Nepal,2024-02-29,NPL,SEARO,1,0,0,0,0,0
Netherlands,2024-02-29,NLD,EURO,1299,0,0,7,0,0
Norway,2024-02-29,NOR,EURO,105,0,0,0,0,0
Poland,2024-02-29,POL,EURO,220,0,0,0,0,0
Portugal,2024-02-29,PRT,EURO,1190,0,2,4,0,0
Republic of Moldova,2024-02-29,MDA,EURO,2,0,0,0,0,0
Romania,2024-02-29,ROU,EURO,47,0,0,0,0,0
Russian Federation,2024-02-29,RUS,EURO,4,0,0,0,0,0
San Marino,2024-02-29,SMR,EURO,1,0,0,0,0,0
Serbia,2024-02-29,SRB,EURO,40,0,0,0,0,0
Slovakia,2024-02-29,SVK,EURO,16,0,0,0,0,0
Slovenia,2024-02-29,SVN,EURO,47,0,0,0,0,0
Spain,2024-02-29,ESP,EURO,7898,0,3,112,0,0
Sri Lanka,2024-02-29,LKA,SEARO,4,0,0,0,0,0
Sweden,2024-02-29,SWE,EURO,272,0,0,2,0,0
Switzerland,2024-02-29,CHE,EURO,579,0,0,7,0,0
Thailand,2024-02-29,THA,SEARO,743,0,1,22,0,0
The United Kingdom,2024-02-29,GBR,EURO,3892,0,0,10,0,0
Türkiye,2024-02-29,TUR,EURO,12,0,0,0,0,0
Ukraine,2024-02-29,UKR,EURO,5,0,0,0,0,0
China,2024-03-01,CHN,WPRO,2303,0,0,3,0,0
Japan,2024-03-01,JPN,WPRO,241,0,1,1,0,0
United Arab Emirates,2024-03-02,ARE,EMRO,27,0,0,1,0,0
Benin,2024-03-03,BEN,AFRO,3,0,0,0,0,0
Cameroon,2024-03-03,CMR,AFRO,46,0,4,0,0,0
Central African Republic,2024-03-03,CAF,AFRO,58,0,1,0,0,0
Congo,2024-03-03,COG,AFRO,37,0,2,0,0,0
Democratic Republic of the Congo,2024-03-03,COD,AFRO,821,0,4,70,0,1
Ghana,2024-03-03,GHA,AFRO,128,0,4,0,0,0
Liberia,2024-03-03,LBR,AFRO,19,0,0,0,0,0
Mozambique,2024-03-03,MOZ,AFRO,1,0,1,0,0,0
Nigeria,2024-03-03,NGA,AFRO,866,0,9,0,0,0
South Africa,2024-03-03,ZAF,AFRO,5,0,0,0,0,0
Argentina,2024-03-04,ARG,AMRO,1150,0,2,0,0,0
Aruba,2024-03-04,ABW,AMRO,3,0,0,0,0,0
Bahamas,2024-03-04,BHS,AMRO,4,0,0,0,0,0
Barbados,2024-03-04,BRB,AMRO,1,0,0,0,0,0
Bermuda,2024-03-04,BMU,AMRO,1,0,0,0,0,0
Bolivia (Plurinational State of),2024-03-04,BOL,AMRO,266,0,0,0,0,0
Brazil,2024-03-04,BRA,AMRO,12029,0,16,20,0,0
Canada,2024-03-04,CAN,AMRO,1590,0,0,6,0,0
Chile,2024-03-04,CHL,AMRO,1460,0,3,2,0,0
Colombia,2024-03-04,COL,AMRO,4206,0,0,3,0,0
Costa Rica,2024-03-04,CRI,AMRO,226,0,1,1,0,0
Cuba,2024-03-04,CUB,AMRO,8,0,1,0,0,0
Curaçao,2024-03-04,CUW,AMRO,3,0,0,0,0,0
Dominican Republic,2024-03-04,DOM,AMRO,79,0,1,0,0,0
Ecuador,2024-03-04,ECU,AMRO,598,0,2,0,0,0
El Salvador,2024-03-04,SLV,AMRO,106,0,0,0,0,0
Guadeloupe,2024-03-04,GLP,AMRO,1,0,0,0,0,0
Guatemala,2024-03-04,GTM,AMRO,405,0,1,0,0,0
Guyana,2024-03-04,GUY,AMRO,2,0,0,0,0,0
Honduras,2024-03-04,HND,AMRO,44,0,0,0,0,0
Jamaica,2024-03-04,JAM,AMRO,21,0,0,0,0,0
Martinique,2024-03-04,MTQ,AMRO,7,0,0,0,0,0
Mexico,2024-03-04,MEX,AMRO,4085,0,34,0,0,0
Panama,2024-03-04,PAN,AMRO,239,0,1,0,0,0
Paraguay,2024-03-04,PRY,AMRO,126,0,0,0,0,0
Peru,2024-03-04,PER,AMRO,3889,0,25,2,0,0
Saint Martin,2024-03-04,MAF,AMRO,1,0,0,0,0,0
Trinidad and Tobago,2024-03-04,TTO,AMRO,4,0,0,0,0,0
United States of America,2024-03-04,USA,AMRO,32435,0,61,66,0,0
Uruguay,2024-03-04,URY,AMRO,19,0,0,0,0,0
Venezuela (Bolivarian Republic of),2024-03-04,VEN,AMRO,12,0,0,0,0,0
Viet Nam,2024-03-06,VNM,WPRO,157,0,7,10,0,1
Japan,2024-03-08,JPN,WPRO,242,0,1,1,0,0
Singapore,2024-03-08,SGP,WPRO,54,0,0,2,0,0
Benin,2024-03-10,BEN,AFRO,3,0,0,0,0,0
Cameroon,2024-03-10,CMR,AFRO,46,0,4,0,0,0
Central African Republic,2024-03-10,CAF,AFRO,58,0,1,0,0,0
Congo,2024-03-10,COG,AFRO,45,0,2,8,0,0
Democratic Republic of the Congo,2024-03-10,COD,AFRO,875,0,4,54,0,0
Ghana,2024-03-10,GHA,AFRO,128,0,4,0,0,0
Liberia,2024-03-10,LBR,AFRO,19,0,0,0,0,0
Nigeria,2024-03-10,NGA,AFRO,870,0,9,4,0,0
South Africa,2024-03-10,ZAF,AFRO,5,0,0,0,0,0
Argentina,2024-03-11,ARG,AMRO,1150,0,2,0,0,0
Aruba,2024-03-11,ABW,AMRO,3,0,0,0,0,0
Bahamas,2024-03-11,BHS,AMRO,4,0,0,0,0,0
Barbados,2024-03-11,BRB,AMRO,1,0,0,0,0,0
Bermuda,2024-03-11,BMU,AMRO,1,0,0,0,0,0
Bolivia (Plurinational State of),2024-03-11,BOL,AMRO,266,0,0,0,0,0
Brazil,2024-03-11,BRA,AMRO,12054,0,16,25,0,0
Canada,2024-03-11,CAN,AMRO,1590,0,0,0,0,0
Chile,2024-03-11,CHL,AMRO,1460,0,3,0,0,0
Colombia,2024-03-11,COL,AMRO,4210,0,0,4,0,0
Costa Rica,2024-03-11,CRI,AMRO,226,0,1,0,0,0
Cuba,2024-03-11,CUB,AMRO,8,0,1,0,0,0
Curaçao,2024-03-11,CUW,AMRO,3,0,0,0,0,0
Dominican Republic,2024-03-11,DOM,AMRO,80,0,1,1,0,0
Ecuador,2024-03-11,ECU,AMRO,599,0,2,1,0,0
El Salvador,2024-03-11,SLV,AMRO,106,0,0,0,0,0
Guadeloupe,2024-03-11,GLP,AMRO,1,0,0,0,0,0
Guatemala,2024-03-11,GTM,AMRO,405,0,1,0,0,0
Guyana,2024-03-11,GUY,AMRO,2,0,0,0,0,0
Honduras,2024-03-11,HND,AMRO,44,0,0,0,0,0
Jamaica,2024-03-11,JAM,AMRO,21,0,0,0,0,0
Martinique,2024-03-11,MTQ,AMRO,7,0,0,0,0,0
Mexico,2024-03-11,MEX,AMRO,4085,0,34,0,0,0
Mozambique,2024-03-11,MOZ,AFRO,1,0,1,0,0,0
Panama,2024-03-11,PAN,AMRO,239,0,1,0,0,0
Paraguay,2024-03-11,PRY,AMRO,126,0,0,0,0,0
Peru,2024-03-11,PER,AMRO,3891,0,25,2,0,0
Saint Martin,2024-03-11,MAF,AMRO,1,0,0,0,0,0
Trinidad and Tobago,2024-03-11,TTO,AMRO,4,0,0,0,0,0
United States of America,2024-03-11,USA,AMRO,32512,0,61,77,0,0
Uruguay,2024-03-11,URY,AMRO,19,0,0,0,0,0
Venezuela (Bolivarian Republic of),2024-03-11,VEN,AMRO,12,0,0,0,0,0
Lebanon,2024-03-14,LBN,EMRO,28,0,0,1,0,0
Morocco,2024-03-15,MAR,EMRO,5,0,0,1,0,0
Singapore,2024-03-15,SGP,WPRO,56,0,0,2,0,0
Benin,2024-03-17,BEN,AFRO,3,0,0,0,0,0
Cameroon,2024-03-17,CMR,AFRO,46,0,4,0,0,0
Central African Republic,2024-03-17,CAF,AFRO,62,0,1,4,0,0
Congo,2024-03-17,COG,AFRO,45,0,2,0,0,0
Democratic Republic of the Congo,2024-03-17,COD,AFRO,920,0,4,45,0,0
Ghana,2024-03-17,GHA,AFRO,128,0,4,0,0,0
Liberia,2024-03-17,LBR,AFRO,21,0,0,2,0,0
Mozambique,2024-03-17,MOZ,AFRO,1,0,1,0,0,0
Nigeria,2024-03-17,NGA,AFRO,872,0,9,2,0,0
South Africa,2024-03-17,ZAF,AFRO,5,0,0,0,0,0
Argentina,2024-03-18,ARG,AMRO,1150,0,2,0,0,0
Aruba,2024-03-18,ABW,AMRO,3,0,0,0,0,0
Bahamas,2024-03-18,BHS,AMRO,4,0,0,0,0,0
Barbados,2024-03-18,BRB,AMRO,1,0,0,0,0,0
Bermuda,2024-03-18,BMU,AMRO,1,0,0,0,0,0
Bolivia (Plurinational State of),2024-03-18,BOL,AMRO,266,0,0,0,0,0
Brazil,2024-03-18,BRA,AMRO,12078,0,16,24,0,0
Canada,2024-03-18,CAN,AMRO,1592,0,0,2,0,0
Chile,2024-03-18,CHL,AMRO,1460,0,3,0,0,0
Colombia,2024-03-18,COL,AMRO,4214,0,0,4,0,0
Costa Rica,2024-03-18,CRI,AMRO,226,0,1,0,0,0
Cuba,2024-03-18,CUB,AMRO,8,0,1,0,0,0
Curaçao,2024-03-18,CUW,AMRO,3,0,0,0,0,0
Dominican Republic,2024-03-18,DOM,AMRO,81,0,1,1,0,0
Ecuador,2024-03-18,ECU,AMRO,599,0,2,0,0,0
El Salvador,2024-03-18,SLV,AMRO,106,0,0,0,0,0
Guadeloupe,2024-03-18,GLP,AMRO,1,0,0,0,0,0
Guatemala,2024-03-18,GTM,AMRO,405,0,1,0,0,0
Guyana,2024-03-18,GUY,AMRO,2,0,0,0,0,0
Honduras,2024-03-18,HND,AMRO,44,0,0,0,0,0
Jamaica,2024-03-18,JAM,AMRO,21,0,0,0,0,0
Martinique,2024-03-18,MTQ,AMRO,7,0,0,0,0,0
Mexico,2024-03-18,MEX,AMRO,4085,0,34,0,0,0
Panama,2024-03-18,PAN,AMRO,239,0,1,0,0,0
Paraguay,2024-03-18,PRY,AMRO,126,0,0,0,0,0
Peru,2024-03-18,PER,AMRO,3896,0,25,5,0,0
Saint Martin,2024-03-18,MAF,AMRO,1,0,0,0,0,0
Trinidad and Tobago,2024-03-18,TTO,AMRO,4,0,0,0,0,0
United States of America,2024-03-18,USA,AMRO,32565,0,61,53,0,0
Uruguay,2024-03-18,URY,AMRO,19,0,0,0,0,0
Venezuela (Bolivarian Republic of),2024-03-18,VEN,AMRO,12,0,0,0,0,0
Singapore,2024-03-22,SGP,WPRO,57,0,0,1,0,0
Benin,2024-03-24,BEN,AFRO,3,0,0,0,0,0
Cameroon,2024-03-24,CMR,AFRO,46,0,4,0,0,0
Central African Republic,2024-03-24,CAF,AFRO,64,0,1,2,0,0
Congo,2024-03-24,COG,AFRO,45,0,2,0,0,0
Democratic Republic of the Congo,2024-03-24,COD,AFRO,986,0,4,66,0,0
Ghana,2024-03-24,GHA,AFRO,128,0,4,0,0,0
Liberia,2024-03-24,LBR,AFRO,21,0,0,0,0,0
Mozambique,2024-03-24,MOZ,AFRO,1,0,1,0,0,0
Nigeria,2024-03-24,NGA,AFRO,872,0,9,0,0,0
South Africa,2024-03-24,ZAF,AFRO,5,0,0,0,0,0
Argentina,2024-03-25,ARG,AMRO,1150,0,2,0,0,0
Aruba,2024-03-25,ABW,AMRO,3,0,0,0,0,0
Bahamas,2024-03-25,BHS,AMRO,4,0,0,0,0,0
Barbados,2024-03-25,BRB,AMRO,1,0,0,0,0,0
Bermuda,2024-03-25,BMU,AMRO,1,0,0,0,0,0
Bolivia (Plurinational State of),2024-03-25,BOL,AMRO,266,0,0,0,0,0
Brazil,2024-03-25,BRA,AMRO,12099,0,16,21,0,0
Canada,2024-03-25,CAN,AMRO,1596,0,0,4,0,0
Chile,2024-03-25,CHL,AMRO,1460,0,3,0,0,0
Colombia,2024-03-25,COL,AMRO,4216,0,0,2,0,0
Costa Rica,2024-03-25,CRI,AMRO,226,0,1,0,0,0
Cuba,2024-03-25,CUB,AMRO,8,0,1,0,0,0
Curaçao,2024-03-25,CUW,AMRO,3,0,0,0,0,0
Dominican Republic,2024-03-25,DOM,AMRO,81,0,1,0,0,0
Ecuador,2024-03-25,ECU,AMRO,599,0,2,0,0,0
El Salvador,2024-03-25,SLV,AMRO,106,0,0,0,0,0
Guadeloupe,2024-03-25,GLP,AMRO,1,0,0,0,0,0
Guatemala,2024-03-25,GTM,AMRO,405,0,1,0,0,0
Guyana,2024-03-25,GUY,AMRO,2,0,0,0,0,0
Honduras,2024-03-25,HND,AMRO,44,0,0,0,0,0
Jamaica,2024-03-25,JAM,AMRO,21,0,0,0,0,0
Martinique,2024-03-25,MTQ,AMRO,7,0,0,0,0,0
Mexico,2024-03-25,MEX,AMRO,4085,0,34,0,0,0
Panama,2024-03-25,PAN,AMRO,239,0,1,0,0,0
Paraguay,2024-03-25,PRY,AMRO,126,0,0,0,0,0
Peru,2024-03-25,PER,AMRO,3901,0,26,5,0,1
Saint Martin,2024-03-25,MAF,AMRO,1,0,0,0,0,0
Trinidad and Tobago,2024-03-25,TTO,AMRO,4,0,0,0,0,0
United States of America,2024-03-25,USA,AMRO,32625,0,61,60,0,0
Uruguay,2024-03-25,URY,AMRO,19,0,0,0,0,0
Venezuela (Bolivarian Republic of),2024-03-25,VEN,AMRO,12,0,0,0,0,0
Viet Nam,2024-03-26,VNM,WPRO,169,0,8,12,0,1
Andorra,2024-03-31,AND,EURO,4,0,0,0,0,0
Austria,2024-03-31,AUT,EURO,345,0,1,0,0,0
Belgium,2024-03-31,BEL,EURO,806,0,2,1,0,0
Benin,2024-03-31,BEN,AFRO,3,0,0,0,0,0
Bosnia and Herzegovina,2024-03-31,BIH,EURO,9,0,0,0,0,0
Bulgaria,2024-03-31,BGR,EURO,6,0,0,0,0,0
Cameroon,2024-03-31,CMR,AFRO,46,0,4,0,0,0
Central African Republic,2024-03-31,CAF,AFRO,65,0,1,1,0,0
China,2024-03-31,CHN,WPRO,2354,0,0,51,0,0
Congo,2024-03-31,COG,AFRO,45,0,2,0,0,0
Croatia,2024-03-31,HRV,EURO,33,0,0,0,0,0
Cyprus,2024-03-31,CYP,EURO,5,0,0,0,0,0
Czechia,2024-03-31,CZE,EURO,78,0,1,0,0,0
Democratic Republic of the Congo,2024-03-31,COD,AFRO,1034,0,4,48,0,0
Denmark,2024-03-31,DNK,EURO,198,0,0,0,0,0
Estonia,2024-03-31,EST,EURO,11,0,0,0,0,0
Finland,2024-03-31,FIN,EURO,43,0,0,0,0,0
France,2024-03-31,FRA,EURO,4206,0,0,11,0,0
Georgia,2024-03-31,GEO,EURO,2,0,0,0,0,0
Germany,2024-03-31,DEU,EURO,3830,0,0,14,0,0
Ghana,2024-03-31,GHA,AFRO,128,0,4,0,0,0
Gibraltar,2024-03-31,GIB,EURO,6,0,0,0,0,0
Greece,2024-03-31,GRC,EURO,92,0,0,1,0,0
Greenland,2024-03-31,GRL,EURO,2,0,0,0,0,0
Hungary,2024-03-31,HUN,EURO,83,0,0,0,0,0
Iceland,2024-03-31,ISL,EURO,17,0,0,0,0,0
India,2024-03-31,IND,SEARO,27,0,1,0,0,0
Indonesia,2024-03-31,IDN,SEARO,84,0,0,0,0,0
Ireland,2024-03-31,IRL,EURO,245,0,0,0,0,0
Israel,2024-03-31,ISR,EURO,293,0,0,0,0,0
Italy,2024-03-31,ITA,EURO,1042,0,0,14,0,0
Latvia,2024-03-31,LVA,EURO,6,0,0,0,0,0
Liberia,2024-03-31,LBR,AFRO,21,0,0,0,0,0
Lithuania,2024-03-31,LTU,EURO,5,0,0,0,0,0
Luxembourg,2024-03-31,LUX,EURO,61,0,0,0,0,0
Malta,2024-03-31,MLT,EURO,35,0,0,0,0,0
Monaco,2024-03-31,MCO,EURO,3,0,0,0,0,0
Montenegro,2024-03-31,MNE,EURO,2,0,0,0,0,0
Mozambique,2024-03-31,MOZ,AFRO,1,0,1,0,0,0
Nepal,2024-03-31,NPL,SEARO,1,0,0,0,0,0
Netherlands,2024-03-31,NLD,EURO,1299,0,0,0,0,0
Nigeria,2024-03-31,NGA,AFRO,878,0,9,6,0,0
Norway,2024-03-31,NOR,EURO,105,0,0,0,0,0
Poland,2024-03-31,POL,EURO,221,0,0,1,0,0
Portugal,2024-03-31,PRT,EURO,1193,0,2,3,0,0
Republic of Moldova,2024-03-31,MDA,EURO,2,0,0,0,0,0
Romania,2024-03-31,ROU,EURO,47,0,0,0,0,0
Russian Federation,2024-03-31,RUS,EURO,4,0,0,0,0,0
San Marino,2024-03-31,SMR,EURO,1,0,0,0,0,0
Saudi Arabia,2024-03-31,SAU,EMRO,720,0,0,20,0,0
Serbia,2024-03-31,SRB,EURO,40,0,0,0,0,0
Slovakia,2024-03-31,SVK,EURO,16,0,0,0,0,0
Slovenia,2024-03-31,SVN,EURO,47,0,0,0,0,0
South Africa,2024-03-31,ZAF,AFRO,5,0,0,0,0,0
Spain,2024-03-31,ESP,EURO,7960,0,3,62,0,0
Sri Lanka,2024-03-31,LKA,SEARO,4,0,0,0,0,0
Sweden,2024-03-31,SWE,EURO,272,0,0,0,0,0
Switzerland,2024-03-31,CHE,EURO,579,0,0,0,0,0
Thailand,2024-03-31,THA,SEARO,755,0,1,12,0,0
The United Kingdom,2024-03-31,GBR,EURO,3908,0,0,16,0,0
Türkiye,2024-03-31,TUR,EURO,12,0,0,0,0,0
Ukraine,2024-03-31,UKR,EURO,5,0,0,0,0,0
Argentina,2024-04-01,ARG,AMRO,1150,0,2,0,0,0
Aruba,2024-04-01,ABW,AMRO,3,0,0,0,0,0
Bahamas,2024-04-01,BHS,AMRO,4,0,0,0,0,0
Barbados,2024-04-01,BRB,AMRO,1,0,0,0,0,0
Bermuda,2024-04-01,BMU,AMRO,1,0,0,0,0,0
Bolivia (Plurinational State of),2024-04-01,BOL,AMRO,266,0,0,0,0,0
Brazil,2024-04-01,BRA,AMRO,12124,0,16,25,0,0
Canada,2024-04-01,CAN,AMRO,1600,0,0,4,0,0
Chile,2024-04-01,CHL,AMRO,1460,0,3,0,0,0
Colombia,2024-04-01,COL,AMRO,4221,0,0,5,0,0
Costa Rica,2024-04-01,CRI,AMRO,226,0,1,0,0,0
Cuba,2024-04-01,CUB,AMRO,8,0,1,0,0,0
Curaçao,2024-04-01,CUW,AMRO,3,0,0,0,0,0
Dominican Republic,2024-04-01,DOM,AMRO,81,0,1,0,0,0
Ecuador,2024-04-01,ECU,AMRO,599,0,2,0,0,0
El Salvador,2024-04-01,SLV,AMRO,106,0,0,0,0,0
Guadeloupe,2024-04-01,GLP,AMRO,1,0,0,0,0,0
Guatemala,2024-04-01,GTM,AMRO,405,0,1,0,0,0
Guyana,2024-04-01,GUY,AMRO,2,0,0,0,0,0
Honduras,2024-04-01,HND,AMRO,44,0,0,0,0,0
Jamaica,2024-04-01,JAM,AMRO,21,0,0,0,0,0
Martinique,2024-04-01,MTQ,AMRO,7,0,0,0,0,0
Mexico,2024-04-01,MEX,AMRO,4087,0,34,2,0,0
Panama,2024-04-01,PAN,AMRO,239,0,1,0,0,0
Paraguay,2024-04-01,PRY,AMRO,126,0,0,0,0,0
Peru,2024-04-01,PER,AMRO,3901,0,26,0,0,0
Saint Martin,2024-04-01,MAF,AMRO,1,0,0,0,0,0
Thailand,2024-04-01,THA,SEARO,761,0,1,6,0,0
Trinidad and Tobago,2024-04-01,TTO,AMRO,4,0,0,0,0,0
United States of America,2024-04-01,USA,AMRO,32669,0,61,44,0,0
Uruguay,2024-04-01,URY,AMRO,19,0,0,0,0,0
Venezuela (Bolivarian Republic of),2024-04-01,VEN,AMRO,12,0,0,0,0,0
Indonesia,2024-04-02,IDN,SEARO,85,0,0,1,0,0
Mozambique,2024-04-02,MOZ,AFRO,1,0,1,0,0,0
Sri Lanka,2024-04-03,LKA,SEARO,4,0,0,0,0,0
Nepal,2024-04-04,NPL,SEARO,1,0,0,0,0,0
China,2024-04-05,CHN,WPRO,2355,0,0,1,0,0
Japan,2024-04-05,JPN,WPRO,243,0,1,1,0,0
Singapore,2024-04-05,SGP,WPRO,58,0,0,1,0,0
Benin,2024-04-07,BEN,AFRO,3,0,0,0,0,0
Cameroon,2024-04-07,CMR,AFRO,47,0,5,1,0,1
Central African Republic,2024-04-07,CAF,AFRO,65,0,1,0,0,0
Congo,2024-04-07,COG,AFRO,45,0,2,0,0,0
Democratic Republic of the Congo,2024-04-07,COD,AFRO,1103,0,5,69,0,1
Ghana,2024-04-07,GHA,AFRO,128,0,4,0,0,0
Liberia,2024-04-07,LBR,AFRO,21,0,0,0,0,0
Nigeria,2024-04-07,NGA,AFRO,879,0,9,1,0,0
South Africa,2024-04-07,ZAF,AFRO,5,0,0,0,0,0
Argentina,2024-04-08,ARG,AMRO,1150,0,2,0,0,0
Aruba,2024-04-08,ABW,AMRO,3,0,0,0,0,0
Bahamas,2024-04-08,BHS,AMRO,4,0,0,0,0,0
Barbados,2024-04-08,BRB,AMRO,1,0,0,0,0,0
Bermuda,2024-04-08,BMU,AMRO,1,0,0,0,0,0
Bolivia (Plurinational State of),2024-04-08,BOL,AMRO,266,0,0,0,0,0
Brazil,2024-04-08,BRA,AMRO,12140,0,16,16,0,0
Canada,2024-04-08,CAN,AMRO,1604,0,0,4,0,0
Chile,2024-04-08,CHL,AMRO,1460,0,3,0,0,0
Colombia,2024-04-08,COL,AMRO,4226,0,0,5,0,0
Costa Rica,2024-04-08,CRI,AMRO,226,0,1,0,0,0
Cuba,2024-04-08,CUB,AMRO,8,0,1,0,0,0
Curaçao,2024-04-08,CUW,AMRO,3,0,0,0,0,0
Dominican Republic,2024-04-08,DOM,AMRO,81,0,1,0,0,0
Ecuador,2024-04-08,ECU,AMRO,599,0,2,0,0,0
El Salvador,2024-04-08,SLV,AMRO,106,0,0,0,0,0
Guadeloupe,2024-04-08,GLP,AMRO,1,0,0,0,0,0
Guatemala,2024-04-08,GTM,AMRO,405,0,1,0,0,0
Guyana,2024-04-08,GUY,AMRO,2,0,0,0,0,0
Honduras,2024-04-08,HND,AMRO,44,0,0,0,0,0
Jamaica,2024-04-08,JAM,AMRO,21,0,0,0,0,0
Martinique,2024-04-08,MTQ,AMRO,7,0,0,0,0,0
Mexico,2024-04-08,MEX,AMRO,4089,0,34,2,0,0
Mozambique,2024-04-08,MOZ,AFRO,1,0,1,0,0,0
Panama,2024-04-08,PAN,AMRO,239,0,1,0,0,0
Paraguay,2024-04-08,PRY,AMRO,126,0,0,0,0,0
Peru,2024-04-08,PER,AMRO,3902,0,26,1,0,0
Saint Martin,2024-04-08,MAF,AMRO,1,0,0,0,0,0
Trinidad and Tobago,2024-04-08,TTO,AMRO,4,0,0,0,0,0
United States of America,2024-04-08,USA,AMRO,32738,0,61,69,0,0
Uruguay,2024-04-08,URY,AMRO,19,0,0,0,0,0
Venezuela (Bolivarian Republic of),2024-04-08,VEN,AMRO,12,0,0,0,0,0
Andorra,2024-04-09,AND,EURO,4,0,0,0,0,0
Austria,2024-04-09,AUT,EURO,345,0,1,0,0,0
Belgium,2024-04-09,BEL,EURO,806,0,2,0,0,0
Bosnia and Herzegovina,2024-04-09,BIH,EURO,9,0,0,0,0,0
Bulgaria,2024-04-09,BGR,EURO,6,0,0,0,0,0
Croatia,2024-04-09,HRV,EURO,33,0,0,0,0,0
Cyprus,2024-04-09,CYP,EURO,5,0,0,0,0,0
Czechia,2024-04-09,CZE,EURO,78,0,1,0,0,0
Denmark,2024-04-09,DNK,EURO,198,0,0,0,0,0
Estonia,2024-04-09,EST,EURO,11,0,0,0,0,0
Finland,2024-04-09,FIN,EURO,43,0,0,0,0,0
France,2024-04-09,FRA,EURO,4206,0,0,0,0,0
Georgia,2024-04-09,GEO,EURO,2,0,0,0,0,0
Germany,2024-04-09,DEU,EURO,3830,0,0,0,0,0
Gibraltar,2024-04-09,GIB,EURO,6,0,0,0,0,0
Greece,2024-04-09,GRC,EURO,92,0,0,0,0,0
Greenland,2024-04-09,GRL,EURO,2,0,0,0,0,0
Hungary,2024-04-09,HUN,EURO,83,0,0,0,0,0
Iceland,2024-04-09,ISL,EURO,17,0,0,0,0,0
Ireland,2024-04-09,IRL,EURO,245,0,0,0,0,0
Israel,2024-04-09,ISR,EURO,294,0,0,1,0,0
Italy,2024-04-09,ITA,EURO,1042,0,0,0,0,0
Latvia,2024-04-09,LVA,EURO,6,0,0,0,0,0
Lithuania,2024-04-09,LTU,EURO,5,0,0,0,0,0
Luxembourg,2024-04-09,LUX,EURO,61,0,0,0,0,0
Malta,2024-04-09,MLT,EURO,35,0,0,0,0,0
Monaco,2024-04-09,MCO,EURO,3,0,0,0,0,0
Montenegro,2024-04-09,MNE,EURO,2,0,0,0,0,0
Netherlands,2024-04-09,NLD,EURO,1299,0,0,0,0,0
Norway,2024-04-09,NOR,EURO,105,0,0,0,0,0
Poland,2024-04-09,POL,EURO,221,0,0,0,0,0
Portugal,2024-04-09,PRT,EURO,1193,0,2,0,0,0
Republic of Moldova,2024-04-09,MDA,EURO,2,0,0,0,0,0
Romania,2024-04-09,ROU,EURO,47,0,0,0,0,0
Russian Federation,2024-04-09,RUS,EURO,4,0,0,0,0,0
San Marino,2024-04-09,SMR,EURO,1,0,0,0,0,0
Serbia,2024-04-09,SRB,EURO,40,0,0,0,0,0
Slovakia,2024-04-09,SVK,EURO,16,0,0,0,0,0
Slovenia,2024-04-09,SVN,EURO,47,0,0,0,0,0
Spain,2024-04-09,ESP,EURO,7960,0,3,0,0,0
Sweden,2024-04-09,SWE,EURO,272,0,0,0,0,0
Switzerland,2024-04-09,CHE,EURO,579,0,0,0,0,0
The United Kingdom,2024-04-09,GBR,EURO,3908,0,0,0,0,0
Türkiye,2024-04-09,TUR,EURO,12,0,0,0,0,0
Ukraine,2024-04-09,UKR,EURO,5,0,0,0,0,0
China,2024-04-12,CHN,WPRO,2356,0,0,1,0,0
Japan,2024-04-12,JPN,WPRO,244,0,1,1,0,0
Benin,2024-04-14,BEN,AFRO,3,0,0,0,0,0
Cameroon,2024-04-14,CMR,AFRO,47,0,5,0,0,0
Central African Republic,2024-04-14,CAF,AFRO,65,0,1,0,0,0
Congo,2024-04-14,COG,AFRO,45,0,2,0,0,0
Democratic Republic of the Congo,2024-04-14,COD,AFRO,1203,0,5,100,0,0
Ghana,2024-04-14,GHA,AFRO,128,0,4,0,0,0
Liberia,2024-04-14,LBR,AFRO,21,0,0,0,0,0
Mozambique,2024-04-14,MOZ,AFRO,1,0,1,0,0,0
Nigeria,2024-04-14,NGA,AFRO,880,0,9,1,0,0
South Africa,2024-04-14,ZAF,AFRO,5,0,0,0,0,0
Argentina,2024-04-15,ARG,AMRO,1150,0,2,0,0,0
Aruba,2024-04-15,ABW,AMRO,3,0,0,0,0,0
Bahamas,2024-04-15,BHS,AMRO,4,0,0,0,0,0
Barbados,2024-04-15,BRB,AMRO,1,0,0,0,0,0
Bermuda,2024-04-15,BMU,AMRO,1,0,0,0,0,0
Bolivia (Plurinational State of),2024-04-15,BOL,AMRO,266,0,0,0,0,0
Brazil,2024-04-15,BRA,AMRO,12152,0,16,12,0,0
Canada,2024-04-15,CAN,AMRO,1607,0,0,3,0,0
Chile,2024-04-15,CHL,AMRO,1460,0,3,0,0,0
Colombia,2024-04-15,COL,AMRO,4229,0,0,3,0,0
Costa Rica,2024-04-15,CRI,AMRO,226,0,1,0,0,0
Cuba,2024-04-15,CUB,AMRO,8,0,1,0,0,0
Curaçao,2024-04-15,CUW,AMRO,3,0,0,0,0,0
Dominican Republic,2024-04-15,DOM,AMRO,82,0,1,1,0,0
Ecuador,2024-04-15,ECU,AMRO,599,0,2,0,0,0
El Salvador,2024-04-15,SLV,AMRO,106,0,0,0,0,0
Guadeloupe,2024-04-15,GLP,AMRO,1,0,0,0,0,0
Guatemala,2024-04-15,GTM,AMRO,406,0,1,1,0,0
Guyana,2024-04-15,GUY,AMRO,2,0,0,0,0,0
Honduras,2024-04-15,HND,AMRO,44,0,0,0,0,0
Jamaica,2024-04-15,JAM,AMRO,21,0,0,0,0,0
Martinique,2024-04-15,MTQ,AMRO,7,0,0,0,0,0
Mexico,2024-04-15,MEX,AMRO,4090,0,34,1,0,0
Panama,2024-04-15,PAN,AMRO,239,0,1,0,0,0
Paraguay,2024-04-15,PRY,AMRO,126,0,0,0,0,0
Peru,2024-04-15,PER,AMRO,3908,0,26,6,0,0
Saint Martin,2024-04-15,MAF,AMRO,1,0,0,0,0,0
Trinidad and Tobago,2024-04-15,TTO,AMRO,4,0,0,0,0,0
United States of America,2024-04-15,USA,AMRO,32815,0,61,77,0,0
Uruguay,2024-04-15,URY,AMRO,19,0,0,0,0,0
Venezuela (Bolivarian Republic of),2024-04-15,VEN,AMRO,12,0,0,0,0,0
Japan,2024-04-19,JPN,WPRO,245,0,1,1,0,0
United Arab Emirates,2024-04-20,ARE,EMRO,28,0,0,1,0,0
Benin,2024-04-21,BEN,AFRO,3,0,0,0,0,0
Cameroon,2024-04-21,CMR,AFRO,47,0,5,0,0,0
Central African Republic,2024-04-21,CAF,AFRO,65,0,1,0,0,0
Congo,2024-04-21,COG,AFRO,45,0,2,0,0,0
Democratic Republic of the Congo,2024-04-21,COD,AFRO,1289,0,5,86,0,0
Ghana,2024-04-21,GHA,AFRO,128,0,4,0,0,0
Liberia,2024-04-21,LBR,AFRO,21,0,0,0,0,0
Mozambique,2024-04-21,MOZ,AFRO,1,0,1,0,0,0
Nigeria,2024-04-21,NGA,AFRO,880,0,9,0,0,0
South Africa,2024-04-21,ZAF,AFRO,5,0,0,0,0,0
Argentina,2024-04-22,ARG,AMRO,1150,0,2,0,0,0
Aruba,2024-04-22,ABW,AMRO,3,0,0,0,0,0
Bahamas,2024-04-22,BHS,AMRO,4,0,0,0,0,0
Barbados,2024-04-22,BRB,AMRO,1,0,0,0,0,0
Bermuda,2024-04-22,BMU,AMRO,1,0,0,0,0,0
Bolivia (Plurinational State of),2024-04-22,BOL,AMRO,266,0,0,0,0,0
Brazil,2024-04-22,BRA,AMRO,12172,0,16,20,0,0
Canada,2024-04-22,CAN,AMRO,1608,0,0,1,0,0
Chile,2024-04-22,CHL,AMRO,1460,0,3,0,0,0
Colombia,2024-04-22,COL,AMRO,4238,0,0,9,0,0
Costa Rica,2024-04-22,CRI,AMRO,226,0,1,0,0,0
Cuba,2024-04-22,CUB,AMRO,8,0,1,0,0,0
Curaçao,2024-04-22,CUW,AMRO,3,0,0,0,0,0
Dominican Republic,2024-04-22,DOM,AMRO,83,0,1,1,0,0
Ecuador,2024-04-22,ECU,AMRO,600,0,2,1,0,0
El Salvador,2024-04-22,SLV,AMRO,106,0,0,0,0,0
Guadeloupe,2024-04-22,GLP,AMRO,1,0,0,0,0,0
Guatemala,2024-04-22,GTM,AMRO,406,0,1,0,0,0
Guyana,2024-04-22,GUY,AMRO,2,0,0,0,0,0
Honduras,2024-04-22,HND,AMRO,44,0,0,0,0,0
Jamaica,2024-04-22,JAM,AMRO,21,0,0,0,0,0
Martinique,2024-04-22,MTQ,AMRO,7,0,0,0,0,0
Mexico,2024-04-22,MEX,AMRO,4090,0,34,0,0,0
Panama,2024-04-22,PAN,AMRO,239,0,1,0,0,0
Paraguay,2024-04-22,PRY,AMRO,126,0,0,0,0,0
Peru,2024-04-22,PER,AMRO,3911,0,26,3,0,0
Saint Martin,2024-04-22,MAF,AMRO,1,0,0,0,0,0
Trinidad and Tobago,2024-04-22,TTO,AMRO,4,0,0,0,0,0
United States of America,2024-04-22,USA,AMRO,32893,0,61,78,0,0
Uruguay,2024-04-22,URY,AMRO,19,0,0,0,0,0
Venezuela (Bolivarian Republic of),2024-04-22,VEN,AMRO,12,0,0,0,0,0
China,2024-04-26,CHN,WPRO,2357,0,0,1,0,0
Singapore,2024-04-26,SGP,WPRO,59,0,0,1,0,0
Republic of Korea,2024-04-27,KOR,WPRO,156,0,0,1,0,0
Benin,2024-04-28,BEN,AFRO,3,0,0,0,0,0
Cameroon,2024-04-28,CMR,AFRO,47,0,5,0,0,0
Central African Republic,2024-04-28,CAF,AFRO,65,0,1,0,0,0
Congo,2024-04-28,COG,AFRO,45,0,2,0,0,0
Democratic Republic of the Congo,2024-04-28,COD,AFRO,1372,0,6,83,0,1
Ghana,2024-04-28,GHA,AFRO,128,0,4,0,0,0
Liberia,2024-04-28,LBR,AFRO,21,0,0,0,0,0
Mozambique,2024-04-28,MOZ,AFRO,1,0,1,0,0,0
Nigeria,2024-04-28,NGA,AFRO,882,0,9,2,0,0
South Africa,2024-04-28,ZAF,AFRO,5,0,0,0,0,0
Argentina,2024-04-29,ARG,AMRO,1150,0,2,0,0,0
Aruba,2024-04-29,ABW,AMRO,3,0,0,0,0,0
Bahamas,2024-04-29,BHS,AMRO,4,0,0,0,0,0
Barbados,2024-04-29,BRB,AMRO,1,0,0,0,0,0
Bermuda,2024-04-29,BMU,AMRO,1,0,0,0,0,0
Bolivia (Plurinational State of),2024-04-29,BOL,AMRO,266,0,0,0,0,0
Brazil,2024-04-29,BRA,AMRO,12190,0,16,18,0,0
Canada,2024-04-29,CAN,AMRO,1611,0,0,3,0,0
Chile,2024-04-29,CHL,AMRO,1460,0,3,0,0,0
Colombia,2024-04-29,COL,AMRO,4240,0,0,2,0,0
Costa Rica,2024-04-29,CRI,AMRO,226,0,1,0,0,0
Cuba,2024-04-29,CUB,AMRO,8,0,1,0,0,0
Curaçao,2024-04-29,CUW,AMRO,3,0,0,0,0,0
Dominican Republic,2024-04-29,DOM,AMRO,83,0,1,0,0,0
Ecuador,2024-04-29,ECU,AMRO,600,0,2,0,0,0
El Salvador,2024-04-29,SLV,AMRO,106,0,0,0,0,0
Guadeloupe,2024-04-29,GLP,AMRO,1,0,0,0,0,0
Guatemala,2024-04-29,GTM,AMRO,406,0,1,0,0,0
Guyana,2024-04-29,GUY,AMRO,2,0,0,0,0,0
Honduras,2024-04-29,HND,AMRO,44,0,0,0,0,0
Jamaica,2024-04-29,JAM,AMRO,21,0,0,0,0,0
Martinique,2024-04-29,MTQ,AMRO,7,0,0,0,0,0
Mexico,2024-04-29,MEX,AMRO,4094,0,34,4,0,0
Panama,2024-04-29,PAN,AMRO,239,0,1,0,0,0
Paraguay,2024-04-29,PRY,AMRO,126,0,0,0,0,0
Peru,2024-04-29,PER,AMRO,3915,0,26,4,0,0
Saint Martin,2024-04-29,MAF,AMRO,1,0,0,0,0,0
Trinidad and Tobago,2024-04-29,TTO,AMRO,4,0,0,0,0,0
United States of America,2024-04-29,USA,AMRO,32943,0,61,50,0,0
Uruguay,2024-04-29,URY,AMRO,19,0,0,0,0,0
Venezuela (Bolivarian Republic of),2024-04-29,VEN,AMRO,12,0,0,0,0,0
Andorra,2024-04-30,AND,EURO,4,0,0,0,0,0
Australia,2024-04-30,AUS,WPRO,181,0,0,5,0,0
Austria,2024-04-30,AUT,EURO,346,0,1,1,0,0
Belgium,2024-04-30,BEL,EURO,809,0,2,3,0,0
Bosnia and Herzegovina,2024-04-30,BIH,EURO,9,0,0,0,0,0
Bulgaria,2024-04-30,BGR,EURO,6,0,0,0,0,0
China,2024-04-30,CHN,WPRO,2396,0,0,39,0,0
Croatia,2024-04-30,HRV,EURO,34,0,0,1,0,0
Cyprus,2024-04-30,CYP,EURO,5,0,0,0,0,0
Czechia,2024-04-30,CZE,EURO,81,0,1,3,0,0
Denmark,2024-04-30,DNK,EURO,198,0,0,0,0,0
Estonia,2024-04-30,EST,EURO,11,0,0,0,0,0
Finland,2024-04-30,FIN,EURO,43,0,0,0,0,0
France,2024-04-30,FRA,EURO,4218,0,0,12,0,0
Georgia,2024-04-30,GEO,EURO,2,0,0,0,0,0
Germany,2024-04-30,DEU,EURO,3841,0,0,11,0,0
Gibraltar,2024-04-30,GIB,EURO,6,0,0,0,0,0
Greece,2024-04-30,GRC,EURO,98,0,0,6,0,0
Greenland,2024-04-30,GRL,EURO,2,0,0,0,0,0
Hungary,2024-04-30,HUN,EURO,83,0,0,0,0,0
Iceland,2024-04-30,ISL,EURO,17,0,0,0,0,0
India,2024-04-30,IND,SEARO,27,0,1,0,0,0
Indonesia,2024-04-30,IDN,SEARO,86,0,0,1,0,0
Ireland,2024-04-30,IRL,EURO,246,0,0,1,0,0
Israel,2024-04-30,ISR,EURO,294,0,0,0,0,0
Italy,2024-04-30,ITA,EURO,1043,0,0,1,0,0
Latvia,2024-04-30,LVA,EURO,6,0,0,0,0,0
Lithuania,2024-04-30,LTU,EURO,5,0,0,0,0,0
Luxembourg,2024-04-30,LUX,EURO,61,0,0,0,0,0
Malta,2024-04-30,MLT,EURO,35,0,0,0,0,0
Monaco,2024-04-30,MCO,EURO,3,0,0,0,0,0
Montenegro,2024-04-30,MNE,EURO,2,0,0,0,0,0
Nepal,2024-04-30,NPL,SEARO,1,0,0,0,0,0
Netherlands,2024-04-30,NLD,EURO,1301,0,0,2,0,0
Norway,2024-04-30,NOR,EURO,106,0,0,1,0,0
Poland,2024-04-30,POL,EURO,221,0,0,0,0,0
Portugal,2024-04-30,PRT,EURO,1193,0,2,0,0,0
Republic of Moldova,2024-04-30,MDA,EURO,2,0,0,0,0,0
Romania,2024-04-30,ROU,EURO,47,0,0,0,0,0
Russian Federation,2024-04-30,RUS,EURO,4,0,0,0,0,0
San Marino,2024-04-30,SMR,EURO,1,0,0,0,0,0
Saudi Arabia,2024-04-30,SAU,EMRO,733,0,0,13,0,0
Serbia,2024-04-30,SRB,EURO,40,0,0,0,0,0
Slovakia,2024-04-30,SVK,EURO,16,0,0,0,0,0
Slovenia,2024-04-30,SVN,EURO,47,0,0,0,0,0
Spain,2024-04-30,ESP,EURO,7992,0,3,32,0,0
Sri Lanka,2024-04-30,LKA,SEARO,4,0,0,0,0,0
Sweden,2024-04-30,SWE,EURO,286,0,0,14,0,0
Switzerland,2024-04-30,CHE,EURO,579,0,0,0,0,0
Thailand,2024-04-30,THA,SEARO,774,0,1,13,0,0
The United Kingdom,2024-04-30,GBR,EURO,3928,0,0,20,0,0
Türkiye,2024-04-30,TUR,EURO,12,0,0,0,0,0
Ukraine,2024-04-30,UKR,EURO,5,0,0,0,0,0
Benin,2024-05-05,BEN,AFRO,3,0,0,0,0,0
Cameroon,2024-05-05,CMR,AFRO,47,0,5,0,0,0
Central African Republic,2024-05-05,CAF,AFRO,65,0,1,0,0,0
Congo,2024-05-05,COG,AFRO,45,0,2,0,0,0
Democratic Republic of the Congo,2024-05-05,COD,AFRO,1562,0,6,190,0,0
Ghana,2024-05-05,GHA,AFRO,128,0,4,0,0,0
Liberia,2024-05-05,LBR,AFRO,21,0,0,0,0,0
Mozambique,2024-05-05,MOZ,AFRO,1,0,1,0,0,0
Nigeria,2024-05-05,NGA,AFRO,884,0,9,2,0,0
South Africa,2024-05-05,ZAF,AFRO,5,0,0,0,0,0
Argentina,2024-05-06,ARG,AMRO,1150,0,2,0,0,0
Aruba,2024-05-06,ABW,AMRO,3,0,0,0,0,0
Bahamas,2024-05-06,BHS,AMRO,4,0,0,0,0,0
Barbados,2024-05-06,BRB,AMRO,1,0,0,0,0,0
Bermuda,2024-05-06,BMU,AMRO,1,0,0,0,0,0
Bolivia (Plurinational State of),2024-05-06,BOL,AMRO,266,0,0,0,0,0
Brazil,2024-05-06,BRA,AMRO,12205,0,16,15,0,0
Canada,2024-05-06,CAN,AMRO,1615,0,0,4,0,0
Chile,2024-05-06,CHL,AMRO,1460,0,3,0,0,0
Colombia,2024-05-06,COL,AMRO,4240,0,0,0,0,0
Costa Rica,2024-05-06,CRI,AMRO,226,0,1,0,0,0
Cuba,2024-05-06,CUB,AMRO,8,0,1,0,0,0
Curaçao,2024-05-06,CUW,AMRO,3,0,0,0,0,0
Dominican Republic,2024-05-06,DOM,AMRO,83,0,1,0,0,0
Ecuador,2024-05-06,ECU,AMRO,601,0,2,1,0,0
El Salvador,2024-05-06,SLV,AMRO,106,0,0,0,0,0
Guadeloupe,2024-05-06,GLP,AMRO,1,0,0,0,0,0
Guatemala,2024-05-06,GTM,AMRO,406,0,1,0,0,0
Guyana,2024-05-06,GUY,AMRO,2,0,0,0,0,0
Honduras,2024-05-06,HND,AMRO,44,0,0,0,0,0
Jamaica,2024-05-06,JAM,AMRO,21,0,0,0,0,0
Martinique,2024-05-06,MTQ,AMRO,7,0,0,0,0,0
Mexico,2024-05-06,MEX,AMRO,4095,0,34,1,0,0
Panama,2024-05-06,PAN,AMRO,239,0,1,0,0,0
Paraguay,2024-05-06,PRY,AMRO,126,0,0,0,0,0
Peru,2024-05-06,PER,AMRO,3918,0,26,3,0,0
Saint Martin,2024-05-06,MAF,AMRO,1,0,0,0,0,0
Trinidad and Tobago,2024-05-06,TTO,AMRO,4,0,0,0,0,0
United States of America,2024-05-06,USA,AMRO,32998,0,61,55,0,0
Uruguay,2024-05-06,URY,AMRO,19,0,0,0,0,0
Venezuela (Bolivarian Republic of),2024-05-06,VEN,AMRO,12,0,0,0,0,0
China,2024-05-07,CHN,WPRO,2397,0,0,1,0,0
New Zealand,2024-05-09,NZL,WPRO,51,1,0,1,0,0
Japan,2024-05-10,JPN,WPRO,246,0,1,1,0,0
Viet Nam,2024-05-10,VNM,WPRO,193,0,8,24,0,0
Benin,2024-05-12,BEN,AFRO,3,0,0,0,0,0
Cameroon,2024-05-12,CMR,AFRO,47,0,5,0,0,0
Central African Republic,2024-05-12,CAF,AFRO,65,0,1,0,0,0
Congo,2024-05-12,COG,AFRO,45,0,2,0,0,0
Democratic Republic of the Congo,2024-05-12,COD,AFRO,1721,0,6,159,0,0
Ghana,2024-05-12,GHA,AFRO,128,0,4,0,0,0
Liberia,2024-05-12,LBR,AFRO,22,0,0,1,0,0
Nigeria,2024-05-12,NGA,AFRO,884,0,9,0,0,0
South Africa,2024-05-12,ZAF,AFRO,6,0,0,1,0,0
Argentina,2024-05-13,ARG,AMRO,1150,0,2,0,0,0
Aruba,2024-05-13,ABW,AMRO,3,0,0,0,0,0
Bahamas,2024-05-13,BHS,AMRO,4,0,0,0,0,0
Barbados,2024-05-13,BRB,AMRO,1,0,0,0,0,0
Bermuda,2024-05-13,BMU,AMRO,1,0,0,0,0,0
Bolivia (Plurinational State of),2024-05-13,BOL,AMRO,266,0,0,0,0,0
Brazil,2024-05-13,BRA,AMRO,12223,0,16,18,0,0
Canada,2024-05-13,CAN,AMRO,1623,0,0,8,0,0
Chile,2024-05-13,CHL,AMRO,1460,0,3,0,0,0
Colombia,2024-05-13,COL,AMRO,4242,0,0,2,0,0
Costa Rica,2024-05-13,CRI,AMRO,226,0,1,0,0,0
Cuba,2024-05-13,CUB,AMRO,8,0,1,0,0,0
Curaçao,2024-05-13,CUW,AMRO,3,0,0,0,0,0
Dominican Republic,2024-05-13,DOM,AMRO,83,0,1,0,0,0
Ecuador,2024-05-13,ECU,AMRO,601,0,2,0,0,0
El Salvador,2024-05-13,SLV,AMRO,106,0,0,0,0,0
Guadeloupe,2024-05-13,GLP,AMRO,1,0,0,0,0,0
Guatemala,2024-05-13,GTM,AMRO,406,0,1,0,0,0
Guyana,2024-05-13,GUY,AMRO,2,0,0,0,0,0
Honduras,2024-05-13,HND,AMRO,44,0,0,0,0,0
Jamaica,2024-05-13,JAM,AMRO,21,0,0,0,0,0
Martinique,2024-05-13,MTQ,AMRO,7,0,0,0,0,0
Mexico,2024-05-13,MEX,AMRO,4098,0,34,3,0,0
Panama,2024-05-13,PAN,AMRO,239,0,1,0,0,0
Paraguay,2024-05-13,PRY,AMRO,126,0,0,0,0,0
Peru,2024-05-13,PER,AMRO,3920,0,26,2,0,0
Saint Martin,2024-05-13,MAF,AMRO,1,0,0,0,0,0
Trinidad and Tobago,2024-05-13,TTO,AMRO,4,0,0,0,0,0
United States of America,2024-05-13,USA,AMRO,33050,0,61,52,0,0
Uruguay,2024-05-13,URY,AMRO,19,0,0,0,0,0
Venezuela (Bolivarian Republic of),2024-05-13,VEN,AMRO,12,0,0,0,0,0
China,2024-05-14,CHN,WPRO,2398,0,0,1,0,0
Benin,2024-05-19,BEN,AFRO,3,0,0,0,0,0
Cameroon,2024-05-19,CMR,AFRO,47,0,5,0,0,0
Central African Republic,2024-05-19,CAF,AFRO,65,0,1,0,0,0
Congo,2024-05-19,COG,AFRO,45,0,2,0,0,0
Democratic Republic of the Congo,2024-05-19,COD,AFRO,1879,0,6,158,0,0
Ghana,2024-05-19,GHA,AFRO,128,0,4,0,0,0
Liberia,2024-05-19,LBR,AFRO,22,0,0,0,0,0
Mozambique,2024-05-19,MOZ,AFRO,1,0,1,0,0,0
Nigeria,2024-05-19,NGA,AFRO,884,0,9,0,0,0
South Africa,2024-05-19,ZAF,AFRO,6,0,0,0,0,0
Argentina,2024-05-20,ARG,AMRO,1150,0,2,0,0,0
Aruba,2024-05-20,ABW,AMRO,3,0,0,0,0,0
Bahamas,2024-05-20,BHS,AMRO,4,0,0,0,0,0
Barbados,2024-05-20,BRB,AMRO,1,0,0,0,0,0
Bermuda,2024-05-20,BMU,AMRO,1,0,0,0,0,0
Bolivia (Plurinational State of),2024-05-20,BOL,AMRO,266,0,0,0,0,0
Brazil,2024-05-20,BRA,AMRO,12229,0,16,6,0,0
Canada,2024-05-20,CAN,AMRO,1625,0,0,2,0,0
Chile,2024-05-20,CHL,AMRO,1460,0,3,0,0,0
Colombia,2024-05-20,COL,AMRO,4245,0,0,3,0,0
Costa Rica,2024-05-20,CRI,AMRO,226,0,1,0,0,0
Cuba,2024-05-20,CUB,AMRO,8,0,1,0,0,0
Curaçao,2024-05-20,CUW,AMRO,3,0,0,0,0,0
Dominican Republic,2024-05-20,DOM,AMRO,83,0,1,0,0,0
Ecuador,2024-05-20,ECU,AMRO,601,0,2,0,0,0
El Salvador,2024-05-20,SLV,AMRO,106,0,0,0,0,0
Guadeloupe,2024-05-20,GLP,AMRO,1,0,0,0,0,0
Guatemala,2024-05-20,GTM,AMRO,406,0,1,0,0,0
Guyana,2024-05-20,GUY,AMRO,2,0,0,0,0,0
Honduras,2024-05-20,HND,AMRO,44,0,0,0,0,0
Jamaica,2024-05-20,JAM,AMRO,21,0,0,0,0,0
Martinique,2024-05-20,MTQ,AMRO,7,0,0,0,0,0
Mexico,2024-05-20,MEX,AMRO,4102,0,34,4,0,0
Panama,2024-05-20,PAN,AMRO,239,0,1,0,0,0
Paraguay,2024-05-20,PRY,AMRO,126,0,0,0,0,0
Peru,2024-05-20,PER,AMRO,3921,0,26,1,0,0
Saint Martin,2024-05-20,MAF,AMRO,1,0,0,0,0,0
Trinidad and Tobago,2024-05-20,TTO,AMRO,4,0,0,0,0,0
United States of America,2024-05-20,USA,AMRO,33110,0,62,60,0,1
Uruguay,2024-05-20,URY,AMRO,19,0,0,0,0,0
Venezuela (Bolivarian Republic of),2024-05-20,VEN,AMRO,12,0,0,0,0,0
China,2024-05-22,CHN,WPRO,2399,0,0,1,0,0
China,2024-05-24,CHN,WPRO,2402,0,0,3,0,0
Japan,2024-05-24,JPN,WPRO,247,0,1,1,0,0
Benin,2024-05-26,BEN,AFRO,3,0,0,0,0,0
Cameroon,2024-05-26,CMR,AFRO,47,0,5,0,0,0
Central African Republic,2024-05-26,CAF,AFRO,65,0,1,0,0,0
Congo,2024-05-26,COG,AFRO,45,0,2,0,0,0
Democratic Republic of the Congo,2024-05-26,COD,AFRO,1999,0,6,120,0,0
Ghana,2024-05-26,GHA,AFRO,128,0,4,0,0,0
Liberia,2024-05-26,LBR,AFRO,22,0,0,0,0,0
Mozambique,2024-05-26,MOZ,AFRO,1,0,1,0,0,0
Nigeria,2024-05-26,NGA,AFRO,886,0,9,2,0,0
South Africa,2024-05-26,ZAF,AFRO,7,0,1,1,0,1
Argentina,2024-05-27,ARG,AMRO,1150,0,2,0,0,0
Aruba,2024-05-27,ABW,AMRO,3,0,0,0,0,0
Bahamas,2024-05-27,BHS,AMRO,4,0,0,0,0,0
Barbados,2024-05-27,BRB,AMRO,1,0,0,0,0,0
Bermuda,2024-05-27,BMU,AMRO,1,0,0,0,0,0
Bolivia (Plurinational State of),2024-05-27,BOL,AMRO,266,0,0,0,0,0
Brazil,2024-05-27,BRA,AMRO,12247,0,16,18,0,0
Canada,2024-05-27,CAN,AMRO,1632,0,0,7,0,0
Chile,2024-05-27,CHL,AMRO,1460,0,3,0,0,0
China,2024-05-27,CHN,WPRO,2403,0,0,1,0,0
Colombia,2024-05-27,COL,AMRO,4245,0,0,0,0,0
Costa Rica,2024-05-27,CRI,AMRO,226,0,1,0,0,0
Cuba,2024-05-27,CUB,AMRO,8,0,1,0,0,0
Curaçao,2024-05-27,CUW,AMRO,3,0,0,0,0,0
Dominican Republic,2024-05-27,DOM,AMRO,83,0,1,0,0,0
Ecuador,2024-05-27,ECU,AMRO,601,0,2,0,0,0
El Salvador,2024-05-27,SLV,AMRO,106,0,0,0,0,0
Guadeloupe,2024-05-27,GLP,AMRO,1,0,0,0,0,0
Guatemala,2024-05-27,GTM,AMRO,406,0,1,0,0,0
Guyana,2024-05-27,GUY,AMRO,2,0,0,0,0,0
Honduras,2024-05-27,HND,AMRO,44,0,0,0,0,0
Jamaica,2024-05-27,JAM,AMRO,21,0,0,0,0,0
Martinique,2024-05-27,MTQ,AMRO,7,0,0,0,0,0
Mexico,2024-05-27,MEX,AMRO,4103,0,34,1,0,0
Panama,2024-05-27,PAN,AMRO,239,0,1,0,0,0
Paraguay,2024-05-27,PRY,AMRO,126,0,0,0,0,0
Peru,2024-05-27,PER,AMRO,3926,0,26,5,0,0
Saint Martin,2024-05-27,MAF,AMRO,1,0,0,0,0,0
Trinidad and Tobago,2024-05-27,TTO,AMRO,4,0,0,0,0,0
United States of America,2024-05-27,USA,AMRO,33167,0,62,57,0,0
Uruguay,2024-05-27,URY,AMRO,19,0,0,0,0,0
Venezuela (Bolivarian Republic of),2024-05-27,VEN,AMRO,12,0,0,0,0,0
China,2024-05-30,CHN,WPRO,2452,0,0,49,0,0
Andorra,2024-05-31,AND,EURO,4,0,0,0,0,0
Australia,2024-05-31,AUS,WPRO,214,0,0,33,0,0
Austria,2024-05-31,AUT,EURO,348,0,1,2,0,0
Belgium,2024-05-31,BEL,EURO,809,0,2,0,0,0
Bosnia and Herzegovina,2024-05-31,BIH,EURO,9,0,0,0,0,0
Bulgaria,2024-05-31,BGR,EURO,7,0,0,1,0,0
China,2024-05-31,CHN,WPRO,2453,0,0,1,0,0
Croatia,2024-05-31,HRV,EURO,34,0,0,0,0,0
Cyprus,2024-05-31,CYP,EURO,5,0,0,0,0,0
Czechia,2024-05-31,CZE,EURO,82,0,1,1,0,0
Denmark,2024-05-31,DNK,EURO,198,0,0,0,0,0
Estonia,2024-05-31,EST,EURO,11,0,0,0,0,0
Finland,2024-05-31,FIN,EURO,43,0,0,0,0,0
France,2024-05-31,FRA,EURO,4249,0,0,31,0,0
Georgia,2024-05-31,GEO,EURO,2,0,0,0,0,0
Germany,2024-05-31,DEU,EURO,3847,0,0,6,0,0
Gibraltar,2024-05-31,GIB,EURO,6,0,0,0,0,0
Greece,2024-05-31,GRC,EURO,99,0,0,1,0,0
Greenland,2024-05-31,GRL,EURO,2,0,0,0,0,0
Hungary,2024-05-31,HUN,EURO,83,0,0,0,0,0
Iceland,2024-05-31,ISL,EURO,17,0,0,0,0,0
India,2024-05-31,IND,SEARO,27,0,1,0,0,0
Indonesia,2024-05-31,IDN,SEARO,87,0,0,1,0,0
Ireland,2024-05-31,IRL,EURO,247,0,0,1,0,0
Israel,2024-05-31,ISR,EURO,312,0,0,18,0,0
Italy,2024-05-31,ITA,EURO,1047,0,0,4,0,0
Latvia,2024-05-31,LVA,EURO,6,0,0,0,0,0
Lithuania,2024-05-31,LTU,EURO,5,0,0,0,0,0
Luxembourg,2024-05-31,LUX,EURO,61,0,0,0,0,0
Malta,2024-05-31,MLT,EURO,35,0,0,0,0,0
Monaco,2024-05-31,MCO,EURO,3,0,0,0,0,0
Montenegro,2024-05-31,MNE,EURO,2,0,0,0,0,0
Nepal,2024-05-31,NPL,SEARO,1,0,0,0,0,0
Netherlands,2024-05-31,NLD,EURO,1302,0,0,1,0,0
Norway,2024-05-31,NOR,EURO,106,0,0,0,0,0
Poland,2024-05-31,POL,EURO,223,0,0,2,0,0
Portugal,2024-05-31,PRT,EURO,1193,0,2,0,0,0
Republic of Moldova,2024-05-31,MDA,EURO,2,0,0,0,0,0
Romania,2024-05-31,ROU,EURO,47,0,0,0,0,0
Russian Federation,2024-05-31,RUS,EURO,4,0,0,0,0,0
San Marino,2024-05-31,SMR,EURO,1,0,0,0,0,0
Saudi Arabia,2024-05-31,SAU,EMRO,748,0,0,15,0,0
Serbia,2024-05-31,SRB,EURO,40,0,0,0,0,0
Slovakia,2024-05-31,SVK,EURO,16,0,0,0,0,0
Slovenia,2024-05-31,SVN,EURO,47,0,0,0,0,0
Spain,2024-05-31,ESP,EURO,8030,0,3,38,0,0
Sri Lanka,2024-05-31,LKA,SEARO,4,0,0,0,0,0
Sweden,2024-05-31,SWE,EURO,297,0,0,11,0,0
Switzerland,2024-05-31,CHE,EURO,579,0,0,0,0,0
Thailand,2024-05-31,THA,SEARO,795,0,10,21,0,9
The United Kingdom,2024-05-31,GBR,EURO,3952,0,0,24,0,0
Türkiye,2024-05-31,TUR,EURO,12,0,0,0,0,0
Ukraine,2024-05-31,UKR,EURO,5,0,0,0,0,0
Viet Nam,2024-05-31,VNM,WPRO,196,0,8,3,0,0
Benin,2024-06-02,BEN,AFRO,3,0,0,0,0,0
Cameroon,2024-06-02,CMR,AFRO,47,0,5,0,0,0
Central African Republic,2024-06-02,CAF,AFRO,65,0,1,0,0,0
Congo,2024-06-02,COG,AFRO,45,0,2,0,0,0
Democratic Republic of the Congo,2024-06-02,COD,AFRO,2112,0,7,113,0,1
Ghana,2024-06-02,GHA,AFRO,128,0,4,0,0,0
Liberia,2024-06-02,LBR,AFRO,22,0,0,0,0,0
Nigeria,2024-06-02,NGA,AFRO,887,0,9,1,0,0
Rwanda,2024-06-02,RWA,AFRO,0,0,0,0,0,0
South Africa,2024-06-02,ZAF,AFRO,8,0,1,1,0,0
Argentina,2024-06-03,ARG,AMRO,1150,0,2,0,0,0
Aruba,2024-06-03,ABW,AMRO,3,0,0,0,0,0
Bahamas,2024-06-03,BHS,AMRO,4,0,0,0,0,0
Barbados,2024-06-03,BRB,AMRO,1,0,0,0,0,0
Bermuda,2024-06-03,BMU,AMRO,1,0,0,0,0,0
Bolivia (Plurinational State of),2024-06-03,BOL,AMRO,266,0,0,0,0,0
Brazil,2024-06-03,BRA,AMRO,12255,0,16,8,0,0
Canada,2024-06-03,CAN,AMRO,1640,0,0,8,0,0
Chile,2024-06-03,CHL,AMRO,1460,0,3,0,0,0
Colombia,2024-06-03,COL,AMRO,4247,0,0,2,0,0
Costa Rica,2024-06-03,CRI,AMRO,226,0,1,0,0,0
Cuba,2024-06-03,CUB,AMRO,8,0,1,0,0,0
Curaçao,2024-06-03,CUW,AMRO,3,0,0,0,0,0
Dominican Republic,2024-06-03,DOM,AMRO,83,0,1,0,0,0
Ecuador,2024-06-03,ECU,AMRO,601,0,2,0,0,0
El Salvador,2024-06-03,SLV,AMRO,106,0,0,0,0,0
Guadeloupe,2024-06-03,GLP,AMRO,1,0,0,0,0,0
Guatemala,2024-06-03,GTM,AMRO,406,0,1,0,0,0
Guyana,2024-06-03,GUY,AMRO,2,0,0,0,0,0
Honduras,2024-06-03,HND,AMRO,44,0,0,0,0,0
Jamaica,2024-06-03,JAM,AMRO,21,0,0,0,0,0
Martinique,2024-06-03,MTQ,AMRO,7,0,0,0,0,0
Mexico,2024-06-03,MEX,AMRO,4110,0,34,7,0,0
Panama,2024-06-03,PAN,AMRO,239,0,1,0,0,0
Paraguay,2024-06-03,PRY,AMRO,126,0,0,0,0,0
Peru,2024-06-03,PER,AMRO,3928,0,26,2,0,0
Saint Martin,2024-06-03,MAF,AMRO,1,0,0,0,0,0
Trinidad and Tobago,2024-06-03,TTO,AMRO,4,0,0,0,0,0
United States of America,2024-06-03,USA,AMRO,33226,0,62,59,0,0
Uruguay,2024-06-03,URY,AMRO,19,0,0,0,0,0
Venezuela (Bolivarian Republic of),2024-06-03,VEN,AMRO,12,0,0,0,0,0
Benin,2024-06-09,BEN,AFRO,3,0,0,0,0,0
Cameroon,2024-06-09,CMR,AFRO,47,0,5,0,0,0
Central African Republic,2024-06-09,CAF,AFRO,66,0,1,1,0,0
Congo,2024-06-09,COG,AFRO,45,0,2,0,0,0
Democratic Republic of the Congo,2024-06-09,COD,AFRO,2284,0,7,172,0,0
Ghana,2024-06-09,GHA,AFRO,128,0,4,0,0,0
Liberia,2024-06-09,LBR,AFRO,22,0,0,0,0,0
Nigeria,2024-06-09,NGA,AFRO,888,0,9,1,0,0
Rwanda,2024-06-09,RWA,AFRO,0,0,0,0,0,0
South Africa,2024-06-09,ZAF,AFRO,10,0,2,2,0,1
Argentina,2024-06-10,ARG,AMRO,1150,0,2,0,0,0
Aruba,2024-06-10,ABW,AMRO,3,0,0,0,0,0
Bahamas,2024-06-10,BHS,AMRO,4,0,0,0,0,0
Barbados,2024-06-10,BRB,AMRO,1,0,0,0,0,0
Bermuda,2024-06-10,BMU,AMRO,1,0,0,0,0,0
Bolivia (Plurinational State of),2024-06-10,BOL,AMRO,266,0,0,0,0,0
Brazil,2024-06-10,BRA,AMRO,12264,0,16,9,0,0
Canada,2024-06-10,CAN,AMRO,1648,0,0,8,0,0
Chile,2024-06-10,CHL,AMRO,1460,0,3,0,0,0
Colombia,2024-06-10,COL,AMRO,4251,0,0,4,0,0
Costa Rica,2024-06-10,CRI,AMRO,226,0,1,0,0,0
Cuba,2024-06-10,CUB,AMRO,8,0,1,0,0,0
Curaçao,2024-06-10,CUW,AMRO,3,0,0,0,0,0
Dominican Republic,2024-06-10,DOM,AMRO,83,0,1,0,0,0
Ecuador,2024-06-10,ECU,AMRO,601,0,2,0,0,0
El Salvador,2024-06-10,SLV,AMRO,106,0,0,0,0,0
Guadeloupe,2024-06-10,GLP,AMRO,1,0,0,0,0,0
Guatemala,2024-06-10,GTM,AMRO,406,0,1,0,0,0
Guyana,2024-06-10,GUY,AMRO,2,0,0,0,0,0
Honduras,2024-06-10,HND,AMRO,44,0,0,0,0,0
Jamaica,2024-06-10,JAM,AMRO,21,0,0,0,0,0
Martinique,2024-06-10,MTQ,AMRO,7,0,0,0,0,0
Mexico,2024-06-10,MEX,AMRO,4113,0,34,3,0,0
Mozambique,2024-06-10,MOZ,AFRO,1,0,1,0,0,0
Panama,2024-06-10,PAN,AMRO,239,0,1,0,0,0
Paraguay,2024-06-10,PRY,AMRO,126,0,0,0,0,0
Peru,2024-06-10,PER,AMRO,3932,0,26,4,0,0
Saint Martin,2024-06-10,MAF,AMRO,1,0,0,0,0,0
Trinidad and Tobago,2024-06-10,TTO,AMRO,4,0,0,0,0,0
United States of America,2024-06-10,USA,AMRO,33298,0,62,72,0,0
Uruguay,2024-06-10,URY,AMRO,19,0,0,0,0,0
Venezuela (Bolivarian Republic of),2024-06-10,VEN,AMRO,12,0,0,0,0,0
Andorra,2024-06-16,AND,EURO,4,0,0,0,0,0
Austria,2024-06-16,AUT,EURO,348,0,1,0,0,0
Belgium,2024-06-16,BEL,EURO,809,0,2,0,0,0
Benin,2024-06-16,BEN,AFRO,3,0,0,0,0,0
Bosnia and Herzegovina,2024-06-16,BIH,EURO,9,0,0,0,0,0
Bulgaria,2024-06-16,BGR,EURO,7,0,0,0,0,0
Cameroon,2024-06-16,CMR,AFRO,47,0,5,0,0,0
Central African Republic,2024-06-16,CAF,AFRO,67,0,1,1,0,0
Congo,2024-06-16,COG,AFRO,45,0,2,0,0,0
Croatia,2024-06-16,HRV,EURO,34,0,0,0,0,0
Cyprus,2024-06-16,CYP,EURO,5,0,0,0,0,0
Czechia,2024-06-16,CZE,EURO,82,0,1,0,0,0
Democratic Republic of the Congo,2024-06-16,COD,AFRO,2508,0,9,224,0,2
Denmark,2024-06-16,DNK,EURO,198,0,0,0,0,0
Estonia,2024-06-16,EST,EURO,11,0,0,0,0,0
Finland,2024-06-16,FIN,EURO,43,0,0,0,0,0
France,2024-06-16,FRA,EURO,4249,0,0,0,0,0
Georgia,2024-06-16,GEO,EURO,2,0,0,0,0,0
Germany,2024-06-16,DEU,EURO,3847,0,0,0,0,0
Ghana,2024-06-16,GHA,AFRO,128,0,4,0,0,0
Gibraltar,2024-06-16,GIB,EURO,6,0,0,0,0,0
Greece,2024-06-16,GRC,EURO,99,0,0,0,0,0
Greenland,2024-06-16,GRL,EURO,2,0,0,0,0,0
Hungary,2024-06-16,HUN,EURO,83,0,0,0,0,0
Iceland,2024-06-16,ISL,EURO,17,0,0,0,0,0
Ireland,2024-06-16,IRL,EURO,247,0,0,0,0,0
Israel,2024-06-16,ISR,EURO,312,0,0,0,0,0
Italy,2024-06-16,ITA,EURO,1047,0,0,0,0,0
Latvia,2024-06-16,LVA,EURO,6,0,0,0,0,0
Liberia,2024-06-16,LBR,AFRO,22,0,0,0,0,0
Lithuania,2024-06-16,LTU,EURO,5,0,0,0,0,0
Luxembourg,2024-06-16,LUX,EURO,61,0,0,0,0,0
Malta,2024-06-16,MLT,EURO,35,0,0,0,0,0
Monaco,2024-06-16,MCO,EURO,3,0,0,0,0,0
Montenegro,2024-06-16,MNE,EURO,2,0,0,0,0,0
Mozambique,2024-06-16,MOZ,AFRO,1,0,1,0,0,0
Netherlands,2024-06-16,NLD,EURO,1302,0,0,0,0,0
Nigeria,2024-06-16,NGA,AFRO,890,0,9,2,0,0
Norway,2024-06-16,NOR,EURO,106,0,0,0,0,0
Poland,2024-06-16,POL,EURO,223,0,0,0,0,0
Portugal,2024-06-16,PRT,EURO,1193,0,2,0,0,0
Republic of Moldova,2024-06-16,MDA,EURO,2,0,0,0,0,0
Romania,2024-06-16,ROU,EURO,47,0,0,0,0,0
Russian Federation,2024-06-16,RUS,EURO,4,0,0,0,0,0
Rwanda,2024-06-16,RWA,AFRO,0,0,0,0,0,0
San Marino,2024-06-16,SMR,EURO,1,0,0,0,0,0
Serbia,2024-06-16,SRB,EURO,40,0,0,0,0,0
Slovakia,2024-06-16,SVK,EURO,16,0,0,0,0,0
Slovenia,2024-06-16,SVN,EURO,47,0,0,0,0,0
South Africa,2024-06-16,ZAF,AFRO,17,0,2,7,0,0
Spain,2024-06-16,ESP,EURO,8030,0,3,0,0,0
Sweden,2024-06-16,SWE,EURO,297,0,0,0,0,0
Switzerland,2024-06-16,CHE,EURO,579,0,0,0,0,0
The United Kingdom,2024-06-16,GBR,EURO,3952,0,0,0,0,0
Türkiye,2024-06-16,TUR,EURO,12,0,0,0,0,0
Ukraine,2024-06-16,UKR,EURO,5,0,0,0,0,0
Argentina,2024-06-17,ARG,AMRO,1150,0,2,0,0,0
Aruba,2024-06-17,ABW,AMRO,3,0,0,0,0,0
Bahamas,2024-06-17,BHS,AMRO,4,0,0,0,0,0
Barbados,2024-06-17,BRB,AMRO,1,0,0,0,0,0
Bermuda,2024-06-17,BMU,AMRO,1,0,0,0,0,0
Bolivia (Plurinational State of),2024-06-17,BOL,AMRO,266,0,0,0,0,0
Brazil,2024-06-17,BRA,AMRO,12272,0,16,8,0,0
Canada,2024-06-17,CAN,AMRO,1650,0,0,2,0,0
Chile,2024-06-17,CHL,AMRO,1460,0,3,0,0,0
Colombia,2024-06-17,COL,AMRO,4253,0,0,2,0,0
Costa Rica,2024-06-17,CRI,AMRO,226,0,1,0,0,0
Cuba,2024-06-17,CUB,AMRO,8,0,1,0,0,0
Curaçao,2024-06-17,CUW,AMRO,3,0,0,0,0,0
Dominican Republic,2024-06-17,DOM,AMRO,83,0,1,0,0,0
Ecuador,2024-06-17,ECU,AMRO,601,0,2,0,0,0
El Salvador,2024-06-17,SLV,AMRO,106,0,0,0,0,0
Guadeloupe,2024-06-17,GLP,AMRO,1,0,0,0,0,0
Guatemala,2024-06-17,GTM,AMRO,406,0,1,0,0,0
Guyana,2024-06-17,GUY,AMRO,2,0,0,0,0,0
Honduras,2024-06-17,HND,AMRO,44,0,0,0,0,0
Jamaica,2024-06-17,JAM,AMRO,21,0,0,0,0,0
Martinique,2024-06-17,MTQ,AMRO,7,0,0,0,0,0
Mexico,2024-06-17,MEX,AMRO,4117,0,34,4,0,0
Panama,2024-06-17,PAN,AMRO,239,0,1,0,0,0
Paraguay,2024-06-17,PRY,AMRO,126,0,0,0,0,0
Peru,2024-06-17,PER,AMRO,3934,0,26,2,0,0
Saint Martin,2024-06-17,MAF,AMRO,1,0,0,0,0,0
Trinidad and Tobago,2024-06-17,TTO,AMRO,4,0,0,0,0,0
United States of America,2024-06-17,USA,AMRO,33346,0,62,48,0,0
Uruguay,2024-06-17,URY,AMRO,19,0,0,0,0,0
Venezuela (Bolivarian Republic of),2024-06-17,VEN,AMRO,12,0,0,0,0,0
Benin,2024-06-23,BEN,AFRO,3,0,0,0,0,0
Cameroon,2024-06-23,CMR,AFRO,48,0,5,1,0,0
Central African Republic,2024-06-23,CAF,AFRO,69,0,1,2,0,0
Congo,2024-06-23,COG,AFRO,45,0,2,0,0,0
Democratic Republic of the Congo,2024-06-23,COD,AFRO,2669,0,9,161,0,0
Ghana,2024-06-23,GHA,AFRO,128,0,4,0,0,0
Liberia,2024-06-23,LBR,AFRO,22,0,0,0,0,0
Mozambique,2024-06-23,MOZ,AFRO,1,0,1,0,0,0
Nigeria,2024-06-23,NGA,AFRO,891,0,9,1,0,0
Rwanda,2024-06-23,RWA,AFRO,0,0,0,0,0,0
South Africa,2024-06-23,ZAF,AFRO,21,0,3,4,0,1
Argentina,2024-06-24,ARG,AMRO,1150,0,2,0,0,0
Aruba,2024-06-24,ABW,AMRO,3,0,0,0,0,0
Bahamas,2024-06-24,BHS,AMRO,4,0,0,0,0,0
Barbados,2024-06-24,BRB,AMRO,1,0,0,0,0,0
Bermuda,2024-06-24,BMU,AMRO,1,0,0,0,0,0
Bolivia (Plurinational State of),2024-06-24,BOL,AMRO,266,0,0,0,0,0
Brazil,2024-06-24,BRA,AMRO,12285,0,16,13,0,0
Canada,2024-06-24,CAN,AMRO,1662,0,0,12,0,0
Chile,2024-06-24,CHL,AMRO,1460,0,3,0,0,0
China,2024-06-24,CHN,WPRO,2457,0,0,4,0,0
Colombia,2024-06-24,COL,AMRO,4253,0,0,0,0,0
Costa Rica,2024-06-24,CRI,AMRO,226,0,1,0,0,0
Cuba,2024-06-24,CUB,AMRO,8,0,1,0,0,0
Curaçao,2024-06-24,CUW,AMRO,3,0,0,0,0,0
Dominican Republic,2024-06-24,DOM,AMRO,83,0,1,0,0,0
Ecuador,2024-06-24,ECU,AMRO,601,0,3,0,0,1
El Salvador,2024-06-24,SLV,AMRO,106,0,0,0,0,0
Guadeloupe,2024-06-24,GLP,AMRO,1,0,0,0,0,0
Guatemala,2024-06-24,GTM,AMRO,406,0,1,0,0,0
Guyana,2024-06-24,GUY,AMRO,2,0,0,0,0,0
Honduras,2024-06-24,HND,AMRO,44,0,0,0,0,0
Jamaica,2024-06-24,JAM,AMRO,21,0,0,0,0,0
Martinique,2024-06-24,MTQ,AMRO,7,0,0,0,0,0
Mexico,2024-06-24,MEX,AMRO,4118,0,34,1,0,0
Panama,2024-06-24,PAN,AMRO,240,0,1,1,0,0
Paraguay,2024-06-24,PRY,AMRO,126,0,0,0,0,0
Peru,2024-06-24,PER,AMRO,3935,0,26,1,0,0
Saint Martin,2024-06-24,MAF,AMRO,1,0,0,0,0,0
Trinidad and Tobago,2024-06-24,TTO,AMRO,4,0,0,0,0,0
United States of America,2024-06-24,USA,AMRO,33395,0,62,49,0,0
Uruguay,2024-06-24,URY,AMRO,19,0,0,0,0,0
Venezuela (Bolivarian Republic of),2024-06-24,VEN,AMRO,12,0,0,0,0,0
Australia,2024-06-25,AUS,WPRO,214,0,0,0,0,0
China,2024-06-25,CHN,WPRO,2460,0,0,3,0,0
Republic of Korea,2024-06-25,KOR,WPRO,158,0,0,2,0,0
Singapore,2024-06-25,SGP,WPRO,60,0,0,1,0,0
Viet Nam,2024-06-25,VNM,WPRO,196,0,8,0,0,0
China,2024-06-28,CHN,WPRO,2460,0,0,0,0,0
Republic of Korea,2024-06-28,KOR,WPRO,159,0,0,1,0,0
Viet Nam,2024-06-28,VNM,WPRO,202,0,8,6,0,0
Andorra,2024-06-30,AND,EURO,4,0,0,0,0,0
Australia,2024-06-30,AUS,WPRO,278,0,0,64,0,0
Austria,2024-06-30,AUT,EURO,348,0,1,0,0,0
Belgium,2024-06-30,BEL,EURO,810,0,2,1,0,0
Benin,2024-06-30,BEN,AFRO,3,0,0,0,0,0
Bosnia and Herzegovina,2024-06-30,BIH,EURO,9,0,0,0,0,0
Bulgaria,2024-06-30,BGR,EURO,7,0,0,0,0,0
Cameroon,2024-06-30,CMR,AFRO,48,0,5,0,0,0
Central African Republic,2024-06-30,CAF,AFRO,70,0,1,1,0,0
China,2024-06-30,CHN,WPRO,2511,0,0,51,0,0
Congo,2024-06-30,COG,AFRO,45,0,2,0,0,0
Croatia,2024-06-30,HRV,EURO,34,0,0,0,0,0
Cyprus,2024-06-30,CYP,EURO,5,0,0,0,0,0
Czechia,2024-06-30,CZE,EURO,82,0,1,0,0,0
Côte d’Ivoire,2024-06-30,CIV,AFRO,0,0,0,0,0,0
Democratic Republic of the Congo,2024-06-30,COD,AFRO,2874,0,11,205,0,2
Denmark,2024-06-30,DNK,EURO,198,0,0,0,0,0
Estonia,2024-06-30,EST,EURO,11,0,0,0,0,0
Finland,2024-06-30,FIN,EURO,43,0,0,0,0,0
France,2024-06-30,FRA,EURO,4272,0,0,23,0,0
Georgia,2024-06-30,GEO,EURO,2,0,0,0,0,0
Germany,2024-06-30,DEU,EURO,3857,0,0,10,0,0
Ghana,2024-06-30,GHA,AFRO,128,0,4,0,0,0
Gibraltar,2024-06-30,GIB,EURO,6,0,0,0,0,0
Greece,2024-06-30,GRC,EURO,99,0,0,0,0,0
Greenland,2024-06-30,GRL,EURO,2,0,0,0,0,0
Hungary,2024-06-30,HUN,EURO,85,0,0,2,0,0
Iceland,2024-06-30,ISL,EURO,17,0,0,0,0,0
India,2024-06-30,IND,SEARO,27,0,1,0,0,0
Indonesia,2024-06-30,IDN,SEARO,88,0,0,1,0,0
Ireland,2024-06-30,IRL,EURO,249,0,0,2,0,0
Israel,2024-06-30,ISR,EURO,314,0,0,2,0,0
Italy,2024-06-30,ITA,EURO,1049,0,0,2,0,0
Latvia,2024-06-30,LVA,EURO,6,0,0,0,0,0
Liberia,2024-06-30,LBR,AFRO,22,0,0,0,0,0
Lithuania,2024-06-30,LTU,EURO,5,0,0,0,0,0
Luxembourg,2024-06-30,LUX,EURO,61,0,0,0,0,0
Malta,2024-06-30,MLT,EURO,35,0,0,0,0,0
Monaco,2024-06-30,MCO,EURO,3,0,0,0,0,0
Montenegro,2024-06-30,MNE,EURO,2,0,0,0,0,0
Mozambique,2024-06-30,MOZ,AFRO,1,0,1,0,0,0
Nepal,2024-06-30,NPL,SEARO,1,0,0,0,0,0
Netherlands,2024-06-30,NLD,EURO,1304,0,0,2,0,0
Nigeria,2024-06-30,NGA,AFRO,894,0,9,3,0,0
Norway,2024-06-30,NOR,EURO,106,0,0,0,0,0
Poland,2024-06-30,POL,EURO,223,0,0,0,0,0
Portugal,2024-06-30,PRT,EURO,1193,0,2,0,0,0
Republic of Moldova,2024-06-30,MDA,EURO,2,0,0,0,0,0
Romania,2024-06-30,ROU,EURO,47,0,0,0,0,0
Russian Federation,2024-06-30,RUS,EURO,4,0,0,0,0,0
Rwanda,2024-06-30,RWA,AFRO,0,0,0,0,0,0
San Marino,2024-06-30,SMR,EURO,1,0,0,0,0,0
Saudi Arabia,2024-06-30,SAU,EMRO,754,0,0,6,0,0
Serbia,2024-06-30,SRB,EURO,40,0,0,0,0,0
Slovakia,2024-06-30,SVK,EURO,16,0,0,0,0,0
Slovenia,2024-06-30,SVN,EURO,47,0,0,0,0,0
South Africa,2024-06-30,ZAF,AFRO,21,0,3,0,0,0
Spain,2024-06-30,ESP,EURO,8084,0,3,54,0,0
Sri Lanka,2024-06-30,LKA,SEARO,4,0,0,0,0,0
Sweden,2024-06-30,SWE,EURO,299,0,0,2,0,0
Switzerland,2024-06-30,CHE,EURO,579,0,0,0,0,0
Thailand,2024-06-30,THA,SEARO,805,0,10,10,0,0
The United Kingdom,2024-06-30,GBR,EURO,3952,0,0,0,0,0
Türkiye,2024-06-30,TUR,EURO,12,0,0,0,0,0
Ukraine,2024-06-30,UKR,EURO,5,0,0,0,0,0
Argentina,2024-07-01,ARG,AMRO,1152,0,2,2,0,0
Aruba,2024-07-01,ABW,AMRO,3,0,0,0,0,0
Bahamas,2024-07-01,BHS,AMRO,4,0,0,0,0,0
Barbados,2024-07-01,BRB,AMRO,1,0,0,0,0,0
Bermuda,2024-07-01,BMU,AMRO,1,0,0,0,0,0
Bolivia (Plurinational State of),2024-07-01,BOL,AMRO,266,0,0,0,0,0
Brazil,2024-07-01,BRA,AMRO,12299,0,16,14,0,0
Canada,2024-07-01,CAN,AMRO,1675,0,0,13,0,0
Chile,2024-07-01,CHL,AMRO,1460,0,3,0,0,0
Colombia,2024-07-01,COL,AMRO,4257,0,0,4,0,0
Costa Rica,2024-07-01,CRI,AMRO,226,0,1,0,0,0
Cuba,2024-07-01,CUB,AMRO,8,0,1,0,0,0
Curaçao,2024-07-01,CUW,AMRO,3,0,0,0,0,0
Dominican Republic,2024-07-01,DOM,AMRO,83,0,1,0,0,0
Ecuador,2024-07-01,ECU,AMRO,601,0,3,0,0,0
El Salvador,2024-07-01,SLV,AMRO,106,0,0,0,0,0
Guadeloupe,2024-07-01,GLP,AMRO,1,0,0,0,0,0
Guatemala,2024-07-01,GTM,AMRO,406,0,1,0,0,0
Guyana,2024-07-01,GUY,AMRO,2,0,0,0,0,0
Honduras,2024-07-01,HND,AMRO,44,0,0,0,0,0
Jamaica,2024-07-01,JAM,AMRO,21,0,0,0,0,0
Martinique,2024-07-01,MTQ,AMRO,7,0,0,0,0,0
Mexico,2024-07-01,MEX,AMRO,4122,0,34,4,0,0
Mozambique,2024-07-01,MOZ,AFRO,1,0,1,0,0,0
New Zealand,2024-07-01,NZL,WPRO,53,0,0,2,-1,0
Panama,2024-07-01,PAN,AMRO,240,0,1,0,0,0
Paraguay,2024-07-01,PRY,AMRO,126,0,0,0,0,0
Peru,2024-07-01,PER,AMRO,3941,0,26,6,0,0
Saint Martin,2024-07-01,MAF,AMRO,1,0,0,0,0,0
Trinidad and Tobago,2024-07-01,TTO,AMRO,4,0,0,0,0,0
United States of America,2024-07-01,USA,AMRO,33447,0,62,52,0,0
Uruguay,2024-07-01,URY,AMRO,19,0,0,0,0,0
Venezuela (Bolivarian Republic of),2024-07-01,VEN,AMRO,12,0,0,0,0,0
Mozambique,2024-07-04,MOZ,AFRO,1,0,1,0,0,0
Benin,2024-07-07,BEN,AFRO,3,0,0,0,0,0
Cameroon,2024-07-07,CMR,AFRO,50,0,5,2,0,0
Central African Republic,2024-07-07,CAF,AFRO,71,0,1,1,0,0
Congo,2024-07-07,COG,AFRO,45,0,2,0,0,0
Côte d’Ivoire,2024-07-07,CIV,AFRO,1,0,0,1,0,0
Democratic Republic of the Congo,2024-07-07,COD,AFRO,3137,0,11,263,0,0
Ghana,2024-07-07,GHA,AFRO,128,0,4,0,0,0
Liberia,2024-07-07,LBR,AFRO,23,0,0,1,0,0
Mozambique,2024-07-07,MOZ,AFRO,1,0,1,0,0,0
Nigeria,2024-07-07,NGA,AFRO,897,0,9,3,0,0
Rwanda,2024-07-07,RWA,AFRO,0,0,0,0,0,0
South Africa,2024-07-07,ZAF,AFRO,25,0,3,4,0,0
Uganda,2024-07-07,UGA,AFRO,0,0,0,0,0,0
Argentina,2024-07-08,ARG,AMRO,1152,0,2,0,0,0
Aruba,2024-07-08,ABW,AMRO,3,0,0,0,0,0
Australia,2024-07-08,AUS,WPRO,278,0,0,0,0,0
Bahamas,2024-07-08,BHS,AMRO,4,0,0,0,0,0
Barbados,2024-07-08,BRB,AMRO,1,0,0,0,0,0
Bermuda,2024-07-08,BMU,AMRO,1,0,0,0,0,0
Bolivia (Plurinational State of),2024-07-08,BOL,AMRO,266,0,0,0,0,0
Brazil,2024-07-08,BRA,AMRO,12324,0,16,25,0,0
Canada,2024-07-08,CAN,AMRO,1685,0,0,10,0,0
Chile,2024-07-08,CHL,AMRO,1460,0,3,0,0,0
China,2024-07-08,CHN,WPRO,2513,0,1,2,0,1
Colombia,2024-07-08,COL,AMRO,4259,0,0,2,0,0
Costa Rica,2024-07-08,CRI,AMRO,226,0,1,0,0,0
Cuba,2024-07-08,CUB,AMRO,8,0,1,0,0,0
Curaçao,2024-07-08,CUW,AMRO,3,0,0,0,0,0
Dominican Republic,2024-07-08,DOM,AMRO,83,0,1,0,0,0
Ecuador,2024-07-08,ECU,AMRO,601,0,3,0,0,0
El Salvador,2024-07-08,SLV,AMRO,106,0,0,0,0,0
Guadeloupe,2024-07-08,GLP,AMRO,1,0,0,0,0,0
Guatemala,2024-07-08,GTM,AMRO,406,0,1,0,0,0
Guyana,2024-07-08,GUY,AMRO,2,0,0,0,0,0
Honduras,2024-07-08,HND,AMRO,44,0,0,0,0,0
Jamaica,2024-07-08,JAM,AMRO,21,0,0,0,0,0
Martinique,2024-07-08,MTQ,AMRO,7,0,0,0,0,0
Mexico,2024-07-08,MEX,AMRO,4125,0,34,3,0,0
Panama,2024-07-08,PAN,AMRO,240,0,1,0,0,0
Paraguay,2024-07-08,PRY,AMRO,126,0,0,0,0,0
Peru,2024-07-08,PER,AMRO,3945,0,26,4,0,0
Saint Martin,2024-07-08,MAF,AMRO,1,0,0,0,0,0
Trinidad and Tobago,2024-07-08,TTO,AMRO,4,0,0,0,0,0
United States of America,2024-07-08,USA,AMRO,33507,0,63,60,0,1
Uruguay,2024-07-08,URY,AMRO,19,0,0,0,0,0
Venezuela (Bolivarian Republic of),2024-07-08,VEN,AMRO,12,0,0,0,0,0
Andorra,2024-07-09,AND,EURO,4,0,0,0,0,0
Austria,2024-07-09,AUT,EURO,348,0,1,0,0,0
Belgium,2024-07-09,BEL,EURO,810,0,2,0,0,0
Bosnia and Herzegovina,2024-07-09,BIH,EURO,9,0,0,0,0,0
Bulgaria,2024-07-09,BGR,EURO,7,0,0,0,0,0
Croatia,2024-07-09,HRV,EURO,34,0,0,0,0,0
Cyprus,2024-07-09,CYP,EURO,5,0,0,0,0,0
Czechia,2024-07-09,CZE,EURO,82,0,1,0,0,0
Denmark,2024-07-09,DNK,EURO,198,0,0,0,0,0
Estonia,2024-07-09,EST,EURO,11,0,0,0,0,0
Finland,2024-07-09,FIN,EURO,43,0,0,0,0,0
France,2024-07-09,FRA,EURO,4272,0,0,0,0,0
Georgia,2024-07-09,GEO,EURO,2,0,0,0,0,0
Germany,2024-07-09,DEU,EURO,3857,0,0,0,0,0
Gibraltar,2024-07-09,GIB,EURO,6,0,0,0,0,0
Greece,2024-07-09,GRC,EURO,99,0,0,0,0,0
Greenland,2024-07-09,GRL,EURO,2,0,0,0,0,0
Hungary,2024-07-09,HUN,EURO,85,0,0,0,0,0
Iceland,2024-07-09,ISL,EURO,17,0,0,0,0,0
Ireland,2024-07-09,IRL,EURO,249,0,0,0,0,0
Israel,2024-07-09,ISR,EURO,314,0,0,0,0,0
Italy,2024-07-09,ITA,EURO,1049,0,0,0,0,0
Latvia,2024-07-09,LVA,EURO,6,0,0,0,0,0
Lithuania,2024-07-09,LTU,EURO,5,0,0,0,0,0
Luxembourg,2024-07-09,LUX,EURO,61,0,0,0,0,0
Malta,2024-07-09,MLT,EURO,35,0,0,0,0,0
Monaco,2024-07-09,MCO,EURO,3,0,0,0,0,0
Montenegro,2024-07-09,MNE,EURO,2,0,0,0,0,0
Netherlands,2024-07-09,NLD,EURO,1304,0,0,0,0,0
Norway,2024-07-09,NOR,EURO,106,0,0,0,0,0
Poland,2024-07-09,POL,EURO,223,0,0,0,0,0
Portugal,2024-07-09,PRT,EURO,1193,0,2,0,0,0
Republic of Moldova,2024-07-09,MDA,EURO,2,0,0,0,0,0
Romania,2024-07-09,ROU,EURO,47,0,0,0,0,0
Russian Federation,2024-07-09,RUS,EURO,4,0,0,0,0,0
San Marino,2024-07-09,SMR,EURO,1,0,0,0,0,0
Serbia,2024-07-09,SRB,EURO,40,0,0,0,0,0
Slovakia,2024-07-09,SVK,EURO,16,0,0,0,0,0
Slovenia,2024-07-09,SVN,EURO,47,0,0,0,0,0
Spain,2024-07-09,ESP,EURO,8084,0,3,0,0,0
Sweden,2024-07-09,SWE,EURO,299,0,0,0,0,0
Switzerland,2024-07-09,CHE,EURO,579,0,0,0,0,0
The United Kingdom,2024-07-09,GBR,EURO,3952,0,0,0,0,0
Türkiye,2024-07-09,TUR,EURO,12,0,0,0,0,0
Ukraine,2024-07-09,UKR,EURO,5,0,0,0,0,0
Republic of Korea,2024-07-12,KOR,WPRO,161,0,0,2,0,0
Singapore,2024-07-13,SGP,WPRO,61,0,0,1,0,0
Benin,2024-07-14,BEN,AFRO,3,0,0,0,0,0
Cameroon,2024-07-14,CMR,AFRO,50,0,5,0,0,0
Central African Republic,2024-07-14,CAF,AFRO,72,0,1,1,0,0
Congo,2024-07-14,COG,AFRO,45,0,2,0,0,0
Côte d’Ivoire,2024-07-14,CIV,AFRO,2,0,0,1,0,0
Democratic Republic of the Congo,2024-07-14,COD,AFRO,3455,0,12,318,0,1
Ghana,2024-07-14,GHA,AFRO,128,0,4,0,0,0
Liberia,2024-07-14,LBR,AFRO,23,0,0,0,0,0
Mozambique,2024-07-14,MOZ,AFRO,1,0,1,0,0,0
Nigeria,2024-07-14,NGA,AFRO,897,0,9,0,0,0
Rwanda,2024-07-14,RWA,AFRO,0,0,0,0,0,0
South Africa,2024-07-14,ZAF,AFRO,27,0,3,2,0,0
Uganda,2024-07-14,UGA,AFRO,3,0,0,3,0,0
Argentina,2024-07-15,ARG,AMRO,1152,0,2,0,0,0
Aruba,2024-07-15,ABW,AMRO,3,0,0,0,0,0
Australia,2024-07-15,AUS,WPRO,292,0,0,14,0,0
Bahamas,2024-07-15,BHS,AMRO,4,0,0,0,0,0
Barbados,2024-07-15,BRB,AMRO,1,0,0,0,0,0
Bermuda,2024-07-15,BMU,AMRO,1,0,0,0,0,0
Bolivia (Plurinational State of),2024-07-15,BOL,AMRO,266,0,0,0,0,0
Brazil,2024-07-15,BRA,AMRO,12350,0,16,26,0,0
Canada,2024-07-15,CAN,AMRO,1699,0,0,14,0,0
Chile,2024-07-15,CHL,AMRO,1460,0,3,0,0,0
Colombia,2024-07-15,COL,AMRO,4262,0,0,3,0,0
Costa Rica,2024-07-15,CRI,AMRO,226,0,1,0,0,0
Cuba,2024-07-15,CUB,AMRO,8,0,1,0,0,0
Curaçao,2024-07-15,CUW,AMRO,3,0,0,0,0,0
Dominican Republic,2024-07-15,DOM,AMRO,83,0,1,0,0,0
Ecuador,2024-07-15,ECU,AMRO,601,0,3,0,0,0
El Salvador,2024-07-15,SLV,AMRO,106,0,0,0,0,0
Guadeloupe,2024-07-15,GLP,AMRO,1,0,0,0,0,0
Guatemala,2024-07-15,GTM,AMRO,406,0,1,0,0,0
Guyana,2024-07-15,GUY,AMRO,2,0,0,0,0,0
Honduras,2024-07-15,HND,AMRO,44,0,0,0,0,0
Jamaica,2024-07-15,JAM,AMRO,21,0,0,0,0,0
Martinique,2024-07-15,MTQ,AMRO,7,0,0,0,0,0
Mexico,2024-07-15,MEX,AMRO,4126,0,34,1,0,0
Panama,2024-07-15,PAN,AMRO,240,0,1,0,0,0
Paraguay,2024-07-15,PRY,AMRO,126,0,0,0,0,0
Peru,2024-07-15,PER,AMRO,3948,0,26,3,0,0
Saint Martin,2024-07-15,MAF,AMRO,1,0,0,0,0,0
Trinidad and Tobago,2024-07-15,TTO,AMRO,4,0,0,0,0,0
United States of America,2024-07-15,USA,AMRO,33570,0,63,63,0,0
Uruguay,2024-07-15,URY,AMRO,19,0,0,0,0,0
Venezuela (Bolivarian Republic of),2024-07-15,VEN,AMRO,12,0,0,0,0,0
China,2024-07-16,CHN,WPRO,2519,0,1,6,0,0
Viet Nam,2024-07-16,VNM,WPRO,203,0,8,1,0,0
Benin,2024-07-21,BEN,AFRO,3,0,0,0,0,0
Burundi,2024-07-21,BDI,AFRO,0,0,0,0,0,0
Cameroon,2024-07-21,CMR,AFRO,50,0,5,0,0,0
Central African Republic,2024-07-21,CAF,AFRO,76,0,1,4,0,0
Congo,2024-07-21,COG,AFRO,45,0,2,0,0,0
Côte d’Ivoire,2024-07-21,CIV,AFRO,5,0,0,3,0,0
Democratic Republic of the Congo,2024-07-21,COD,AFRO,3867,0,15,412,0,3
Ghana,2024-07-21,GHA,AFRO,128,0,4,0,0,0
Kenya,2024-07-21,KEN,AFRO,0,0,0,0,0,0
Liberia,2024-07-21,LBR,AFRO,23,0,0,0,0,0
Mozambique,2024-07-21,MOZ,AFRO,1,0,1,0,0,0
Nigeria,2024-07-21,NGA,AFRO,898,0,9,1,0,0
Rwanda,2024-07-21,RWA,AFRO,2,0,0,2,0,0
South Africa,2024-07-21,ZAF,AFRO,27,0,3,0,0,0
Uganda,2024-07-21,UGA,AFRO,3,0,0,0,0,0
Argentina,2024-07-22,ARG,AMRO,1153,0,2,1,0,0
Aruba,2024-07-22,ABW,AMRO,3,0,0,0,0,0
Australia,2024-07-22,AUS,WPRO,313,0,0,21,0,0
Bahamas,2024-07-22,BHS,AMRO,4,0,0,0,0,0
Barbados,2024-07-22,BRB,AMRO,1,0,0,0,0,0
Bermuda,2024-07-22,BMU,AMRO,1,0,0,0,0,0
Bolivia (Plurinational State of),2024-07-22,BOL,AMRO,266,0,0,0,0,0
Brazil,2024-07-22,BRA,AMRO,12383,0,16,33,0,0
Canada,2024-07-22,CAN,AMRO,1718,0,0,19,0,0
Chile,2024-07-22,CHL,AMRO,1461,0,3,1,0,0
Colombia,2024-07-22,COL,AMRO,4262,0,0,0,0,0
Costa Rica,2024-07-22,CRI,AMRO,226,0,1,0,0,0
Cuba,2024-07-22,CUB,AMRO,8,0,1,0,0,0
Curaçao,2024-07-22,CUW,AMRO,3,0,0,0,0,0
Dominican Republic,2024-07-22,DOM,AMRO,83,0,1,0,0,0
Ecuador,2024-07-22,ECU,AMRO,601,0,3,0,0,0
El Salvador,2024-07-22,SLV,AMRO,106,0,0,0,0,0
Guadeloupe,2024-07-22,GLP,AMRO,1,0,0,0,0,0
Guatemala,2024-07-22,GTM,AMRO,406,0,1,0,0,0
Guyana,2024-07-22,GUY,AMRO,2,0,0,0,0,0
Honduras,2024-07-22,HND,AMRO,44,0,0,0,0,0
Jamaica,2024-07-22,JAM,AMRO,21,0,0,0,0,0
Martinique,2024-07-22,MTQ,AMRO,7,0,0,0,0,0
Mexico,2024-07-22,MEX,AMRO,4126,0,34,0,0,0
Panama,2024-07-22,PAN,AMRO,240,0,1,0,0,0
Paraguay,2024-07-22,PRY,AMRO,126,0,0,0,0,0
Peru,2024-07-22,PER,AMRO,3950,0,26,2,0,0
Saint Martin,2024-07-22,MAF,AMRO,1,0,0,0,0,0
Trinidad and Tobago,2024-07-22,TTO,AMRO,4,0,0,0,0,0
United States of America,2024-07-22,USA,AMRO,33614,0,63,44,0,0
Uruguay,2024-07-22,URY,AMRO,19,0,0,0,0,0
Venezuela (Bolivarian Republic of),2024-07-22,VEN,AMRO,12,0,0,0,0,0
Australia,2024-07-27,AUS,WPRO,334,0,0,21,0,0
Benin,2024-07-28,BEN,AFRO,3,0,0,0,0,0
Burundi,2024-07-28,BDI,AFRO,9,0,0,9,0,0
Cameroon,2024-07-28,CMR,AFRO,50,0,5,0,0,0
Central African Republic,2024-07-28,CAF,AFRO,85,0,2,9,0,1
China,2024-07-28,CHN,WPRO,2528,0,1,9,0,0
Congo,2024-07-28,COG,AFRO,45,0,2,0,0,0
Côte d’Ivoire,2024-07-28,CIV,AFRO,9,0,0,4,0,0
Democratic Republic of the Congo,2024-07-28,COD,AFRO,4150,0,19,283,0,4
Ghana,2024-07-28,GHA,AFRO,128,0,4,0,0,0
Guinea,2024-07-28,GIN,AFRO,0,0,0,0,0,0
Kenya,2024-07-28,KEN,AFRO,0,0,0,0,0,0
Liberia,2024-07-28,LBR,AFRO,23,0,0,0,0,0
Mozambique,2024-07-28,MOZ,AFRO,1,0,1,0,0,0
Nigeria,2024-07-28,NGA,AFRO,898,0,9,0,0,0
Rwanda,2024-07-28,RWA,AFRO,2,0,0,0,0,0
South Africa,2024-07-28,ZAF,AFRO,27,0,3,0,0,0
Uganda,2024-07-28,UGA,AFRO,3,0,0,0,0,0
Argentina,2024-07-29,ARG,AMRO,1155,0,2,2,0,0
Aruba,2024-07-29,ABW,AMRO,3,0,0,0,0,0
Bahamas,2024-07-29,BHS,AMRO,4,0,0,0,0,0
Barbados,2024-07-29,BRB,AMRO,1,0,0,0,0,0
Bermuda,2024-07-29,BMU,AMRO,1,0,0,0,0,0
Bolivia (Plurinational State of),2024-07-29,BOL,AMRO,266,0,0,0,0,0
Brazil,2024-07-29,BRA,AMRO,12419,0,16,36,0,0
Canada,2024-07-29,CAN,AMRO,1734,0,0,16,0,0
Chile,2024-07-29,CHL,AMRO,1461,0,3,0,0,0
China,2024-07-29,CHN,WPRO,2528,0,1,0,0,0
Colombia,2024-07-29,COL,AMRO,4263,0,0,1,0,0
Costa Rica,2024-07-29,CRI,AMRO,226,0,1,0,0,0
Cuba,2024-07-29,CUB,AMRO,8,0,1,0,0,0
Curaçao,2024-07-29,CUW,AMRO,3,0,0,0,0,0
Dominican Republic,2024-07-29,DOM,AMRO,83,0,1,0,0,0
Ecuador,2024-07-29,ECU,AMRO,602,0,3,1,0,0
El Salvador,2024-07-29,SLV,AMRO,106,0,0,0,0,0
Guadeloupe,2024-07-29,GLP,AMRO,1,0,0,0,0,0
Guatemala,2024-07-29,GTM,AMRO,406,0,1,0,0,0
Guyana,2024-07-29,GUY,AMRO,2,0,0,0,0,0
Honduras,2024-07-29,HND,AMRO,44,0,0,0,0,0
Jamaica,2024-07-29,JAM,AMRO,21,0,0,0,0,0
Martinique,2024-07-29,MTQ,AMRO,7,0,0,0,0,0
Mexico,2024-07-29,MEX,AMRO,4129,0,34,3,0,0
Panama,2024-07-29,PAN,AMRO,241,0,1,1,0,0
Paraguay,2024-07-29,PRY,AMRO,126,0,0,0,0,0
Peru,2024-07-29,PER,AMRO,3952,0,26,2,0,0
Saint Martin,2024-07-29,MAF,AMRO,1,0,0,0,0,0
Trinidad and Tobago,2024-07-29,TTO,AMRO,4,0,0,0,0,0
United States of America,2024-07-29,USA,AMRO,33672,0,63,58,0,0
Uruguay,2024-07-29,URY,AMRO,19,0,0,0,0,0
Venezuela (Bolivarian Republic of),2024-07-29,VEN,AMRO,12,0,0,0,0,0
Australia,2024-07-30,AUS,WPRO,366,0,0,32,0,0
China,2024-07-30,CHN,WPRO,2567,0,1,39,0,0
Andorra,2024-07-31,AND,EURO,4,0,0,0,0,0
Australia,2024-07-31,AUS,WPRO,379,0,0,13,0,0
Austria,2024-07-31,AUT,EURO,348,0,1,0,0,0
Belgium,2024-07-31,BEL,EURO,811,0,2,1,0,0
Bosnia and Herzegovina,2024-07-31,BIH,EURO,9,0,0,0,0,0
Bulgaria,2024-07-31,BGR,EURO,7,0,0,0,0,0
China,2024-07-31,CHN,WPRO,2567,0,1,0,0,0
Croatia,2024-07-31,HRV,EURO,34,0,0,0,0,0
Cyprus,2024-07-31,CYP,EURO,5,0,0,0,0,0
Czechia,2024-07-31,CZE,EURO,82,0,1,0,0,0
Denmark,2024-07-31,DNK,EURO,203,0,0,5,0,0
Estonia,2024-07-31,EST,EURO,11,0,0,0,0,0
Finland,2024-07-31,FIN,EURO,43,0,0,0,0,0
France,2024-07-31,FRA,EURO,4283,0,0,11,0,0
Georgia,2024-07-31,GEO,EURO,2,0,0,0,0,0
Germany,2024-07-31,DEU,EURO,3886,0,0,29,0,0
Gibraltar,2024-07-31,GIB,EURO,6,0,0,0,0,0
Greece,2024-07-31,GRC,EURO,99,0,0,0,0,0
Greenland,2024-07-31,GRL,EURO,2,0,0,0,0,0
Hungary,2024-07-31,HUN,EURO,85,0,0,0,0,0
Iceland,2024-07-31,ISL,EURO,17,0,0,0,0,0
India,2024-07-31,IND,SEARO,27,0,1,0,0,0
Indonesia,2024-07-31,IDN,SEARO,88,0,0,0,0,0
Ireland,2024-07-31,IRL,EURO,249,0,0,0,0,0
Israel,2024-07-31,ISR,EURO,317,0,0,3,0,0
Italy,2024-07-31,ITA,EURO,1056,0,0,7,0,0
Latvia,2024-07-31,LVA,EURO,6,0,0,0,0,0
Lithuania,2024-07-31,LTU,EURO,5,0,0,0,0,0
Luxembourg,2024-07-31,LUX,EURO,61,0,0,0,0,0
Malta,2024-07-31,MLT,EURO,35,0,0,0,0,0
Monaco,2024-07-31,MCO,EURO,3,0,0,0,0,0
Montenegro,2024-07-31,MNE,EURO,2,0,0,0,0,0
Nepal,2024-07-31,NPL,SEARO,1,0,0,0,0,0
Netherlands,2024-07-31,NLD,EURO,1308,0,0,4,0,0
Norway,2024-07-31,NOR,EURO,107,0,0,1,0,0
Poland,2024-07-31,POL,EURO,223,0,0,0,0,0
Portugal,2024-07-31,PRT,EURO,1196,0,2,3,0,0
Republic of Moldova,2024-07-31,MDA,EURO,2,0,0,0,0,0
Romania,2024-07-31,ROU,EURO,47,0,0,0,0,0
Russian Federation,2024-07-31,RUS,EURO,4,0,0,0,0,0
San Marino,2024-07-31,SMR,EURO,1,0,0,0,0,0
Saudi Arabia,2024-07-31,SAU,EMRO,763,0,0,9,0,0
Serbia,2024-07-31,SRB,EURO,40,0,0,0,0,0
Slovakia,2024-07-31,SVK,EURO,16,0,0,0,0,0
Slovenia,2024-07-31,SVN,EURO,47,0,0,0,0,0
Spain,2024-07-31,ESP,EURO,8104,0,3,20,0,0
Sri Lanka,2024-07-31,LKA,SEARO,4,0,0,0,0,0
Sweden,2024-07-31,SWE,EURO,300,0,0,1,0,0
Switzerland,2024-07-31,CHE,EURO,579,0,0,0,0,0
Thailand,2024-07-31,THA,SEARO,820,0,10,15,0,0
The United Kingdom,2024-07-31,GBR,EURO,4018,0,0,66,0,0
Türkiye,2024-07-31,TUR,EURO,12,0,0,0,0,0
Ukraine,2024-07-31,UKR,EURO,5,0,0,0,0,0
China,2024-08-02,CHN,WPRO,2569,0,1,2,0,0
Republic of Korea,2024-08-02,KOR,WPRO,165,0,0,4,0,0
Benin,2024-08-04,BEN,AFRO,3,0,0,0,0,0
Burundi,2024-08-04,BDI,AFRO,40,0,0,31,0,0
Cameroon,2024-08-04,CMR,AFRO,50,0,5,0,0,0
Central African Republic,2024-08-04,CAF,AFRO,88,0,2,3,0,0
Congo,2024-08-04,COG,AFRO,45,0,2,0,0,0
Côte d’Ivoire,2024-08-04,CIV,AFRO,13,0,0,4,0,0
Democratic Republic of the Congo,2024-08-04,COD,AFRO,4300,0,20,150,0,1
Ghana,2024-08-04,GHA,AFRO,128,0,4,0,0,0
Guinea,2024-08-04,GIN,AFRO,0,0,0,0,0,0
Kenya,2024-08-04,KEN,AFRO,1,0,0,1,0,0
Liberia,2024-08-04,LBR,AFRO,23,0,0,0,0,0
Nigeria,2024-08-04,NGA,AFRO,898,0,9,0,0,0
Rwanda,2024-08-04,RWA,AFRO,2,0,0,0,0,0
South Africa,2024-08-04,ZAF,AFRO,29,0,3,2,0,0
Uganda,2024-08-04,UGA,AFRO,3,0,0,0,0,0
Argentina,2024-08-05,ARG,AMRO,1158,0,2,3,0,0
Aruba,2024-08-05,ABW,AMRO,3,0,0,0,0,0
Bahamas,2024-08-05,BHS,AMRO,4,0,0,0,0,0
Barbados,2024-08-05,BRB,AMRO,1,0,0,0,0,0
Bermuda,2024-08-05,BMU,AMRO,1,0,0,0,0,0
Bolivia (Plurinational State of),2024-08-05,BOL,AMRO,266,0,0,0,0,0
Brazil,2024-08-05,BRA,AMRO,12476,0,16,57,0,0
Canada,2024-08-05,CAN,AMRO,1754,0,0,20,0,0
Chile,2024-08-05,CHL,AMRO,1461,0,3,0,0,0
Colombia,2024-08-05,COL,AMRO,4265,0,0,2,0,0
Costa Rica,2024-08-05,CRI,AMRO,226,0,1,0,0,0
Cuba,2024-08-05,CUB,AMRO,8,0,1,0,0,0
Curaçao,2024-08-05,CUW,AMRO,3,0,0,0,0,0
Dominican Republic,2024-08-05,DOM,AMRO,83,0,1,0,0,0
Ecuador,2024-08-05,ECU,AMRO,603,0,3,1,0,0
El Salvador,2024-08-05,SLV,AMRO,106,0,0,0,0,0
Guadeloupe,2024-08-05,GLP,AMRO,1,0,0,0,0,0
Guatemala,2024-08-05,GTM,AMRO,406,0,1,0,0,0
Guyana,2024-08-05,GUY,AMRO,2,0,0,0,0,0
Honduras,2024-08-05,HND,AMRO,44,0,0,0,0,0
Jamaica,2024-08-05,JAM,AMRO,21,0,0,0,0,0
Japan,2024-08-05,JPN,WPRO,248,0,1,1,0,0
Martinique,2024-08-05,MTQ,AMRO,7,0,0,0,0,0
Mexico,2024-08-05,MEX,AMRO,4133,0,34,4,0,0
Panama,2024-08-05,PAN,AMRO,241,0,1,0,0,0
Paraguay,2024-08-05,PRY,AMRO,126,0,0,0,0,0
Peru,2024-08-05,PER,AMRO,3952,0,26,0,0,0
Saint Martin,2024-08-05,MAF,AMRO,1,0,0,0,0,0
Trinidad and Tobago,2024-08-05,TTO,AMRO,4,0,0,0,0,0
United States of America,2024-08-05,USA,AMRO,33727,0,63,55,0,0
Uruguay,2024-08-05,URY,AMRO,19,0,0,0,0,0
Venezuela (Bolivarian Republic of),2024-08-05,VEN,AMRO,12,0,0,0,0,0
China,2024-08-06,CHN,WPRO,2571,0,1,2,0,0
Mozambique,2024-08-09,MOZ,AFRO,1,0,1,0,0,0
Benin,2024-08-11,BEN,AFRO,3,0,0,0,0,0
Burundi,2024-08-11,BDI,AFRO,83,0,0,43,0,0
Cameroon,2024-08-11,CMR,AFRO,50,0,5,0,0,0
Central African Republic,2024-08-11,CAF,AFRO,90,0,2,2,0,0
Congo,2024-08-11,COG,AFRO,47,0,2,2,0,0
Côte d’Ivoire,2024-08-11,CIV,AFRO,18,0,0,5,0,0
Democratic Republic of the Congo,2024-08-11,COD,AFRO,4459,0,22,159,0,2
Ghana,2024-08-11,GHA,AFRO,128,0,4,0,0,0
Guinea,2024-08-11,GIN,AFRO,0,0,0,0,0,0
Kenya,2024-08-11,KEN,AFRO,1,0,0,0,0,0
Liberia,2024-08-11,LBR,AFRO,23,0,0,0,0,0
Nigeria,2024-08-11,NGA,AFRO,900,0,9,2,0,0
Rwanda,2024-08-11,RWA,AFRO,4,0,0,2,0,0
South Africa,2024-08-11,ZAF,AFRO,29,0,3,0,0,0
Uganda,2024-08-11,UGA,AFRO,5,0,0,2,0,0
Argentina,2024-08-12,ARG,AMRO,1162,0,2,4,0,0
Aruba,2024-08-12,ABW,AMRO,3,0,0,0,0,0
Bahamas,2024-08-12,BHS,AMRO,4,0,0,0,0,0
Barbados,2024-08-12,BRB,AMRO,1,0,0,0,0,0
Bermuda,2024-08-12,BMU,AMRO,1,0,0,0,0,0
Bolivia (Plurinational State of),2024-08-12,BOL,AMRO,266,0,0,0,0,0
Brazil,2024-08-12,BRA,AMRO,12545,0,16,69,0,0
Canada,2024-08-12,CAN,AMRO,1770,0,0,16,0,0
Chile,2024-08-12,CHL,AMRO,1461,0,3,0,0,0
Colombia,2024-08-12,COL,AMRO,4265,0,0,0,0,0
Costa Rica,2024-08-12,CRI,AMRO,226,0,1,0,0,0
Cuba,2024-08-12,CUB,AMRO,8,0,1,0,0,0
Curaçao,2024-08-12,CUW,AMRO,3,0,0,0,0,0
Dominican Republic,2024-08-12,DOM,AMRO,83,0,1,0,0,0
Ecuador,2024-08-12,ECU,AMRO,604,0,3,1,0,0
El Salvador,2024-08-12,SLV,AMRO,106,0,0,0,0,0
Guadeloupe,2024-08-12,GLP,AMRO,1,0,0,0,0,0
Guatemala,2024-08-12,GTM,AMRO,406,0,1,0,0,0
Guyana,2024-08-12,GUY,AMRO,2,0,0,0,0,0
Honduras,2024-08-12,HND,AMRO,44,0,0,0,0,0
Jamaica,2024-08-12,JAM,AMRO,21,0,0,0,0,0
Martinique,2024-08-12,MTQ,AMRO,7,0,0,0,0,0
Mexico,2024-08-12,MEX,AMRO,4135,0,34,2,0,0
Mozambique,2024-08-12,MOZ,AFRO,1,0,1,0,0,0
Panama,2024-08-12,PAN,AMRO,241,0,1,0,0,0
Paraguay,2024-08-12,PRY,AMRO,126,0,0,0,0,0
Peru,2024-08-12,PER,AMRO,3953,0,26,1,0,0
Saint Martin,2024-08-12,MAF,AMRO,1,0,0,0,0,0
Trinidad and Tobago,2024-08-12,TTO,AMRO,4,0,0,0,0,0
United States of America,2024-08-12,USA,AMRO,33795,0,63,68,0,0
Uruguay,2024-08-12,URY,AMRO,19,0,0,0,0,0
Venezuela (Bolivarian Republic of),2024-08-12,VEN,AMRO,12,0,0,0,0,0
China,2024-08-13,CHN,WPRO,2576,0,1,5,0,0
Pakistan,2024-08-14,PAK,EMRO,11,0,1,1,0,0
Singapore,2024-08-15,SGP,WPRO,63,0,0,2,0,0
United Arab Emirates,2024-08-15,ARE,EMRO,28,0,0,0,0,0
Benin,2024-08-18,BEN,AFRO,3,0,0,0,0,0
Burundi,2024-08-18,BDI,AFRO,153,0,0,70,0,0
Cameroon,2024-08-18,CMR,AFRO,50,0,5,0,0,0
Central African Republic,2024-08-18,CAF,AFRO,92,0,2,2,0,0
Congo,2024-08-18,COG,AFRO,47,0,2,0,0,0
Côte d’Ivoire,2024-08-18,CIV,AFRO,33,0,1,15,0,1
Democratic Republic of the Congo,2024-08-18,COD,AFRO,4655,0,23,196,0,1
Gabon,2024-08-18,GAB,AFRO,0,0,0,0,0,0
Ghana,2024-08-18,GHA,AFRO,128,0,4,0,0,0
Guinea,2024-08-18,GIN,AFRO,0,0,0,0,0,0
Kenya,2024-08-18,KEN,AFRO,1,0,0,0,0,0
Liberia,2024-08-18,LBR,AFRO,23,0,0,0,0,0
Mozambique,2024-08-18,MOZ,AFRO,1,0,1,0,0,0
Nigeria,2024-08-18,NGA,AFRO,903,0,9,3,0,0
Rwanda,2024-08-18,RWA,AFRO,4,0,0,0,0,0
South Africa,2024-08-18,ZAF,AFRO,29,0,3,0,0,0
Uganda,2024-08-18,UGA,AFRO,6,0,0,1,0,0
Argentina,2024-08-19,ARG,AMRO,1174,0,2,12,0,0
Aruba,2024-08-19,ABW,AMRO,3,0,0,0,0,0
Bahamas,2024-08-19,BHS,AMRO,4,0,0,0,0,0
Barbados,2024-08-19,BRB,AMRO,1,0,0,0,0,0
Bermuda,2024-08-19,BMU,AMRO,1,0,0,0,0,0
Bolivia (Plurinational State of),2024-08-19,BOL,AMRO,266,0,0,0,0,0
Brazil,2024-08-19,BRA,AMRO,12636,0,16,91,0,0
Canada,2024-08-19,CAN,AMRO,1778,0,0,8,0,0
Chile,2024-08-19,CHL,AMRO,1461,0,3,0,0,0
Colombia,2024-08-19,COL,AMRO,4267,0,0,2,0,0
Costa Rica,2024-08-19,CRI,AMRO,226,0,1,0,0,0
Cuba,2024-08-19,CUB,AMRO,8,0,1,0,0,0
Curaçao,2024-08-19,CUW,AMRO,3,0,0,0,0,0
Dominican Republic,2024-08-19,DOM,AMRO,83,0,1,0,0,0
Ecuador,2024-08-19,ECU,AMRO,605,0,3,1,0,0
El Salvador,2024-08-19,SLV,AMRO,106,0,0,0,0,0
Guadeloupe,2024-08-19,GLP,AMRO,1,0,0,0,0,0
Guatemala,2024-08-19,GTM,AMRO,406,0,1,0,0,0
Guyana,2024-08-19,GUY,AMRO,2,0,0,0,0,0
Honduras,2024-08-19,HND,AMRO,44,0,0,0,0,0
Jamaica,2024-08-19,JAM,AMRO,21,0,0,0,0,0
Martinique,2024-08-19,MTQ,AMRO,7,0,0,0,0,0
Mexico,2024-08-19,MEX,AMRO,4141,0,34,6,0,0
Panama,2024-08-19,PAN,AMRO,241,0,1,0,0,0
Paraguay,2024-08-19,PRY,AMRO,126,0,0,0,0,0
Peru,2024-08-19,PER,AMRO,3954,0,26,1,0,0
Philippines,2024-08-19,PHL,WPRO,10,0,0,1,0,0
Saint Martin,2024-08-19,MAF,AMRO,1,0,0,0,0,0
Trinidad and Tobago,2024-08-19,TTO,AMRO,4,0,0,0,0,0
United States of America,2024-08-19,USA,AMRO,33862,0,63,67,0,0
Uruguay,2024-08-19,URY,AMRO,19,0,0,0,0,0
Venezuela (Bolivarian Republic of),2024-08-19,VEN,AMRO,12,0,0,0,0,0
China,2024-08-20,CHN,WPRO,2580,0,1,4,0,0
Australia,2024-08-21,AUS,WPRO,453,0,0,74,0,0
Saudi Arabia,2024-08-21,SAU,EMRO,764,0,0,1,0,0
Pakistan,2024-08-22,PAK,EMRO,12,0,1,1,0,0
Republic of Korea,2024-08-22,KOR,WPRO,166,0,0,1,0,0
Singapore,2024-08-23,SGP,WPRO,64,0,0,1,0,0
Benin,2024-08-25,BEN,AFRO,3,0,0,0,0,0
Burundi,2024-08-25,BDI,AFRO,231,0,0,78,0,0
Cameroon,2024-08-25,CMR,AFRO,50,0,5,0,0,0
Central African Republic,2024-08-25,CAF,AFRO,95,0,2,3,0,0
Congo,2024-08-25,COG,AFRO,47,0,2,0,0,0
Côte d’Ivoire,2024-08-25,CIV,AFRO,40,0,1,7,0,0
Democratic Republic of the Congo,2024-08-25,COD,AFRO,4860,0,23,205,0,0
Gabon,2024-08-25,GAB,AFRO,1,0,0,1,0,0
Ghana,2024-08-25,GHA,AFRO,128,0,4,0,0,0
Guinea,2024-08-25,GIN,AFRO,0,0,0,0,0,0
Kenya,2024-08-25,KEN,AFRO,2,0,0,1,0,0
Liberia,2024-08-25,LBR,AFRO,24,0,0,1,0,0
Mozambique,2024-08-25,MOZ,AFRO,1,0,1,0,0,0
Nigeria,2024-08-25,NGA,AFRO,913,0,9,10,0,0
Rwanda,2024-08-25,RWA,AFRO,4,0,0,0,0,0
South Africa,2024-08-25,ZAF,AFRO,29,0,3,0,0,0
Uganda,2024-08-25,UGA,AFRO,7,0,0,1,0,0
Argentina,2024-08-26,ARG,AMRO,1181,0,2,7,0,0
Aruba,2024-08-26,ABW,AMRO,3,0,0,0,0,0
Bahamas,2024-08-26,BHS,AMRO,4,0,0,0,0,0
Barbados,2024-08-26,BRB,AMRO,1,0,0,0,0,0
Bermuda,2024-08-26,BMU,AMRO,1,0,0,0,0,0
Bolivia (Plurinational State of),2024-08-26,BOL,AMRO,266,0,0,0,0,0
Brazil,2024-08-26,BRA,AMRO,12724,0,16,88,0,0
Canada,2024-08-26,CAN,AMRO,1797,0,0,19,0,0
Chile,2024-08-26,CHL,AMRO,1462,0,3,1,0,0
Colombia,2024-08-26,COL,AMRO,4270,0,0,3,0,0
Costa Rica,2024-08-26,CRI,AMRO,226,0,1,0,0,0
Cuba,2024-08-26,CUB,AMRO,8,0,1,0,0,0
Curaçao,2024-08-26,CUW,AMRO,3,0,0,0,0,0
Dominican Republic,2024-08-26,DOM,AMRO,83,0,1,0,0,0
Ecuador,2024-08-26,ECU,AMRO,610,0,3,5,0,0
El Salvador,2024-08-26,SLV,AMRO,106,0,0,0,0,0
Guadeloupe,2024-08-26,GLP,AMRO,1,0,0,0,0,0
Guatemala,2024-08-26,GTM,AMRO,406,0,1,0,0,0
Guyana,2024-08-26,GUY,AMRO,2,0,0,0,0,0
Honduras,2024-08-26,HND,AMRO,44,0,0,0,0,0
Jamaica,2024-08-26,JAM,AMRO,21,0,0,0,0,0
Martinique,2024-08-26,MTQ,AMRO,7,0,0,0,0,0
Mexico,2024-08-26,MEX,AMRO,4152,0,34,11,0,0
Panama,2024-08-26,PAN,AMRO,241,0,1,0,0,0
Paraguay,2024-08-26,PRY,AMRO,126,0,0,0,0,0
Peru,2024-08-26,PER,AMRO,3954,0,26,0,0,0
Saint Martin,2024-08-26,MAF,AMRO,1,0,0,0,0,0
Trinidad and Tobago,2024-08-26,TTO,AMRO,4,0,0,0,0,0
United States of America,2024-08-26,USA,AMRO,33923,0,63,61,0,0
Uruguay,2024-08-26,URY,AMRO,19,0,0,0,0,0
Venezuela (Bolivarian Republic of),2024-08-26,VEN,AMRO,12,0,0,0,0,0
China,2024-08-27,CHN,WPRO,2581,0,1,1,0,0
Philippines,2024-08-28,PHL,WPRO,14,0,0,4,0,0
Viet Nam,2024-08-28,VNM,WPRO,203,0,8,0,0,0
Australia,2024-08-29,AUS,WPRO,523,0,0,70,0,0
Pakistan,2024-08-30,PAK,EMRO,13,0,1,1,0,0
Andorra,2024-08-31,AND,EURO,4,0,0,0,0,0
Australia,2024-08-31,AUS,WPRO,624,0,0,101,0,0
Austria,2024-08-31,AUT,EURO,350,0,1,2,0,0
Belgium,2024-08-31,BEL,EURO,814,0,2,3,0,0
Bosnia and Herzegovina,2024-08-31,BIH,EURO,9,0,0,0,0,0
Bulgaria,2024-08-31,BGR,EURO,7,0,0,0,0,0
China,2024-08-31,CHN,WPRO,2630,0,1,49,0,0
Croatia,2024-08-31,HRV,EURO,34,0,0,0,0,0
Cyprus,2024-08-31,CYP,EURO,5,0,0,0,0,0
Czechia,2024-08-31,CZE,EURO,85,0,1,3,0,0
Denmark,2024-08-31,DNK,EURO,204,0,0,1,0,0
Estonia,2024-08-31,EST,EURO,11,0,0,0,0,0
Finland,2024-08-31,FIN,EURO,43,0,0,0,0,0
France,2024-08-31,FRA,EURO,4307,0,0,24,0,0
Georgia,2024-08-31,GEO,EURO,2,0,0,0,0,0
Germany,2024-08-31,DEU,EURO,3909,0,0,23,0,0
Gibraltar,2024-08-31,GIB,EURO,6,0,0,0,0,0
Greece,2024-08-31,GRC,EURO,99,0,0,0,0,0
Greenland,2024-08-31,GRL,EURO,2,0,0,0,0,0
Hungary,2024-08-31,HUN,EURO,85,0,0,0,0,0
Iceland,2024-08-31,ISL,EURO,17,0,0,0,0,0
India,2024-08-31,IND,SEARO,30,0,1,3,0,0
Indonesia,2024-08-31,IDN,SEARO,88,0,0,0,0,0
Ireland,2024-08-31,IRL,EURO,250,0,0,1,0,0
Israel,2024-08-31,ISR,EURO,321,0,0,4,0,0
Italy,2024-08-31,ITA,EURO,1057,0,0,1,0,0
Latvia,2024-08-31,LVA,EURO,6,0,0,0,0,0
Lithuania,2024-08-31,LTU,EURO,5,0,0,0,0,0
Luxembourg,2024-08-31,LUX,EURO,61,0,0,0,0,0
Malta,2024-08-31,MLT,EURO,37,0,0,2,0,0
Monaco,2024-08-31,MCO,EURO,3,0,0,0,0,0
Montenegro,2024-08-31,MNE,EURO,2,0,0,0,0,0
Nepal,2024-08-31,NPL,SEARO,1,0,0,0,0,0
Netherlands,2024-08-31,NLD,EURO,1327,0,0,19,0,0
Norway,2024-08-31,NOR,EURO,109,0,0,2,0,0
Poland,2024-08-31,POL,EURO,225,0,0,2,0,0
Portugal,2024-08-31,PRT,EURO,1206,0,2,10,0,0
Republic of Moldova,2024-08-31,MDA,EURO,2,0,0,0,0,0
Romania,2024-08-31,ROU,EURO,48,0,0,1,0,0
Russian Federation,2024-08-31,RUS,EURO,4,0,0,0,0,0
San Marino,2024-08-31,SMR,EURO,1,0,0,0,0,0
Serbia,2024-08-31,SRB,EURO,40,0,0,0,0,0
Slovakia,2024-08-31,SVK,EURO,16,0,0,0,0,0
Slovenia,2024-08-31,SVN,EURO,47,0,0,0,0,0
Spain,2024-08-31,ESP,EURO,8240,0,3,136,0,0
Sri Lanka,2024-08-31,LKA,SEARO,4,0,0,0,0,0
Sweden,2024-08-31,SWE,EURO,302,0,0,2,0,0
Switzerland,2024-08-31,CHE,EURO,588,0,0,9,0,0
Thailand,2024-08-31,THA,SEARO,833,0,10,13,0,0
The United Kingdom,2024-08-31,GBR,EURO,4058,0,0,40,0,0
Türkiye,2024-08-31,TUR,EURO,12,0,0,0,0,0
Ukraine,2024-08-31,UKR,EURO,5,0,0,0,0,0
Benin,2024-09-01,BEN,AFRO,3,0,0,0,0,0
Burundi,2024-09-01,BDI,AFRO,328,0,0,97,0,0
Cameroon,2024-09-01,CMR,AFRO,50,0,5,0,0,0
Central African Republic,2024-09-01,CAF,AFRO,96,0,2,1,0,0
Congo,2024-09-01,COG,AFRO,47,0,2,0,0,0
Côte d’Ivoire,2024-09-01,CIV,AFRO,46,0,1,6,0,0
Democratic Republic of the Congo,2024-09-01,COD,AFRO,5119,0,23,259,0,0
Gabon,2024-09-01,GAB,AFRO,2,0,0,1,0,0
Ghana,2024-09-01,GHA,AFRO,128,0,4,0,0,0
Guinea,2024-09-01,GIN,AFRO,1,0,0,1,0,0
Kenya,2024-09-01,KEN,AFRO,4,0,0,2,0,0
Liberia,2024-09-01,LBR,AFRO,25,0,0,1,0,0
Nigeria,2024-09-01,NGA,AFRO,921,0,9,8,0,0
Pakistan,2024-09-01,PAK,EMRO,14,0,1,1,0,0
Philippines,2024-09-01,PHL,WPRO,17,0,0,3,0,0
Rwanda,2024-09-01,RWA,AFRO,4,0,0,0,0,0
South Africa,2024-09-01,ZAF,AFRO,29,0,3,0,0,0
Uganda,2024-09-01,UGA,AFRO,8,0,0,1,0,0
Argentina,2024-09-02,ARG,AMRO,1194,0,2,13,0,0
Aruba,2024-09-02,ABW,AMRO,3,0,0,0,0,0
Bahamas,2024-09-02,BHS,AMRO,4,0,0,0,0,0
Barbados,2024-09-02,BRB,AMRO,1,0,0,0,0,0
Bermuda,2024-09-02,BMU,AMRO,1,0,0,0,0,0
Bolivia (Plurinational State of),2024-09-02,BOL,AMRO,266,0,0,0,0,0
Brazil,2024-09-02,BRA,AMRO,12810,0,16,86,0,0
Canada,2024-09-02,CAN,AMRO,1812,0,0,15,0,0
Chile,2024-09-02,CHL,AMRO,1463,0,3,1,0,0
Colombia,2024-09-02,COL,AMRO,4270,0,0,0,0,0
Costa Rica,2024-09-02,CRI,AMRO,226,0,1,0,0,0
Cuba,2024-09-02,CUB,AMRO,8,0,1,0,0,0
Curaçao,2024-09-02,CUW,AMRO,3,0,0,0,0,0
Dominican Republic,2024-09-02,DOM,AMRO,83,0,1,0,0,0
Ecuador,2024-09-02,ECU,AMRO,610,0,3,0,0,0
El Salvador,2024-09-02,SLV,AMRO,106,0,0,0,0,0
Guadeloupe,2024-09-02,GLP,AMRO,1,0,0,0,0,0
Guatemala,2024-09-02,GTM,AMRO,406,0,1,0,0,0
Guyana,2024-09-02,GUY,AMRO,2,0,0,0,0,0
Honduras,2024-09-02,HND,AMRO,44,0,0,0,0,0
Jamaica,2024-09-02,JAM,AMRO,21,0,0,0,0,0
Jordan,2024-09-02,JOR,EMRO,2,0,0,1,0,0
Martinique,2024-09-02,MTQ,AMRO,7,0,0,0,0,0
Mexico,2024-09-02,MEX,AMRO,4156,0,34,4,0,0
Panama,2024-09-02,PAN,AMRO,241,0,1,0,0,0
Paraguay,2024-09-02,PRY,AMRO,126,0,0,0,0,0
Peru,2024-09-02,PER,AMRO,3954,0,26,0,0,0
Saint Martin,2024-09-02,MAF,AMRO,1,0,0,0,0,0
Trinidad and Tobago,2024-09-02,TTO,AMRO,4,0,0,0,0,0
United States of America,2024-09-02,USA,AMRO,34003,0,63,80,0,0
Uruguay,2024-09-02,URY,AMRO,19,0,0,0,0,0
Venezuela (Bolivarian Republic of),2024-09-02,VEN,AMRO,12,0,0,0,0,0
Mozambique,2024-09-06,MOZ,AFRO,1,0,1,0,0,0
Singapore,2024-09-06,SGP,WPRO,65,0,0,1,0,0
Australia,2024-09-08,AUS,WPRO,659,0,0,35,0,0
Benin,2024-09-08,BEN,AFRO,3,0,0,0,0,0
Burundi,2024-09-08,BDI,AFRO,385,0,0,57,0,0
Cameroon,2024-09-08,CMR,AFRO,51,0,5,1,0,0
Central African Republic,2024-09-08,CAF,AFRO,98,0,2,2,0,0
Congo,2024-09-08,COG,AFRO,47,0,2,0,0,0
Côte d’Ivoire,2024-09-08,CIV,AFRO,49,0,1,3,0,0
Democratic Republic of the Congo,2024-09-08,COD,AFRO,5498,0,24,379,0,1
Gabon,2024-09-08,GAB,AFRO,2,0,0,0,0,0
Ghana,2024-09-08,GHA,AFRO,128,0,4,0,0,0
Guinea,2024-09-08,GIN,AFRO,1,0,0,0,0,0
Kenya,2024-09-08,KEN,AFRO,5,0,0,1,0,0
Liberia,2024-09-08,LBR,AFRO,28,0,0,3,0,0
Nigeria,2024-09-08,NGA,AFRO,930,0,9,9,0,0
Rwanda,2024-09-08,RWA,AFRO,4,0,0,0,0,0
Singapore,2024-09-08,SGP,WPRO,65,0,0,0,0,0
South Africa,2024-09-08,ZAF,AFRO,30,0,3,1,0,0
Uganda,2024-09-08,UGA,AFRO,10,0,0,2,0,0
Argentina,2024-09-09,ARG,AMRO,1203,0,2,9,0,0
Aruba,2024-09-09,ABW,AMRO,3,0,0,0,0,0
Bahamas,2024-09-09,BHS,AMRO,4,0,0,0,0,0
Barbados,2024-09-09,BRB,AMRO,1,0,0,0,0,0
Bermuda,2024-09-09,BMU,AMRO,1,0,0,0,0,0
Bolivia (Plurinational State of),2024-09-09,BOL,AMRO,266,0,0,0,0,0
Brazil,2024-09-09,BRA,AMRO,12883,0,16,73,0,0
Canada,2024-09-09,CAN,AMRO,1826,0,0,14,0,0
Chile,2024-09-09,CHL,AMRO,1463,0,3,0,0,0
Colombia,2024-09-09,COL,AMRO,4270,0,0,0,0,0
Costa Rica,2024-09-09,CRI,AMRO,226,0,1,0,0,0
Cuba,2024-09-09,CUB,AMRO,8,0,1,0,0,0
Curaçao,2024-09-09,CUW,AMRO,3,0,0,0,0,0
Dominican Republic,2024-09-09,DOM,AMRO,83,0,1,0,0,0
Ecuador,2024-09-09,ECU,AMRO,613,0,3,3,0,0
El Salvador,2024-09-09,SLV,AMRO,106,0,0,0,0,0
Guadeloupe,2024-09-09,GLP,AMRO,1,0,0,0,0,0
Guatemala,2024-09-09,GTM,AMRO,406,0,1,0,0,0
Guyana,2024-09-09,GUY,AMRO,2,0,0,0,0,0
Honduras,2024-09-09,HND,AMRO,44,0,0,0,0,0
Jamaica,2024-09-09,JAM,AMRO,21,0,0,0,0,0
Martinique,2024-09-09,MTQ,AMRO,7,0,0,0,0,0
Mexico,2024-09-09,MEX,AMRO,4163,0,35,7,0,1
Panama,2024-09-09,PAN,AMRO,241,0,1,0,0,0
Paraguay,2024-09-09,PRY,AMRO,126,0,0,0,0,0
Peru,2024-09-09,PER,AMRO,3955,0,26,1,0,0
Saint Martin,2024-09-09,MAF,AMRO,1,0,0,0,0,0
Trinidad and Tobago,2024-09-09,TTO,AMRO,4,0,0,0,0,0
United States of America,2024-09-09,USA,AMRO,34064,0,63,61,0,0
Uruguay,2024-09-09,URY,AMRO,19,0,0,0,0,0
Venezuela (Bolivarian Republic of),2024-09-09,VEN,AMRO,12,0,0,0,0,0
Pakistan,2024-09-10,PAK,EMRO,15,0,1,1,0,0
Morocco,2024-09-12,MAR,EMRO,6,0,0,1,0,0
Singapore,2024-09-13,SGP,WPRO,66,0,0,1,0,0
Australia,2024-09-15,AUS,WPRO,743,0,0,84,0,0
Benin,2024-09-15,BEN,AFRO,3,0,0,0,0,0
Burundi,2024-09-15,BDI,AFRO,564,0,0,179,0,0
Cameroon,2024-09-15,CMR,AFRO,51,0,5,0,0,0
Central African Republic,2024-09-15,CAF,AFRO,100,0,2,2,0,0
China,2024-09-15,CHN,WPRO,2640,0,1,10,0,0
Congo,2024-09-15,COG,AFRO,47,0,2,0,0,0
Côte d’Ivoire,2024-09-15,CIV,AFRO,61,0,1,12,0,0
Democratic Republic of the Congo,2024-09-15,COD,AFRO,5739,0,24,241,0,0
Gabon,2024-09-15,GAB,AFRO,2,0,0,0,0,0
Ghana,2024-09-15,GHA,AFRO,128,0,4,0,0,0
Guinea,2024-09-15,GIN,AFRO,1,0,0,0,0,0
Kenya,2024-09-15,KEN,AFRO,5,0,0,0,0,0
Liberia,2024-09-15,LBR,AFRO,29,0,0,1,0,0
Mozambique,2024-09-15,MOZ,AFRO,1,0,1,0,0,0
Nigeria,2024-09-15,NGA,AFRO,936,0,9,6,0,0
Pakistan,2024-09-15,PAK,EMRO,16,0,1,1,0,0
Republic of Korea,2024-09-15,KOR,WPRO,168,0,0,2,0,0
Rwanda,2024-09-15,RWA,AFRO,6,0,0,2,0,0
Singapore,2024-09-15,SGP,WPRO,66,0,0,0,0,0
South Africa,2024-09-15,ZAF,AFRO,30,0,3,0,0,0
Uganda,2024-09-15,UGA,AFRO,11,0,0,1,0,0
Argentina,2024-09-16,ARG,AMRO,1216,0,2,13,0,0
Aruba,2024-09-16,ABW,AMRO,3,0,0,0,0,0
Bahamas,2024-09-16,BHS,AMRO,4,0,0,0,0,0
Barbados,2024-09-16,BRB,AMRO,1,0,0,0,0,0
Bermuda,2024-09-16,BMU,AMRO,1,0,0,0,0,0
Bolivia (Plurinational State of),2024-09-16,BOL,AMRO,266,0,0,0,0,0
Brazil,2024-09-16,BRA,AMRO,12939,0,16,56,0,0
Canada,2024-09-16,CAN,AMRO,1846,0,0,20,0,0
Chile,2024-09-16,CHL,AMRO,1463,0,3,0,0,0
Colombia,2024-09-16,COL,AMRO,4272,0,0,2,0,0
Costa Rica,2024-09-16,CRI,AMRO,226,0,1,0,0,0
Cuba,2024-09-16,CUB,AMRO,8,0,1,0,0,0
Curaçao,2024-09-16,CUW,AMRO,3,0,0,0,0,0
Dominican Republic,2024-09-16,DOM,AMRO,83,0,1,0,0,0
Ecuador,2024-09-16,ECU,AMRO,617,0,3,4,0,0
El Salvador,2024-09-16,SLV,AMRO,106,0,0,0,0,0
Guadeloupe,2024-09-16,GLP,AMRO,1,0,0,0,0,0
Guatemala,2024-09-16,GTM,AMRO,406,0,1,0,0,0
Guyana,2024-09-16,GUY,AMRO,2,0,0,0,0,0
Honduras,2024-09-16,HND,AMRO,44,0,0,0,0,0
Jamaica,2024-09-16,JAM,AMRO,21,0,0,0,0,0
Martinique,2024-09-16,MTQ,AMRO,7,0,0,0,0,0
Mexico,2024-09-16,MEX,AMRO,4165,0,35,2,0,0
Panama,2024-09-16,PAN,AMRO,242,0,1,1,0,0
Paraguay,2024-09-16,PRY,AMRO,126,0,0,0,0,0
Peru,2024-09-16,PER,AMRO,3957,0,26,2,0,0
Saint Martin,2024-09-16,MAF,AMRO,1,0,0,0,0,0
Singapore,2024-09-16,SGP,WPRO,66,0,0,0,0,0
Trinidad and Tobago,2024-09-16,TTO,AMRO,4,0,0,0,0,0
United States of America,2024-09-16,USA,AMRO,34106,0,63,42,0,0
Uruguay,2024-09-16,URY,AMRO,19,0,0,0,0,0
Venezuela (Bolivarian Republic of),2024-09-16,VEN,AMRO,12,0,0,0,0,0
Malaysia,2024-09-18,MYS,WPRO,10,0,0,1,0,0
Australia,2024-09-22,AUS,WPRO,835,0,0,92,0,0
Benin,2024-09-22,BEN,AFRO,3,0,0,0,0,0
Burundi,2024-09-22,BDI,AFRO,696,0,0,132,0,0
Cameroon,2024-09-22,CMR,AFRO,51,0,5,0,0,0
Central African Republic,2024-09-22,CAF,AFRO,102,0,2,2,0,0
Congo,2024-09-22,COG,AFRO,47,0,2,0,0,0
Côte d’Ivoire,2024-09-22,CIV,AFRO,68,0,1,7,0,0
Democratic Republic of the Congo,2024-09-22,COD,AFRO,6099,0,24,360,0,0
Gabon,2024-09-22,GAB,AFRO,2,0,0,0,0,0
Ghana,2024-09-22,GHA,AFRO,129,0,4,1,0,0
Guinea,2024-09-22,GIN,AFRO,1,0,0,0,0,0
Kenya,2024-09-22,KEN,AFRO,5,0,0,0,0,0
Liberia,2024-09-22,LBR,AFRO,29,0,0,0,0,0
Mozambique,2024-09-22,MOZ,AFRO,1,0,1,0,0,0
Nigeria,2024-09-22,NGA,AFRO,941,0,9,5,0,0
Rwanda,2024-09-22,RWA,AFRO,6,0,0,0,0,0
South Africa,2024-09-22,ZAF,AFRO,30,0,3,0,0,0
Uganda,2024-09-22,UGA,AFRO,22,0,1,11,0,1
Argentina,2024-09-23,ARG,AMRO,1221,0,2,5,0,0
Aruba,2024-09-23,ABW,AMRO,3,0,0,0,0,0
Bahamas,2024-09-23,BHS,AMRO,4,0,0,0,0,0
Barbados,2024-09-23,BRB,AMRO,1,0,0,0,0,0
Bermuda,2024-09-23,BMU,AMRO,1,0,0,0,0,0
Bolivia (Plurinational State of),2024-09-23,BOL,AMRO,266,0,0,0,0,0
Brazil,2024-09-23,BRA,AMRO,13007,0,16,68,0,0
Canada,2024-09-23,CAN,AMRO,1866,0,0,20,0,0
Chile,2024-09-23,CHL,AMRO,1464,0,3,1,0,0
China,2024-09-23,CHN,WPRO,2643,0,1,3,0,0
Colombia,2024-09-23,COL,AMRO,4273,0,0,1,0,0
Costa Rica,2024-09-23,CRI,AMRO,226,0,1,0,0,0
Cuba,2024-09-23,CUB,AMRO,8,0,1,0,0,0
Curaçao,2024-09-23,CUW,AMRO,3,0,0,0,0,0
Dominican Republic,2024-09-23,DOM,AMRO,83,0,1,0,0,0
Ecuador,2024-09-23,ECU,AMRO,620,0,3,3,0,0
El Salvador,2024-09-23,SLV,AMRO,106,0,0,0,0,0
Guadeloupe,2024-09-23,GLP,AMRO,1,0,0,0,0,0
Guatemala,2024-09-23,GTM,AMRO,406,0,1,0,0,0
Guyana,2024-09-23,GUY,AMRO,2,0,0,0,0,0
Honduras,2024-09-23,HND,AMRO,44,0,0,0,0,0
Jamaica,2024-09-23,JAM,AMRO,21,0,0,0,0,0
Martinique,2024-09-23,MTQ,AMRO,7,0,0,0,0,0
Mexico,2024-09-23,MEX,AMRO,4167,0,35,2,0,0
Panama,2024-09-23,PAN,AMRO,242,0,1,0,0,0
Paraguay,2024-09-23,PRY,AMRO,126,0,0,0,0,0
Peru,2024-09-23,PER,AMRO,3957,0,26,0,0,0
Saint Martin,2024-09-23,MAF,AMRO,1,0,0,0,0,0
Trinidad and Tobago,2024-09-23,TTO,AMRO,4,0,0,0,0,0
United States of America,2024-09-23,USA,AMRO,34171,0,63,65,0,0
Uruguay,2024-09-23,URY,AMRO,20,0,0,1,0,0
Venezuela (Bolivarian Republic of),2024-09-23,VEN,AMRO,12,0,0,0,0,0
Philippines,2024-09-26,PHL,WPRO,32,0,0,15,0,0
Australia,2024-09-29,AUS,WPRO,926,0,0,91,0,0
Benin,2024-09-29,BEN,AFRO,3,0,0,0,0,0
Burundi,2024-09-29,BDI,AFRO,853,0,0,157,0,0
Cameroon,2024-09-29,CMR,AFRO,51,0,5,0,0,0
Central African Republic,2024-09-29,CAF,AFRO,102,0,2,0,0,0
China,2024-09-29,CHN,WPRO,2649,0,1,6,0,0
Congo,2024-09-29,COG,AFRO,48,0,2,1,0,0
Côte d’Ivoire,2024-09-29,CIV,AFRO,71,0,1,3,0,0
Democratic Republic of the Congo,2024-09-29,COD,AFRO,6426,0,24,327,0,0
Gabon,2024-09-29,GAB,AFRO,2,0,0,0,0,0
Ghana,2024-09-29,GHA,AFRO,130,0,4,1,0,0
Guinea,2024-09-29,GIN,AFRO,1,0,0,0,0,0
Kenya,2024-09-29,KEN,AFRO,9,0,1,4,0,1
Liberia,2024-09-29,LBR,AFRO,31,0,0,2,0,0
Mozambique,2024-09-29,MOZ,AFRO,1,0,1,0,0,0
Nigeria,2024-09-29,NGA,AFRO,951,0,9,10,0,0
Rwanda,2024-09-29,RWA,AFRO,6,0,0,0,0,0
South Africa,2024-09-29,ZAF,AFRO,30,0,3,0,0,0
Uganda,2024-09-29,UGA,AFRO,38,0,1,16,0,0
Andorra,2024-09-30,AND,EURO,4,0,0,0,0,0
Argentina,2024-09-30,ARG,AMRO,1228,0,2,7,0,0
Aruba,2024-09-30,ABW,AMRO,3,0,0,0,0,0
Austria,2024-09-30,AUT,EURO,353,0,1,3,0,0
Bahamas,2024-09-30,BHS,AMRO,4,0,0,0,0,0
Barbados,2024-09-30,BRB,AMRO,1,0,0,0,0,0
Belgium,2024-09-30,BEL,EURO,822,0,2,8,0,0
Bermuda,2024-09-30,BMU,AMRO,1,0,0,0,0,0
Bolivia (Plurinational State of),2024-09-30,BOL,AMRO,266,0,0,0,0,0
Bosnia and Herzegovina,2024-09-30,BIH,EURO,9,0,0,0,0,0
Brazil,2024-09-30,BRA,AMRO,13093,0,16,86,0,0
Bulgaria,2024-09-30,BGR,EURO,7,0,0,0,0,0
Canada,2024-09-30,CAN,AMRO,1882,0,0,16,0,0
Chile,2024-09-30,CHL,AMRO,1466,0,3,2,0,0
China,2024-09-30,CHN,WPRO,2695,0,1,46,0,0
Colombia,2024-09-30,COL,AMRO,4273,0,0,0,0,0
Costa Rica,2024-09-30,CRI,AMRO,226,0,1,0,0,0
Croatia,2024-09-30,HRV,EURO,34,0,0,0,0,0
Cuba,2024-09-30,CUB,AMRO,8,0,1,0,0,0
Curaçao,2024-09-30,CUW,AMRO,3,0,0,0,0,0
Cyprus,2024-09-30,CYP,EURO,5,0,0,0,0,0
Czechia,2024-09-30,CZE,EURO,87,0,1,2,0,0
Denmark,2024-09-30,DNK,EURO,209,0,0,5,0,0
Dominican Republic,2024-09-30,DOM,AMRO,83,0,1,0,0,0
Ecuador,2024-09-30,ECU,AMRO,621,0,3,1,0,0
El Salvador,2024-09-30,SLV,AMRO,106,0,0,0,0,0
Estonia,2024-09-30,EST,EURO,11,0,0,0,0,0
Finland,2024-09-30,FIN,EURO,43,0,0,0,0,0
France,2024-09-30,FRA,EURO,4334,0,0,27,0,0
Georgia,2024-09-30,GEO,EURO,2,0,0,0,0,0
Germany,2024-09-30,DEU,EURO,3932,0,0,23,0,0
Gibraltar,2024-09-30,GIB,EURO,6,0,0,0,0,0
Greece,2024-09-30,GRC,EURO,102,0,0,3,0,0
Greenland,2024-09-30,GRL,EURO,2,0,0,0,0,0
Guadeloupe,2024-09-30,GLP,AMRO,1,0,0,0,0,0
Guatemala,2024-09-30,GTM,AMRO,406,0,1,0,0,0
Guyana,2024-09-30,GUY,AMRO,2,0,0,0,0,0
Honduras,2024-09-30,HND,AMRO,44,0,0,0,0,0
Hungary,2024-09-30,HUN,EURO,85,0,0,0,0,0
Iceland,2024-09-30,ISL,EURO,17,0,0,0,0,0
India,2024-09-30,IND,SEARO,33,0,1,3,0,0
Indonesia,2024-09-30,IDN,SEARO,88,0,0,0,0,0
Ireland,2024-09-30,IRL,EURO,253,0,0,3,0,0
Israel,2024-09-30,ISR,EURO,325,0,0,4,0,0
Italy,2024-09-30,ITA,EURO,1062,0,0,5,0,0
Jamaica,2024-09-30,JAM,AMRO,21,0,0,0,0,0
Latvia,2024-09-30,LVA,EURO,6,0,0,0,0,0
Lithuania,2024-09-30,LTU,EURO,6,0,0,1,0,0
Luxembourg,2024-09-30,LUX,EURO,61,0,0,0,0,0
Malta,2024-09-30,MLT,EURO,37,0,0,0,0,0
Martinique,2024-09-30,MTQ,AMRO,7,0,0,0,0,0
Mexico,2024-09-30,MEX,AMRO,4178,0,35,11,0,0
Monaco,2024-09-30,MCO,EURO,3,0,0,0,0,0
Montenegro,2024-09-30,MNE,EURO,2,0,0,0,0,0
Nepal,2024-09-30,NPL,SEARO,1,0,0,0,0,0
Netherlands,2024-09-30,NLD,EURO,1349,0,0,22,0,0
Norway,2024-09-30,NOR,EURO,109,0,0,0,0,0
Panama,2024-09-30,PAN,AMRO,242,0,1,0,0,0
Paraguay,2024-09-30,PRY,AMRO,126,0,0,0,0,0
Peru,2024-09-30,PER,AMRO,3958,0,26,1,0,0
Poland,2024-09-30,POL,EURO,225,0,0,0,0,0
Portugal,2024-09-30,PRT,EURO,1207,0,2,1,0,0
Republic of Moldova,2024-09-30,MDA,EURO,2,0,0,0,0,0
Romania,2024-09-30,ROU,EURO,48,0,0,0,0,0
Russian Federation,2024-09-30,RUS,EURO,4,0,0,0,0,0
Saint Martin,2024-09-30,MAF,AMRO,1,0,0,0,0,0
San Marino,2024-09-30,SMR,EURO,1,0,0,0,0,0
Serbia,2024-09-30,SRB,EURO,40,0,0,0,0,0
Slovakia,2024-09-30,SVK,EURO,16,0,0,0,0,0
Slovenia,2024-09-30,SVN,EURO,47,0,0,0,0,0
Spain,2024-09-30,ESP,EURO,8282,0,3,42,0,0
Sri Lanka,2024-09-30,LKA,SEARO,4,0,0,0,0,0
Sweden,2024-09-30,SWE,EURO,302,0,0,0,0,0
Switzerland,2024-09-30,CHE,EURO,592,0,0,4,0,0
Thailand,2024-09-30,THA,SEARO,845,0,10,12,0,0
The United Kingdom,2024-09-30,GBR,EURO,4100,0,0,42,0,0
Trinidad and Tobago,2024-09-30,TTO,AMRO,4,0,0,0,0,0
Türkiye,2024-09-30,TUR,EURO,12,0,0,0,0,0
Ukraine,2024-09-30,UKR,EURO,5,0,0,0,0,0
United Arab Emirates,2024-09-30,ARE,EMRO,29,0,1,1,0,1
United States of America,2024-09-30,USA,AMRO,34213,0,63,42,0,0
Uruguay,2024-09-30,URY,AMRO,20,0,0,0,0,0
Venezuela (Bolivarian Republic of),2024-09-30,VEN,AMRO,12,0,0,0,0,0
China,2024-10-01,CHN,WPRO,2701,0,1,6,0,0
Oman,2024-10-02,OMN,EMRO,4,0,0,1,0,0
China,2024-10-03,CHN,WPRO,2702,0,1,1,0,0
Morocco,2024-10-03,MAR,EMRO,7,0,0,1,0,0
Mozambique,2024-10-03,MOZ,AFRO,1,0,1,0,0,0
Japan,2024-10-04,JPN,WPRO,249,0,1,1,0,0
Australia,2024-10-06,AUS,WPRO,998,0,0,72,0,0
Benin,2024-10-06,BEN,AFRO,3,0,0,0,0,0
Burundi,2024-10-06,BDI,AFRO,987,0,0,134,0,0
Cameroon,2024-10-06,CMR,AFRO,51,0,5,0,0,0
Central African Republic,2024-10-06,CAF,AFRO,104,0,2,2,0,0
Congo,2024-10-06,COG,AFRO,48,0,2,0,0,0
Côte d’Ivoire,2024-10-06,CIV,AFRO,78,0,1,7,0,0
Democratic Republic of the Congo,2024-10-06,COD,AFRO,6729,0,24,303,0,0
Gabon,2024-10-06,GAB,AFRO,2,0,0,0,0,0
Ghana,2024-10-06,GHA,AFRO,130,0,4,0,0,0
Guinea,2024-10-06,GIN,AFRO,1,0,0,0,0,0
Kenya,2024-10-06,KEN,AFRO,12,0,1,3,0,0
Liberia,2024-10-06,LBR,AFRO,31,0,0,0,0,0
Nigeria,2024-10-06,NGA,AFRO,958,0,9,7,0,0
Rwanda,2024-10-06,RWA,AFRO,10,0,0,4,0,0
South Africa,2024-10-06,ZAF,AFRO,30,0,3,0,0,0
Uganda,2024-10-06,UGA,AFRO,70,0,1,32,0,0
Zimbabwe,2024-10-06,ZWE,AFRO,0,0,0,0,0,0
Argentina,2024-10-07,ARG,AMRO,1231,0,2,3,0,0
Aruba,2024-10-07,ABW,AMRO,3,0,0,0,0,0
Australia,2024-10-07,AUS,WPRO,1021,0,0,23,0,0
Bahamas,2024-10-07,BHS,AMRO,4,0,0,0,0,0
Barbados,2024-10-07,BRB,AMRO,1,0,0,0,0,0
Bermuda,2024-10-07,BMU,AMRO,1,0,0,0,0,0
Bolivia (Plurinational State of),2024-10-07,BOL,AMRO,266,0,0,0,0,0
Brazil,2024-10-07,BRA,AMRO,13170,0,16,77,0,0
Canada,2024-10-07,CAN,AMRO,1893,0,0,11,0,0
Chile,2024-10-07,CHL,AMRO,1467,0,3,1,0,0
Colombia,2024-10-07,COL,AMRO,4276,0,0,3,0,0
Costa Rica,2024-10-07,CRI,AMRO,226,0,1,0,0,0
Cuba,2024-10-07,CUB,AMRO,8,0,1,0,0,0
Curaçao,2024-10-07,CUW,AMRO,3,0,0,0,0,0
Dominican Republic,2024-10-07,DOM,AMRO,83,0,1,0,0,0
Ecuador,2024-10-07,ECU,AMRO,621,0,3,0,0,0
El Salvador,2024-10-07,SLV,AMRO,106,0,0,0,0,0
Guadeloupe,2024-10-07,GLP,AMRO,1,0,0,0,0,0
Guatemala,2024-10-07,GTM,AMRO,406,0,1,0,0,0
Guyana,2024-10-07,GUY,AMRO,2,0,0,0,0,0
Honduras,2024-10-07,HND,AMRO,44,0,0,0,0,0
Jamaica,2024-10-07,JAM,AMRO,21,0,0,0,0,0
Martinique,2024-10-07,MTQ,AMRO,7,0,0,0,0,0
Mexico,2024-10-07,MEX,AMRO,4181,0,35,3,0,0
Panama,2024-10-07,PAN,AMRO,242,0,1,0,0,0
Paraguay,2024-10-07,PRY,AMRO,126,0,0,0,0,0
Peru,2024-10-07,PER,AMRO,3958,0,26,0,0,0
Saint Martin,2024-10-07,MAF,AMRO,1,0,0,0,0,0
Trinidad and Tobago,2024-10-07,TTO,AMRO,4,0,0,0,0,0
United States of America,2024-10-07,USA,AMRO,34251,0,63,38,0,0
Uruguay,2024-10-07,URY,AMRO,20,0,0,0,0,0
Venezuela (Bolivarian Republic of),2024-10-07,VEN,AMRO,12,0,0,0,0,0
China,2024-10-10,CHN,WPRO,2704,0,1,2,0,0
Mozambique,2024-10-11,MOZ,AFRO,1,0,1,0,0,0
Singapore,2024-10-11,SGP,WPRO,67,0,0,1,0,0
Ghana,2024-10-12,GHA,AFRO,130,0,4,0,0,0
Australia,2024-10-13,AUS,WPRO,1075,0,0,54,0,0
Benin,2024-10-13,BEN,AFRO,3,0,0,0,0,0
Burundi,2024-10-13,BDI,AFRO,1170,0,0,183,0,0
Cameroon,2024-10-13,CMR,AFRO,51,0,5,0,0,0
Central African Republic,2024-10-13,CAF,AFRO,108,0,3,4,0,1
Congo,2024-10-13,COG,AFRO,48,0,2,0,0,0
Côte d’Ivoire,2024-10-13,CIV,AFRO,84,0,1,6,0,0
Democratic Republic of the Congo,2024-10-13,COD,AFRO,7010,0,24,281,0,0
Gabon,2024-10-13,GAB,AFRO,2,0,0,0,0,0
Guinea,2024-10-13,GIN,AFRO,1,0,0,0,0,0
Kenya,2024-10-13,KEN,AFRO,13,0,1,1,0,0
Liberia,2024-10-13,LBR,AFRO,35,0,0,4,0,0
Mozambique,2024-10-13,MOZ,AFRO,1,0,1,0,0,0
Nigeria,2024-10-13,NGA,AFRO,967,0,9,9,0,0
Rwanda,2024-10-13,RWA,AFRO,14,0,0,4,0,0
South Africa,2024-10-13,ZAF,AFRO,30,0,3,0,0,0
Uganda,2024-10-13,UGA,AFRO,111,0,1,41,0,0
Zimbabwe,2024-10-13,ZWE,AFRO,2,0,0,2,0,0
Argentina,2024-10-14,ARG,AMRO,1233,0,2,2,0,0
Aruba,2024-10-14,ABW,AMRO,3,0,0,0,0,0
Australia,2024-10-14,AUS,WPRO,1075,0,0,0,0,0
Bahamas,2024-10-14,BHS,AMRO,4,0,0,0,0,0
Barbados,2024-10-14,BRB,AMRO,1,0,0,0,0,0
Bermuda,2024-10-14,BMU,AMRO,1,0,0,0,0,0
Bolivia (Plurinational State of),2024-10-14,BOL,AMRO,266,0,0,0,0,0
Brazil,2024-10-14,BRA,AMRO,13232,0,16,62,0,0
Canada,2024-10-14,CAN,AMRO,1907,0,0,14,0,0
Chile,2024-10-14,CHL,AMRO,1467,0,3,0,0,0
Colombia,2024-10-14,COL,AMRO,4280,0,0,4,0,0
Costa Rica,2024-10-14,CRI,AMRO,226,0,1,0,0,0
Cuba,2024-10-14,CUB,AMRO,8,0,1,0,0,0
Curaçao,2024-10-14,CUW,AMRO,3,0,0,0,0,0
Dominican Republic,2024-10-14,DOM,AMRO,83,0,1,0,0,0
Ecuador,2024-10-14,ECU,AMRO,621,0,3,0,0,0
El Salvador,2024-10-14,SLV,AMRO,106,0,0,0,0,0
Guadeloupe,2024-10-14,GLP,AMRO,1,0,0,0,0,0
Guatemala,2024-10-14,GTM,AMRO,406,0,1,0,0,0
Guyana,2024-10-14,GUY,AMRO,2,0,0,0,0,0
Honduras,2024-10-14,HND,AMRO,44,0,0,0,0,0
Jamaica,2024-10-14,JAM,AMRO,21,0,0,0,0,0
Martinique,2024-10-14,MTQ,AMRO,7,0,0,0,0,0
Mexico,2024-10-14,MEX,AMRO,4184,0,35,3,0,0
Panama,2024-10-14,PAN,AMRO,242,0,1,0,0,0
Paraguay,2024-10-14,PRY,AMRO,126,0,0,0,0,0
Peru,2024-10-14,PER,AMRO,3958,0,26,0,0,0
Saint Martin,2024-10-14,MAF,AMRO,1,0,0,0,0,0
Trinidad and Tobago,2024-10-14,TTO,AMRO,4,0,0,0,0,0
United States of America,2024-10-14,USA,AMRO,34275,0,63,24,0,0
Uruguay,2024-10-14,URY,AMRO,20,0,0,0,0,0
Venezuela (Bolivarian Republic of),2024-10-14,VEN,AMRO,12,0,0,0,0,0
New Zealand,2024-10-15,NZL,WPRO,65,2,0,12,2,0
Japan,2024-10-18,JPN,WPRO,251,0,1,2,0,0
Australia,2024-10-20,AUS,WPRO,1154,0,0,79,0,0
Benin,2024-10-20,BEN,AFRO,3,0,0,0,0,0
Burundi,2024-10-20,BDI,AFRO,1287,0,0,117,0,0
Cameroon,2024-10-20,CMR,AFRO,51,0,5,0,0,0
Central African Republic,2024-10-20,CAF,AFRO,110,0,3,2,0,0
Congo,2024-10-20,COG,AFRO,48,0,2,0,0,0
Côte d’Ivoire,2024-10-20,CIV,AFRO,89,0,1,5,0,0
Democratic Republic of the Congo,2024-10-20,COD,AFRO,7398,0,25,388,0,1
Gabon,2024-10-20,GAB,AFRO,2,0,0,0,0,0
Ghana,2024-10-20,GHA,AFRO,130,0,4,0,0,0
Guinea,2024-10-20,GIN,AFRO,1,0,0,0,0,0
Kenya,2024-10-20,KEN,AFRO,14,0,1,1,0,0
Liberia,2024-10-20,LBR,AFRO,36,0,0,1,0,0
Mauritius,2024-10-20,MUS,AFRO,0,0,0,0,0,0
Mozambique,2024-10-20,MOZ,AFRO,1,0,1,0,0,0
Nigeria,2024-10-20,NGA,AFRO,975,0,9,8,0,0
Rwanda,2024-10-20,RWA,AFRO,22,0,0,8,0,0
South Africa,2024-10-20,ZAF,AFRO,30,0,3,0,0,0
Uganda,2024-10-20,UGA,AFRO,164,0,2,53,0,1
Zimbabwe,2024-10-20,ZWE,AFRO,2,0,0,0,0,0
Argentina,2024-10-21,ARG,AMRO,1234,0,2,1,0,0
Aruba,2024-10-21,ABW,AMRO,3,0,0,0,0,0
Bahamas,2024-10-21,BHS,AMRO,4,0,0,0,0,0
Barbados,2024-10-21,BRB,AMRO,1,0,0,0,0,0
Bermuda,2024-10-21,BMU,AMRO,1,0,0,0,0,0
Bolivia (Plurinational State of),2024-10-21,BOL,AMRO,266,0,0,0,0,0
Brazil,2024-10-21,BRA,AMRO,13308,0,16,76,0,0
Canada,2024-10-21,CAN,AMRO,1920,0,0,13,0,0
Chile,2024-10-21,CHL,AMRO,1470,0,3,3,0,0
China,2024-10-21,CHN,WPRO,2704,0,1,0,0,0
Colombia,2024-10-21,COL,AMRO,4281,0,0,1,0,0
Costa Rica,2024-10-21,CRI,AMRO,226,0,1,0,0,0
Cuba,2024-10-21,CUB,AMRO,8,0,1,0,0,0
Curaçao,2024-10-21,CUW,AMRO,3,0,0,0,0,0
Dominican Republic,2024-10-21,DOM,AMRO,83,0,1,0,0,0
Ecuador,2024-10-21,ECU,AMRO,622,0,3,1,0,0
El Salvador,2024-10-21,SLV,AMRO,106,0,0,0,0,0
Guadeloupe,2024-10-21,GLP,AMRO,1,0,0,0,0,0
Guatemala,2024-10-21,GTM,AMRO,407,0,2,1,0,1
Guyana,2024-10-21,GUY,AMRO,2,0,0,0,0,0
Honduras,2024-10-21,HND,AMRO,44,0,0,0,0,0
Jamaica,2024-10-21,JAM,AMRO,21,0,0,0,0,0
Martinique,2024-10-21,MTQ,AMRO,7,0,0,0,0,0
Mexico,2024-10-21,MEX,AMRO,4187,0,35,3,0,0
Panama,2024-10-21,PAN,AMRO,242,0,1,0,0,0
Paraguay,2024-10-21,PRY,AMRO,126,0,0,0,0,0
Peru,2024-10-21,PER,AMRO,3958,0,26,0,0,0
Saint Martin,2024-10-21,MAF,AMRO,1,0,0,0,0,0
Trinidad and Tobago,2024-10-21,TTO,AMRO,4,0,0,0,0,0
United States of America,2024-10-21,USA,AMRO,34316,0,63,41,0,0
Uruguay,2024-10-21,URY,AMRO,20,0,0,0,0,0
Venezuela (Bolivarian Republic of),2024-10-21,VEN,AMRO,12,0,0,0,0,0
China,2024-10-23,CHN,WPRO,2706,0,1,2,0,0
Central African Republic,2024-10-26,CAF,AFRO,113,0,3,3,0,0
Australia,2024-10-27,AUS,WPRO,1222,0,0,68,0,0
Benin,2024-10-27,BEN,AFRO,3,0,0,0,0,0
Burundi,2024-10-27,BDI,AFRO,1509,0,0,222,0,0
Cameroon,2024-10-27,CMR,AFRO,51,0,5,0,0,0
Congo,2024-10-27,COG,AFRO,48,0,2,0,0,0
Côte d’Ivoire,2024-10-27,CIV,AFRO,91,0,1,2,0,0
Democratic Republic of the Congo,2024-10-27,COD,AFRO,7682,0,25,284,0,0
Gabon,2024-10-27,GAB,AFRO,2,0,0,0,0,0
Ghana,2024-10-27,GHA,AFRO,131,0,4,1,0,0
Guinea,2024-10-27,GIN,AFRO,1,0,0,0,0,0
Kenya,2024-10-27,KEN,AFRO,14,0,1,0,0,0
Liberia,2024-10-27,LBR,AFRO,39,0,0,3,0,0
Mauritius,2024-10-27,MUS,AFRO,1,0,0,1,0,0
Mozambique,2024-10-27,MOZ,AFRO,1,0,1,0,0,0
Nigeria,2024-10-27,NGA,AFRO,985,0,9,10,0,0
Rwanda,2024-10-27,RWA,AFRO,26,0,0,4,0,0
South Africa,2024-10-27,ZAF,AFRO,30,0,3,0,0,0
Uganda,2024-10-27,UGA,AFRO,272,0,3,108,0,1
Zimbabwe,2024-10-27,ZWE,AFRO,2,0,0,0,0,0
Argentina,2024-10-28,ARG,AMRO,1236,0,2,2,0,0
Aruba,2024-10-28,ABW,AMRO,3,0,0,0,0,0
Bahamas,2024-10-28,BHS,AMRO,4,0,0,0,0,0
Barbados,2024-10-28,BRB,AMRO,1,0,0,0,0,0
Bermuda,2024-10-28,BMU,AMRO,1,0,0,0,0,0
Bolivia (Plurinational State of),2024-10-28,BOL,AMRO,266,0,0,0,0,0
Brazil,2024-10-28,BRA,AMRO,13375,0,16,67,0,0
Canada,2024-10-28,CAN,AMRO,1934,0,0,14,0,0
Chile,2024-10-28,CHL,AMRO,1473,0,3,3,0,0
Colombia,2024-10-28,COL,AMRO,4281,0,0,0,0,0
Costa Rica,2024-10-28,CRI,AMRO,226,0,1,0,0,0
Cuba,2024-10-28,CUB,AMRO,8,0,1,0,0,0
Curaçao,2024-10-28,CUW,AMRO,3,0,0,0,0,0
Dominican Republic,2024-10-28,DOM,AMRO,83,0,1,0,0,0
Ecuador,2024-10-28,ECU,AMRO,626,0,3,4,0,0
El Salvador,2024-10-28,SLV,AMRO,106,0,0,0,0,0
Guadeloupe,2024-10-28,GLP,AMRO,1,0,0,0,0,0
Guatemala,2024-10-28,GTM,AMRO,407,0,2,0,0,0
Guyana,2024-10-28,GUY,AMRO,2,0,0,0,0,0
Honduras,2024-10-28,HND,AMRO,44,0,0,0,0,0
Jamaica,2024-10-28,JAM,AMRO,21,0,0,0,0,0
Martinique,2024-10-28,MTQ,AMRO,7,0,0,0,0,0
Mexico,2024-10-28,MEX,AMRO,4190,0,35,3,0,0
Panama,2024-10-28,PAN,AMRO,242,0,1,0,0,0
Paraguay,2024-10-28,PRY,AMRO,126,0,0,0,0,0
Peru,2024-10-28,PER,AMRO,3958,0,26,0,0,0
Saint Martin,2024-10-28,MAF,AMRO,1,0,0,0,0,0
Trinidad and Tobago,2024-10-28,TTO,AMRO,4,0,0,0,0,0
United States of America,2024-10-28,USA,AMRO,34350,0,63,34,0,0
Uruguay,2024-10-28,URY,AMRO,20,0,0,0,0,0
Venezuela (Bolivarian Republic of),2024-10-28,VEN,AMRO,12,0,0,0,0,0
China,2024-10-29,CHN,WPRO,2710,0,1,4,0,0
United Arab Emirates,2024-10-30,ARE,EMRO,30,0,1,1,0,0
Andorra,2024-10-31,AND,EURO,4,0,0,0,0,0
Austria,2024-10-31,AUT,EURO,356,0,1,3,0,0
Belgium,2024-10-31,BEL,EURO,839,0,2,17,0,0
Bosnia and Herzegovina,2024-10-31,BIH,EURO,9,0,0,0,0,0
Bulgaria,2024-10-31,BGR,EURO,7,0,0,0,0,0
China,2024-10-31,CHN,WPRO,2748,0,1,38,0,0
Croatia,2024-10-31,HRV,EURO,34,0,0,0,0,0
Cyprus,2024-10-31,CYP,EURO,5,0,0,0,0,0
Czechia,2024-10-31,CZE,EURO,90,0,1,3,0,0
Denmark,2024-10-31,DNK,EURO,209,0,0,0,0,0
Estonia,2024-10-31,EST,EURO,11,0,0,0,0,0
Finland,2024-10-31,FIN,EURO,43,0,0,0,0,0
France,2024-10-31,FRA,EURO,4363,0,0,29,0,0
Georgia,2024-10-31,GEO,EURO,2,0,0,0,0,0
Germany,2024-10-31,DEU,EURO,3980,0,0,48,0,0
Gibraltar,2024-10-31,GIB,EURO,6,0,0,0,0,0
Greece,2024-10-31,GRC,EURO,102,0,0,0,0,0
Greenland,2024-10-31,GRL,EURO,2,0,0,0,0,0
Hungary,2024-10-31,HUN,EURO,85,0,0,0,0,0
Iceland,2024-10-31,ISL,EURO,17,0,0,0,0,0
India,2024-10-31,IND,SEARO,33,0,1,0,0,0
Indonesia,2024-10-31,IDN,SEARO,88,0,0,0,0,0
Ireland,2024-10-31,IRL,EURO,261,0,0,8,0,0
Israel,2024-10-31,ISR,EURO,325,0,0,0,0,0
Italy,2024-10-31,ITA,EURO,1072,0,0,10,0,0
Latvia,2024-10-31,LVA,EURO,6,0,0,0,0,0
Lithuania,2024-10-31,LTU,EURO,6,0,0,0,0,0
Luxembourg,2024-10-31,LUX,EURO,62,0,0,1,0,0
Malta,2024-10-31,MLT,EURO,38,0,0,1,0,0
Monaco,2024-10-31,MCO,EURO,3,0,0,0,0,0
Montenegro,2024-10-31,MNE,EURO,2,0,0,0,0,0
Nepal,2024-10-31,NPL,SEARO,1,0,0,0,0,0
Netherlands,2024-10-31,NLD,EURO,1374,0,0,25,0,0
Norway,2024-10-31,NOR,EURO,116,0,0,7,0,0
Poland,2024-10-31,POL,EURO,225,0,0,0,0,0
Portugal,2024-10-31,PRT,EURO,1208,0,2,1,0,0
Republic of Korea,2024-10-31,KOR,WPRO,169,0,0,1,0,0
Republic of Moldova,2024-10-31,MDA,EURO,2,0,0,0,0,0
Romania,2024-10-31,ROU,EURO,48,0,0,0,0,0
Russian Federation,2024-10-31,RUS,EURO,4,0,0,0,0,0
San Marino,2024-10-31,SMR,EURO,1,0,0,0,0,0
Serbia,2024-10-31,SRB,EURO,40,0,0,0,0,0
Slovakia,2024-10-31,SVK,EURO,16,0,0,0,0,0
Slovenia,2024-10-31,SVN,EURO,47,0,0,0,0,0
Spain,2024-10-31,ESP,EURO,8346,0,3,64,0,0
Sri Lanka,2024-10-31,LKA,SEARO,4,0,0,0,0,0
Sweden,2024-10-31,SWE,EURO,305,0,0,3,0,0
Switzerland,2024-10-31,CHE,EURO,596,0,0,4,0,0
Thailand,2024-10-31,THA,SEARO,858,0,10,13,0,0
The United Kingdom,2024-10-31,GBR,EURO,4110,0,0,10,0,0
Türkiye,2024-10-31,TUR,EURO,12,0,0,0,0,0
Ukraine,2024-10-31,UKR,EURO,5,0,0,0,0,0
Viet Nam,2024-11-01,VNM,WPRO,205,0,8,2,0,0
Mozambique,2024-11-02,MOZ,AFRO,1,0,1,0,0,0
Australia,2024-11-03,AUS,WPRO,1301,0,0,79,0,0
Benin,2024-11-03,BEN,AFRO,3,0,0,0,0,0
Burundi,2024-11-03,BDI,AFRO,1718,0,0,209,0,0
Cameroon,2024-11-03,CMR,AFRO,51,0,5,0,0,0
Central African Republic,2024-11-03,CAF,AFRO,118,0,3,5,0,0
Congo,2024-11-03,COG,AFRO,48,0,2,0,0,0
Côte d’Ivoire,2024-11-03,CIV,AFRO,92,0,1,1,0,0
Democratic Republic of the Congo,2024-11-03,COD,AFRO,7929,0,25,247,0,0
Gabon,2024-11-03,GAB,AFRO,2,0,0,0,0,0
Ghana,2024-11-03,GHA,AFRO,131,0,4,0,0,0
Guinea,2024-11-03,GIN,AFRO,1,0,0,0,0,0
Kenya,2024-11-03,KEN,AFRO,14,0,1,0,0,0
Liberia,2024-11-03,LBR,AFRO,55,0,0,16,0,0
Mauritius,2024-11-03,MUS,AFRO,1,0,0,0,0,0
Nigeria,2024-11-03,NGA,AFRO,991,0,9,6,0,0
Rwanda,2024-11-03,RWA,AFRO,26,0,0,0,0,0
South Africa,2024-11-03,ZAF,AFRO,30,0,3,0,0,0
Uganda,2024-11-03,UGA,AFRO,377,0,4,105,0,1
Zimbabwe,2024-11-03,ZWE,AFRO,2,0,0,0,0,0
Argentina,2024-11-04,ARG,AMRO,1238,0,2,2,0,0
Aruba,2024-11-04,ABW,AMRO,3,0,0,0,0,0
Bahamas,2024-11-04,BHS,AMRO,4,0,0,0,0,0
Barbados,2024-11-04,BRB,AMRO,1,0,0,0,0,0
Bermuda,2024-11-04,BMU,AMRO,1,0,0,0,0,0
Bolivia (Plurinational State of),2024-11-04,BOL,AMRO,266,0,0,0,0,0
Brazil,2024-11-04,BRA,AMRO,13445,0,16,70,0,0
Canada,2024-11-04,CAN,AMRO,1946,0,0,12,0,0
Chile,2024-11-04,CHL,AMRO,1478,0,3,5,0,0
Colombia,2024-11-04,COL,AMRO,4284,0,0,3,0,0
Costa Rica,2024-11-04,CRI,AMRO,226,0,1,0,0,0
Cuba,2024-11-04,CUB,AMRO,8,0,1,0,0,0
Curaçao,2024-11-04,CUW,AMRO,3,0,0,0,0,0
Dominican Republic,2024-11-04,DOM,AMRO,83,0,1,0,0,0
Ecuador,2024-11-04,ECU,AMRO,628,0,3,2,0,0
El Salvador,2024-11-04,SLV,AMRO,106,0,0,0,0,0
Guadeloupe,2024-11-04,GLP,AMRO,1,0,0,0,0,0
Guatemala,2024-11-04,GTM,AMRO,407,0,2,0,0,0
Guyana,2024-11-04,GUY,AMRO,2,0,0,0,0,0
Honduras,2024-11-04,HND,AMRO,44,0,0,0,0,0
Jamaica,2024-11-04,JAM,AMRO,21,0,0,0,0,0
Martinique,2024-11-04,MTQ,AMRO,7,0,0,0,0,0
Mexico,2024-11-04,MEX,AMRO,4191,0,35,1,0,0
New Zealand,2024-11-04,NZL,WPRO,66,2,0,1,0,0
Panama,2024-11-04,PAN,AMRO,242,0,1,0,0,0
Paraguay,2024-11-04,PRY,AMRO,126,0,0,0,0,0
Peru,2024-11-04,PER,AMRO,3958,0,26,0,0,0
Saint Martin,2024-11-04,MAF,AMRO,1,0,0,0,0,0
Trinidad and Tobago,2024-11-04,TTO,AMRO,4,0,0,0,0,0
United States of America,2024-11-04,USA,AMRO,34387,0,63,37,0,0
Uruguay,2024-11-04,URY,AMRO,20,0,0,0,0,0
Venezuela (Bolivarian Republic of),2024-11-04,VEN,AMRO,12,0,0,0,0,0
China,2024-11-06,CHN,WPRO,2751,0,1,3,0,0
Mozambique,2024-11-08,MOZ,AFRO,1,0,1,0,0,0
Angola,2024-11-10,AGO,AFRO,0,0,0,0,0,0
Australia,2024-11-10,AUS,WPRO,1358,0,0,57,0,0
Benin,2024-11-10,BEN,AFRO,3,0,0,0,0,0
Burundi,2024-11-10,BDI,AFRO,1863,0,0,145,0,0
Cameroon,2024-11-10,CMR,AFRO,51,0,5,0,0,0
Central African Republic,2024-11-10,CAF,AFRO,121,0,3,3,0,0
Congo,2024-11-10,COG,AFRO,48,0,2,0,0,0
Côte d’Ivoire,2024-11-10,CIV,AFRO,96,0,1,4,0,0
Democratic Republic of the Congo,2024-11-10,COD,AFRO,8445,0,25,516,0,0
Gabon,2024-11-10,GAB,AFRO,2,0,0,0,0,0
Ghana,2024-11-10,GHA,AFRO,131,0,4,0,0,0
Guinea,2024-11-10,GIN,AFRO,1,0,0,0,0,0
Kenya,2024-11-10,KEN,AFRO,14,0,1,0,0,0
Liberia,2024-11-10,LBR,AFRO,58,0,0,3,0,0
Mauritius,2024-11-10,MUS,AFRO,1,0,0,0,0,0
Nigeria,2024-11-10,NGA,AFRO,1004,0,9,13,0,0
Rwanda,2024-11-10,RWA,AFRO,37,0,0,11,0,0
South Africa,2024-11-10,ZAF,AFRO,30,0,3,0,0,0
Uganda,2024-11-10,UGA,AFRO,462,0,5,85,0,1
Zimbabwe,2024-11-10,ZWE,AFRO,2,0,0,0,0,0
Argentina,2024-11-11,ARG,AMRO,1246,0,2,8,0,0
Aruba,2024-11-11,ABW,AMRO,3,0,0,0,0,0
Bahamas,2024-11-11,BHS,AMRO,4,0,0,0,0,0
Barbados,2024-11-11,BRB,AMRO,1,0,0,0,0,0
Bermuda,2024-11-11,BMU,AMRO,1,0,0,0,0,0
Bolivia (Plurinational State of),2024-11-11,BOL,AMRO,266,0,0,0,0,0
Brazil,2024-11-11,BRA,AMRO,13487,0,16,42,0,0
Canada,2024-11-11,CAN,AMRO,1958,0,0,12,0,0
Chile,2024-11-11,CHL,AMRO,1480,0,3,2,0,0
Colombia,2024-11-11,COL,AMRO,4284,0,0,0,0,0
Costa Rica,2024-11-11,CRI,AMRO,226,0,1,0,0,0
Cuba,2024-11-11,CUB,AMRO,8,0,1,0,0,0
Curaçao,2024-11-11,CUW,AMRO,3,0,0,0,0,0
Dominican Republic,2024-11-11,DOM,AMRO,83,0,1,0,0,0
Ecuador,2024-11-11,ECU,AMRO,628,0,3,0,0,0
El Salvador,2024-11-11,SLV,AMRO,106,0,0,0,0,0
Guadeloupe,2024-11-11,GLP,AMRO,1,0,0,0,0,0
Guatemala,2024-11-11,GTM,AMRO,407,0,2,0,0,0
Guyana,2024-11-11,GUY,AMRO,2,0,0,0,0,0
Honduras,2024-11-11,HND,AMRO,44,0,0,0,0,0
Jamaica,2024-11-11,JAM,AMRO,21,0,0,0,0,0
Martinique,2024-11-11,MTQ,AMRO,7,0,0,0,0,0
Mexico,2024-11-11,MEX,AMRO,4192,0,35,1,0,0
Panama,2024-11-11,PAN,AMRO,242,0,1,0,0,0
Paraguay,2024-11-11,PRY,AMRO,126,0,0,0,0,0
Peru,2024-11-11,PER,AMRO,3958,0,26,0,0,0
Saint Martin,2024-11-11,MAF,AMRO,1,0,0,0,0,0
Trinidad and Tobago,2024-11-11,TTO,AMRO,4,0,0,0,0,0
United States of America,2024-11-11,USA,AMRO,34424,0,63,37,0,0
Uruguay,2024-11-11,URY,AMRO,20,0,0,0,0,0
Venezuela (Bolivarian Republic of),2024-11-11,VEN,AMRO,12,0,0,0,0,0
China,2024-11-15,CHN,WPRO,2754,0,1,3,0,0
Japan,2024-11-15,JPN,WPRO,252,0,1,1,0,0
Republic of Korea,2024-11-15,KOR,WPRO,172,0,0,3,0,0
Angola,2024-11-17,AGO,AFRO,1,0,0,1,0,0
Australia,2024-11-17,AUS,WPRO,1407,0,0,49,0,0
Benin,2024-11-17,BEN,AFRO,3,0,0,0,0,0
Burundi,2024-11-17,BDI,AFRO,2050,0,1,187,0,1
Cameroon,2024-11-17,CMR,AFRO,54,0,5,3,0,0
Central African Republic,2024-11-17,CAF,AFRO,127,0,3,6,0,0
Congo,2024-11-17,COG,AFRO,48,0,2,0,0,0
Côte d’Ivoire,2024-11-17,CIV,AFRO,101,0,1,5,0,0
Democratic Republic of the Congo,2024-11-17,COD,AFRO,8928,0,26,483,0,1
Gabon,2024-11-17,GAB,AFRO,2,0,0,0,0,0
Ghana,2024-11-17,GHA,AFRO,132,0,4,1,0,0
Guinea,2024-11-17,GIN,AFRO,1,0,0,0,0,0
Kenya,2024-11-17,KEN,AFRO,17,0,1,3,0,0
Liberia,2024-11-17,LBR,AFRO,68,0,0,10,0,0
Mauritius,2024-11-17,MUS,AFRO,1,0,0,0,0,0
Mozambique,2024-11-17,MOZ,AFRO,1,0,1,0,0,0
Nigeria,2024-11-17,NGA,AFRO,1010,0,9,6,0,0
Rwanda,2024-11-17,RWA,AFRO,52,0,0,15,0,0
South Africa,2024-11-17,ZAF,AFRO,30,0,3,0,0,0
Uganda,2024-11-17,UGA,AFRO,569,0,5,107,0,0
Zimbabwe,2024-11-17,ZWE,AFRO,2,0,0,0,0,0
Argentina,2024-11-18,ARG,AMRO,1249,0,2,3,0,0
Aruba,2024-11-18,ABW,AMRO,3,0,0,0,0,0
Bahamas,2024-11-18,BHS,AMRO,4,0,0,0,0,0
Barbados,2024-11-18,BRB,AMRO,1,0,0,0,0,0
Bermuda,2024-11-18,BMU,AMRO,1,0,0,0,0,0
Bolivia (Plurinational State of),2024-11-18,BOL,AMRO,266,0,0,0,0,0
Brazil,2024-11-18,BRA,AMRO,13545,0,16,58,0,0
Canada,2024-11-18,CAN,AMRO,1968,0,0,10,0,0
Chile,2024-11-18,CHL,AMRO,1481,0,3,1,0,0
Colombia,2024-11-18,COL,AMRO,4285,0,0,1,0,0
Costa Rica,2024-11-18,CRI,AMRO,226,0,1,0,0,0
Cuba,2024-11-18,CUB,AMRO,8,0,1,0,0,0
Curaçao,2024-11-18,CUW,AMRO,3,0,0,0,0,0
Dominican Republic,2024-11-18,DOM,AMRO,83,0,1,0,0,0
Ecuador,2024-11-18,ECU,AMRO,628,0,3,0,0,0
El Salvador,2024-11-18,SLV,AMRO,106,0,0,0,0,0
Guadeloupe,2024-11-18,GLP,AMRO,1,0,0,0,0,0
Guatemala,2024-11-18,GTM,AMRO,407,0,2,0,0,0
Guyana,2024-11-18,GUY,AMRO,2,0,0,0,0,0
Honduras,2024-11-18,HND,AMRO,44,0,0,0,0,0
Jamaica,2024-11-18,JAM,AMRO,21,0,0,0,0,0
Martinique,2024-11-18,MTQ,AMRO,7,0,0,0,0,0
Mexico,2024-11-18,MEX,AMRO,4192,0,35,0,0,0
Panama,2024-11-18,PAN,AMRO,242,0,1,0,0,0
Paraguay,2024-11-18,PRY,AMRO,126,0,0,0,0,0
Peru,2024-11-18,PER,AMRO,3958,0,26,0,0,0
Saint Martin,2024-11-18,MAF,AMRO,1,0,0,0,0,0
Trinidad and Tobago,2024-11-18,TTO,AMRO,4,0,0,0,0,0
United States of America,2024-11-18,USA,AMRO,34458,0,63,34,0,0
Uruguay,2024-11-18,URY,AMRO,20,0,0,0,0,0
Venezuela (Bolivarian Republic of),2024-11-18,VEN,AMRO,12,0,0,0,0,0
China,2024-11-19,CHN,WPRO,2755,0,1,1,0,0
Angola,2024-11-20,AGO,AFRO,2,0,0,1,0,0
China,2024-11-21,CHN,WPRO,2755,0,1,0,0,0
Australia,2024-11-24,AUS,WPRO,1436,0,0,29,0,0
Benin,2024-11-24,BEN,AFRO,3,0,0,0,0,0
Burundi,2024-11-24,BDI,AFRO,2237,0,1,187,0,0
Cameroon,2024-11-24,CMR,AFRO,54,0,5,0,0,0
Central African Republic,2024-11-24,CAF,AFRO,131,0,3,4,0,0
Congo,2024-11-24,COG,AFRO,48,0,2,0,0,0
Côte d’Ivoire,2024-11-24,CIV,AFRO,103,0,1,2,0,0
Democratic Republic of the Congo,2024-11-24,COD,AFRO,9296,0,26,368,0,0
Gabon,2024-11-24,GAB,AFRO,2,0,0,0,0,0
Ghana,2024-11-24,GHA,AFRO,133,0,4,1,0,0
Guinea,2024-11-24,GIN,AFRO,1,0,0,0,0,0
Kenya,2024-11-24,KEN,AFRO,19,0,1,2,0,0
Liberia,2024-11-24,LBR,AFRO,78,0,0,10,0,0
Mauritius,2024-11-24,MUS,AFRO,1,0,0,0,0,0
Mozambique,2024-11-24,MOZ,AFRO,1,0,1,0,0,0
Nigeria,2024-11-24,NGA,AFRO,1013,0,9,3,0,0
Rwanda,2024-11-24,RWA,AFRO,52,0,0,0,0,0
South Africa,2024-11-24,ZAF,AFRO,30,0,3,0,0,0
Uganda,2024-11-24,UGA,AFRO,693,0,6,124,0,1
Zambia,2024-11-24,ZMB,AFRO,0,0,0,0,0,0
Zimbabwe,2024-11-24,ZWE,AFRO,2,0,0,0,0,0
Argentina,2024-11-25,ARG,AMRO,1251,0,2,2,0,0
Aruba,2024-11-25,ABW,AMRO,3,0,0,0,0,0
Bahamas,2024-11-25,BHS,AMRO,4,0,0,0,0,0
Barbados,2024-11-25,BRB,AMRO,1,0,0,0,0,0
Bermuda,2024-11-25,BMU,AMRO,1,0,0,0,0,0
Bolivia (Plurinational State of),2024-11-25,BOL,AMRO,266,0,0,0,0,0
Brazil,2024-11-25,BRA,AMRO,13597,0,16,52,0,0
Canada,2024-11-25,CAN,AMRO,1980,0,0,12,0,0
Chile,2024-11-25,CHL,AMRO,1481,0,3,0,0,0
Colombia,2024-11-25,COL,AMRO,4286,0,0,1,0,0
Costa Rica,2024-11-25,CRI,AMRO,226,0,1,0,0,0
Cuba,2024-11-25,CUB,AMRO,8,0,1,0,0,0
Curaçao,2024-11-25,CUW,AMRO,3,0,0,0,0,0
Dominican Republic,2024-11-25,DOM,AMRO,83,0,1,0,0,0
Ecuador,2024-11-25,ECU,AMRO,628,0,3,0,0,0
El Salvador,2024-11-25,SLV,AMRO,106,0,0,0,0,0
Guadeloupe,2024-11-25,GLP,AMRO,1,0,0,0,0,0
Guatemala,2024-11-25,GTM,AMRO,407,0,2,0,0,0
Guyana,2024-11-25,GUY,AMRO,2,0,0,0,0,0
Honduras,2024-11-25,HND,AMRO,44,0,0,0,0,0
Jamaica,2024-11-25,JAM,AMRO,21,0,0,0,0,0
Martinique,2024-11-25,MTQ,AMRO,7,0,0,0,0,0
Mexico,2024-11-25,MEX,AMRO,4192,0,35,0,0,0
Panama,2024-11-25,PAN,AMRO,242,0,1,0,0,0
Paraguay,2024-11-25,PRY,AMRO,126,0,0,0,0,0
Peru,2024-11-25,PER,AMRO,3958,0,26,0,0,0
Saint Martin,2024-11-25,MAF,AMRO,1,0,0,0,0,0
Trinidad and Tobago,2024-11-25,TTO,AMRO,4,0,0,0,0,0
United States of America,2024-11-25,USA,AMRO,34480,0,63,22,0,0
Uruguay,2024-11-25,URY,AMRO,20,0,0,0,0,0
Venezuela (Bolivarian Republic of),2024-11-25,VEN,AMRO,12,0,0,0,0,0
Viet Nam,2024-11-26,VNM,WPRO,209,0,9,4,0,1
Philippines,2024-11-27,PHL,WPRO,56,0,1,24,0,1
Pakistan,2024-11-29,PAK,EMRO,17,0,1,1,0,0
Andorra,2024-11-30,AND,EURO,4,0,0,0,0,0
Austria,2024-11-30,AUT,EURO,363,0,1,7,0,0
Belgium,2024-11-30,BEL,EURO,845,0,2,6,0,0
Bosnia and Herzegovina,2024-11-30,BIH,EURO,9,0,0,0,0,0
Bulgaria,2024-11-30,BGR,EURO,8,0,0,1,0,0
China,2024-11-30,CHN,WPRO,2771,0,1,16,0,0
Croatia,2024-11-30,HRV,EURO,35,0,0,1,0,0
Cyprus,2024-11-30,CYP,EURO,5,0,0,0,0,0
Czechia,2024-11-30,CZE,EURO,92,0,1,2,0,0
Denmark,2024-11-30,DNK,EURO,209,0,0,0,0,0
Estonia,2024-11-30,EST,EURO,11,0,0,0,0,0
Finland,2024-11-30,FIN,EURO,43,0,0,0,0,0
France,2024-11-30,FRA,EURO,4371,0,0,8,0,0
Georgia,2024-11-30,GEO,EURO,2,0,0,0,0,0
Germany,2024-11-30,DEU,EURO,4040,0,0,60,0,0
Gibraltar,2024-11-30,GIB,EURO,6,0,0,0,0,0
Greece,2024-11-30,GRC,EURO,107,0,0,5,0,0
Greenland,2024-11-30,GRL,EURO,2,0,0,0,0,0
Hungary,2024-11-30,HUN,EURO,85,0,0,0,0,0
Iceland,2024-11-30,ISL,EURO,17,0,0,0,0,0
India,2024-11-30,IND,SEARO,33,0,1,0,0,0
Indonesia,2024-11-30,IDN,SEARO,88,0,0,0,0,0
Ireland,2024-11-30,IRL,EURO,265,0,0,4,0,0
Israel,2024-11-30,ISR,EURO,325,0,0,0,0,0
Italy,2024-11-30,ITA,EURO,1079,0,0,7,0,0
Latvia,2024-11-30,LVA,EURO,6,0,0,0,0,0
Lithuania,2024-11-30,LTU,EURO,6,0,0,0,0,0
Luxembourg,2024-11-30,LUX,EURO,62,0,0,0,0,0
Malta,2024-11-30,MLT,EURO,38,0,0,0,0,0
Monaco,2024-11-30,MCO,EURO,3,0,0,0,0,0
Montenegro,2024-11-30,MNE,EURO,2,0,0,0,0,0
Nepal,2024-11-30,NPL,SEARO,1,0,0,0,0,0
Netherlands,2024-11-30,NLD,EURO,1412,0,0,38,0,0
Norway,2024-11-30,NOR,EURO,119,0,0,3,0,0
Poland,2024-11-30,POL,EURO,225,0,0,0,0,0
Portugal,2024-11-30,PRT,EURO,1208,0,2,0,0,0
Republic of Moldova,2024-11-30,MDA,EURO,2,0,0,0,0,0
Romania,2024-11-30,ROU,EURO,48,0,0,0,0,0
Russian Federation,2024-11-30,RUS,EURO,4,0,0,0,0,0
Rwanda,2024-11-30,RWA,AFRO,59,0,0,7,0,0
San Marino,2024-11-30,SMR,EURO,1,0,0,0,0,0
Serbia,2024-11-30,SRB,EURO,40,0,0,0,0,0
Slovakia,2024-11-30,SVK,EURO,18,0,0,2,0,0
Slovenia,2024-11-30,SVN,EURO,47,0,0,0,0,0
Spain,2024-11-30,ESP,EURO,8443,0,3,97,0,0
Sri Lanka,2024-11-30,LKA,SEARO,4,0,0,0,0,0
Sweden,2024-11-30,SWE,EURO,305,0,0,0,0,0
Switzerland,2024-11-30,CHE,EURO,596,0,0,0,0,0
Thailand,2024-11-30,THA,SEARO,865,0,10,7,0,0
The United Kingdom,2024-11-30,GBR,EURO,4146,0,0,36,0,0
Türkiye,2024-11-30,TUR,EURO,12,0,0,0,0,0
Ukraine,2024-11-30,UKR,EURO,5,0,0,0,0,0
Angola,2024-12-01,AGO,AFRO,3,0,0,1,0,0
Australia,2024-12-01,AUS,WPRO,1470,0,0,34,0,0
Benin,2024-12-01,BEN,AFRO,3,0,0,0,0,0
Burundi,2024-12-01,BDI,AFRO,2402,0,1,165,0,0
Cameroon,2024-12-01,CMR,AFRO,54,0,5,0,0,0
Central African Republic,2024-12-01,CAF,AFRO,132,0,4,1,0,1
Congo,2024-12-01,COG,AFRO,49,0,2,1,0,0
Côte d’Ivoire,2024-12-01,CIV,AFRO,107,0,1,4,0,0
Democratic Republic of the Congo,2024-12-01,COD,AFRO,9728,0,27,432,0,1
Gabon,2024-12-01,GAB,AFRO,2,0,0,0,0,0
Ghana,2024-12-01,GHA,AFRO,133,0,4,0,0,0
Guinea,2024-12-01,GIN,AFRO,1,0,0,0,0,0
Kenya,2024-12-01,KEN,AFRO,23,0,1,4,0,0
Liberia,2024-12-01,LBR,AFRO,80,0,0,2,0,0
Mauritius,2024-12-01,MUS,AFRO,1,0,0,0,0,0
Nigeria,2024-12-01,NGA,AFRO,1020,0,9,7,0,0
South Africa,2024-12-01,ZAF,AFRO,30,0,3,0,0,0
Uganda,2024-12-01,UGA,AFRO,826,0,7,133,0,1
Zambia,2024-12-01,ZMB,AFRO,0,0,0,0,0,0
Zimbabwe,2024-12-01,ZWE,AFRO,2,0,0,0,0,0
Argentina,2024-12-02,ARG,AMRO,1251,0,2,0,0,0
Aruba,2024-12-02,ABW,AMRO,3,0,0,0,0,0
Bahamas,2024-12-02,BHS,AMRO,4,0,0,0,0,0
Barbados,2024-12-02,BRB,AMRO,1,0,0,0,0,0
Bermuda,2024-12-02,BMU,AMRO,1,0,0,0,0,0
Bolivia (Plurinational State of),2024-12-02,BOL,AMRO,266,0,0,0,0,0
Brazil,2024-12-02,BRA,AMRO,13636,0,16,39,0,0
Canada,2024-12-02,CAN,AMRO,1992,0,0,12,0,0
Chile,2024-12-02,CHL,AMRO,1485,0,3,4,0,0
Colombia,2024-12-02,COL,AMRO,4286,0,0,0,0,0
Costa Rica,2024-12-02,CRI,AMRO,226,0,1,0,0,0
Cuba,2024-12-02,CUB,AMRO,8,0,1,0,0,0
Curaçao,2024-12-02,CUW,AMRO,3,0,0,0,0,0
Dominican Republic,2024-12-02,DOM,AMRO,83,0,1,0,0,0
Ecuador,2024-12-02,ECU,AMRO,628,0,3,0,0,0
El Salvador,2024-12-02,SLV,AMRO,106,0,0,0,0,0
Guadeloupe,2024-12-02,GLP,AMRO,1,0,0,0,0,0
Guatemala,2024-12-02,GTM,AMRO,407,0,2,0,0,0
Guyana,2024-12-02,GUY,AMRO,2,0,0,0,0,0
Honduras,2024-12-02,HND,AMRO,44,0,0,0,0,0
Jamaica,2024-12-02,JAM,AMRO,21,0,0,0,0,0
Martinique,2024-12-02,MTQ,AMRO,7,0,0,0,0,0
Mexico,2024-12-02,MEX,AMRO,4193,0,35,1,0,0
Panama,2024-12-02,PAN,AMRO,242,0,1,0,0,0
Paraguay,2024-12-02,PRY,AMRO,126,0,0,0,0,0
Peru,2024-12-02,PER,AMRO,3958,0,26,0,0,0
Saint Martin,2024-12-02,MAF,AMRO,1,0,0,0,0,0
Trinidad and Tobago,2024-12-02,TTO,AMRO,4,0,0,0,0,0
United States of America,2024-12-02,USA,AMRO,34502,0,63,22,0,0
Uruguay,2024-12-02,URY,AMRO,20,0,0,0,0,0
Venezuela (Bolivarian Republic of),2024-12-02,VEN,AMRO,12,0,0,0,0,0
China,2024-12-03,CHN,WPRO,2773,0,1,2,0,0
Mozambique,2024-12-05,MOZ,AFRO,1,0,1,0,0,0
New Zealand,2024-12-05,NZL,WPRO,69,3,0,3,1,0
Benin,2024-12-07,BEN,AFRO,3,0,0,0,0,0
Angola,2024-12-08,AGO,AFRO,4,0,0,1,0,0
Burundi,2024-12-08,BDI,AFRO,2546,0,1,144,0,0
Cameroon,2024-12-08,CMR,AFRO,54,0,5,0,0,0
Central African Republic,2024-12-08,CAF,AFRO,133,0,4,1,0,0
Congo,2024-12-08,COG,AFRO,49,0,2,0,0,0
Côte d’Ivoire,2024-12-08,CIV,AFRO,107,0,1,0,0,0
Democratic Republic of the Congo,2024-12-08,COD,AFRO,10172,0,28,444,0,1
Gabon,2024-12-08,GAB,AFRO,2,0,0,0,0,0
Ghana,2024-12-08,GHA,AFRO,133,0,4,0,0,0
Guinea,2024-12-08,GIN,AFRO,2,0,0,1,0,0
Kenya,2024-12-08,KEN,AFRO,28,0,1,5,0,0
Liberia,2024-12-08,LBR,AFRO,80,0,0,0,0,0
Mauritius,2024-12-08,MUS,AFRO,1,0,0,0,0,0
Nigeria,2024-12-08,NGA,AFRO,1035,0,9,15,0,0
Rwanda,2024-12-08,RWA,AFRO,69,0,0,10,0,0
South Africa,2024-12-08,ZAF,AFRO,30,0,3,0,0,0
Uganda,2024-12-08,UGA,AFRO,960,0,8,134,0,1
Zambia,2024-12-08,ZMB,AFRO,0,0,0,0,0,0
Zimbabwe,2024-12-08,ZWE,AFRO,2,0,0,0,0,0
Argentina,2024-12-09,ARG,AMRO,1252,0,2,1,0,0
Aruba,2024-12-09,ABW,AMRO,3,0,0,0,0,0
Australia,2024-12-09,AUS,WPRO,1496,0,0,26,0,0
Bahamas,2024-12-09,BHS,AMRO,4,0,0,0,0,0
Barbados,2024-12-09,BRB,AMRO,1,0,0,0,0,0
Bermuda,2024-12-09,BMU,AMRO,1,0,0,0,0,0
Bolivia (Plurinational State of),2024-12-09,BOL,AMRO,266,0,0,0,0,0
Brazil,2024-12-09,BRA,AMRO,13676,0,16,40,0,0
Canada,2024-12-09,CAN,AMRO,2004,0,0,12,0,0
Chile,2024-12-09,CHL,AMRO,1488,0,3,3,0,0
Colombia,2024-12-09,COL,AMRO,4286,0,0,0,0,0
Costa Rica,2024-12-09,CRI,AMRO,226,0,1,0,0,0
Cuba,2024-12-09,CUB,AMRO,8,0,1,0,0,0
Curaçao,2024-12-09,CUW,AMRO,3,0,0,0,0,0
Dominican Republic,2024-12-09,DOM,AMRO,83,0,1,0,0,0
Ecuador,2024-12-09,ECU,AMRO,628,0,3,0,0,0
El Salvador,2024-12-09,SLV,AMRO,106,0,0,0,0,0
Guadeloupe,2024-12-09,GLP,AMRO,1,0,0,0,0,0
Guatemala,2024-12-09,GTM,AMRO,407,0,2,0,0,0
Guyana,2024-12-09,GUY,AMRO,2,0,0,0,0,0
Honduras,2024-12-09,HND,AMRO,44,0,0,0,0,0
Jamaica,2024-12-09,JAM,AMRO,21,0,0,0,0,0
Martinique,2024-12-09,MTQ,AMRO,7,0,0,0,0,0
Mexico,2024-12-09,MEX,AMRO,4195,0,35,2,0,0
Oman,2024-12-09,OMN,EMRO,5,0,0,1,0,0
Panama,2024-12-09,PAN,AMRO,243,0,1,1,0,0
Paraguay,2024-12-09,PRY,AMRO,126,0,0,0,0,0
Peru,2024-12-09,PER,AMRO,3958,0,26,0,0,0
Saint Martin,2024-12-09,MAF,AMRO,1,0,0,0,0,0
Trinidad and Tobago,2024-12-09,TTO,AMRO,4,0,0,0,0,0
United States of America,2024-12-09,USA,AMRO,34523,0,63,21,0,0
Uruguay,2024-12-09,URY,AMRO,20,0,0,0,0,0
Venezuela (Bolivarian Republic of),2024-12-09,VEN,AMRO,12,0,0,0,0,0
China,2024-12-10,CHN,WPRO,2774,0,1,1,0,0
Angola,2024-12-15,AGO,AFRO,4,0,0,0,0,0
Australia,2024-12-15,AUS,WPRO,1522,0,0,26,0,0
Benin,2024-12-15,BEN,AFRO,3,0,0,0,0,0
Burundi,2024-12-15,BDI,AFRO,2717,0,1,171,0,0
Cameroon,2024-12-15,CMR,AFRO,54,0,5,0,0,0
Central African Republic,2024-12-15,CAF,AFRO,135,0,4,2,0,0
Congo,2024-12-15,COG,AFRO,49,0,2,0,0,0
Côte d’Ivoire,2024-12-15,CIV,AFRO,107,0,1,0,0,0
Democratic Republic of the Congo,2024-12-15,COD,AFRO,10490,0,28,318,0,0
Gabon,2024-12-15,GAB,AFRO,2,0,0,0,0,0
Ghana,2024-12-15,GHA,AFRO,133,0,4,0,0,0
Guinea,2024-12-15,GIN,AFRO,2,0,0,0,0,0
Kenya,2024-12-15,KEN,AFRO,29,0,1,1,0,0
Liberia,2024-12-15,LBR,AFRO,80,0,0,0,0,0
Mauritius,2024-12-15,MUS,AFRO,1,0,0,0,0,0
Mozambique,2024-12-15,MOZ,AFRO,1,0,1,0,0,0
Nigeria,2024-12-15,NGA,AFRO,1041,0,9,6,0,0
Rwanda,2024-12-15,RWA,AFRO,74,0,0,5,0,0
South Africa,2024-12-15,ZAF,AFRO,30,0,3,0,0,0
Uganda,2024-12-15,UGA,AFRO,1085,0,8,125,0,0
Zambia,2024-12-15,ZMB,AFRO,0,0,0,0,0,0
Zimbabwe,2024-12-15,ZWE,AFRO,2,0,0,0,0,0
Argentina,2024-12-16,ARG,AMRO,1254,0,2,2,0,0
Aruba,2024-12-16,ABW,AMRO,3,0,0,0,0,0
Bahamas,2024-12-16,BHS,AMRO,4,0,0,0,0,0
Barbados,2024-12-16,BRB,AMRO,1,0,0,0,0,0
Bermuda,2024-12-16,BMU,AMRO,1,0,0,0,0,0
Bolivia (Plurinational State of),2024-12-16,BOL,AMRO,266,0,0,0,0,0
Brazil,2024-12-16,BRA,AMRO,13698,0,16,22,0,0
Canada,2024-12-16,CAN,AMRO,2008,0,0,4,0,0
Chile,2024-12-16,CHL,AMRO,1492,0,3,4,0,0
Colombia,2024-12-16,COL,AMRO,4286,0,0,0,0,0
Costa Rica,2024-12-16,CRI,AMRO,226,0,1,0,0,0
Cuba,2024-12-16,CUB,AMRO,8,0,1,0,0,0
Curaçao,2024-12-16,CUW,AMRO,3,0,0,0,0,0
Dominican Republic,2024-12-16,DOM,AMRO,83,0,1,0,0,0
Ecuador,2024-12-16,ECU,AMRO,628,0,3,0,0,0
El Salvador,2024-12-16,SLV,AMRO,106,0,0,0,0,0
Guadeloupe,2024-12-16,GLP,AMRO,1,0,0,0,0,0
Guatemala,2024-12-16,GTM,AMRO,407,0,2,0,0,0
Guyana,2024-12-16,GUY,AMRO,2,0,0,0,0,0
Honduras,2024-12-16,HND,AMRO,44,0,0,0,0,0
Jamaica,2024-12-16,JAM,AMRO,21,0,0,0,0,0
Martinique,2024-12-16,MTQ,AMRO,7,0,0,0,0,0
Mexico,2024-12-16,MEX,AMRO,4199,0,35,4,0,0
Panama,2024-12-16,PAN,AMRO,243,0,1,0,0,0
Paraguay,2024-12-16,PRY,AMRO,126,0,0,0,0,0
Peru,2024-12-16,PER,AMRO,3958,0,26,0,0,0
Saint Martin,2024-12-16,MAF,AMRO,1,0,0,0,0,0
Trinidad and Tobago,2024-12-16,TTO,AMRO,4,0,0,0,0,0
United States of America,2024-12-16,USA,AMRO,34546,0,63,23,0,0
Uruguay,2024-12-16,URY,AMRO,20,0,0,0,0,0
Venezuela (Bolivarian Republic of),2024-12-16,VEN,AMRO,12,0,0,0,0,0
China,2024-12-17,CHN,WPRO,2776,0,1,2,0,0
Pakistan,2024-12-18,PAK,EMRO,18,0,1,1,0,0
Angola,2024-12-22,AGO,AFRO,4,0,0,0,0,0
Australia,2024-12-22,AUS,WPRO,1541,0,0,19,0,0
Benin,2024-12-22,BEN,AFRO,3,0,0,0,0,0
Burundi,2024-12-22,BDI,AFRO,2861,0,1,144,0,0
Cameroon,2024-12-22,CMR,AFRO,54,0,5,0,0,0
Central African Republic,2024-12-22,CAF,AFRO,135,0,4,0,0,0
Congo,2024-12-22,COG,AFRO,49,0,2,0,0,0
Côte d’Ivoire,2024-12-22,CIV,AFRO,107,0,1,0,0,0
Democratic Republic of the Congo,2024-12-22,COD,AFRO,10762,0,28,272,0,0
Gabon,2024-12-22,GAB,AFRO,2,0,0,0,0,0
Ghana,2024-12-22,GHA,AFRO,133,0,4,0,0,0
Guinea,2024-12-22,GIN,AFRO,2,0,0,0,0,0
Kenya,2024-12-22,KEN,AFRO,29,0,1,0,0,0
Liberia,2024-12-22,LBR,AFRO,80,0,0,0,0,0
Mauritius,2024-12-22,MUS,AFRO,1,0,0,0,0,0
Mozambique,2024-12-22,MOZ,AFRO,1,0,1,0,0,0
Nigeria,2024-12-22,NGA,AFRO,1045,0,9,4,0,0
Rwanda,2024-12-22,RWA,AFRO,78,0,0,4,0,0
South Africa,2024-12-22,ZAF,AFRO,30,0,3,0,0,0
Uganda,2024-12-22,UGA,AFRO,1253,0,9,168,0,1
Zambia,2024-12-22,ZMB,AFRO,1,0,0,1,0,0
Zimbabwe,2024-12-22,ZWE,AFRO,2,0,0,0,0,0
Argentina,2024-12-23,ARG,AMRO,1256,0,2,2,0,0
Aruba,2024-12-23,ABW,AMRO,3,0,0,0,0,0
Bahamas,2024-12-23,BHS,AMRO,4,0,0,0,0,0
Barbados,2024-12-23,BRB,AMRO,1,0,0,0,0,0
Bermuda,2024-12-23,BMU,AMRO,1,0,0,0,0,0
Bolivia (Plurinational State of),2024-12-23,BOL,AMRO,266,0,0,0,0,0
Brazil,2024-12-23,BRA,AMRO,13721,0,16,23,0,0
Canada,2024-12-23,CAN,AMRO,2015,0,0,7,0,0
Chile,2024-12-23,CHL,AMRO,1495,0,3,3,0,0
Colombia,2024-12-23,COL,AMRO,4286,0,0,0,0,0
Costa Rica,2024-12-23,CRI,AMRO,227,0,1,1,0,0
Cuba,2024-12-23,CUB,AMRO,8,0,1,0,0,0
Curaçao,2024-12-23,CUW,AMRO,3,0,0,0,0,0
Dominican Republic,2024-12-23,DOM,AMRO,83,0,1,0,0,0
Ecuador,2024-12-23,ECU,AMRO,628,0,3,0,0,0
El Salvador,2024-12-23,SLV,AMRO,106,0,0,0,0,0
Guadeloupe,2024-12-23,GLP,AMRO,1,0,0,0,0,0
Guatemala,2024-12-23,GTM,AMRO,407,0,2,0,0,0
Guyana,2024-12-23,GUY,AMRO,2,0,0,0,0,0
Honduras,2024-12-23,HND,AMRO,44,0,0,0,0,0
Jamaica,2024-12-23,JAM,AMRO,21,0,0,0,0,0
Martinique,2024-12-23,MTQ,AMRO,7,0,0,0,0,0
Mexico,2024-12-23,MEX,AMRO,4203,0,35,4,0,0
Panama,2024-12-23,PAN,AMRO,243,0,1,0,0,0
Paraguay,2024-12-23,PRY,AMRO,126,0,0,0,0,0
Peru,2024-12-23,PER,AMRO,3958,0,26,0,0,0
Saint Martin,2024-12-23,MAF,AMRO,1,0,0,0,0,0
Trinidad and Tobago,2024-12-23,TTO,AMRO,4,0,0,0,0,0
United States of America,2024-12-23,USA,AMRO,34568,0,63,22,0,0
Uruguay,2024-12-23,URY,AMRO,20,0,0,0,0,0
Venezuela (Bolivarian Republic of),2024-12-23,VEN,AMRO,12,0,0,0,0,0
China,2024-12-24,CHN,WPRO,2777,0,1,1,0,0
Philippines,2024-12-26,PHL,WPRO,63,0,1,7,0,0
Singapore,2024-12-27,SGP,WPRO,68,0,0,1,0,0
Angola,2024-12-29,AGO,AFRO,4,0,0,0,0,0
Australia,2024-12-29,AUS,WPRO,1554,0,0,13,0,0
Benin,2024-12-29,BEN,AFRO,3,0,0,0,0,0
Burundi,2024-12-29,BDI,AFRO,2946,0,1,85,0,0
Cameroon,2024-12-29,CMR,AFRO,54,0,5,0,0,0
Central African Republic,2024-12-29,CAF,AFRO,137,0,4,2,0,0
Congo,2024-12-29,COG,AFRO,50,0,2,1,0,0
Côte d’Ivoire,2024-12-29,CIV,AFRO,107,0,1,0,0,0
Democratic Republic of the Congo,2024-12-29,COD,AFRO,10992,0,29,230,0,1
Gabon,2024-12-29,GAB,AFRO,2,0,0,0,0,0
Ghana,2024-12-29,GHA,AFRO,133,0,4,0,0,0
Guinea,2024-12-29,GIN,AFRO,2,0,0,0,0,0
Kenya,2024-12-29,KEN,AFRO,31,0,1,2,0,0
Liberia,2024-12-29,LBR,AFRO,80,0,0,0,0,0
Nigeria,2024-12-29,NGA,AFRO,1049,0,9,4,0,0
Rwanda,2024-12-29,RWA,AFRO,82,0,0,4,0,0
South Africa,2024-12-29,ZAF,AFRO,30,0,3,0,0,0
Uganda,2024-12-29,UGA,AFRO,1352,0,13,99,0,4
Zambia,2024-12-29,ZMB,AFRO,2,0,0,1,0,0
Zimbabwe,2024-12-29,ZWE,AFRO,2,0,0,0,0,0
Argentina,2024-12-30,ARG,AMRO,1259,0,2,3,0,0
Aruba,2024-12-30,ABW,AMRO,3,0,0,0,0,0
Bahamas,2024-12-30,BHS,AMRO,4,0,0,0,0,0
Barbados,2024-12-30,BRB,AMRO,1,0,0,0,0,0
Bermuda,2024-12-30,BMU,AMRO,1,0,0,0,0,0
Bolivia (Plurinational State of),2024-12-30,BOL,AMRO,266,0,0,0,0,0
Brazil,2024-12-30,BRA,AMRO,13759,0,16,38,0,0
Canada,2024-12-30,CAN,AMRO,2018,0,0,3,0,0
Chile,2024-12-30,CHL,AMRO,1497,0,3,2,0,0
Colombia,2024-12-30,COL,AMRO,4287,0,0,1,0,0
Costa Rica,2024-12-30,CRI,AMRO,227,0,1,0,0,0
Cuba,2024-12-30,CUB,AMRO,8,0,1,0,0,0
Curaçao,2024-12-30,CUW,AMRO,3,0,0,0,0,0
Dominican Republic,2024-12-30,DOM,AMRO,83,0,1,0,0,0
Ecuador,2024-12-30,ECU,AMRO,628,0,3,0,0,0
El Salvador,2024-12-30,SLV,AMRO,106,0,0,0,0,0
Guadeloupe,2024-12-30,GLP,AMRO,1,0,0,0,0,0
Guatemala,2024-12-30,GTM,AMRO,407,0,2,0,0,0
Guyana,2024-12-30,GUY,AMRO,2,0,0,0,0,0
Honduras,2024-12-30,HND,AMRO,44,0,0,0,0,0
Jamaica,2024-12-30,JAM,AMRO,21,0,0,0,0,0
Martinique,2024-12-30,MTQ,AMRO,7,0,0,0,0,0
Mexico,2024-12-30,MEX,AMRO,4205,0,35,2,0,0
Panama,2024-12-30,PAN,AMRO,243,0,1,0,0,0
Paraguay,2024-12-30,PRY,AMRO,126,0,0,0,0,0
Peru,2024-12-30,PER,AMRO,3958,0,26,0,0,0
Saint Martin,2024-12-30,MAF,AMRO,1,0,0,0,0,0
Trinidad and Tobago,2024-12-30,TTO,AMRO,4,0,0,0,0,0
United States of America,2024-12-30,USA,AMRO,34592,0,63,24,0,0
Uruguay,2024-12-30,URY,AMRO,20,0,0,0,0,0
Venezuela (Bolivarian Republic of),2024-12-30,VEN,AMRO,12,0,0,0,0,0
Andorra,2024-12-31,AND,EURO,4,0,0,0,0,0
Australia,2024-12-31,AUS,WPRO,1578,0,0,24,0,0
Austria,2024-12-31,AUT,EURO,367,0,1,4,0,0
Belgium,2024-12-31,BEL,EURO,852,0,2,7,0,0
Bosnia and Herzegovina,2024-12-31,BIH,EURO,9,0,0,0,0,0
Bulgaria,2024-12-31,BGR,EURO,10,0,0,2,0,0
China,2024-12-31,CHN,WPRO,2805,0,1,28,0,0
Croatia,2024-12-31,HRV,EURO,35,0,0,0,0,0
Cyprus,2024-12-31,CYP,EURO,6,0,0,1,0,0
Czechia,2024-12-31,CZE,EURO,94,0,1,2,0,0
Denmark,2024-12-31,DNK,EURO,211,0,0,2,0,0
Estonia,2024-12-31,EST,EURO,11,0,0,0,0,0
Finland,2024-12-31,FIN,EURO,43,0,0,0,0,0
France,2024-12-31,FRA,EURO,4383,0,0,12,0,0
Georgia,2024-12-31,GEO,EURO,2,0,0,0,0,0
Germany,2024-12-31,DEU,EURO,4090,0,0,50,0,0
Gibraltar,2024-12-31,GIB,EURO,6,0,0,0,0,0
Greece,2024-12-31,GRC,EURO,129,0,0,22,0,0
Greenland,2024-12-31,GRL,EURO,2,0,0,0,0,0
Hungary,2024-12-31,HUN,EURO,85,0,0,0,0,0
Iceland,2024-12-31,ISL,EURO,17,0,0,0,0,0
India,2024-12-31,IND,SEARO,36,0,1,3,0,0
Indonesia,2024-12-31,IDN,SEARO,88,0,0,0,0,0
Ireland,2024-12-31,IRL,EURO,270,0,0,5,0,0
Israel,2024-12-31,ISR,EURO,336,0,0,11,0,0
Italy,2024-12-31,ITA,EURO,1087,0,0,8,0,0
Kosovo,2024-12-31,XKX,EURO,1,0,0,1,0,0
Latvia,2024-12-31,LVA,EURO,6,0,0,0,0,0
Lithuania,2024-12-31,LTU,EURO,6,0,0,0,0,0
Luxembourg,2024-12-31,LUX,EURO,62,0,0,0,0,0
Malta,2024-12-31,MLT,EURO,41,0,0,3,0,0
Monaco,2024-12-31,MCO,EURO,3,0,0,0,0,0
Montenegro,2024-12-31,MNE,EURO,2,0,0,0,0,0
Nepal,2024-12-31,NPL,SEARO,3,0,0,2,0,0
Netherlands,2024-12-31,NLD,EURO,1428,0,0,16,0,0
Norway,2024-12-31,NOR,EURO,119,0,0,0,0,0
Philippines,2024-12-31,PHL,WPRO,84,0,4,21,0,3
Poland,2024-12-31,POL,EURO,227,0,0,2,0,0
Portugal,2024-12-31,PRT,EURO,1210,0,2,2,0,0
Republic of Moldova,2024-12-31,MDA,EURO,2,0,0,0,0,0
Romania,2024-12-31,ROU,EURO,48,0,0,0,0,0
Russian Federation,2024-12-31,RUS,EURO,4,0,0,0,0,0
San Marino,2024-12-31,SMR,EURO,1,0,0,0,0,0
Serbia,2024-12-31,SRB,EURO,40,0,0,0,0,0
Slovakia,2024-12-31,SVK,EURO,18,0,0,0,0,0
Slovenia,2024-12-31,SVN,EURO,47,0,0,0,0,0
Spain,2024-12-31,ESP,EURO,8481,0,3,38,0,0
Sri Lanka,2024-12-31,LKA,SEARO,4,0,0,0,0,0
Sweden,2024-12-31,SWE,EURO,306,0,0,1,0,0
Switzerland,2024-12-31,CHE,EURO,600,0,0,4,0,0
Thailand,2024-12-31,THA,SEARO,865,0,10,0,0,0
The United Kingdom,2024-12-31,GBR,EURO,4166,0,0,20,0,0
Türkiye,2024-12-31,TUR,EURO,12,0,0,0,0,0
Ukraine,2024-12-31,UKR,EURO,5,0,0,0,0,0
China,2025-01-02,CHN,WPRO,2778,0,1,-27,0,0
Lebanon,2025-01-03,LBN,EMRO,29,0,0,1,0,0
Angola,2025-01-05,AGO,AFRO,4,0,0,0,0,0
Australia,2025-01-05,AUS,WPRO,1601,0,0,23,0,0
Burundi,2025-01-05,BDI,AFRO,3035,0,1,89,0,0
Cameroon,2025-01-05,CMR,AFRO,54,0,5,0,0,0
Central African Republic,2025-01-05,CAF,AFRO,141,0,4,4,0,0
Congo,2025-01-05,COG,AFRO,50,0,2,0,0,0
Côte d’Ivoire,2025-01-05,CIV,AFRO,107,0,1,0,0,0
Democratic Republic of the Congo,2025-01-05,COD,AFRO,11573,0,29,581,0,0
Ghana,2025-01-05,GHA,AFRO,133,0,4,0,0,0
Guinea,2025-01-05,GIN,AFRO,2,0,0,0,0,0
Kenya,2025-01-05,KEN,AFRO,31,0,1,0,0,0
Liberia,2025-01-05,LBR,AFRO,80,0,0,0,0,0
Nigeria,2025-01-05,NGA,AFRO,1051,0,9,2,0,0
Rwanda,2025-01-05,RWA,AFRO,87,0,0,5,0,0
Sierra Leone,2025-01-05,SLE,AFRO,0,0,0,0,0,0
South Africa,2025-01-05,ZAF,AFRO,30,0,3,0,0,0
South Sudan,2025-01-05,SSD,AFRO,0,0,0,0,0,0
Uganda,2025-01-05,UGA,AFRO,1558,0,14,206,0,1
Zambia,2025-01-05,ZMB,AFRO,3,0,0,1,0,0
Argentina,2025-01-06,ARG,AMRO,1259,0,2,0,0,0
Aruba,2025-01-06,ABW,AMRO,3,0,0,0,0,0
Bahamas,2025-01-06,BHS,AMRO,4,0,0,0,0,0
Barbados,2025-01-06,BRB,AMRO,1,0,0,0,0,0
Bermuda,2025-01-06,BMU,AMRO,1,0,0,0,0,0
Bolivia (Plurinational State of),2025-01-06,BOL,AMRO,266,0,0,0,0,0
Brazil,2025-01-06,BRA,AMRO,13781,0,16,22,0,0
Canada,2025-01-06,CAN,AMRO,2028,0,0,10,0,0
Chile,2025-01-06,CHL,AMRO,1500,0,3,3,0,0
Colombia,2025-01-06,COL,AMRO,4287,0,0,0,0,0
Costa Rica,2025-01-06,CRI,AMRO,228,0,1,1,0,0
Cuba,2025-01-06,CUB,AMRO,8,0,1,0,0,0
Curaçao,2025-01-06,CUW,AMRO,3,0,0,0,0,0
Dominican Republic,2025-01-06,DOM,AMRO,83,0,1,0,0,0
Ecuador,2025-01-06,ECU,AMRO,628,0,3,0,0,0
El Salvador,2025-01-06,SLV,AMRO,106,0,0,0,0,0
Guadeloupe,2025-01-06,GLP,AMRO,1,0,0,0,0,0
Guatemala,2025-01-06,GTM,AMRO,407,0,2,0,0,0
Guyana,2025-01-06,GUY,AMRO,2,0,0,0,0,0
Honduras,2025-01-06,HND,AMRO,44,0,0,0,0,0
Jamaica,2025-01-06,JAM,AMRO,21,0,0,0,0,0
Martinique,2025-01-06,MTQ,AMRO,7,0,0,0,0,0
Mexico,2025-01-06,MEX,AMRO,4206,0,35,1,0,0
Panama,2025-01-06,PAN,AMRO,243,0,1,0,0,0
Paraguay,2025-01-06,PRY,AMRO,126,0,0,0,0,0
Peru,2025-01-06,PER,AMRO,3958,0,26,0,0,0
Saint Martin,2025-01-06,MAF,AMRO,1,0,0,0,0,0
Trinidad and Tobago,2025-01-06,TTO,AMRO,4,0,0,0,0,0
United States of America,2025-01-06,USA,AMRO,34610,0,63,18,0,0
Uruguay,2025-01-06,URY,AMRO,20,0,0,0,0,0
Venezuela (Bolivarian Republic of),2025-01-06,VEN,AMRO,12,0,0,0,0,0
Lebanon,2025-01-07,LBN,EMRO,29,0,0,0,0,0
China,2025-01-08,CHN,WPRO,2811,0,1,33,0,0
Andorra,2025-01-10,AND,EURO,4,0,0,0,0,0
Austria,2025-01-10,AUT,EURO,368,0,1,1,0,0
Azerbaijan,2025-01-10,AZE,EURO,1,0,0,1,0,0
Belgium,2025-01-10,BEL,EURO,856,0,2,4,0,0
Bosnia and Herzegovina,2025-01-10,BIH,EURO,9,0,0,0,0,0
Bulgaria,2025-01-10,BGR,EURO,11,0,0,1,0,0
Croatia,2025-01-10,HRV,EURO,37,0,0,2,0,0
Cyprus,2025-01-10,CYP,EURO,6,0,0,0,0,0
Czechia,2025-01-10,CZE,EURO,100,0,1,6,0,0
Denmark,2025-01-10,DNK,EURO,216,0,0,5,0,0
Estonia,2025-01-10,EST,EURO,11,0,0,0,0,0
Finland,2025-01-10,FIN,EURO,43,0,0,0,0,0
France,2025-01-10,FRA,EURO,4392,0,0,9,0,0
Georgia,2025-01-10,GEO,EURO,2,0,0,0,0,0
Germany,2025-01-10,DEU,EURO,4139,0,0,49,0,0
Gibraltar,2025-01-10,GIB,EURO,6,0,0,0,0,0
Greece,2025-01-10,GRC,EURO,138,0,0,9,0,0
Greenland,2025-01-10,GRL,EURO,2,0,0,0,0,0
Hungary,2025-01-10,HUN,EURO,85,0,0,0,0,0
Iceland,2025-01-10,ISL,EURO,17,0,0,0,0,0
Ireland,2025-01-10,IRL,EURO,279,0,0,9,0,0
Israel,2025-01-10,ISR,EURO,340,0,0,4,0,0
Italy,2025-01-10,ITA,EURO,1109,0,0,22,0,0
Kosovo,2025-01-10,XKX,EURO,1,0,0,0,0,0
Latvia,2025-01-10,LVA,EURO,6,0,0,0,0,0
Lithuania,2025-01-10,LTU,EURO,6,0,0,0,0,0
Luxembourg,2025-01-10,LUX,EURO,62,0,0,0,0,0
Malaysia,2025-01-10,MYS,WPRO,12,0,0,2,0,0
Malta,2025-01-10,MLT,EURO,44,0,0,3,0,0
Monaco,2025-01-10,MCO,EURO,3,0,0,0,0,0
Montenegro,2025-01-10,MNE,EURO,2,0,0,0,0,0
Netherlands,2025-01-10,NLD,EURO,1442,0,0,14,0,0
Norway,2025-01-10,NOR,EURO,121,0,0,2,0,0
Poland,2025-01-10,POL,EURO,233,0,0,6,0,0
Portugal,2025-01-10,PRT,EURO,1212,0,2,2,0,0
Republic of Moldova,2025-01-10,MDA,EURO,2,0,0,0,0,0
Romania,2025-01-10,ROU,EURO,49,0,0,1,0,0
Russian Federation,2025-01-10,RUS,EURO,4,0,0,0,0,0
San Marino,2025-01-10,SMR,EURO,1,0,0,0,0,0
Serbia,2025-01-10,SRB,EURO,40,0,0,0,0,0
Slovakia,2025-01-10,SVK,EURO,19,0,0,1,0,0
Slovenia,2025-01-10,SVN,EURO,47,0,0,0,0,0
Spain,2025-01-10,ESP,EURO,8514,0,3,33,0,0
Sweden,2025-01-10,SWE,EURO,326,0,0,20,0,0
Switzerland,2025-01-10,CHE,EURO,600,0,0,0,0,0
The United Kingdom,2025-01-10,GBR,EURO,4184,0,0,18,0,0
Türkiye,2025-01-10,TUR,EURO,32,0,0,20,0,0
Ukraine,2025-01-10,UKR,EURO,5,0,0,0,0,0
Angola,2025-01-12,AGO,AFRO,4,0,0,0,0,0
Australia,2025-01-12,AUS,WPRO,1608,0,0,7,0,0
Burundi,2025-01-12,BDI,AFRO,3116,0,1,81,0,0
Cameroon,2025-01-12,CMR,AFRO,54,0,5,0,0,0
Central African Republic,2025-01-12,CAF,AFRO,142,0,4,1,0,0
Congo,2025-01-12,COG,AFRO,52,0,2,2,0,0
Côte d’Ivoire,2025-01-12,CIV,AFRO,107,0,1,0,0,0
Democratic Republic of the Congo,2025-01-12,COD,AFRO,12447,0,32,874,0,3
Ghana,2025-01-12,GHA,AFRO,133,0,4,0,0,0
Guinea,2025-01-12,GIN,AFRO,2,0,0,0,0,0
Kenya,2025-01-12,KEN,AFRO,31,0,1,0,0,0
Liberia,2025-01-12,LBR,AFRO,80,0,0,0,0,0
Nigeria,2025-01-12,NGA,AFRO,1055,0,9,4,0,0
Rwanda,2025-01-12,RWA,AFRO,90,0,0,3,0,0
Sierra Leone,2025-01-12,SLE,AFRO,2,0,0,2,0,0
South Africa,2025-01-12,ZAF,AFRO,30,0,3,0,0,0
South Sudan,2025-01-12,SSD,AFRO,0,0,0,0,0,0
Uganda,2025-01-12,UGA,AFRO,1836,0,16,278,0,2
Zambia,2025-01-12,ZMB,AFRO,5,0,0,2,0,0
Argentina,2025-01-13,ARG,AMRO,1259,0,2,0,0,0
Aruba,2025-01-13,ABW,AMRO,3,0,0,0,0,0
Bahamas,2025-01-13,BHS,AMRO,4,0,0,0,0,0
Barbados,2025-01-13,BRB,AMRO,1,0,0,0,0,0
Bermuda,2025-01-13,BMU,AMRO,1,0,0,0,0,0
Bolivia (Plurinational State of),2025-01-13,BOL,AMRO,266,0,0,0,0,0
Brazil,2025-01-13,BRA,AMRO,13814,0,16,33,0,0
Canada,2025-01-13,CAN,AMRO,2036,0,0,8,0,0
Chile,2025-01-13,CHL,AMRO,1501,0,3,1,0,0
Colombia,2025-01-13,COL,AMRO,4287,0,0,0,0,0
Costa Rica,2025-01-13,CRI,AMRO,229,0,1,1,0,0
Cuba,2025-01-13,CUB,AMRO,8,0,1,0,0,0
Curaçao,2025-01-13,CUW,AMRO,3,0,0,0,0,0
Dominican Republic,2025-01-13,DOM,AMRO,83,0,1,0,0,0
Ecuador,2025-01-13,ECU,AMRO,628,0,3,0,0,0
El Salvador,2025-01-13,SLV,AMRO,106,0,0,0,0,0
Guadeloupe,2025-01-13,GLP,AMRO,1,0,0,0,0,0
Guatemala,2025-01-13,GTM,AMRO,407,0,2,0,0,0
Guyana,2025-01-13,GUY,AMRO,2,0,0,0,0,0
Honduras,2025-01-13,HND,AMRO,44,0,0,0,0,0
Jamaica,2025-01-13,JAM,AMRO,21,0,0,0,0,0
Martinique,2025-01-13,MTQ,AMRO,7,0,0,0,0,0
Mexico,2025-01-13,MEX,AMRO,4210,0,35,4,0,0
Panama,2025-01-13,PAN,AMRO,243,0,1,0,0,0
Paraguay,2025-01-13,PRY,AMRO,126,0,0,0,0,0
Peru,2025-01-13,PER,AMRO,3958,0,26,0,0,0
Saint Martin,2025-01-13,MAF,AMRO,1,0,0,0,0,0
Trinidad and Tobago,2025-01-13,TTO,AMRO,4,0,0,0,0,0
United States of America,2025-01-13,USA,AMRO,34620,0,63,10,0,0
Uruguay,2025-01-13,URY,AMRO,20,0,0,0,0,0
Venezuela (Bolivarian Republic of),2025-01-13,VEN,AMRO,12,0,0,0,0,0
China,2025-01-14,CHN,WPRO,2806,0,1,-5,0,0
Guinea,2025-01-17,GIN,AFRO,2,0,0,0,0,0
United Arab Emirates,2025-01-17,ARE,EMRO,31,0,1,1,0,0
Angola,2025-01-19,AGO,AFRO,4,0,0,0,0,0
Australia,2025-01-19,AUS,WPRO,1625,0,0,17,0,0
Burundi,2025-01-19,BDI,AFRO,3236,0,1,120,0,0
Cameroon,2025-01-19,CMR,AFRO,54,0,5,0,0,0
Central African Republic,2025-01-19,CAF,AFRO,142,0,4,0,0,0
Congo,2025-01-19,COG,AFRO,52,0,2,0,0,0
Côte d’Ivoire,2025-01-19,CIV,AFRO,108,0,1,1,0,0
Democratic Republic of the Congo,2025-01-19,COD,AFRO,13115,0,36,668,0,4
Ghana,2025-01-19,GHA,AFRO,133,0,4,0,0,0
Kenya,2025-01-19,KEN,AFRO,37,0,1,6,0,0
Liberia,2025-01-19,LBR,AFRO,81,0,0,1,0,0
Nigeria,2025-01-19,NGA,AFRO,1062,0,9,7,0,0
Rwanda,2025-01-19,RWA,AFRO,94,0,0,4,0,0
Sierra Leone,2025-01-19,SLE,AFRO,10,0,0,8,0,0
South Africa,2025-01-19,ZAF,AFRO,30,0,3,0,0,0
South Sudan,2025-01-19,SSD,AFRO,0,0,0,0,0,0
Uganda,2025-01-19,UGA,AFRO,2127,0,18,291,0,2
Zambia,2025-01-19,ZMB,AFRO,8,0,0,3,0,0
Argentina,2025-01-20,ARG,AMRO,1259,0,2,0,0,0
Aruba,2025-01-20,ABW,AMRO,3,0,0,0,0,0
Bahamas,2025-01-20,BHS,AMRO,4,0,0,0,0,0
Barbados,2025-01-20,BRB,AMRO,1,0,0,0,0,0
Bermuda,2025-01-20,BMU,AMRO,1,0,0,0,0,0
Bolivia (Plurinational State of),2025-01-20,BOL,AMRO,266,0,0,0,0,0
Brazil,2025-01-20,BRA,AMRO,13862,0,16,48,0,0
Canada,2025-01-20,CAN,AMRO,2047,0,0,11,0,0
Chile,2025-01-20,CHL,AMRO,1509,0,3,8,0,0
Colombia,2025-01-20,COL,AMRO,4287,0,0,0,0,0
Costa Rica,2025-01-20,CRI,AMRO,229,0,1,0,0,0
Cuba,2025-01-20,CUB,AMRO,8,0,1,0,0,0
Curaçao,2025-01-20,CUW,AMRO,3,0,0,0,0,0
Dominican Republic,2025-01-20,DOM,AMRO,83,0,1,0,0,0
Ecuador,2025-01-20,ECU,AMRO,629,0,3,1,0,0
El Salvador,2025-01-20,SLV,AMRO,106,0,0,0,0,0
Guadeloupe,2025-01-20,GLP,AMRO,1,0,0,0,0,0
Guatemala,2025-01-20,GTM,AMRO,407,0,2,0,0,0
Guyana,2025-01-20,GUY,AMRO,2,0,0,0,0,0
Honduras,2025-01-20,HND,AMRO,44,0,0,0,0,0
Jamaica,2025-01-20,JAM,AMRO,21,0,0,0,0,0
Martinique,2025-01-20,MTQ,AMRO,7,0,0,0,0,0
Mexico,2025-01-20,MEX,AMRO,4212,0,35,2,0,0
Panama,2025-01-20,PAN,AMRO,243,0,1,0,0,0
Paraguay,2025-01-20,PRY,AMRO,126,0,0,0,0,0
Peru,2025-01-20,PER,AMRO,3958,0,26,0,0,0
Philippines,2025-01-20,PHL,WPRO,86,0,4,2,0,0
Saint Martin,2025-01-20,MAF,AMRO,1,0,0,0,0,0
Trinidad and Tobago,2025-01-20,TTO,AMRO,4,0,0,0,0,0
United States of America,2025-01-20,USA,AMRO,34634,0,63,14,0,0
Uruguay,2025-01-20,URY,AMRO,20,0,0,0,0,0
Venezuela (Bolivarian Republic of),2025-01-20,VEN,AMRO,12,0,0,0,0,0
China,2025-01-21,CHN,WPRO,2813,0,1,7,0,0
Singapore,2025-01-21,SGP,WPRO,69,0,0,1,0,0
Central African Republic,2025-01-22,CAF,AFRO,143,0,4,1,0,0
Pakistan,2025-01-24,PAK,EMRO,19,0,1,1,0,0
Singapore,2025-01-24,SGP,WPRO,69,0,0,0,0,0
Viet Nam,2025-01-25,VNM,WPRO,211,0,9,2,0,0
Angola,2025-01-26,AGO,AFRO,4,0,0,0,0,0
Australia,2025-01-26,AUS,WPRO,1644,0,0,19,0,0
Burundi,2025-01-26,BDI,AFRO,3288,0,1,52,0,0
Cameroon,2025-01-26,CMR,AFRO,54,0,5,0,0,0
Congo,2025-01-26,COG,AFRO,56,0,2,4,0,0
Côte d’Ivoire,2025-01-26,CIV,AFRO,109,0,1,1,0,0
Democratic Republic of the Congo,2025-01-26,COD,AFRO,13671,0,38,556,0,2
Ghana,2025-01-26,GHA,AFRO,133,0,4,0,0,0
Guinea,2025-01-26,GIN,AFRO,2,0,0,0,0,0
Kenya,2025-01-26,KEN,AFRO,38,0,1,1,0,0
Liberia,2025-01-26,LBR,AFRO,84,0,0,3,0,0
Nigeria,2025-01-26,NGA,AFRO,1067,0,9,5,0,0
Rwanda,2025-01-26,RWA,AFRO,99,0,0,5,0,0
Sierra Leone,2025-01-26,SLE,AFRO,16,0,0,6,0,0
South Africa,2025-01-26,ZAF,AFRO,31,0,3,1,0,0
South Sudan,2025-01-26,SSD,AFRO,1,0,0,1,0,0
Uganda,2025-01-26,UGA,AFRO,2462,0,20,335,0,2
Zambia,2025-01-26,ZMB,AFRO,12,0,0,4,0,0
Argentina,2025-01-27,ARG,AMRO,1259,0,2,0,0,0
Aruba,2025-01-27,ABW,AMRO,3,0,0,0,0,0
Bahamas,2025-01-27,BHS,AMRO,4,0,0,0,0,0
Barbados,2025-01-27,BRB,AMRO,1,0,0,0,0,0
Bermuda,2025-01-27,BMU,AMRO,1,0,0,0,0,0
Bolivia (Plurinational State of),2025-01-27,BOL,AMRO,266,0,0,0,0,0
Brazil,2025-01-27,BRA,AMRO,13895,0,16,33,0,0
Canada,2025-01-27,CAN,AMRO,2051,0,0,4,0,0
Chile,2025-01-27,CHL,AMRO,1516,0,3,7,0,0
Colombia,2025-01-27,COL,AMRO,4287,0,0,0,0,0
Costa Rica,2025-01-27,CRI,AMRO,229,0,1,0,0,0
Cuba,2025-01-27,CUB,AMRO,8,0,1,0,0,0
Curaçao,2025-01-27,CUW,AMRO,3,0,0,0,0,0
Dominican Republic,2025-01-27,DOM,AMRO,83,0,1,0,0,0
Ecuador,2025-01-27,ECU,AMRO,629,0,3,0,0,0
El Salvador,2025-01-27,SLV,AMRO,106,0,0,0,0,0
Guadeloupe,2025-01-27,GLP,AMRO,1,0,0,0,0,0
Guatemala,2025-01-27,GTM,AMRO,407,0,2,0,0,0
Guyana,2025-01-27,GUY,AMRO,2,0,0,0,0,0
Honduras,2025-01-27,HND,AMRO,44,0,0,0,0,0
Jamaica,2025-01-27,JAM,AMRO,21,0,0,0,0,0
Martinique,2025-01-27,MTQ,AMRO,7,0,0,0,0,0
Mexico,2025-01-27,MEX,AMRO,4214,0,35,2,0,0
Panama,2025-01-27,PAN,AMRO,243,0,1,0,0,0
Paraguay,2025-01-27,PRY,AMRO,126,0,0,0,0,0
Peru,2025-01-27,PER,AMRO,3958,0,26,0,0,0
Saint Martin,2025-01-27,MAF,AMRO,1,0,0,0,0,0
Trinidad and Tobago,2025-01-27,TTO,AMRO,4,0,0,0,0,0
United States of America,2025-01-27,USA,AMRO,34657,0,63,23,0,0
Uruguay,2025-01-27,URY,AMRO,20,0,0,0,0,0
Venezuela (Bolivarian Republic of),2025-01-27,VEN,AMRO,12,0,0,0,0,0
Pakistan,2025-01-29,PAK,EMRO,20,0,1,1,0,0
China,2025-01-31,CHN,WPRO,2847,0,1,34,0,0
India,2025-01-31,IND,SEARO,39,0,1,3,0,0
Indonesia,2025-01-31,IDN,WPRO,88,0,0,0,0,0
Nepal,2025-01-31,NPL,SEARO,3,0,0,0,0,0
Sri Lanka,2025-01-31,LKA,SEARO,4,0,0,0,0,0
Thailand,2025-01-31,THA,SEARO,870,0,13,5,0,3
China,2025-02-01,CHN,WPRO,2848,0,1,1,0,0
Angola,2025-02-02,AGO,AFRO,4,0,0,0,0,0
Australia,2025-02-02,AUS,WPRO,1653,0,0,9,0,0
Burundi,2025-02-02,BDI,AFRO,3359,0,1,71,0,0
Cameroon,2025-02-02,CMR,AFRO,54,0,5,0,0,0
Central African Republic,2025-02-02,CAF,AFRO,143,0,4,0,0,0
Congo,2025-02-02,COG,AFRO,60,0,2,4,0,0
Côte d’Ivoire,2025-02-02,CIV,AFRO,110,0,1,1,0,0
Democratic Republic of the Congo,2025-02-02,COD,AFRO,14142,0,42,471,0,4
Ghana,2025-02-02,GHA,AFRO,133,0,4,0,0,0
Guinea,2025-02-02,GIN,AFRO,2,0,0,0,0,0
Kenya,2025-02-02,KEN,AFRO,38,0,1,0,0,0
Liberia,2025-02-02,LBR,AFRO,85,0,0,1,0,0
Nigeria,2025-02-02,NGA,AFRO,1078,0,9,11,0,0
Rwanda,2025-02-02,RWA,AFRO,102,0,0,3,0,0
Sierra Leone,2025-02-02,SLE,AFRO,17,0,0,1,0,0
South Africa,2025-02-02,ZAF,AFRO,31,0,3,0,0,0
South Sudan,2025-02-02,SSD,AFRO,1,0,0,0,0,0
Uganda,2025-02-02,UGA,AFRO,2659,0,22,197,0,2
Zambia,2025-02-02,ZMB,AFRO,15,0,0,3,0,0
Argentina,2025-02-03,ARG,AMRO,1261,0,2,2,0,0
Aruba,2025-02-03,ABW,AMRO,3,0,0,0,0,0
Bahamas,2025-02-03,BHS,AMRO,4,0,0,0,0,0
Barbados,2025-02-03,BRB,AMRO,1,0,0,0,0,0
Bermuda,2025-02-03,BMU,AMRO,1,0,0,0,0,0
Bolivia (Plurinational State of),2025-02-03,BOL,AMRO,266,0,0,0,0,0
Brazil,2025-02-03,BRA,AMRO,13921,0,16,26,0,0
Canada,2025-02-03,CAN,AMRO,2056,0,0,5,0,0
Chile,2025-02-03,CHL,AMRO,1527,0,3,11,0,0
Colombia,2025-02-03,COL,AMRO,4288,0,0,1,0,0
Costa Rica,2025-02-03,CRI,AMRO,229,0,1,0,0,0
Cuba,2025-02-03,CUB,AMRO,8,0,1,0,0,0
Curaçao,2025-02-03,CUW,AMRO,3,0,0,0,0,0
Dominican Republic,2025-02-03,DOM,AMRO,83,0,1,0,0,0
Ecuador,2025-02-03,ECU,AMRO,629,0,3,0,0,0
El Salvador,2025-02-03,SLV,AMRO,106,0,0,0,0,0
Guadeloupe,2025-02-03,GLP,AMRO,1,0,0,0,0,0
Guatemala,2025-02-03,GTM,AMRO,407,0,2,0,0,0
Guyana,2025-02-03,GUY,AMRO,2,0,0,0,0,0
Honduras,2025-02-03,HND,AMRO,44,0,0,0,0,0
Jamaica,2025-02-03,JAM,AMRO,21,0,0,0,0,0
Martinique,2025-02-03,MTQ,AMRO,7,0,0,0,0,0
Mexico,2025-02-03,MEX,AMRO,4220,0,35,6,0,0
Panama,2025-02-03,PAN,AMRO,243,0,1,0,0,0
Paraguay,2025-02-03,PRY,AMRO,126,0,0,0,0,0
Peru,2025-02-03,PER,AMRO,3958,0,26,0,0,0
Saint Martin,2025-02-03,MAF,AMRO,1,0,0,0,0,0
Trinidad and Tobago,2025-02-03,TTO,AMRO,4,0,0,0,0,0
United States of America,2025-02-03,USA,AMRO,34679,0,63,22,0,0
Uruguay,2025-02-03,URY,AMRO,20,0,0,0,0,0
Venezuela (Bolivarian Republic of),2025-02-03,VEN,AMRO,12,0,0,0,0,0
New Zealand,2025-02-04,NZL,WPRO,71,3,0,2,0,0
Malaysia,2025-02-05,MYS,WPRO,13,0,0,1,0,0
Qatar,2025-02-05,QAT,EMRO,6,0,0,1,0,0
Pakistan,2025-02-06,PAK,EMRO,21,0,1,1,0,0
Qatar,2025-02-06,QAT,EMRO,7,0,0,1,0,0
China,2025-02-07,CHN,WPRO,2849,0,1,1,0,0
Singapore,2025-02-07,SGP,WPRO,70,0,0,1,0,0
Angola,2025-02-09,AGO,AFRO,4,0,0,0,0,0
Australia,2025-02-09,AUS,WPRO,1667,0,0,14,0,0
Burundi,2025-02-09,BDI,AFRO,3428,0,1,69,0,0
Cameroon,2025-02-09,CMR,AFRO,54,0,5,0,0,0
Central African Republic,2025-02-09,CAF,AFRO,143,0,4,0,0,0
Congo,2025-02-09,COG,AFRO,64,0,2,4,0,0
Côte d’Ivoire,2025-02-09,CIV,AFRO,111,0,1,1,0,0
Democratic Republic of the Congo,2025-02-09,COD,AFRO,14705,0,47,563,0,5
Ghana,2025-02-09,GHA,AFRO,133,0,4,0,0,0
Guinea,2025-02-09,GIN,AFRO,2,0,0,0,0,0
Kenya,2025-02-09,KEN,AFRO,39,0,1,1,0,0
Liberia,2025-02-09,LBR,AFRO,87,0,0,2,0,0
Nigeria,2025-02-09,NGA,AFRO,1102,0,10,24,0,1
Rwanda,2025-02-09,RWA,AFRO,102,0,0,0,0,0
Sierra Leone,2025-02-09,SLE,AFRO,20,0,0,3,0,0
South Africa,2025-02-09,ZAF,AFRO,31,0,3,0,0,0
South Sudan,2025-02-09,SSD,AFRO,4,0,0,3,0,0
Uganda,2025-02-09,UGA,AFRO,2869,0,25,210,0,3
Zambia,2025-02-09,ZMB,AFRO,18,0,0,3,0,0
Argentina,2025-02-10,ARG,AMRO,1261,0,2,0,0,0
Aruba,2025-02-10,ABW,AMRO,3,0,0,0,0,0
Bahamas,2025-02-10,BHS,AMRO,4,0,0,0,0,0
Barbados,2025-02-10,BRB,AMRO,1,0,0,0,0,0
Bermuda,2025-02-10,BMU,AMRO,1,0,0,0,0,0
Bolivia (Plurinational State of),2025-02-10,BOL,AMRO,266,0,0,0,0,0
Brazil,2025-02-10,BRA,AMRO,13942,0,17,21,0,1
Canada,2025-02-10,CAN,AMRO,2059,0,0,3,0,0
Chile,2025-02-10,CHL,AMRO,1536,0,3,9,0,0
Colombia,2025-02-10,COL,AMRO,4288,0,0,0,0,0
Costa Rica,2025-02-10,CRI,AMRO,229,0,1,0,0,0
Cuba,2025-02-10,CUB,AMRO,8,0,1,0,0,0
Curaçao,2025-02-10,CUW,AMRO,3,0,0,0,0,0
Dominican Republic,2025-02-10,DOM,AMRO,83,0,1,0,0,0
Ecuador,2025-02-10,ECU,AMRO,629,0,3,0,0,0
El Salvador,2025-02-10,SLV,AMRO,106,0,0,0,0,0
Guadeloupe,2025-02-10,GLP,AMRO,1,0,0,0,0,0
Guatemala,2025-02-10,GTM,AMRO,407,0,2,0,0,0
Guyana,2025-02-10,GUY,AMRO,2,0,0,0,0,0
Honduras,2025-02-10,HND,AMRO,44,0,0,0,0,0
Jamaica,2025-02-10,JAM,AMRO,21,0,0,0,0,0
Martinique,2025-02-10,MTQ,AMRO,7,0,0,0,0,0
Mexico,2025-02-10,MEX,AMRO,4228,0,35,8,0,0
Panama,2025-02-10,PAN,AMRO,243,0,1,0,0,0
Paraguay,2025-02-10,PRY,AMRO,126,0,0,0,0,0
Peru,2025-02-10,PER,AMRO,3958,0,26,0,0,0
Saint Martin,2025-02-10,MAF,AMRO,1,0,0,0,0,0
Trinidad and Tobago,2025-02-10,TTO,AMRO,4,0,0,0,0,0
United States of America,2025-02-10,USA,AMRO,34695,0,63,16,0,0
Uruguay,2025-02-10,URY,AMRO,20,0,0,0,0,0
Venezuela (Bolivarian Republic of),2025-02-10,VEN,AMRO,12,0,0,0,0,0
Oman,2025-02-12,OMN,EMRO,6,0,0,1,0,0
Angola,2025-02-16,AGO,AFRO,5,0,0,1,0,0
Australia,2025-02-16,AUS,WPRO,1681,0,0,14,0,0
Burundi,2025-02-16,BDI,AFRO,3467,0,1,39,0,0
Cameroon,2025-02-16,CMR,AFRO,54,0,5,0,0,0
Central African Republic,2025-02-16,CAF,AFRO,143,0,4,0,0,0
Congo,2025-02-16,COG,AFRO,66,0,2,2,0,0
Côte d’Ivoire,2025-02-16,CIV,AFRO,111,0,1,0,0,0
Democratic Republic of the Congo,2025-02-16,COD,AFRO,15183,0,51,478,0,4
Ghana,2025-02-16,GHA,AFRO,133,0,4,0,0,0
Guinea,2025-02-16,GIN,AFRO,2,0,0,0,0,0
Kenya,2025-02-16,KEN,AFRO,45,0,1,6,0,0
Liberia,2025-02-16,LBR,AFRO,87,0,0,0,0,0
Nigeria,2025-02-16,NGA,AFRO,1109,0,11,7,0,1
Rwanda,2025-02-16,RWA,AFRO,104,0,0,2,0,0
Sierra Leone,2025-02-16,SLE,AFRO,22,0,0,2,0,0
South Africa,2025-02-16,ZAF,AFRO,32,0,3,1,0,0
South Sudan,2025-02-16,SSD,AFRO,6,0,0,2,0,0
Uganda,2025-02-16,UGA,AFRO,3135,0,28,266,0,3
Zambia,2025-02-16,ZMB,AFRO,20,0,0,2,0,0
Argentina,2025-02-17,ARG,AMRO,1261,0,2,0,0,0
Aruba,2025-02-17,ABW,AMRO,3,0,0,0,0,0
Bahamas,2025-02-17,BHS,AMRO,4,0,0,0,0,0
Barbados,2025-02-17,BRB,AMRO,1,0,0,0,0,0
Bermuda,2025-02-17,BMU,AMRO,1,0,0,0,0,0
Bolivia (Plurinational State of),2025-02-17,BOL,AMRO,266,0,0,0,0,0
Brazil,2025-02-17,BRA,AMRO,13965,0,17,23,0,0
Canada,2025-02-17,CAN,AMRO,2060,0,0,1,0,0
Chile,2025-02-17,CHL,AMRO,1542,0,3,6,0,0
Colombia,2025-02-17,COL,AMRO,4288,0,0,0,0,0
Costa Rica,2025-02-17,CRI,AMRO,229,0,1,0,0,0
Cuba,2025-02-17,CUB,AMRO,8,0,1,0,0,0
Curaçao,2025-02-17,CUW,AMRO,3,0,0,0,0,0
Dominican Republic,2025-02-17,DOM,AMRO,83,0,1,0,0,0
Ecuador,2025-02-17,ECU,AMRO,629,0,3,0,0,0
El Salvador,2025-02-17,SLV,AMRO,106,0,0,0,0,0
Guadeloupe,2025-02-17,GLP,AMRO,1,0,0,0,0,0
Guatemala,2025-02-17,GTM,AMRO,407,0,2,0,0,0
Guyana,2025-02-17,GUY,AMRO,2,0,0,0,0,0
Honduras,2025-02-17,HND,AMRO,44,0,0,0,0,0
Jamaica,2025-02-17,JAM,AMRO,21,0,0,0,0,0
Martinique,2025-02-17,MTQ,AMRO,7,0,0,0,0,0
Mexico,2025-02-17,MEX,AMRO,4237,0,35,9,0,0
Panama,2025-02-17,PAN,AMRO,243,0,1,0,0,0
Paraguay,2025-02-17,PRY,AMRO,126,0,0,0,0,0
Peru,2025-02-17,PER,AMRO,3958,0,26,0,0,0
Qatar,2025-02-17,QAT,EMRO,9,0,0,2,0,0
Saint Martin,2025-02-17,MAF,AMRO,1,0,0,0,0,0
Trinidad and Tobago,2025-02-17,TTO,AMRO,4,0,0,0,0,0
United States of America,2025-02-17,USA,AMRO,34716,0,63,21,0,0
Uruguay,2025-02-17,URY,AMRO,20,0,0,0,0,0
Venezuela (Bolivarian Republic of),2025-02-17,VEN,AMRO,12,0,0,0,0,0
Philippines,2025-02-19,PHL,WPRO,108,0,5,22,0,1
Singapore,2025-02-21,SGP,WPRO,71,0,0,1,0,0
Pakistan,2025-02-22,PAK,EMRO,23,0,1,2,0,0
Angola,2025-02-23,AGO,AFRO,7,0,0,2,0,0
Australia,2025-02-23,AUS,WPRO,1684,0,0,3,0,0
Burundi,2025-02-23,BDI,AFRO,3547,0,1,80,0,0
Cameroon,2025-02-23,CMR,AFRO,54,0,5,0,0,0
Central African Republic,2025-02-23,CAF,AFRO,143,0,4,0,0,0
Congo,2025-02-23,COG,AFRO,71,0,2,5,0,0
Côte d’Ivoire,2025-02-23,CIV,AFRO,113,0,1,2,0,0
Democratic Republic of the Congo,2025-02-23,COD,AFRO,15737,0,51,554,0,0
Ghana,2025-02-23,GHA,AFRO,134,0,4,1,0,0
Guinea,2025-02-23,GIN,AFRO,2,0,0,0,0,0
Kenya,2025-02-23,KEN,AFRO,51,0,1,6,0,0
Liberia,2025-02-23,LBR,AFRO,87,0,0,0,0,0
Nigeria,2025-02-23,NGA,AFRO,1117,0,11,8,0,0
Rwanda,2025-02-23,RWA,AFRO,105,0,0,1,0,0
Sierra Leone,2025-02-23,SLE,AFRO,25,0,0,3,0,0
South Africa,2025-02-23,ZAF,AFRO,34,0,3,2,0,0
South Sudan,2025-02-23,SSD,AFRO,8,0,0,2,0,0
Uganda,2025-02-23,UGA,AFRO,3487,0,30,352,0,2
United Republic of Tanzania,2025-02-23,TZA,AFRO,0,0,0,0,0,0
Zambia,2025-02-23,ZMB,AFRO,20,0,0,0,0,0
Argentina,2025-02-24,ARG,AMRO,1261,0,2,0,0,0
Aruba,2025-02-24,ABW,AMRO,3,0,0,0,0,0
Bahamas,2025-02-24,BHS,AMRO,4,0,0,0,0,0
Barbados,2025-02-24,BRB,AMRO,1,0,0,0,0,0
Bermuda,2025-02-24,BMU,AMRO,1,0,0,0,0,0
Bolivia (Plurinational State of),2025-02-24,BOL,AMRO,266,0,0,0,0,0
Brazil,2025-02-24,BRA,AMRO,13990,0,17,25,0,0
Canada,2025-02-24,CAN,AMRO,2065,0,0,5,0,0
Chile,2025-02-24,CHL,AMRO,1554,0,3,12,0,0
Colombia,2025-02-24,COL,AMRO,4288,0,0,0,0,0
Costa Rica,2025-02-24,CRI,AMRO,229,0,1,0,0,0
Cuba,2025-02-24,CUB,AMRO,8,0,1,0,0,0
Curaçao,2025-02-24,CUW,AMRO,3,0,0,0,0,0
Dominican Republic,2025-02-24,DOM,AMRO,83,0,1,0,0,0
Ecuador,2025-02-24,ECU,AMRO,629,0,3,0,0,0
El Salvador,2025-02-24,SLV,AMRO,106,0,0,0,0,0
Guadeloupe,2025-02-24,GLP,AMRO,1,0,0,0,0,0
Guatemala,2025-02-24,GTM,AMRO,407,0,2,0,0,0
Guyana,2025-02-24,GUY,AMRO,2,0,0,0,0,0
Honduras,2025-02-24,HND,AMRO,44,0,0,0,0,0
Jamaica,2025-02-24,JAM,AMRO,21,0,0,0,0,0
Martinique,2025-02-24,MTQ,AMRO,7,0,0,0,0,0
Mexico,2025-02-24,MEX,AMRO,4248,0,35,11,0,0
Panama,2025-02-24,PAN,AMRO,243,0,1,0,0,0
Paraguay,2025-02-24,PRY,AMRO,126,0,0,0,0,0
Peru,2025-02-24,PER,AMRO,3958,0,26,0,0,0
Saint Martin,2025-02-24,MAF,AMRO,1,0,0,0,0,0
Trinidad and Tobago,2025-02-24,TTO,AMRO,4,0,0,0,0,0
United States of America,2025-02-24,USA,AMRO,34734,0,63,18,0,0
Uruguay,2025-02-24,URY,AMRO,20,0,0,0,0,0
Venezuela (Bolivarian Republic of),2025-02-24,VEN,AMRO,12,0,0,0,0,0
Pakistan,2025-02-26,PAK,EMRO,24,0,1,1,0,0
Andorra,2025-02-28,AND,EURO,4,0,0,0,0,0
Austria,2025-02-28,AUT,EURO,371,0,1,3,0,0
Azerbaijan,2025-02-28,AZE,EURO,1,0,0,0,0,0
Belgium,2025-02-28,BEL,EURO,858,0,2,2,0,0
Bosnia and Herzegovina,2025-02-28,BIH,EURO,9,0,0,0,0,0
Bulgaria,2025-02-28,BGR,EURO,11,0,0,0,0,0
China,2025-02-28,CHN,WPRO,2905,0,1,56,0,0
Croatia,2025-02-28,HRV,EURO,37,0,0,0,0,0
Cyprus,2025-02-28,CYP,EURO,6,0,0,0,0,0
Czechia,2025-02-28,CZE,EURO,101,0,1,1,0,0
Denmark,2025-02-28,DNK,EURO,216,0,0,0,0,0
Estonia,2025-02-28,EST,EURO,11,0,0,0,0,0
Finland,2025-02-28,FIN,EURO,43,0,0,0,0,0
France,2025-02-28,FRA,EURO,4405,0,0,13,0,0
Georgia,2025-02-28,GEO,EURO,2,0,0,0,0,0
Germany,2025-02-28,DEU,EURO,4159,0,0,20,0,0
Gibraltar,2025-02-28,GIB,EURO,6,0,0,0,0,0
Greece,2025-02-28,GRC,EURO,145,0,0,7,0,0
Greenland,2025-02-28,GRL,EURO,2,0,0,0,0,0
Hungary,2025-02-28,HUN,EURO,85,0,0,0,0,0
Iceland,2025-02-28,ISL,EURO,17,0,0,0,0,0
India,2025-02-28,IND,SEARO,44,0,1,5,0,0
Indonesia,2025-02-28,IDN,WPRO,88,0,0,0,0,0
Ireland,2025-02-28,IRL,EURO,283,0,0,4,0,0
Israel,2025-02-28,ISR,EURO,355,0,0,15,0,0
Italy,2025-02-28,ITA,EURO,1123,0,0,14,0,0
Kosovo,2025-02-28,XKX,EURO,1,0,0,0,0,0
Latvia,2025-02-28,LVA,EURO,6,0,0,0,0,0
Lithuania,2025-02-28,LTU,EURO,6,0,0,0,0,0
Luxembourg,2025-02-28,LUX,EURO,62,0,0,0,0,0
Malta,2025-02-28,MLT,EURO,44,0,0,0,0,0
Monaco,2025-02-28,MCO,EURO,3,0,0,0,0,0
Montenegro,2025-02-28,MNE,EURO,2,0,0,0,0,0
Nepal,2025-02-28,NPL,SEARO,3,0,0,0,0,0
Netherlands,2025-02-28,NLD,EURO,1450,0,0,8,0,0
Norway,2025-02-28,NOR,EURO,121,0,0,0,0,0
Pakistan,2025-02-28,PAK,EMRO,24,0,1,0,0,0
Poland,2025-02-28,POL,EURO,238,0,0,5,0,0
Portugal,2025-02-28,PRT,EURO,1214,0,2,2,0,0
Republic of Moldova,2025-02-28,MDA,EURO,2,0,0,0,0,0
Romania,2025-02-28,ROU,EURO,49,0,0,0,0,0
Russian Federation,2025-02-28,RUS,EURO,4,0,0,0,0,0
San Marino,2025-02-28,SMR,EURO,1,0,0,0,0,0
Serbia,2025-02-28,SRB,EURO,40,0,0,0,0,0
Singapore,2025-02-28,SGP,WPRO,72,0,0,1,0,0
Slovakia,2025-02-28,SVK,EURO,19,0,0,0,0,0
Slovenia,2025-02-28,SVN,EURO,47,0,0,0,0,0
Spain,2025-02-28,ESP,EURO,8585,0,3,71,0,0
Sri Lanka,2025-02-28,LKA,SEARO,4,0,0,0,0,0
Sweden,2025-02-28,SWE,EURO,340,0,0,14,0,0
Switzerland,2025-02-28,CHE,EURO,600,0,0,0,0,0
Thailand,2025-02-28,THA,SEARO,872,0,13,2,0,0
The United Kingdom,2025-02-28,GBR,EURO,4196,0,0,12,0,0
Türkiye,2025-02-28,TUR,EURO,32,0,0,0,0,0
Uganda,2025-02-28,UGA,AFRO,3770,0,31,283,0,1
Ukraine,2025-02-28,UKR,EURO,5,0,0,0,0,0
Zambia,2025-02-28,ZMB,AFRO,21,0,0,1,0,0
Burundi,2025-03-01,BDI,AFRO,3588,0,1,41,0,0
Angola,2025-03-02,AGO,AFRO,7,0,0,0,0,0
Australia,2025-03-02,AUS,WPRO,1690,0,0,6,0,0
Cameroon,2025-03-02,CMR,AFRO,54,0,5,0,0,0
Central African Republic,2025-03-02,CAF,AFRO,143,0,4,0,0,0
Congo,2025-03-02,COG,AFRO,72,0,2,1,0,0
Côte d’Ivoire,2025-03-02,CIV,AFRO,117,0,1,4,0,0
Democratic Republic of the Congo,2025-03-02,COD,AFRO,16231,0,51,494,0,0
Ghana,2025-03-02,GHA,AFRO,134,0,4,0,0,0
Guinea,2025-03-02,GIN,AFRO,2,0,0,0,0,0
Kenya,2025-03-02,KEN,AFRO,54,0,1,3,0,0
Liberia,2025-03-02,LBR,AFRO,87,0,0,0,0,0
Nigeria,2025-03-02,NGA,AFRO,1132,0,11,15,0,0
Rwanda,2025-03-02,RWA,AFRO,108,0,0,3,0,0
Sierra Leone,2025-03-02,SLE,AFRO,38,0,0,13,0,0
South Africa,2025-03-02,ZAF,AFRO,35,0,3,1,0,0
South Sudan,2025-03-02,SSD,AFRO,9,0,0,1,0,0
United Republic of Tanzania,2025-03-02,TZA,AFRO,0,0,0,0,0,0
Argentina,2025-03-03,ARG,AMRO,1263,0,2,2,0,0
Aruba,2025-03-03,ABW,AMRO,3,0,0,0,0,0
Bahamas,2025-03-03,BHS,AMRO,4,0,0,0,0,0
Barbados,2025-03-03,BRB,AMRO,1,0,0,0,0,0
Bermuda,2025-03-03,BMU,AMRO,1,0,0,0,0,0
Bolivia (Plurinational State of),2025-03-03,BOL,AMRO,266,0,0,0,0,0
Brazil,2025-03-03,BRA,AMRO,14029,0,17,39,0,0
Canada,2025-03-03,CAN,AMRO,2070,0,0,5,0,0
Chile,2025-03-03,CHL,AMRO,1564,0,3,10,0,0
Colombia,2025-03-03,COL,AMRO,4289,0,0,1,0,0
Costa Rica,2025-03-03,CRI,AMRO,229,0,1,0,0,0
Cuba,2025-03-03,CUB,AMRO,8,0,1,0,0,0
Curaçao,2025-03-03,CUW,AMRO,3,0,0,0,0,0
Dominican Republic,2025-03-03,DOM,AMRO,83,0,1,0,0,0
Ecuador,2025-03-03,ECU,AMRO,629,0,3,0,0,0
El Salvador,2025-03-03,SLV,AMRO,106,0,0,0,0,0
Guadeloupe,2025-03-03,GLP,AMRO,1,0,0,0,0,0
Guatemala,2025-03-03,GTM,AMRO,407,0,2,0,0,0
Guyana,2025-03-03,GUY,AMRO,2,0,0,0,0,0
Honduras,2025-03-03,HND,AMRO,44,0,0,0,0,0
Jamaica,2025-03-03,JAM,AMRO,21,0,0,0,0,0
Martinique,2025-03-03,MTQ,AMRO,7,0,0,0,0,0
Mexico,2025-03-03,MEX,AMRO,4255,0,35,7,0,0
Panama,2025-03-03,PAN,AMRO,243,0,1,0,0,0
Paraguay,2025-03-03,PRY,AMRO,126,0,0,0,0,0
Peru,2025-03-03,PER,AMRO,3958,0,26,0,0,0
Saint Martin,2025-03-03,MAF,AMRO,1,0,0,0,0,0
Trinidad and Tobago,2025-03-03,TTO,AMRO,4,0,0,0,0,0
United States of America,2025-03-03,USA,AMRO,34754,0,63,20,0,0
Uruguay,2025-03-03,URY,AMRO,20,0,0,0,0,0
Venezuela (Bolivarian Republic of),2025-03-03,VEN,AMRO,12,0,0,0,0,0
China,2025-03-04,CHN,WPRO,2906,0,1,1,0,0
Pakistan,2025-03-04,PAK,EMRO,26,0,1,2,0,0
New Zealand,2025-03-05,NZL,WPRO,72,3,0,1,0,0
Qatar,2025-03-05,QAT,EMRO,10,0,0,1,0,0
China,2025-03-06,CHN,WPRO,2908,0,1,2,0,0
Angola,2025-03-09,AGO,AFRO,8,0,0,1,0,0
Australia,2025-03-09,AUS,WPRO,1697,0,0,7,0,0
Burundi,2025-03-09,BDI,AFRO,3614,0,1,26,0,0
Cameroon,2025-03-09,CMR,AFRO,54,0,5,0,0,0
Central African Republic,2025-03-09,CAF,AFRO,143,0,4,0,0,0
Congo,2025-03-09,COG,AFRO,73,0,3,1,0,1
Côte d’Ivoire,2025-03-09,CIV,AFRO,118,0,1,1,0,0
Democratic Republic of the Congo,2025-03-09,COD,AFRO,16790,0,51,559,0,0
Ghana,2025-03-09,GHA,AFRO,134,0,4,0,0,0
Guinea,2025-03-09,GIN,AFRO,2,0,0,0,0,0
Kenya,2025-03-09,KEN,AFRO,56,0,1,2,0,0
Liberia,2025-03-09,LBR,AFRO,87,0,0,0,0,0
Nigeria,2025-03-09,NGA,AFRO,1141,0,11,9,0,0
Rwanda,2025-03-09,RWA,AFRO,110,0,0,2,0,0
Sierra Leone,2025-03-09,SLE,AFRO,72,0,1,34,0,1
South Africa,2025-03-09,ZAF,AFRO,35,0,3,0,0,0
South Sudan,2025-03-09,SSD,AFRO,9,0,0,0,0,0
Uganda,2025-03-09,UGA,AFRO,4043,0,34,273,0,3
United Republic of Tanzania,2025-03-09,TZA,AFRO,2,0,0,2,0,0
Zambia,2025-03-09,ZMB,AFRO,22,0,0,1,0,0
Argentina,2025-03-10,ARG,AMRO,1265,0,2,2,0,0
Aruba,2025-03-10,ABW,AMRO,3,0,0,0,0,0
Bahamas,2025-03-10,BHS,AMRO,4,0,0,0,0,0
Barbados,2025-03-10,BRB,AMRO,1,0,0,0,0,0
Bermuda,2025-03-10,BMU,AMRO,1,0,0,0,0,0
Bolivia (Plurinational State of),2025-03-10,BOL,AMRO,266,0,0,0,0,0
Brazil,2025-03-10,BRA,AMRO,14069,0,17,40,0,0
Canada,2025-03-10,CAN,AMRO,2075,0,0,5,0,0
Chile,2025-03-10,CHL,AMRO,1572,0,3,8,0,0
Colombia,2025-03-10,COL,AMRO,4289,0,0,0,0,0
Costa Rica,2025-03-10,CRI,AMRO,229,0,1,0,0,0
Cuba,2025-03-10,CUB,AMRO,8,0,1,0,0,0
Curaçao,2025-03-10,CUW,AMRO,3,0,0,0,0,0
Dominican Republic,2025-03-10,DOM,AMRO,83,0,1,0,0,0
Ecuador,2025-03-10,ECU,AMRO,629,0,3,0,0,0
El Salvador,2025-03-10,SLV,AMRO,106,0,0,0,0,0
Guadeloupe,2025-03-10,GLP,AMRO,1,0,0,0,0,0
Guatemala,2025-03-10,GTM,AMRO,407,0,2,0,0,0
Guyana,2025-03-10,GUY,AMRO,2,0,0,0,0,0
Honduras,2025-03-10,HND,AMRO,44,0,0,0,0,0
Jamaica,2025-03-10,JAM,AMRO,21,0,0,0,0,0
Martinique,2025-03-10,MTQ,AMRO,7,0,0,0,0,0
Mexico,2025-03-10,MEX,AMRO,4263,0,35,8,0,0
Panama,2025-03-10,PAN,AMRO,243,0,1,0,0,0
Paraguay,2025-03-10,PRY,AMRO,126,0,0,0,0,0
Peru,2025-03-10,PER,AMRO,3958,0,26,0,0,0
Saint Martin,2025-03-10,MAF,AMRO,1,0,0,0,0,0
Trinidad and Tobago,2025-03-10,TTO,AMRO,4,0,0,0,0,0
United States of America,2025-03-10,USA,AMRO,34775,0,63,21,0,0
Uruguay,2025-03-10,URY,AMRO,20,0,0,0,0,0
Venezuela (Bolivarian Republic of),2025-03-10,VEN,AMRO,12,0,0,0,0,0
Pakistan,2025-03-11,PAK,EMRO,28,0,1,2,0,0
Qatar,2025-03-12,QAT,EMRO,11,0,0,1,0,0
Republic of Korea,2025-03-13,KOR,WPRO,173,0,0,1,0,0
Angola,2025-03-16,AGO,AFRO,8,0,0,0,0,0
Burundi,2025-03-16,BDI,AFRO,3648,0,1,34,0,0
Cameroon,2025-03-16,CMR,AFRO,54,0,5,0,0,0
Central African Republic,2025-03-16,CAF,AFRO,144,0,4,1,0,0
Congo,2025-03-16,COG,AFRO,73,0,3,0,0,0
Côte d’Ivoire,2025-03-16,CIV,AFRO,118,0,1,0,0,0
Democratic Republic of the Congo,2025-03-16,COD,AFRO,17400,0,51,610,0,0
Ghana,2025-03-16,GHA,AFRO,134,0,4,0,0,0
Guinea,2025-03-16,GIN,AFRO,2,0,0,0,0,0
Kenya,2025-03-16,KEN,AFRO,59,0,1,3,0,0
Liberia,2025-03-16,LBR,AFRO,87,0,0,0,0,0
Nigeria,2025-03-16,NGA,AFRO,1153,0,11,12,0,0
Rwanda,2025-03-16,RWA,AFRO,111,0,0,1,0,0
Sierra Leone,2025-03-16,SLE,AFRO,107,0,2,35,0,1
South Africa,2025-03-16,ZAF,AFRO,36,0,3,1,0,0
South Sudan,2025-03-16,SSD,AFRO,9,0,0,0,0,0
Uganda,2025-03-16,UGA,AFRO,4445,0,36,402,0,2
United Republic of Tanzania,2025-03-16,TZA,AFRO,22,0,0,20,0,0
Zambia,2025-03-16,ZMB,AFRO,26,0,1,4,0,1
Argentina,2025-03-17,ARG,AMRO,1267,0,2,2,0,0
Aruba,2025-03-17,ABW,AMRO,3,0,0,0,0,0
Bahamas,2025-03-17,BHS,AMRO,4,0,0,0,0,0
Barbados,2025-03-17,BRB,AMRO,1,0,0,0,0,0
Bermuda,2025-03-17,BMU,AMRO,1,0,0,0,0,0
Bolivia (Plurinational State of),2025-03-17,BOL,AMRO,266,0,0,0,0,0
Brazil,2025-03-17,BRA,AMRO,14097,0,17,28,0,0
Canada,2025-03-17,CAN,AMRO,2080,0,0,5,0,0
Chile,2025-03-17,CHL,AMRO,1578,0,3,6,0,0
Colombia,2025-03-17,COL,AMRO,4289,0,0,0,0,0
Costa Rica,2025-03-17,CRI,AMRO,229,0,1,0,0,0
Cuba,2025-03-17,CUB,AMRO,8,0,1,0,0,0
Curaçao,2025-03-17,CUW,AMRO,3,0,0,0,0,0
Dominican Republic,2025-03-17,DOM,AMRO,83,0,1,0,0,0
Ecuador,2025-03-17,ECU,AMRO,629,0,3,0,0,0
El Salvador,2025-03-17,SLV,AMRO,106,0,0,0,0,0
Guadeloupe,2025-03-17,GLP,AMRO,1,0,0,0,0,0
Guatemala,2025-03-17,GTM,AMRO,407,0,2,0,0,0
Guyana,2025-03-17,GUY,AMRO,2,0,0,0,0,0
Honduras,2025-03-17,HND,AMRO,44,0,0,0,0,0
Jamaica,2025-03-17,JAM,AMRO,21,0,0,0,0,0
Martinique,2025-03-17,MTQ,AMRO,7,0,0,0,0,0
Mexico,2025-03-17,MEX,AMRO,4278,0,35,15,0,0
Panama,2025-03-17,PAN,AMRO,243,0,1,0,0,0
Paraguay,2025-03-17,PRY,AMRO,126,0,0,0,0,0
Peru,2025-03-17,PER,AMRO,3958,0,26,0,0,0
Saint Martin,2025-03-17,MAF,AMRO,1,0,0,0,0,0
Trinidad and Tobago,2025-03-17,TTO,AMRO,4,0,0,0,0,0
United Arab Emirates,2025-03-17,ARE,EMRO,32,0,1,1,0,0
United States of America,2025-03-17,USA,AMRO,34793,0,63,18,0,0
Uruguay,2025-03-17,URY,AMRO,20,0,0,0,0,0
Venezuela (Bolivarian Republic of),2025-03-17,VEN,AMRO,12,0,0,0,0,0
Republic of Korea,2025-03-18,KOR,WPRO,173,0,0,0,0,0
China,2025-03-21,CHN,WPRO,2909,0,1,1,0,0
Angola,2025-03-23,AGO,AFRO,8,0,0,0,0,0
Burundi,2025-03-23,BDI,AFRO,3698,0,1,50,0,0
Cameroon,2025-03-23,CMR,AFRO,54,0,5,0,0,0
Central African Republic,2025-03-23,CAF,AFRO,144,0,4,0,0,0
Congo,2025-03-23,COG,AFRO,76,0,3,3,0,0
Côte d’Ivoire,2025-03-23,CIV,AFRO,119,0,1,1,0,0
Democratic Republic of the Congo,2025-03-23,COD,AFRO,17909,0,56,509,0,5
Ghana,2025-03-23,GHA,AFRO,134,0,4,0,0,0
Guinea,2025-03-23,GIN,AFRO,2,0,0,0,0,0
Kenya,2025-03-23,KEN,AFRO,63,0,1,4,0,0
Liberia,2025-03-23,LBR,AFRO,87,0,0,0,0,0
Nigeria,2025-03-23,NGA,AFRO,1160,0,11,7,0,0
Rwanda,2025-03-23,RWA,AFRO,113,0,0,2,0,0
Sierra Leone,2025-03-23,SLE,AFRO,112,0,2,5,0,0
South Africa,2025-03-23,ZAF,AFRO,37,0,3,1,0,0
South Sudan,2025-03-23,SSD,AFRO,10,0,0,1,0,0
Uganda,2025-03-23,UGA,AFRO,4633,0,37,188,0,1
United Republic of Tanzania,2025-03-23,TZA,AFRO,27,0,0,5,0,0
Zambia,2025-03-23,ZMB,AFRO,27,0,1,1,0,0
Argentina,2025-03-24,ARG,AMRO,1268,0,2,1,0,0
Aruba,2025-03-24,ABW,AMRO,3,0,0,0,0,0
Bahamas,2025-03-24,BHS,AMRO,4,0,0,0,0,0
Barbados,2025-03-24,BRB,AMRO,1,0,0,0,0,0
Bermuda,2025-03-24,BMU,AMRO,1,0,0,0,0,0
Bolivia (Plurinational State of),2025-03-24,BOL,AMRO,266,0,0,0,0,0
Brazil,2025-03-24,BRA,AMRO,14122,0,17,25,0,0
Canada,2025-03-24,CAN,AMRO,2088,0,0,8,0,0
Chile,2025-03-24,CHL,AMRO,1584,0,3,6,0,0
Colombia,2025-03-24,COL,AMRO,4289,0,0,0,0,0
Costa Rica,2025-03-24,CRI,AMRO,229,0,1,0,0,0
Cuba,2025-03-24,CUB,AMRO,8,0,1,0,0,0
Curaçao,2025-03-24,CUW,AMRO,3,0,0,0,0,0
Dominican Republic,2025-03-24,DOM,AMRO,83,0,1,0,0,0
Ecuador,2025-03-24,ECU,AMRO,629,0,3,0,0,0
El Salvador,2025-03-24,SLV,AMRO,106,0,0,0,0,0
Guadeloupe,2025-03-24,GLP,AMRO,1,0,0,0,0,0
Guatemala,2025-03-24,GTM,AMRO,407,0,2,0,0,0
Guyana,2025-03-24,GUY,AMRO,2,0,0,0,0,0
Honduras,2025-03-24,HND,AMRO,44,0,0,0,0,0
Jamaica,2025-03-24,JAM,AMRO,21,0,0,0,0,0
Martinique,2025-03-24,MTQ,AMRO,7,0,0,0,0,0
Mexico,2025-03-24,MEX,AMRO,4285,0,35,7,0,0
Panama,2025-03-24,PAN,AMRO,243,0,1,0,0,0
Paraguay,2025-03-24,PRY,AMRO,126,0,0,0,0,0
Peru,2025-03-24,PER,AMRO,3958,0,26,0,0,0
Saint Martin,2025-03-24,MAF,AMRO,1,0,0,0,0,0
Trinidad and Tobago,2025-03-24,TTO,AMRO,4,0,0,0,0,0
United States of America,2025-03-24,USA,AMRO,34810,0,63,17,0,0
Uruguay,2025-03-24,URY,AMRO,20,0,0,0,0,0
Venezuela (Bolivarian Republic of),2025-03-24,VEN,AMRO,12,0,0,0,0,0
Zambia,2025-03-28,ZMB,AFRO,30,0,1,3,0,0
Angola,2025-03-30,AGO,AFRO,10,0,0,2,0,0
Australia,2025-03-30,AUS,WPRO,1700,0,0,3,0,0
Burundi,2025-03-30,BDI,AFRO,3725,0,1,27,0,0
Cameroon,2025-03-30,CMR,AFRO,54,0,5,0,0,0
Central African Republic,2025-03-30,CAF,AFRO,144,0,4,0,0,0
Congo,2025-03-30,COG,AFRO,80,0,3,4,0,0
Côte d’Ivoire,2025-03-30,CIV,AFRO,119,0,1,0,0,0
Democratic Republic of the Congo,2025-03-30,COD,AFRO,18305,0,56,396,0,0
Ghana,2025-03-30,GHA,AFRO,134,0,4,0,0,0
Guinea,2025-03-30,GIN,AFRO,2,0,0,0,0,0
Kenya,2025-03-30,KEN,AFRO,67,0,1,4,0,0
Liberia,2025-03-30,LBR,AFRO,87,0,0,0,0,0
Nigeria,2025-03-30,NGA,AFRO,1163,0,11,3,0,0
Rwanda,2025-03-30,RWA,AFRO,114,0,0,1,0,0
Sierra Leone,2025-03-30,SLE,AFRO,125,0,2,13,0,0
South Africa,2025-03-30,ZAF,AFRO,38,0,3,1,0,0
South Sudan,2025-03-30,SSD,AFRO,11,0,0,1,0,0
Uganda,2025-03-30,UGA,AFRO,4880,0,37,247,0,0
United Republic of Tanzania,2025-03-30,TZA,AFRO,31,0,0,4,0,0
Andorra,2025-03-31,AND,EURO,4,0,0,0,0,0
Argentina,2025-03-31,ARG,AMRO,1269,0,2,1,0,0
Aruba,2025-03-31,ABW,AMRO,3,0,0,0,0,0
Australia,2025-03-31,AUS,WPRO,1700,0,0,0,0,0
Austria,2025-03-31,AUT,EURO,372,0,1,1,0,0
Azerbaijan,2025-03-31,AZE,EURO,1,0,0,0,0,0
Bahamas,2025-03-31,BHS,AMRO,4,0,0,0,0,0
Barbados,2025-03-31,BRB,AMRO,1,0,0,0,0,0
Belgium,2025-03-31,BEL,EURO,859,0,2,1,0,0
Bermuda,2025-03-31,BMU,AMRO,1,0,0,0,0,0
Bolivia (Plurinational State of),2025-03-31,BOL,AMRO,266,0,0,0,0,0
Bosnia and Herzegovina,2025-03-31,BIH,EURO,9,0,0,0,0,0
Brazil,2025-03-31,BRA,AMRO,14142,0,17,20,0,0
Bulgaria,2025-03-31,BGR,EURO,11,0,0,0,0,0
Canada,2025-03-31,CAN,AMRO,2089,0,0,1,0,0
Chile,2025-03-31,CHL,AMRO,1594,0,3,10,0,0
China,2025-03-31,CHN,WPRO,2980,0,1,71,0,0
Colombia,2025-03-31,COL,AMRO,4289,0,0,0,0,0
Costa Rica,2025-03-31,CRI,AMRO,229,0,1,0,0,0
Croatia,2025-03-31,HRV,EURO,37,0,0,0,0,0
Cuba,2025-03-31,CUB,AMRO,8,0,1,0,0,0
Curaçao,2025-03-31,CUW,AMRO,3,0,0,0,0,0
Cyprus,2025-03-31,CYP,EURO,6,0,0,0,0,0
Czechia,2025-03-31,CZE,EURO,101,0,1,0,0,0
Denmark,2025-03-31,DNK,EURO,222,0,0,6,0,0
Dominican Republic,2025-03-31,DOM,AMRO,83,0,1,0,0,0
Ecuador,2025-03-31,ECU,AMRO,629,0,3,0,0,0
El Salvador,2025-03-31,SLV,AMRO,106,0,0,0,0,0
Estonia,2025-03-31,EST,EURO,11,0,0,0,0,0
Finland,2025-03-31,FIN,EURO,43,0,0,0,0,0
France,2025-03-31,FRA,EURO,4430,0,0,25,0,0
Georgia,2025-03-31,GEO,EURO,2,0,0,0,0,0
Germany,2025-03-31,DEU,EURO,4236,0,0,77,0,0
Gibraltar,2025-03-31,GIB,EURO,6,0,0,0,0,0
Greece,2025-03-31,GRC,EURO,155,0,0,10,0,0
Greenland,2025-03-31,GRL,EURO,2,0,0,0,0,0
Guadeloupe,2025-03-31,GLP,AMRO,1,0,0,0,0,0
Guatemala,2025-03-31,GTM,AMRO,407,0,2,0,0,0
Guinea,2025-03-31,GIN,AFRO,2,0,0,0,0,0
Guyana,2025-03-31,GUY,AMRO,2,0,0,0,0,0
Honduras,2025-03-31,HND,AMRO,44,0,0,0,0,0
Hungary,2025-03-31,HUN,EURO,88,0,0,3,0,0
Iceland,2025-03-31,ISL,EURO,17,0,0,0,0,0
India,2025-03-31,IND,SEARO,46,0,1,2,0,0
Indonesia,2025-03-31,IDN,WPRO,88,0,0,0,0,0
Ireland,2025-03-31,IRL,EURO,290,0,0,7,0,0
Israel,2025-03-31,ISR,EURO,363,0,0,8,0,0
Italy,2025-03-31,ITA,EURO,1148,0,0,25,0,0
Jamaica,2025-03-31,JAM,AMRO,21,0,0,0,0,0
Kosovo,2025-03-31,XKX,EURO,1,0,0,0,0,0
Latvia,2025-03-31,LVA,EURO,6,0,0,0,0,0
Lithuania,2025-03-31,LTU,EURO,6,0,0,0,0,0
Luxembourg,2025-03-31,LUX,EURO,62,0,0,0,0,0
Malta,2025-03-31,MLT,EURO,45,0,0,1,0,0
Martinique,2025-03-31,MTQ,AMRO,7,0,0,0,0,0
Mexico,2025-03-31,MEX,AMRO,4296,0,35,11,0,0
Monaco,2025-03-31,MCO,EURO,3,0,0,0,0,0
Montenegro,2025-03-31,MNE,EURO,2,0,0,0,0,0
Nepal,2025-03-31,NPL,SEARO,3,0,0,0,0,0
Netherlands,2025-03-31,NLD,EURO,1464,0,0,14,0,0
Norway,2025-03-31,NOR,EURO,121,0,0,0,0,0
Panama,2025-03-31,PAN,AMRO,243,0,1,0,0,0
Paraguay,2025-03-31,PRY,AMRO,127,0,0,1,0,0
Peru,2025-03-31,PER,AMRO,3958,0,26,0,0,0
Philippines,2025-03-31,PHL,WPRO,136,0,5,28,0,0
Poland,2025-03-31,POL,EURO,241,0,0,3,0,0
Portugal,2025-03-31,PRT,EURO,1221,0,2,7,0,0
Republic of Moldova,2025-03-31,MDA,EURO,2,0,0,0,0,0
Romania,2025-03-31,ROU,EURO,49,0,0,0,0,0
Russian Federation,2025-03-31,RUS,EURO,4,0,0,0,0,0
Saint Martin,2025-03-31,MAF,AMRO,1,0,0,0,0,0
San Marino,2025-03-31,SMR,EURO,1,0,0,0,0,0
Serbia,2025-03-31,SRB,EURO,40,0,0,0,0,0
Slovakia,2025-03-31,SVK,EURO,19,0,0,0,0,0
Slovenia,2025-03-31,SVN,EURO,47,0,0,0,0,0
Spain,2025-03-31,ESP,EURO,8632,0,3,47,0,0
Sri Lanka,2025-03-31,LKA,SEARO,4,0,0,0,0,0
Sweden,2025-03-31,SWE,EURO,356,0,0,16,0,0
Switzerland,2025-03-31,CHE,EURO,618,0,0,18,0,0
Thailand,2025-03-31,THA,SEARO,876,0,13,4,0,0
The United Kingdom,2025-03-31,GBR,EURO,4215,0,0,19,0,0
Trinidad and Tobago,2025-03-31,TTO,AMRO,4,0,0,0,0,0
Türkiye,2025-03-31,TUR,EURO,32,0,0,0,0,0
Ukraine,2025-03-31,UKR,EURO,5,0,0,0,0,0
United States of America,2025-03-31,USA,AMRO,34827,0,63,17,0,0
Uruguay,2025-03-31,URY,AMRO,20,0,0,0,0,0
Venezuela (Bolivarian Republic of),2025-03-31,VEN,AMRO,12,0,0,0,0,0
China,2025-04-03,CHN,WPRO,2980,0,1,0,0,0
Angola,2025-04-06,AGO,AFRO,10,0,0,0,0,0
Australia,2025-04-06,AUS,WPRO,1703,0,0,3,0,0
Burundi,2025-04-06,BDI,AFRO,3751,0,1,26,0,0
Cameroon,2025-04-06,CMR,AFRO,54,0,5,0,0,0
Central African Republic,2025-04-06,CAF,AFRO,144,0,4,0,0,0
Congo,2025-04-06,COG,AFRO,83,0,3,3,0,0
Côte d’Ivoire,2025-04-06,CIV,AFRO,119,0,1,0,0,0
Democratic Republic of the Congo,2025-04-06,COD,AFRO,18772,0,59,467,0,3
Ghana,2025-04-06,GHA,AFRO,134,0,4,0,0,0
Guinea,2025-04-06,GIN,AFRO,2,0,0,0,0,0
Kenya,2025-04-06,KEN,AFRO,72,0,1,5,0,0
Liberia,2025-04-06,LBR,AFRO,87,0,0,0,0,0
Malaysia,2025-04-06,MYS,WPRO,15,0,0,2,0,0
Nigeria,2025-04-06,NGA,AFRO,1180,0,12,17,0,1
Rwanda,2025-04-06,RWA,AFRO,114,0,0,0,0,0
Sierra Leone,2025-04-06,SLE,AFRO,137,0,2,12,0,0
South Africa,2025-04-06,ZAF,AFRO,38,0,3,0,0,0
South Sudan,2025-04-06,SSD,AFRO,11,0,0,0,0,0
Uganda,2025-04-06,UGA,AFRO,5152,0,40,272,0,3
United Republic of Tanzania,2025-04-06,TZA,AFRO,34,0,0,3,0,0
Zambia,2025-04-06,ZMB,AFRO,36,0,2,6,0,1
Argentina,2025-04-07,ARG,AMRO,1269,0,2,0,0,0
Aruba,2025-04-07,ABW,AMRO,3,0,0,0,0,0
Bahamas,2025-04-07,BHS,AMRO,4,0,0,0,0,0
Barbados,2025-04-07,BRB,AMRO,1,0,0,0,0,0
Bermuda,2025-04-07,BMU,AMRO,1,0,0,0,0,0
Bolivia (Plurinational State of),2025-04-07,BOL,AMRO,266,0,0,0,0,0
Brazil,2025-04-07,BRA,AMRO,14170,0,17,28,0,0
Canada,2025-04-07,CAN,AMRO,2097,0,0,8,0,0
Chile,2025-04-07,CHL,AMRO,1600,0,3,6,0,0
Colombia,2025-04-07,COL,AMRO,4289,0,0,0,0,0
Costa Rica,2025-04-07,CRI,AMRO,229,0,1,0,0,0
Cuba,2025-04-07,CUB,AMRO,8,0,1,0,0,0
Curaçao,2025-04-07,CUW,AMRO,3,0,0,0,0,0
Dominican Republic,2025-04-07,DOM,AMRO,83,0,1,0,0,0
Ecuador,2025-04-07,ECU,AMRO,629,0,3,0,0,0
El Salvador,2025-04-07,SLV,AMRO,106,0,0,0,0,0
Guadeloupe,2025-04-07,GLP,AMRO,1,0,0,0,0,0
Guatemala,2025-04-07,GTM,AMRO,407,0,2,0,0,0
Guyana,2025-04-07,GUY,AMRO,2,0,0,0,0,0
Honduras,2025-04-07,HND,AMRO,44,0,0,0,0,0
Jamaica,2025-04-07,JAM,AMRO,21,0,0,0,0,0
Martinique,2025-04-07,MTQ,AMRO,7,0,0,0,0,0
Mexico,2025-04-07,MEX,AMRO,4310,0,35,14,0,0
Panama,2025-04-07,PAN,AMRO,243,0,1,0,0,0
Paraguay,2025-04-07,PRY,AMRO,128,0,0,1,0,0
Peru,2025-04-07,PER,AMRO,3958,0,26,0,0,0
Saint Martin,2025-04-07,MAF,AMRO,1,0,0,0,0,0
Trinidad and Tobago,2025-04-07,TTO,AMRO,4,0,0,0,0,0
United States of America,2025-04-07,USA,AMRO,34853,0,63,26,0,0
Uruguay,2025-04-07,URY,AMRO,20,0,0,0,0,0
Venezuela (Bolivarian Republic of),2025-04-07,VEN,AMRO,12,0,0,0,0,0
China,2025-04-08,CHN,WPRO,2982,0,1,2,0,0
Japan,2025-04-10,JPN,WPRO,253,0,1,1,0,0
Angola,2025-04-13,AGO,AFRO,10,0,0,0,0,0
Australia,2025-04-13,AUS,WPRO,1708,0,0,5,0,0
Burundi,2025-04-13,BDI,AFRO,3773,0,1,22,0,0
Cameroon,2025-04-13,CMR,AFRO,54,0,5,0,0,0
Central African Republic,2025-04-13,CAF,AFRO,144,0,4,0,0,0
Congo,2025-04-13,COG,AFRO,85,0,3,2,0,0
Côte d’Ivoire,2025-04-13,CIV,AFRO,119,0,1,0,0,0
Democratic Republic of the Congo,2025-04-13,COD,AFRO,19280,0,59,508,0,0
Ghana,2025-04-13,GHA,AFRO,134,0,4,0,0,0
Guinea,2025-04-13,GIN,AFRO,2,0,0,0,0,0
Kenya,2025-04-13,KEN,AFRO,77,0,1,5,0,0
Liberia,2025-04-13,LBR,AFRO,88,0,0,1,0,0
Malawi,2025-04-13,MWI,AFRO,0,0,0,0,0,0
Nigeria,2025-04-13,NGA,AFRO,1186,0,12,6,0,0
Rwanda,2025-04-13,RWA,AFRO,115,0,0,1,0,0
Sierra Leone,2025-04-13,SLE,AFRO,242,0,2,105,0,0
South Africa,2025-04-13,ZAF,AFRO,38,0,3,0,0,0
South Sudan,2025-04-13,SSD,AFRO,11,0,0,0,0,0
Uganda,2025-04-13,UGA,AFRO,5386,0,40,234,0,0
United Republic of Tanzania,2025-04-13,TZA,AFRO,36,0,0,2,0,0
Zambia,2025-04-13,ZMB,AFRO,48,0,2,12,0,0
Argentina,2025-04-14,ARG,AMRO,1269,0,2,0,0,0
Aruba,2025-04-14,ABW,AMRO,3,0,0,0,0,0
Bahamas,2025-04-14,BHS,AMRO,4,0,0,0,0,0
Bahrain,2025-04-14,BHR,EMRO,3,0,0,1,0,0
Barbados,2025-04-14,BRB,AMRO,1,0,0,0,0,0
Bermuda,2025-04-14,BMU,AMRO,1,0,0,0,0,0
Bolivia (Plurinational State of),2025-04-14,BOL,AMRO,266,0,0,0,0,0
Brazil,2025-04-14,BRA,AMRO,14193,0,17,23,0,0
Canada,2025-04-14,CAN,AMRO,2100,0,0,3,0,0
Chile,2025-04-14,CHL,AMRO,1602,0,3,2,0,0
Colombia,2025-04-14,COL,AMRO,4289,0,0,0,0,0
Costa Rica,2025-04-14,CRI,AMRO,229,0,1,0,0,0
Cuba,2025-04-14,CUB,AMRO,8,0,1,0,0,0
Curaçao,2025-04-14,CUW,AMRO,3,0,0,0,0,0
Dominican Republic,2025-04-14,DOM,AMRO,83,0,1,0,0,0
Ecuador,2025-04-14,ECU,AMRO,629,0,3,0,0,0
El Salvador,2025-04-14,SLV,AMRO,106,0,0,0,0,0
Guadeloupe,2025-04-14,GLP,AMRO,1,0,0,0,0,0
Guatemala,2025-04-14,GTM,AMRO,407,0,2,0,0,0
Guyana,2025-04-14,GUY,AMRO,2,0,0,0,0,0
Honduras,2025-04-14,HND,AMRO,44,0,0,0,0,0
Jamaica,2025-04-14,JAM,AMRO,22,0,0,1,0,0
Martinique,2025-04-14,MTQ,AMRO,7,0,0,0,0,0
Mexico,2025-04-14,MEX,AMRO,4331,0,35,21,0,0
Panama,2025-04-14,PAN,AMRO,243,0,1,0,0,0
Paraguay,2025-04-14,PRY,AMRO,128,0,0,0,0,0
Peru,2025-04-14,PER,AMRO,3958,0,26,0,0,0
Philippines,2025-04-14,PHL,WPRO,136,0,5,0,0,0
Saint Martin,2025-04-14,MAF,AMRO,1,0,0,0,0,0
Trinidad and Tobago,2025-04-14,TTO,AMRO,4,0,0,0,0,0
United States of America,2025-04-14,USA,AMRO,34887,0,63,34,0,0
Uruguay,2025-04-14,URY,AMRO,20,0,0,0,0,0
Venezuela (Bolivarian Republic of),2025-04-14,VEN,AMRO,12,0,0,0,0,0
Angola,2025-04-20,AGO,AFRO,10,0,0,0,0,0
Australia,2025-04-20,AUS,WPRO,1710,0,0,2,0,0
Burundi,2025-04-20,BDI,AFRO,3804,0,1,31,0,0
Cameroon,2025-04-20,CMR,AFRO,54,0,5,0,0,0
Central African Republic,2025-04-20,CAF,AFRO,144,0,4,0,0,0
Congo,2025-04-20,COG,AFRO,85,0,3,0,0,0
Côte d’Ivoire,2025-04-20,CIV,AFRO,119,0,1,0,0,0
Democratic Republic of the Congo,2025-04-20,COD,AFRO,19959,0,59,679,0,0
Ghana,2025-04-20,GHA,AFRO,135,0,4,1,0,0
Guinea,2025-04-20,GIN,AFRO,2,0,0,0,0,0
Kenya,2025-04-20,KEN,AFRO,82,0,1,5,0,0
Liberia,2025-04-20,LBR,AFRO,91,0,0,3,0,0
Malawi,2025-04-20,MWI,AFRO,4,0,0,4,0,0
Nigeria,2025-04-20,NGA,AFRO,1190,0,12,4,0,0
Rwanda,2025-04-20,RWA,AFRO,116,0,0,1,0,0
Sierra Leone,2025-04-20,SLE,AFRO,477,0,4,235,0,2
South Africa,2025-04-20,ZAF,AFRO,38,0,3,0,0,0
South Sudan,2025-04-20,SSD,AFRO,13,0,0,2,0,0
Uganda,2025-04-20,UGA,AFRO,5564,0,40,178,0,0
United Republic of Tanzania,2025-04-20,TZA,AFRO,39,0,0,3,0,0
Zambia,2025-04-20,ZMB,AFRO,48,0,2,0,0,0
Argentina,2025-04-21,ARG,AMRO,1270,0,2,1,0,0
Aruba,2025-04-21,ABW,AMRO,3,0,0,0,0,0
Bahamas,2025-04-21,BHS,AMRO,4,0,0,0,0,0
Barbados,2025-04-21,BRB,AMRO,1,0,0,0,0,0
Bermuda,2025-04-21,BMU,AMRO,1,0,0,0,0,0
Bolivia (Plurinational State of),2025-04-21,BOL,AMRO,266,0,0,0,0,0
Brazil,2025-04-21,BRA,AMRO,14213,0,17,20,0,0
Canada,2025-04-21,CAN,AMRO,2104,0,0,4,0,0
Chile,2025-04-21,CHL,AMRO,1611,0,3,9,0,0
Colombia,2025-04-21,COL,AMRO,4289,0,0,0,0,0
Costa Rica,2025-04-21,CRI,AMRO,229,0,1,0,0,0
Cuba,2025-04-21,CUB,AMRO,8,0,1,0,0,0
Curaçao,2025-04-21,CUW,AMRO,3,0,0,0,0,0
Dominican Republic,2025-04-21,DOM,AMRO,83,0,1,0,0,0
Ecuador,2025-04-21,ECU,AMRO,629,0,3,0,0,0
El Salvador,2025-04-21,SLV,AMRO,106,0,0,0,0,0
Guadeloupe,2025-04-21,GLP,AMRO,1,0,0,0,0,0
Guatemala,2025-04-21,GTM,AMRO,407,0,2,0,0,0
Guyana,2025-04-21,GUY,AMRO,2,0,0,0,0,0
Honduras,2025-04-21,HND,AMRO,44,0,0,0,0,0
Jamaica,2025-04-21,JAM,AMRO,22,0,0,0,0,0
Martinique,2025-04-21,MTQ,AMRO,7,0,0,0,0,0
Mexico,2025-04-21,MEX,AMRO,4351,0,35,20,0,0
Panama,2025-04-21,PAN,AMRO,243,0,1,0,0,0
Paraguay,2025-04-21,PRY,AMRO,128,0,0,0,0,0
Peru,2025-04-21,PER,AMRO,3958,0,26,0,0,0
Saint Martin,2025-04-21,MAF,AMRO,1,0,0,0,0,0
Trinidad and Tobago,2025-04-21,TTO,AMRO,4,0,0,0,0,0
United States of America,2025-04-21,USA,AMRO,34912,0,63,25,0,0
Uruguay,2025-04-21,URY,AMRO,20,0,0,0,0,0
Venezuela (Bolivarian Republic of),2025-04-21,VEN,AMRO,12,0,0,0,0,0
Pakistan,2025-04-24,PAK,EMRO,29,0,1,1,0,0
Republic of Korea,2025-04-24,KOR,WPRO,174,0,0,1,0,0
United Arab Emirates,2025-04-24,ARE,EMRO,33,0,1,1,0,0
Singapore,2025-04-25,SGP,WPRO,73,0,0,1,0,0
Pakistan,2025-04-26,PAK,EMRO,30,0,1,1,0,0
Angola,2025-04-27,AGO,AFRO,10,0,0,0,0,0
Australia,2025-04-27,AUS,WPRO,1712,0,0,2,0,0
Burundi,2025-04-27,BDI,AFRO,3839,0,1,35,0,0
Cameroon,2025-04-27,CMR,AFRO,54,0,5,0,0,0
Central African Republic,2025-04-27,CAF,AFRO,144,0,4,0,0,0
Congo,2025-04-27,COG,AFRO,86,0,3,1,0,0
Côte d’Ivoire,2025-04-27,CIV,AFRO,121,0,1,2,0,0
Democratic Republic of the Congo,2025-04-27,COD,AFRO,20764,0,59,805,0,0
Ghana,2025-04-27,GHA,AFRO,136,0,4,1,0,0
Guinea,2025-04-27,GIN,AFRO,2,0,0,0,0,0
Kenya,2025-04-27,KEN,AFRO,93,0,1,11,0,0
Liberia,2025-04-27,LBR,AFRO,91,0,0,0,0,0
Malawi,2025-04-27,MWI,AFRO,4,0,0,0,0,0
Nigeria,2025-04-27,NGA,AFRO,1196,0,12,6,0,0
Rwanda,2025-04-27,RWA,AFRO,118,0,0,2,0,0
Sierra Leone,2025-04-27,SLE,AFRO,861,0,7,384,0,3
South Africa,2025-04-27,ZAF,AFRO,38,0,3,0,0,0
South Sudan,2025-04-27,SSD,AFRO,14,0,0,1,0,0
Uganda,2025-04-27,UGA,AFRO,5724,0,40,160,0,0
United Arab Emirates,2025-04-27,ARE,EMRO,34,0,1,1,0,0
United Republic of Tanzania,2025-04-27,TZA,AFRO,40,0,0,1,0,0
Zambia,2025-04-27,ZMB,AFRO,64,0,2,16,0,0
Argentina,2025-04-28,ARG,AMRO,1274,0,2,4,0,0
Aruba,2025-04-28,ABW,AMRO,3,0,0,0,0,0
Bahamas,2025-04-28,BHS,AMRO,4,0,0,0,0,0
Barbados,2025-04-28,BRB,AMRO,1,0,0,0,0,0
Bermuda,2025-04-28,BMU,AMRO,1,0,0,0,0,0
Bolivia (Plurinational State of),2025-04-28,BOL,AMRO,266,0,0,0,0,0
Brazil,2025-04-28,BRA,AMRO,14249,0,17,36,0,0
Canada,2025-04-28,CAN,AMRO,2108,0,0,4,0,0
Chile,2025-04-28,CHL,AMRO,1613,0,3,2,0,0
China,2025-04-28,CHN,WPRO,2984,0,1,2,0,0
Colombia,2025-04-28,COL,AMRO,4289,0,0,0,0,0
Costa Rica,2025-04-28,CRI,AMRO,229,0,1,0,0,0
Cuba,2025-04-28,CUB,AMRO,8,0,1,0,0,0
Curaçao,2025-04-28,CUW,AMRO,3,0,0,0,0,0
Dominican Republic,2025-04-28,DOM,AMRO,83,0,1,0,0,0
Ecuador,2025-04-28,ECU,AMRO,629,0,3,0,0,0
El Salvador,2025-04-28,SLV,AMRO,106,0,0,0,0,0
Guadeloupe,2025-04-28,GLP,AMRO,1,0,0,0,0,0
Guatemala,2025-04-28,GTM,AMRO,407,0,2,0,0,0
Guyana,2025-04-28,GUY,AMRO,2,0,0,0,0,0
Honduras,2025-04-28,HND,AMRO,44,0,0,0,0,0
Jamaica,2025-04-28,JAM,AMRO,22,0,0,0,0,0
Martinique,2025-04-28,MTQ,AMRO,7,0,0,0,0,0
Mexico,2025-04-28,MEX,AMRO,4383,0,35,32,0,0
Oman,2025-04-28,OMN,EMRO,7,0,0,1,0,0
Panama,2025-04-28,PAN,AMRO,243,0,1,0,0,0
Paraguay,2025-04-28,PRY,AMRO,129,0,0,1,0,0
Peru,2025-04-28,PER,AMRO,3958,0,26,0,0,0
Saint Martin,2025-04-28,MAF,AMRO,1,0,0,0,0,0
Trinidad and Tobago,2025-04-28,TTO,AMRO,4,0,0,0,0,0
United States of America,2025-04-28,USA,AMRO,34945,0,63,33,0,0
Uruguay,2025-04-28,URY,AMRO,20,0,0,0,0,0
Venezuela (Bolivarian Republic of),2025-04-28,VEN,AMRO,12,0,0,0,0,0
Andorra,2025-04-30,AND,EURO,4,0,0,0,0,0
Australia,2025-04-30,AUS,WPRO,1712,0,0,0,0,0
Austria,2025-04-30,AUT,EURO,374,0,1,2,0,0
Azerbaijan,2025-04-30,AZE,EURO,1,0,0,0,0,0
Belgium,2025-04-30,BEL,EURO,876,0,2,17,0,0
Bosnia and Herzegovina,2025-04-30,BIH,EURO,9,0,0,0,0,0
Bulgaria,2025-04-30,BGR,EURO,11,0,0,0,0,0
China,2025-04-30,CHN,WPRO,3070,0,1,86,0,0
Croatia,2025-04-30,HRV,EURO,38,0,0,1,0,0
Cyprus,2025-04-30,CYP,EURO,6,0,0,0,0,0
Czechia,2025-04-30,CZE,EURO,103,0,1,2,0,0
Denmark,2025-04-30,DNK,EURO,222,0,0,0,0,0
Estonia,2025-04-30,EST,EURO,11,0,0,0,0,0
Finland,2025-04-30,FIN,EURO,43,0,0,0,0,0
France,2025-04-30,FRA,EURO,4453,0,0,23,0,0
Georgia,2025-04-30,GEO,EURO,2,0,0,0,0,0
Germany,2025-04-30,DEU,EURO,4297,0,0,61,0,0
Gibraltar,2025-04-30,GIB,EURO,6,0,0,0,0,0
Greece,2025-04-30,GRC,EURO,157,0,0,2,0,0
Greenland,2025-04-30,GRL,EURO,2,0,0,0,0,0
Hungary,2025-04-30,HUN,EURO,88,0,0,0,0,0
Iceland,2025-04-30,ISL,EURO,17,0,0,0,0,0
India,2025-04-30,IND,SEARO,47,0,1,1,0,0
Indonesia,2025-04-30,IDN,WPRO,88,0,0,0,0,0
Ireland,2025-04-30,IRL,EURO,301,0,0,11,0,0
Israel,2025-04-30,ISR,EURO,363,0,0,0,0,0
Italy,2025-04-30,ITA,EURO,1160,0,0,12,0,0
Kosovo,2025-04-30,XKX,EURO,1,0,0,0,0,0
Latvia,2025-04-30,LVA,EURO,6,0,0,0,0,0
Lithuania,2025-04-30,LTU,EURO,6,0,0,0,0,0
Luxembourg,2025-04-30,LUX,EURO,62,0,0,0,0,0
Malta,2025-04-30,MLT,EURO,45,0,0,0,0,0
Monaco,2025-04-30,MCO,EURO,3,0,0,0,0,0
Montenegro,2025-04-30,MNE,EURO,2,0,0,0,0,0
Nepal,2025-04-30,NPL,SEARO,3,0,0,0,0,0
Netherlands,2025-04-30,NLD,EURO,1487,0,0,23,0,0
Norway,2025-04-30,NOR,EURO,123,0,0,2,0,0
Philippines,2025-04-30,PHL,WPRO,156,0,6,20,0,1
Poland,2025-04-30,POL,EURO,242,0,0,1,0,0
Portugal,2025-04-30,PRT,EURO,1225,0,2,4,0,0
Republic of Moldova,2025-04-30,MDA,EURO,2,0,0,0,0,0
Romania,2025-04-30,ROU,EURO,49,0,0,0,0,0
Russian Federation,2025-04-30,RUS,EURO,4,0,0,0,0,0
San Marino,2025-04-30,SMR,EURO,1,0,0,0,0,0
Serbia,2025-04-30,SRB,EURO,40,0,0,0,0,0
Slovakia,2025-04-30,SVK,EURO,19,0,0,0,0,0
Slovenia,2025-04-30,SVN,EURO,47,0,0,0,0,0
Spain,2025-04-30,ESP,EURO,8725,0,3,93,0,0
Sri Lanka,2025-04-30,LKA,SEARO,4,0,0,0,0,0
Sweden,2025-04-30,SWE,EURO,364,0,0,8,0,0
Switzerland,2025-04-30,CHE,EURO,618,0,0,0,0,0
Thailand,2025-04-30,THA,SEARO,886,0,13,10,0,0
The United Kingdom,2025-04-30,GBR,EURO,4240,0,0,25,0,0
Türkiye,2025-04-30,TUR,EURO,38,0,0,6,0,0
Ukraine,2025-04-30,UKR,EURO,5,0,0,0,0,0
Republic of Korea,2025-05-02,KOR,WPRO,175,0,0,1,0,0
Angola,2025-05-04,AGO,AFRO,10,0,0,0,0,0
Australia,2025-05-04,AUS,WPRO,1715,0,0,3,0,0
Burundi,2025-05-04,BDI,AFRO,3883,0,1,44,0,0
Cameroon,2025-05-04,CMR,AFRO,54,0,5,0,0,0
Central African Republic,2025-05-04,CAF,AFRO,144,0,4,0,0,0
Congo,2025-05-04,COG,AFRO,87,0,3,1,0,0
Côte d’Ivoire,2025-05-04,CIV,AFRO,122,0,1,1,0,0
Democratic Republic of the Congo,2025-05-04,COD,AFRO,21470,0,59,706,0,0
Ghana,2025-05-04,GHA,AFRO,138,0,4,2,0,0
Guinea,2025-05-04,GIN,AFRO,2,0,0,0,0,0
Kenya,2025-05-04,KEN,AFRO,97,0,2,4,0,1
Liberia,2025-05-04,LBR,AFRO,92,0,0,1,0,0
Malawi,2025-05-04,MWI,AFRO,6,0,0,2,0,0
Nigeria,2025-05-04,NGA,AFRO,1200,0,12,4,0,0
Rwanda,2025-05-04,RWA,AFRO,119,0,0,1,0,0
Sierra Leone,2025-05-04,SLE,AFRO,1387,0,10,526,0,3
South Africa,2025-05-04,ZAF,AFRO,38,0,3,0,0,0
South Sudan,2025-05-04,SSD,AFRO,14,0,0,0,0,0
Uganda,2025-05-04,UGA,AFRO,5941,0,41,217,0,1
United Republic of Tanzania,2025-05-04,TZA,AFRO,41,0,0,1,0,0
Zambia,2025-05-04,ZMB,AFRO,65,0,2,1,0,0
Argentina,2025-05-05,ARG,AMRO,1281,0,2,7,0,0
Aruba,2025-05-05,ABW,AMRO,3,0,0,0,0,0
Bahamas,2025-05-05,BHS,AMRO,4,0,0,0,0,0
Barbados,2025-05-05,BRB,AMRO,1,0,0,0,0,0
Bermuda,2025-05-05,BMU,AMRO,1,0,0,0,0,0
Bolivia (Plurinational State of),2025-05-05,BOL,AMRO,266,0,0,0,0,0
Brazil,2025-05-05,BRA,AMRO,14280,0,17,31,0,0
Canada,2025-05-05,CAN,AMRO,2115,0,0,7,0,0
Chile,2025-05-05,CHL,AMRO,1615,0,3,2,0,0
Colombia,2025-05-05,COL,AMRO,4290,0,0,1,0,0
Costa Rica,2025-05-05,CRI,AMRO,229,0,1,0,0,0
Cuba,2025-05-05,CUB,AMRO,8,0,1,0,0,0
Curaçao,2025-05-05,CUW,AMRO,3,0,0,0,0,0
Dominican Republic,2025-05-05,DOM,AMRO,83,0,1,0,0,0
Ecuador,2025-05-05,ECU,AMRO,629,0,3,0,0,0
El Salvador,2025-05-05,SLV,AMRO,106,0,0,0,0,0
Guadeloupe,2025-05-05,GLP,AMRO,1,0,0,0,0,0
Guatemala,2025-05-05,GTM,AMRO,407,0,2,0,0,0
Guyana,2025-05-05,GUY,AMRO,2,0,0,0,0,0
Honduras,2025-05-05,HND,AMRO,44,0,0,0,0,0
Jamaica,2025-05-05,JAM,AMRO,22,0,0,0,0,0
Martinique,2025-05-05,MTQ,AMRO,7,0,0,0,0,0
Mexico,2025-05-05,MEX,AMRO,4414,0,36,31,0,1
Panama,2025-05-05,PAN,AMRO,243,0,1,0,0,0
Paraguay,2025-05-05,PRY,AMRO,129,0,0,0,0,0
Peru,2025-05-05,PER,AMRO,3958,0,26,0,0,0
Saint Martin,2025-05-05,MAF,AMRO,1,0,0,0,0,0
Trinidad and Tobago,2025-05-05,TTO,AMRO,4,0,0,0,0,0
United States of America,2025-05-05,USA,AMRO,34978,0,63,33,0,0
Uruguay,2025-05-05,URY,AMRO,20,0,0,0,0,0
Venezuela (Bolivarian Republic of),2025-05-05,VEN,AMRO,12,0,0,0,0,0
China,2025-05-06,CHN,WPRO,3072,0,1,2,0,0
Qatar,2025-05-07,QAT,EMRO,13,0,0,2,0,0
China,2025-05-09,CHN,WPRO,3073,0,1,1,0,0
Angola,2025-05-11,AGO,AFRO,10,0,0,0,0,0
Australia,2025-05-11,AUS,WPRO,1720,0,0,5,0,0
Burundi,2025-05-11,BDI,AFRO,3910,0,1,27,0,0
Cameroon,2025-05-11,CMR,AFRO,54,0,5,0,0,0
Central African Republic,2025-05-11,CAF,AFRO,144,0,4,0,0,0
Congo,2025-05-11,COG,AFRO,88,0,3,1,0,0
Côte d’Ivoire,2025-05-11,CIV,AFRO,130,0,1,8,0,0
Democratic Republic of the Congo,2025-05-11,COD,AFRO,22158,0,59,688,0,0
Ghana,2025-05-11,GHA,AFRO,148,0,4,10,0,0
Guinea,2025-05-11,GIN,AFRO,2,0,0,0,0,0
Kenya,2025-05-11,KEN,AFRO,110,0,2,13,0,0
Liberia,2025-05-11,LBR,AFRO,96,0,0,4,0,0
Malawi,2025-05-11,MWI,AFRO,6,0,0,0,0,0
Nigeria,2025-05-11,NGA,AFRO,1204,0,12,4,0,0
Rwanda,2025-05-11,RWA,AFRO,119,0,0,0,0,0
Sierra Leone,2025-05-11,SLE,AFRO,2045,0,11,658,0,1
South Africa,2025-05-11,ZAF,AFRO,38,0,3,0,0,0
South Sudan,2025-05-11,SSD,AFRO,14,0,0,0,0,0
Togo,2025-05-11,TGO,AFRO,0,0,0,0,0,0
Uganda,2025-05-11,UGA,AFRO,6174,0,41,233,0,0
United Republic of Tanzania,2025-05-11,TZA,AFRO,43,0,0,2,0,0
Zambia,2025-05-11,ZMB,AFRO,75,0,2,10,0,0
Argentina,2025-05-12,ARG,AMRO,1286,0,2,5,0,0
Aruba,2025-05-12,ABW,AMRO,3,0,0,0,0,0
Bahamas,2025-05-12,BHS,AMRO,4,0,0,0,0,0
Barbados,2025-05-12,BRB,AMRO,1,0,0,0,0,0
Bermuda,2025-05-12,BMU,AMRO,1,0,0,0,0,0
Bolivia (Plurinational State of),2025-05-12,BOL,AMRO,266,0,0,0,0,0
Brazil,2025-05-12,BRA,AMRO,14301,0,17,21,0,0
Canada,2025-05-12,CAN,AMRO,2123,0,0,8,0,0
Chile,2025-05-12,CHL,AMRO,1622,0,3,7,0,0
Colombia,2025-05-12,COL,AMRO,4290,0,0,0,0,0
Costa Rica,2025-05-12,CRI,AMRO,229,0,1,0,0,0
Cuba,2025-05-12,CUB,AMRO,8,0,1,0,0,0
Curaçao,2025-05-12,CUW,AMRO,3,0,0,0,0,0
Dominican Republic,2025-05-12,DOM,AMRO,83,0,1,0,0,0
Ecuador,2025-05-12,ECU,AMRO,629,0,3,0,0,0
El Salvador,2025-05-12,SLV,AMRO,106,0,0,0,0,0
Guadeloupe,2025-05-12,GLP,AMRO,1,0,0,0,0,0
Guatemala,2025-05-12,GTM,AMRO,408,0,2,1,0,0
Guyana,2025-05-12,GUY,AMRO,2,0,0,0,0,0
Honduras,2025-05-12,HND,AMRO,44,0,0,0,0,0
Jamaica,2025-05-12,JAM,AMRO,22,0,0,0,0,0
Martinique,2025-05-12,MTQ,AMRO,7,0,0,0,0,0
Mexico,2025-05-12,MEX,AMRO,4451,0,36,37,0,0
Panama,2025-05-12,PAN,AMRO,243,0,1,0,0,0
Paraguay,2025-05-12,PRY,AMRO,130,0,0,1,0,0
Peru,2025-05-12,PER,AMRO,3958,0,26,0,0,0
Saint Martin,2025-05-12,MAF,AMRO,1,0,0,0,0,0
Trinidad and Tobago,2025-05-12,TTO,AMRO,4,0,0,0,0,0
United States of America,2025-05-12,USA,AMRO,35004,0,63,26,0,0
Uruguay,2025-05-12,URY,AMRO,20,0,0,0,0,0
Venezuela (Bolivarian Republic of),2025-05-12,VEN,AMRO,12,0,0,0,0,0
Albania,2025-05-13,ALB,EURO,1,0,0,1,0,0
Andorra,2025-05-13,AND,EURO,4,0,0,0,0,0
Austria,2025-05-13,AUT,EURO,376,0,1,2,0,0
Azerbaijan,2025-05-13,AZE,EURO,1,0,0,0,0,0
Belgium,2025-05-13,BEL,EURO,886,0,2,10,0,0
Bosnia and Herzegovina,2025-05-13,BIH,EURO,9,0,0,0,0,0
Bulgaria,2025-05-13,BGR,EURO,11,0,0,0,0,0
Croatia,2025-05-13,HRV,EURO,38,0,0,0,0,0
Cyprus,2025-05-13,CYP,EURO,6,0,0,0,0,0
Czechia,2025-05-13,CZE,EURO,106,0,1,3,0,0
Denmark,2025-05-13,DNK,EURO,222,0,0,0,0,0
Estonia,2025-05-13,EST,EURO,11,0,0,0,0,0
Finland,2025-05-13,FIN,EURO,43,0,0,0,0,0
France,2025-05-13,FRA,EURO,4487,0,0,34,0,0
Georgia,2025-05-13,GEO,EURO,2,0,0,0,0,0
Germany,2025-05-13,DEU,EURO,4378,0,0,81,0,0
Gibraltar,2025-05-13,GIB,EURO,6,0,0,0,0,0
Greece,2025-05-13,GRC,EURO,158,0,0,1,0,0
Greenland,2025-05-13,GRL,EURO,2,0,0,0,0,0
Hungary,2025-05-13,HUN,EURO,88,0,0,0,0,0
Iceland,2025-05-13,ISL,EURO,17,0,0,0,0,0
Ireland,2025-05-13,IRL,EURO,303,0,0,2,0,0
Israel,2025-05-13,ISR,EURO,366,0,0,3,0,0
Italy,2025-05-13,ITA,EURO,1171,0,0,11,0,0
Kosovo,2025-05-13,XKX,EURO,1,0,0,0,0,0
Latvia,2025-05-13,LVA,EURO,6,0,0,0,0,0
Lithuania,2025-05-13,LTU,EURO,6,0,0,0,0,0
Luxembourg,2025-05-13,LUX,EURO,63,0,0,1,0,0
Malta,2025-05-13,MLT,EURO,48,0,0,3,0,0
Monaco,2025-05-13,MCO,EURO,3,0,0,0,0,0
Montenegro,2025-05-13,MNE,EURO,2,0,0,0,0,0
Netherlands,2025-05-13,NLD,EURO,1504,0,0,17,0,0
North Macedonia,2025-05-13,MKD,EURO,2,0,0,2,0,0
Norway,2025-05-13,NOR,EURO,126,0,0,3,0,0
Poland,2025-05-13,POL,EURO,245,0,0,3,0,0
Portugal,2025-05-13,PRT,EURO,1232,0,2,7,0,0
Republic of Moldova,2025-05-13,MDA,EURO,2,0,0,0,0,0
Romania,2025-05-13,ROU,EURO,49,0,0,0,0,0
Russian Federation,2025-05-13,RUS,EURO,4,0,0,0,0,0
San Marino,2025-05-13,SMR,EURO,1,0,0,0,0,0
Serbia,2025-05-13,SRB,EURO,40,0,0,0,0,0
Slovakia,2025-05-13,SVK,EURO,19,0,0,0,0,0
Slovenia,2025-05-13,SVN,EURO,47,0,0,0,0,0
Spain,2025-05-13,ESP,EURO,8783,0,3,58,0,0
Sweden,2025-05-13,SWE,EURO,366,0,0,2,0,0
Switzerland,2025-05-13,CHE,EURO,641,0,0,23,0,0
The United Kingdom,2025-05-13,GBR,EURO,4264,0,0,24,0,0
Türkiye,2025-05-13,TUR,EURO,38,0,0,0,0,0
Ukraine,2025-05-13,UKR,EURO,5,0,0,0,0,0
Angola,2025-05-18,AGO,AFRO,10,0,0,0,0,0
Australia,2025-05-18,AUS,WPRO,1723,0,0,3,0,0
Burundi,2025-05-18,BDI,AFRO,3934,0,1,24,0,0
Cameroon,2025-05-18,CMR,AFRO,54,0,5,0,0,0
Central African Republic,2025-05-18,CAF,AFRO,144,0,4,0,0,0
Congo,2025-05-18,COG,AFRO,89,0,3,1,0,0
Côte d’Ivoire,2025-05-18,CIV,AFRO,130,0,1,0,0,0
Democratic Republic of the Congo,2025-05-18,COD,AFRO,22716,0,59,558,0,0
Ethiopia,2025-05-18,ETH,AFRO,16,0,0,16,0,0
Ghana,2025-05-18,GHA,AFRO,167,0,4,19,0,0
Guinea,2025-05-18,GIN,AFRO,2,0,0,0,0,0
Kenya,2025-05-18,KEN,AFRO,116,0,2,6,0,0
Liberia,2025-05-18,LBR,AFRO,99,0,0,3,0,0
Malawi,2025-05-18,MWI,AFRO,9,0,0,3,0,0
Nigeria,2025-05-18,NGA,AFRO,1215,0,12,11,0,0
Rwanda,2025-05-18,RWA,AFRO,120,0,0,1,0,0
Sierra Leone,2025-05-18,SLE,AFRO,2648,0,14,603,0,3
South Africa,2025-05-18,ZAF,AFRO,38,0,3,0,0,0
South Sudan,2025-05-18,SSD,AFRO,15,0,0,1,0,0
Togo,2025-05-18,TGO,AFRO,3,0,0,3,0,0
Uganda,2025-05-18,UGA,AFRO,6323,0,42,149,0,1
United Republic of Tanzania,2025-05-18,TZA,AFRO,48,0,0,5,0,0
Zambia,2025-05-18,ZMB,AFRO,78,0,3,3,0,1
Argentina,2025-05-19,ARG,AMRO,1290,0,2,4,0,0
Aruba,2025-05-19,ABW,AMRO,3,0,0,0,0,0
Bahamas,2025-05-19,BHS,AMRO,4,0,0,0,0,0
Barbados,2025-05-19,BRB,AMRO,1,0,0,0,0,0
Bermuda,2025-05-19,BMU,AMRO,1,0,0,0,0,0
Bolivia (Plurinational State of),2025-05-19,BOL,AMRO,266,0,0,0,0,0
Brazil,2025-05-19,BRA,AMRO,14321,0,17,20,0,0
Canada,2025-05-19,CAN,AMRO,2130,0,0,7,0,0
Chile,2025-05-19,CHL,AMRO,1631,0,3,9,0,0
Colombia,2025-05-19,COL,AMRO,4290,0,0,0,0,0
Costa Rica,2025-05-19,CRI,AMRO,229,0,1,0,0,0
Cuba,2025-05-19,CUB,AMRO,8,0,1,0,0,0
Curaçao,2025-05-19,CUW,AMRO,3,0,0,0,0,0
Dominican Republic,2025-05-19,DOM,AMRO,83,0,1,0,0,0
Ecuador,2025-05-19,ECU,AMRO,629,0,3,0,0,0
El Salvador,2025-05-19,SLV,AMRO,106,0,0,0,0,0
Guadeloupe,2025-05-19,GLP,AMRO,1,0,0,0,0,0
Guatemala,2025-05-19,GTM,AMRO,408,0,2,0,0,0
Guyana,2025-05-19,GUY,AMRO,2,0,0,0,0,0
Honduras,2025-05-19,HND,AMRO,44,0,0,0,0,0
Jamaica,2025-05-19,JAM,AMRO,22,0,0,0,0,0
Martinique,2025-05-19,MTQ,AMRO,7,0,0,0,0,0
Mexico,2025-05-19,MEX,AMRO,4479,0,36,28,0,0
Panama,2025-05-19,PAN,AMRO,243,0,1,0,0,0
Paraguay,2025-05-19,PRY,AMRO,130,0,0,0,0,0
Peru,2025-05-19,PER,AMRO,3958,0,26,0,0,0
Saint Martin,2025-05-19,MAF,AMRO,1,0,0,0,0,0
Trinidad and Tobago,2025-05-19,TTO,AMRO,4,0,0,0,0,0
United States of America,2025-05-19,USA,AMRO,35025,0,63,21,0,0
Uruguay,2025-05-19,URY,AMRO,20,0,0,0,0,0
Venezuela (Bolivarian Republic of),2025-05-19,VEN,AMRO,12,0,0,0,0,0
China,2025-05-20,CHN,WPRO,3075,0,1,2,0,0
Philippines,2025-05-21,PHL,WPRO,156,0,6,0,0,0
Angola,2025-05-25,AGO,AFRO,10,0,0,0,0,0
Australia,2025-05-25,AUS,WPRO,1726,0,0,3,0,0
Burundi,2025-05-25,BDI,AFRO,3958,0,1,24,0,0
Cameroon,2025-05-25,CMR,AFRO,54,0,5,0,0,0
Central African Republic,2025-05-25,CAF,AFRO,144,0,4,0,0,0
Congo,2025-05-25,COG,AFRO,94,0,3,5,0,0
Côte d’Ivoire,2025-05-25,CIV,AFRO,132,0,1,2,0,0
Democratic Republic of the Congo,2025-05-25,COD,AFRO,23654,0,62,938,0,3
Ethiopia,2025-05-25,ETH,AFRO,18,0,0,2,0,0
Ghana,2025-05-25,GHA,AFRO,188,0,4,21,0,0
Kenya,2025-05-25,KEN,AFRO,129,0,2,13,0,0
Liberia,2025-05-25,LBR,AFRO,129,0,0,30,0,0
Malawi,2025-05-25,MWI,AFRO,11,0,0,2,0,0
Nigeria,2025-05-25,NGA,AFRO,1217,0,12,2,0,0
Rwanda,2025-05-25,RWA,AFRO,120,0,0,0,0,0
Sierra Leone,2025-05-25,SLE,AFRO,3140,0,15,492,0,1
South Africa,2025-05-25,ZAF,AFRO,38,0,3,0,0,0
South Sudan,2025-05-25,SSD,AFRO,15,0,0,0,0,0
Togo,2025-05-25,TGO,AFRO,8,0,0,5,0,0
Uganda,2025-05-25,UGA,AFRO,6468,0,43,145,0,1
United Republic of Tanzania,2025-05-25,TZA,AFRO,49,0,0,1,0,0
Zambia,2025-05-25,ZMB,AFRO,82,0,3,4,0,0
Argentina,2025-05-26,ARG,AMRO,1296,0,2,6,0,0
Aruba,2025-05-26,ABW,AMRO,3,0,0,0,0,0
Bahamas,2025-05-26,BHS,AMRO,4,0,0,0,0,0
Barbados,2025-05-26,BRB,AMRO,1,0,0,0,0,0
Bermuda,2025-05-26,BMU,AMRO,1,0,0,0,0,0
Bolivia (Plurinational State of),2025-05-26,BOL,AMRO,266,0,0,0,0,0
Brazil,2025-05-26,BRA,AMRO,14340,0,17,19,0,0
Canada,2025-05-26,CAN,AMRO,2136,0,0,6,0,0
Chile,2025-05-26,CHL,AMRO,1642,0,3,11,0,0
Colombia,2025-05-26,COL,AMRO,4291,0,0,1,0,0
Costa Rica,2025-05-26,CRI,AMRO,229,0,1,0,0,0
Cuba,2025-05-26,CUB,AMRO,8,0,1,0,0,0
Curaçao,2025-05-26,CUW,AMRO,3,0,0,0,0,0
Dominican Republic,2025-05-26,DOM,AMRO,83,0,1,0,0,0
Ecuador,2025-05-26,ECU,AMRO,629,0,3,0,0,0
El Salvador,2025-05-26,SLV,AMRO,106,0,0,0,0,0
Guadeloupe,2025-05-26,GLP,AMRO,1,0,0,0,0,0
Guatemala,2025-05-26,GTM,AMRO,408,0,2,0,0,0
Guyana,2025-05-26,GUY,AMRO,2,0,0,0,0,0
Honduras,2025-05-26,HND,AMRO,44,0,0,0,0,0
Jamaica,2025-05-26,JAM,AMRO,22,0,0,0,0,0
Martinique,2025-05-26,MTQ,AMRO,7,0,0,0,0,0
Mexico,2025-05-26,MEX,AMRO,4521,0,36,42,0,0
Panama,2025-05-26,PAN,AMRO,243,0,1,0,0,0
Paraguay,2025-05-26,PRY,AMRO,130,0,0,0,0,0
Peru,2025-05-26,PER,AMRO,3958,0,26,0,0,0
Saint Martin,2025-05-26,MAF,AMRO,1,0,0,0,0,0
Trinidad and Tobago,2025-05-26,TTO,AMRO,4,0,0,0,0,0
United States of America,2025-05-26,USA,AMRO,35054,0,63,29,0,0
Uruguay,2025-05-26,URY,AMRO,20,0,0,0,0,0
Venezuela (Bolivarian Republic of),2025-05-26,VEN,AMRO,12,0,0,0,0,0
Indonesia,2025-05-30,IDN,WPRO,88,0,0,0,0,0
Singapore,2025-05-30,SGP,WPRO,74,0,0,1,0,0
Australia,2025-05-31,AUS,WPRO,1726,0,0,0,0,0
Burundi,2025-05-31,BDI,AFRO,3970,0,1,12,0,0
Cameroon,2025-05-31,CMR,AFRO,54,0,5,0,0,0
China,2025-05-31,CHN,WPRO,3187,0,1,112,0,0
Congo,2025-05-31,COG,AFRO,99,0,3,5,0,0
Ethiopia,2025-05-31,ETH,AFRO,22,0,1,4,0,1
Ghana,2025-05-31,GHA,AFRO,224,0,4,36,0,0
India,2025-05-31,IND,SEARO,47,0,1,0,0,0
Indonesia,2025-05-31,IDN,WPRO,88,0,0,0,0,0
Kenya,2025-05-31,KEN,AFRO,137,0,2,8,0,0
Liberia,2025-05-31,LBR,AFRO,170,0,0,41,0,0
Nepal,2025-05-31,NPL,SEARO,3,0,0,0,0,0
New Zealand,2025-05-31,NZL,WPRO,76,3,0,4,0,0
Nigeria,2025-05-31,NGA,AFRO,1222,0,12,5,0,0
South Africa,2025-05-31,ZAF,AFRO,38,0,3,0,0,0
Sri Lanka,2025-05-31,LKA,SEARO,4,0,0,0,0,0
Thailand,2025-05-31,THA,SEARO,896,0,13,10,0,0
Uganda,2025-05-31,UGA,AFRO,6635,0,44,167,0,1
United Republic of Tanzania,2025-05-31,TZA,AFRO,54,0,0,5,0,0
Angola,2025-06-01,AGO,AFRO,10,0,0,0,0,0
Australia,2025-06-01,AUS,WPRO,1726,0,0,0,0,0
Central African Republic,2025-06-01,CAF,AFRO,144,0,4,0,0,0
Côte d’Ivoire,2025-06-01,CIV,AFRO,133,0,1,1,0,0
Democratic Republic of the Congo,2025-06-01,COD,AFRO,24393,0,62,739,0,0
Guinea,2025-06-01,GIN,AFRO,2,0,0,0,0,0
Malawi,2025-06-01,MWI,AFRO,18,0,0,7,0,0
Rwanda,2025-06-01,RWA,AFRO,120,0,0,0,0,0
Sierra Leone,2025-06-01,SLE,AFRO,3523,0,17,383,0,2
South Sudan,2025-06-01,SSD,AFRO,15,0,0,0,0,0
Togo,2025-06-01,TGO,AFRO,10,0,0,2,0,0
Zambia,2025-06-01,ZMB,AFRO,82,0,3,0,0,0
Argentina,2025-06-02,ARG,AMRO,1306,0,2,10,0,0
Aruba,2025-06-02,ABW,AMRO,3,0,0,0,0,0
Bahamas,2025-06-02,BHS,AMRO,4,0,0,0,0,0
Barbados,2025-06-02,BRB,AMRO,1,0,0,0,0,0
Bermuda,2025-06-02,BMU,AMRO,1,0,0,0,0,0
Bolivia (Plurinational State of),2025-06-02,BOL,AMRO,266,0,0,0,0,0
Brazil,2025-06-02,BRA,AMRO,14364,0,17,24,0,0
Canada,2025-06-02,CAN,AMRO,2140,0,0,4,0,0
Chile,2025-06-02,CHL,AMRO,1651,0,3,9,0,0
Colombia,2025-06-02,COL,AMRO,4291,0,0,0,0,0
Costa Rica,2025-06-02,CRI,AMRO,231,0,1,2,0,0
Cuba,2025-06-02,CUB,AMRO,8,0,1,0,0,0
Curaçao,2025-06-02,CUW,AMRO,3,0,0,0,0,0
Dominican Republic,2025-06-02,DOM,AMRO,83,0,1,0,0,0
Ecuador,2025-06-02,ECU,AMRO,629,0,3,0,0,0
El Salvador,2025-06-02,SLV,AMRO,106,0,0,0,0,0
Guadeloupe,2025-06-02,GLP,AMRO,1,0,0,0,0,0
Guatemala,2025-06-02,GTM,AMRO,408,0,2,0,0,0
Guyana,2025-06-02,GUY,AMRO,2,0,0,0,0,0
Honduras,2025-06-02,HND,AMRO,44,0,0,0,0,0
Jamaica,2025-06-02,JAM,AMRO,22,0,0,0,0,0
Martinique,2025-06-02,MTQ,AMRO,7,0,0,0,0,0
Mexico,2025-06-02,MEX,AMRO,4540,0,36,19,0,0
Panama,2025-06-02,PAN,AMRO,243,0,1,0,0,0
Paraguay,2025-06-02,PRY,AMRO,130,0,0,0,0,0
Peru,2025-06-02,PER,AMRO,3959,0,26,1,0,0
Saint Martin,2025-06-02,MAF,AMRO,1,0,0,0,0,0
Trinidad and Tobago,2025-06-02,TTO,AMRO,4,0,0,0,0,0
United States of America,2025-06-02,USA,AMRO,35084,0,63,30,0,0
Uruguay,2025-06-02,URY,AMRO,20,0,0,0,0,0
Venezuela (Bolivarian Republic of),2025-06-02,VEN,AMRO,12,0,0,0,0,0
China,2025-06-03,CHN,WPRO,3188,0,1,1,0,0
Qatar,2025-06-03,QAT,EMRO,13,0,0,0,0,0
Singapore,2025-06-06,SGP,WPRO,75,0,0,1,0,0
Angola,2025-06-08,AGO,AFRO,10,0,0,0,0,0
Australia,2025-06-08,AUS,WPRO,1727,0,0,1,0,0
Burundi,2025-06-08,BDI,AFRO,3980,0,1,10,0,0
Cameroon,2025-06-08,CMR,AFRO,54,0,5,0,0,0
Central African Republic,2025-06-08,CAF,AFRO,145,0,4,1,0,0
Congo,2025-06-08,COG,AFRO,100,0,3,1,0,0
Côte d’Ivoire,2025-06-08,CIV,AFRO,133,0,1,0,0,0
Democratic Republic of the Congo,2025-06-08,COD,AFRO,25017,0,64,624,0,2
Ethiopia,2025-06-08,ETH,AFRO,34,0,1,12,0,0
Ghana,2025-06-08,GHA,AFRO,239,0,4,15,0,0
Guinea,2025-06-08,GIN,AFRO,6,0,0,4,0,0
Kenya,2025-06-08,KEN,AFRO,151,0,2,14,0,0
Liberia,2025-06-08,LBR,AFRO,183,0,0,13,0,0
Malawi,2025-06-08,MWI,AFRO,26,0,0,8,0,0
Nigeria,2025-06-08,NGA,AFRO,1232,0,12,10,0,0
Rwanda,2025-06-08,RWA,AFRO,122,0,0,2,0,0
Sierra Leone,2025-06-08,SLE,AFRO,3815,0,20,292,0,3
South Africa,2025-06-08,ZAF,AFRO,38,0,3,0,0,0
South Sudan,2025-06-08,SSD,AFRO,16,0,0,1,0,0
Togo,2025-06-08,TGO,AFRO,15,0,0,5,0,0
Uganda,2025-06-08,UGA,AFRO,6739,0,44,104,0,0
United Republic of Tanzania,2025-06-08,TZA,AFRO,60,0,0,6,0,0
Zambia,2025-06-08,ZMB,AFRO,88,0,3,6,0,0
Argentina,2025-06-09,ARG,AMRO,1311,0,2,5,0,0
Aruba,2025-06-09,ABW,AMRO,3,0,0,0,0,0
Bahamas,2025-06-09,BHS,AMRO,4,0,0,0,0,0
Barbados,2025-06-09,BRB,AMRO,1,0,0,0,0,0
Bermuda,2025-06-09,BMU,AMRO,1,0,0,0,0,0
Bolivia (Plurinational State of),2025-06-09,BOL,AMRO,266,0,0,0,0,0
Brazil,2025-06-09,BRA,AMRO,14372,0,17,8,0,0
Canada,2025-06-09,CAN,AMRO,2150,0,0,10,0,0
Chile,2025-06-09,CHL,AMRO,1661,0,3,10,0,0
Colombia,2025-06-09,COL,AMRO,4292,0,0,1,0,0
Costa Rica,2025-06-09,CRI,AMRO,231,0,1,0,0,0
Cuba,2025-06-09,CUB,AMRO,8,0,1,0,0,0
Curaçao,2025-06-09,CUW,AMRO,3,0,0,0,0,0
Dominican Republic,2025-06-09,DOM,AMRO,83,0,1,0,0,0
Ecuador,2025-06-09,ECU,AMRO,629,0,3,0,0,0
El Salvador,2025-06-09,SLV,AMRO,106,0,0,0,0,0
Guadeloupe,2025-06-09,GLP,AMRO,1,0,0,0,0,0
Guatemala,2025-06-09,GTM,AMRO,408,0,2,0,0,0
Guyana,2025-06-09,GUY,AMRO,2,0,0,0,0,0
Honduras,2025-06-09,HND,AMRO,44,0,0,0,0,0
Jamaica,2025-06-09,JAM,AMRO,22,0,0,0,0,0
Martinique,2025-06-09,MTQ,AMRO,7,0,0,0,0,0
Mexico,2025-06-09,MEX,AMRO,4564,0,37,24,0,1
Panama,2025-06-09,PAN,AMRO,243,0,1,0,0,0
Paraguay,2025-06-09,PRY,AMRO,130,0,0,0,0,0
Peru,2025-06-09,PER,AMRO,3959,0,26,0,0,0
Saint Martin,2025-06-09,MAF,AMRO,1,0,0,0,0,0
Trinidad and Tobago,2025-06-09,TTO,AMRO,4,0,0,0,0,0
United States of America,2025-06-09,USA,AMRO,35106,0,63,22,0,0
Uruguay,2025-06-09,URY,AMRO,20,0,0,0,0,0
Venezuela (Bolivarian Republic of),2025-06-09,VEN,AMRO,12,0,0,0,0,0
Albania,2025-06-13,ALB,EURO,1,0,0,0,0,0
Andorra,2025-06-13,AND,EURO,4,0,0,0,0,0
Austria,2025-06-13,AUT,EURO,377,0,1,1,0,0
Azerbaijan,2025-06-13,AZE,EURO,1,0,0,0,0,0
Belgium,2025-06-13,BEL,EURO,895,0,2,9,0,0
Bosnia and Herzegovina,2025-06-13,BIH,EURO,9,0,0,0,0,0
Bulgaria,2025-06-13,BGR,EURO,11,0,0,0,0,0
Croatia,2025-06-13,HRV,EURO,38,0,0,0,0,0
Cyprus,2025-06-13,CYP,EURO,6,0,0,0,0,0
Czechia,2025-06-13,CZE,EURO,108,0,1,2,0,0
Denmark,2025-06-13,DNK,EURO,228,0,0,6,0,0
Estonia,2025-06-13,EST,EURO,11,0,0,0,0,0
Finland,2025-06-13,FIN,EURO,43,0,0,0,0,0
France,2025-06-13,FRA,EURO,4508,0,0,21,0,0
Georgia,2025-06-13,GEO,EURO,2,0,0,0,0,0
Germany,2025-06-13,DEU,EURO,4437,0,0,59,0,0
Gibraltar,2025-06-13,GIB,EURO,6,0,0,0,0,0
Greece,2025-06-13,GRC,EURO,158,0,0,0,0,0
Greenland,2025-06-13,GRL,EURO,2,0,0,0,0,0
Hungary,2025-06-13,HUN,EURO,88,0,0,0,0,0
Iceland,2025-06-13,ISL,EURO,17,0,0,0,0,0
Ireland,2025-06-13,IRL,EURO,308,0,0,5,0,0
Israel,2025-06-13,ISR,EURO,368,0,0,2,0,0
Italy,2025-06-13,ITA,EURO,1179,0,0,8,0,0
Kosovo,2025-06-13,XKX,EURO,1,0,0,0,0,0
Latvia,2025-06-13,LVA,EURO,6,0,0,0,0,0
Lithuania,2025-06-13,LTU,EURO,6,0,0,0,0,0
Luxembourg,2025-06-13,LUX,EURO,63,0,0,0,0,0
Malta,2025-06-13,MLT,EURO,49,0,0,1,0,0
Monaco,2025-06-13,MCO,EURO,3,0,0,0,0,0
Montenegro,2025-06-13,MNE,EURO,2,0,0,0,0,0
Netherlands,2025-06-13,NLD,EURO,1524,0,0,20,0,0
North Macedonia,2025-06-13,MKD,EURO,2,0,0,0,0,0
Norway,2025-06-13,NOR,EURO,127,0,0,1,0,0
Poland,2025-06-13,POL,EURO,248,0,0,3,0,0
Portugal,2025-06-13,PRT,EURO,1237,0,2,5,0,0
Republic of Moldova,2025-06-13,MDA,EURO,2,0,0,0,0,0
Romania,2025-06-13,ROU,EURO,50,0,0,1,0,0
Russian Federation,2025-06-13,RUS,EURO,4,0,0,0,0,0
San Marino,2025-06-13,SMR,EURO,1,0,0,0,0,0
Serbia,2025-06-13,SRB,EURO,40,0,0,0,0,0
Slovakia,2025-06-13,SVK,EURO,19,0,0,0,0,0
Slovenia,2025-06-13,SVN,EURO,47,0,0,0,0,0
Spain,2025-06-13,ESP,EURO,8834,0,4,51,0,1
Sweden,2025-06-13,SWE,EURO,368,0,0,2,0,0
Switzerland,2025-06-13,CHE,EURO,641,0,0,0,0,0
The United Kingdom,2025-06-13,GBR,EURO,4288,0,0,24,0,0
Türkiye,2025-06-13,TUR,EURO,38,0,0,0,0,0
Ukraine,2025-06-13,UKR,EURO,5,0,0,0,0,0
Angola,2025-06-15,AGO,AFRO,10,0,0,0,0,0
Australia,2025-06-15,AUS,WPRO,1727,0,0,0,0,0
Burundi,2025-06-15,BDI,AFRO,4006,0,1,26,0,0
Cameroon,2025-06-15,CMR,AFRO,54,0,5,0,0,0
Central African Republic,2025-06-15,CAF,AFRO,145,0,4,0,0,0
Congo,2025-06-15,COG,AFRO,100,0,3,0,0,0
Côte d’Ivoire,2025-06-15,CIV,AFRO,135,0,1,2,0,0
Democratic Republic of the Congo,2025-06-15,COD,AFRO,25533,0,65,516,0,1
Ethiopia,2025-06-15,ETH,AFRO,35,0,1,1,0,0
Ghana,2025-06-15,GHA,AFRO,264,0,4,25,0,0
Guinea,2025-06-15,GIN,AFRO,11,0,0,5,0,0
Kenya,2025-06-15,KEN,AFRO,163,0,2,12,0,0
Liberia,2025-06-15,LBR,AFRO,192,0,0,9,0,0
Malawi,2025-06-15,MWI,AFRO,32,0,0,6,0,0
Nigeria,2025-06-15,NGA,AFRO,1243,0,12,11,0,0
Rwanda,2025-06-15,RWA,AFRO,122,0,0,0,0,0
Sierra Leone,2025-06-15,SLE,AFRO,4085,0,25,270,0,5
South Africa,2025-06-15,ZAF,AFRO,38,0,3,0,0,0
South Sudan,2025-06-15,SSD,AFRO,17,0,0,1,0,0
Togo,2025-06-15,TGO,AFRO,27,0,0,12,0,0
Uganda,2025-06-15,UGA,AFRO,6857,0,44,118,0,0
United Republic of Tanzania,2025-06-15,TZA,AFRO,68,0,0,8,0,0
Zambia,2025-06-15,ZMB,AFRO,90,0,3,2,0,0
Argentina,2025-06-16,ARG,AMRO,1316,0,2,5,0,0
Aruba,2025-06-16,ABW,AMRO,3,0,0,0,0,0
Bahamas,2025-06-16,BHS,AMRO,4,0,0,0,0,0
Barbados,2025-06-16,BRB,AMRO,1,0,0,0,0,0
Bermuda,2025-06-16,BMU,AMRO,1,0,0,0,0,0
Bolivia (Plurinational State of),2025-06-16,BOL,AMRO,266,0,0,0,0,0
Brazil,2025-06-16,BRA,AMRO,14390,0,17,18,0,0
Canada,2025-06-16,CAN,AMRO,2158,0,0,8,0,0
Chile,2025-06-16,CHL,AMRO,1669,0,3,8,0,0
Colombia,2025-06-16,COL,AMRO,4292,0,0,0,0,0
Costa Rica,2025-06-16,CRI,AMRO,231,0,1,0,0,0
Cuba,2025-06-16,CUB,AMRO,8,0,1,0,0,0
Curaçao,2025-06-16,CUW,AMRO,3,0,0,0,0,0
Dominican Republic,2025-06-16,DOM,AMRO,83,0,1,0,0,0
Ecuador,2025-06-16,ECU,AMRO,629,0,3,0,0,0
El Salvador,2025-06-16,SLV,AMRO,106,0,0,0,0,0
Guadeloupe,2025-06-16,GLP,AMRO,1,0,0,0,0,0
Guatemala,2025-06-16,GTM,AMRO,408,0,2,0,0,0
Guyana,2025-06-16,GUY,AMRO,2,0,0,0,0,0
Honduras,2025-06-16,HND,AMRO,44,0,0,0,0,0
Jamaica,2025-06-16,JAM,AMRO,22,0,0,0,0,0
Martinique,2025-06-16,MTQ,AMRO,7,0,0,0,0,0
Mexico,2025-06-16,MEX,AMRO,4583,0,37,19,0,0
New Zealand,2025-06-16,NZL,WPRO,76,3,0,0,0,0
Panama,2025-06-16,PAN,AMRO,243,0,1,0,0,0
Paraguay,2025-06-16,PRY,AMRO,130,0,0,0,0,0
Peru,2025-06-16,PER,AMRO,3959,0,26,0,0,0
Saint Martin,2025-06-16,MAF,AMRO,1,0,0,0,0,0
Trinidad and Tobago,2025-06-16,TTO,AMRO,4,0,0,0,0,0
United States of America,2025-06-16,USA,AMRO,35150,0,63,44,0,0
Uruguay,2025-06-16,URY,AMRO,20,0,0,0,0,0
Venezuela (Bolivarian Republic of),2025-06-16,VEN,AMRO,12,0,0,0,0,0
China,2025-06-20,CHN,WPRO,3189,0,1,1,0,0
Singapore,2025-06-20,SGP,WPRO,76,0,0,1,0,0
Angola,2025-06-22,AGO,AFRO,10,0,0,0,0,0
Australia,2025-06-22,AUS,WPRO,1727,0,0,0,0,0
Burundi,2025-06-22,BDI,AFRO,4025,0,1,19,0,0
Cameroon,2025-06-22,CMR,AFRO,54,0,5,0,0,0
Central African Republic,2025-06-22,CAF,AFRO,145,0,4,0,0,0
Congo,2025-06-22,COG,AFRO,100,0,3,0,0,0
Côte d’Ivoire,2025-06-22,CIV,AFRO,142,0,1,7,0,0
Democratic Republic of the Congo,2025-06-22,COD,AFRO,25949,0,65,416,0,0
Ethiopia,2025-06-22,ETH,AFRO,38,0,1,3,0,0
Gambia,2025-06-22,GMB,AFRO,0,0,0,0,0,0
Ghana,2025-06-22,GHA,AFRO,301,0,4,37,0,0
Guinea,2025-06-22,GIN,AFRO,24,0,0,13,0,0
Kenya,2025-06-22,KEN,AFRO,177,0,3,14,0,1
Liberia,2025-06-22,LBR,AFRO,203,0,0,11,0,0
Malawi,2025-06-22,MWI,AFRO,37,0,0,5,0,0
Nigeria,2025-06-22,NGA,AFRO,1256,0,12,13,0,0
Rwanda,2025-06-22,RWA,AFRO,122,0,0,0,0,0
Sierra Leone,2025-06-22,SLE,AFRO,4294,0,28,209,0,3
South Africa,2025-06-22,ZAF,AFRO,40,0,3,2,0,0
South Sudan,2025-06-22,SSD,AFRO,17,0,0,0,0,0
Togo,2025-06-22,TGO,AFRO,31,0,0,4,0,0
Uganda,2025-06-22,UGA,AFRO,6998,0,44,141,0,0
United Republic of Tanzania,2025-06-22,TZA,AFRO,75,0,0,7,0,0
Zambia,2025-06-22,ZMB,AFRO,115,0,3,25,0,0
Argentina,2025-06-23,ARG,AMRO,1317,0,2,1,0,0
Aruba,2025-06-23,ABW,AMRO,3,0,0,0,0,0
Bahamas,2025-06-23,BHS,AMRO,4,0,0,0,0,0
Barbados,2025-06-23,BRB,AMRO,1,0,0,0,0,0
Bermuda,2025-06-23,BMU,AMRO,1,0,0,0,0,0
Bolivia (Plurinational State of),2025-06-23,BOL,AMRO,266,0,0,0,0,0
Brazil,2025-06-23,BRA,AMRO,14407,0,17,17,0,0
Canada,2025-06-23,CAN,AMRO,2169,0,0,11,0,0
Chile,2025-06-23,CHL,AMRO,1673,0,4,4,0,1
China,2025-06-23,CHN,WPRO,3190,0,1,1,0,0
Colombia,2025-06-23,COL,AMRO,4292,0,0,0,0,0
Costa Rica,2025-06-23,CRI,AMRO,231,0,1,0,0,0
Cuba,2025-06-23,CUB,AMRO,8,0,1,0,0,0
Curaçao,2025-06-23,CUW,AMRO,3,0,0,0,0,0
Dominican Republic,2025-06-23,DOM,AMRO,83,0,1,0,0,0
Ecuador,2025-06-23,ECU,AMRO,629,0,3,0,0,0
El Salvador,2025-06-23,SLV,AMRO,106,0,0,0,0,0
Guadeloupe,2025-06-23,GLP,AMRO,1,0,0,0,0,0
Guatemala,2025-06-23,GTM,AMRO,408,0,2,0,0,0
Guyana,2025-06-23,GUY,AMRO,2,0,0,0,0,0
Honduras,2025-06-23,HND,AMRO,44,0,0,0,0,0
Jamaica,2025-06-23,JAM,AMRO,22,0,0,0,0,0
Martinique,2025-06-23,MTQ,AMRO,7,0,0,0,0,0
Mexico,2025-06-23,MEX,AMRO,4599,0,37,16,0,0
Panama,2025-06-23,PAN,AMRO,243,0,1,0,0,0
Paraguay,2025-06-23,PRY,AMRO,130,0,0,0,0,0
Peru,2025-06-23,PER,AMRO,3959,0,26,0,0,0
Saint Martin,2025-06-23,MAF,AMRO,1,0,0,0,0,0
Trinidad and Tobago,2025-06-23,TTO,AMRO,4,0,0,0,0,0
United States of America,2025-06-23,USA,AMRO,35166,0,63,16,0,0
Uruguay,2025-06-23,URY,AMRO,20,0,0,0,0,0
Venezuela (Bolivarian Republic of),2025-06-23,VEN,AMRO,12,0,0,0,0,0
China,2025-06-24,CHN,WPRO,3192,0,1,2,0,0
Lebanon,2025-06-24,LBN,EMRO,30,0,0,1,0,0
Togo,2025-06-24,TGO,AFRO,36,0,0,5,0,0
China,2025-06-26,CHN,WPRO,3193,0,1,1,0,0
Angola,2025-06-29,AGO,AFRO,11,0,0,1,0,0
Australia,2025-06-29,AUS,WPRO,1727,0,0,0,0,0
Burundi,2025-06-29,BDI,AFRO,4055,0,1,30,0,0
Cameroon,2025-06-29,CMR,AFRO,54,0,5,0,0,0
Central African Republic,2025-06-29,CAF,AFRO,151,0,5,6,0,1
Congo,2025-06-29,COG,AFRO,102,0,3,2,0,0
Côte d’Ivoire,2025-06-29,CIV,AFRO,143,0,1,1,0,0
Democratic Republic of the Congo,2025-06-29,COD,AFRO,26321,0,67,372,0,2
Ethiopia,2025-06-29,ETH,AFRO,41,0,1,3,0,0
Gambia,2025-06-29,GMB,AFRO,0,0,0,0,0,0
Ghana,2025-06-29,GHA,AFRO,325,0,4,24,0,0
Guinea,2025-06-29,GIN,AFRO,46,0,0,22,0,0
Kenya,2025-06-29,KEN,AFRO,197,0,4,20,0,1
Liberia,2025-06-29,LBR,AFRO,230,0,0,27,0,0
Malawi,2025-06-29,MWI,AFRO,40,0,0,3,0,0
Nigeria,2025-06-29,NGA,AFRO,1269,0,12,13,0,0
Rwanda,2025-06-29,RWA,AFRO,122,0,0,0,0,0
Sierra Leone,2025-06-29,SLE,AFRO,4481,0,29,187,0,1
South Africa,2025-06-29,ZAF,AFRO,40,0,3,0,0,0
South Sudan,2025-06-29,SSD,AFRO,17,0,0,0,0,0
Uganda,2025-06-29,UGA,AFRO,7230,0,44,232,0,0
United Republic of Tanzania,2025-06-29,TZA,AFRO,83,0,0,8,0,0
Zambia,2025-06-29,ZMB,AFRO,138,0,3,23,0,0
Argentina,2025-06-30,ARG,AMRO,1319,0,2,2,0,0
Aruba,2025-06-30,ABW,AMRO,3,0,0,0,0,0
Australia,2025-06-30,AUS,WPRO,1728,0,0,1,0,0
Bahamas,2025-06-30,BHS,AMRO,4,0,0,0,0,0
Barbados,2025-06-30,BRB,AMRO,1,0,0,0,0,0
Bermuda,2025-06-30,BMU,AMRO,1,0,0,0,0,0
Bolivia (Plurinational State of),2025-06-30,BOL,AMRO,266,0,0,0,0,0
Brazil,2025-06-30,BRA,AMRO,14424,0,17,17,0,0
Canada,2025-06-30,CAN,AMRO,2182,0,0,13,0,0
Chile,2025-06-30,CHL,AMRO,1675,0,4,2,0,0
China,2025-06-30,CHN,WPRO,3295,0,1,102,0,0
Colombia,2025-06-30,COL,AMRO,4293,0,0,1,0,0
Costa Rica,2025-06-30,CRI,AMRO,231,0,1,0,0,0
Cuba,2025-06-30,CUB,AMRO,8,0,1,0,0,0
Curaçao,2025-06-30,CUW,AMRO,3,0,0,0,0,0
Dominican Republic,2025-06-30,DOM,AMRO,83,0,1,0,0,0
Ecuador,2025-06-30,ECU,AMRO,629,0,3,0,0,0
El Salvador,2025-06-30,SLV,AMRO,106,0,0,0,0,0
Guadeloupe,2025-06-30,GLP,AMRO,1,0,0,0,0,0
Guatemala,2025-06-30,GTM,AMRO,410,0,2,2,0,0
Guyana,2025-06-30,GUY,AMRO,2,0,0,0,0,0
Honduras,2025-06-30,HND,AMRO,44,0,0,0,0,0
India,2025-06-30,IND,SEARO,50,0,1,3,0,0
Jamaica,2025-06-30,JAM,AMRO,22,0,0,0,0,0
Martinique,2025-06-30,MTQ,AMRO,7,0,0,0,0,0
Mexico,2025-06-30,MEX,AMRO,4622,0,37,23,0,0
Nepal,2025-06-30,NPL,SEARO,5,0,0,2,0,0
New Zealand,2025-06-30,NZL,WPRO,79,3,0,3,0,0
Panama,2025-06-30,PAN,AMRO,243,0,1,0,0,0
Paraguay,2025-06-30,PRY,AMRO,130,0,0,0,0,0
Peru,2025-06-30,PER,AMRO,3959,0,26,0,0,0
Philippines,2025-06-30,PHL,WPRO,282,0,8,126,0,2
Saint Martin,2025-06-30,MAF,AMRO,1,0,0,0,0,0
Sri Lanka,2025-06-30,LKA,SEARO,4,0,0,0,0,0
Thailand,2025-06-30,THA,SEARO,909,0,13,13,0,0
Trinidad and Tobago,2025-06-30,TTO,AMRO,4,0,0,0,0,0
United States of America,2025-06-30,USA,AMRO,35213,0,63,47,0,0
Uruguay,2025-06-30,URY,AMRO,20,0,0,0,0,0
Venezuela (Bolivarian Republic of),2025-06-30,VEN,AMRO,12,0,0,0,0,0
China,2025-07-01,CHN,WPRO,3299,0,1,4,0,0
Qatar,2025-07-03,QAT,EMRO,13,0,0,0,0,0
Angola,2025-07-06,AGO,AFRO,11,0,0,0,0,0
Australia,2025-07-06,AUS,WPRO,1728,0,0,0,0,0
Burundi,2025-07-06,BDI,AFRO,4105,0,1,50,0,0
Cameroon,2025-07-06,CMR,AFRO,54,0,5,0,0,0
Central African Republic,2025-07-06,CAF,AFRO,154,0,5,3,0,0
Congo,2025-07-06,COG,AFRO,107,0,3,5,0,0
Côte d’Ivoire,2025-07-06,CIV,AFRO,145,0,1,2,0,0
Democratic Republic of the Congo,2025-07-06,COD,AFRO,26714,0,67,393,0,0
Ethiopia,2025-07-06,ETH,AFRO,42,0,1,1,0,0
Gambia,2025-07-06,GMB,AFRO,0,0,0,0,0,0
Ghana,2025-07-06,GHA,AFRO,356,0,4,31,0,0
Guinea,2025-07-06,GIN,AFRO,111,0,0,65,0,0
Kenya,2025-07-06,KEN,AFRO,213,0,4,16,0,0
Liberia,2025-07-06,LBR,AFRO,288,0,0,58,0,0
Malawi,2025-07-06,MWI,AFRO,46,0,0,6,0,0
Mozambique,2025-07-06,MOZ,AFRO,1,0,1,0,0,0
Nigeria,2025-07-06,NGA,AFRO,1282,0,12,13,0,0
Rwanda,2025-07-06,RWA,AFRO,122,0,0,0,0,0
Sierra Leone,2025-07-06,SLE,AFRO,4630,0,32,149,0,3
South Africa,2025-07-06,ZAF,AFRO,40,0,3,0,0,0
South Sudan,2025-07-06,SSD,AFRO,17,0,0,0,0,0
Togo,2025-07-06,TGO,AFRO,40,0,0,4,0,0
Uganda,2025-07-06,UGA,AFRO,7421,0,46,191,0,2
United Republic of Tanzania,2025-07-06,TZA,AFRO,93,0,0,10,0,0
Zambia,2025-07-06,ZMB,AFRO,148,0,3,10,0,0
Argentina,2025-07-07,ARG,AMRO,1331,0,2,12,0,0
Aruba,2025-07-07,ABW,AMRO,3,0,0,0,0,0
Bahamas,2025-07-07,BHS,AMRO,4,0,0,0,0,0
Barbados,2025-07-07,BRB,AMRO,1,0,0,0,0,0
Bermuda,2025-07-07,BMU,AMRO,1,0,0,0,0,0
Bolivia (Plurinational State of),2025-07-07,BOL,AMRO,266,0,0,0,0,0
Brazil,2025-07-07,BRA,AMRO,14444,0,18,20,0,1
Canada,2025-07-07,CAN,AMRO,2194,0,0,12,0,0
Chile,2025-07-07,CHL,AMRO,1677,0,4,2,0,0
Colombia,2025-07-07,COL,AMRO,4294,0,0,1,0,0
Costa Rica,2025-07-07,CRI,AMRO,231,0,1,0,0,0
Cuba,2025-07-07,CUB,AMRO,8,0,1,0,0,0
Curaçao,2025-07-07,CUW,AMRO,3,0,0,0,0,0
Dominican Republic,2025-07-07,DOM,AMRO,83,0,1,0,0,0
Ecuador,2025-07-07,ECU,AMRO,629,0,3,0,0,0
El Salvador,2025-07-07,SLV,AMRO,106,0,0,0,0,0
Guadeloupe,2025-07-07,GLP,AMRO,1,0,0,0,0,0
Guatemala,2025-07-07,GTM,AMRO,410,0,2,0,0,0
Guyana,2025-07-07,GUY,AMRO,2,0,0,0,0,0
Honduras,2025-07-07,HND,AMRO,45,0,0,1,0,0
Jamaica,2025-07-07,JAM,AMRO,22,0,0,0,0,0
Martinique,2025-07-07,MTQ,AMRO,7,0,0,0,0,0
Mexico,2025-07-07,MEX,AMRO,4646,0,38,24,0,1
Panama,2025-07-07,PAN,AMRO,245,0,1,2,0,0
Paraguay,2025-07-07,PRY,AMRO,130,0,0,0,0,0
Peru,2025-07-07,PER,AMRO,3959,0,26,0,0,0
Saint Martin,2025-07-07,MAF,AMRO,1,0,0,0,0,0
Trinidad and Tobago,2025-07-07,TTO,AMRO,4,0,0,0,0,0
United States of America,2025-07-07,USA,AMRO,35277,0,63,64,0,0
Uruguay,2025-07-07,URY,AMRO,20,0,0,0,0,0
Venezuela (Bolivarian Republic of),2025-07-07,VEN,AMRO,12,0,0,0,0,0
Albania,2025-07-08,ALB,EURO,1,0,0,0,0,0
Andorra,2025-07-08,AND,EURO,4,0,0,0,0,0
Austria,2025-07-08,AUT,EURO,378,0,1,1,0,0
Azerbaijan,2025-07-08,AZE,EURO,1,0,0,0,0,0
Belgium,2025-07-08,BEL,EURO,895,0,2,0,0,0
Bosnia and Herzegovina,2025-07-08,BIH,EURO,9,0,0,0,0,0
Bulgaria,2025-07-08,BGR,EURO,11,0,0,0,0,0
China,2025-07-08,CHN,WPRO,3301,0,1,2,0,0
Croatia,2025-07-08,HRV,EURO,39,0,0,1,0,0
Cyprus,2025-07-08,CYP,EURO,6,0,0,0,0,0
Czechia,2025-07-08,CZE,EURO,108,0,1,0,0,0
Denmark,2025-07-08,DNK,EURO,228,0,0,0,0,0
Estonia,2025-07-08,EST,EURO,11,0,0,0,0,0
Finland,2025-07-08,FIN,EURO,43,0,0,0,0,0
France,2025-07-08,FRA,EURO,4508,0,0,0,0,0
Georgia,2025-07-08,GEO,EURO,2,0,0,0,0,0
Germany,2025-07-08,DEU,EURO,4477,0,0,40,0,0
Gibraltar,2025-07-08,GIB,EURO,6,0,0,0,0,0
Greece,2025-07-08,GRC,EURO,159,0,0,1,0,0
Greenland,2025-07-08,GRL,EURO,2,0,0,0,0,0
Hungary,2025-07-08,HUN,EURO,88,0,0,0,0,0
Iceland,2025-07-08,ISL,EURO,17,0,0,0,0,0
Ireland,2025-07-08,IRL,EURO,311,0,0,3,0,0
Israel,2025-07-08,ISR,EURO,368,0,0,0,0,0
Italy,2025-07-08,ITA,EURO,1179,0,0,0,0,0
Kosovo,2025-07-08,XKX,EURO,1,0,0,0,0,0
Latvia,2025-07-08,LVA,EURO,6,0,0,0,0,0
Lithuania,2025-07-08,LTU,EURO,6,0,0,0,0,0
Luxembourg,2025-07-08,LUX,EURO,63,0,0,0,0,0
Malta,2025-07-08,MLT,EURO,49,0,0,0,0,0
Monaco,2025-07-08,MCO,EURO,3,0,0,0,0,0
Montenegro,2025-07-08,MNE,EURO,2,0,0,0,0,0
Netherlands,2025-07-08,NLD,EURO,1538,0,0,14,0,0
North Macedonia,2025-07-08,MKD,EURO,2,0,0,0,0,0
Norway,2025-07-08,NOR,EURO,127,0,0,0,0,0
Poland,2025-07-08,POL,EURO,248,0,0,0,0,0
Portugal,2025-07-08,PRT,EURO,1237,0,2,0,0,0
Republic of Moldova,2025-07-08,MDA,EURO,2,0,0,0,0,0
Romania,2025-07-08,ROU,EURO,50,0,0,0,0,0
Russian Federation,2025-07-08,RUS,EURO,4,0,0,0,0,0
San Marino,2025-07-08,SMR,EURO,1,0,0,0,0,0
Serbia,2025-07-08,SRB,EURO,40,0,0,0,0,0
Slovakia,2025-07-08,SVK,EURO,19,0,0,0,0,0
Slovenia,2025-07-08,SVN,EURO,48,0,0,1,0,0
Spain,2025-07-08,ESP,EURO,8863,0,4,29,0,0
Sweden,2025-07-08,SWE,EURO,370,0,0,2,0,0
Switzerland,2025-07-08,CHE,EURO,641,0,0,0,0,0
The United Kingdom,2025-07-08,GBR,EURO,4319,0,0,31,0,0
Türkiye,2025-07-08,TUR,EURO,67,0,0,29,0,0
Ukraine,2025-07-08,UKR,EURO,5,0,0,0,0,0
Singapore,2025-07-11,SGP,WPRO,78,0,0,2,0,0
Angola,2025-07-13,AGO,AFRO,12,0,0,1,0,0
Burundi,2025-07-13,BDI,AFRO,4148,0,1,43,0,0
Cameroon,2025-07-13,CMR,AFRO,55,0,5,1,0,0
Central African Republic,2025-07-13,CAF,AFRO,156,0,5,2,0,0
Congo,2025-07-13,COG,AFRO,110,0,3,3,0,0
Côte d’Ivoire,2025-07-13,CIV,AFRO,157,0,2,12,0,1
Democratic Republic of the Congo,2025-07-13,COD,AFRO,27051,0,69,337,0,2
Ethiopia,2025-07-13,ETH,AFRO,43,0,1,1,0,0
Gambia,2025-07-13,GMB,AFRO,0,0,0,0,0,0
Ghana,2025-07-13,GHA,AFRO,383,0,5,27,0,1
Guinea,2025-07-13,GIN,AFRO,192,0,0,81,0,0
Kenya,2025-07-13,KEN,AFRO,240,0,5,27,0,1
Liberia,2025-07-13,LBR,AFRO,352,0,0,64,0,0
Malawi,2025-07-13,MWI,AFRO,49,0,0,3,0,0
Mozambique,2025-07-13,MOZ,AFRO,5,0,1,4,0,0
Nigeria,2025-07-13,NGA,AFRO,1291,0,13,9,0,1
Rwanda,2025-07-13,RWA,AFRO,124,0,0,2,0,0
Sierra Leone,2025-07-13,SLE,AFRO,4791,0,39,161,0,7
South Africa,2025-07-13,ZAF,AFRO,40,0,3,0,0,0
South Sudan,2025-07-13,SSD,AFRO,20,0,0,3,0,0
Togo,2025-07-13,TGO,AFRO,47,0,0,7,0,0
Uganda,2025-07-13,UGA,AFRO,7529,0,47,108,0,1
United Republic of Tanzania,2025-07-13,TZA,AFRO,100,0,0,7,0,0
Zambia,2025-07-13,ZMB,AFRO,155,0,3,7,0,0
Argentina,2025-07-14,ARG,AMRO,1336,0,2,5,0,0
Aruba,2025-07-14,ABW,AMRO,3,0,0,0,0,0
Bahamas,2025-07-14,BHS,AMRO,4,0,0,0,0,0
Barbados,2025-07-14,BRB,AMRO,1,0,0,0,0,0
Bermuda,2025-07-14,BMU,AMRO,1,0,0,0,0,0
Bolivia (Plurinational State of),2025-07-14,BOL,AMRO,266,0,0,0,0,0
Brazil,2025-07-14,BRA,AMRO,14464,0,18,20,0,0
Canada,2025-07-14,CAN,AMRO,2200,0,0,6,0,0
Chile,2025-07-14,CHL,AMRO,1679,0,4,2,0,0
Colombia,2025-07-14,COL,AMRO,4297,0,0,3,0,0
Costa Rica,2025-07-14,CRI,AMRO,231,0,1,0,0,0
Cuba,2025-07-14,CUB,AMRO,8,0,1,0,0,0
Curaçao,2025-07-14,CUW,AMRO,3,0,0,0,0,0
Dominican Republic,2025-07-14,DOM,AMRO,83,0,1,0,0,0
Ecuador,2025-07-14,ECU,AMRO,629,0,3,0,0,0
El Salvador,2025-07-14,SLV,AMRO,106,0,0,0,0,0
Guadeloupe,2025-07-14,GLP,AMRO,1,0,0,0,0,0
Guatemala,2025-07-14,GTM,AMRO,410,0,2,0,0,0
Guyana,2025-07-14,GUY,AMRO,2,0,0,0,0,0
Honduras,2025-07-14,HND,AMRO,46,0,0,1,0,0
Jamaica,2025-07-14,JAM,AMRO,22,0,0,0,0,0
Martinique,2025-07-14,MTQ,AMRO,7,0,0,0,0,0
Mexico,2025-07-14,MEX,AMRO,4678,0,38,32,0,0
Panama,2025-07-14,PAN,AMRO,246,0,1,1,0,0
Paraguay,2025-07-14,PRY,AMRO,130,0,0,0,0,0
Peru,2025-07-14,PER,AMRO,3959,0,26,0,0,0
Saint Martin,2025-07-14,MAF,AMRO,1,0,0,0,0,0
Trinidad and Tobago,2025-07-14,TTO,AMRO,4,0,0,0,0,0
United States of America,2025-07-14,USA,AMRO,35330,0,63,53,0,0
Uruguay,2025-07-14,URY,AMRO,20,0,0,0,0,0
Venezuela (Bolivarian Republic of),2025-07-14,VEN,AMRO,12,0,0,0,0,0
China,2025-07-16,CHN,WPRO,3302,0,1,1,0,0
New Zealand,2025-07-16,NZL,WPRO,79,3,0,0,0,0
Republic of Korea,2025-07-17,KOR,WPRO,176,0,0,1,0,0
Angola,2025-07-20,AGO,AFRO,12,0,0,0,0,0
Burundi,2025-07-20,BDI,AFRO,4189,0,1,41,0,0
Cameroon,2025-07-20,CMR,AFRO,57,0,5,2,0,0
Central African Republic,2025-07-20,CAF,AFRO,156,0,5,0,0,0
Congo,2025-07-20,COG,AFRO,112,0,3,2,0,0
Côte d’Ivoire,2025-07-20,CIV,AFRO,157,0,2,0,0,0
Democratic Republic of the Congo,2025-07-20,COD,AFRO,27425,0,69,374,0,0
Ethiopia,2025-07-20,ETH,AFRO,43,0,1,0,0,0
Gambia,2025-07-20,GMB,AFRO,1,0,0,1,0,0
Ghana,2025-07-20,GHA,AFRO,401,0,5,18,0,0
Guinea,2025-07-20,GIN,AFRO,313,0,2,121,0,2
Kenya,2025-07-20,KEN,AFRO,256,0,5,16,0,0
Liberia,2025-07-20,LBR,AFRO,395,0,0,43,0,0
Malawi,2025-07-20,MWI,AFRO,58,0,0,9,0,0
Mozambique,2025-07-20,MOZ,AFRO,10,0,1,5,0,0
Nigeria,2025-07-20,NGA,AFRO,1296,0,13,5,0,0
Rwanda,2025-07-20,RWA,AFRO,124,0,0,0,0,0
Sierra Leone,2025-07-20,SLE,AFRO,4927,0,44,136,0,5
South Africa,2025-07-20,ZAF,AFRO,40,0,3,0,0,0
South Sudan,2025-07-20,SSD,AFRO,20,0,0,0,0,0
Togo,2025-07-20,TGO,AFRO,49,0,0,2,0,0
Uganda,2025-07-20,UGA,AFRO,7603,0,48,74,0,1
United Republic of Tanzania,2025-07-20,TZA,AFRO,108,0,0,8,0,0
Zambia,2025-07-20,ZMB,AFRO,172,0,3,17,0,0
Argentina,2025-07-21,ARG,AMRO,1339,0,2,3,0,0
Aruba,2025-07-21,ABW,AMRO,3,0,0,0,0,0
Bahamas,2025-07-21,BHS,AMRO,4,0,0,0,0,0
Barbados,2025-07-21,BRB,AMRO,1,0,0,0,0,0
Bermuda,2025-07-21,BMU,AMRO,1,0,0,0,0,0
Bolivia (Plurinational State of),2025-07-21,BOL,AMRO,266,0,0,0,0,0
Brazil,2025-07-21,BRA,AMRO,14482,0,18,18,0,0
Canada,2025-07-21,CAN,AMRO,2208,0,0,8,0,0
Chile,2025-07-21,CHL,AMRO,1682,0,4,3,0,0
Colombia,2025-07-21,COL,AMRO,4302,0,0,5,0,0
Costa Rica,2025-07-21,CRI,AMRO,231,0,1,0,0,0
Cuba,2025-07-21,CUB,AMRO,8,0,1,0,0,0
Curaçao,2025-07-21,CUW,AMRO,3,0,0,0,0,0
Dominican Republic,2025-07-21,DOM,AMRO,83,0,1,0,0,0
Ecuador,2025-07-21,ECU,AMRO,629,0,3,0,0,0
El Salvador,2025-07-21,SLV,AMRO,106,0,0,0,0,0
Guadeloupe,2025-07-21,GLP,AMRO,1,0,0,0,0,0
Guatemala,2025-07-21,GTM,AMRO,410,0,2,0,0,0
Guyana,2025-07-21,GUY,AMRO,2,0,0,0,0,0
Honduras,2025-07-21,HND,AMRO,47,0,0,1,0,0
Jamaica,2025-07-21,JAM,AMRO,22,0,0,0,0,0
Martinique,2025-07-21,MTQ,AMRO,7,0,0,0,0,0
Mexico,2025-07-21,MEX,AMRO,4705,0,38,27,0,0
Panama,2025-07-21,PAN,AMRO,248,0,1,2,0,0
Paraguay,2025-07-21,PRY,AMRO,130,0,0,0,0,0
Peru,2025-07-21,PER,AMRO,3959,0,26,0,0,0
Saint Martin,2025-07-21,MAF,AMRO,1,0,0,0,0,0
Trinidad and Tobago,2025-07-21,TTO,AMRO,4,0,0,0,0,0
United States of America,2025-07-21,USA,AMRO,35388,0,63,58,0,0
Uruguay,2025-07-21,URY,AMRO,20,0,0,0,0,0
Venezuela (Bolivarian Republic of),2025-07-21,VEN,AMRO,12,0,0,0,0,0
China,2025-07-22,CHN,WPRO,3309,0,1,7,0,0
Angola,2025-07-27,AGO,AFRO,12,0,0,0,0,0
Burundi,2025-07-27,BDI,AFRO,4242,0,1,53,0,0
Cameroon,2025-07-27,CMR,AFRO,57,0,5,0,0,0
Central African Republic,2025-07-27,CAF,AFRO,156,0,6,0,0,1
Congo,2025-07-27,COG,AFRO,115,0,3,3,0,0
Côte d’Ivoire,2025-07-27,CIV,AFRO,160,0,2,3,0,0
Democratic Republic of the Congo,2025-07-27,COD,AFRO,27850,0,70,425,0,1
Ethiopia,2025-07-27,ETH,AFRO,44,0,1,1,0,0
Gambia,2025-07-27,GMB,AFRO,1,0,0,0,0,0
Ghana,2025-07-27,GHA,AFRO,433,0,5,32,0,0
Guinea,2025-07-27,GIN,AFRO,438,0,2,125,0,0
Kenya,2025-07-27,KEN,AFRO,281,0,5,25,0,0
Liberia,2025-07-27,LBR,AFRO,433,0,0,38,0,0
Malawi,2025-07-27,MWI,AFRO,60,0,0,2,0,0
Mozambique,2025-07-27,MOZ,AFRO,18,0,1,8,0,0
Nigeria,2025-07-27,NGA,AFRO,1300,0,13,4,0,0
Rwanda,2025-07-27,RWA,AFRO,124,0,0,0,0,0
Sierra Leone,2025-07-27,SLE,AFRO,5019,0,46,92,0,2
South Africa,2025-07-27,ZAF,AFRO,41,0,3,1,0,0
South Sudan,2025-07-27,SSD,AFRO,20,0,0,0,0,0
Togo,2025-07-27,TGO,AFRO,54,0,0,5,0,0
Uganda,2025-07-27,UGA,AFRO,7727,0,48,124,0,0
United Republic of Tanzania,2025-07-27,TZA,AFRO,111,0,0,3,0,0
Zambia,2025-07-27,ZMB,AFRO,179,0,3,7,0,0
Argentina,2025-07-28,ARG,AMRO,1344,0,2,5,0,0
Aruba,2025-07-28,ABW,AMRO,3,0,0,0,0,0
Bahamas,2025-07-28,BHS,AMRO,4,0,0,0,0,0
Barbados,2025-07-28,BRB,AMRO,1,0,0,0,0,0
Bermuda,2025-07-28,BMU,AMRO,1,0,0,0,0,0
Bolivia (Plurinational State of),2025-07-28,BOL,AMRO,266,0,0,0,0,0
Brazil,2025-07-28,BRA,AMRO,14495,0,18,13,0,0
Canada,2025-07-28,CAN,AMRO,2215,0,0,7,0,0
Chile,2025-07-28,CHL,AMRO,1685,0,4,3,0,0
Colombia,2025-07-28,COL,AMRO,4304,0,0,2,0,0
Costa Rica,2025-07-28,CRI,AMRO,231,0,1,0,0,0
Cuba,2025-07-28,CUB,AMRO,8,0,1,0,0,0
Curaçao,2025-07-28,CUW,AMRO,3,0,0,0,0,0
Dominican Republic,2025-07-28,DOM,AMRO,83,0,1,0,0,0
Ecuador,2025-07-28,ECU,AMRO,629,0,3,0,0,0
El Salvador,2025-07-28,SLV,AMRO,106,0,0,0,0,0
Guadeloupe,2025-07-28,GLP,AMRO,1,0,0,0,0,0
Guatemala,2025-07-28,GTM,AMRO,410,0,2,0,0,0
Guyana,2025-07-28,GUY,AMRO,2,0,0,0,0,0
Honduras,2025-07-28,HND,AMRO,47,0,0,0,0,0
Jamaica,2025-07-28,JAM,AMRO,22,0,0,0,0,0
Martinique,2025-07-28,MTQ,AMRO,7,0,0,0,0,0
Mexico,2025-07-28,MEX,AMRO,4726,0,38,21,0,0
Panama,2025-07-28,PAN,AMRO,251,0,1,3,0,0
Paraguay,2025-07-28,PRY,AMRO,130,0,0,0,0,0
Peru,2025-07-28,PER,AMRO,3959,0,26,0,0,0
Philippines,2025-07-28,PHL,WPRO,282,0,8,0,0,0
Saint Martin,2025-07-28,MAF,AMRO,1,0,0,0,0,0
Trinidad and Tobago,2025-07-28,TTO,AMRO,4,0,0,0,0,0
United States of America,2025-07-28,USA,AMRO,35445,0,63,57,0,0
Uruguay,2025-07-28,URY,AMRO,20,0,0,0,0,0
Venezuela (Bolivarian Republic of),2025-07-28,VEN,AMRO,12,0,0,0,0,0
China,2025-07-29,CHN,WPRO,3312,0,1,3,0,0
Australia,2025-07-31,AUS,WPRO,1740,0,0,12,0,0
China,2025-07-31,CHN,WPRO,3447,0,1,135,0,0
India,2025-07-31,IND,SEARO,51,0,1,1,0,0
Nepal,2025-07-31,NPL,SEARO,5,0,0,0,0,0
New Zealand,2025-07-31,NZL,WPRO,95,3,0,16,0,0
Philippines,2025-07-31,PHL,WPRO,314,0,8,32,0,0
Republic of Korea,2025-07-31,KOR,WPRO,177,0,0,1,0,0
Sri Lanka,2025-07-31,LKA,SEARO,4,0,0,0,0,0
Thailand,2025-07-31,THA,SEARO,925,0,13,16,0,0
Angola,2025-08-03,AGO,AFRO,12,0,0,0,0,0
Burundi,2025-08-03,BDI,AFRO,4274,0,1,32,0,0
Cameroon,2025-08-03,CMR,AFRO,59,0,5,2,0,0
Central African Republic,2025-08-03,CAF,AFRO,160,0,6,4,0,0
Congo,2025-08-03,COG,AFRO,117,0,3,2,0,0
Côte d’Ivoire,2025-08-03,CIV,AFRO,162,0,2,2,0,0
Democratic Republic of the Congo,2025-08-03,COD,AFRO,28212,0,70,362,0,0
Ethiopia,2025-08-03,ETH,AFRO,44,0,1,0,0,0
Gambia,2025-08-03,GMB,AFRO,1,0,0,0,0,0
Ghana,2025-08-03,GHA,AFRO,456,0,5,23,0,0
Guinea,2025-08-03,GIN,AFRO,513,0,2,75,0,0
Kenya,2025-08-03,KEN,AFRO,314,0,6,33,0,1
Liberia,2025-08-03,LBR,AFRO,479,0,0,46,0,0
Malawi,2025-08-03,MWI,AFRO,61,0,0,1,0,0
Mozambique,2025-08-03,MOZ,AFRO,29,0,1,11,0,0
Nigeria,2025-08-03,NGA,AFRO,1310,0,13,10,0,0
Rwanda,2025-08-03,RWA,AFRO,127,0,0,3,0,0
Sierra Leone,2025-08-03,SLE,AFRO,5072,0,48,53,0,2
South Africa,2025-08-03,ZAF,AFRO,41,0,3,0,0,0
South Sudan,2025-08-03,SSD,AFRO,20,0,0,0,0,0
Togo,2025-08-03,TGO,AFRO,57,0,0,3,0,0
Uganda,2025-08-03,UGA,AFRO,7810,0,48,83,0,0
United Republic of Tanzania,2025-08-03,TZA,AFRO,119,0,0,8,0,0
Zambia,2025-08-03,ZMB,AFRO,185,0,3,6,0,0
Argentina,2025-08-04,ARG,AMRO,1348,0,2,4,0,0
Aruba,2025-08-04,ABW,AMRO,3,0,0,0,0,0
Bahamas,2025-08-04,BHS,AMRO,4,0,0,0,0,0
Barbados,2025-08-04,BRB,AMRO,1,0,0,0,0,0
Bermuda,2025-08-04,BMU,AMRO,1,0,0,0,0,0
Bolivia (Plurinational State of),2025-08-04,BOL,AMRO,266,0,0,0,0,0
Brazil,2025-08-04,BRA,AMRO,14524,0,18,29,0,0
Canada,2025-08-04,CAN,AMRO,2221,0,0,6,0,0
Chile,2025-08-04,CHL,AMRO,1686,0,4,1,0,0
Colombia,2025-08-04,COL,AMRO,4309,0,0,5,0,0
Costa Rica,2025-08-04,CRI,AMRO,232,0,1,1,0,0
Cuba,2025-08-04,CUB,AMRO,8,0,1,0,0,0
Curaçao,2025-08-04,CUW,AMRO,3,0,0,0,0,0
Dominican Republic,2025-08-04,DOM,AMRO,83,0,1,0,0,0
Ecuador,2025-08-04,ECU,AMRO,629,0,3,0,0,0
El Salvador,2025-08-04,SLV,AMRO,106,0,0,0,0,0
Guadeloupe,2025-08-04,GLP,AMRO,1,0,0,0,0,0
Guatemala,2025-08-04,GTM,AMRO,410,0,2,0,0,0
Guyana,2025-08-04,GUY,AMRO,2,0,0,0,0,0
Honduras,2025-08-04,HND,AMRO,47,0,0,0,0,0
Jamaica,2025-08-04,JAM,AMRO,22,0,0,0,0,0
Martinique,2025-08-04,MTQ,AMRO,7,0,0,0,0,0
Mexico,2025-08-04,MEX,AMRO,4746,0,38,20,0,0
Panama,2025-08-04,PAN,AMRO,252,0,1,1,0,0
Paraguay,2025-08-04,PRY,AMRO,130,0,0,0,0,0
Peru,2025-08-04,PER,AMRO,3960,0,26,1,0,0
Qatar,2025-08-04,QAT,EMRO,13,0,0,0,0,0
Saint Martin,2025-08-04,MAF,AMRO,1,0,0,0,0,0
Trinidad and Tobago,2025-08-04,TTO,AMRO,4,0,0,0,0,0
United States of America,2025-08-04,USA,AMRO,35518,0,63,73,0,0
Uruguay,2025-08-04,URY,AMRO,20,0,0,0,0,0
Venezuela (Bolivarian Republic of),2025-08-04,VEN,AMRO,12,0,0,0,0,0
Kuwait,2025-08-06,KWT,EMRO,2,0,0,2,0,0
Republic of Korea,2025-08-07,KOR,WPRO,179,0,0,2,0,0
Burundi,2025-08-08,BDI,AFRO,4319,0,1,45,0,0
Japan,2025-08-08,JPN,WPRO,255,0,1,2,0,0
Qatar,2025-08-08,QAT,EMRO,14,0,0,1,0,0
Singapore,2025-08-08,SGP,WPRO,79,0,0,1,0,0
Angola,2025-08-10,AGO,AFRO,12,0,0,0,0,0
Cameroon,2025-08-10,CMR,AFRO,59,0,5,0,0,0
Central African Republic,2025-08-10,CAF,AFRO,163,0,7,3,0,1
Congo,2025-08-10,COG,AFRO,119,0,3,2,0,0
Côte d’Ivoire,2025-08-10,CIV,AFRO,167,0,2,5,0,0
Democratic Republic of the Congo,2025-08-10,COD,AFRO,28596,0,70,384,0,0
Ethiopia,2025-08-10,ETH,AFRO,46,0,1,2,0,0
Ghana,2025-08-10,GHA,AFRO,500,0,5,44,0,0
Guinea,2025-08-10,GIN,AFRO,631,0,2,118,0,0
Kenya,2025-08-10,KEN,AFRO,350,0,6,36,0,0
Liberia,2025-08-10,LBR,AFRO,529,0,0,50,0,0
Malawi,2025-08-10,MWI,AFRO,66,0,1,5,0,1
Mozambique,2025-08-10,MOZ,AFRO,39,0,1,10,0,0
Nigeria,2025-08-10,NGA,AFRO,1323,0,13,13,0,0
Rwanda,2025-08-10,RWA,AFRO,127,0,0,0,0,0
Sierra Leone,2025-08-10,SLE,AFRO,5114,0,50,42,0,2
South Africa,2025-08-10,ZAF,AFRO,41,0,3,0,0,0
South Sudan,2025-08-10,SSD,AFRO,20,0,0,0,0,0
Togo,2025-08-10,TGO,AFRO,58,0,0,1,0,0
Uganda,2025-08-10,UGA,AFRO,7882,0,48,72,0,0
United Republic of Tanzania,2025-08-10,TZA,AFRO,125,0,0,6,0,0
Zambia,2025-08-10,ZMB,AFRO,196,0,3,11,0,0
Albania,2025-08-11,ALB,EURO,1,0,0,0,0,0
Andorra,2025-08-11,AND,EURO,4,0,0,0,0,0
Argentina,2025-08-11,ARG,AMRO,1352,0,2,4,0,0
Aruba,2025-08-11,ABW,AMRO,3,0,0,0,0,0
Austria,2025-08-11,AUT,EURO,381,0,1,3,0,0
Azerbaijan,2025-08-11,AZE,EURO,1,0,0,0,0,0
Bahamas,2025-08-11,BHS,AMRO,4,0,0,0,0,0
Barbados,2025-08-11,BRB,AMRO,1,0,0,0,0,0
Belgium,2025-08-11,BEL,EURO,907,0,2,12,0,0
Bermuda,2025-08-11,BMU,AMRO,1,0,0,0,0,0
Bolivia (Plurinational State of),2025-08-11,BOL,AMRO,267,0,0,1,0,0
Bosnia and Herzegovina,2025-08-11,BIH,EURO,9,0,0,0,0,0
Brazil,2025-08-11,BRA,AMRO,14543,0,18,19,0,0
Bulgaria,2025-08-11,BGR,EURO,11,0,0,0,0,0
Canada,2025-08-11,CAN,AMRO,2229,0,0,8,0,0
Chile,2025-08-11,CHL,AMRO,1689,0,4,3,0,0
Colombia,2025-08-11,COL,AMRO,4316,0,0,7,0,0
Costa Rica,2025-08-11,CRI,AMRO,232,0,1,0,0,0
Croatia,2025-08-11,HRV,EURO,39,0,0,0,0,0
Cuba,2025-08-11,CUB,AMRO,8,0,1,0,0,0
Curaçao,2025-08-11,CUW,AMRO,3,0,0,0,0,0
Cyprus,2025-08-11,CYP,EURO,6,0,0,0,0,0
Czechia,2025-08-11,CZE,EURO,109,0,1,1,0,0
Denmark,2025-08-11,DNK,EURO,229,0,0,1,0,0
Dominican Republic,2025-08-11,DOM,AMRO,83,0,1,0,0,0
Ecuador,2025-08-11,ECU,AMRO,629,0,3,0,0,0
El Salvador,2025-08-11,SLV,AMRO,106,0,0,0,0,0
Estonia,2025-08-11,EST,EURO,11,0,0,0,0,0
Finland,2025-08-11,FIN,EURO,43,0,0,0,0,0
France,2025-08-11,FRA,EURO,4528,0,0,20,0,0
Georgia,2025-08-11,GEO,EURO,2,0,0,0,0,0
Germany,2025-08-11,DEU,EURO,4499,0,0,22,0,0
Gibraltar,2025-08-11,GIB,EURO,6,0,0,0,0,0
Greece,2025-08-11,GRC,EURO,160,0,0,1,0,0
Greenland,2025-08-11,GRL,EURO,2,0,0,0,0,0
Guadeloupe,2025-08-11,GLP,AMRO,1,0,0,0,0,0
Guatemala,2025-08-11,GTM,AMRO,410,0,2,0,0,0
Guyana,2025-08-11,GUY,AMRO,2,0,0,0,0,0
Honduras,2025-08-11,HND,AMRO,48,0,0,1,0,0
Hungary,2025-08-11,HUN,EURO,88,0,0,0,0,0
Iceland,2025-08-11,ISL,EURO,17,0,0,0,0,0
Ireland,2025-08-11,IRL,EURO,315,0,0,4,0,0
Israel,2025-08-11,ISR,EURO,377,0,0,9,0,0
Italy,2025-08-11,ITA,EURO,1179,0,0,0,0,0
Jamaica,2025-08-11,JAM,AMRO,22,0,0,0,0,0
Kosovo,2025-08-11,XKX,EURO,1,0,0,0,0,0
Latvia,2025-08-11,LVA,EURO,6,0,0,0,0,0
Lithuania,2025-08-11,LTU,EURO,6,0,0,0,0,0
Luxembourg,2025-08-11,LUX,EURO,64,0,0,1,0,0
Malta,2025-08-11,MLT,EURO,49,0,0,0,0,0
Martinique,2025-08-11,MTQ,AMRO,7,0,0,0,0,0
Mexico,2025-08-11,MEX,AMRO,4777,0,38,31,0,0
Monaco,2025-08-11,MCO,EURO,3,0,0,0,0,0
Montenegro,2025-08-11,MNE,EURO,2,0,0,0,0,0
Netherlands,2025-08-11,NLD,EURO,1545,0,0,7,0,0
New Zealand,2025-08-11,NZL,WPRO,95,3,0,0,0,0
North Macedonia,2025-08-11,MKD,EURO,2,0,0,0,0,0
Norway,2025-08-11,NOR,EURO,129,0,0,2,0,0
Panama,2025-08-11,PAN,AMRO,252,0,1,0,0,0
Paraguay,2025-08-11,PRY,AMRO,130,0,0,0,0,0
Peru,2025-08-11,PER,AMRO,3963,0,26,3,0,0
Poland,2025-08-11,POL,EURO,248,0,0,0,0,0
Portugal,2025-08-11,PRT,EURO,1252,0,2,15,0,0
Republic of Moldova,2025-08-11,MDA,EURO,2,0,0,0,0,0
Romania,2025-08-11,ROU,EURO,51,0,0,1,0,0
Russian Federation,2025-08-11,RUS,EURO,4,0,0,0,0,0
Saint Martin,2025-08-11,MAF,AMRO,1,0,0,0,0,0
San Marino,2025-08-11,SMR,EURO,1,0,0,0,0,0
Serbia,2025-08-11,SRB,EURO,40,0,0,0,0,0
Slovakia,2025-08-11,SVK,EURO,19,0,0,0,0,0
Slovenia,2025-08-11,SVN,EURO,48,0,0,0,0,0
Spain,2025-08-11,ESP,EURO,8939,0,4,76,0,0
Sweden,2025-08-11,SWE,EURO,373,0,0,3,0,0
Switzerland,2025-08-11,CHE,EURO,644,0,0,3,0,0
The United Kingdom,2025-08-11,GBR,EURO,4337,0,0,18,0,0
Trinidad and Tobago,2025-08-11,TTO,AMRO,4,0,0,0,0,0
Türkiye,2025-08-11,TUR,EURO,71,0,0,4,0,0
Ukraine,2025-08-11,UKR,EURO,5,0,0,0,0,0
United States of America,2025-08-11,USA,AMRO,35607,0,63,89,0,0
Uruguay,2025-08-11,URY,AMRO,20,0,0,0,0,0
Venezuela (Bolivarian Republic of),2025-08-11,VEN,AMRO,12,0,0,0,0,0
Qatar,2025-08-14,QAT,EMRO,15,0,0,1,0,0
Singapore,2025-08-15,SGP,WPRO,80,0,0,1,0,0
Angola,2025-08-17,AGO,AFRO,12,0,0,0,0,0
Burundi,2025-08-17,BDI,AFRO,4350,0,1,31,0,0
Cameroon,2025-08-17,CMR,AFRO,59,0,5,0,0,0
Central African Republic,2025-08-17,CAF,AFRO,164,0,7,1,0,0
Congo,2025-08-17,COG,AFRO,120,0,3,1,0,0
Côte d’Ivoire,2025-08-17,CIV,AFRO,171,0,2,4,0,0
Democratic Republic of the Congo,2025-08-17,COD,AFRO,28860,0,71,264,0,1
Ethiopia,2025-08-17,ETH,AFRO,47,0,1,1,0,0
Ghana,2025-08-17,GHA,AFRO,537,0,5,37,0,0
Guinea,2025-08-17,GIN,AFRO,733,0,2,102,0,0
Kenya,2025-08-17,KEN,AFRO,370,0,6,20,0,0
Liberia,2025-08-17,LBR,AFRO,579,0,1,50,0,1
Malawi,2025-08-17,MWI,AFRO,70,0,1,4,0,0
Mozambique,2025-08-17,MOZ,AFRO,39,0,1,0,0,0
Nigeria,2025-08-17,NGA,AFRO,1332,0,13,9,0,0
Rwanda,2025-08-17,RWA,AFRO,127,0,0,0,0,0
Senegal,2025-08-17,SEN,AFRO,0,0,0,0,0,0
Sierra Leone,2025-08-17,SLE,AFRO,5149,0,52,35,0,2
South Africa,2025-08-17,ZAF,AFRO,41,0,3,0,0,0
South Sudan,2025-08-17,SSD,AFRO,21,0,0,1,0,0
Togo,2025-08-17,TGO,AFRO,61,0,0,3,0,0
Uganda,2025-08-17,UGA,AFRO,7897,0,48,15,0,0
United Republic of Tanzania,2025-08-17,TZA,AFRO,133,0,0,8,0,0
Zambia,2025-08-17,ZMB,AFRO,211,0,3,15,0,0
Argentina,2025-08-18,ARG,AMRO,1355,0,2,3,0,0
Aruba,2025-08-18,ABW,AMRO,3,0,0,0,0,0
Bahamas,2025-08-18,BHS,AMRO,4,0,0,0,0,0
Barbados,2025-08-18,BRB,AMRO,1,0,0,0,0,0
Bermuda,2025-08-18,BMU,AMRO,1,0,0,0,0,0
Bolivia (Plurinational State of),2025-08-18,BOL,AMRO,267,0,0,0,0,0
Brazil,2025-08-18,BRA,AMRO,14557,0,18,14,0,0
Canada,2025-08-18,CAN,AMRO,2233,0,0,4,0,0
Chile,2025-08-18,CHL,AMRO,1693,0,4,4,0,0
Colombia,2025-08-18,COL,AMRO,4323,0,0,7,0,0
Costa Rica,2025-08-18,CRI,AMRO,232,0,1,0,0,0
Cuba,2025-08-18,CUB,AMRO,8,0,1,0,0,0
Curaçao,2025-08-18,CUW,AMRO,3,0,0,0,0,0
Dominican Republic,2025-08-18,DOM,AMRO,83,0,1,0,0,0
Ecuador,2025-08-18,ECU,AMRO,629,0,3,0,0,0
El Salvador,2025-08-18,SLV,AMRO,106,0,0,0,0,0
Guadeloupe,2025-08-18,GLP,AMRO,1,0,0,0,0,0
Guatemala,2025-08-18,GTM,AMRO,410,0,2,0,0,0
Guyana,2025-08-18,GUY,AMRO,2,0,0,0,0,0
Honduras,2025-08-18,HND,AMRO,48,0,0,0,0,0
Jamaica,2025-08-18,JAM,AMRO,22,0,0,0,0,0
Martinique,2025-08-18,MTQ,AMRO,7,0,0,0,0,0
Mexico,2025-08-18,MEX,AMRO,4804,0,38,27,0,0
Panama,2025-08-18,PAN,AMRO,252,0,1,0,0,0
Paraguay,2025-08-18,PRY,AMRO,130,0,0,0,0,0
Peru,2025-08-18,PER,AMRO,3963,0,26,0,0,0
Saint Martin,2025-08-18,MAF,AMRO,1,0,0,0,0,0
Trinidad and Tobago,2025-08-18,TTO,AMRO,4,0,0,0,0,0
United States of America,2025-08-18,USA,AMRO,35674,0,63,67,0,0
Uruguay,2025-08-18,URY,AMRO,20,0,0,0,0,0
Venezuela (Bolivarian Republic of),2025-08-18,VEN,AMRO,12,0,0,0,0,0
China,2025-08-19,CHN,WPRO,3448,0,1,1,0,0
Republic of Korea,2025-08-21,KOR,WPRO,180,0,0,1,0,0
Saudi Arabia,2025-08-22,SAU,EMRO,765,0,0,1,0,0
Pakistan,2025-08-23,PAK,EMRO,31,0,1,1,0,0
Angola,2025-08-24,AGO,AFRO,12,0,0,0,0,0
Burundi,2025-08-24,BDI,AFRO,4384,0,1,34,0,0
Cameroon,2025-08-24,CMR,AFRO,59,0,5,0,0,0
Central African Republic,2025-08-24,CAF,AFRO,169,0,7,5,0,0
Congo,2025-08-24,COG,AFRO,122,0,3,2,0,0
Côte d’Ivoire,2025-08-24,CIV,AFRO,175,0,2,4,0,0
Democratic Republic of the Congo,2025-08-24,COD,AFRO,29193,0,73,333,0,2
Ethiopia,2025-08-24,ETH,AFRO,48,0,1,1,0,0
Ghana,2025-08-24,GHA,AFRO,572,0,5,35,0,0
Guinea,2025-08-24,GIN,AFRO,797,0,2,64,0,0
Kenya,2025-08-24,KEN,AFRO,401,0,6,31,0,0
Liberia,2025-08-24,LBR,AFRO,617,0,1,38,0,0
Malawi,2025-08-24,MWI,AFRO,80,0,1,10,0,0
Mozambique,2025-08-24,MOZ,AFRO,66,0,1,27,0,0
Nigeria,2025-08-24,NGA,AFRO,1362,0,13,30,0,0
Rwanda,2025-08-24,RWA,AFRO,127,0,0,0,0,0
Senegal,2025-08-24,SEN,AFRO,1,0,0,1,0,0
Sierra Leone,2025-08-24,SLE,AFRO,5197,0,52,48,0,0
South Africa,2025-08-24,ZAF,AFRO,41,0,3,0,0,0
South Sudan,2025-08-24,SSD,AFRO,21,0,0,0,0,0
Togo,2025-08-24,TGO,AFRO,69,0,0,8,0,0
Uganda,2025-08-24,UGA,AFRO,7929,0,48,32,0,0
United Republic of Tanzania,2025-08-24,TZA,AFRO,141,0,0,8,0,0
Zambia,2025-08-24,ZMB,AFRO,218,0,3,7,0,0
Argentina,2025-08-25,ARG,AMRO,1360,0,2,5,0,0
Aruba,2025-08-25,ABW,AMRO,3,0,0,0,0,0
Bahamas,2025-08-25,BHS,AMRO,4,0,0,0,0,0
Barbados,2025-08-25,BRB,AMRO,1,0,0,0,0,0
Bermuda,2025-08-25,BMU,AMRO,1,0,0,0,0,0
Bolivia (Plurinational State of),2025-08-25,BOL,AMRO,267,0,0,0,0,0
Brazil,2025-08-25,BRA,AMRO,14571,0,18,14,0,0
Canada,2025-08-25,CAN,AMRO,2234,0,0,1,0,0
Chile,2025-08-25,CHL,AMRO,1697,0,4,4,0,0
Colombia,2025-08-25,COL,AMRO,4338,0,0,15,0,0
Costa Rica,2025-08-25,CRI,AMRO,232,0,1,0,0,0
Cuba,2025-08-25,CUB,AMRO,8,0,1,0,0,0
Curaçao,2025-08-25,CUW,AMRO,3,0,0,0,0,0
Dominican Republic,2025-08-25,DOM,AMRO,83,0,1,0,0,0
Ecuador,2025-08-25,ECU,AMRO,629,0,3,0,0,0
El Salvador,2025-08-25,SLV,AMRO,106,0,0,0,0,0
Guadeloupe,2025-08-25,GLP,AMRO,1,0,0,0,0,0
Guatemala,2025-08-25,GTM,AMRO,411,0,2,1,0,0
Guyana,2025-08-25,GUY,AMRO,2,0,0,0,0,0
Honduras,2025-08-25,HND,AMRO,50,0,0,2,0,0
Jamaica,2025-08-25,JAM,AMRO,22,0,0,0,0,0
Martinique,2025-08-25,MTQ,AMRO,7,0,0,0,0,0
Mexico,2025-08-25,MEX,AMRO,4820,0,39,16,0,1
Panama,2025-08-25,PAN,AMRO,255,0,1,3,0,0
Paraguay,2025-08-25,PRY,AMRO,130,0,0,0,0,0
Peru,2025-08-25,PER,AMRO,3963,0,26,0,0,0
Saint Martin,2025-08-25,MAF,AMRO,1,0,0,0,0,0
Trinidad and Tobago,2025-08-25,TTO,AMRO,4,0,0,0,0,0
United States of America,2025-08-25,USA,AMRO,35753,0,63,79,0,0
Uruguay,2025-08-25,URY,AMRO,20,0,0,0,0,0
Venezuela (Bolivarian Republic of),2025-08-25,VEN,AMRO,12,0,0,0,0,0
China,2025-08-26,CHN,WPRO,3450,0,1,2,0,0
Kuwait,2025-08-26,KWT,EMRO,3,0,0,1,0,0
Republic of Korea,2025-08-28,KOR,WPRO,181,0,0,1,0,0
Philippines,2025-08-29,PHL,WPRO,314,0,8,0,0,0
Singapore,2025-08-29,SGP,WPRO,81,0,0,1,0,0
Angola,2025-08-31,AGO,AFRO,12,0,0,0,0,0
Australia,2025-08-31,AUS,WPRO,1757,0,0,17,0,0
Burundi,2025-08-31,BDI,AFRO,4405,0,1,21,0,0
Cameroon,2025-08-31,CMR,AFRO,59,0,5,0,0,0
Central African Republic,2025-08-31,CAF,AFRO,172,0,7,3,0,0
China,2025-08-31,CHN,WPRO,3531,0,1,81,0,0
Congo,2025-08-31,COG,AFRO,122,0,3,0,0,0
Côte d’Ivoire,2025-08-31,CIV,AFRO,186,0,2,11,0,0
Democratic Republic of the Congo,2025-08-31,COD,AFRO,29582,0,78,389,0,5
Ethiopia,2025-08-31,ETH,AFRO,48,0,1,0,0,0
Ghana,2025-08-31,GHA,AFRO,620,0,5,48,0,0
Guinea,2025-08-31,GIN,AFRO,844,0,2,47,0,0
India,2025-08-31,IND,SEARO,51,0,1,0,0,0
Kenya,2025-08-31,KEN,AFRO,431,0,7,30,0,1
Liberia,2025-08-31,LBR,AFRO,685,0,1,68,0,0
Malawi,2025-08-31,MWI,AFRO,89,0,1,9,0,0
Mozambique,2025-08-31,MOZ,AFRO,70,0,1,4,0,0
Nepal,2025-08-31,NPL,SEARO,5,0,0,0,0,0
New Zealand,2025-08-31,NZL,WPRO,104,3,0,9,0,0
Nigeria,2025-08-31,NGA,AFRO,1370,0,13,8,0,0
Philippines,2025-08-31,PHL,WPRO,334,0,8,20,0,0
Rwanda,2025-08-31,RWA,AFRO,127,0,0,0,0,0
Senegal,2025-08-31,SEN,AFRO,1,0,0,0,0,0
Sierra Leone,2025-08-31,SLE,AFRO,5245,0,56,48,0,4
South Africa,2025-08-31,ZAF,AFRO,41,0,3,0,0,0
South Sudan,2025-08-31,SSD,AFRO,21,0,0,0,0,0
Sri Lanka,2025-08-31,LKA,SEARO,5,0,0,1,0,0
Thailand,2025-08-31,THA,SEARO,937,0,13,12,0,0
Togo,2025-08-31,TGO,AFRO,73,0,0,4,0,0
Uganda,2025-08-31,UGA,AFRO,8014,0,50,85,0,2
United Republic of Tanzania,2025-08-31,TZA,AFRO,150,0,0,9,0,0
Zambia,2025-08-31,ZMB,AFRO,224,0,3,6,0,0
Argentina,2025-09-01,ARG,AMRO,1367,0,2,7,0,0
Aruba,2025-09-01,ABW,AMRO,3,0,0,0,0,0
Bahamas,2025-09-01,BHS,AMRO,4,0,0,0,0,0
Barbados,2025-09-01,BRB,AMRO,1,0,0,0,0,0
Bermuda,2025-09-01,BMU,AMRO,1,0,0,0,0,0
Bolivia (Plurinational State of),2025-09-01,BOL,AMRO,267,0,0,0,0,0
Brazil,2025-09-01,BRA,AMRO,14588,0,18,17,0,0
Canada,2025-09-01,CAN,AMRO,2241,0,0,7,0,0
Chile,2025-09-01,CHL,AMRO,1701,0,4,4,0,0
Colombia,2025-09-01,COL,AMRO,4357,0,0,19,0,0
Costa Rica,2025-09-01,CRI,AMRO,232,0,1,0,0,0
Cuba,2025-09-01,CUB,AMRO,8,0,1,0,0,0
Curaçao,2025-09-01,CUW,AMRO,3,0,0,0,0,0
Dominican Republic,2025-09-01,DOM,AMRO,83,0,1,0,0,0
Ecuador,2025-09-01,ECU,AMRO,629,0,3,0,0,0
El Salvador,2025-09-01,SLV,AMRO,106,0,0,0,0,0
Guadeloupe,2025-09-01,GLP,AMRO,1,0,0,0,0,0
Guatemala,2025-09-01,GTM,AMRO,411,0,2,0,0,0
Guyana,2025-09-01,GUY,AMRO,2,0,0,0,0,0
Honduras,2025-09-01,HND,AMRO,50,0,0,0,0,0
Jamaica,2025-09-01,JAM,AMRO,22,0,0,0,0,0
Martinique,2025-09-01,MTQ,AMRO,7,0,0,0,0,0
Mexico,2025-09-01,MEX,AMRO,4844,0,39,24,0,0
Panama,2025-09-01,PAN,AMRO,255,0,1,0,0,0
Paraguay,2025-09-01,PRY,AMRO,130,0,0,0,0,0
Peru,2025-09-01,PER,AMRO,3963,0,26,0,0,0
Saint Martin,2025-09-01,MAF,AMRO,1,0,0,0,0,0
Trinidad and Tobago,2025-09-01,TTO,AMRO,4,0,0,0,0,0
United States of America,2025-09-01,USA,AMRO,35841,0,63,88,0,0
Uruguay,2025-09-01,URY,AMRO,20,0,0,0,0,0
Venezuela (Bolivarian Republic of),2025-09-01,VEN,AMRO,12,0,0,0,0,0
Malaysia,2025-09-04,MYS,WPRO,17,0,0,2,0,0
Republic of Korea,2025-09-04,KOR,WPRO,182,0,0,1,0,0
Burundi,2025-09-07,BDI,AFRO,4428,0,1,23,0,0
Cameroon,2025-09-07,CMR,AFRO,59,0,5,0,0,0
Central African Republic,2025-09-07,CAF,AFRO,173,0,7,1,0,0
Congo,2025-09-07,COG,AFRO,125,0,3,3,0,0
Democratic Republic of the Congo,2025-09-07,COD,AFRO,29970,0,78,388,0,0
Ethiopia,2025-09-07,ETH,AFRO,48,0,1,0,0,0
Ghana,2025-09-07,GHA,AFRO,648,0,5,28,0,0
Guinea,2025-09-07,GIN,AFRO,900,0,2,56,0,0
Kenya,2025-09-07,KEN,AFRO,454,0,7,23,0,0
Liberia,2025-09-07,LBR,AFRO,750,0,2,65,0,1
Malawi,2025-09-07,MWI,AFRO,95,0,1,6,0,0
Mozambique,2025-09-07,MOZ,AFRO,77,0,1,7,0,0
Nigeria,2025-09-07,NGA,AFRO,1380,0,13,10,0,0
Rwanda,2025-09-07,RWA,AFRO,127,0,0,0,0,0
Senegal,2025-09-07,SEN,AFRO,1,0,0,0,0,0
Sierra Leone,2025-09-07,SLE,AFRO,5266,0,56,21,0,0
South Africa,2025-09-07,ZAF,AFRO,41,0,3,0,0,0
South Sudan,2025-09-07,SSD,AFRO,21,0,0,0,0,0
Togo,2025-09-07,TGO,AFRO,74,0,0,1,0,0
Uganda,2025-09-07,UGA,AFRO,8040,0,50,26,0,0
United Republic of Tanzania,2025-09-07,TZA,AFRO,159,0,0,9,0,0
Zambia,2025-09-07,ZMB,AFRO,231,0,3,7,0,0
Argentina,2025-09-08,ARG,AMRO,1368,0,2,1,0,0
Aruba,2025-09-08,ABW,AMRO,3,0,0,0,0,0
Bahamas,2025-09-08,BHS,AMRO,4,0,0,0,0,0
Barbados,2025-09-08,BRB,AMRO,1,0,0,0,0,0
Bermuda,2025-09-08,BMU,AMRO,1,0,0,0,0,0
Bolivia (Plurinational State of),2025-09-08,BOL,AMRO,269,0,0,2,0,0
Brazil,2025-09-08,BRA,AMRO,14608,0,18,20,0,0
Canada,2025-09-08,CAN,AMRO,2245,0,0,4,0,0
Chile,2025-09-08,CHL,AMRO,1703,0,4,2,0,0
Colombia,2025-09-08,COL,AMRO,4394,0,0,37,0,0
Costa Rica,2025-09-08,CRI,AMRO,232,0,1,0,0,0
Cuba,2025-09-08,CUB,AMRO,8,0,1,0,0,0
Curaçao,2025-09-08,CUW,AMRO,3,0,0,0,0,0
Dominican Republic,2025-09-08,DOM,AMRO,83,0,1,0,0,0
Ecuador,2025-09-08,ECU,AMRO,629,0,3,0,0,0
El Salvador,2025-09-08,SLV,AMRO,106,0,0,0,0,0
Guadeloupe,2025-09-08,GLP,AMRO,1,0,0,0,0,0
Guatemala,2025-09-08,GTM,AMRO,411,0,2,0,0,0
Guyana,2025-09-08,GUY,AMRO,2,0,0,0,0,0
Honduras,2025-09-08,HND,AMRO,51,0,0,1,0,0
Jamaica,2025-09-08,JAM,AMRO,22,0,0,0,0,0
Martinique,2025-09-08,MTQ,AMRO,7,0,0,0,0,0
Mexico,2025-09-08,MEX,AMRO,4857,0,39,13,0,0
Panama,2025-09-08,PAN,AMRO,256,0,1,1,0,0
Paraguay,2025-09-08,PRY,AMRO,130,0,0,0,0,0
Peru,2025-09-08,PER,AMRO,3963,0,26,0,0,0
Saint Martin,2025-09-08,MAF,AMRO,1,0,0,0,0,0
Trinidad and Tobago,2025-09-08,TTO,AMRO,4,0,0,0,0,0
United States of America,2025-09-08,USA,AMRO,35947,0,63,106,0,0
Uruguay,2025-09-08,URY,AMRO,20,0,0,0,0,0
Venezuela (Bolivarian Republic of),2025-09-08,VEN,AMRO,12,0,0,0,0,0
New Zealand,2025-09-09,NZL,WPRO,104,3,0,0,0,0
Australia,2025-09-10,AUS,WPRO,1757,0,0,0,0,0
Philippines,2025-09-11,PHL,WPRO,334,0,8,0,0,0
Republic of Korea,2025-09-11,KOR,WPRO,184,0,0,2,0,0
Albania,2025-09-14,ALB,EURO,1,0,0,0,0,0
Andorra,2025-09-14,AND,EURO,4,0,0,0,0,0
Austria,2025-09-14,AUT,EURO,381,0,1,0,0,0
Azerbaijan,2025-09-14,AZE,EURO,1,0,0,0,0,0
Belgium,2025-09-14,BEL,EURO,907,0,2,0,0,0
Bosnia and Herzegovina,2025-09-14,BIH,EURO,9,0,0,0,0,0
Bulgaria,2025-09-14,BGR,EURO,11,0,0,0,0,0
Burundi,2025-09-14,BDI,AFRO,4452,0,1,24,0,0
Cameroon,2025-09-14,CMR,AFRO,59,0,5,0,0,0
Central African Republic,2025-09-14,CAF,AFRO,177,0,7,4,0,0
Congo,2025-09-14,COG,AFRO,126,0,3,1,0,0
Croatia,2025-09-14,HRV,EURO,39,0,0,0,0,0
Cyprus,2025-09-14,CYP,EURO,6,0,0,0,0,0
Czechia,2025-09-14,CZE,EURO,109,0,1,0,0,0
Democratic Republic of the Congo,2025-09-14,COD,AFRO,30497,0,78,527,0,0
Denmark,2025-09-14,DNK,EURO,229,0,0,0,0,0
Estonia,2025-09-14,EST,EURO,11,0,0,0,0,0
Ethiopia,2025-09-14,ETH,AFRO,48,0,1,0,0,0
Finland,2025-09-14,FIN,EURO,43,0,0,0,0,0
France,2025-09-14,FRA,EURO,4539,0,0,11,0,0
Georgia,2025-09-14,GEO,EURO,2,0,0,0,0,0
Germany,2025-09-14,DEU,EURO,4531,0,0,32,0,0
Ghana,2025-09-14,GHA,AFRO,683,0,6,35,0,1
Gibraltar,2025-09-14,GIB,EURO,6,0,0,0,0,0
Greece,2025-09-14,GRC,EURO,160,0,0,0,0,0
Greenland,2025-09-14,GRL,EURO,2,0,0,0,0,0
Guinea,2025-09-14,GIN,AFRO,965,0,4,65,0,2
Hungary,2025-09-14,HUN,EURO,88,0,0,0,0,0
Iceland,2025-09-14,ISL,EURO,17,0,0,0,0,0
Ireland,2025-09-14,IRL,EURO,320,0,0,5,0,0
Israel,2025-09-14,ISR,EURO,377,0,0,0,0,0
Italy,2025-09-14,ITA,EURO,1233,0,0,54,0,0
Kenya,2025-09-14,KEN,AFRO,506,0,9,52,0,2
Kosovo,2025-09-14,XKX,EURO,1,0,0,0,0,0
Latvia,2025-09-14,LVA,EURO,6,0,0,0,0,0
Liberia,2025-09-14,LBR,AFRO,801,0,2,51,0,0
Lithuania,2025-09-14,LTU,EURO,6,0,0,0,0,0
Luxembourg,2025-09-14,LUX,EURO,65,0,0,1,0,0
Malawi,2025-09-14,MWI,AFRO,111,0,1,16,0,0
Malta,2025-09-14,MLT,EURO,49,0,0,0,0,0
Monaco,2025-09-14,MCO,EURO,3,0,0,0,0,0
Montenegro,2025-09-14,MNE,EURO,2,0,0,0,0,0
Mozambique,2025-09-14,MOZ,AFRO,80,0,1,3,0,0
Netherlands,2025-09-14,NLD,EURO,1557,0,0,12,0,0
Nigeria,2025-09-14,NGA,AFRO,1389,0,13,9,0,0
North Macedonia,2025-09-14,MKD,EURO,2,0,0,0,0,0
Norway,2025-09-14,NOR,EURO,130,0,0,1,0,0
Poland,2025-09-14,POL,EURO,248,0,0,0,0,0
Portugal,2025-09-14,PRT,EURO,1255,0,2,3,0,0
Republic of Moldova,2025-09-14,MDA,EURO,2,0,0,0,0,0
Romania,2025-09-14,ROU,EURO,51,0,0,0,0,0
Russian Federation,2025-09-14,RUS,EURO,4,0,0,0,0,0
Rwanda,2025-09-14,RWA,AFRO,127,0,0,0,0,0
San Marino,2025-09-14,SMR,EURO,1,0,0,0,0,0
Senegal,2025-09-14,SEN,AFRO,1,0,0,0,0,0
Serbia,2025-09-14,SRB,EURO,40,0,0,0,0,0
Sierra Leone,2025-09-14,SLE,AFRO,5291,0,56,25,0,0
Slovakia,2025-09-14,SVK,EURO,19,0,0,0,0,0
Slovenia,2025-09-14,SVN,EURO,48,0,0,0,0,0
South Africa,2025-09-14,ZAF,AFRO,41,0,3,0,0,0
South Sudan,2025-09-14,SSD,AFRO,21,0,0,0,0,0
Spain,2025-09-14,ESP,EURO,9028,0,4,89,0,0
Sweden,2025-09-14,SWE,EURO,373,0,0,0,0,0
Switzerland,2025-09-14,CHE,EURO,651,0,0,7,0,0
The United Kingdom,2025-09-14,GBR,EURO,4354,0,0,17,0,0
Togo,2025-09-14,TGO,AFRO,77,0,0,3,0,0
Türkiye,2025-09-14,TUR,EURO,71,0,0,0,0,0
Uganda,2025-09-14,UGA,AFRO,8087,0,50,47,0,0
Ukraine,2025-09-14,UKR,EURO,5,0,0,0,0,0
United Republic of Tanzania,2025-09-14,TZA,AFRO,170,0,0,11,0,0
Zambia,2025-09-14,ZMB,AFRO,249,0,3,18,0,0
Argentina,2025-09-15,ARG,AMRO,1373,0,2,5,0,0
Aruba,2025-09-15,ABW,AMRO,3,0,0,0,0,0
Bahamas,2025-09-15,BHS,AMRO,4,0,0,0,0,0
Barbados,2025-09-15,BRB,AMRO,1,0,0,0,0,0
Bermuda,2025-09-15,BMU,AMRO,1,0,0,0,0,0
Bolivia (Plurinational State of),2025-09-15,BOL,AMRO,269,0,0,0,0,0
Brazil,2025-09-15,BRA,AMRO,14626,0,18,18,0,0
Canada,2025-09-15,CAN,AMRO,2248,0,0,3,0,0
Chile,2025-09-15,CHL,AMRO,1712,0,4,9,0,0
Colombia,2025-09-15,COL,AMRO,4427,0,0,33,0,0
Costa Rica,2025-09-15,CRI,AMRO,232,0,1,0,0,0
Cuba,2025-09-15,CUB,AMRO,8,0,1,0,0,0
Curaçao,2025-09-15,CUW,AMRO,3,0,0,0,0,0
Dominican Republic,2025-09-15,DOM,AMRO,83,0,1,0,0,0
Ecuador,2025-09-15,ECU,AMRO,629,0,3,0,0,0
El Salvador,2025-09-15,SLV,AMRO,106,0,0,0,0,0
Guadeloupe,2025-09-15,GLP,AMRO,1,0,0,0,0,0
Guatemala,2025-09-15,GTM,AMRO,411,0,2,0,0,0
Guyana,2025-09-15,GUY,AMRO,2,0,0,0,0,0
Honduras,2025-09-15,HND,AMRO,53,0,0,2,0,0
Jamaica,2025-09-15,JAM,AMRO,22,0,0,0,0,0
Martinique,2025-09-15,MTQ,AMRO,7,0,0,0,0,0
Mexico,2025-09-15,MEX,AMRO,4870,0,39,13,0,0
Panama,2025-09-15,PAN,AMRO,256,0,1,0,0,0
Paraguay,2025-09-15,PRY,AMRO,130,0,0,0,0,0
Peru,2025-09-15,PER,AMRO,3963,0,26,0,0,0
Qatar,2025-09-15,QAT,EMRO,16,0,0,1,0,0
Saint Martin,2025-09-15,MAF,AMRO,1,0,0,0,0,0
Trinidad and Tobago,2025-09-15,TTO,AMRO,4,0,0,0,0,0
United States of America,2025-09-15,USA,AMRO,36062,0,63,115,0,0
Uruguay,2025-09-15,URY,AMRO,20,0,0,0,0,0
Venezuela (Bolivarian Republic of),2025-09-15,VEN,AMRO,12,0,0,0,0,0
China,2025-09-16,CHN,WPRO,3532,0,1,1,0,0
Japan,2025-09-16,JPN,WPRO,256,0,1,1,0,0
Qatar,2025-09-16,QAT,EMRO,17,0,0,1,0,0
China,2025-09-17,CHN,WPRO,3533,0,1,1,0,0
Republic of Korea,2025-09-18,KOR,WPRO,186,0,0,2,0,0
Egypt,2025-09-20,EGY,EMRO,4,0,0,1,0,0
Burundi,2025-09-21,BDI,AFRO,4473,0,1,21,0,0
Cameroon,2025-09-21,CMR,AFRO,59,0,5,0,0,0
Central African Republic,2025-09-21,CAF,AFRO,181,0,8,4,0,1
Congo,2025-09-21,COG,AFRO,126,0,3,0,0,0
Democratic Republic of the Congo,2025-09-21,COD,AFRO,30815,0,78,318,0,0
Ethiopia,2025-09-21,ETH,AFRO,48,0,1,0,0,0
Ghana,2025-09-21,GHA,AFRO,711,0,6,28,0,0
Guinea,2025-09-21,GIN,AFRO,1030,0,5,65,0,1
Kenya,2025-09-21,KEN,AFRO,566,0,9,60,0,0
Liberia,2025-09-21,LBR,AFRO,865,0,3,64,0,1
Malawi,2025-09-21,MWI,AFRO,112,0,1,1,0,0
Mozambique,2025-09-21,MOZ,AFRO,83,0,1,3,0,0
Nigeria,2025-09-21,NGA,AFRO,1398,0,13,9,0,0
Rwanda,2025-09-21,RWA,AFRO,127,0,0,0,0,0
Senegal,2025-09-21,SEN,AFRO,1,0,0,0,0,0
Sierra Leone,2025-09-21,SLE,AFRO,5308,0,56,17,0,0
South Africa,2025-09-21,ZAF,AFRO,41,0,3,0,0,0
South Sudan,2025-09-21,SSD,AFRO,21,0,0,0,0,0
Togo,2025-09-21,TGO,AFRO,78,0,0,1,0,0
Uganda,2025-09-21,UGA,AFRO,8137,0,50,50,0,0
United Republic of Tanzania,2025-09-21,TZA,AFRO,176,0,0,6,0,0
Zambia,2025-09-21,ZMB,AFRO,274,0,3,25,0,0
Argentina,2025-09-22,ARG,AMRO,1376,0,2,3,0,0
Aruba,2025-09-22,ABW,AMRO,3,0,0,0,0,0
Bahamas,2025-09-22,BHS,AMRO,4,0,0,0,0,0
Barbados,2025-09-22,BRB,AMRO,1,0,0,0,0,0
Bermuda,2025-09-22,BMU,AMRO,1,0,0,0,0,0
Bolivia (Plurinational State of),2025-09-22,BOL,AMRO,269,0,0,0,0,0
Brazil,2025-09-22,BRA,AMRO,14637,0,18,11,0,0
Canada,2025-09-22,CAN,AMRO,2254,0,0,6,0,0
Chile,2025-09-22,CHL,AMRO,1720,0,4,8,0,0
China,2025-09-22,CHN,WPRO,3534,0,1,1,0,0
Colombia,2025-09-22,COL,AMRO,4472,0,0,45,0,0
Costa Rica,2025-09-22,CRI,AMRO,232,0,1,0,0,0
Cuba,2025-09-22,CUB,AMRO,8,0,1,0,0,0
Curaçao,2025-09-22,CUW,AMRO,3,0,0,0,0,0
Dominican Republic,2025-09-22,DOM,AMRO,83,0,1,0,0,0
Ecuador,2025-09-22,ECU,AMRO,629,0,3,0,0,0
El Salvador,2025-09-22,SLV,AMRO,106,0,0,0,0,0
Guadeloupe,2025-09-22,GLP,AMRO,1,0,0,0,0,0
Guatemala,2025-09-22,GTM,AMRO,411,0,2,0,0,0
Guyana,2025-09-22,GUY,AMRO,2,0,0,0,0,0
Honduras,2025-09-22,HND,AMRO,53,0,0,0,0,0
Jamaica,2025-09-22,JAM,AMRO,22,0,0,0,0,0
Martinique,2025-09-22,MTQ,AMRO,7,0,0,0,0,0
Mexico,2025-09-22,MEX,AMRO,4881,0,39,11,0,0
Panama,2025-09-22,PAN,AMRO,256,0,1,0,0,0
Paraguay,2025-09-22,PRY,AMRO,130,0,0,0,0,0
Peru,2025-09-22,PER,AMRO,3963,0,26,0,0,0
Saint Martin,2025-09-22,MAF,AMRO,1,0,0,0,0,0
Trinidad and Tobago,2025-09-22,TTO,AMRO,4,0,0,0,0,0
United States of America,2025-09-22,USA,AMRO,36167,0,63,105,0,0
Uruguay,2025-09-22,URY,AMRO,20,0,0,0,0,0
Venezuela (Bolivarian Republic of),2025-09-22,VEN,AMRO,12,0,0,0,0,0
Republic of Korea,2025-09-25,KOR,WPRO,188,0,0,2,0,0
Lebanon,2025-09-26,LBN,EMRO,31,0,0,1,0,0
Burundi,2025-09-28,BDI,AFRO,4483,0,1,10,0,0
Cameroon,2025-09-28,CMR,AFRO,59,0,5,0,0,0
Central African Republic,2025-09-28,CAF,AFRO,185,0,8,4,0,0
Congo,2025-09-28,COG,AFRO,128,0,3,2,0,0
Democratic Republic of the Congo,2025-09-28,COD,AFRO,31194,0,79,379,0,1
Ethiopia,2025-09-28,ETH,AFRO,48,0,1,0,0,0
Ghana,2025-09-28,GHA,AFRO,749,0,7,38,0,1
Guinea,2025-09-28,GIN,AFRO,1093,0,5,63,0,0
Kenya,2025-09-28,KEN,AFRO,624,0,10,58,0,1
Liberia,2025-09-28,LBR,AFRO,940,0,4,75,0,1
Malawi,2025-09-28,MWI,AFRO,124,0,1,12,0,0
Mozambique,2025-09-28,MOZ,AFRO,83,0,1,0,0,0
Nigeria,2025-09-28,NGA,AFRO,1408,0,13,10,0,0
Rwanda,2025-09-28,RWA,AFRO,127,0,0,0,0,0
Senegal,2025-09-28,SEN,AFRO,4,0,0,3,0,0
Sierra Leone,2025-09-28,SLE,AFRO,5345,0,56,37,0,0
South Africa,2025-09-28,ZAF,AFRO,41,0,3,0,0,0
South Sudan,2025-09-28,SSD,AFRO,21,0,0,0,0,0
Togo,2025-09-28,TGO,AFRO,80,0,0,2,0,0
Uganda,2025-09-28,UGA,AFRO,8211,0,50,74,0,0
United Republic of Tanzania,2025-09-28,TZA,AFRO,185,0,0,9,0,0
Zambia,2025-09-28,ZMB,AFRO,279,0,3,5,0,0
Argentina,2025-09-29,ARG,AMRO,1382,0,2,6,0,0
Aruba,2025-09-29,ABW,AMRO,3,0,0,0,0,0
Bahamas,2025-09-29,BHS,AMRO,4,0,0,0,0,0
Barbados,2025-09-29,BRB,AMRO,1,0,0,0,0,0
Bermuda,2025-09-29,BMU,AMRO,1,0,0,0,0,0
Bolivia (Plurinational State of),2025-09-29,BOL,AMRO,269,0,0,0,0,0
Brazil,2025-09-29,BRA,AMRO,14653,0,18,16,0,0
Canada,2025-09-29,CAN,AMRO,2257,0,0,3,0,0
Chile,2025-09-29,CHL,AMRO,1730,0,4,10,0,0
Colombia,2025-09-29,COL,AMRO,4504,0,0,32,0,0
Costa Rica,2025-09-29,CRI,AMRO,232,0,1,0,0,0
Cuba,2025-09-29,CUB,AMRO,8,0,1,0,0,0
Curaçao,2025-09-29,CUW,AMRO,3,0,0,0,0,0
Dominican Republic,2025-09-29,DOM,AMRO,83,0,1,0,0,0
Ecuador,2025-09-29,ECU,AMRO,629,0,3,0,0,0
El Salvador,2025-09-29,SLV,AMRO,106,0,0,0,0,0
Guadeloupe,2025-09-29,GLP,AMRO,1,0,0,0,0,0
Guatemala,2025-09-29,GTM,AMRO,411,0,2,0,0,0
Guyana,2025-09-29,GUY,AMRO,2,0,0,0,0,0
Honduras,2025-09-29,HND,AMRO,53,0,0,0,0,0
Jamaica,2025-09-29,JAM,AMRO,22,0,0,0,0,0
Martinique,2025-09-29,MTQ,AMRO,7,0,0,0,0,0
Mexico,2025-09-29,MEX,AMRO,4895,0,39,14,0,0
Panama,2025-09-29,PAN,AMRO,256,0,1,0,0,0
Paraguay,2025-09-29,PRY,AMRO,130,0,0,0,0,0
Peru,2025-09-29,PER,AMRO,3963,0,26,0,0,0
Saint Martin,2025-09-29,MAF,AMRO,1,0,0,0,0,0
Trinidad and Tobago,2025-09-29,TTO,AMRO,4,0,0,0,0,0
United States of America,2025-09-29,USA,AMRO,36290,0,63,123,0,0
Uruguay,2025-09-29,URY,AMRO,20,0,0,0,0,0
Venezuela (Bolivarian Republic of),2025-09-29,VEN,AMRO,12,0,0,0,0,0
Australia,2025-09-30,AUS,WPRO,1771,0,0,14,0,0
China,2025-09-30,CHN,WPRO,3618,0,1,84,0,0
India,2025-09-30,IND,SEARO,51,0,1,0,0,0
Nepal,2025-09-30,NPL,SEARO,5,0,0,0,0,0
Philippines,2025-09-30,PHL,WPRO,350,0,9,16,0,1
Sri Lanka,2025-09-30,LKA,SEARO,5,0,0,0,0,0
Thailand,2025-09-30,THA,SEARO,960,0,13,23,0,0
Burundi,2025-10-05,BDI,AFRO,4494,0,1,11,0,0
Cameroon,2025-10-05,CMR,AFRO,59,0,5,0,0,0
Central African Republic,2025-10-05,CAF,AFRO,192,0,9,7,0,1
Congo,2025-10-05,COG,AFRO,128,0,3,0,0,0
Democratic Republic of the Congo,2025-10-05,COD,AFRO,31382,0,79,188,0,0
Ethiopia,2025-10-05,ETH,AFRO,48,0,1,0,0,0
Ghana,2025-10-05,GHA,AFRO,793,0,7,44,0,0
Guinea,2025-10-05,GIN,AFRO,1168,0,5,75,0,0
Kenya,2025-10-05,KEN,AFRO,659,0,10,35,0,0
Liberia,2025-10-05,LBR,AFRO,1041,0,4,101,0,0
Malawi,2025-10-05,MWI,AFRO,128,0,1,4,0,0
Mozambique,2025-10-05,MOZ,AFRO,83,0,1,0,0,0
Nigeria,2025-10-05,NGA,AFRO,1410,0,13,2,0,0
Rwanda,2025-10-05,RWA,AFRO,127,0,0,0,0,0
Senegal,2025-10-05,SEN,AFRO,4,0,0,0,0,0
Sierra Leone,2025-10-05,SLE,AFRO,5405,0,57,60,0,1
South Africa,2025-10-05,ZAF,AFRO,41,0,3,0,0,0
South Sudan,2025-10-05,SSD,AFRO,21,0,0,0,0,0
Togo,2025-10-05,TGO,AFRO,81,0,0,1,0,0
Uganda,2025-10-05,UGA,AFRO,8247,0,50,36,0,0
United Republic of Tanzania,2025-10-05,TZA,AFRO,191,0,0,6,0,0
Zambia,2025-10-05,ZMB,AFRO,285,0,3,6,0,0
Argentina,2025-10-06,ARG,AMRO,1388,0,2,6,0,0
Aruba,2025-10-06,ABW,AMRO,3,0,0,0,0,0
Bahamas,2025-10-06,BHS,AMRO,4,0,0,0,0,0
Barbados,2025-10-06,BRB,AMRO,1,0,0,0,0,0
Bermuda,2025-10-06,BMU,AMRO,1,0,0,0,0,0
Bolivia (Plurinational State of),2025-10-06,BOL,AMRO,271,0,0,2,0,0
Brazil,2025-10-06,BRA,AMRO,14657,0,18,4,0,0
Canada,2025-10-06,CAN,AMRO,2260,0,0,3,0,0
Chile,2025-10-06,CHL,AMRO,1740,0,4,10,0,0
Colombia,2025-10-06,COL,AMRO,4548,0,0,44,0,0
Costa Rica,2025-10-06,CRI,AMRO,232,0,1,0,0,0
Cuba,2025-10-06,CUB,AMRO,8,0,1,0,0,0
Curaçao,2025-10-06,CUW,AMRO,3,0,0,0,0,0
Dominican Republic,2025-10-06,DOM,AMRO,83,0,1,0,0,0
Ecuador,2025-10-06,ECU,AMRO,629,0,3,0,0,0
El Salvador,2025-10-06,SLV,AMRO,106,0,0,0,0,0
Guadeloupe,2025-10-06,GLP,AMRO,1,0,0,0,0,0
Guatemala,2025-10-06,GTM,AMRO,411,0,2,0,0,0
Guyana,2025-10-06,GUY,AMRO,2,0,0,0,0,0
Honduras,2025-10-06,HND,AMRO,53,0,0,0,0,0
Jamaica,2025-10-06,JAM,AMRO,22,0,0,0,0,0
Martinique,2025-10-06,MTQ,AMRO,7,0,0,0,0,0
Mexico,2025-10-06,MEX,AMRO,4915,0,39,20,0,0
Panama,2025-10-06,PAN,AMRO,257,0,1,1,0,0
Paraguay,2025-10-06,PRY,AMRO,130,0,0,0,0,0
Peru,2025-10-06,PER,AMRO,3963,0,26,0,0,0
Saint Martin,2025-10-06,MAF,AMRO,1,0,0,0,0,0
Trinidad and Tobago,2025-10-06,TTO,AMRO,4,0,0,0,0,0
United States of America,2025-10-06,USA,AMRO,36381,0,63,91,0,0
Uruguay,2025-10-06,URY,AMRO,20,0,0,0,0,0
Venezuela (Bolivarian Republic of),2025-10-06,VEN,AMRO,12,0,0,0,0,0
China,2025-10-07,CHN,WPRO,3622,0,1,4,0,0
Lebanon,2025-10-10,LBN,EMRO,32,0,0,1,0,0
Albania,2025-10-11,ALB,EURO,1,0,0,0,0,0
Andorra,2025-10-11,AND,EURO,4,0,0,0,0,0
Austria,2025-10-11,AUT,EURO,381,0,1,0,0,0
Azerbaijan,2025-10-11,AZE,EURO,1,0,0,0,0,0
Belgium,2025-10-11,BEL,EURO,916,0,2,9,0,0
Bosnia and Herzegovina,2025-10-11,BIH,EURO,9,0,0,0,0,0
Bulgaria,2025-10-11,BGR,EURO,11,0,0,0,0,0
Croatia,2025-10-11,HRV,EURO,39,0,0,0,0,0
Cyprus,2025-10-11,CYP,EURO,6,0,0,0,0,0
Czechia,2025-10-11,CZE,EURO,109,0,1,0,0,0
Denmark,2025-10-11,DNK,EURO,229,0,0,0,0,0
Estonia,2025-10-11,EST,EURO,11,0,0,0,0,0
Finland,2025-10-11,FIN,EURO,43,0,0,0,0,0
France,2025-10-11,FRA,EURO,4552,0,0,13,0,0
Georgia,2025-10-11,GEO,EURO,2,0,0,0,0,0
Germany,2025-10-11,DEU,EURO,4543,0,0,12,0,0
Gibraltar,2025-10-11,GIB,EURO,6,0,0,0,0,0
Greece,2025-10-11,GRC,EURO,161,0,0,1,0,0
Greenland,2025-10-11,GRL,EURO,2,0,0,0,0,0
Hungary,2025-10-11,HUN,EURO,89,0,0,1,0,0
Iceland,2025-10-11,ISL,EURO,17,0,0,0,0,0
Ireland,2025-10-11,IRL,EURO,320,0,0,0,0,0
Israel,2025-10-11,ISR,EURO,377,0,0,0,0,0
Italy,2025-10-11,ITA,EURO,1233,0,0,0,0,0
Japan,2025-10-11,JPN,WPRO,258,0,1,2,0,0
Kosovo,2025-10-11,XKX,EURO,1,0,0,0,0,0
Latvia,2025-10-11,LVA,EURO,6,0,0,0,0,0
Lithuania,2025-10-11,LTU,EURO,6,0,0,0,0,0
Luxembourg,2025-10-11,LUX,EURO,66,0,0,1,0,0
Malta,2025-10-11,MLT,EURO,49,0,0,0,0,0
Monaco,2025-10-11,MCO,EURO,3,0,0,0,0,0
Montenegro,2025-10-11,MNE,EURO,2,0,0,0,0,0
Netherlands,2025-10-11,NLD,EURO,1566,0,0,9,0,0
North Macedonia,2025-10-11,MKD,EURO,2,0,0,0,0,0
Norway,2025-10-11,NOR,EURO,131,0,0,1,0,0
Poland,2025-10-11,POL,EURO,248,0,0,0,0,0
Portugal,2025-10-11,PRT,EURO,1277,0,2,22,0,0
Republic of Moldova,2025-10-11,MDA,EURO,2,0,0,0,0,0
Romania,2025-10-11,ROU,EURO,51,0,0,0,0,0
Russian Federation,2025-10-11,RUS,EURO,4,0,0,0,0,0
San Marino,2025-10-11,SMR,EURO,1,0,0,0,0,0
Serbia,2025-10-11,SRB,EURO,40,0,0,0,0,0
Slovakia,2025-10-11,SVK,EURO,19,0,0,0,0,0
Slovenia,2025-10-11,SVN,EURO,48,0,0,0,0,0
Spain,2025-10-11,ESP,EURO,9111,0,4,83,0,0
Sweden,2025-10-11,SWE,EURO,373,0,0,0,0,0
Switzerland,2025-10-11,CHE,EURO,651,0,0,0,0,0
The United Kingdom,2025-10-11,GBR,EURO,4376,0,0,22,0,0
Türkiye,2025-10-11,TUR,EURO,71,0,0,0,0,0
Ukraine,2025-10-11,UKR,EURO,5,0,0,0,0,0
Burundi,2025-10-12,BDI,AFRO,4495,0,1,1,0,0
Cameroon,2025-10-12,CMR,AFRO,59,0,5,0,0,0
Central African Republic,2025-10-12,CAF,AFRO,193,0,9,1,0,0
Congo,2025-10-12,COG,AFRO,131,0,3,3,0,0
Democratic Republic of the Congo,2025-10-12,COD,AFRO,31667,0,80,285,0,1
Ethiopia,2025-10-12,ETH,AFRO,48,0,1,0,0,0
Ghana,2025-10-12,GHA,AFRO,831,0,7,38,0,0
Guinea,2025-10-12,GIN,AFRO,1267,0,6,99,0,1
Kenya,2025-10-12,KEN,AFRO,710,0,10,51,0,0
Liberia,2025-10-12,LBR,AFRO,1100,0,4,59,0,0
Malawi,2025-10-12,MWI,AFRO,132,0,1,4,0,0
Mozambique,2025-10-12,MOZ,AFRO,87,0,1,4,0,0
Namibia,2025-10-12,NAM,AFRO,0,0,0,0,0,0
Nigeria,2025-10-12,NGA,AFRO,1417,0,13,7,0,0
Rwanda,2025-10-12,RWA,AFRO,128,0,0,1,0,0
Senegal,2025-10-12,SEN,AFRO,4,0,0,0,0,0
Sierra Leone,2025-10-12,SLE,AFRO,5428,0,58,23,0,1
South Africa,2025-10-12,ZAF,AFRO,41,0,3,0,0,0
South Sudan,2025-10-12,SSD,AFRO,21,0,0,0,0,0
Togo,2025-10-12,TGO,AFRO,82,0,0,1,0,0
Uganda,2025-10-12,UGA,AFRO,8266,0,50,19,0,0
United Republic of Tanzania,2025-10-12,TZA,AFRO,198,0,0,7,0,0
Zambia,2025-10-12,ZMB,AFRO,296,0,3,11,0,0
Argentina,2025-10-13,ARG,AMRO,1393,0,2,5,0,0
Aruba,2025-10-13,ABW,AMRO,3,0,0,0,0,0
Bahamas,2025-10-13,BHS,AMRO,4,0,0,0,0,0
Barbados,2025-10-13,BRB,AMRO,1,0,0,0,0,0
Bermuda,2025-10-13,BMU,AMRO,1,0,0,0,0,0
Bolivia (Plurinational State of),2025-10-13,BOL,AMRO,277,0,0,6,0,0
Brazil,2025-10-13,BRA,AMRO,14664,0,18,7,0,0
Canada,2025-10-13,CAN,AMRO,2262,0,0,2,0,0
Chile,2025-10-13,CHL,AMRO,1749,0,4,9,0,0
Colombia,2025-10-13,COL,AMRO,4593,0,0,45,0,0
Costa Rica,2025-10-13,CRI,AMRO,232,0,1,0,0,0
Cuba,2025-10-13,CUB,AMRO,8,0,1,0,0,0
Curaçao,2025-10-13,CUW,AMRO,3,0,0,0,0,0
Dominican Republic,2025-10-13,DOM,AMRO,83,0,1,0,0,0
Ecuador,2025-10-13,ECU,AMRO,629,0,3,0,0,0
El Salvador,2025-10-13,SLV,AMRO,106,0,0,0,0,0
Guadeloupe,2025-10-13,GLP,AMRO,1,0,0,0,0,0
Guatemala,2025-10-13,GTM,AMRO,411,0,2,0,0,0
Guyana,2025-10-13,GUY,AMRO,2,0,0,0,0,0
Honduras,2025-10-13,HND,AMRO,53,0,0,0,0,0
Jamaica,2025-10-13,JAM,AMRO,22,0,0,0,0,0
Martinique,2025-10-13,MTQ,AMRO,7,0,0,0,0,0
Mexico,2025-10-13,MEX,AMRO,4928,0,40,13,0,1
Panama,2025-10-13,PAN,AMRO,257,0,1,0,0,0
Paraguay,2025-10-13,PRY,AMRO,130,0,0,0,0,0
Peru,2025-10-13,PER,AMRO,3963,0,26,0,0,0
Saint Martin,2025-10-13,MAF,AMRO,1,0,0,0,0,0
Trinidad and Tobago,2025-10-13,TTO,AMRO,4,0,0,0,0,0
United States of America,2025-10-13,USA,AMRO,36481,0,63,100,0,0
Uruguay,2025-10-13,URY,AMRO,20,0,0,0,0,0
Venezuela (Bolivarian Republic of),2025-10-13,VEN,AMRO,12,0,0,0,0,0
China,2025-10-14,CHN,WPRO,3623,0,1,1,0,0
Lebanon,2025-10-17,LBN,EMRO,33,0,0,1,0,0
Burundi,2025-10-19,BDI,AFRO,4497,0,1,2,0,0
Cameroon,2025-10-19,CMR,AFRO,59,0,5,0,0,0
Central African Republic,2025-10-19,CAF,AFRO,198,0,9,5,0,0
Congo,2025-10-19,COG,AFRO,133,0,3,2,0,0
Democratic Republic of the Congo,2025-10-19,COD,AFRO,31814,0,80,147,0,0
Ghana,2025-10-19,GHA,AFRO,863,0,7,32,0,0
Guinea,2025-10-19,GIN,AFRO,1350,0,6,83,0,0
Kenya,2025-10-19,KEN,AFRO,739,0,10,29,0,0
Liberia,2025-10-19,LBR,AFRO,1186,0,6,86,0,2
Malawi,2025-10-19,MWI,AFRO,137,0,1,5,0,0
Mozambique,2025-10-19,MOZ,AFRO,89,0,1,2,0,0
Namibia,2025-10-19,NAM,AFRO,1,0,0,1,0,0
Nigeria,2025-10-19,NGA,AFRO,1420,0,14,3,0,1
Rwanda,2025-10-19,RWA,AFRO,128,0,0,0,0,0
Senegal,2025-10-19,SEN,AFRO,4,0,0,0,0,0
Sierra Leone,2025-10-19,SLE,AFRO,5433,0,59,5,0,1
South Africa,2025-10-19,ZAF,AFRO,41,0,3,0,0,0
South Sudan,2025-10-19,SSD,AFRO,21,0,0,0,0,0
Togo,2025-10-19,TGO,AFRO,86,0,0,4,0,0
Uganda,2025-10-19,UGA,AFRO,8299,0,50,33,0,0
United Republic of Tanzania,2025-10-19,TZA,AFRO,208,0,0,10,0,0
Zambia,2025-10-19,ZMB,AFRO,301,0,3,5,0,0
Argentina,2025-10-20,ARG,AMRO,1399,0,2,6,0,0
Aruba,2025-10-20,ABW,AMRO,3,0,0,0,0,0
Bahamas,2025-10-20,BHS,AMRO,4,0,0,0,0,0
Barbados,2025-10-20,BRB,AMRO,1,0,0,0,0,0
Bermuda,2025-10-20,BMU,AMRO,1,0,0,0,0,0
Bolivia (Plurinational State of),2025-10-20,BOL,AMRO,278,0,0,1,0,0
Brazil,2025-10-20,BRA,AMRO,14674,0,18,10,0,0
Canada,2025-10-20,CAN,AMRO,2263,0,0,1,0,0
Chile,2025-10-20,CHL,AMRO,1752,0,4,3,0,0
China,2025-10-20,CHN,WPRO,3626,0,1,3,0,0
Colombia,2025-10-20,COL,AMRO,4625,0,0,32,0,0
Costa Rica,2025-10-20,CRI,AMRO,232,0,1,0,0,0
Cuba,2025-10-20,CUB,AMRO,8,0,1,0,0,0
Curaçao,2025-10-20,CUW,AMRO,3,0,0,0,0,0
Dominican Republic,2025-10-20,DOM,AMRO,83,0,1,0,0,0
Ecuador,2025-10-20,ECU,AMRO,629,0,3,0,0,0
El Salvador,2025-10-20,SLV,AMRO,106,0,0,0,0,0
Guadeloupe,2025-10-20,GLP,AMRO,1,0,0,0,0,0
Guatemala,2025-10-20,GTM,AMRO,411,0,2,0,0,0
Guyana,2025-10-20,GUY,AMRO,2,0,0,0,0,0
Honduras,2025-10-20,HND,AMRO,53,0,0,0,0,0
Jamaica,2025-10-20,JAM,AMRO,22,0,0,0,0,0
Martinique,2025-10-20,MTQ,AMRO,7,0,0,0,0,0
Mexico,2025-10-20,MEX,AMRO,4945,0,40,17,0,0
Panama,2025-10-20,PAN,AMRO,258,0,1,1,0,0
Paraguay,2025-10-20,PRY,AMRO,130,0,0,0,0,0
Peru,2025-10-20,PER,AMRO,3964,0,26,1,0,0
Saint Martin,2025-10-20,MAF,AMRO,1,0,0,0,0,0
Trinidad and Tobago,2025-10-20,TTO,AMRO,4,0,0,0,0,0
United States of America,2025-10-20,USA,AMRO,36569,0,63,88,0,0
Uruguay,2025-10-20,URY,AMRO,20,0,0,0,0,0
Venezuela (Bolivarian Republic of),2025-10-20,VEN,AMRO,12,0,0,0,0,0
Philippines,2025-10-21,PHL,WPRO,350,0,9,0,0,0
Malaysia,2025-10-22,MYS,WPRO,18,0,0,1,0,0
China,2025-10-23,CHN,WPRO,3628,0,1,2,0,0
Liberia,2025-10-23,LBR,AFRO,1260,0,6,74,0,0
Burundi,2025-10-26,BDI,AFRO,4531,0,1,34,0,0
Cameroon,2025-10-26,CMR,AFRO,59,0,5,0,0,0
Central African Republic,2025-10-26,CAF,AFRO,198,0,9,0,0,0
Congo,2025-10-26,COG,AFRO,133,0,3,0,0,0
Democratic Republic of the Congo,2025-10-26,COD,AFRO,32055,0,80,241,0,0
Ghana,2025-10-26,GHA,AFRO,887,0,7,24,0,0
Guinea,2025-10-26,GIN,AFRO,1439,0,6,89,0,0
Kenya,2025-10-26,KEN,AFRO,765,0,10,26,0,0
Malawi,2025-10-26,MWI,AFRO,141,0,1,4,0,0
Mozambique,2025-10-26,MOZ,AFRO,90,0,1,1,0,0
Namibia,2025-10-26,NAM,AFRO,2,0,0,1,0,0
Nigeria,2025-10-26,NGA,AFRO,1430,0,14,10,0,0
Rwanda,2025-10-26,RWA,AFRO,128,0,0,0,0,0
Senegal,2025-10-26,SEN,AFRO,4,0,0,0,0,0
Sierra Leone,2025-10-26,SLE,AFRO,5442,0,60,9,0,1
South Africa,2025-10-26,ZAF,AFRO,42,0,3,1,0,0
South Sudan,2025-10-26,SSD,AFRO,22,0,0,1,0,0
Togo,2025-10-26,TGO,AFRO,86,0,0,0,0,0
Uganda,2025-10-26,UGA,AFRO,8324,0,50,25,0,0
United Republic of Tanzania,2025-10-26,TZA,AFRO,221,0,0,13,0,0
Zambia,2025-10-26,ZMB,AFRO,318,0,3,17,0,0
Argentina,2025-10-27,ARG,AMRO,1404,0,2,5,0,0
Aruba,2025-10-27,ABW,AMRO,3,0,0,0,0,0
Bahamas,2025-10-27,BHS,AMRO,4,0,0,0,0,0
Barbados,2025-10-27,BRB,AMRO,1,0,0,0,0,0
Bermuda,2025-10-27,BMU,AMRO,1,0,0,0,0,0
Bolivia (Plurinational State of),2025-10-27,BOL,AMRO,278,0,0,0,0,0
Brazil,2025-10-27,BRA,AMRO,14690,0,18,16,0,0
Canada,2025-10-27,CAN,AMRO,2268,0,0,5,0,0
Chile,2025-10-27,CHL,AMRO,1764,0,4,12,0,0
Colombia,2025-10-27,COL,AMRO,4658,0,0,33,0,0
Costa Rica,2025-10-27,CRI,AMRO,232,0,1,0,0,0
Cuba,2025-10-27,CUB,AMRO,8,0,1,0,0,0
Curaçao,2025-10-27,CUW,AMRO,3,0,0,0,0,0
Dominican Republic,2025-10-27,DOM,AMRO,83,0,1,0,0,0
Ecuador,2025-10-27,ECU,AMRO,629,0,3,0,0,0
El Salvador,2025-10-27,SLV,AMRO,106,0,0,0,0,0
Guadeloupe,2025-10-27,GLP,AMRO,1,0,0,0,0,0
Guatemala,2025-10-27,GTM,AMRO,411,0,2,0,0,0
Guyana,2025-10-27,GUY,AMRO,2,0,0,0,0,0
Honduras,2025-10-27,HND,AMRO,53,0,0,0,0,0
Jamaica,2025-10-27,JAM,AMRO,22,0,0,0,0,0
Martinique,2025-10-27,MTQ,AMRO,7,0,0,0,0,0
Mexico,2025-10-27,MEX,AMRO,4951,0,40,6,0,0
Panama,2025-10-27,PAN,AMRO,258,0,1,0,0,0
Paraguay,2025-10-27,PRY,AMRO,130,0,0,0,0,0
Peru,2025-10-27,PER,AMRO,3964,0,26,0,0,0
Saint Martin,2025-10-27,MAF,AMRO,1,0,0,0,0,0
Trinidad and Tobago,2025-10-27,TTO,AMRO,4,0,0,0,0,0
United States of America,2025-10-27,USA,AMRO,36662,0,63,93,0,0
Uruguay,2025-10-27,URY,AMRO,20,0,0,0,0,0
Venezuela (Bolivarian Republic of),2025-10-27,VEN,AMRO,12,0,0,0,0,0
Australia,2025-10-31,AUS,WPRO,1790,0,0,19,0,0
China,2025-10-31,CHN,WPRO,3699,0,1,71,0,0
India,2025-10-31,IND,SEARO,56,0,1,5,0,0
Nepal,2025-10-31,NPL,SEARO,5,0,0,0,0,0
Philippines,2025-10-31,PHL,WPRO,360,0,9,10,0,0
Sri Lanka,2025-10-31,LKA,SEARO,5,0,0,0,0,0
Thailand,2025-10-31,THA,SEARO,991,0,13,31,0,0
Burundi,2025-11-02,BDI,AFRO,4552,0,1,21,0,0
Cameroon,2025-11-02,CMR,AFRO,59,0,5,0,0,0
Central African Republic,2025-11-02,CAF,AFRO,198,0,9,0,0,0
Congo,2025-11-02,COG,AFRO,137,0,3,4,0,0
Democratic Republic of the Congo,2025-11-02,COD,AFRO,32166,0,80,111,0,0
Ghana,2025-11-02,GHA,AFRO,919,0,7,32,0,0
Guinea,2025-11-02,GIN,AFRO,1516,0,6,77,0,0
Kenya,2025-11-02,KEN,AFRO,774,0,12,9,0,2
Liberia,2025-11-02,LBR,AFRO,1325,0,6,65,0,0
Malawi,2025-11-02,MWI,AFRO,141,0,1,0,0,0
Mozambique,2025-11-02,MOZ,AFRO,91,0,1,1,0,0
Namibia,2025-11-02,NAM,AFRO,2,0,0,0,0,0
Nigeria,2025-11-02,NGA,AFRO,1436,0,14,6,0,0
Rwanda,2025-11-02,RWA,AFRO,128,0,0,0,0,0
Senegal,2025-11-02,SEN,AFRO,4,0,0,0,0,0
Sierra Leone,2025-11-02,SLE,AFRO,5442,0,60,0,0,0
South Africa,2025-11-02,ZAF,AFRO,43,0,3,1,0,0
South Sudan,2025-11-02,SSD,AFRO,22,0,0,0,0,0
Togo,2025-11-02,TGO,AFRO,87,0,0,1,0,0
Uganda,2025-11-02,UGA,AFRO,8359,0,50,35,0,0
United Republic of Tanzania,2025-11-02,TZA,AFRO,227,0,0,6,0,0
Zambia,2025-11-02,ZMB,AFRO,322,0,3,4,0,0
Argentina,2025-11-03,ARG,AMRO,1409,0,2,5,0,0
Aruba,2025-11-03,ABW,AMRO,3,0,0,0,0,0
Bahamas,2025-11-03,BHS,AMRO,4,0,0,0,0,0
Barbados,2025-11-03,BRB,AMRO,1,0,0,0,0,0
Bermuda,2025-11-03,BMU,AMRO,1,0,0,0,0,0
Bolivia (Plurinational State of),2025-11-03,BOL,AMRO,281,0,0,3,0,0
Brazil,2025-11-03,BRA,AMRO,14699,0,18,9,0,0
Canada,2025-11-03,CAN,AMRO,2280,0,0,12,0,0
Chile,2025-11-03,CHL,AMRO,1770,0,4,6,0,0
China,2025-11-03,CHN,WPRO,3704,0,1,5,0,0
Colombia,2025-11-03,COL,AMRO,4679,0,0,21,0,0
Costa Rica,2025-11-03,CRI,AMRO,232,0,1,0,0,0
Cuba,2025-11-03,CUB,AMRO,8,0,1,0,0,0
Curaçao,2025-11-03,CUW,AMRO,3,0,0,0,0,0
Dominican Republic,2025-11-03,DOM,AMRO,83,0,1,0,0,0
Ecuador,2025-11-03,ECU,AMRO,629,0,3,0,0,0
El Salvador,2025-11-03,SLV,AMRO,106,0,0,0,0,0
Guadeloupe,2025-11-03,GLP,AMRO,1,0,0,0,0,0
Guatemala,2025-11-03,GTM,AMRO,411,0,2,0,0,0
Guyana,2025-11-03,GUY,AMRO,2,0,0,0,0,0
Honduras,2025-11-03,HND,AMRO,53,0,0,0,0,0
Jamaica,2025-11-03,JAM,AMRO,22,0,0,0,0,0
Martinique,2025-11-03,MTQ,AMRO,7,0,0,0,0,0
Mexico,2025-11-03,MEX,AMRO,4956,0,40,5,0,0
Panama,2025-11-03,PAN,AMRO,258,0,1,0,0,0
Paraguay,2025-11-03,PRY,AMRO,130,0,0,0,0,0
Peru,2025-11-03,PER,AMRO,3964,0,26,0,0,0
Saint Martin,2025-11-03,MAF,AMRO,1,0,0,0,0,0
Trinidad and Tobago,2025-11-03,TTO,AMRO,4,0,0,0,0,0
United States of America,2025-11-03,USA,AMRO,36732,0,63,70,0,0
Uruguay,2025-11-03,URY,AMRO,20,0,0,0,0,0
Venezuela (Bolivarian Republic of),2025-11-03,VEN,AMRO,12,0,0,0,0,0
China,2025-11-06,CHN,WPRO,3705,0,1,1,0,0
Republic of Korea,2025-11-06,KOR,WPRO,194,0,0,6,0,0
Burundi,2025-11-09,BDI,AFRO,4569,0,1,17,0,0
Cameroon,2025-11-09,CMR,AFRO,59,0,5,0,0,0
Central African Republic,2025-11-09,CAF,AFRO,199,0,9,1,0,0
Congo,2025-11-09,COG,AFRO,139,0,3,2,0,0
Democratic Republic of the Congo,2025-11-09,COD,AFRO,32252,0,80,86,0,0
Ghana,2025-11-09,GHA,AFRO,947,0,7,28,0,0
Guinea,2025-11-09,GIN,AFRO,1604,0,6,88,0,0
Kenya,2025-11-09,KEN,AFRO,818,0,12,44,0,0
Liberia,2025-11-09,LBR,AFRO,1367,0,6,42,0,0
Malawi,2025-11-09,MWI,AFRO,141,0,1,0,0,0
Mali,2025-11-09,MLI,AFRO,0,0,0,0,0,0
Mozambique,2025-11-09,MOZ,AFRO,91,0,1,0,0,0
Namibia,2025-11-09,NAM,AFRO,2,0,0,0,0,0
Nigeria,2025-11-09,NGA,AFRO,1454,0,15,18,0,1
Rwanda,2025-11-09,RWA,AFRO,128,0,0,0,0,0
Senegal,2025-11-09,SEN,AFRO,4,0,0,0,0,0
Sierra Leone,2025-11-09,SLE,AFRO,5442,0,60,0,0,0
South Africa,2025-11-09,ZAF,AFRO,43,0,3,0,0,0
South Sudan,2025-11-09,SSD,AFRO,26,0,0,4,0,0
Togo,2025-11-09,TGO,AFRO,88,0,0,1,0,0
Uganda,2025-11-09,UGA,AFRO,8374,0,51,15,0,1
United Republic of Tanzania,2025-11-09,TZA,AFRO,234,0,0,7,0,0
Zambia,2025-11-09,ZMB,AFRO,327,0,3,5,0,0
Argentina,2025-11-10,ARG,AMRO,1409,0,2,0,0,0
Aruba,2025-11-10,ABW,AMRO,3,0,0,0,0,0
Bahamas,2025-11-10,BHS,AMRO,4,0,0,0,0,0
Barbados,2025-11-10,BRB,AMRO,1,0,0,0,0,0
Bermuda,2025-11-10,BMU,AMRO,1,0,0,0,0,0
Bolivia (Plurinational State of),2025-11-10,BOL,AMRO,281,0,0,0,0,0
Brazil,2025-11-10,BRA,AMRO,14710,0,19,11,0,1
Canada,2025-11-10,CAN,AMRO,2288,0,0,8,0,0
Chile,2025-11-10,CHL,AMRO,1776,0,4,6,0,0
Colombia,2025-11-10,COL,AMRO,4698,0,0,19,0,0
Costa Rica,2025-11-10,CRI,AMRO,232,0,1,0,0,0
Cuba,2025-11-10,CUB,AMRO,8,0,1,0,0,0
Curaçao,2025-11-10,CUW,AMRO,3,0,0,0,0,0
Dominican Republic,2025-11-10,DOM,AMRO,83,0,1,0,0,0
Ecuador,2025-11-10,ECU,AMRO,629,0,3,0,0,0
El Salvador,2025-11-10,SLV,AMRO,106,0,0,0,0,0
Guadeloupe,2025-11-10,GLP,AMRO,1,0,0,0,0,0
Guatemala,2025-11-10,GTM,AMRO,411,0,2,0,0,0
Guyana,2025-11-10,GUY,AMRO,2,0,0,0,0,0
Honduras,2025-11-10,HND,AMRO,53,0,0,0,0,0
Jamaica,2025-11-10,JAM,AMRO,22,0,0,0,0,0
Japan,2025-11-10,JPN,WPRO,260,0,1,2,0,0
Martinique,2025-11-10,MTQ,AMRO,7,0,0,0,0,0
Mexico,2025-11-10,MEX,AMRO,4961,0,40,5,0,0
Panama,2025-11-10,PAN,AMRO,258,0,1,0,0,0
Paraguay,2025-11-10,PRY,AMRO,131,0,0,1,0,0
Peru,2025-11-10,PER,AMRO,3964,0,26,0,0,0
Saint Martin,2025-11-10,MAF,AMRO,1,0,0,0,0,0
Trinidad and Tobago,2025-11-10,TTO,AMRO,4,0,0,0,0,0
United States of America,2025-11-10,USA,AMRO,36801,0,63,69,0,0
Uruguay,2025-11-10,URY,AMRO,20,0,0,0,0,0
Venezuela (Bolivarian Republic of),2025-11-10,VEN,AMRO,12,0,0,0,0,0
Albania,2025-11-12,ALB,EURO,1,0,0,0,0,0
Andorra,2025-11-12,AND,EURO,4,0,0,0,0,0
Austria,2025-11-12,AUT,EURO,387,0,1,6,0,0
Azerbaijan,2025-11-12,AZE,EURO,1,0,0,0,0,0
Belgium,2025-11-12,BEL,EURO,917,0,2,1,0,0
Bosnia and Herzegovina,2025-11-12,BIH,EURO,9,0,0,0,0,0
Bulgaria,2025-11-12,BGR,EURO,11,0,0,0,0,0
China,2025-11-12,CHN,WPRO,3706,0,1,1,0,0
Croatia,2025-11-12,HRV,EURO,39,0,0,0,0,0
Cyprus,2025-11-12,CYP,EURO,6,0,0,0,0,0
Czechia,2025-11-12,CZE,EURO,109,0,1,0,0,0
Denmark,2025-11-12,DNK,EURO,247,0,0,18,0,0
Estonia,2025-11-12,EST,EURO,11,0,0,0,0,0
Finland,2025-11-12,FIN,EURO,43,0,0,0,0,0
France,2025-11-12,FRA,EURO,4560,0,0,8,0,0
Georgia,2025-11-12,GEO,EURO,2,0,0,0,0,0
Germany,2025-11-12,DEU,EURO,4591,0,0,48,0,0
Gibraltar,2025-11-12,GIB,EURO,6,0,0,0,0,0
Greece,2025-11-12,GRC,EURO,161,0,0,0,0,0
Greenland,2025-11-12,GRL,EURO,2,0,0,0,0,0
Hungary,2025-11-12,HUN,EURO,90,0,0,1,0,0
Iceland,2025-11-12,ISL,EURO,18,0,0,1,0,0
Ireland,2025-11-12,IRL,EURO,322,0,0,2,0,0
Israel,2025-11-12,ISR,EURO,384,0,0,7,0,0
Italy,2025-11-12,ITA,EURO,1294,0,0,61,0,0
Kosovo,2025-11-12,XKX,EURO,1,0,0,0,0,0
Latvia,2025-11-12,LVA,EURO,6,0,0,0,0,0
Lithuania,2025-11-12,LTU,EURO,6,0,0,0,0,0
Luxembourg,2025-11-12,LUX,EURO,66,0,0,0,0,0
Malta,2025-11-12,MLT,EURO,49,0,0,0,0,0
Monaco,2025-11-12,MCO,EURO,3,0,0,0,0,0
Montenegro,2025-11-12,MNE,EURO,2,0,0,0,0,0
Netherlands,2025-11-12,NLD,EURO,1573,0,0,7,0,0
North Macedonia,2025-11-12,MKD,EURO,2,0,0,0,0,0
Norway,2025-11-12,NOR,EURO,132,0,0,1,0,0
Poland,2025-11-12,POL,EURO,253,0,0,5,0,0
Portugal,2025-11-12,PRT,EURO,1295,0,2,18,0,0
Republic of Moldova,2025-11-12,MDA,EURO,2,0,0,0,0,0
Romania,2025-11-12,ROU,EURO,51,0,0,0,0,0
Russian Federation,2025-11-12,RUS,EURO,4,0,0,0,0,0
San Marino,2025-11-12,SMR,EURO,1,0,0,0,0,0
Serbia,2025-11-12,SRB,EURO,40,0,0,0,0,0
Slovakia,2025-11-12,SVK,EURO,19,0,0,0,0,0
Slovenia,2025-11-12,SVN,EURO,48,0,0,0,0,0
Spain,2025-11-12,ESP,EURO,9248,0,4,137,0,0
Sweden,2025-11-12,SWE,EURO,373,0,0,0,0,0
Switzerland,2025-11-12,CHE,EURO,660,0,0,9,0,0
The United Kingdom,2025-11-12,GBR,EURO,4426,0,0,50,0,0
Türkiye,2025-11-12,TUR,EURO,71,0,0,0,0,0
Ukraine,2025-11-12,UKR,EURO,5,0,0,0,0,0
Singapore,2025-11-14,SGP,WPRO,85,0,0,4,0,0
Burundi,2025-11-16,BDI,AFRO,4585,0,1,16,0,0
Cameroon,2025-11-16,CMR,AFRO,60,0,5,1,0,0
Central African Republic,2025-11-16,CAF,AFRO,202,0,10,3,0,1
Congo,2025-11-16,COG,AFRO,142,0,3,3,0,0
Democratic Republic of the Congo,2025-11-16,COD,AFRO,32324,0,80,72,0,0
Ghana,2025-11-16,GHA,AFRO,973,0,7,26,0,0
Guinea,2025-11-16,GIN,AFRO,1676,0,6,72,0,0
Kenya,2025-11-16,KEN,AFRO,849,0,13,31,0,1
Liberia,2025-11-16,LBR,AFRO,1415,0,6,48,0,0
Malawi,2025-11-16,MWI,AFRO,143,0,1,2,0,0
Mali,2025-11-16,MLI,AFRO,0,0,0,0,0,0
Mozambique,2025-11-16,MOZ,AFRO,91,0,1,0,0,0
Namibia,2025-11-16,NAM,AFRO,2,0,0,0,0,0
Nigeria,2025-11-16,NGA,AFRO,1455,0,15,1,0,0
Rwanda,2025-11-16,RWA,AFRO,128,0,0,0,0,0
Senegal,2025-11-16,SEN,AFRO,4,0,0,0,0,0
Sierra Leone,2025-11-16,SLE,AFRO,5442,0,60,0,0,0
South Africa,2025-11-16,ZAF,AFRO,43,0,3,0,0,0
South Sudan,2025-11-16,SSD,AFRO,32,0,0,6,0,0
Togo,2025-11-16,TGO,AFRO,88,0,0,0,0,0
Uganda,2025-11-16,UGA,AFRO,8397,0,51,23,0,0
United Republic of Tanzania,2025-11-16,TZA,AFRO,239,0,0,5,0,0
Zambia,2025-11-16,ZMB,AFRO,349,0,3,22,0,0
Argentina,2025-11-17,ARG,AMRO,1409,0,2,0,0,0
Aruba,2025-11-17,ABW,AMRO,3,0,0,0,0,0
Bahamas,2025-11-17,BHS,AMRO,4,0,0,0,0,0
Barbados,2025-11-17,BRB,AMRO,1,0,0,0,0,0
Bermuda,2025-11-17,BMU,AMRO,1,0,0,0,0,0
Bolivia (Plurinational State of),2025-11-17,BOL,AMRO,285,0,0,4,0,0
Brazil,2025-11-17,BRA,AMRO,14717,0,19,7,0,0
Canada,2025-11-17,CAN,AMRO,2294,0,0,6,0,0
Chile,2025-11-17,CHL,AMRO,1783,0,4,7,0,0
Colombia,2025-11-17,COL,AMRO,4719,0,0,21,0,0
Costa Rica,2025-11-17,CRI,AMRO,232,0,1,0,0,0
Cuba,2025-11-17,CUB,AMRO,8,0,1,0,0,0
Curaçao,2025-11-17,CUW,AMRO,3,0,0,0,0,0
Dominican Republic,2025-11-17,DOM,AMRO,83,0,1,0,0,0
Ecuador,2025-11-17,ECU,AMRO,629,0,3,0,0,0
El Salvador,2025-11-17,SLV,AMRO,106,0,0,0,0,0
Guadeloupe,2025-11-17,GLP,AMRO,1,0,0,0,0,0
Guatemala,2025-11-17,GTM,AMRO,411,0,2,0,0,0
Guyana,2025-11-17,GUY,AMRO,2,0,0,0,0,0
Honduras,2025-11-17,HND,AMRO,53,0,0,0,0,0
Jamaica,2025-11-17,JAM,AMRO,22,0,0,0,0,0
Martinique,2025-11-17,MTQ,AMRO,7,0,0,0,0,0
Mexico,2025-11-17,MEX,AMRO,4968,0,40,7,0,0
Panama,2025-11-17,PAN,AMRO,258,0,1,0,0,0
Paraguay,2025-11-17,PRY,AMRO,131,0,0,0,0,0
Peru,2025-11-17,PER,AMRO,3964,0,26,0,0,0
Saint Martin,2025-11-17,MAF,AMRO,1,0,0,0,0,0
Trinidad and Tobago,2025-11-17,TTO,AMRO,4,0,0,0,0,0
United States of America,2025-11-17,USA,AMRO,36871,0,63,70,0,0
Uruguay,2025-11-17,URY,AMRO,20,0,0,0,0,0
Venezuela (Bolivarian Republic of),2025-11-17,VEN,AMRO,12,0,0,0,0,0
China,2025-11-18,CHN,WPRO,3707,0,1,1,0,0
China,2025-11-19,CHN,WPRO,3711,0,1,4,0,0
Singapore,2025-11-19,SGP,WPRO,86,0,0,1,0,0
Republic of Korea,2025-11-22,KOR,WPRO,196,0,0,2,0,0
Burundi,2025-11-23,BDI,AFRO,4591,0,1,6,0,0
Cameroon,2025-11-23,CMR,AFRO,61,0,5,1,0,0
Central African Republic,2025-11-23,CAF,AFRO,203,0,10,1,0,0
Congo,2025-11-23,COG,AFRO,149,0,3,7,0,0
Democratic Republic of the Congo,2025-11-23,COD,AFRO,32432,0,80,108,0,0
Ghana,2025-11-23,GHA,AFRO,994,0,7,21,0,0
Guinea,2025-11-23,GIN,AFRO,1728,0,6,52,0,0
Kenya,2025-11-23,KEN,AFRO,863,0,13,14,0,0
Liberia,2025-11-23,LBR,AFRO,1439,0,6,24,0,0
Malawi,2025-11-23,MWI,AFRO,145,0,1,2,0,0
Mali,2025-11-23,MLI,AFRO,1,0,0,1,0,0
Mozambique,2025-11-23,MOZ,AFRO,92,0,1,1,0,0
Namibia,2025-11-23,NAM,AFRO,2,0,0,0,0,0
Nigeria,2025-11-23,NGA,AFRO,1463,0,15,8,0,0
Rwanda,2025-11-23,RWA,AFRO,128,0,0,0,0,0
Senegal,2025-11-23,SEN,AFRO,4,0,0,0,0,0
Sierra Leone,2025-11-23,SLE,AFRO,5442,0,60,0,0,0
South Africa,2025-11-23,ZAF,AFRO,43,0,3,0,0,0
South Sudan,2025-11-23,SSD,AFRO,35,0,0,3,0,0
Togo,2025-11-23,TGO,AFRO,88,0,0,0,0,0
Uganda,2025-11-23,UGA,AFRO,8406,0,51,9,0,0
United Republic of Tanzania,2025-11-23,TZA,AFRO,245,0,0,6,0,0
Zambia,2025-11-23,ZMB,AFRO,355,0,3,6,0,0
Argentina,2025-11-24,ARG,AMRO,1409,0,2,0,0,0
Aruba,2025-11-24,ABW,AMRO,3,0,0,0,0,0
Bahamas,2025-11-24,BHS,AMRO,4,0,0,0,0,0
Barbados,2025-11-24,BRB,AMRO,1,0,0,0,0,0
Bermuda,2025-11-24,BMU,AMRO,1,0,0,0,0,0
Bolivia (Plurinational State of),2025-11-24,BOL,AMRO,285,0,0,0,0,0
Brazil,2025-11-24,BRA,AMRO,14730,0,19,13,0,0
Canada,2025-11-24,CAN,AMRO,2298,0,0,4,0,0
Chile,2025-11-24,CHL,AMRO,1791,0,4,8,0,0
Colombia,2025-11-24,COL,AMRO,4737,0,0,18,0,0
Costa Rica,2025-11-24,CRI,AMRO,232,0,1,0,0,0
Cuba,2025-11-24,CUB,AMRO,8,0,1,0,0,0
Curaçao,2025-11-24,CUW,AMRO,3,0,0,0,0,0
Dominican Republic,2025-11-24,DOM,AMRO,83,0,1,0,0,0
Ecuador,2025-11-24,ECU,AMRO,629,0,3,0,0,0
El Salvador,2025-11-24,SLV,AMRO,106,0,0,0,0,0
Guadeloupe,2025-11-24,GLP,AMRO,1,0,0,0,0,0
Guatemala,2025-11-24,GTM,AMRO,411,0,2,0,0,0
Guyana,2025-11-24,GUY,AMRO,2,0,0,0,0,0
Honduras,2025-11-24,HND,AMRO,53,0,0,0,0,0
Jamaica,2025-11-24,JAM,AMRO,22,0,0,0,0,0
Martinique,2025-11-24,MTQ,AMRO,7,0,0,0,0,0
Mexico,2025-11-24,MEX,AMRO,4975,0,40,7,0,0
Panama,2025-11-24,PAN,AMRO,258,0,1,0,0,0
Paraguay,2025-11-24,PRY,AMRO,131,0,0,0,0,0
Peru,2025-11-24,PER,AMRO,3964,0,26,0,0,0
Saint Martin,2025-11-24,MAF,AMRO,1,0,0,0,0,0
Trinidad and Tobago,2025-11-24,TTO,AMRO,4,0,0,0,0,0
United States of America,2025-11-24,USA,AMRO,36917,0,63,46,0,0
Uruguay,2025-11-24,URY,AMRO,20,0,0,0,0,0
Venezuela (Bolivarian Republic of),2025-11-24,VEN,AMRO,12,0,0,0,0,0
Singapore,2025-11-29,SGP,WPRO,88,0,0,2,0,0
Australia,2025-11-30,AUS,WPRO,1802,0,0,12,0,0
Burundi,2025-11-30,BDI,AFRO,4594,0,1,3,0,0
Cameroon,2025-11-30,CMR,AFRO,61,0,5,0,0,0
Central African Republic,2025-11-30,CAF,AFRO,205,0,10,2,0,0
China,2025-11-30,CHN,WPRO,3776,0,1,65,0,0
Congo,2025-11-30,COG,AFRO,153,0,3,4,0,0
Democratic Republic of the Congo,2025-11-30,COD,AFRO,32568,0,80,136,0,0
Ghana,2025-11-30,GHA,AFRO,1011,0,8,17,0,1
Guinea,2025-11-30,GIN,AFRO,1781,0,6,53,0,0
India,2025-11-30,IND,SEARO,59,0,1,3,0,0
Kenya,2025-11-30,KEN,AFRO,894,0,13,31,0,0
Liberia,2025-11-30,LBR,AFRO,1456,0,6,17,0,0
Malawi,2025-11-30,MWI,AFRO,147,0,1,2,0,0
Malaysia,2025-11-30,MYS,WPRO,24,0,0,6,0,0
Mali,2025-11-30,MLI,AFRO,3,0,0,2,0,0
Mozambique,2025-11-30,MOZ,AFRO,92,0,1,0,0,0
Namibia,2025-11-30,NAM,AFRO,2,0,0,0,0,0
Nepal,2025-11-30,NPL,SEARO,5,0,0,0,0,0
Nigeria,2025-11-30,NGA,AFRO,1472,0,15,9,0,0
Philippines,2025-11-30,PHL,WPRO,360,0,9,0,0,0
Republic of Korea,2025-11-30,KOR,WPRO,196,0,0,0,0,0
Rwanda,2025-11-30,RWA,AFRO,128,0,0,0,0,0
Senegal,2025-11-30,SEN,AFRO,4,0,0,0,0,0
Sierra Leone,2025-11-30,SLE,AFRO,5442,0,60,0,0,0
South Africa,2025-11-30,ZAF,AFRO,43,0,3,0,0,0
South Sudan,2025-11-30,SSD,AFRO,37,0,0,2,0,0
Sri Lanka,2025-11-30,LKA,SEARO,5,0,0,0,0,0
Thailand,2025-11-30,THA,SEARO,1011,0,13,20,0,0
Togo,2025-11-30,TGO,AFRO,88,0,0,0,0,0
Uganda,2025-11-30,UGA,AFRO,8419,0,51,13,0,0
United Republic of Tanzania,2025-11-30,TZA,AFRO,250,0,0,5,0,0
Zambia,2025-11-30,ZMB,AFRO,362,0,3,7,0,0
Argentina,2025-12-01,ARG,AMRO,1409,0,2,0,0,0
Aruba,2025-12-01,ABW,AMRO,3,0,0,0,0,0
Bahamas,2025-12-01,BHS,AMRO,4,0,0,0,0,0
Barbados,2025-12-01,BRB,AMRO,1,0,0,0,0,0
Bermuda,2025-12-01,BMU,AMRO,1,0,0,0,0,0
Bolivia (Plurinational State of),2025-12-01,BOL,AMRO,285,0,0,0,0,0
Brazil,2025-12-01,BRA,AMRO,14748,0,19,18,0,0
Canada,2025-12-01,CAN,AMRO,2301,0,0,3,0,0
Chile,2025-12-01,CHL,AMRO,1801,0,4,10,0,0
Colombia,2025-12-01,COL,AMRO,4753,0,0,16,0,0
Costa Rica,2025-12-01,CRI,AMRO,232,0,1,0,0,0
Cuba,2025-12-01,CUB,AMRO,8,0,1,0,0,0
Curaçao,2025-12-01,CUW,AMRO,3,0,0,0,0,0
Dominican Republic,2025-12-01,DOM,AMRO,83,0,1,0,0,0
Ecuador,2025-12-01,ECU,AMRO,629,0,3,0,0,0
El Salvador,2025-12-01,SLV,AMRO,106,0,0,0,0,0
Guadeloupe,2025-12-01,GLP,AMRO,1,0,0,0,0,0
Guatemala,2025-12-01,GTM,AMRO,411,0,2,0,0,0
Guyana,2025-12-01,GUY,AMRO,2,0,0,0,0,0
Honduras,2025-12-01,HND,AMRO,53,0,0,0,0,0
Jamaica,2025-12-01,JAM,AMRO,22,0,0,0,0,0
Martinique,2025-12-01,MTQ,AMRO,7,0,0,0,0,0
Mexico,2025-12-01,MEX,AMRO,4980,0,40,5,0,0
Panama,2025-12-01,PAN,AMRO,258,0,1,0,0,0
Paraguay,2025-12-01,PRY,AMRO,131,0,0,0,0,0
Peru,2025-12-01,PER,AMRO,3964,0,26,0,0,0
Qatar,2025-12-01,QAT,EMRO,18,0,0,1,0,0
Saint Martin,2025-12-01,MAF,AMRO,1,0,0,0,0,0
Trinidad and Tobago,2025-12-01,TTO,AMRO,4,0,0,0,0,0
United States of America,2025-12-01,USA,AMRO,36973,0,63,56,0,0
Uruguay,2025-12-01,URY,AMRO,20,0,0,0,0,0
Venezuela (Bolivarian Republic of),2025-12-01,VEN,AMRO,12,0,0,0,0,0
China,2025-12-02,CHN,WPRO,3778,0,1,2,0,0
Republic of Korea,2025-12-04,KOR,WPRO,199,0,0,3,0,0
Singapore,2025-12-05,SGP,WPRO,89,0,0,1,0,0
Burundi,2025-12-07,BDI,AFRO,4596,0,1,2,0,0
Cameroon,2025-12-07,CMR,AFRO,61,0,5,0,0,0
Central African Republic,2025-12-07,CAF,AFRO,206,0,10,1,0,0
Congo,2025-12-07,COG,AFRO,154,0,3,1,0,0
Democratic Republic of the Congo,2025-12-07,COD,AFRO,32694,0,80,126,0,0
Ghana,2025-12-07,GHA,AFRO,1033,0,8,22,0,0
Guinea,2025-12-07,GIN,AFRO,1826,0,6,45,0,0
Kenya,2025-12-07,KEN,AFRO,905,0,13,11,0,0
Liberia,2025-12-07,LBR,AFRO,1472,0,6,16,0,0
Malawi,2025-12-07,MWI,AFRO,148,0,1,1,0,0
Mali,2025-12-07,MLI,AFRO,6,0,0,3,0,0
Mozambique,2025-12-07,MOZ,AFRO,92,0,1,0,0,0
Nigeria,2025-12-07,NGA,AFRO,1475,0,15,3,0,0
Rwanda,2025-12-07,RWA,AFRO,128,0,0,0,0,0
Senegal,2025-12-07,SEN,AFRO,4,0,0,0,0,0
Sierra Leone,2025-12-07,SLE,AFRO,5442,0,60,0,0,0
South Africa,2025-12-07,ZAF,AFRO,43,0,3,0,0,0
South Sudan,2025-12-07,SSD,AFRO,38,0,0,1,0,0
Togo,2025-12-07,TGO,AFRO,88,0,0,0,0,0
Uganda,2025-12-07,UGA,AFRO,8427,0,51,8,0,0
United Republic of Tanzania,2025-12-07,TZA,AFRO,255,0,0,5,0,0
Zambia,2025-12-07,ZMB,AFRO,368,0,3,6,0,0
Argentina,2025-12-08,ARG,AMRO,1409,0,2,0,0,0
Aruba,2025-12-08,ABW,AMRO,3,0,0,0,0,0
Bahamas,2025-12-08,BHS,AMRO,4,0,0,0,0,0
Barbados,2025-12-08,BRB,AMRO,1,0,0,0,0,0
Bermuda,2025-12-08,BMU,AMRO,1,0,0,0,0,0
Bolivia (Plurinational State of),2025-12-08,BOL,AMRO,285,0,0,0,0,0
Brazil,2025-12-08,BRA,AMRO,14765,0,19,17,0,0
Canada,2025-12-08,CAN,AMRO,2309,0,0,8,0,0
Chile,2025-12-08,CHL,AMRO,1816,0,4,15,0,0
Colombia,2025-12-08,COL,AMRO,4766,0,0,13,0,0
Costa Rica,2025-12-08,CRI,AMRO,232,0,1,0,0,0
Cuba,2025-12-08,CUB,AMRO,8,0,1,0,0,0
Curaçao,2025-12-08,CUW,AMRO,3,0,0,0,0,0
Dominican Republic,2025-12-08,DOM,AMRO,83,0,1,0,0,0
Ecuador,2025-12-08,ECU,AMRO,629,0,3,0,0,0
El Salvador,2025-12-08,SLV,AMRO,106,0,0,0,0,0
Guadeloupe,2025-12-08,GLP,AMRO,1,0,0,0,0,0
Guatemala,2025-12-08,GTM,AMRO,411,0,2,0,0,0
Guyana,2025-12-08,GUY,AMRO,2,0,0,0,0,0
Honduras,2025-12-08,HND,AMRO,53,0,0,0,0,0
Jamaica,2025-12-08,JAM,AMRO,22,0,0,0,0,0
Martinique,2025-12-08,MTQ,AMRO,7,0,0,0,0,0
Mexico,2025-12-08,MEX,AMRO,4982,0,40,2,0,0
Panama,2025-12-08,PAN,AMRO,258,0,1,0,0,0
Paraguay,2025-12-08,PRY,AMRO,131,0,0,0,0,0
Peru,2025-12-08,PER,AMRO,3964,0,26,0,0,0
Saint Martin,2025-12-08,MAF,AMRO,1,0,0,0,0,0
Trinidad and Tobago,2025-12-08,TTO,AMRO,4,0,0,0,0,0
United States of America,2025-12-08,USA,AMRO,37041,0,63,68,0,0
Uruguay,2025-12-08,URY,AMRO,20,0,0,0,0,0
Venezuela (Bolivarian Republic of),2025-12-08,VEN,AMRO,12,0,0,0,0,0
China,2025-12-09,CHN,WPRO,3780,0,1,2,0,0
Malaysia,2025-12-11,MYS,WPRO,24,0,0,0,0,0
Pakistan,2025-12-13,PAK,EMRO,32,0,1,1,0,0
Burundi,2025-12-14,BDI,AFRO,4599,0,1,3,0,0
Cameroon,2025-12-14,CMR,AFRO,63,0,5,2,0,0
Central African Republic,2025-12-14,CAF,AFRO,207,0,10,1,0,0
Congo,2025-12-14,COG,AFRO,155,0,3,1,0,0
Democratic Republic of the Congo,2025-12-14,COD,AFRO,32798,0,80,104,0,0
Ghana,2025-12-14,GHA,AFRO,1050,0,8,17,0,0
Guinea,2025-12-14,GIN,AFRO,1860,0,6,34,0,0
Kenya,2025-12-14,KEN,AFRO,916,0,13,11,0,0
Liberia,2025-12-14,LBR,AFRO,1501,0,8,29,0,2
Madagascar,2025-12-14,MDG,AFRO,0,0,0,0,0,0
Malawi,2025-12-14,MWI,AFRO,149,0,1,1,0,0
Mali,2025-12-14,MLI,AFRO,10,0,1,4,0,1
Mozambique,2025-12-14,MOZ,AFRO,92,0,1,0,0,0
Nigeria,2025-12-14,NGA,AFRO,1478,0,15,3,0,0
Rwanda,2025-12-14,RWA,AFRO,128,0,0,0,0,0
Senegal,2025-12-14,SEN,AFRO,4,0,0,0,0,0
Sierra Leone,2025-12-14,SLE,AFRO,5442,0,60,0,0,0
South Africa,2025-12-14,ZAF,AFRO,44,0,3,1,0,0
South Sudan,2025-12-14,SSD,AFRO,38,0,0,0,0,0
Togo,2025-12-14,TGO,AFRO,88,0,0,0,0,0
Uganda,2025-12-14,UGA,AFRO,8439,0,51,12,0,0
United Republic of Tanzania,2025-12-14,TZA,AFRO,261,0,0,6,0,0
Zambia,2025-12-14,ZMB,AFRO,372,0,3,4,0,0
Argentina,2025-12-15,ARG,AMRO,1409,0,2,0,0,0
Aruba,2025-12-15,ABW,AMRO,3,0,0,0,0,0
Bahamas,2025-12-15,BHS,AMRO,4,0,0,0,0,0
Barbados,2025-12-15,BRB,AMRO,1,0,0,0,0,0
Bermuda,2025-12-15,BMU,AMRO,1,0,0,0,0,0
Bolivia (Plurinational State of),2025-12-15,BOL,AMRO,285,0,0,0,0,0
Brazil,2025-12-15,BRA,AMRO,14775,0,19,10,0,0
Canada,2025-12-15,CAN,AMRO,2313,0,0,4,0,0
Chile,2025-12-15,CHL,AMRO,1829,0,4,13,0,0
Colombia,2025-12-15,COL,AMRO,4772,0,0,6,0,0
Costa Rica,2025-12-15,CRI,AMRO,232,0,1,0,0,0
Cuba,2025-12-15,CUB,AMRO,8,0,1,0,0,0
Curaçao,2025-12-15,CUW,AMRO,3,0,0,0,0,0
Dominican Republic,2025-12-15,DOM,AMRO,83,0,1,0,0,0
Ecuador,2025-12-15,ECU,AMRO,629,0,3,0,0,0
El Salvador,2025-12-15,SLV,AMRO,106,0,0,0,0,0
Guadeloupe,2025-12-15,GLP,AMRO,1,0,0,0,0,0
Guatemala,2025-12-15,GTM,AMRO,411,0,2,0,0,0
Guyana,2025-12-15,GUY,AMRO,2,0,0,0,0,0
Honduras,2025-12-15,HND,AMRO,53,0,0,0,0,0
Jamaica,2025-12-15,JAM,AMRO,22,0,0,0,0,0
Martinique,2025-12-15,MTQ,AMRO,7,0,0,0,0,0
Mexico,2025-12-15,MEX,AMRO,4984,0,40,2,0,0
Panama,2025-12-15,PAN,AMRO,258,0,1,0,0,0
Paraguay,2025-12-15,PRY,AMRO,131,0,0,0,0,0
Peru,2025-12-15,PER,AMRO,3964,0,26,0,0,0
Saint Martin,2025-12-15,MAF,AMRO,1,0,0,0,0,0
Trinidad and Tobago,2025-12-15,TTO,AMRO,4,0,0,0,0,0
United States of America,2025-12-15,USA,AMRO,37086,0,63,45,0,0
Uruguay,2025-12-15,URY,AMRO,20,0,0,0,0,0
Venezuela (Bolivarian Republic of),2025-12-15,VEN,AMRO,12,0,0,0,0,0
Pakistan,2025-12-17,PAK,EMRO,33,0,2,1,0,1
Singapore,2025-12-19,SGP,WPRO,90,0,0,1,0,0
Burundi,2025-12-21,BDI,AFRO,4605,0,1,6,0,0
Cameroon,2025-12-21,CMR,AFRO,63,0,5,0,0,0
Central African Republic,2025-12-21,CAF,AFRO,208,0,10,1,0,0
Congo,2025-12-21,COG,AFRO,155,0,3,0,0,0
Democratic Republic of the Congo,2025-12-21,COD,AFRO,32927,0,80,129,0,0
Ghana,2025-12-21,GHA,AFRO,1063,0,10,13,0,2
Guinea,2025-12-21,GIN,AFRO,1926,0,6,66,0,0
Kenya,2025-12-21,KEN,AFRO,942,0,13,26,0,0
Liberia,2025-12-21,LBR,AFRO,1514,0,8,13,0,0
Madagascar,2025-12-21,MDG,AFRO,5,0,0,5,0,0
Malawi,2025-12-21,MWI,AFRO,149,0,1,0,0,0
Mali,2025-12-21,MLI,AFRO,11,0,1,1,0,0
Mozambique,2025-12-21,MOZ,AFRO,92,0,1,0,0,0
Nigeria,2025-12-21,NGA,AFRO,1481,0,15,3,0,0
Rwanda,2025-12-21,RWA,AFRO,128,0,0,0,0,0
Senegal,2025-12-21,SEN,AFRO,4,0,0,0,0,0
South Africa,2025-12-21,ZAF,AFRO,45,0,3,1,0,0
South Sudan,2025-12-21,SSD,AFRO,38,0,0,0,0,0
Togo,2025-12-21,TGO,AFRO,88,0,0,0,0,0
Uganda,2025-12-21,UGA,AFRO,8442,0,51,3,0,0
United Republic of Tanzania,2025-12-21,TZA,AFRO,264,0,0,3,0,0
Zambia,2025-12-21,ZMB,AFRO,375,0,3,3,0,0
Argentina,2025-12-22,ARG,AMRO,1410,0,2,1,0,0
Aruba,2025-12-22,ABW,AMRO,3,0,0,0,0,0
Bahamas,2025-12-22,BHS,AMRO,4,0,0,0,0,0
Barbados,2025-12-22,BRB,AMRO,1,0,0,0,0,0
Bermuda,2025-12-22,BMU,AMRO,1,0,0,0,0,0
Bolivia (Plurinational State of),2025-12-22,BOL,AMRO,285,0,0,0,0,0
Brazil,2025-12-22,BRA,AMRO,14792,0,19,17,0,0
Canada,2025-12-22,CAN,AMRO,2317,0,0,4,0,0
Chile,2025-12-22,CHL,AMRO,1845,0,4,16,0,0
Colombia,2025-12-22,COL,AMRO,4780,0,0,8,0,0
Costa Rica,2025-12-22,CRI,AMRO,232,0,1,0,0,0
Cuba,2025-12-22,CUB,AMRO,8,0,1,0,0,0
Curaçao,2025-12-22,CUW,AMRO,3,0,0,0,0,0
Dominican Republic,2025-12-22,DOM,AMRO,83,0,1,0,0,0
Ecuador,2025-12-22,ECU,AMRO,629,0,3,0,0,0
El Salvador,2025-12-22,SLV,AMRO,106,0,0,0,0,0
Guadeloupe,2025-12-22,GLP,AMRO,1,0,0,0,0,0
Guatemala,2025-12-22,GTM,AMRO,411,0,2,0,0,0
Guyana,2025-12-22,GUY,AMRO,2,0,0,0,0,0
Honduras,2025-12-22,HND,AMRO,53,0,0,0,0,0
Jamaica,2025-12-22,JAM,AMRO,22,0,0,0,0,0
Japan,2025-12-22,JPN,WPRO,266,0,1,6,0,0
Martinique,2025-12-22,MTQ,AMRO,7,0,0,0,0,0
Mexico,2025-12-22,MEX,AMRO,4986,0,40,2,0,0
Panama,2025-12-22,PAN,AMRO,258,0,1,0,0,0
Paraguay,2025-12-22,PRY,AMRO,131,0,0,0,0,0
Peru,2025-12-22,PER,AMRO,3964,0,26,0,0,0
Saint Martin,2025-12-22,MAF,AMRO,1,0,0,0,0,0
Trinidad and Tobago,2025-12-22,TTO,AMRO,4,0,0,0,0,0
United States of America,2025-12-22,USA,AMRO,37126,0,63,40,0,0
Uruguay,2025-12-22,URY,AMRO,20,0,0,0,0,0
Venezuela (Bolivarian Republic of),2025-12-22,VEN,AMRO,12,0,0,0,0,0
China,2025-12-24,CHN,WPRO,3784,0,1,4,0,0
Albania,2025-12-26,ALB,EURO,1,0,0,0,0,0
Andorra,2025-12-26,AND,EURO,4,0,0,0,0,0
Austria,2025-12-26,AUT,EURO,387,0,1,0,0,0
Azerbaijan,2025-12-26,AZE,EURO,1,0,0,0,0,0
Belgium,2025-12-26,BEL,EURO,917,0,2,0,0,0
Bosnia and Herzegovina,2025-12-26,BIH,EURO,9,0,0,0,0,0
Bulgaria,2025-12-26,BGR,EURO,11,0,0,0,0,0
Croatia,2025-12-26,HRV,EURO,39,0,0,0,0,0
Cyprus,2025-12-26,CYP,EURO,6,0,0,0,0,0
Czechia,2025-12-26,CZE,EURO,109,0,1,0,0,0
Denmark,2025-12-26,DNK,EURO,247,0,0,0,0,0
Estonia,2025-12-26,EST,EURO,11,0,0,0,0,0
Finland,2025-12-26,FIN,EURO,43,0,0,0,0,0
France,2025-12-26,FRA,EURO,4571,0,0,11,0,0
Georgia,2025-12-26,GEO,EURO,2,0,0,0,0,0
Germany,2025-12-26,DEU,EURO,4605,0,0,14,0,0
Gibraltar,2025-12-26,GIB,EURO,6,0,0,0,0,0
Greece,2025-12-26,GRC,EURO,161,0,0,0,0,0
Greenland,2025-12-26,GRL,EURO,2,0,0,0,0,0
Hungary,2025-12-26,HUN,EURO,90,0,0,0,0,0
Iceland,2025-12-26,ISL,EURO,18,0,0,0,0,0
Ireland,2025-12-26,IRL,EURO,324,0,0,2,0,0
Israel,2025-12-26,ISR,EURO,384,0,0,0,0,0
Italy,2025-12-26,ITA,EURO,1305,0,0,11,0,0
Kosovo,2025-12-26,XKX,EURO,1,0,0,0,0,0
Latvia,2025-12-26,LVA,EURO,6,0,0,0,0,0
Lithuania,2025-12-26,LTU,EURO,6,0,0,0,0,0
Luxembourg,2025-12-26,LUX,EURO,66,0,0,0,0,0
Malta,2025-12-26,MLT,EURO,49,0,0,0,0,0
Monaco,2025-12-26,MCO,EURO,3,0,0,0,0,0
Montenegro,2025-12-26,MNE,EURO,2,0,0,0,0,0
Netherlands,2025-12-26,NLD,EURO,1583,0,0,10,0,0
North Macedonia,2025-12-26,MKD,EURO,2,0,0,0,0,0
Norway,2025-12-26,NOR,EURO,132,0,0,0,0,0
Poland,2025-12-26,POL,EURO,256,0,0,3,0,0
Portugal,2025-12-26,PRT,EURO,1308,0,2,13,0,0
Republic of Moldova,2025-12-26,MDA,EURO,2,0,0,0,0,0
Romania,2025-12-26,ROU,EURO,51,0,0,0,0,0
Russian Federation,2025-12-26,RUS,EURO,4,0,0,0,0,0
San Marino,2025-12-26,SMR,EURO,1,0,0,0,0,0
Serbia,2025-12-26,SRB,EURO,40,0,0,0,0,0
Slovakia,2025-12-26,SVK,EURO,19,0,0,0,0,0
Slovenia,2025-12-26,SVN,EURO,48,0,0,0,0,0
Spain,2025-12-26,ESP,EURO,9289,0,4,41,0,0
Sweden,2025-12-26,SWE,EURO,374,0,0,1,0,0
Switzerland,2025-12-26,CHE,EURO,661,0,0,1,0,0
The United Kingdom,2025-12-26,GBR,EURO,4448,0,0,22,0,0
Türkiye,2025-12-26,TUR,EURO,71,0,0,0,0,0
Ukraine,2025-12-26,UKR,EURO,5,0,0,0,0,0
Burundi,2025-12-28,BDI,AFRO,4608,0,1,3,0,0
Cameroon,2025-12-28,CMR,AFRO,63,0,5,0,0,0
Central African Republic,2025-12-28,CAF,AFRO,210,0,10,2,0,0
Congo,2025-12-28,COG,AFRO,155,0,3,0,0,0
Democratic Republic of the Congo,2025-12-28,COD,AFRO,32956,0,80,29,0,0
Ghana,2025-12-28,GHA,AFRO,1076,0,11,13,0,1
Guinea,2025-12-28,GIN,AFRO,1964,0,6,38,0,0
Kenya,2025-12-28,KEN,AFRO,949,0,13,7,0,0
Liberia,2025-12-28,LBR,AFRO,1531,0,8,17,0,0
Madagascar,2025-12-28,MDG,AFRO,13,0,0,8,0,0
Malawi,2025-12-28,MWI,AFRO,149,0,1,0,0,0
Mali,2025-12-28,MLI,AFRO,11,0,1,0,0,0
Mozambique,2025-12-28,MOZ,AFRO,92,0,1,0,0,0
Nigeria,2025-12-28,NGA,AFRO,1484,0,15,3,0,0
Rwanda,2025-12-28,RWA,AFRO,128,0,0,0,0,0
Senegal,2025-12-28,SEN,AFRO,4,0,0,0,0,0
South Africa,2025-12-28,ZAF,AFRO,45,0,3,0,0,0
South Sudan,2025-12-28,SSD,AFRO,38,0,0,0,0,0
Togo,2025-12-28,TGO,AFRO,88,0,0,0,0,0
Uganda,2025-12-28,UGA,AFRO,8445,0,51,3,0,0
United Republic of Tanzania,2025-12-28,TZA,AFRO,268,0,0,4,0,0
Zambia,2025-12-28,ZMB,AFRO,377,0,3,2,0,0
Argentina,2025-12-29,ARG,AMRO,1413,0,2,3,0,0
Aruba,2025-12-29,ABW,AMRO,3,0,0,0,0,0
Bahamas,2025-12-29,BHS,AMRO,4,0,0,0,0,0
Barbados,2025-12-29,BRB,AMRO,1,0,0,0,0,0
Bermuda,2025-12-29,BMU,AMRO,1,0,0,0,0,0
Bolivia (Plurinational State of),2025-12-29,BOL,AMRO,285,0,0,0,0,0
Brazil,2025-12-29,BRA,AMRO,14812,0,19,20,0,0
Canada,2025-12-29,CAN,AMRO,2317,0,0,0,0,0
Chile,2025-12-29,CHL,AMRO,1859,0,4,14,0,0
Colombia,2025-12-29,COL,AMRO,4796,0,0,16,0,0
Costa Rica,2025-12-29,CRI,AMRO,232,0,1,0,0,0
Cuba,2025-12-29,CUB,AMRO,8,0,1,0,0,0
Curaçao,2025-12-29,CUW,AMRO,3,0,0,0,0,0
Dominican Republic,2025-12-29,DOM,AMRO,83,0,1,0,0,0
Ecuador,2025-12-29,ECU,AMRO,629,0,3,0,0,0
El Salvador,2025-12-29,SLV,AMRO,106,0,0,0,0,0
Guadeloupe,2025-12-29,GLP,AMRO,1,0,0,0,0,0
Guatemala,2025-12-29,GTM,AMRO,411,0,2,0,0,0
Guyana,2025-12-29,GUY,AMRO,2,0,0,0,0,0
Honduras,2025-12-29,HND,AMRO,53,0,0,0,0,0
Jamaica,2025-12-29,JAM,AMRO,22,0,0,0,0,0
Martinique,2025-12-29,MTQ,AMRO,7,0,0,0,0,0
Mexico,2025-12-29,MEX,AMRO,4989,0,40,3,0,0
Panama,2025-12-29,PAN,AMRO,258,0,1,0,0,0
Paraguay,2025-12-29,PRY,AMRO,131,0,0,0,0,0
Peru,2025-12-29,PER,AMRO,3964,0,26,0,0,0
Qatar,2025-12-29,QAT,EMRO,18,0,0,0,0,0
Saint Martin,2025-12-29,MAF,AMRO,1,0,0,0,0,0
Trinidad and Tobago,2025-12-29,TTO,AMRO,4,0,0,0,0,0
United States of America,2025-12-29,USA,AMRO,37166,0,63,40,0,0
Uruguay,2025-12-29,URY,AMRO,20,0,0,0,0,0
Venezuela (Bolivarian Republic of),2025-12-29,VEN,AMRO,12,0,0,0,0,0
China,2025-12-30,CHN,WPRO,3785,0,1,1,0,0
Iran (Islamic Republic of),2025-12-30,IRN,EMRO,4,0,0,3,0,0
Pakistan,2025-12-30,PAK,EMRO,34,0,2,1,0,0
Australia,2025-12-31,AUS,WPRO,1807,0,0,5,0,0
China,2025-12-31,CHN,WPRO,3830,0,1,45,0,0
India,2025-12-31,IND,SEARO,64,0,1,5,0,0
Japan,2025-12-31,JPN,WPRO,275,0,1,9,0,0
Nepal,2025-12-31,NPL,SEARO,6,0,0,1,0,0
Philippines,2025-12-31,PHL,WPRO,370,0,10,10,0,1
Singapore,2025-12-31,SGP,WPRO,91,0,0,1,0,0
Sri Lanka,2025-12-31,LKA,SEARO,5,0,0,0,0,0
Thailand,2025-12-31,THA,SEARO,1022,0,13,11,0,0
Singapore,2026-01-01,SGP,WPRO,91,0,0,0,0,0
Pakistan,2026-01-03,PAK,EMRO,35,0,2,1,0,0
Burundi,2026-01-04,BDI,AFRO,4616,0,1,8,0,0
Cameroon,2026-01-04,CMR,AFRO,65,0,5,2,0,0
Central African Republic,2026-01-04,CAF,AFRO,211,0,10,1,0,0
Comoros,2026-01-04,COM,AFRO,0,0,0,0,0,0
Congo,2026-01-04,COG,AFRO,158,0,3,3,0,0
Democratic Republic of the Congo,2026-01-04,COD,AFRO,33084,0,80,128,0,0
Ghana,2026-01-04,GHA,AFRO,1090,0,11,14,0,0
Guinea,2026-01-04,GIN,AFRO,1997,0,6,33,0,0
Kenya,2026-01-04,KEN,AFRO,953,0,13,4,0,0
Liberia,2026-01-04,LBR,AFRO,1543,0,8,12,0,0
Madagascar,2026-01-04,MDG,AFRO,19,0,0,6,0,0
Malawi,2026-01-04,MWI,AFRO,151,0,1,2,0,0
Mali,2026-01-04,MLI,AFRO,11,0,1,0,0,0
Mozambique,2026-01-04,MOZ,AFRO,92,0,1,0,0,0
Nigeria,2026-01-04,NGA,AFRO,1487,0,15,3,0,0
Rwanda,2026-01-04,RWA,AFRO,128,0,0,0,0,0
Senegal,2026-01-04,SEN,AFRO,4,0,0,0,0,0
South Africa,2026-01-04,ZAF,AFRO,45,0,3,0,0,0
South Sudan,2026-01-04,SSD,AFRO,38,0,0,0,0,0
Togo,2026-01-04,TGO,AFRO,88,0,0,0,0,0
Uganda,2026-01-04,UGA,AFRO,8448,0,51,3,0,0
United Republic of Tanzania,2026-01-04,TZA,AFRO,273,0,0,5,0,0
Zambia,2026-01-04,ZMB,AFRO,378,0,3,1,0,0
Argentina,2026-01-05,ARG,AMRO,1413,0,2,0,0,0
Aruba,2026-01-05,ABW,AMRO,3,0,0,0,0,0
Bahamas,2026-01-05,BHS,AMRO,4,0,0,0,0,0
Barbados,2026-01-05,BRB,AMRO,1,0,0,0,0,0
Bermuda,2026-01-05,BMU,AMRO,1,0,0,0,0,0
Bolivia (Plurinational State of),2026-01-05,BOL,AMRO,285,0,0,0,0,0
Brazil,2026-01-05,BRA,AMRO,14829,0,19,17,0,0
Canada,2026-01-05,CAN,AMRO,2321,0,0,4,0,0
Chile,2026-01-05,CHL,AMRO,1879,0,4,20,0,0
Colombia,2026-01-05,COL,AMRO,4800,0,0,4,0,0
Costa Rica,2026-01-05,CRI,AMRO,232,0,1,0,0,0
Cuba,2026-01-05,CUB,AMRO,8,0,1,0,0,0
Curaçao,2026-01-05,CUW,AMRO,3,0,0,0,0,0
Dominican Republic,2026-01-05,DOM,AMRO,83,0,1,0,0,0
Ecuador,2026-01-05,ECU,AMRO,629,0,3,0,0,0
El Salvador,2026-01-05,SLV,AMRO,106,0,0,0,0,0
Guadeloupe,2026-01-05,GLP,AMRO,1,0,0,0,0,0
Guatemala,2026-01-05,GTM,AMRO,411,0,2,0,0,0
Guyana,2026-01-05,GUY,AMRO,2,0,0,0,0,0
Honduras,2026-01-05,HND,AMRO,53,0,0,0,0,0
Jamaica,2026-01-05,JAM,AMRO,22,0,0,0,0,0
Martinique,2026-01-05,MTQ,AMRO,7,0,0,0,0,0
Mexico,2026-01-05,MEX,AMRO,4990,0,40,1,0,0
Panama,2026-01-05,PAN,AMRO,258,0,1,0,0,0
Paraguay,2026-01-05,PRY,AMRO,131,0,0,0,0,0
Peru,2026-01-05,PER,AMRO,3964,0,26,0,0,0
Saint Martin,2026-01-05,MAF,AMRO,1,0,0,0,0,0
Trinidad and Tobago,2026-01-05,TTO,AMRO,4,0,0,0,0,0
United States of America,2026-01-05,USA,AMRO,37210,0,63,44,0,0
Uruguay,2026-01-05,URY,AMRO,20,0,0,0,0,0
Venezuela (Bolivarian Republic of),2026-01-05,VEN,AMRO,12,0,0,0,0,0
Burundi,2026-01-11,BDI,AFRO,4620,0,1,4,0,0
Cameroon,2026-01-11,CMR,AFRO,66,0,5,1,0,0
Central African Republic,2026-01-11,CAF,AFRO,211,0,10,0,0,0
Comoros,2026-01-11,COM,AFRO,3,0,0,3,0,0
Congo,2026-01-11,COG,AFRO,163,0,3,5,0,0
Democratic Republic of the Congo,2026-01-11,COD,AFRO,33176,0,80,92,0,0
Ghana,2026-01-11,GHA,AFRO,1113,0,11,23,0,0
Guinea,2026-01-11,GIN,AFRO,2030,0,6,33,0,0
Kenya,2026-01-11,KEN,AFRO,965,0,14,12,0,1
Liberia,2026-01-11,LBR,AFRO,1558,0,8,15,0,0
Madagascar,2026-01-11,MDG,AFRO,22,0,0,3,0,0
Malawi,2026-01-11,MWI,AFRO,152,0,1,1,0,0
Mali,2026-01-11,MLI,AFRO,12,0,1,1,0,0
Mozambique,2026-01-11,MOZ,AFRO,94,0,1,2,0,0
Nigeria,2026-01-11,NGA,AFRO,1490,0,15,3,0,0
Rwanda,2026-01-11,RWA,AFRO,131,0,0,3,0,0
Senegal,2026-01-11,SEN,AFRO,4,0,0,0,0,0
South Africa,2026-01-11,ZAF,AFRO,46,0,3,1,0,0
South Sudan,2026-01-11,SSD,AFRO,38,0,0,0,0,0
Togo,2026-01-11,TGO,AFRO,88,0,0,0,0,0
Uganda,2026-01-11,UGA,AFRO,8476,0,51,28,0,0
United Republic of Tanzania,2026-01-11,TZA,AFRO,276,0,0,3,0,0
Zambia,2026-01-11,ZMB,AFRO,380,0,3,2,0,0
Argentina,2026-01-12,ARG,AMRO,1414,0,2,1,0,0
Aruba,2026-01-12,ABW,AMRO,3,0,0,0,0,0
Bahamas,2026-01-12,BHS,AMRO,4,0,0,0,0,0
Barbados,2026-01-12,BRB,AMRO,1,0,0,0,0,0
Bermuda,2026-01-12,BMU,AMRO,1,0,0,0,0,0
Bolivia (Plurinational State of),2026-01-12,BOL,AMRO,286,0,0,1,0,0
Brazil,2026-01-12,BRA,AMRO,14840,0,19,11,0,0
Canada,2026-01-12,CAN,AMRO,2326,0,0,5,0,0
Chile,2026-01-12,CHL,AMRO,1899,0,4,20,0,0
Colombia,2026-01-12,COL,AMRO,4804,0,0,4,0,0
Costa Rica,2026-01-12,CRI,AMRO,232,0,1,0,0,0
Cuba,2026-01-12,CUB,AMRO,8,0,1,0,0,0
Curaçao,2026-01-12,CUW,AMRO,3,0,0,0,0,0
Dominican Republic,2026-01-12,DOM,AMRO,83,0,1,0,0,0
Ecuador,2026-01-12,ECU,AMRO,629,0,3,0,0,0
El Salvador,2026-01-12,SLV,AMRO,106,0,0,0,0,0
Guadeloupe,2026-01-12,GLP,AMRO,1,0,0,0,0,0
Guatemala,2026-01-12,GTM,AMRO,411,0,2,0,0,0
Guyana,2026-01-12,GUY,AMRO,2,0,0,0,0,0
Honduras,2026-01-12,HND,AMRO,53,0,0,0,0,0
Jamaica,2026-01-12,JAM,AMRO,22,0,0,0,0,0
Martinique,2026-01-12,MTQ,AMRO,7,0,0,0,0,0
Mexico,2026-01-12,MEX,AMRO,4995,0,40,5,0,0
Panama,2026-01-12,PAN,AMRO,258,0,1,0,0,0
Paraguay,2026-01-12,PRY,AMRO,131,0,0,0,0,0
Peru,2026-01-12,PER,AMRO,3964,0,26,0,0,0
Saint Martin,2026-01-12,MAF,AMRO,1,0,0,0,0,0
Trinidad and Tobago,2026-01-12,TTO,AMRO,4,0,0,0,0,0
United States of America,2026-01-12,USA,AMRO,37245,0,63,35,0,0
Uruguay,2026-01-12,URY,AMRO,20,0,0,0,0,0
Venezuela (Bolivarian Republic of),2026-01-12,VEN,AMRO,12,0,0,0,0,0
Japan,2026-01-13,JPN,WPRO,276,0,1,1,0,0
Albania,2026-01-15,ALB,EURO,1,0,0,0,0,0
Andorra,2026-01-15,AND,EURO,4,0,0,0,0,0
Austria,2026-01-15,AUT,EURO,387,0,1,0,0,0
Azerbaijan,2026-01-15,AZE,EURO,1,0,0,0,0,0
Belgium,2026-01-15,BEL,EURO,919,0,2,2,0,0
Bosnia and Herzegovina,2026-01-15,BIH,EURO,9,0,0,0,0,0
Bulgaria,2026-01-15,BGR,EURO,11,0,0,0,0,0
China,2026-01-15,CHN,WPRO,3834,0,1,4,0,0
Croatia,2026-01-15,HRV,EURO,39,0,0,0,0,0
Cyprus,2026-01-15,CYP,EURO,6,0,0,0,0,0
Czechia,2026-01-15,CZE,EURO,111,0,1,2,0,0
Denmark,2026-01-15,DNK,EURO,247,0,0,0,0,0
Estonia,2026-01-15,EST,EURO,11,0,0,0,0,0
Finland,2026-01-15,FIN,EURO,43,0,0,0,0,0
France,2026-01-15,FRA,EURO,4589,0,0,18,0,0
Georgia,2026-01-15,GEO,EURO,2,0,0,0,0,0
Germany,2026-01-15,DEU,EURO,4636,0,0,31,0,0
Gibraltar,2026-01-15,GIB,EURO,6,0,0,0,0,0
Greece,2026-01-15,GRC,EURO,161,0,0,0,0,0
Greenland,2026-01-15,GRL,EURO,2,0,0,0,0,0
Hungary,2026-01-15,HUN,EURO,90,0,0,0,0,0
Iceland,2026-01-15,ISL,EURO,18,0,0,0,0,0
Ireland,2026-01-15,IRL,EURO,330,0,0,6,0,0
Israel,2026-01-15,ISR,EURO,386,0,0,2,0,0
Italy,2026-01-15,ITA,EURO,1334,0,0,29,0,0
Kosovo,2026-01-15,XKX,EURO,1,0,0,0,0,0
Latvia,2026-01-15,LVA,EURO,6,0,0,0,0,0
Lithuania,2026-01-15,LTU,EURO,6,0,0,0,0,0
Luxembourg,2026-01-15,LUX,EURO,66,0,0,0,0,0
Malta,2026-01-15,MLT,EURO,49,0,0,0,0,0
Monaco,2026-01-15,MCO,EURO,3,0,0,0,0,0
Montenegro,2026-01-15,MNE,EURO,2,0,0,0,0,0
Netherlands,2026-01-15,NLD,EURO,1604,0,0,21,0,0
North Macedonia,2026-01-15,MKD,EURO,2,0,0,0,0,0
Norway,2026-01-15,NOR,EURO,136,0,0,4,0,0
Poland,2026-01-15,POL,EURO,257,0,0,1,0,0
Portugal,2026-01-15,PRT,EURO,1338,0,2,30,0,0
Republic of Moldova,2026-01-15,MDA,EURO,2,0,0,0,0,0
Romania,2026-01-15,ROU,EURO,51,0,0,0,0,0
Russian Federation,2026-01-15,RUS,EURO,4,0,0,0,0,0
San Marino,2026-01-15,SMR,EURO,1,0,0,0,0,0
Serbia,2026-01-15,SRB,EURO,40,0,0,0,0,0
Slovakia,2026-01-15,SVK,EURO,19,0,0,0,0,0
Slovenia,2026-01-15,SVN,EURO,48,0,0,0,0,0
Spain,2026-01-15,ESP,EURO,9370,0,4,81,0,0
Sweden,2026-01-15,SWE,EURO,375,0,0,1,0,0
Switzerland,2026-01-15,CHE,EURO,666,0,0,5,0,0
The United Kingdom,2026-01-15,GBR,EURO,4509,0,0,61,0,0
Türkiye,2026-01-15,TUR,EURO,72,0,0,1,0,0
Ukraine,2026-01-15,UKR,EURO,5,0,0,0,0,0
Pakistan,2026-01-16,PAK,EMRO,36,0,2,1,0,0
Singapore,2026-01-16,SGP,WPRO,93,0,0,2,0,0
Burundi,2026-01-18,BDI,AFRO,4623,0,1,3,0,0
Cameroon,2026-01-18,CMR,AFRO,71,0,5,5,0,0
Central African Republic,2026-01-18,CAF,AFRO,211,0,10,0,0,0
Comoros,2026-01-18,COM,AFRO,6,0,0,3,0,0
Congo,2026-01-18,COG,AFRO,163,0,3,0,0,0
Democratic Republic of the Congo,2026-01-18,COD,AFRO,33279,0,80,103,0,0
Ghana,2026-01-18,GHA,AFRO,1126,0,11,13,0,0
Guinea,2026-01-18,GIN,AFRO,2055,0,6,25,0,0
Kenya,2026-01-18,KEN,AFRO,976,0,14,11,0,0
Liberia,2026-01-18,LBR,AFRO,1592,0,8,34,0,0
Madagascar,2026-01-18,MDG,AFRO,93,0,0,71,0,0
Malawi,2026-01-18,MWI,AFRO,152,0,1,0,0,0
Mali,2026-01-18,MLI,AFRO,15,0,2,3,0,1
Mozambique,2026-01-18,MOZ,AFRO,94,0,1,0,0,0
Nigeria,2026-01-18,NGA,AFRO,1494,0,15,4,0,0
Rwanda,2026-01-18,RWA,AFRO,131,0,0,0,0,0
Senegal,2026-01-18,SEN,AFRO,4,0,0,0,0,0
South Africa,2026-01-18,ZAF,AFRO,46,0,3,0,0,0
South Sudan,2026-01-18,SSD,AFRO,40,0,0,2,0,0
Togo,2026-01-18,TGO,AFRO,88,0,0,0,0,0
Uganda,2026-01-18,UGA,AFRO,8480,0,51,4,0,0
United Republic of Tanzania,2026-01-18,TZA,AFRO,281,0,0,5,0,0
Zambia,2026-01-18,ZMB,AFRO,384,0,3,4,0,0
Argentina,2026-01-19,ARG,AMRO,1414,0,2,0,0,0
Aruba,2026-01-19,ABW,AMRO,3,0,0,0,0,0
Bahamas,2026-01-19,BHS,AMRO,4,0,0,0,0,0
Barbados,2026-01-19,BRB,AMRO,1,0,0,0,0,0
Bermuda,2026-01-19,BMU,AMRO,1,0,0,0,0,0
Bolivia (Plurinational State of),2026-01-19,BOL,AMRO,288,0,0,2,0,0
Brazil,2026-01-19,BRA,AMRO,14855,0,19,15,0,0
Canada,2026-01-19,CAN,AMRO,2327,0,0,1,0,0
Chile,2026-01-19,CHL,AMRO,1909,0,4,10,0,0
Colombia,2026-01-19,COL,AMRO,4809,0,0,5,0,0
Costa Rica,2026-01-19,CRI,AMRO,232,0,1,0,0,0
Cuba,2026-01-19,CUB,AMRO,8,0,1,0,0,0
Curaçao,2026-01-19,CUW,AMRO,3,0,0,0,0,0
Dominican Republic,2026-01-19,DOM,AMRO,83,0,1,0,0,0
Ecuador,2026-01-19,ECU,AMRO,629,0,3,0,0,0
El Salvador,2026-01-19,SLV,AMRO,106,0,0,0,0,0
Guadeloupe,2026-01-19,GLP,AMRO,1,0,0,0,0,0
Guatemala,2026-01-19,GTM,AMRO,411,0,2,0,0,0
Guyana,2026-01-19,GUY,AMRO,2,0,0,0,0,0
Honduras,2026-01-19,HND,AMRO,53,0,0,0,0,0
Jamaica,2026-01-19,JAM,AMRO,22,0,0,0,0,0
Martinique,2026-01-19,MTQ,AMRO,7,0,0,0,0,0
Mexico,2026-01-19,MEX,AMRO,4998,0,40,3,0,0
Panama,2026-01-19,PAN,AMRO,258,0,1,0,0,0
Paraguay,2026-01-19,PRY,AMRO,131,0,0,0,0,0
Peru,2026-01-19,PER,AMRO,3964,0,26,0,0,0
Saint Martin,2026-01-19,MAF,AMRO,1,0,0,0,0,0
Trinidad and Tobago,2026-01-19,TTO,AMRO,4,0,0,0,0,0
United States of America,2026-01-19,USA,AMRO,37288,0,63,43,0,0
Uruguay,2026-01-19,URY,AMRO,20,0,0,0,0,0
Venezuela (Bolivarian Republic of),2026-01-19,VEN,AMRO,12,0,0,0,0,0
Republic of Korea,2026-01-22,KOR,WPRO,200,0,0,1,0,0
Pakistan,2026-01-24,PAK,EMRO,37,0,2,1,0,0
Burundi,2026-01-25,BDI,AFRO,4629,0,1,6,0,0
Cameroon,2026-01-25,CMR,AFRO,75,0,5,4,0,0
Central African Republic,2026-01-25,CAF,AFRO,211,0,10,0,0,0
Comoros,2026-01-25,COM,AFRO,10,0,0,4,0,0
Congo,2026-01-25,COG,AFRO,169,0,3,6,0,0
Democratic Republic of the Congo,2026-01-25,COD,AFRO,33358,0,80,79,0,0
Ghana,2026-01-25,GHA,AFRO,1126,0,11,0,0,0
Guinea,2026-01-25,GIN,AFRO,2090,0,6,35,0,0
Kenya,2026-01-25,KEN,AFRO,984,0,14,8,0,0
Liberia,2026-01-25,LBR,AFRO,1616,0,8,24,0,0
Madagascar,2026-01-25,MDG,AFRO,180,0,0,87,0,0
Malawi,2026-01-25,MWI,AFRO,152,0,1,0,0,0
Mali,2026-01-25,MLI,AFRO,16,0,2,1,0,0
Mozambique,2026-01-25,MOZ,AFRO,94,0,1,0,0,0
Nigeria,2026-01-25,NGA,AFRO,1494,0,15,0,0,0
Rwanda,2026-01-25,RWA,AFRO,131,0,0,0,0,0
Senegal,2026-01-25,SEN,AFRO,4,0,0,0,0,0
South Africa,2026-01-25,ZAF,AFRO,47,0,3,1,0,0
South Sudan,2026-01-25,SSD,AFRO,41,0,0,1,0,0
Togo,2026-01-25,TGO,AFRO,89,0,0,1,0,0
Uganda,2026-01-25,UGA,AFRO,8486,0,51,6,0,0
United Republic of Tanzania,2026-01-25,TZA,AFRO,289,0,1,8,0,1
Zambia,2026-01-25,ZMB,AFRO,387,0,3,3,0,0
Argentina,2026-01-26,ARG,AMRO,1415,0,2,1,0,0
Aruba,2026-01-26,ABW,AMRO,3,0,0,0,0,0
Bahamas,2026-01-26,BHS,AMRO,4,0,0,0,0,0
Barbados,2026-01-26,BRB,AMRO,1,0,0,0,0,0
Bermuda,2026-01-26,BMU,AMRO,1,0,0,0,0,0
Bolivia (Plurinational State of),2026-01-26,BOL,AMRO,289,0,0,1,0,0
Brazil,2026-01-26,BRA,AMRO,14870,0,19,15,0,0
Canada,2026-01-26,CAN,AMRO,2328,0,0,1,0,0
Chile,2026-01-26,CHL,AMRO,1915,0,4,6,0,0
Colombia,2026-01-26,COL,AMRO,4810,0,0,1,0,0
Costa Rica,2026-01-26,CRI,AMRO,232,0,1,0,0,0
Cuba,2026-01-26,CUB,AMRO,8,0,1,0,0,0
Curaçao,2026-01-26,CUW,AMRO,3,0,0,0,0,0
Dominican Republic,2026-01-26,DOM,AMRO,83,0,1,0,0,0
Ecuador,2026-01-26,ECU,AMRO,629,0,3,0,0,0
El Salvador,2026-01-26,SLV,AMRO,106,0,0,0,0,0
Guadeloupe,2026-01-26,GLP,AMRO,1,0,0,0,0,0
Guatemala,2026-01-26,GTM,AMRO,411,0,2,0,0,0
Guyana,2026-01-26,GUY,AMRO,2,0,0,0,0,0
Honduras,2026-01-26,HND,AMRO,53,0,0,0,0,0
Jamaica,2026-01-26,JAM,AMRO,22,0,0,0,0,0
Martinique,2026-01-26,MTQ,AMRO,7,0,0,0,0,0
Mexico,2026-01-26,MEX,AMRO,5007,0,40,9,0,0
Panama,2026-01-26,PAN,AMRO,258,0,1,0,0,0
Paraguay,2026-01-26,PRY,AMRO,131,0,0,0,0,0
Peru,2026-01-26,PER,AMRO,3964,0,26,0,0,0
Saint Martin,2026-01-26,MAF,AMRO,1,0,0,0,0,0
Trinidad and Tobago,2026-01-26,TTO,AMRO,4,0,0,0,0,0
United States of America,2026-01-26,USA,AMRO,37315,0,63,27,0,0
Uruguay,2026-01-26,URY,AMRO,20,0,0,0,0,0
Venezuela (Bolivarian Republic of),2026-01-26,VEN,AMRO,12,0,0,0,0,0
China,2026-01-28,CHN,WPRO,3835,0,1,1,0,0
Qatar,2026-01-28,QAT,EMRO,19,0,0,1,0,0
Singapore,2026-01-30,SGP,WPRO,95,0,0,2,0,0
Australia,2026-01-31,AUS,WPRO,1819,0,0,12,0,0
China,2026-01-31,CHN,WPRO,3863,0,1,28,0,0
India,2026-01-31,IND,SEARO,67,0,1,3,0,0
Japan,2026-01-31,JPN,WPRO,282,0,1,6,0,0
Malaysia,2026-01-31,MYS,WPRO,28,0,0,4,0,0
Nepal,2026-01-31,NPL,SEARO,6,0,0,0,0,0
Sri Lanka,2026-01-31,LKA,SEARO,5,0,0,0,0,0
Thailand,2026-01-31,THA,SEARO,1034,0,13,12,0,0
Burundi,2026-02-01,BDI,AFRO,4631,0,1,2,0,0
Cameroon,2026-02-01,CMR,AFRO,79,0,5,4,0,0
Central African Republic,2026-02-01,CAF,AFRO,211,0,10,0,0,0
Comoros,2026-02-01,COM,AFRO,13,0,0,3,0,0
Congo,2026-02-01,COG,AFRO,170,0,3,1,0,0
Democratic Republic of the Congo,2026-02-01,COD,AFRO,33429,0,80,71,0,0
Ghana,2026-02-01,GHA,AFRO,1132,0,11,6,0,0
Guinea,2026-02-01,GIN,AFRO,2111,0,6,21,0,0
Kenya,2026-02-01,KEN,AFRO,996,0,15,12,0,1
Liberia,2026-02-01,LBR,AFRO,1630,0,8,14,0,0
Madagascar,2026-02-01,MDG,AFRO,228,0,0,48,0,0
Malawi,2026-02-01,MWI,AFRO,152,0,1,0,0,0
Mali,2026-02-01,MLI,AFRO,16,0,2,0,0,0
Mozambique,2026-02-01,MOZ,AFRO,94,0,1,0,0,0
Nigeria,2026-02-01,NGA,AFRO,1494,0,15,0,0,0
Rwanda,2026-02-01,RWA,AFRO,131,0,0,0,0,0
Senegal,2026-02-01,SEN,AFRO,5,0,0,1,0,0
South Africa,2026-02-01,ZAF,AFRO,47,0,3,0,0,0
South Sudan,2026-02-01,SSD,AFRO,43,0,1,2,0,1
Togo,2026-02-01,TGO,AFRO,90,0,0,1,0,0
Uganda,2026-02-01,UGA,AFRO,8491,0,51,5,0,0
United Republic of Tanzania,2026-02-01,TZA,AFRO,296,0,1,7,0,0
Zambia,2026-02-01,ZMB,AFRO,398,0,3,11,0,0
Argentina,2026-02-02,ARG,AMRO,1415,0,2,0,0,0
Aruba,2026-02-02,ABW,AMRO,3,0,0,0,0,0
Bahamas,2026-02-02,BHS,AMRO,4,0,0,0,0,0
Barbados,2026-02-02,BRB,AMRO,1,0,0,0,0,0
Bermuda,2026-02-02,BMU,AMRO,1,0,0,0,0,0
Bolivia (Plurinational State of),2026-02-02,BOL,AMRO,289,0,0,0,0,0
Brazil,2026-02-02,BRA,AMRO,14887,0,19,17,0,0
Canada,2026-02-02,CAN,AMRO,2330,0,0,2,0,0
Chile,2026-02-02,CHL,AMRO,1925,0,4,10,0,0
Colombia,2026-02-02,COL,AMRO,4815,0,0,5,0,0
Costa Rica,2026-02-02,CRI,AMRO,232,0,1,0,0,0
Cuba,2026-02-02,CUB,AMRO,8,0,1,0,0,0
Curaçao,2026-02-02,CUW,AMRO,3,0,0,0,0,0
Dominican Republic,2026-02-02,DOM,AMRO,83,0,1,0,0,0
Ecuador,2026-02-02,ECU,AMRO,629,0,3,0,0,0
El Salvador,2026-02-02,SLV,AMRO,106,0,0,0,0,0
Guadeloupe,2026-02-02,GLP,AMRO,1,0,0,0,0,0
Guatemala,2026-02-02,GTM,AMRO,411,0,2,0,0,0
Guyana,2026-02-02,GUY,AMRO,2,0,0,0,0,0
Honduras,2026-02-02,HND,AMRO,53,0,0,0,0,0
Jamaica,2026-02-02,JAM,AMRO,22,0,0,0,0,0
Martinique,2026-02-02,MTQ,AMRO,7,0,0,0,0,0
Mexico,2026-02-02,MEX,AMRO,5011,0,40,4,0,0
Panama,2026-02-02,PAN,AMRO,258,0,1,0,0,0
Paraguay,2026-02-02,PRY,AMRO,131,0,0,0,0,0
Peru,2026-02-02,PER,AMRO,3964,0,26,0,0,0
Saint Martin,2026-02-02,MAF,AMRO,1,0,0,0,0,0
Trinidad and Tobago,2026-02-02,TTO,AMRO,4,0,0,0,0,0
United States of America,2026-02-02,USA,AMRO,37345,0,63,30,0,0
Uruguay,2026-02-02,URY,AMRO,20,0,0,0,0,0
Venezuela (Bolivarian Republic of),2026-02-02,VEN,AMRO,12,0,0,0,0,0
Pakistan,2026-02-05,PAK,EMRO,38,0,2,1,0,0
Burundi,2026-02-08,BDI,AFRO,4640,0,1,9,0,0
Cameroon,2026-02-08,CMR,AFRO,81,0,5,2,0,0
Central African Republic,2026-02-08,CAF,AFRO,211,0,10,0,0,0
Comoros,2026-02-08,COM,AFRO,16,0,0,3,0,0
Congo,2026-02-08,COG,AFRO,173,0,3,3,0,0
Democratic Republic of the Congo,2026-02-08,COD,AFRO,33513,0,80,84,0,0
Ghana,2026-02-08,GHA,AFRO,1132,0,11,0,0,0
Guinea,2026-02-08,GIN,AFRO,2135,0,6,24,0,0
Kenya,2026-02-08,KEN,AFRO,1007,0,15,11,0,0
Liberia,2026-02-08,LBR,AFRO,1640,0,8,10,0,0
Madagascar,2026-02-08,MDG,AFRO,269,0,0,41,0,0
Malawi,2026-02-08,MWI,AFRO,152,0,1,0,0,0
Mali,2026-02-08,MLI,AFRO,18,0,2,2,0,0
Mozambique,2026-02-08,MOZ,AFRO,94,0,1,0,0,0
Nigeria,2026-02-08,NGA,AFRO,1495,0,15,1,0,0
Rwanda,2026-02-08,RWA,AFRO,131,0,0,0,0,0
Senegal,2026-02-08,SEN,AFRO,5,0,0,0,0,0
South Africa,2026-02-08,ZAF,AFRO,47,0,3,0,0,0
South Sudan,2026-02-08,SSD,AFRO,44,0,1,1,0,0
Togo,2026-02-08,TGO,AFRO,90,0,0,0,0,0
Uganda,2026-02-08,UGA,AFRO,8498,0,52,7,0,1
United Republic of Tanzania,2026-02-08,TZA,AFRO,304,0,1,8,0,0
Argentina,2026-02-09,ARG,AMRO,1416,0,2,1,0,0
Aruba,2026-02-09,ABW,AMRO,3,0,0,0,0,0
Bahamas,2026-02-09,BHS,AMRO,4,0,0,0,0,0
Barbados,2026-02-09,BRB,AMRO,1,0,0,0,0,0
Bermuda,2026-02-09,BMU,AMRO,1,0,0,0,0,0
Bolivia (Plurinational State of),2026-02-09,BOL,AMRO,291,0,0,2,0,0
Brazil,2026-02-09,BRA,AMRO,14909,0,19,22,0,0
Canada,2026-02-09,CAN,AMRO,2333,0,0,3,0,0
Chile,2026-02-09,CHL,AMRO,1935,0,4,10,0,0
Colombia,2026-02-09,COL,AMRO,4817,0,0,2,0,0
Costa Rica,2026-02-09,CRI,AMRO,232,0,1,0,0,0
Cuba,2026-02-09,CUB,AMRO,8,0,1,0,0,0
Curaçao,2026-02-09,CUW,AMRO,3,0,0,0,0,0
Dominican Republic,2026-02-09,DOM,AMRO,83,0,1,0,0,0
Ecuador,2026-02-09,ECU,AMRO,629,0,3,0,0,0
El Salvador,2026-02-09,SLV,AMRO,106,0,0,0,0,0
Guadeloupe,2026-02-09,GLP,AMRO,1,0,0,0,0,0
Guatemala,2026-02-09,GTM,AMRO,411,0,2,0,0,0
Guyana,2026-02-09,GUY,AMRO,2,0,0,0,0,0
Honduras,2026-02-09,HND,AMRO,53,0,0,0,0,0
Jamaica,2026-02-09,JAM,AMRO,22,0,0,0,0,0
Martinique,2026-02-09,MTQ,AMRO,7,0,0,0,0,0
Mexico,2026-02-09,MEX,AMRO,5013,0,41,2,0,1
Panama,2026-02-09,PAN,AMRO,258,0,1,0,0,0
Paraguay,2026-02-09,PRY,AMRO,131,0,0,0,0,0
Peru,2026-02-09,PER,AMRO,3964,0,26,0,0,0
Saint Martin,2026-02-09,MAF,AMRO,1,0,0,0,0,0
Trinidad and Tobago,2026-02-09,TTO,AMRO,4,0,0,0,0,0
United States of America,2026-02-09,USA,AMRO,37376,0,63,31,0,0
Uruguay,2026-02-09,URY,AMRO,20,0,0,0,0,0
Venezuela (Bolivarian Republic of),2026-02-09,VEN,AMRO,12,0,0,0,0,0
Pakistan,2026-02-10,PAK,EMRO,39,0,2,1,0,0
Japan,2026-02-13,JPN,WPRO,282,0,1,0,0,0
Pakistan,2026-02-13,PAK,EMRO,41,0,2,2,0,0
Singapore,2026-02-13,SGP,WPRO,96,0,0,1,0,0
Albania,2026-02-15,ALB,EURO,1,0,0,0,0,0
Andorra,2026-02-15,AND,EURO,4,0,0,0,0,0
Austria,2026-02-15,AUT,EURO,392,0,1,5,0,0
Azerbaijan,2026-02-15,AZE,EURO,1,0,0,0,0,0
Belgium,2026-02-15,BEL,EURO,930,0,2,11,0,0
Bosnia and Herzegovina,2026-02-15,BIH,EURO,9,0,0,0,0,0
Bulgaria,2026-02-15,BGR,EURO,11,0,0,0,0,0
Burundi,2026-02-15,BDI,AFRO,4645,0,1,5,0,0
Cameroon,2026-02-15,CMR,AFRO,82,0,5,1,0,0
Central African Republic,2026-02-15,CAF,AFRO,212,0,10,1,0,0
Comoros,2026-02-15,COM,AFRO,20,0,0,4,0,0
Congo,2026-02-15,COG,AFRO,174,0,3,1,0,0
Croatia,2026-02-15,HRV,EURO,39,0,0,0,0,0
Cyprus,2026-02-15,CYP,EURO,6,0,0,0,0,0
Czechia,2026-02-15,CZE,EURO,114,0,1,3,0,0
Democratic Republic of the Congo,2026-02-15,COD,AFRO,33565,0,80,52,0,0
Denmark,2026-02-15,DNK,EURO,247,0,0,0,0,0
Estonia,2026-02-15,EST,EURO,11,0,0,0,0,0
Finland,2026-02-15,FIN,EURO,43,0,0,0,0,0
France,2026-02-15,FRA,EURO,4613,0,0,24,0,0
Georgia,2026-02-15,GEO,EURO,2,0,0,0,0,0
Germany,2026-02-15,DEU,EURO,4671,0,0,35,0,0
Ghana,2026-02-15,GHA,AFRO,1132,0,11,0,0,0
Gibraltar,2026-02-15,GIB,EURO,6,0,0,0,0,0
Greece,2026-02-15,GRC,EURO,162,0,0,1,0,0
Greenland,2026-02-15,GRL,EURO,2,0,0,0,0,0
Guinea,2026-02-15,GIN,AFRO,2155,0,6,20,0,0
Hungary,2026-02-15,HUN,EURO,90,0,0,0,0,0
Iceland,2026-02-15,ISL,EURO,18,0,0,0,0,0
Ireland,2026-02-15,IRL,EURO,341,0,0,11,0,0
Israel,2026-02-15,ISR,EURO,386,0,0,0,0,0
Italy,2026-02-15,ITA,EURO,1354,0,0,20,0,0
Kenya,2026-02-15,KEN,AFRO,1034,0,15,27,0,0
Kosovo,2026-02-15,XKX,EURO,1,0,0,0,0,0
Latvia,2026-02-15,LVA,EURO,6,0,0,0,0,0
Liberia,2026-02-15,LBR,AFRO,1644,0,8,4,0,0
Lithuania,2026-02-15,LTU,EURO,6,0,0,0,0,0
Luxembourg,2026-02-15,LUX,EURO,66,0,0,0,0,0
Madagascar,2026-02-15,MDG,AFRO,332,0,0,63,0,0
Malawi,2026-02-15,MWI,AFRO,154,0,1,2,0,0
Mali,2026-02-15,MLI,AFRO,18,0,2,0,0,0
Malta,2026-02-15,MLT,EURO,49,0,0,0,0,0
Monaco,2026-02-15,MCO,EURO,3,0,0,0,0,0
Montenegro,2026-02-15,MNE,EURO,2,0,0,0,0,0
Mozambique,2026-02-15,MOZ,AFRO,94,0,1,0,0,0
Netherlands,2026-02-15,NLD,EURO,1612,0,0,8,0,0
Nigeria,2026-02-15,NGA,AFRO,1497,0,15,2,0,0
North Macedonia,2026-02-15,MKD,EURO,2,0,0,0,0,0
Norway,2026-02-15,NOR,EURO,137,0,0,1,0,0
Poland,2026-02-15,POL,EURO,258,0,0,1,0,0
Portugal,2026-02-15,PRT,EURO,1347,0,2,9,0,0
Republic of Moldova,2026-02-15,MDA,EURO,3,0,0,1,0,0
Romania,2026-02-15,ROU,EURO,51,0,0,0,0,0
Russian Federation,2026-02-15,RUS,EURO,4,0,0,0,0,0
Rwanda,2026-02-15,RWA,AFRO,131,0,0,0,0,0
San Marino,2026-02-15,SMR,EURO,1,0,0,0,0,0
Senegal,2026-02-15,SEN,AFRO,5,0,0,0,0,0
Serbia,2026-02-15,SRB,EURO,40,0,0,0,0,0
Slovakia,2026-02-15,SVK,EURO,19,0,0,0,0,0
Slovenia,2026-02-15,SVN,EURO,48,0,0,0,0,0
South Africa,2026-02-15,ZAF,AFRO,47,0,3,0,0,0
South Sudan,2026-02-15,SSD,AFRO,46,0,1,2,0,0
Spain,2026-02-15,ESP,EURO,9421,0,5,51,0,1
Sweden,2026-02-15,SWE,EURO,382,0,0,7,0,0
Switzerland,2026-02-15,CHE,EURO,670,0,0,4,0,0
The United Kingdom,2026-02-15,GBR,EURO,4616,0,0,107,0,0
Togo,2026-02-15,TGO,AFRO,91,0,0,1,0,0
Türkiye,2026-02-15,TUR,EURO,72,0,0,0,0,0
Uganda,2026-02-15,UGA,AFRO,8502,0,52,4,0,0
Ukraine,2026-02-15,UKR,EURO,5,0,0,0,0,0
Argentina,2026-02-16,ARG,AMRO,1417,0,2,1,0,0
Aruba,2026-02-16,ABW,AMRO,3,0,0,0,0,0
Bahamas,2026-02-16,BHS,AMRO,4,0,0,0,0,0
Barbados,2026-02-16,BRB,AMRO,1,0,0,0,0,0
Bermuda,2026-02-16,BMU,AMRO,1,0,0,0,0,0
Bolivia (Plurinational State of),2026-02-16,BOL,AMRO,291,0,0,0,0,0
Brazil,2026-02-16,BRA,AMRO,14924,0,19,15,0,0
Canada,2026-02-16,CAN,AMRO,2335,0,0,2,0,0
Chile,2026-02-16,CHL,AMRO,1940,0,4,5,0,0
Colombia,2026-02-16,COL,AMRO,4820,0,0,3,0,0
Costa Rica,2026-02-16,CRI,AMRO,232,0,1,0,0,0
Cuba,2026-02-16,CUB,AMRO,8,0,1,0,0,0
Curaçao,2026-02-16,CUW,AMRO,3,0,0,0,0,0
Dominican Republic,2026-02-16,DOM,AMRO,83,0,1,0,0,0
Ecuador,2026-02-16,ECU,AMRO,629,0,3,0,0,0
El Salvador,2026-02-16,SLV,AMRO,106,0,0,0,0,0
Guadeloupe,2026-02-16,GLP,AMRO,1,0,0,0,0,0
Guatemala,2026-02-16,GTM,AMRO,411,0,2,0,0,0
Guyana,2026-02-16,GUY,AMRO,2,0,0,0,0,0
Honduras,2026-02-16,HND,AMRO,53,0,0,0,0,0
Jamaica,2026-02-16,JAM,AMRO,22,0,0,0,0,0
Martinique,2026-02-16,MTQ,AMRO,7,0,0,0,0,0
Mexico,2026-02-16,MEX,AMRO,5016,0,41,3,0,0
Panama,2026-02-16,PAN,AMRO,258,0,1,0,0,0
Paraguay,2026-02-16,PRY,AMRO,131,0,0,0,0,0
Peru,2026-02-16,PER,AMRO,3965,0,26,1,0,0
Saint Martin,2026-02-16,MAF,AMRO,1,0,0,0,0,0
Trinidad and Tobago,2026-02-16,TTO,AMRO,4,0,0,0,0,0
United States of America,2026-02-16,USA,AMRO,37409,0,63,33,0,0
Uruguay,2026-02-16,URY,AMRO,20,0,0,0,0,0
Venezuela (Bolivarian Republic of),2026-02-16,VEN,AMRO,12,0,0,0,0,0
Burundi,2026-02-22,BDI,AFRO,4654,0,1,9,0,0
Cameroon,2026-02-22,CMR,AFRO,84,0,5,2,0,0
Central African Republic,2026-02-22,CAF,AFRO,213,0,10,1,0,0
Comoros,2026-02-22,COM,AFRO,26,0,0,6,0,0
Congo,2026-02-22,COG,AFRO,179,0,3,5,0,0
Democratic Republic of the Congo,2026-02-22,COD,AFRO,33657,0,80,92,0,0
Ghana,2026-02-22,GHA,AFRO,1132,0,11,0,0,0
Guinea,2026-02-22,GIN,AFRO,2188,0,6,33,0,0
Kenya,2026-02-22,KEN,AFRO,1045,0,16,11,0,1
Liberia,2026-02-22,LBR,AFRO,1647,0,8,3,0,0
Madagascar,2026-02-22,MDG,AFRO,387,0,0,55,0,0
Malawi,2026-02-22,MWI,AFRO,155,0,1,1,0,0
Mali,2026-02-22,MLI,AFRO,24,0,2,6,0,0
Mozambique,2026-02-22,MOZ,AFRO,94,0,1,0,0,0
Nigeria,2026-02-22,NGA,AFRO,1497,0,15,0,0,0
Rwanda,2026-02-22,RWA,AFRO,131,0,0,0,0,0
South Africa,2026-02-22,ZAF,AFRO,47,0,3,0,0,0
South Sudan,2026-02-22,SSD,AFRO,48,0,2,2,0,1
Togo,2026-02-22,TGO,AFRO,91,0,0,0,0,0
Uganda,2026-02-22,UGA,AFRO,8505,0,52,3,0,0
Argentina,2026-02-23,ARG,AMRO,1418,0,2,1,0,0
Aruba,2026-02-23,ABW,AMRO,3,0,0,0,0,0
Bahamas,2026-02-23,BHS,AMRO,4,0,0,0,0,0
Barbados,2026-02-23,BRB,AMRO,1,0,0,0,0,0
Bermuda,2026-02-23,BMU,AMRO,1,0,0,0,0,0
Bolivia (Plurinational State of),2026-02-23,BOL,AMRO,292,0,0,1,0,0
Brazil,2026-02-23,BRA,AMRO,14959,0,19,35,0,0
Canada,2026-02-23,CAN,AMRO,2338,0,0,3,0,0
Chile,2026-02-23,CHL,AMRO,1943,0,4,3,0,0
Colombia,2026-02-23,COL,AMRO,4820,0,0,0,0,0
Costa Rica,2026-02-23,CRI,AMRO,232,0,1,0,0,0
Cuba,2026-02-23,CUB,AMRO,8,0,1,0,0,0
Curaçao,2026-02-23,CUW,AMRO,3,0,0,0,0,0
Dominican Republic,2026-02-23,DOM,AMRO,83,0,1,0,0,0
Ecuador,2026-02-23,ECU,AMRO,629,0,3,0,0,0
El Salvador,2026-02-23,SLV,AMRO,106,0,0,0,0,0
Guadeloupe,2026-02-23,GLP,AMRO,1,0,0,0,0,0
Guatemala,2026-02-23,GTM,AMRO,411,0,2,0,0,0
Guyana,2026-02-23,GUY,AMRO,2,0,0,0,0,0
Honduras,2026-02-23,HND,AMRO,53,0,0,0,0,0
Jamaica,2026-02-23,JAM,AMRO,22,0,0,0,0,0
Martinique,2026-02-23,MTQ,AMRO,7,0,0,0,0,0
Mexico,2026-02-23,MEX,AMRO,5017,0,41,1,0,0
Panama,2026-02-23,PAN,AMRO,258,0,1,0,0,0
Paraguay,2026-02-23,PRY,AMRO,131,0,0,0,0,0
Peru,2026-02-23,PER,AMRO,3965,0,26,0,0,0
Saint Martin,2026-02-23,MAF,AMRO,1,0,0,0,0,0
Trinidad and Tobago,2026-02-23,TTO,AMRO,4,0,0,0,0,0
United States of America,2026-02-23,USA,AMRO,37443,0,63,34,0,0
Uruguay,2026-02-23,URY,AMRO,20,0,0,0,0,0
Venezuela (Bolivarian Republic of),2026-02-23,VEN,AMRO,12,0,0,0,0,0
China,2026-02-25,CHN,WPRO,3865,0,1,2,0,0
Australia,2026-02-28,AUS,WPRO,1826,0,0,7,0,0
China,2026-02-28,CHN,WPRO,3892,0,1,27,0,0
India,2026-02-28,IND,SEARO,69,0,1,2,0,0
Japan,2026-02-28,JPN,WPRO,292,0,1,10,0,0
Nepal,2026-02-28,NPL,SEARO,6,0,0,0,0,0
Sri Lanka,2026-02-28,LKA,SEARO,5,0,0,0,0,0
Thailand,2026-02-28,THA,SEARO,1044,0,14,10,0,1
Burundi,2026-03-01,BDI,AFRO,4664,0,1,10,0,0
Cameroon,2026-03-01,CMR,AFRO,85,0,5,1,0,0
Central African Republic,2026-03-01,CAF,AFRO,213,0,10,0,0,0
Comoros,2026-03-01,COM,AFRO,27,0,0,1,0,0
Congo,2026-03-01,COG,AFRO,189,0,3,10,0,0
Democratic Republic of the Congo,2026-03-01,COD,AFRO,33728,0,80,71,0,0
Guinea,2026-03-01,GIN,AFRO,2214,0,6,26,0,0
Kenya,2026-03-01,KEN,AFRO,1058,0,18,13,0,2
Liberia,2026-03-01,LBR,AFRO,1651,0,8,4,0,0
Madagascar,2026-03-01,MDG,AFRO,457,0,1,70,0,1
Malawi,2026-03-01,MWI,AFRO,156,0,1,1,0,0
Mali,2026-03-01,MLI,AFRO,26,0,2,2,0,0
Nigeria,2026-03-01,NGA,AFRO,1498,0,15,1,0,0
Rwanda,2026-03-01,RWA,AFRO,131,0,0,0,0,0
South Africa,2026-03-01,ZAF,AFRO,47,0,3,0,0,0
South Sudan,2026-03-01,SSD,AFRO,48,0,2,0,0,0
Togo,2026-03-01,TGO,AFRO,91,0,0,0,0,0
Uganda,2026-03-01,UGA,AFRO,8508,0,52,3,0,0
Argentina,2026-03-02,ARG,AMRO,1419,0,2,1,0,0
Aruba,2026-03-02,ABW,AMRO,3,0,0,0,0,0
Bahamas,2026-03-02,BHS,AMRO,4,0,0,0,0,0
Barbados,2026-03-02,BRB,AMRO,1,0,0,0,0,0
Bermuda,2026-03-02,BMU,AMRO,1,0,0,0,0,0
Bolivia (Plurinational State of),2026-03-02,BOL,AMRO,295,0,0,3,0,0
Brazil,2026-03-02,BRA,AMRO,14981,0,19,22,0,0
Canada,2026-03-02,CAN,AMRO,2341,0,0,3,0,0
Chile,2026-03-02,CHL,AMRO,1946,0,4,3,0,0
Colombia,2026-03-02,COL,AMRO,4821,0,0,1,0,0
Costa Rica,2026-03-02,CRI,AMRO,232,0,1,0,0,0
Cuba,2026-03-02,CUB,AMRO,8,0,1,0,0,0
Curaçao,2026-03-02,CUW,AMRO,3,0,0,0,0,0
Dominican Republic,2026-03-02,DOM,AMRO,83,0,1,0,0,0
Ecuador,2026-03-02,ECU,AMRO,629,0,3,0,0,0
El Salvador,2026-03-02,SLV,AMRO,106,0,0,0,0,0
Guadeloupe,2026-03-02,GLP,AMRO,1,0,0,0,0,0
Guatemala,2026-03-02,GTM,AMRO,411,0,2,0,0,0
Guyana,2026-03-02,GUY,AMRO,2,0,0,0,0,0
Honduras,2026-03-02,HND,AMRO,53,0,0,0,0,0
Jamaica,2026-03-02,JAM,AMRO,22,0,0,0,0,0
Martinique,2026-03-02,MTQ,AMRO,7,0,0,0,0,0
Mexico,2026-03-02,MEX,AMRO,5021,0,41,4,0,0
Panama,2026-03-02,PAN,AMRO,258,0,1,0,0,0
Paraguay,2026-03-02,PRY,AMRO,131,0,0,0,0,0
Peru,2026-03-02,PER,AMRO,3965,0,26,0,0,0
Saint Martin,2026-03-02,MAF,AMRO,1,0,0,0,0,0
Trinidad and Tobago,2026-03-02,TTO,AMRO,4,0,0,0,0,0
United States of America,2026-03-02,USA,AMRO,37477,0,63,34,0,0
Uruguay,2026-03-02,URY,AMRO,20,0,0,0,0,0
Venezuela (Bolivarian Republic of),2026-03-02,VEN,AMRO,12,0,0,0,0,0
China,2026-03-04,CHN,WPRO,3893,0,1,1,0,0
Liberia,2026-03-05,LBR,AFRO,1654,0,8,3,0,0
Burundi,2026-03-08,BDI,AFRO,4665,0,1,1,0,0
Cameroon,2026-03-08,CMR,AFRO,87,0,5,2,0,0
Central African Republic,2026-03-08,CAF,AFRO,214,0,10,1,0,0
Comoros,2026-03-08,COM,AFRO,27,0,0,0,0,0
Congo,2026-03-08,COG,AFRO,189,0,3,0,0,0
Democratic Republic of the Congo,2026-03-08,COD,AFRO,33787,0,80,59,0,0
Guinea,2026-03-08,GIN,AFRO,2242,0,6,28,0,0
Kenya,2026-03-08,KEN,AFRO,1074,0,19,16,0,1
Madagascar,2026-03-08,MDG,AFRO,538,0,1,81,0,0
Malawi,2026-03-08,MWI,AFRO,157,0,1,1,0,0
Mali,2026-03-08,MLI,AFRO,29,0,2,3,0,0
Nigeria,2026-03-08,NGA,AFRO,1498,0,15,0,0,0
Rwanda,2026-03-08,RWA,AFRO,131,0,0,0,0,0
South Africa,2026-03-08,ZAF,AFRO,47,0,3,0,0,0
South Sudan,2026-03-08,SSD,AFRO,50,0,2,2,0,0
Togo,2026-03-08,TGO,AFRO,91,0,0,0,0,0
Uganda,2026-03-08,UGA,AFRO,8510,0,52,2,0,0
Argentina,2026-03-09,ARG,AMRO,1419,0,2,0,0,0
Aruba,2026-03-09,ABW,AMRO,3,0,0,0,0,0
Bahamas,2026-03-09,BHS,AMRO,4,0,0,0,0,0
Barbados,2026-03-09,BRB,AMRO,1,0,0,0,0,0
Bermuda,2026-03-09,BMU,AMRO,1,0,0,0,0,0
Bolivia (Plurinational State of),2026-03-09,BOL,AMRO,297,0,0,2,0,0
Brazil,2026-03-09,BRA,AMRO,14998,0,19,17,0,0
Canada,2026-03-09,CAN,AMRO,2341,0,0,0,0,0
Chile,2026-03-09,CHL,AMRO,1947,0,4,1,0,0
Colombia,2026-03-09,COL,AMRO,4823,0,0,2,0,0
Costa Rica,2026-03-09,CRI,AMRO,232,0,1,0,0,0
Cuba,2026-03-09,CUB,AMRO,8,0,1,0,0,0
Curaçao,2026-03-09,CUW,AMRO,3,0,0,0,0,0
Dominican Republic,2026-03-09,DOM,AMRO,83,0,1,0,0,0
Ecuador,2026-03-09,ECU,AMRO,629,0,3,0,0,0
El Salvador,2026-03-09,SLV,AMRO,106,0,0,0,0,0
Guadeloupe,2026-03-09,GLP,AMRO,1,0,0,0,0,0
Guatemala,2026-03-09,GTM,AMRO,411,0,2,0,0,0
Guyana,2026-03-09,GUY,AMRO,2,0,0,0,0,0
Honduras,2026-03-09,HND,AMRO,53,0,0,0,0,0
Jamaica,2026-03-09,JAM,AMRO,22,0,0,0,0,0
Martinique,2026-03-09,MTQ,AMRO,7,0,0,0,0,0
Mexico,2026-03-09,MEX,AMRO,5022,0,41,1,0,0
Panama,2026-03-09,PAN,AMRO,258,0,1,0,0,0
Paraguay,2026-03-09,PRY,AMRO,131,0,0,0,0,0
Peru,2026-03-09,PER,AMRO,3965,0,26,0,0,0
Saint Martin,2026-03-09,MAF,AMRO,1,0,0,0,0,0
Trinidad and Tobago,2026-03-09,TTO,AMRO,4,0,0,0,0,0
United States of America,2026-03-09,USA,AMRO,37493,0,63,16,0,0
Uruguay,2026-03-09,URY,AMRO,20,0,0,0,0,0
Venezuela (Bolivarian Republic of),2026-03-09,VEN,AMRO,12,0,0,0,0,0
Albania,2026-03-15,ALB,EURO,1,0,0,0,0,0
Andorra,2026-03-15,AND,EURO,4,0,0,0,0,0
Austria,2026-03-15,AUT,EURO,395,0,1,3,0,0
Azerbaijan,2026-03-15,AZE,EURO,1,0,0,0,0,0
Belgium,2026-03-15,BEL,EURO,948,0,2,18,0,0
Bosnia and Herzegovina,2026-03-15,BIH,EURO,9,0,0,0,0,0
Bulgaria,2026-03-15,BGR,EURO,11,0,0,0,0,0
Burundi,2026-03-15,BDI,AFRO,4672,0,1,7,0,0
Cameroon,2026-03-15,CMR,AFRO,87,0,5,0,0,0
Central African Republic,2026-03-15,CAF,AFRO,215,0,10,1,0,0
Comoros,2026-03-15,COM,AFRO,29,0,0,2,0,0
Congo,2026-03-15,COG,AFRO,190,0,3,1,0,0
Croatia,2026-03-15,HRV,EURO,39,0,0,0,0,0
Cyprus,2026-03-15,CYP,EURO,6,0,0,0,0,0
Czechia,2026-03-15,CZE,EURO,114,0,1,0,0,0
Democratic Republic of the Congo,2026-03-15,COD,AFRO,33838,0,80,51,0,0
Denmark,2026-03-15,DNK,EURO,247,0,0,0,0,0
Estonia,2026-03-15,EST,EURO,11,0,0,0,0,0
Finland,2026-03-15,FIN,EURO,43,0,0,0,0,0
France,2026-03-15,FRA,EURO,4626,0,0,13,0,0
Georgia,2026-03-15,GEO,EURO,2,0,0,0,0,0
Germany,2026-03-15,DEU,EURO,4679,0,0,8,0,0
Gibraltar,2026-03-15,GIB,EURO,6,0,0,0,0,0
Greece,2026-03-15,GRC,EURO,162,0,0,0,0,0
Greenland,2026-03-15,GRL,EURO,2,0,0,0,0,0
Guinea,2026-03-15,GIN,AFRO,2248,0,6,6,0,0
Hungary,2026-03-15,HUN,EURO,90,0,0,0,0,0
Iceland,2026-03-15,ISL,EURO,18,0,0,0,0,0
Ireland,2026-03-15,IRL,EURO,343,0,0,2,0,0
Israel,2026-03-15,ISR,EURO,386,0,0,0,0,0
Italy,2026-03-15,ITA,EURO,1360,0,0,6,0,0
Kenya,2026-03-15,KEN,AFRO,1087,0,19,13,0,0
Kosovo,2026-03-15,XKX,EURO,1,0,0,0,0,0
Latvia,2026-03-15,LVA,EURO,6,0,0,0,0,0
Lithuania,2026-03-15,LTU,EURO,6,0,0,0,0,0
Luxembourg,2026-03-15,LUX,EURO,68,0,0,2,0,0
Madagascar,2026-03-15,MDG,AFRO,595,0,1,57,0,0
Malawi,2026-03-15,MWI,AFRO,159,0,1,2,0,0
Mali,2026-03-15,MLI,AFRO,29,0,2,0,0,0
Malta,2026-03-15,MLT,EURO,50,0,0,1,0,0
Monaco,2026-03-15,MCO,EURO,3,0,0,0,0,0
Montenegro,2026-03-15,MNE,EURO,2,0,0,0,0,0
Netherlands,2026-03-15,NLD,EURO,1621,0,0,9,0,0
Nigeria,2026-03-15,NGA,AFRO,1499,0,15,1,0,0
North Macedonia,2026-03-15,MKD,EURO,2,0,0,0,0,0
Norway,2026-03-15,NOR,EURO,137,0,0,0,0,0
Poland,2026-03-15,POL,EURO,260,0,0,2,0,0
Portugal,2026-03-15,PRT,EURO,1350,0,2,3,0,0
Republic of Moldova,2026-03-15,MDA,EURO,3,0,0,0,0,0
Romania,2026-03-15,ROU,EURO,51,0,0,0,0,0
Russian Federation,2026-03-15,RUS,EURO,4,0,0,0,0,0
Rwanda,2026-03-15,RWA,AFRO,131,0,0,0,0,0
San Marino,2026-03-15,SMR,EURO,1,0,0,0,0,0
Serbia,2026-03-15,SRB,EURO,40,0,0,0,0,0
Slovakia,2026-03-15,SVK,EURO,19,0,0,0,0,0
Slovenia,2026-03-15,SVN,EURO,49,0,0,1,0,0
South Africa,2026-03-15,ZAF,AFRO,48,0,3,1,0,0
Spain,2026-03-15,ESP,EURO,9454,0,5,33,0,0
Sweden,2026-03-15,SWE,EURO,383,0,0,1,0,0
Switzerland,2026-03-15,CHE,EURO,670,0,0,0,0,0
The United Kingdom,2026-03-15,GBR,EURO,4617,0,0,1,0,0
Türkiye,2026-03-15,TUR,EURO,72,0,0,0,0,0
Uganda,2026-03-15,UGA,AFRO,8512,0,52,2,0,0
Ukraine,2026-03-15,UKR,EURO,5,0,0,0,0,0
Argentina,2026-03-16,ARG,AMRO,1420,0,2,1,0,0
Aruba,2026-03-16,ABW,AMRO,3,0,0,0,0,0
Bahamas,2026-03-16,BHS,AMRO,4,0,0,0,0,0
Barbados,2026-03-16,BRB,AMRO,1,0,0,0,0,0
Bermuda,2026-03-16,BMU,AMRO,1,0,0,0,0,0
Bolivia (Plurinational State of),2026-03-16,BOL,AMRO,298,0,0,1,0,0
Brazil,2026-03-16,BRA,AMRO,15011,0,19,13,0,0
Canada,2026-03-16,CAN,AMRO,2341,0,0,0,0,0
Chile,2026-03-16,CHL,AMRO,1947,0,4,0,0,0
Colombia,2026-03-16,COL,AMRO,4823,0,0,0,0,0
Costa Rica,2026-03-16,CRI,AMRO,232,0,1,0,0,0
Cuba,2026-03-16,CUB,AMRO,8,0,1,0,0,0
Curaçao,2026-03-16,CUW,AMRO,3,0,0,0,0,0
Dominican Republic,2026-03-16,DOM,AMRO,83,0,1,0,0,0
Ecuador,2026-03-16,ECU,AMRO,630,0,3,1,0,0
El Salvador,2026-03-16,SLV,AMRO,106,0,0,0,0,0
Guadeloupe,2026-03-16,GLP,AMRO,1,0,0,0,0,0
Guatemala,2026-03-16,GTM,AMRO,411,0,2,0,0,0
Guyana,2026-03-16,GUY,AMRO,2,0,0,0,0,0
Honduras,2026-03-16,HND,AMRO,53,0,0,0,0,0
Jamaica,2026-03-16,JAM,AMRO,22,0,0,0,0,0
Martinique,2026-03-16,MTQ,AMRO,7,0,0,0,0,0
Mexico,2026-03-16,MEX,AMRO,5023,0,41,1,0,0
Panama,2026-03-16,PAN,AMRO,258,0,1,0,0,0
Paraguay,2026-03-16,PRY,AMRO,131,0,0,0,0,0
Peru,2026-03-16,PER,AMRO,3966,0,26,1,0,0
Saint Martin,2026-03-16,MAF,AMRO,1,0,0,0,0,0
Trinidad and Tobago,2026-03-16,TTO,AMRO,4,0,0,0,0,0
United States of America,2026-03-16,USA,AMRO,37506,0,63,13,0,0
Uruguay,2026-03-16,URY,AMRO,20,0,0,0,0,0
Venezuela (Bolivarian Republic of),2026-03-16,VEN,AMRO,12,0,0,0,0,0
China,2026-03-18,CHN,WPRO,3895,0,1,2,0,0
Singapore,2026-03-20,SGP,WPRO,97,0,0,1,0,0
Qatar,2026-03-21,QAT,EMRO,20,0,0,1,0,0
Burundi,2026-03-22,BDI,AFRO,4682,0,1,10,0,0
Cameroon,2026-03-22,CMR,AFRO,95,0,5,8,0,0
Central African Republic,2026-03-22,CAF,AFRO,217,0,10,2,0,0
Comoros,2026-03-22,COM,AFRO,34,0,0,5,0,0
Congo,2026-03-22,COG,AFRO,190,0,3,0,0,0
Democratic Republic of the Congo,2026-03-22,COD,AFRO,33887,0,80,49,0,0
Guinea,2026-03-22,GIN,AFRO,2257,0,6,9,0,0
Madagascar,2026-03-22,MDG,AFRO,679,0,1,84,0,0
Malawi,2026-03-22,MWI,AFRO,159,0,1,0,0,0
Mali,2026-03-22,MLI,AFRO,31,0,2,2,0,0
Rwanda,2026-03-22,RWA,AFRO,131,0,0,0,0,0
South Africa,2026-03-22,ZAF,AFRO,48,0,3,0,0,0
Uganda,2026-03-22,UGA,AFRO,8512,0,52,0,0,0
Argentina,2026-03-23,ARG,AMRO,1420,0,2,0,0,0
Aruba,2026-03-23,ABW,AMRO,3,0,0,0,0,0
Bahamas,2026-03-23,BHS,AMRO,4,0,0,0,0,0
Barbados,2026-03-23,BRB,AMRO,1,0,0,0,0,0
Bermuda,2026-03-23,BMU,AMRO,1,0,0,0,0,0
Bolivia (Plurinational State of),2026-03-23,BOL,AMRO,301,0,0,3,0,0
Brazil,2026-03-23,BRA,AMRO,15026,0,19,15,0,0
Canada,2026-03-23,CAN,AMRO,2341,0,0,0,0,0
Chile,2026-03-23,CHL,AMRO,1947,0,4,0,0,0
China,2026-03-23,CHN,WPRO,3896,0,1,1,0,0
Colombia,2026-03-23,COL,AMRO,4823,0,0,0,0,0
Costa Rica,2026-03-23,CRI,AMRO,232,0,1,0,0,0
Cuba,2026-03-23,CUB,AMRO,8,0,1,0,0,0
Curaçao,2026-03-23,CUW,AMRO,3,0,0,0,0,0
Dominican Republic,2026-03-23,DOM,AMRO,83,0,1,0,0,0
Ecuador,2026-03-23,ECU,AMRO,636,0,3,6,0,0
El Salvador,2026-03-23,SLV,AMRO,106,0,0,0,0,0
Guadeloupe,2026-03-23,GLP,AMRO,1,0,0,0,0,0
Guatemala,2026-03-23,GTM,AMRO,411,0,2,0,0,0
Guyana,2026-03-23,GUY,AMRO,2,0,0,0,0,0
Honduras,2026-03-23,HND,AMRO,53,0,0,0,0,0
Jamaica,2026-03-23,JAM,AMRO,22,0,0,0,0,0
Martinique,2026-03-23,MTQ,AMRO,7,0,0,0,0,0
Mexico,2026-03-23,MEX,AMRO,5023,0,41,0,0,0
Panama,2026-03-23,PAN,AMRO,258,0,1,0,0,0
Paraguay,2026-03-23,PRY,AMRO,131,0,0,0,0,0
Peru,2026-03-23,PER,AMRO,3966,0,26,0,0,0
Saint Martin,2026-03-23,MAF,AMRO,1,0,0,0,0,0
Trinidad and Tobago,2026-03-23,TTO,AMRO,4,0,0,0,0,0
United States of America,2026-03-23,USA,AMRO,37528,0,63,22,0,0
Uruguay,2026-03-23,URY,AMRO,20,0,0,0,0,0
Venezuela (Bolivarian Republic of),2026-03-23,VEN,AMRO,12,0,0,0,0,0
Singapore,2026-03-27,SGP,WPRO,98,0,0,1,0,0
Cameroon,2026-03-29,CMR,AFRO,100,0,5,5,0,0
Central African Republic,2026-03-29,CAF,AFRO,222,0,10,5,0,0
Congo,2026-03-29,COG,AFRO,190,0,3,0,0,0
Democratic Republic of the Congo,2026-03-29,COD,AFRO,33960,0,80,73,0,0
Madagascar,2026-03-29,MDG,AFRO,741,0,2,62,0,1
Mali,2026-03-29,MLI,AFRO,31,0,2,0,0,0
South Africa,2026-03-29,ZAF,AFRO,48,0,3,0,0,0
Uganda,2026-03-29,UGA,AFRO,8512,0,52,0,0,0
Argentina,2026-03-30,ARG,AMRO,1420,0,2,0,0,0
Aruba,2026-03-30,ABW,AMRO,3,0,0,0,0,0
Bahamas,2026-03-30,BHS,AMRO,4,0,0,0,0,0
Barbados,2026-03-30,BRB,AMRO,1,0,0,0,0,0
Bermuda,2026-03-30,BMU,AMRO,1,0,0,0,0,0
Bolivia (Plurinational State of),2026-03-30,BOL,AMRO,301,0,0,0,0,0
Brazil,2026-03-30,BRA,AMRO,15027,0,19,1,0,0
Canada,2026-03-30,CAN,AMRO,2341,0,0,0,0,0
Chile,2026-03-30,CHL,AMRO,1947,0,4,0,0,0
Colombia,2026-03-30,COL,AMRO,4823,0,0,0,0,0
Costa Rica,2026-03-30,CRI,AMRO,232,0,1,0,0,0
Cuba,2026-03-30,CUB,AMRO,8,0,1,0,0,0
Curaçao,2026-03-30,CUW,AMRO,3,0,0,0,0,0
Dominican Republic,2026-03-30,DOM,AMRO,83,0,1,0,0,0
Ecuador,2026-03-30,ECU,AMRO,636,0,3,0,0,0
El Salvador,2026-03-30,SLV,AMRO,106,0,0,0,0,0
Guadeloupe,2026-03-30,GLP,AMRO,1,0,0,0,0,0
Guatemala,2026-03-30,GTM,AMRO,411,0,2,0,0,0
Guyana,2026-03-30,GUY,AMRO,2,0,0,0,0,0
Honduras,2026-03-30,HND,AMRO,53,0,0,0,0,0
Jamaica,2026-03-30,JAM,AMRO,22,0,0,0,0,0
Martinique,2026-03-30,MTQ,AMRO,7,0,0,0,0,0
Mexico,2026-03-30,MEX,AMRO,5023,0,41,0,0,0
Panama,2026-03-30,PAN,AMRO,258,0,1,0,0,0
Paraguay,2026-03-30,PRY,AMRO,131,0,0,0,0,0
Peru,2026-03-30,PER,AMRO,3966,0,26,0,0,0
Saint Martin,2026-03-30,MAF,AMRO,1,0,0,0,0,0
Trinidad and Tobago,2026-03-30,TTO,AMRO,4,0,0,0,0,0
United States of America,2026-03-30,USA,AMRO,37530,0,63,2,0,0
Uruguay,2026-03-30,URY,AMRO,20,0,0,0,0,0
Venezuela (Bolivarian Republic of),2026-03-30,VEN,AMRO,12,0,0,0,0,0
Australia,2026-03-31,AUS,WPRO,1848,0,0,22,0,0
China,2026-03-31,CHN,WPRO,3924,0,1,28,0,0
India,2026-03-31,IND,SEARO,71,0,1,2,0,0
Japan,2026-03-31,JPN,WPRO,302,0,1,10,0,0
Republic of Korea,2026-03-31,KOR,WPRO,203,0,0,3,0,0
Thailand,2026-04-01,THA,SEARO,1056,0,15,12,0,1
Qatar,2026-04-02,QAT,EMRO,22,0,0,2,0,0
Singapore,2026-04-02,SGP,WPRO,101,0,0,3,0,0
South Africa,2026-04-02,ZAF,AFRO,49,0,3,1,0,0
Sri Lanka,2026-04-03,LKA,SEARO,5,0,0,0,0,0
Cameroon,2026-04-04,CMR,AFRO,101,0,5,1,0,0
Nepal,2026-04-04,NPL,SEARO,6,0,0,0,0,0
Central African Republic,2026-04-05,CAF,AFRO,223,0,10,1,0,0
Democratic Republic of the Congo,2026-04-05,COD,AFRO,34000,0,80,40,0,0
Mali,2026-04-05,MLI,AFRO,31,0,2,0,0,0
Jordan,2026-04-08,JOR,EMRO,3,0,0,1,0,0
China,2026-04-09,CHN,WPRO,3926,0,1,2,0,0
Democratic Republic of the Congo,2026-04-12,COD,AFRO,34011,0,80,11,0,0
Jordan,2026-04-13,JOR,EMRO,5,0,0,2,0,0
China,2026-04-17,CHN,WPRO,3928,0,1,2,0,0
Democratic Republic of the Congo,NA,COD,AFRO,37862,0,80,3851,0,0
